_nt,Title,期刊,Item Type,Key,PDF,判定,判定理由,软件,专科,应用场景,研究设计,原始返回
automated assessment of mandibular shape asymmetry in 3 dimensions,Automated assessment of mandibular shape asymmetry in 3-dimensions.,"American journal of orthodontics and dentofacial orthopedics : official publication of the American Association of Orthodontists, its constituent  societies, and the American Board of Orthodontics",journalArticle,AES2CIZM,Fan 等 - 2022 - Automated assessment of mandibular shape asymmetry in 3-dimensions..pdf,INCLUDE,"证据片段明确显示该研究自己使用了具名第三方非牙科3D软件：""segmentation was performed with ITK-SNAP open-source software case by case""。",ITK-SNAP,Orthodontics,Image segmentation and 3D reconstruction,computational,"【判定】: INCLUDE
【判定理由】: 证据片段明确显示该研究自己使用了具名第三方非牙科3D软件：""segmentation was performed with ITK-SNAP open-source software case by case""。
【软件】: ITK-SNAP
【专科】: Orthodontics
【应用场景】: Image segmentation and 3D reconstruction
【研究设计】: computational"
evaluation of the use of peek material in post core and crown restorations using finite element analysis,Evaluation of the use of PEEK material in post-core and crown restorations using finite element analysis,AMERICAN JOURNAL OF DENTISTRY,journalArticle,88HUKGCR,Tekin 等 - Evaluation of the use of PEEK material in post-core and crown restorations using finite element anal.pdf,EXCLUDE,"证据片段仅提到""uploaded to a computer program""和""Modeling was made of all the materials in the computer environment""，未出现任何具名的第三方非牙科3D软件（如Mimics、ANSYS等）。",-,-,-,-,"【判定】: EXCLUDE
【判定理由】: 证据片段仅提到""uploaded to a computer program""和""Modeling was made of all the materials in the computer environment""，未出现任何具名的第三方非牙科3D软件（如Mimics、ANSYS等）。
【软件】: -
【专科】: -
【应用场景】: -
【研究设计】: -"
accuracy of 3 dimensional stereophotogrammetry comparison of the 3dmd and bellus3d facial scanning systems with one another and with direct anthropometry,Accuracy of 3-dimensional stereophotogrammetry: Comparison of the 3dMD and Bellus3D facial scanning systems with one another and with direct anthropometry.,"American journal of orthodontics and dentofacial orthopedics : official publication of the American Association of Orthodontists, its constituent  societies, and the American Board of Orthodontics",journalArticle,I5RLGRTP,Liu 等 - 2021 - Accuracy of 3-dimensional stereophotogrammetry Comparison of the 3dMD and Bellus3D facial scanning.pdf,INCLUDE,"该研究自身在方法中使用""open-source MeshLab software (ISTI [Italian National Research Council], Rome, Italy)""对3D面部照片进行线距和角度测量，MeshLab 为非牙科第三方3D软件。",MeshLab,Orthodontics,3D data analysis and accuracy assessment,in_vitro,"【判定】: INCLUDE
【判定理由】: 该研究自身在方法中使用""open-source MeshLab software (ISTI [Italian National Research Council], Rome, Italy)""对3D面部照片进行线距和角度测量，MeshLab 为非牙科第三方3D软件。
【软件】: MeshLab
【专科】: Orthodontics
【应用场景】: 3D data analysis and accuracy assessment
【研究设计】: in_vitro"
three dimensional zone of centers of resistance in maxillary central incisors and first molars couple based finite element determination,Three-dimensional zone of centers of resistance in maxillary central incisors and first molars: Couple-based finite element determination,AMERICAN JOURNAL OF ORTHODONTICS AND DENTOFACIAL ORTHOPEDICS,journalArticle,378PQPRK,Li 等 - 2026 - Three-dimensional zone of centers of resistance in maxillary central incisors and first molars Coup.pdf,INCLUDE,"该研究自身在方法中使用 Mimics 软件重建三维模型（""reconstructed using Mimics software""），并导入 ANSYS Workbench 进行有限元计算（""imported into ANSYS Workbench""）。",Mimics; ANSYS Workbench,Orthodontics,Biomechanical analysis and simulation,computational,"【判定】: INCLUDE
【判定理由】: 该研究自身在方法中使用 Mimics 软件重建三维模型（""reconstructed using Mimics software""），并导入 ANSYS Workbench 进行有限元计算（""imported into ANSYS Workbench""）。
【软件】: Mimics; ANSYS Workbench
【专科】: Orthodontics
【应用场景】: Biomechanical analysis and simulation
【研究设计】: computational"
tooth shape and sex estimation a 3d geometric morphometric landmark based comparative analysis of artificial neural networks support vector machines and random forest models,"Tooth shape and sex estimation: a 3D geometric morphometric landmark-based comparative analysis of artificial neural networks, support vector machines, and Random Forest models",3 BIOTECH,journalArticle,49BSQFC2,Natarajan 等 - 2025 - Tooth shape and sex estimation a 3D geometric morphometric landmark-based comparative analysis of a.pdf,INCLUDE,"该研究自身在方法中使用""3D landmarks were marked using 3D Slicer software (version 4.10.2...)""，3D Slicer 为具名的第三方非牙科3D软件，用于3D地标标记与数据处理。",3D Slicer,Forensic Odontology,Morphological and phenotypic analysis,computational,"【判定】: INCLUDE
【判定理由】: 该研究自身在方法中使用""3D landmarks were marked using 3D Slicer software (version 4.10.2...)""，3D Slicer 为具名的第三方非牙科3D软件，用于3D地标标记与数据处理。
【软件】: 3D Slicer
【专科】: Forensic Odontology
【应用场景】: Morphological and phenotypic analysis
【研究设计】: computational"
estimation of centers of rotation of the maxillary incisors during nonextraction space closure using the invisalign appliance,Estimation of centers of rotation of the maxillary incisors during nonextraction space closure using the Invisalign appliance,AMERICAN JOURNAL OF ORTHODONTICS AND DENTOFACIAL ORTHOPEDICS,journalArticle,4ZGWKF9Y,Desai 等 - 2025 - Estimation of centers of rotation of the maxillary incisors during nonextraction space closure using.pdf,INCLUDE,"该研究自身在方法中使用 ""Geomagic Control X (version 2022.0; 3D Systems, Rock Hill, NC) software platform"" 对数字模型进行叠加与分析，Geomagic 系列属于非牙科三维软件。",Geomagic Control X,Orthodontics,3D data analysis and accuracy assessment,clinical,"【判定】: INCLUDE
【判定理由】: 该研究自身在方法中使用 ""Geomagic Control X (version 2022.0; 3D Systems, Rock Hill, NC) software platform"" 对数字模型进行叠加与分析，Geomagic 系列属于非牙科三维软件。
【软件】: Geomagic Control X
【专科】: Orthodontics
【应用场景】: 3D data analysis and accuracy assessment
【研究设计】: clinical"
effect of build angle and layer height on the accuracy of 3 dimensional printed dental models,Effect of build angle and layer height on the accuracy of 3-dimensional printed dental models,AMERICAN JOURNAL OF ORTHODONTICS AND DENTOFACIAL ORTHOPEDICS,journalArticle,P23TVHFB,Ko 等 - 2021 - Effect of build angle and layer height on the accuracy of 3-dimensional printed dental models..pdf,INCLUDE,"该研究自身在材料与方法中使用 Netfabb software (Autodesk) 建立参考平面并切割数字模型（""Using Netfabb software (Autodesk, San Rafael, Calif), a reference plane was set up for the digital model""），Netfabb 为非牙科第三方3D软件。",Netfabb,Orthodontics,Digital design and manufacturing,in_vitro,"【判定】: INCLUDE
【判定理由】: 该研究自身在材料与方法中使用 Netfabb software (Autodesk) 建立参考平面并切割数字模型（""Using Netfabb software (Autodesk, San Rafael, Calif), a reference plane was set up for the digital model""），Netfabb 为非牙科第三方3D软件。
【软件】: Netfabb
【专科】: Orthodontics
【应用场景】: Digital design and manufacturing
【研究设计】: in_vitro"
comparison of digital study model superimposition methods using implant supported crowns and best fit algorithms,Comparison of digital study model superimposition methods using implant-supported crowns and best-fit algorithms,AMERICAN JOURNAL OF ORTHODONTICS AND DENTOFACIAL ORTHOPEDICS,journalArticle,HIB4B72X,Meade 等 - 2024 - Comparison of digital study model superimposition methods using implant-supported crowns and best-fi.pdf,INCLUDE,"该研究自身在方法中使用 Geomagic Control X 软件进行数字模型叠加分析，证据片段明确记载 ""Differences in Cartesian coordinates for each tooth point for each arch superimposition method, used by the Geomagic Control X (3D systems, Rock Hill, NC) software system, were recorded.""",Geomagic Control X,Orthodontics,3D data analysis and accuracy assessment,computational,"【判定】: INCLUDE
【判定理由】: 该研究自身在方法中使用 Geomagic Control X 软件进行数字模型叠加分析，证据片段明确记载 ""Differences in Cartesian coordinates for each tooth point for each arch superimposition method, used by the Geomagic Control X (3D systems, Rock Hill, NC) software system, were recorded.""
【软件】: Geomagic Control X
【专科】: Orthodontics
【应用场景】: 3D data analysis and accuracy assessment
【研究设计】: computational"
accuracy of a new slim and rigid cad cam transfer tray an in vivo study,"Accuracy of a new, slim, and rigid CAD-CAM transfer tray: An in vivo study",AMERICAN JOURNAL OF ORTHODONTICS AND DENTOFACIAL ORTHOPEDICS,journalArticle,JHGMXHR6,"Palone 等 - 2026 - Accuracy of a new, slim, and rigid CAD-CAM transfer tray An in vivo study.pdf",INCLUDE,"该研究自身在方法中使用""the analysis software Geomagic Control (3D System Inc, Rock Hill, NC)""进行叠加与偏差测量，Geomagic 为非牙科第三方3D软件。",Geomagic Control,Orthodontics,3D data analysis and accuracy assessment,clinical,"【判定】: INCLUDE
【判定理由】: 该研究自身在方法中使用""the analysis software Geomagic Control (3D System Inc, Rock Hill, NC)""进行叠加与偏差测量，Geomagic 为非牙科第三方3D软件。
【软件】: Geomagic Control
【专科】: Orthodontics
【应用场景】: 3D data analysis and accuracy assessment
【研究设计】: clinical"
comparison of 1 and 3 piece directly 3 dimensional printed indirect bonding trays an in vitro study,Comparison of 1-and 3-piece directly 3-dimensional printed indirect bonding trays: An in vitro study,AMERICAN JOURNAL OF ORTHODONTICS AND DENTOFACIAL ORTHOPEDICS,journalArticle,SE6G5JDN,Eglenen和Karabiber - 2024 - Comparison of 1- and 3-piece directly 3-dimensional printed indirect bonding trays An in vitro stud.pdf,INCLUDE,"该研究自身在方法中使用 ""open-source GOM Inspect software (GOM GmbH, Braunschweig, Germany)"" 来比较角度和线性差异，GOM Inspect 是具名的第三方非牙科3D软件。",GOM Inspect,Orthodontics,3D data analysis and accuracy assessment,in_vitro,"【判定】: INCLUDE
【判定理由】: 该研究自身在方法中使用 ""open-source GOM Inspect software (GOM GmbH, Braunschweig, Germany)"" 来比较角度和线性差异，GOM Inspect 是具名的第三方非牙科3D软件。
【软件】: GOM Inspect
【专科】: Orthodontics
【应用场景】: 3D data analysis and accuracy assessment
【研究设计】: in_vitro"
where is the center of resistance of a maxillary first molar a 3 dimensional finite element analysis,Where is the center of resistance of a maxillary first molar? A 3-dimensional finite element analysis,AMERICAN JOURNAL OF ORTHODONTICS AND DENTOFACIAL ORTHOPEDICS,journalArticle,GHP84UX8,Gandhi 等 - 2021 - Where is the center of resistance of a maxillary first molar A 3-dimensional finite element analysi.pdf,EXCLUDE,"证据片段仅泛泛提及""Specialized software was used to preprocess the models""和""custom-designed algorithms were used""，未给出任何具名的第三方非牙科3D软件名称。",-,-,-,-,"【判定】: EXCLUDE
【判定理由】: 证据片段仅泛泛提及""Specialized software was used to preprocess the models""和""custom-designed algorithms were used""，未给出任何具名的第三方非牙科3D软件名称。
【软件】: -
【专科】: -
【应用场景】: -
【研究设计】: -"
different biomechanical effects of clear aligners in closing maxillary and mandibular extraction spaces finite element analysis,Different biomechanical effects of clear aligners in closing maxillary and mandibular extraction spaces: Finite element analysis,AMERICAN JOURNAL OF ORTHODONTICS AND DENTOFACIAL ORTHOPEDICS,journalArticle,C5PL839F,Liu 等 - 2023 - Different biomechanical effects of clear aligners in closing maxillary and mandibular extraction spa.pdf,INCLUDE,"该研究自身在方法中使用具名第三方非牙科3D软件，原文明确写道""imported into Mimics Research software (version 19.0; Materialise, Leuven, Belgium) to isolate the bimaxillary bone and dentition""以及""refined and smoothed using Geomagic wrap 2017""。",Mimics Research; Geomagic Wrap,Orthodontics,Biomechanical analysis and simulation,computational,"【判定】: INCLUDE
【判定理由】: 该研究自身在方法中使用具名第三方非牙科3D软件，原文明确写道""imported into Mimics Research software (version 19.0; Materialise, Leuven, Belgium) to isolate the bimaxillary bone and dentition""以及""refined and smoothed using Geomagic wrap 2017""。
【软件】: Mimics Research; Geomagic Wrap
【专科】: Orthodontics
【应用场景】: Biomechanical analysis and simulation
【研究设计】: computational"
assessment of simulated vs actual orthodontic tooth movement with a customized fixed lingual appliance using untreated posterior teeth for registration and digital superimposition a retrospective study,Assessment of simulated vs actual orthodontic tooth movement with a customized fixed lingual appliance using untreated posterior teeth for registration and digital superimposition: A retrospective study,AMERICAN JOURNAL OF ORTHODONTICS AND DENTOFACIAL ORTHOPEDICS,journalArticle,SNIDCHC3,Sharp 等 - 2022 - Assessment of simulated vs actual orthodontic tooth movement with a customized fixed lingual applian.pdf,EXCLUDE,"证据片段仅提到""Final surface 3-dimensional imaging software was used""，未给出任何具名的第三方非牙科3D软件名称；文中出现的 Incognito 为牙科专用舌侧矫治系统，不符合纳入标准。",-,-,-,-,"【判定】: EXCLUDE
【判定理由】: 证据片段仅提到""Final surface 3-dimensional imaging software was used""，未给出任何具名的第三方非牙科3D软件名称；文中出现的 Incognito 为牙科专用舌侧矫治系统，不符合纳入标准。
【软件】: -
【专科】: -
【应用场景】: -
【研究设计】: -"
evaluation of planned and achieved root angulation changes in teeth adjacent to mandibular premolar extraction sites in patients treated with invisalign a retrospective study,Evaluation of planned and achieved root angulation changes in teeth adjacent to mandibular premolar extraction sites in patients treated with Invisalign: A retrospective study,AMERICAN JOURNAL OF ORTHODONTICS AND DENTOFACIAL ORTHOPEDICS,journalArticle,PDF7C9KQ,Thilagalavanian 等 - 2025 - Evaluation of planned and achieved root angulation changes in teeth adjacent to mandibular premolar.pdf,INCLUDE,"该研究自身将数字模型导入 ""Geomagic Control X (version 2017.0.3; 3D systems, Rock Hill, SC) software platform for analysis""，并使用其 ""best-fit alignment facility"" 和 ""flood-selection tool"" 进行三维测量分析。",Geomagic Control X,Orthodontics,3D data analysis and accuracy assessment,clinical,"【判定】: INCLUDE
【判定理由】: 该研究自身将数字模型导入 ""Geomagic Control X (version 2017.0.3; 3D systems, Rock Hill, SC) software platform for analysis""，并使用其 ""best-fit alignment facility"" 和 ""flood-selection tool"" 进行三维测量分析。
【软件】: Geomagic Control X
【专科】: Orthodontics
【应用场景】: 3D data analysis and accuracy assessment
【研究设计】: clinical"
biomechanical analysis of subcondylar fracture fixation using miniplates at different positions and of different lengths,Biomechanical analysis of subcondylar fracture fixation using miniplates at different positions and of different lengths,BMC ORAL HEALTH,journalArticle,HIY5AECS,Huang 等 - 2021 - Biomechanical analysis of subcondylar fracture fixation using miniplates at different positions and.pdf,EXCLUDE,"证据片段仅泛泛提及""The CAD software was used to combine the mandible, miniplate, and screw""，未给出任何具名的第三方非牙科3D软件名称，无法确认其使用了符合纳入标准的具名软件。",-,-,-,-,"【判定】: EXCLUDE
【判定理由】: 证据片段仅泛泛提及""The CAD software was used to combine the mandible, miniplate, and screw""，未给出任何具名的第三方非牙科3D软件名称，无法确认其使用了符合纳入标准的具名软件。
【软件】: -
【专科】: -
【应用场景】: -
【研究设计】: -"
effect of the presence of orthodontic brackets on intraoral scans,Effect of the presence of orthodontic brackets on intraoral scans.,The Angle orthodontist,journalArticle,T8Q2R8EA,Kang 等 - 2021 - Effect of the presence of orthodontic brackets on intraoral scans..pdf,EXCLUDE,"证据片段中仅提及使用 iTero 和 Trios 口内扫描仪及""best-fit algorithm""进行叠加分析，未出现任何具名的第三方非牙科3D软件（如 Mimics、Geomagic 等）被该研究自身使用；G-power 仅用于样本量计算，非3D数据处理软件。",-,-,-,-,"【判定】: EXCLUDE
【判定理由】: 证据片段中仅提及使用 iTero 和 Trios 口内扫描仪及""best-fit algorithm""进行叠加分析，未出现任何具名的第三方非牙科3D软件（如 Mimics、Geomagic 等）被该研究自身使用；G-power 仅用于样本量计算，非3D数据处理软件。
【软件】: -
【专科】: -
【应用场景】: -
【研究设计】: -"
a feasibility study of hololens ear image guidance for ear reconstruction,A Feasibility Study of HoloLens Ear Image Guidance for Ear Reconstruction,ANNALS OF PLASTIC SURGERY,journalArticle,6SIK9KIX,Jiang 等 - 2025 - A Feasibility Study of HoloLens Ear Image Guidance for Ear Reconstruction..pdf,EXCLUDE,"证据片段仅提及""data processing software""和自研的""HoloLens Ear Image Guidance Application""，未出现任何具名的第三方非牙科3D软件；且该研究主题为耳再造（整形外科），不属于口腔医学任一学科。",-,-,-,-,"【判定】: EXCLUDE
【判定理由】: 证据片段仅提及""data processing software""和自研的""HoloLens Ear Image Guidance Application""，未出现任何具名的第三方非牙科3D软件；且该研究主题为耳再造（整形外科），不属于口腔医学任一学科。
【软件】: -
【专科】: -
【应用场景】: -
【研究设计】: -"
three dimensional tooth models with pulp cavity enhance dental anatomy education,Three-Dimensional Tooth Models with Pulp Cavity Enhance Dental Anatomy Education,ANATOMICAL SCIENCES EDUCATION,journalArticle,9LU3ERIG,Sun 等 - 2022 - Three-Dimensional Tooth Models with Pulp Cavity Enhance Dental Anatomy Education.pdf,INCLUDE,"该研究自身在方法中使用 Mimics 软件进行三维重建，证据原文为 ""The software package Mimics, version 17.0 (Materialise, Leuven, Belgium) was utilized to convert the slice data into a digital model of the tooth.""",Mimics,Dental Anatomy / Education (Oral Anatomy),Image segmentation and 3D reconstruction,educational,"【判定】: INCLUDE
【判定理由】: 该研究自身在方法中使用 Mimics 软件进行三维重建，证据原文为 ""The software package Mimics, version 17.0 (Materialise, Leuven, Belgium) was utilized to convert the slice data into a digital model of the tooth.""
【软件】: Mimics
【专科】: Dental Anatomy / Education (Oral Anatomy)
【应用场景】: Image segmentation and 3D reconstruction
【研究设计】: educational"
marginview3d a novel software enabling comprehensive three dimensional surgical pathology documentation for improved intra and postoperative cancer care,MarginView3D: A Novel Software Enabling Comprehensive Three-Dimensional Surgical Pathology Documentation for Improved Intra- and Postoperative Cancer Care,ANNALS OF SURGICAL ONCOLOGY,journalArticle,SUL3GW4D,Karasick 等 - 2025 - MarginView3D A Novel Software Enabling Comprehensive Three-Dimensional Surgical Pathology Documenta.pdf,EXCLUDE,"该研究使用自研软件 MarginView3D (MV3D)，证据片段仅提及""incorporating open-source platforms, commercial 3D scanners""，未指明任何具名的第三方非牙科3D软件被该研究自己使用。",-,-,-,-,"【判定】: EXCLUDE
【判定理由】: 该研究使用自研软件 MarginView3D (MV3D)，证据片段仅提及""incorporating open-source platforms, commercial 3D scanners""，未指明任何具名的第三方非牙科3D软件被该研究自己使用。
【软件】: -
【专科】: -
【应用场景】: -
【研究设计】: -"
application of a virtual and mixed reality navigation system using commercially available devices to the lateral temporal bone resection,Application of a virtual and mixed reality-navigation system using commercially available devices to the lateral temporal bone resection.,Annals of medicine and surgery (2012),journalArticle,3NRBHY63,Ito 等 - 2021 - Application of a virtual and mixed reality-navigation system using commercially available devices to.pdf,INCLUDE,"该研究自身在材料与方法中使用 3D Slicer 进行图像分割与三维重建，原文明确写道 ""Facial nerve, cochlea, and semicircular canals were manually outlined by the surgeon on 3D Slicer software""。",3D Slicer,Oral and Maxillofacial Surgery,Image segmentation and 3D reconstruction,case_report,"【判定】: INCLUDE
【判定理由】: 该研究自身在材料与方法中使用 3D Slicer 进行图像分割与三维重建，原文明确写道 ""Facial nerve, cochlea, and semicircular canals were manually outlined by the surgeon on 3D Slicer software""。
【软件】: 3D Slicer
【专科】: Oral and Maxillofacial Surgery
【应用场景】: Image segmentation and 3D reconstruction
【研究设计】: case_report"
waferless orthognathic surgery with customized osteosynthesis and surgical guides a prospective study,Waferless Orthognathic Surgery with Customized Osteosynthesis and Surgical Guides: A Prospective Study,APPLIED SCIENCES-BASEL,journalArticle,FK2AQUZY,Espino-Segura-Illa 等 - 2024 - Waferless Orthognathic Surgery with Customized Osteosynthesis and Surgical Guides A Prospective Stu.pdf,EXCLUDE,"证据片段仅泛泛提及 ""CAD/CAM-generated cutting guides""、""CAD/CAM occlusal surgical splints"" 等概念，未出现该研究自身使用的任何具名第三方非牙科3D软件（如 Mimics、3D Slicer、Geomagic 等）。",-,-,-,-,"【判定】: EXCLUDE
【判定理由】: 证据片段仅泛泛提及 ""CAD/CAM-generated cutting guides""、""CAD/CAM occlusal surgical splints"" 等概念，未出现该研究自身使用的任何具名第三方非牙科3D软件（如 Mimics、3D Slicer、Geomagic 等）。
【软件】: -
【专科】: -
【应用场景】: -
【研究设计】: -"
novel design and optimization of porous titanium structure for mandibular reconstruction,Novel Design and Optimization of Porous Titanium Structure for Mandibular Reconstruction,APPLIED BIONICS AND BIOMECHANICS,journalArticle,VTYTBDL8,Liu 等 - 2022 - Novel Design and Optimization of Porous Titanium Structure for Mandibular Reconstruction.pdf,INCLUDE,"该研究自身在材料与方法中使用具名第三方非牙科3D软件处理3D数据，如""The image contours of the maxilla and mandible were extracted using the Mimics 20.0""及""The defect mandibular model was repaired using the Geomagic Studio 2012 software""。",Mimics; Geomagic Studio,Oral and Maxillofacial Surgery,Image segmentation and 3D reconstruction,computational,"【判定】: INCLUDE
【判定理由】: 该研究自身在材料与方法中使用具名第三方非牙科3D软件处理3D数据，如""The image contours of the maxilla and mandible were extracted using the Mimics 20.0""及""The defect mandibular model was repaired using the Geomagic Studio 2012 software""。
【软件】: Mimics; Geomagic Studio
【专科】: Oral and Maxillofacial Surgery
【应用场景】: Image segmentation and 3D reconstruction
【研究设计】: computational"
automatic segmentation of dental root canal and merging with crown shape,Automatic Segmentation of Dental Root Canal and Merging with Crown Shape.,Annual International Conference of the IEEE Engineering in Medicine and Biology Society. IEEE Engineering in Medicine and Biology Society. Annual International  Conference,journalArticle,WPFWC6I6,Deleat-Besson 等 - 2021 - Automatic Segmentation of Dental Root Canal and Merging with Crown Shape..pdf,INCLUDE,"证据片段明确说明 ""Two open‐source software packages, ITK‐SNAP, version 3.8 [11] and Slicer, version 4.11 [12] were used to perform user interactive manual segmentation of the volumetric images""，即该研究自身使用了 ITK-SNAP 和 3D Slicer 进行三维图像分割。",ITK-SNAP; 3D Slicer,Endodontics,Image segmentation and 3D reconstruction,computational,"【判定】: INCLUDE
【判定理由】: 证据片段明确说明 ""Two open‐source software packages, ITK‐SNAP, version 3.8 [11] and Slicer, version 4.11 [12] were used to perform user interactive manual segmentation of the volumetric images""，即该研究自身使用了 ITK-SNAP 和 3D Slicer 进行三维图像分割。
【软件】: ITK-SNAP; 3D Slicer
【专科】: Endodontics
【应用场景】: Image segmentation and 3D reconstruction
【研究设计】: computational"
a pilot investigation of condylar position and asymmetry in patients with unilateral posterior scissors bite malocclusion based on three dimensional reconstructive imaging technique,A pilot investigation of condylar position and asymmetry in patients with unilateral posterior scissors-bite malocclusion based on three-dimensional reconstructive imaging technique,BMC MUSCULOSKELETAL DISORDERS,journalArticle,4RGTB6EY,Li 等 - 2023 - A pilot investigation of condylar position and asymmetry in patients with unilateral posterior sciss.pdf,EXCLUDE,"证据片段仅提到""measured and analyzed by a series of digital software""和""SPSS 26.0 software package""，未出现任何具名的第三方非牙科3D软件（如Mimics、3D Slicer、Geomagic等）被该研究自己使用。",-,-,-,-,"【判定】: EXCLUDE
【判定理由】: 证据片段仅提到""measured and analyzed by a series of digital software""和""SPSS 26.0 software package""，未出现任何具名的第三方非牙科3D软件（如Mimics、3D Slicer、Geomagic等）被该研究自己使用。
【软件】: -
【专科】: -
【应用场景】: -
【研究设计】: -"
automated 3d segmentation of the hyoid bone in cbct using nnu net v2 a retrospective study on model performance and potential clinical utility,Automated 3D segmentation of the hyoid bone in CBCT using nnU-Net v2: a retrospective study on model performance and potential clinical utility,BMC MEDICAL IMAGING,journalArticle,4YHU6J4I,Gümüssoy 等 - 2025 - Automated 3D segmentation of the hyoid bone in CBCT using nnU-Net v2 a retrospective study on model.pdf,INCLUDE,"该研究自身在方法中使用具名第三方非牙科3D软件，原文明确写道 ""The raw data was converted to DICOM format and transferred to the 3D Slicer Imaging Software (Version 4.10.2; MIT, Cambridge, MA, USA). HB was labeled manually using the 3D Slicer.""",3D Slicer,Oral and Maxillofacial Radiology,Image segmentation and 3D reconstruction,computational,"【判定】: INCLUDE
【判定理由】: 该研究自身在方法中使用具名第三方非牙科3D软件，原文明确写道 ""The raw data was converted to DICOM format and transferred to the 3D Slicer Imaging Software (Version 4.10.2; MIT, Cambridge, MA, USA). HB was labeled manually using the 3D Slicer.""
【软件】: 3D Slicer
【专科】: Oral and Maxillofacial Radiology
【应用场景】: Image segmentation and 3D reconstruction
【研究设计】: computational"
qualitative exploration of 3d printing in swedish healthcare perceived effects and barriers,Qualitative exploration of 3D printing in Swedish healthcare: perceived effects and barriers,BMC HEALTH SERVICES RESEARCH,journalArticle,6BVQQI7U,Sag 等 - 2024 - Qualitative exploration of 3D printing in Swedish healthcare perceived effects and barriers..pdf,EXCLUDE,"该研究为定性访谈研究，探讨瑞典医疗中3D打印的应用与障碍；证据片段中Meshmixer和GrabCAD仅出现在引用他人研究（""[15]""）的转述中，并非该研究自身使用，且全文无该研究自己使用任何具名第三方非牙科3D软件的记录。",-,-,-,-,"【判定】: EXCLUDE
【判定理由】: 该研究为定性访谈研究，探讨瑞典医疗中3D打印的应用与障碍；证据片段中Meshmixer和GrabCAD仅出现在引用他人研究（""[15]""）的转述中，并非该研究自身使用，且全文无该研究自己使用任何具名第三方非牙科3D软件的记录。
【软件】: -
【专科】: -
【应用场景】: -
【研究设计】: -"
is beauty a matter of volume distribution proposal of a new aesthetic three dimensional guide in orthognathic surgery,Is Beauty a Matter of Volume Distribution? Proposal of a New Aesthetic Three-Dimensional Guide in Orthognathic Surgery,JOURNAL OF PERSONALIZED MEDICINE,journalArticle,LLS6DR9F,Bianchi 等 - 2023 - Is Beauty a Matter of Volume Distribution Proposal of a New Aesthetic Three-Dimensional Guide in Or.pdf,INCLUDE,"该研究自身在材料与方法中将CBCT DICOM文件转换为STL后导入软件MeshMixer进行面部体积分割分析，原文为""imported into the software MeshMixer (MeshMixer Version 3.3 for Windows, Autodesk Corp., Mill Valley, CA, USA)""。",MeshMixer,Orthodontics,Image segmentation and 3D reconstruction,clinical,"【判定】: INCLUDE
【判定理由】: 该研究自身在材料与方法中将CBCT DICOM文件转换为STL后导入软件MeshMixer进行面部体积分割分析，原文为""imported into the software MeshMixer (MeshMixer Version 3.3 for Windows, Autodesk Corp., Mill Valley, CA, USA)""。
【软件】: MeshMixer
【专科】: Orthodontics
【应用场景】: Image segmentation and 3D reconstruction
【研究设计】: clinical"
three dimensional evaluation of condylar morphology after orthodontic treatment in adult patients with class ii malocclusion by cone beam computed tomography,Three-dimensional evaluation of condylar morphology after orthodontic treatment in adult patients with Class II malocclusion by cone-beam computed tomography.,BMC oral health,journalArticle,ATFDULYF,Shi 等 - 2024 - Three-dimensional evaluation of condylar morphology after orthodontic treatment in adult patients wi.pdf,INCLUDE,"该研究自身在方法中使用""Mimics 17.0 software was used to measure several values and reconstruct the three-dimensional condyle""，用于髁突三维重建与形态测量。",Mimics,Orthodontics,Image segmentation and 3D reconstruction,clinical,"【判定】: INCLUDE
【判定理由】: 该研究自身在方法中使用""Mimics 17.0 software was used to measure several values and reconstruct the three-dimensional condyle""，用于髁突三维重建与形态测量。
【软件】: Mimics
【专科】: Orthodontics
【应用场景】: Image segmentation and 3D reconstruction
【研究设计】: clinical"
3 dimensional analysis of hard and soft tissue symmetry in a chinese population,3-dimensional analysis of hard- and soft-tissue symmetry in a Chinese population.,BMC oral health,journalArticle,QV9TASMT,Zhao 等 - 2023 - 3-dimensional analysis of hard- and soft-tissue symmetry in a Chinese population..pdf,INCLUDE,"该研究自身在材料与方法中使用具名第三方非牙科3D软件处理3D数据，如""CBCT data were imported into MIMICS ... V21.0""及""transferred into Geomagic Wrap""。",MIMICS; Geomagic Wrap,Orthodontics,Morphological and phenotypic analysis,clinical,"【判定】: INCLUDE
【判定理由】: 该研究自身在材料与方法中使用具名第三方非牙科3D软件处理3D数据，如""CBCT data were imported into MIMICS ... V21.0""及""transferred into Geomagic Wrap""。
【软件】: MIMICS; Geomagic Wrap
【专科】: Orthodontics
【应用场景】: Morphological and phenotypic analysis
【研究设计】: clinical"
design and development of a virtual reality simulation for dental implant prosthesis training,Design and development of a virtual reality simulation for dental implant prosthesis training.,BMC oral health,journalArticle,4I8FWCMQ,Monaghesh 等 - 2026 - Design and development of a virtual reality simulation for dental implant prosthesis training.pdf,INCLUDE,"该研究自身在技术开发中使用 Blender 进行三维建模，原文明确写道""three-dimensional models of anatomical structures, implant components, and clinical instruments were designed using Blender software""，且""All 3D anatomical structures and implant components were modeled internally using Blender""。",Blender,Prosthodontics,Digital design and manufacturing,technical_note,"【判定】: INCLUDE
【判定理由】: 该研究自身在技术开发中使用 Blender 进行三维建模，原文明确写道""three-dimensional models of anatomical structures, implant components, and clinical instruments were designed using Blender software""，且""All 3D anatomical structures and implant components were modeled internally using Blender""。
【软件】: Blender
【专科】: Prosthodontics
【应用场景】: Digital design and manufacturing
【研究设计】: technical_note"
evaluation of prostheses retained zygomatic and dental implants in large defects in the maxilla due to tumors or major trauma by biomechanical 3 dimensional finite element analysis,Evaluation of prostheses retained zygomatic and dental implants in large defects in the maxilla due to tumors or major trauma by biomechanical 3- dimensional  finite element analysis.,BMC oral health,journalArticle,4SAG92EI,Yemenoglu 等 - 2025 - Evaluation of prostheses retained zygomatic and dental implants in large defects in the maxilla due.pdf,EXCLUDE,"抽取的证据片段仅涉及研究背景、方法和结论（如""3-dimensional finite element analysis""），未出现任何该研究自身使用的具名第三方非牙科3D软件（如ANSYS、ABAQUS等）的原文证据。",-,-,-,-,"【判定】: EXCLUDE
【判定理由】: 抽取的证据片段仅涉及研究背景、方法和结论（如""3-dimensional finite element analysis""），未出现任何该研究自身使用的具名第三方非牙科3D软件（如ANSYS、ABAQUS等）的原文证据。
【软件】: -
【专科】: -
【应用场景】: -
【研究设计】: -"
a novel method for 3d face symmetry reference plane based on weighted procrustes analysis algorithm,A novel method for 3D face symmetry reference plane based on weighted Procrustes analysis algorithm.,BMC oral health,journalArticle,R67KEMQQ,Zhu 等 - 2020 - A novel method for 3D face symmetry reference plane based on weighted Procrustes analysis algorithm..pdf,INCLUDE,"该研究自身在材料与方法中使用 Geomagic Studio 2013 处理三维面部数据，原文明确写道 ""For data processing, we used the reverse engineering software Geomagic Studio 2013"" 以及 ""Geomagic Studio 2013 was used to process images""。",Geomagic Studio 2013,Orthodontics,Image segmentation and 3D reconstruction,computational,"【判定】: INCLUDE
【判定理由】: 该研究自身在材料与方法中使用 Geomagic Studio 2013 处理三维面部数据，原文明确写道 ""For data processing, we used the reverse engineering software Geomagic Studio 2013"" 以及 ""Geomagic Studio 2013 was used to process images""。
【软件】: Geomagic Studio 2013
【专科】: Orthodontics
【应用场景】: Image segmentation and 3D reconstruction
【研究设计】: computational"
use of open source software and photogrammetry in the fabrication of 3d printed custom trays for edentulous patients a technical guide,Use of open-source software and photogrammetry in the fabrication of 3D-printed custom trays for edentulous patients: A technical guide,JOURNAL OF PROSTHODONTICS-IMPLANT ESTHETIC AND RECONSTRUCTIVE DENTISTRY,journalArticle,FIBFTP9V,Cordeiro 等 - 2025 - Use of open-source software and photogrammetry in the fabrication of 3D-printed custom trays for ede.pdf,INCLUDE,"该技术指南自身在方法中使用""Photogrammetry Software (Alicevision Meshroom 2021.1.0; AliceVision)""进行3D模型重建，属于具名第三方非牙科3D软件。",AliceVision Meshroom,Prosthodontics,Digital design and manufacturing,technical_note,"【判定】: INCLUDE
【判定理由】: 该技术指南自身在方法中使用""Photogrammetry Software (Alicevision Meshroom 2021.1.0; AliceVision)""进行3D模型重建，属于具名第三方非牙科3D软件。
【软件】: AliceVision Meshroom
【专科】: Prosthodontics
【应用场景】: Digital design and manufacturing
【研究设计】: technical_note"
convolutional neural network for automated tooth segmentation on intraoral scans,Convolutional neural network for automated tooth segmentation on intraoral scans,BMC ORAL HEALTH,journalArticle,HIZDAWBD,Wang 等 - 2024 - Convolutional neural network for automated tooth segmentation on intraoral scans..pdf,EXCLUDE,"该研究仅设计并使用自研的""multi-step 3D U-Net pipeline""进行牙齿分割，证据片段中未出现任何具名的第三方非牙科3D软件被该研究自己使用。",-,-,-,-,"【判定】: EXCLUDE
【判定理由】: 该研究仅设计并使用自研的""multi-step 3D U-Net pipeline""进行牙齿分割，证据片段中未出现任何具名的第三方非牙科3D软件被该研究自己使用。
【软件】: -
【专科】: -
【应用场景】: -
【研究设计】: -"
comparison the accuracy of a novel implant robot surgery and dynamic navigation system in dental implant surgery an in vitro pilot study,Comparison the accuracy of a novel implant robot surgery and dynamic navigation system in dental implant surgery: an in vitro pilot study,BMC ORAL HEALTH,journalArticle,CXWGAQ8R,Chen 等 - 2023 - Comparison the accuracy of a novel implant robot surgery and dynamic navigation system in dental imp.pdf,INCLUDE,"摘要与全文中明确记载该研究自己使用 ""3D Slicer software"" 进行术前设计与术后CBCT融合以测量种植体偏差（""measured by fusion of the preoperative design and the actual postoperative cone-beam computed tomography (CBCT) using 3D Slicer software""）。",3D Slicer,Implantology,3D data analysis and accuracy assessment,in_vitro,"【判定】: INCLUDE
【判定理由】: 摘要与全文中明确记载该研究自己使用 ""3D Slicer software"" 进行术前设计与术后CBCT融合以测量种植体偏差（""measured by fusion of the preoperative design and the actual postoperative cone-beam computed tomography (CBCT) using 3D Slicer software""）。
【软件】: 3D Slicer
【专科】: Implantology
【应用场景】: 3D data analysis and accuracy assessment
【研究设计】: in_vitro"
digital measurement method for comparing the absolute marginal discrepancy of three unit ceramic fixed dental prostheses fabricated using conventional and digital technologies,Digital measurement method for comparing the absolute marginal discrepancy of three-unit ceramic fixed dental prostheses fabricated using conventional and digital technologies,BMC ORAL HEALTH,journalArticle,8N2YELVJ,Liang 等 - 2023 - Digital measurement method for comparing the absolute marginal discrepancy of three-unit ceramic fix.pdf,INCLUDE,"该研究自身在方法中使用 ""A reverse engineering software (Geomagic Studio 2013, 3D Systems, Rock Hill, SC, USA) was used to analyze the above-mentioned datasets"" 进行三维数据配准与测量。",Geomagic Studio 2013,Prosthodontics,3D data analysis and accuracy assessment,in_vitro,"【判定】: INCLUDE
【判定理由】: 该研究自身在方法中使用 ""A reverse engineering software (Geomagic Studio 2013, 3D Systems, Rock Hill, SC, USA) was used to analyze the above-mentioned datasets"" 进行三维数据配准与测量。
【软件】: Geomagic Studio 2013
【专科】: Prosthodontics
【应用场景】: 3D data analysis and accuracy assessment
【研究设计】: in_vitro"
evaluation of cbct reconstructed tooth models at different thresholds and voxels and their accuracy in fusion with ios data an in vitro validation study,Evaluation of CBCT reconstructed tooth models at different thresholds and voxels and their accuracy in fusion with IOS data: an in vitro validation study.,BMC oral health,journalArticle,QD7MIRSD,Zhang 等 - 2024 - Evaluation of CBCT reconstructed tooth models at different thresholds and voxels and their accuracy.pdf,EXCLUDE,"证据片段中仅泛泛提及""three-dimensional reconstruction is performed using medical image processing software""，未出现任何具名的第三方非牙科3D软件；研究使用的是自研的""curvature continuity algorithm""（半自动冠根融合算法），符合""只使用自研算法/代码""的排除情形。",-,-,-,-,"【判定】: EXCLUDE
【判定理由】: 证据片段中仅泛泛提及""three-dimensional reconstruction is performed using medical image processing software""，未出现任何具名的第三方非牙科3D软件；研究使用的是自研的""curvature continuity algorithm""（半自动冠根融合算法），符合""只使用自研算法/代码""的排除情形。
【软件】: -
【专科】: -
【应用场景】: -
【研究设计】: -"
morphological changes of the root apex in anterior teeth with periapical periodontitis an in vivo study,Morphological changes of the root apex in anterior teeth with periapical periodontitis: an in-vivo study,BMC ORAL HEALTH,journalArticle,HVIZBRYA,Zhang 等 - 2022 - Morphological changes of the root apex in anterior teeth with periapical periodontitis an in-vivo s.pdf,INCLUDE,"全文证据显示""the data were imported into 3D Slicer 4.8.1...a free open-source software for medical image processing""，且""the anatomical structures (roots and canals) were reconstructed using the 'Merge And Build' module of 3D Slicer""，为该研究自身使用。",3D Slicer,Endodontics,Image segmentation and 3D reconstruction,clinical,"【判定】: INCLUDE
【判定理由】: 全文证据显示""the data were imported into 3D Slicer 4.8.1...a free open-source software for medical image processing""，且""the anatomical structures (roots and canals) were reconstructed using the 'Merge And Build' module of 3D Slicer""，为该研究自身使用。
【软件】: 3D Slicer
【专科】: Endodontics
【应用场景】: Image segmentation and 3D reconstruction
【研究设计】: clinical"
optimum design of reference points distribution in three dimensional reconstruction of dental model in intercuspal position,Optimum design of reference points distribution in three-dimensional reconstruction of dental model in intercuspal position,BMC ORAL HEALTH,journalArticle,IHRNZSRA,Wu 等 - 2021 - Optimum design of reference points distribution in three-dimensional reconstruction of dental model.pdf,INCLUDE,"该研究自身在方法中使用""SolidWorks 2015""设计半球形凹面，并使用""Geomagic Studio 2013""构建数字模型凹面并测量距离，均为具名第三方非牙科3D软件。",SolidWorks 2015; Geomagic Studio 2013,Prosthodontics,Digital design and manufacturing,technical_note,"【判定】: INCLUDE
【判定理由】: 该研究自身在方法中使用""SolidWorks 2015""设计半球形凹面，并使用""Geomagic Studio 2013""构建数字模型凹面并测量距离，均为具名第三方非牙科3D软件。
【软件】: SolidWorks 2015; Geomagic Studio 2013
【专科】: Prosthodontics
【应用场景】: Digital design and manufacturing
【研究设计】: technical_note"
biomechanical effects of digitally constructed titanium modified polyetheretherketone and polyetherketoneketone subperiosteal implants on atrophied maxilla a finite element analysis,"Biomechanical effects of digitally constructed titanium, modified polyetheretherketone, and polyetherketoneketone subperiosteal implants on atrophied maxilla: a finite element analysis",BMC ORAL HEALTH,journalArticle,ST9LNB5B,"El-Sawy 等 - 2025 - Biomechanical effects of digitally constructed titanium, modified polyetheretherketone, and polyethe.pdf",INCLUDE,"摘要与全文中明确写道 ""A three-dimensional finite element model of an atrophic maxilla was created from CT data and processed through CAD and ANSYS software""，表明该研究自身使用了具名第三方非牙科3D软件 ANSYS 进行建模与有限元分析。",ANSYS,Prosthodontics,Biomechanical analysis and simulation,computational,"【判定】: INCLUDE
【判定理由】: 摘要与全文中明确写道 ""A three-dimensional finite element model of an atrophic maxilla was created from CT data and processed through CAD and ANSYS software""，表明该研究自身使用了具名第三方非牙科3D软件 ANSYS 进行建模与有限元分析。
【软件】: ANSYS
【专科】: Prosthodontics
【应用场景】: Biomechanical analysis and simulation
【研究设计】: computational"
technical considerations of computer aided planning in severe orbital trauma a retrospective study,Technical considerations of computer-aided planning in severe orbital trauma: A retrospective study,JOURNAL OF CRANIO-MAXILLOFACIAL SURGERY,journalArticle,UUBTWEUW,Fawzy 等 - 2022 - Technical considerations of computer-aided planning in severe orbital trauma A retrospective study.pdf,EXCLUDE,"证据片段仅提到""DICOM files were imported into a three-dimensional image processing software""，未给出任何具名的第三方非牙科3D软件名称，无法确认该研究自身使用了具名软件。",-,-,-,-,"【判定】: EXCLUDE
【判定理由】: 证据片段仅提到""DICOM files were imported into a three-dimensional image processing software""，未给出任何具名的第三方非牙科3D软件名称，无法确认该研究自身使用了具名软件。
【软件】: -
【专科】: -
【应用场景】: -
【研究设计】: -"
the effect of ultrasonic tip working length on fluid dynamics in the root canal during the irrigation procedure a computational fluid dynamics study,The effect of ultrasonic tip working length on fluid dynamics in the root canal during the irrigation procedure: a computational fluid dynamics study,BMC ORAL HEALTH,journalArticle,E6VT69AR,Wu 等 - 2025 - The effect of ultrasonic tip working length on fluid dynamics in the root canal during the irrigatio.pdf,INCLUDE,"该研究自身在方法中使用多个具名第三方非牙科3D软件，如""Import the scanned image data into Mimics Research 21.0 software""、""create the mandibular first premolar model using Geomagic Wrap 2021""、""utilize SolidWorks v2022 software""以及""ABAQUS 6.14 software""。",Mimics Research 21.0; Geomagic Wrap 2021; SolidWorks v2022; ABAQUS 6.14; ICEM CFD 18.0,Endodontics,Biomechanical analysis and simulation,computational,"【判定】: INCLUDE
【判定理由】: 该研究自身在方法中使用多个具名第三方非牙科3D软件，如""Import the scanned image data into Mimics Research 21.0 software""、""create the mandibular first premolar model using Geomagic Wrap 2021""、""utilize SolidWorks v2022 software""以及""ABAQUS 6.14 software""。
【软件】: Mimics Research 21.0; Geomagic Wrap 2021; SolidWorks v2022; ABAQUS 6.14; ICEM CFD 18.0
【专科】: Endodontics
【应用场景】: Biomechanical analysis and simulation
【研究设计】: computational"
association between diabetes and pulp stone prevalence and morphological characteristics a cbct based retrospective study,Association between diabetes and pulp stone prevalence and morphological characteristics: a CBCT-based retrospective study,BMC ORAL HEALTH,journalArticle,CCQTZ6RH,Chen 等 - 2026 - Association between diabetes and pulp stone prevalence and morphological characteristics a CBCT-bas.pdf,INCLUDE,"摘要与正文均明确该研究自身使用 Mimics 软件进行三维建模与定量测量，如""Mimics software was utilized to construct three-dimensional models for the quantitative measurement of pulp stone volume""及""This study utilized CBCT and Mimics software to evaluate the impact of diabetes""。",Mimics,Endodontics,Image segmentation and 3D reconstruction,clinical,"【判定】: INCLUDE
【判定理由】: 摘要与正文均明确该研究自身使用 Mimics 软件进行三维建模与定量测量，如""Mimics software was utilized to construct three-dimensional models for the quantitative measurement of pulp stone volume""及""This study utilized CBCT and Mimics software to evaluate the impact of diabetes""。
【软件】: Mimics
【专科】: Endodontics
【应用场景】: Image segmentation and 3D reconstruction
【研究设计】: clinical"
tooth rotational control with varying attachment configurations in clear aligners under compromised periodontal ligament support a finite element study,Tooth rotational control with varying attachment configurations in clear aligners under compromised periodontal ligament support: a finite element study,BMC ORAL HEALTH,journalArticle,34MP4QBJ,Huang 等 - 2026 - Tooth rotational control with varying attachment configurations in clear aligners under compromised.pdf,INCLUDE,"该研究自身在方法中使用具名第三方非牙科3D软件，证据片段明确提到""imported into Mimics (version 23.0; Materialise, Leuven, Belgium) to construct initial 3D models""以及""finite element analysis was performed ... by Ansys Workbench""。",Mimics; ANSYS Workbench,Orthodontics,Biomechanical analysis and simulation,computational,"【判定】: INCLUDE
【判定理由】: 该研究自身在方法中使用具名第三方非牙科3D软件，证据片段明确提到""imported into Mimics (version 23.0; Materialise, Leuven, Belgium) to construct initial 3D models""以及""finite element analysis was performed ... by Ansys Workbench""。
【软件】: Mimics; ANSYS Workbench
【专科】: Orthodontics
【应用场景】: Biomechanical analysis and simulation
【研究设计】: computational"
machine learning in 3d auto filling alveolar cleft of ct images to assess the influence of alveolar bone grafting on the development of maxilla,Machine learning in 3D auto-filling alveolar cleft of CT images to assess the influence of alveolar bone grafting on the development of maxilla,BMC ORAL HEALTH,journalArticle,7IZQ956D,Zhang 等 - 2023 - Machine learning in 3D auto-filling alveolar cleft of CT images to assess the influence of alveolar.pdf,INCLUDE,"该研究自身在材料与方法中使用具名第三方非牙科3D软件进行测量，原文明确写道""These measurements were carried out using ITK-SNAP [21] (version 3.8.0; www.itksnap.org)""。",ITK-SNAP,Orthodontics,3D data analysis and accuracy assessment,clinical,"【判定】: INCLUDE
【判定理由】: 该研究自身在材料与方法中使用具名第三方非牙科3D软件进行测量，原文明确写道""These measurements were carried out using ITK-SNAP [21] (version 3.8.0; www.itksnap.org)""。
【软件】: ITK-SNAP
【专科】: Orthodontics
【应用场景】: 3D data analysis and accuracy assessment
【研究设计】: clinical"
three dimensional finite element analysis of two implant supported locator overdenture in different reinforced denture base designs under four loading conditions,Three-dimensional finite element analysis of two-implant-supported locator overdenture in different reinforced denture base designs under four loading conditions,BMC ORAL HEALTH,journalArticle,HAHRMEEF,Chen 等 - 2025 - Three-dimensional finite element analysis of two-implant-supported locator overdenture in different.pdf,INCLUDE,"该研究自身在材料与方法中使用 Geomagic Wrap 2021 进行逆向工程建模（""The offset and accurate curved surface functions in Geomagic reverse engineering software (Geomagic Wrap 2021, 3D Systems Inc, US) were used to generate IGES data""），并使用 ANSYS SpaceClaim 2022 R1 进行布尔运算。",Geomagic Wrap; ANSYS SpaceClaim,Prosthodontics,Biomechanical analysis and simulation,computational,"【判定】: INCLUDE
【判定理由】: 该研究自身在材料与方法中使用 Geomagic Wrap 2021 进行逆向工程建模（""The offset and accurate curved surface functions in Geomagic reverse engineering software (Geomagic Wrap 2021, 3D Systems Inc, US) were used to generate IGES data""），并使用 ANSYS SpaceClaim 2022 R1 进行布尔运算。
【软件】: Geomagic Wrap; ANSYS SpaceClaim
【专科】: Prosthodontics
【应用场景】: Biomechanical analysis and simulation
【研究设计】: computational"
biomechanical comparison of various implant inclinations and abutment types in a bendable implant system,Biomechanical comparison of various implant inclinations and abutment types in a bendable implant system,BMC ORAL HEALTH,journalArticle,7HZ83PC7,Bilgi-Ozyetim 等 - 2025 - Biomechanical comparison of various implant inclinations and abutment types in a bendable implant sy.pdf,INCLUDE,"该研究自身在材料与方法中使用 3D Slicer 进行图像分割与三维模型生成（""imported into 3D Slicer ... This open-source software was employed for image segmentation and 3D model generation""），并使用 ANSYS SpaceClaim 进行模型细化（""Further refinement was conducted in ANSYS SpaceClaim""）。",3D Slicer; ANSYS SpaceClaim,Prosthodontics,Biomechanical analysis and simulation,computational,"【判定】: INCLUDE
【判定理由】: 该研究自身在材料与方法中使用 3D Slicer 进行图像分割与三维模型生成（""imported into 3D Slicer ... This open-source software was employed for image segmentation and 3D model generation""），并使用 ANSYS SpaceClaim 进行模型细化（""Further refinement was conducted in ANSYS SpaceClaim""）。
【软件】: 3D Slicer; ANSYS SpaceClaim
【专科】: Prosthodontics
【应用场景】: Biomechanical analysis and simulation
【研究设计】: computational"
accuracy of implant abutment level digital impressions using stereophotogrammetry in edentulous jaws an in vitro pilot study,Accuracy of implant abutment level digital impressions using stereophotogrammetry in edentulous jaws: an in vitro pilot study,BMC ORAL HEALTH,journalArticle,CM7FEBXL,Zhou 等 - 2024 - Accuracy of implant abutment level digital impressions using stereophotogrammetry in edentulous jaws.pdf,INCLUDE,"该研究自身在方法中使用具名第三方非牙科3D软件进行测量分析，原文明确写道""Using 3D data processing software (GOM Inspect Pro, Zeiss), the distance and angle between the abutments...were measured and compared""。",GOM Inspect Pro,Prosthodontics,3D data analysis and accuracy assessment,in_vitro,"【判定】: INCLUDE
【判定理由】: 该研究自身在方法中使用具名第三方非牙科3D软件进行测量分析，原文明确写道""Using 3D data processing software (GOM Inspect Pro, Zeiss), the distance and angle between the abutments...were measured and compared""。
【软件】: GOM Inspect Pro
【专科】: Prosthodontics
【应用场景】: 3D data analysis and accuracy assessment
【研究设计】: in_vitro"
automated pipeline for linear and volumetric assessment of facial swelling after third molar surgery,Automated pipeline for linear and volumetric assessment of facial swelling after third molar surgery,BMC ORAL HEALTH,journalArticle,SNBL5TZ6,Barone 等 - 2024 - Automated pipeline for linear and volumetric assessment of facial swelling after third molar surgery.pdf,INCLUDE,"该研究自身在方法中使用""3DSlicer facilitated automated analysis, including data anonymization, orientation, surface registration, qualitative comparisons, linear measurements, and volumetric quantification""，用于3D面部扫描数据的处理与测量。",3D Slicer,Oral and Maxillofacial Surgery,3D data analysis and accuracy assessment,clinical,"【判定】: INCLUDE
【判定理由】: 该研究自身在方法中使用""3DSlicer facilitated automated analysis, including data anonymization, orientation, surface registration, qualitative comparisons, linear measurements, and volumetric quantification""，用于3D面部扫描数据的处理与测量。
【软件】: 3D Slicer
【专科】: Oral and Maxillofacial Surgery
【应用场景】: 3D data analysis and accuracy assessment
【研究设计】: clinical"
automatic restoration and reconstruction of defective tooth based on deep learning technology,Automatic restoration and reconstruction of defective tooth based on deep learning technology,BMC ORAL HEALTH,journalArticle,8BR5A4LH,Wu 等 - 2025 - Automatic restoration and reconstruction of defective tooth based on deep learning technology..pdf,EXCLUDE,"该研究仅使用自研深度学习网络（""the improved ResNet50-based Pixel2Mesh""）进行牙齿修复与重建，证据片段中未出现任何该研究自己使用的具名第三方非牙科3D软件。",-,-,-,-,"【判定】: EXCLUDE
【判定理由】: 该研究仅使用自研深度学习网络（""the improved ResNet50-based Pixel2Mesh""）进行牙齿修复与重建，证据片段中未出现任何该研究自己使用的具名第三方非牙科3D软件。
【软件】: -
【专科】: -
【应用场景】: -
【研究设计】: -"
accurate mandibular canal segmentation of dental cbct using a two stage 3d unet based segmentation framework,Accurate mandibular canal segmentation of dental CBCT using a two-stage 3D-UNet based segmentation framework,BMC ORAL HEALTH,journalArticle,SJ9KNVQL,Lin 等 - 2023 - Accurate mandibular canal segmentation of dental CBCT using a two-stage 3D-UNet based segmentation f.pdf,EXCLUDE,"该研究仅提出并使用了自研的 ""two-stage 3D-UNet based segmentation framework"" 进行下颌管分割，证据片段中未出现任何具名的第三方非牙科3D软件被该研究自己使用。",-,-,-,-,"【判定】: EXCLUDE
【判定理由】: 该研究仅提出并使用了自研的 ""two-stage 3D-UNet based segmentation framework"" 进行下颌管分割，证据片段中未出现任何具名的第三方非牙科3D软件被该研究自己使用。
【软件】: -
【专科】: -
【应用场景】: -
【研究设计】: -"
stress distribution in zirconia reinforced glass ionomer restorations in molar incisor hypomineralization a finite element analysis,Stress distribution in zirconia-reinforced glass ionomer restorations in molar incisor hypomineralization: A finite element analysis,DENTAL MATERIALS,journalArticle,RI7R6Y8M,Mahfouz 等 - 2025 - Stress distribution in zirconia-reinforced glass ionomer restorations in molar incisor hypomineraliz.pdf,INCLUDE,"该研究自身在方法中使用具名第三方非牙科3D软件，原文明确写道""Three models were constructed using 3D-CAD software 'MIMICS 21.0'""以及""Abaqus-FEA software was used to record Von Mises (vM), and Maximum Principal (Pmax) stresses""。",MIMICS 21.0; Abaqus,Pediatric Dentistry,Biomechanical analysis and simulation,computational,"【判定】: INCLUDE
【判定理由】: 该研究自身在方法中使用具名第三方非牙科3D软件，原文明确写道""Three models were constructed using 3D-CAD software 'MIMICS 21.0'""以及""Abaqus-FEA software was used to record Von Mises (vM), and Maximum Principal (Pmax) stresses""。
【软件】: MIMICS 21.0; Abaqus
【专科】: Pediatric Dentistry
【应用场景】: Biomechanical analysis and simulation
【研究设计】: computational"
strain gauge analysis and deformation detection of maxillary denture bases reinforced by cad cam milled zirconia and cobalt chromium co cr frameworks an in vitro study,Strain gauge analysis and deformation detection of maxillary denture bases reinforced by CAD/CAM milled zirconia and cobalt chromium (Co-Cr) frameworks: An in-vitro study,BMC ORAL HEALTH,journalArticle,FS7LLKDV,Kamal 等 - 2026 - Strain gauge analysis and deformation detection of maxillary denture bases reinforced by CADCAM mil.pdf,INCLUDE,"该研究自身在材料与方法中使用 Geomagic 软件检测义齿基托变形，原文为""deformation was detected using Geomagic software""。",Geomagic,Prosthodontics,3D data analysis and accuracy assessment,in_vitro,"【判定】: INCLUDE
【判定理由】: 该研究自身在材料与方法中使用 Geomagic 软件检测义齿基托变形，原文为""deformation was detected using Geomagic software""。
【软件】: Geomagic
【专科】: Prosthodontics
【应用场景】: 3D data analysis and accuracy assessment
【研究设计】: in_vitro"
comparative biomechanics of all on 4 and vertical implant placement in asymmetrical mandibular a finite element study,Comparative biomechanics of all-on-4 and vertical implant placement in asymmetrical mandibular: a finite element study,BMC ORAL HEALTH,journalArticle,UQD3PPU3,Sun 等 - 2024 - Comparative biomechanics of all-on-4 and vertical implant placement in asymmetrical mandibular a fi.pdf,INCLUDE,"证据片段明确显示该研究自身使用了非牙科3D软件：""The CT data were imported in Digital Imaging and Communications in Medicine (DICOM) format into Mimics software (V19.0; Materialise), and a rough 3D contour of the mandible was obtained through thresholds and masks""。",Mimics,Implantology,Biomechanical analysis and simulation,computational,"【判定】: INCLUDE
【判定理由】: 证据片段明确显示该研究自身使用了非牙科3D软件：""The CT data were imported in Digital Imaging and Communications in Medicine (DICOM) format into Mimics software (V19.0; Materialise), and a rough 3D contour of the mandible was obtained through thresholds and masks""。
【软件】: Mimics
【专科】: Implantology
【应用场景】: Biomechanical analysis and simulation
【研究设计】: computational"
biomechanical analysis of stress around the tilted implants with different cantilever lengths in all on 4 concept,Biomechanical analysis of stress around the tilted implants with different cantilever lengths in all-on-4 concept,BMC ORAL HEALTH,journalArticle,SDN96I58,Wang 等 - 2022 - Biomechanical analysis of stress around the tilted implants with different cantilever lengths in all.pdf,INCLUDE,"该研究自身在方法中使用具名第三方非牙科3D软件，原文明确写道""models ... were fabricated using Mimic, Geomagic Studio software, and a light solidifying fast shaping machine""。",Mimics; Geomagic Studio,Implantology,Biomechanical analysis and simulation,in_vitro,"【判定】: INCLUDE
【判定理由】: 该研究自身在方法中使用具名第三方非牙科3D软件，原文明确写道""models ... were fabricated using Mimic, Geomagic Studio software, and a light solidifying fast shaping machine""。
【软件】: Mimics; Geomagic Studio
【专科】: Implantology
【应用场景】: Biomechanical analysis and simulation
【研究设计】: in_vitro"
deep learning based automatic segmentation of mronj lesions on cbct images,Deep learning-based automatic segmentation of MRONJ lesions on CBCT images,BMC ORAL HEALTH,journalArticle,4RZD5BRS,Pınarbaşı 等 - 2026 - Deep learning–based automatic segmentation of MRONJ lesions on CBCT images.pdf,INCLUDE,"该研究自身在方法中使用 3D Slicer 软件进行手动标注以生成 ground truth（""All images were manually annotated by experienced oral and maxillofacial radiologists using 3D Slicer software""），3D Slicer 为具名的第三方非牙科3D软件。",3D Slicer,Oral and Maxillofacial Radiology,Image segmentation and 3D reconstruction,computational,"【判定】: INCLUDE
【判定理由】: 该研究自身在方法中使用 3D Slicer 软件进行手动标注以生成 ground truth（""All images were manually annotated by experienced oral and maxillofacial radiologists using 3D Slicer software""），3D Slicer 为具名的第三方非牙科3D软件。
【软件】: 3D Slicer
【专科】: Oral and Maxillofacial Radiology
【应用场景】: Image segmentation and 3D reconstruction
【研究设计】: computational"
biomechanical comparison of different framework materials in mandibular overdenture prosthesis supported with implants of different sizes a finite element analysis,Biomechanical comparison of different framework materials in mandibular overdenture prosthesis supported with implants of different sizes: a finite element analysis,BMC ORAL HEALTH,journalArticle,YUI4LKWS,Güzelce S - 2023 - Biomechanical comparison of different framework materials in mandibular overdenture prosthesis suppo.pdf,EXCLUDE,"抽取的证据片段仅提及""using the Finite Element Analysis (FEA)""及CAD/CAM等泛泛表述，未出现任何该研究自身使用的具名第三方非牙科3D软件（如ANSYS、ABAQUS等）。",-,-,-,-,"【判定】: EXCLUDE
【判定理由】: 抽取的证据片段仅提及""using the Finite Element Analysis (FEA)""及CAD/CAM等泛泛表述，未出现任何该研究自身使用的具名第三方非牙科3D软件（如ANSYS、ABAQUS等）。
【软件】: -
【专科】: -
【应用场景】: -
【研究设计】: -"
investigating the impact of diameters and thread designs on the biomechanics of short implants placed in d4 bone a 3d finite element analysis,Investigating the impact of diameters and thread designs on the Biomechanics of short implants placed in D4 bone: a 3D finite element analysis,BMC ORAL HEALTH,journalArticle,2QFH389T,Alqahtani 等 - 2023 - Investigating the impact of diameters and thread designs on the Biomechanics of short implants place.pdf,INCLUDE,"该研究自身在方法中使用了具名第三方非牙科3D软件，证据片段明确写道""employing the Ansys Workbench R v.18.1 software for modelling and analysis""。",ANSYS Workbench,Implantology,Biomechanical analysis and simulation,computational,"【判定】: INCLUDE
【判定理由】: 该研究自身在方法中使用了具名第三方非牙科3D软件，证据片段明确写道""employing the Ansys Workbench R v.18.1 software for modelling and analysis""。
【软件】: ANSYS Workbench
【专科】: Implantology
【应用场景】: Biomechanical analysis and simulation
【研究设计】: computational"
biomechanical behavior of titanium cobalt chromium zirconia and peek frameworks in implant supported prostheses a dynamic finite element analysis,"Biomechanical behavior of titanium, cobalt-chromium, zirconia, and PEEK frameworks in implant-supported prostheses: a dynamic finite element analysis",BMC ORAL HEALTH,journalArticle,IG7LMPC6,"Sahin Hazir 等 - 2025 - Biomechanical behavior of titanium, cobalt-chromium, zirconia, and PEEK frameworks in implant-suppor.pdf",EXCLUDE,"抽取的证据片段仅泛泛提及""Finite element analysis (FEA)""和""CAD/CAM technology""，未出现任何该研究自身使用的具名第三方非牙科3D软件（如Mimics、ANSYS、ABAQUS等）的具体名称。",-,-,-,-,"【判定】: EXCLUDE
【判定理由】: 抽取的证据片段仅泛泛提及""Finite element analysis (FEA)""和""CAD/CAM technology""，未出现任何该研究自身使用的具名第三方非牙科3D软件（如Mimics、ANSYS、ABAQUS等）的具体名称。
【软件】: -
【专科】: -
【应用场景】: -
【研究设计】: -"
intra oral scan segmentation using deep learning,Intra-oral scan segmentation using deep learning,BMC ORAL HEALTH,journalArticle,37PRIYQ7,Vinayahalingam 等 - 2023 - Intra-oral scan segmentation using deep learning.pdf,EXCLUDE,"该研究仅使用自研深度学习算法（""A deep-learning approach based on PointCNN and 3D U-net""）进行牙齿分割，证据片段中未出现任何该研究自己使用的具名第三方非牙科3D软件。",-,-,-,-,"【判定】: EXCLUDE
【判定理由】: 该研究仅使用自研深度学习算法（""A deep-learning approach based on PointCNN and 3D U-net""）进行牙齿分割，证据片段中未出现任何该研究自己使用的具名第三方非牙科3D软件。
【软件】: -
【专科】: -
【应用场景】: -
【研究设计】: -"
ai powered segmentation of bifid mandibular canals using cbct,AI-powered segmentation of bifid mandibular canals using CBCT,BMC ORAL HEALTH,journalArticle,XYUFR7DJ,Gumussoy 等 - 2025 - AI-powered segmentation of bifid mandibular canals using CBCT..pdf,INCLUDE,"该研究自身在材料与方法中将 DICOM 文件导入 ""3D Slicer® open-source software"" 进行标注，属于使用具名第三方非牙科3D软件处理3D数据。",3D Slicer,Oral and Maxillofacial Radiology,Image segmentation and 3D reconstruction,computational,"【判定】: INCLUDE
【判定理由】: 该研究自身在材料与方法中将 DICOM 文件导入 ""3D Slicer® open-source software"" 进行标注，属于使用具名第三方非牙科3D软件处理3D数据。
【软件】: 3D Slicer
【专科】: Oral and Maxillofacial Radiology
【应用场景】: Image segmentation and 3D reconstruction
【研究设计】: computational"
a finite element analysis study of edentulous model with complete denture to simulate masticatory movement,A Finite Element Analysis Study of Edentulous Model with Complete Denture to Simulate Masticatory Movement,BIOENGINEERING-BASEL,journalArticle,Y74MMKQJ,Lee 等 - 2024 - A Finite Element Analysis Study of Edentulous Model with Complete Denture to Simulate Masticatory Mo.pdf,EXCLUDE,"证据片段中仅提及""Dental computer-aided design software was used to design the denture base and artificial teeth""，未出现任何具名的第三方非牙科3D软件（如Mimics、ANSYS等）被该研究自己使用。",-,-,-,-,"【判定】: EXCLUDE
【判定理由】: 证据片段中仅提及""Dental computer-aided design software was used to design the denture base and artificial teeth""，未出现任何具名的第三方非牙科3D软件（如Mimics、ANSYS等）被该研究自己使用。
【软件】: -
【专科】: -
【应用场景】: -
【研究设计】: -"
effect of the prosthetic index on stress distribution in morse taper connection implant system and peri implant bone a 3d finite element analysis,Effect of the prosthetic index on stress distribution in Morse taper connection implant system and peri-implant bone: a 3D finite element analysis,BMC ORAL HEALTH,journalArticle,AGL676NH,Zhang 等 - 2022 - Effect of the prosthetic index on stress distribution in Morse taper connection implant system and p.pdf,EXCLUDE,"抽取的软件证据片段中仅泛泛提及""finite element analysis (FEA)""方法，未出现任何该研究自身使用的具名第三方非牙科3D软件（如 ANSYS、ABAQUS、Mimics 等）的原文名称。",-,-,-,-,"【判定】: EXCLUDE
【判定理由】: 抽取的软件证据片段中仅泛泛提及""finite element analysis (FEA)""方法，未出现任何该研究自身使用的具名第三方非牙科3D软件（如 ANSYS、ABAQUS、Mimics 等）的原文名称。
【软件】: -
【专科】: -
【应用场景】: -
【研究设计】: -"
three dimensional accuracy of digitally planned orthodontic tooth movement in a fully customized self ligating lingual system,Three-Dimensional Accuracy of Digitally Planned Orthodontic Tooth Movement in a Fully Customized Self-Ligating Lingual System,BIOENGINEERING-BASEL,journalArticle,G9J5IXKK,Arısan和Taner - 2026 - Three-Dimensional Accuracy of Digitally Planned Orthodontic Tooth Movement in a Fully Customized Sel.pdf,INCLUDE,"该研究自身在方法中使用 GOM Inspect 进行三维模型叠加分析，原文为 ""Digital models obtained before treatment (T0), from the setup (TS), and after treatment (T1) were superimposed using a best fit algorithm in GOM Inspect.""",GOM Inspect,Orthodontics,3D data analysis and accuracy assessment,clinical,"【判定】: INCLUDE
【判定理由】: 该研究自身在方法中使用 GOM Inspect 进行三维模型叠加分析，原文为 ""Digital models obtained before treatment (T0), from the setup (TS), and after treatment (T1) were superimposed using a best fit algorithm in GOM Inspect.""
【软件】: GOM Inspect
【专科】: Orthodontics
【应用场景】: 3D data analysis and accuracy assessment
【研究设计】: clinical"
maxi net a 3d ai framework for cbct based maxillofacial defect reconstruction and patient specific implant generation with biomechanical validation,MaxI-Net: A 3D AI Framework for CBCT-Based Maxillofacial Defect Reconstruction and Patient-Specific Implant Generation with Biomechanical Validation.,"Bioengineering (Basel, Switzerland)",journalArticle,65D7NUJE,Juneja 等 - 2026 - MaxI-Net A 3D AI Framework for CBCT-Based Maxillofacial Defect Reconstruction and Patient-Specific.pdf,INCLUDE,"该研究自身在方法中使用 Autodesk Fusion 360 进行植入物内部空腔填充的后处理（""Internal cavity filling of the generated implants was performed as a brief manual post-processing step in Autodesk Fusion 360 prior to biomechanical validation""），并进行了有限元分析。",Autodesk Fusion 360,Oral and Maxillofacial Surgery,Digital design and manufacturing,computational,"【判定】: INCLUDE
【判定理由】: 该研究自身在方法中使用 Autodesk Fusion 360 进行植入物内部空腔填充的后处理（""Internal cavity filling of the generated implants was performed as a brief manual post-processing step in Autodesk Fusion 360 prior to biomechanical validation""），并进行了有限元分析。
【软件】: Autodesk Fusion 360
【专科】: Oral and Maxillofacial Surgery
【应用场景】: Digital design and manufacturing
【研究设计】: computational"
effect of segmentation techniques manual versus semiautomatic on the accuracy of the linear measurements driven from the reconstructed mandibular condyle using cbct,Effect of segmentation techniques (manual versus semiautomatic) on the accuracy of the linear measurements driven from the reconstructed mandibular condyle using CBCT,BMC ORAL HEALTH,journalArticle,REL6ZPC4,El Saket 等 - 2026 - Effect of segmentation techniques (manual versus semiautomatic) on the accuracy of the linear measur.pdf,INCLUDE,"摘要与全文中明确记载""3D Slicer open-source segmentation software was used for manual and semiautomatic segmentation of mandibular condyles from the CBCT images""，即该研究自身使用 3D Slicer 进行三维分割与重建。",3D Slicer,Oral and Maxillofacial Radiology,Image segmentation and 3D reconstruction,in_vitro,"【判定】: INCLUDE
【判定理由】: 摘要与全文中明确记载""3D Slicer open-source segmentation software was used for manual and semiautomatic segmentation of mandibular condyles from the CBCT images""，即该研究自身使用 3D Slicer 进行三维分割与重建。
【软件】: 3D Slicer
【专科】: Oral and Maxillofacial Radiology
【应用场景】: Image segmentation and 3D reconstruction
【研究设计】: in_vitro"
a case series on a new reference in mandibular angles harmonization the frontozygomatic infraorbital line fz iol,A case series on a new reference in mandibular angles harmonization: the Frontozygomatic-Infraorbital Line (FZ-IOL),JOURNAL OF CRANIO-MAXILLOFACIAL SURGERY,journalArticle,A5TW6D8I,Sanz 等 - 2024 - A case series on a new reference in mandibular angles harmonization the Frontozygomatic-Infraorbita.pdf,EXCLUDE,"证据片段仅提到 ""designed virtually using software to reconstruct a 3D image""，未给出任何具名的第三方非牙科3D软件名称，无法确认该研究自身使用了符合标准的具名软件。",-,-,-,-,"【判定】: EXCLUDE
【判定理由】: 证据片段仅提到 ""designed virtually using software to reconstruct a 3D image""，未给出任何具名的第三方非牙科3D软件名称，无法确认该研究自身使用了符合标准的具名软件。
【软件】: -
【专科】: -
【应用场景】: -
【研究设计】: -"
comparison of artificial intelligence based applications for mandible segmentation from established platforms to in house developed software,Comparison of Artificial Intelligence-Based Applications for Mandible Segmentation: From Established Platforms to In-House-Developed Software,BIOENGINEERING-BASEL,journalArticle,FQG9RPPJ,Ileșan 等 - 2023 - Comparison of Artificial Intelligence-Based Applications for Mandible Segmentation From Established.pdf,EXCLUDE,"证据片段仅显示该研究开发并使用""our in-house segmentation software""（自研软件），未提及任何具名的第三方非牙科3D软件被该研究自身使用。",-,-,-,-,"【判定】: EXCLUDE
【判定理由】: 证据片段仅显示该研究开发并使用""our in-house segmentation software""（自研软件），未提及任何具名的第三方非牙科3D软件被该研究自身使用。
【软件】: -
【专科】: -
【应用场景】: -
【研究设计】: -"
deep semi supervised learning for automatic segmentation of inferior alveolar nerve using a convolutional neural network,Deep semi-supervised learning for automatic segmentation of inferior alveolar nerve using a convolutional neural network,BMC ORAL HEALTH,journalArticle,Y4MP5BH5,Lim 等 - 2021 - Deep semi-supervised learning for automatic segmentation of inferior alveolar nerve using a convolut.pdf,EXCLUDE,"证据片段显示该研究仅使用自研的 ""A customized 3D nnU-Net was used for image segmentation""，属于自建深度学习模型，未使用任何具名第三方非牙科3D软件。",-,-,-,-,"【判定】: EXCLUDE
【判定理由】: 证据片段显示该研究仅使用自研的 ""A customized 3D nnU-Net was used for image segmentation""，属于自建深度学习模型，未使用任何具名第三方非牙科3D软件。
【软件】: -
【专科】: -
【应用场景】: -
【研究设计】: -"
finite element analysis fea of stress distribution in platform switched short dental implants,Finite element analysis (FEA) of stress distribution in platform-switched short dental implants.,Bioinformation,journalArticle,DDJDZ2IZ,Gosai 等 - 2024 - Finite element analysis (FEA) of stress distribution in platform-switched short dental implants..pdf,INCLUDE,"该研究自身在材料与方法中使用 ANSYS Workbench 进行三维有限元建模与应力分析，证据原文为 ""ANSYS Workbench was generated for each model.""",ANSYS Workbench,Oral Implantology,Biomechanical analysis and simulation,computational,"【判定】: INCLUDE
【判定理由】: 该研究自身在材料与方法中使用 ANSYS Workbench 进行三维有限元建模与应力分析，证据原文为 ""ANSYS Workbench was generated for each model.""
【软件】: ANSYS Workbench
【专科】: Oral Implantology
【应用场景】: Biomechanical analysis and simulation
【研究设计】: computational"
influence of framework material on biomechanical performance of an all on 4 prosthesis supported by bendable monoblock implants,Influence of Framework Material on Biomechanical Performance of an All-on-4 Prosthesis Supported by Bendable Monoblock Implants,BIOENGINEERING-BASEL,journalArticle,2ZAM6LZB,Bilgi-Ozyetim 等 - 2026 - Influence of Framework Material on Biomechanical Performance of an All-on-4 Prosthesis Supported by.pdf,INCLUDE,"摘要明确说明""three-dimensional solid model of an edentulous mandible was reconstructed from computed tomography data and segmented using 3DSlicer""，即该研究自身在材料与方法中使用 3D Slicer 进行三维重建与分割。",3D Slicer,Prosthodontics,Biomechanical analysis and simulation,computational,"【判定】: INCLUDE
【判定理由】: 摘要明确说明""three-dimensional solid model of an edentulous mandible was reconstructed from computed tomography data and segmented using 3DSlicer""，即该研究自身在材料与方法中使用 3D Slicer 进行三维重建与分割。
【软件】: 3D Slicer
【专科】: Prosthodontics
【应用场景】: Biomechanical analysis and simulation
【研究设计】: computational"
biomechanical comparison of different prosthetic materials and posterior implant angles in all on 4 treatment concept by three dimensional finite element analysis,Biomechanical comparison of different prosthetic materials and posterior implant angles in all-on-4 treatment concept by three-dimensional finite element analysis,BIOMEDICAL ENGINEERING-BIOMEDIZINISCHE TECHNIK,journalArticle,4MCRUAJM,Gürbüz 等 - 2022 - Biomechanical comparison of different prosthetic materials and posterior implant angles in all-on-4.pdf,INCLUDE,"证据片段明确显示该研究自身在材料与方法中使用具名第三方非牙科3D软件：""A 3D model of a idealized and bilaterally symmetric edentulous maxilla was created using the Rhinoceros 4.0 (McNeel) and VRMesh Studio (VirtualGrid, Inc) programs""，并""transferred to the program Algor Fempro (Algor, Inc.) in STL format for analysis""。",Rhinoceros; VRMesh Studio; Algor Fempro,Implantology,Biomechanical analysis and simulation,computational,"【判定】: INCLUDE
【判定理由】: 证据片段明确显示该研究自身在材料与方法中使用具名第三方非牙科3D软件：""A 3D model of a idealized and bilaterally symmetric edentulous maxilla was created using the Rhinoceros 4.0 (McNeel) and VRMesh Studio (VirtualGrid, Inc) programs""，并""transferred to the program Algor Fempro (Algor, Inc.) in STL format for analysis""。
【软件】: Rhinoceros; VRMesh Studio; Algor Fempro
【专科】: Implantology
【应用场景】: Biomechanical analysis and simulation
【研究设计】: computational"
mechanical response of different frameworks for maxillary all on four implant supported fixed dental prosthesis 3d finite element analysis,Mechanical response of different frameworks for maxillary all-on-four implant-supported fixed dental prosthesis: 3D finite element analysis,BIOMEDICAL ENGINEERING-BIOMEDIZINISCHE TECHNIK,journalArticle,3DRR3UYA,Güçlü 等 - 2022 - Mechanical response of different frameworks for maxillary all-on-four implant-supported fixed dental.pdf,INCLUDE,"该研究自身在材料与方法中使用具名第三方非牙科3D软件 3D-Doctor 处理 DICOM 数据，原文为 ""The sections obtained were taken into 3D-Doctor (ABLE Software Corp. Lexington) software in the DICOM 3.0 format.""",3D-Doctor,Prosthodontics,Biomechanical analysis and simulation,computational,"【判定】: INCLUDE
【判定理由】: 该研究自身在材料与方法中使用具名第三方非牙科3D软件 3D-Doctor 处理 DICOM 数据，原文为 ""The sections obtained were taken into 3D-Doctor (ABLE Software Corp. Lexington) software in the DICOM 3.0 format.""
【软件】: 3D-Doctor
【专科】: Prosthodontics
【应用场景】: Biomechanical analysis and simulation
【研究设计】: computational"
biomechanical effects of inclined implant shoulder design in all on four treatment concept a three dimensional finite element analysis,Biomechanical effects of inclined implant shoulder design in all-on-four treatment concept: a three-dimensional finite element analysis,BIOMEDICAL ENGINEERING-BIOMEDIZINISCHE TECHNIK,journalArticle,EQW8VEQK,Aktas和Diker - 2023 - Biomechanical effects of inclined implant shoulder design in all-on-four treatment concept a three-.pdf,INCLUDE,"该研究自身在材料与方法中使用具名第三方非牙科3D软件，如""3D DOCTOR (Able Software Corp...) software was used to construct 3D virtual model""及""ALTAIR Evolve Software was used to edit the scanned implant and abutment models""，并导入""ALTAIR hypermesh software""进行网格划分。",3D DOCTOR; ALTAIR Evolve; ALTAIR HyperMesh,Implantology,Biomechanical analysis and simulation,computational,"【判定】: INCLUDE
【判定理由】: 该研究自身在材料与方法中使用具名第三方非牙科3D软件，如""3D DOCTOR (Able Software Corp...) software was used to construct 3D virtual model""及""ALTAIR Evolve Software was used to edit the scanned implant and abutment models""，并导入""ALTAIR hypermesh software""进行网格划分。
【软件】: 3D DOCTOR; ALTAIR Evolve; ALTAIR HyperMesh
【专科】: Implantology
【应用场景】: Biomechanical analysis and simulation
【研究设计】: computational"
biomechanical optimization of the human bite using numerical analysis based on the finite element method,Biomechanical Optimization of the Human Bite Using Numerical Analysis Based on the Finite Element Method,BIOMIMETICS,journalArticle,DV2DXAL4,González-Martín 等 - 2025 - Biomechanical Optimization of the Human Bite Using Numerical Analysis Based on the Finite Element Me.pdf,INCLUDE,"摘要与正文明确记载 ""A detailed finite element model was developed using Abaqus Standard 2023 software (Dassault Systemes, Vélizy-Villacoublay, France), incorporating scanned 3D geometries of mandibular and maxillary bones""，即该研究自身使用具名第三方非牙科3D软件 Abaqus 进行建模与应力分析。",ABAQUS,Prosthodontics,Biomechanical analysis and simulation,computational,"【判定】: INCLUDE
【判定理由】: 摘要与正文明确记载 ""A detailed finite element model was developed using Abaqus Standard 2023 software (Dassault Systemes, Vélizy-Villacoublay, France), incorporating scanned 3D geometries of mandibular and maxillary bones""，即该研究自身使用具名第三方非牙科3D软件 Abaqus 进行建模与应力分析。
【软件】: ABAQUS
【专科】: Prosthodontics
【应用场景】: Biomechanical analysis and simulation
【研究设计】: computational"
a reliable micro ct based method reveals dynamic changes to alveolar bone and tooth root following ligature induced periodontal injury in the mouse,A reliable micro-CT-based method reveals dynamic changes to alveolar bone and tooth root following ligature-induced periodontal injury in the mouse,BONE,journalArticle,3IEUJSUM,Fu 等 - 2025 - A reliable micro-CT-based method reveals dynamic changes to alveolar bone and tooth root following l.pdf,INCLUDE,"摘要与正文明确说明该研究自身使用 ""3D Slicer software"" 进行小鼠牙周损伤模型 micro-CT 图像的对齐、ROI 选择与分割（""assessing longitudinally the dynamic alveolar bone changes ... using 3D Slicer software""）。",3D Slicer,Periodontology,Image segmentation and 3D reconstruction,computational,"【判定】: INCLUDE
【判定理由】: 摘要与正文明确说明该研究自身使用 ""3D Slicer software"" 进行小鼠牙周损伤模型 micro-CT 图像的对齐、ROI 选择与分割（""assessing longitudinally the dynamic alveolar bone changes ... using 3D Slicer software""）。
【软件】: 3D Slicer
【专科】: Periodontology
【应用场景】: Image segmentation and 3D reconstruction
【研究设计】: computational"
the 3d skull 0 4 years a validated generative statistical shape model,"The 3D skull 0-4?years: A validated, generative, statistical shape model.",Bone reports,journalArticle,UMFZ4A7L,"O' Sullivan 等 - 2021 - The 3D skull 0-4 years A validated, generative, statistical shape model..pdf",INCLUDE,"证据片段明确显示该研究自身使用软件重建颅骨：""The skull anatomy was reconstructed from the CT scans using thresholding in Mimics InPrint 3.0 (Materialise NV, Leuven, Belgium)""。",Mimics InPrint 3.0,Oral and Maxillofacial Surgery,Image segmentation and 3D reconstruction,computational,"【判定】: INCLUDE
【判定理由】: 证据片段明确显示该研究自身使用软件重建颅骨：""The skull anatomy was reconstructed from the CT scans using thresholding in Mimics InPrint 3.0 (Materialise NV, Leuven, Belgium)""。
【软件】: Mimics InPrint 3.0
【专科】: Oral and Maxillofacial Surgery
【应用场景】: Image segmentation and 3D reconstruction
【研究设计】: computational"
three dimensional fea analysis of the stress distribution on titanium and graphene frameworks supported by 3 or 6 implant models,Three-Dimensional FEA Analysis of the Stress Distribution on Titanium and Graphene Frameworks Supported by 3 or 6-Implant Models,BIOMIMETICS,journalArticle,TQG3WKJX,Desai 等 - 2023 - Three-Dimensional FEA Analysis of the Stress Distribution on Titanium and Graphene Frameworks Suppor.pdf,EXCLUDE,"抽取的证据片段仅泛泛提及""FEA (Finite Element Analysis) study was carried out using edentulous mandible models""，未出现任何该研究自身使用的具名第三方非牙科3D软件（如ANSYS、ABAQUS等）。",-,-,-,-,"【判定】: EXCLUDE
【判定理由】: 抽取的证据片段仅泛泛提及""FEA (Finite Element Analysis) study was carried out using edentulous mandible models""，未出现任何该研究自身使用的具名第三方非牙科3D软件（如ANSYS、ABAQUS等）。
【软件】: -
【专科】: -
【应用场景】: -
【研究设计】: -"
evaluation of misfit and stress distribution in implant retained prosthesis obtained by different methods,Evaluation of misfit and stress distribution in implant-retained prosthesis obtained by different methods.,Brazilian dental journal,journalArticle,BV572BCA,Tonin 等 - 2021 - Evaluation of misfit and stress distribution in implant-retained prosthesis obtained by different me.pdf,EXCLUDE,"证据片段中仅出现 ""CAD/CAM (computer-aided design/computer-aided manufacturing) system"" 和统计软件 ""IBM SPSS 21.0 software""，前者为泛指制造方式而非具名第三方非牙科3D软件，后者为统计分析软件而非用于3D数据处理/建模/测量。",-,-,-,-,"【判定】: EXCLUDE
【判定理由】: 证据片段中仅出现 ""CAD/CAM (computer-aided design/computer-aided manufacturing) system"" 和统计软件 ""IBM SPSS 21.0 software""，前者为泛指制造方式而非具名第三方非牙科3D软件，后者为统计分析软件而非用于3D数据处理/建模/测量。
【软件】: -
【专科】: -
【应用场景】: -
【研究设计】: -"
carbon fiber reinforced peek as a framework material for single implant retained mandibular overdentures,Carbon fiber-reinforced PEEK as a framework material for single implant-retained mandibular overdentures,BRAZILIAN ORAL RESEARCH,journalArticle,NMYGPRBY,Borges 等 - 2025 - Carbon fiber-reinforced PEEK as a framework material for single implant-retained mandibular overdent.pdf,INCLUDE,"摘要明确说明""Five models ... were created using the McNeel Rhinoceros 3D software, version 7.0""，Rhinoceros 为具名第三方非牙科3D建模软件，用于本研究自身建模。",Rhinoceros,Prosthodontics,Biomechanical analysis and simulation,computational,"【判定】: INCLUDE
【判定理由】: 摘要明确说明""Five models ... were created using the McNeel Rhinoceros 3D software, version 7.0""，Rhinoceros 为具名第三方非牙科3D建模软件，用于本研究自身建模。
【软件】: Rhinoceros
【专科】: Prosthodontics
【应用场景】: Biomechanical analysis and simulation
【研究设计】: computational"
scanning accuracy of 10 intraoral scanners for single crown and three unit fixed denture preparations an in vitro study,Scanning Accuracy of 10 Intraoral Scanners for Single-crown and Three-unit Fixed Denture Preparations: An In Vitro Study.,The Chinese journal of dental research,journalArticle,SCPVCH8P,1.pdf.pdf,EXCLUDE,"抽取的软件证据片段全部来自无关的激光/光纤传感研究（如""Labview control program""、""fiber sensor array for subsurface carbon dioxide""），与本文口腔扫描精度研究无关；摘要中仅提及""3D image processing software""而未给出任何具名第三方非牙科3D软件。",-,-,-,-,"【判定】: EXCLUDE
【判定理由】: 抽取的软件证据片段全部来自无关的激光/光纤传感研究（如""Labview control program""、""fiber sensor array for subsurface carbon dioxide""），与本文口腔扫描精度研究无关；摘要中仅提及""3D image processing software""而未给出任何具名第三方非牙科3D软件。
【软件】: -
【专科】: -
【应用场景】: -
【研究设计】: -"
three dimensional finite element analysis of different connector designs for all ceramic implant supported fixed dental prostheses,Three-Dimensional Finite Element Analysis of Different Connector Designs for All-Ceramic Implant-Supported Fixed Dental Prostheses.,Ceramics,journalArticle,GBU6N5KA,Alberto 等 - 2022 - Three-Dimensional Finite Element Analysis of Different Connector Designs for All-Ceramic Implant-Sup.pdf,INCLUDE,"摘要与全文中明确记载 ""A finite element analysis (FEA) software (ABAQUS) was used to evaluate the impact of different connector designs on the distribution of stresses""，表明该研究自身在方法中使用 ABAQUS 进行应力分析。",ABAQUS,Prosthodontics,Biomechanical analysis and simulation,computational,"【判定】: INCLUDE
【判定理由】: 摘要与全文中明确记载 ""A finite element analysis (FEA) software (ABAQUS) was used to evaluate the impact of different connector designs on the distribution of stresses""，表明该研究自身在方法中使用 ABAQUS 进行应力分析。
【软件】: ABAQUS
【专科】: Prosthodontics
【应用场景】: Biomechanical analysis and simulation
【研究设计】: computational"
effect of occlusal scheme and bone level implant number and position on stress distribution in kennedy class ii implant assisted removable partial dentures a 3d finite element analysis,Effect of Occlusal Scheme and Bone-Level Implant Number and Position on Stress Distribution in Kennedy Class II Implant-Assisted Removable Partial Dentures: A  3D Finite Element Analysis.,Clinical and experimental dental research,journalArticle,SUBWE4UX,Barati 等 - 2025 - Effect of Occlusal Scheme and Bone-Level Implant Number and Position on Stress Distribution in Kenne.pdf,EXCLUDE,"全文证据片段中仅提及该研究使用牙科专用软件""Exocad/Partial CAD 3.0 Galway""进行RPD设计，未出现任何具名的第三方非牙科3D软件被该研究自身使用。",-,-,-,-,"【判定】: EXCLUDE
【判定理由】: 全文证据片段中仅提及该研究使用牙科专用软件""Exocad/Partial CAD 3.0 Galway""进行RPD设计，未出现任何具名的第三方非牙科3D软件被该研究自身使用。
【软件】: -
【专科】: -
【应用场景】: -
【研究设计】: -"
complete digital workflow for evaluation of the three dimensional monson s sphere using digital scanning,Complete Digital Workflow for Evaluation of the Three-Dimensional Monson's Sphere Using Digital Scanning.,Clinical and experimental dental research,journalArticle,49MIXWYD,Wen 等 - 2025 - Complete Digital Workflow for Evaluation of the Three-Dimensional Monson's Sphere Using Digital Scan.pdf,EXCLUDE,"证据片段仅提及""a reverse engineering software""和""custom software program""，未给出任何具名的第三方非牙科3D软件名称，且明确使用自编程序（custom software）。",-,-,-,-,"【判定】: EXCLUDE
【判定理由】: 证据片段仅提及""a reverse engineering software""和""custom software program""，未给出任何具名的第三方非牙科3D软件名称，且明确使用自编程序（custom software）。
【软件】: -
【专科】: -
【应用场景】: -
【研究设计】: -"
cadaveric study and micro computed tomography of the anatomy of palatine aponeurosis and its link to the soft palate muscles and pharyngeal muscles,Cadaveric Study and Micro-Computed Tomography of the Anatomy of Palatine Aponeurosis and its Link to the Soft Palate Muscles and Pharyngeal Muscles.,The Cleft palate-craniofacial journal : official publication of the American Cleft Palate-Craniofacial Association,journalArticle,GCV6RFJL,Zhao 等 - 2023 - Cadaveric Study and Micro-Computed Tomography of the Anatomy of Palatine Aponeurosis and its Link to.pdf,INCLUDE,"该研究自身在方法中使用 Mimics 软件重建三维模型，原文明确写道 ""all files were imported into Mimics software (Mimics 20.0 ×64; Materialise NV) to reconstruct a 3D model of the muscles""。",Mimics,Oral and Maxillofacial Surgery,Image segmentation and 3D reconstruction,in_vitro,"【判定】: INCLUDE
【判定理由】: 该研究自身在方法中使用 Mimics 软件重建三维模型，原文明确写道 ""all files were imported into Mimics software (Mimics 20.0 ×64; Materialise NV) to reconstruct a 3D model of the muscles""。
【软件】: Mimics
【专科】: Oral and Maxillofacial Surgery
【应用场景】: Image segmentation and 3D reconstruction
【研究设计】: in_vitro"
automated orientation and registration of cone beam computed tomography scans,Automated Orientation and Registration of Cone-Beam Computed Tomography Scans.,"Clinical image-based procedures, fairness of AI in medical imaging, and ethical and philosophical issues in medical imaging : 12th International Workshop, CLIP  2023 1st International Workshop, FAIMI 2023 and 2nd International Workshop, ...",journalArticle,MQGENIRJ,Anchling 等 - 2023 - Automated Orientation and Registration of Cone-Beam Computed Tomography Scans..pdf,EXCLUDE,"该研究提出的是自研的自动化定向与配准工具（""two novel tools to automatically perform the orientation and registration""），3D Slicer 仅作为临床医生使用的平台被提及（""clinicians who utilize the 3D Slicer open-source platform""），并非该研究自身在材料与方法中使用的具名第三方软件。",-,-,-,-,"【判定】: EXCLUDE
【判定理由】: 该研究提出的是自研的自动化定向与配准工具（""two novel tools to automatically perform the orientation and registration""），3D Slicer 仅作为临床医生使用的平台被提及（""clinicians who utilize the 3D Slicer open-source platform""），并非该研究自身在材料与方法中使用的具名第三方软件。
【软件】: -
【专科】: -
【应用场景】: -
【研究设计】: -"
assessment of the application of a novel three dimension printing individualized titanium mesh in alveolar bone augmentation a retrospective study,Assessment of the application of a novel three-dimension printing individualized titanium mesh in alveolar bone augmentation: A retrospective study,CLINICAL IMPLANT DENTISTRY AND RELATED RESEARCH,journalArticle,6BY72ZIY,Liu 等 - 2024 - Assessment of the application of a novel three-dimension printing individualized titanium mesh in al.pdf,EXCLUDE,抽取的证据片段仅涉及CBCT评估、3D打印钛网及骨增量结果，未出现任何该研究自身使用的具名第三方非牙科3D软件（如Mimics、Geomagic等）的原文证据。,-,-,-,-,"【判定】: EXCLUDE
【判定理由】: 抽取的证据片段仅涉及CBCT评估、3D打印钛网及骨增量结果，未出现任何该研究自身使用的具名第三方非牙科3D软件（如Mimics、Geomagic等）的原文证据。
【软件】: -
【专科】: -
【应用场景】: -
【研究设计】: -"
accuracy of digital and conventional implant level impression techniques for maxillary full arch screw retained prosthesis a crossover randomized trial,Accuracy of digital and conventional implant-level impression techniques for maxillary full-arch screw-retained prosthesis: A crossover randomized trial.,Clinical implant dentistry and related research,journalArticle,WUGG7RGX,Jasim 等 - 2024 - Accuracy of digital and conventional implant‐level impression techniques for maxillary full‐arch scr.pdf,INCLUDE,"证据片段明确显示""Geomagic software was used to assess the three-dimensional deviation between the two impression techniques using the superimposition of standard tessellation language files""，即该研究自身使用 Geomagic 进行三维偏差分析。",Geomagic,Implantology,3D data analysis and accuracy assessment,clinical,"【判定】: INCLUDE
【判定理由】: 证据片段明确显示""Geomagic software was used to assess the three-dimensional deviation between the two impression techniques using the superimposition of standard tessellation language files""，即该研究自身使用 Geomagic 进行三维偏差分析。
【软件】: Geomagic
【专科】: Implantology
【应用场景】: 3D data analysis and accuracy assessment
【研究设计】: clinical"
accuracy of static computer assisted implant placement in long span edentulous area by novice implant clinicians a cross sectional in vitro study comparing fully guided pilot guided and freehand implant placement protocols,"Accuracy of static computer-assisted implant placement in long span edentulous area by novice implant clinicians: A cross-sectional in vitro study comparing  fully-guided, pilot-guided, and freehand implant placement protocols.",Clinical implant dentistry and related research,journalArticle,W8628Y5K,Abduo和Lau - 2021 - Accuracy of static computer-assisted implant placement in long span edentulous area by novice implan.pdf,INCLUDE,"该研究自身在材料与方法中使用具名第三方非牙科3D软件进行3D数据处理与测量，原文提到""superimposing the virtual surgical model against the virtual master model by a 3-dimensional rendering software (Geomagic Studio...)""。",Geomagic Studio,Implant Dentistry,3D data analysis and accuracy assessment,in_vitro,"【判定】: INCLUDE
【判定理由】: 该研究自身在材料与方法中使用具名第三方非牙科3D软件进行3D数据处理与测量，原文提到""superimposing the virtual surgical model against the virtual master model by a 3-dimensional rendering software (Geomagic Studio...)""。
【软件】: Geomagic Studio
【专科】: Implant Dentistry
【应用场景】: 3D data analysis and accuracy assessment
【研究设计】: in_vitro"
three in one patient specific surgical guides for simultaneous dental implants in fibula flap jaw reconstruction a prospective case series,“Three-in-one” patient-specific surgical guides for simultaneous dental implants in fibula flap jaw reconstruction: A prospective case series,CLINICAL IMPLANT DENTISTRY AND RELATED RESEARCH,journalArticle,4H956ZKF,Zhu 等 - 2021 - “Three‐in‐one” patient‐specific surgical guides for simultaneous dental implants in fibula flap jaw.pdf,EXCLUDE,"证据片段仅泛泛提及""computer-aided designed and three-dimensional (3D) printed 3-in-1-PSSG""，未出现任何具名的第三方非牙科3D软件被该研究自己使用。",-,-,-,-,"【判定】: EXCLUDE
【判定理由】: 证据片段仅泛泛提及""computer-aided designed and three-dimensional (3D) printed 3-in-1-PSSG""，未出现任何具名的第三方非牙科3D软件被该研究自己使用。
【软件】: -
【专科】: -
【应用场景】: -
【研究设计】: -"
intra oral photogrammetry trueness evaluation of novel technology for implant complete arch digital impression in vitro,Intra Oral Photogrammetry: Trueness Evaluation of Novel Technology for Implant Complete-Arch Digital Impression In Vitro,CLINICAL IMPLANT DENTISTRY AND RELATED RESEARCH,journalArticle,PLCSV5QB,Pozzi 等 - 2025 - Intra Oral Photogrammetry Trueness Evaluation of Novel Technology for Implant Complete‐Arch Digital.pdf,EXCLUDE,"证据片段中出现的具名软件为 ""Hyper Cad S, Cam HyperMill, Open Mind Technologies""（CAM/CAD 软件）及 ""Stata 18""（统计软件），前者用于测量但属 CAD/CAM 领域且证据未明确其为非牙科3D数据处理软件，后者为统计软件而非3D软件；文中 IPG 软件为设备自带专有软件，非第三方具名非牙科3D软件。",-,-,-,-,"【判定】: EXCLUDE
【判定理由】: 证据片段中出现的具名软件为 ""Hyper Cad S, Cam HyperMill, Open Mind Technologies""（CAM/CAD 软件）及 ""Stata 18""（统计软件），前者用于测量但属 CAD/CAM 领域且证据未明确其为非牙科3D数据处理软件，后者为统计软件而非3D软件；文中 IPG 软件为设备自带专有软件，非第三方具名非牙科3D软件。
【软件】: -
【专科】: -
【应用场景】: -
【研究设计】: -"
comparison of different frameworks and implant angulations in all on four and six concepts a finite element analysis,Comparison of Different Frameworks and Implant Angulations in All-On-Four and Six Concepts: A Finite Element Analysis,CLINICAL IMPLANT DENTISTRY AND RELATED RESEARCH,journalArticle,HECHH8ZW,Korkmaz和Aydın - 2025 - Comparison of Different Frameworks and Implant Angulations in All-On-Four and Six Concepts A Finite.pdf,INCLUDE,"证据片段明确显示该研究自身使用 ""Abaqus CAE (Dassault Systems Simulia Corp., Johnston, RI, USA)"" 环境进行建模，并 ""scripted in Python"" 生成上颌骨体积，属于具名第三方非牙科3D软件用于建模与有限元分析。",ABAQUS; Python,Prosthodontics,Biomechanical analysis and simulation,computational,"【判定】: INCLUDE
【判定理由】: 证据片段明确显示该研究自身使用 ""Abaqus CAE (Dassault Systems Simulia Corp., Johnston, RI, USA)"" 环境进行建模，并 ""scripted in Python"" 生成上颌骨体积，属于具名第三方非牙科3D软件用于建模与有限元分析。
【软件】: ABAQUS; Python
【专科】: Prosthodontics
【应用场景】: Biomechanical analysis and simulation
【研究设计】: computational"
artificial intelligence and mixed reality for dental implant planning a technical note,Artificial intelligence and mixed reality for dental implant planning: A technical note,CLINICAL IMPLANT DENTISTRY AND RELATED RESEARCH,journalArticle,AY74A6GH,Mangano 等 - 2024 - Artificial intelligence and mixed reality for dental implant planning A technical note..pdf,EXCLUDE,"证据片段中仅泛泛提及""AI software""、""MR software""、""open-source software""，未给出任何具名的第三方非牙科3D软件名称，无法确认该研究自身使用了具名软件。",-,-,-,-,"【判定】: EXCLUDE
【判定理由】: 证据片段中仅泛泛提及""AI software""、""MR software""、""open-source software""，未给出任何具名的第三方非牙科3D软件名称，无法确认该研究自身使用了具名软件。
【软件】: -
【专科】: -
【应用场景】: -
【研究设计】: -"
comparison of the accuracy of implant placement using different drilling systems for static computer assisted implant surgery a simulation based experimental study,Comparison of the accuracy of implant placement using different drilling systems for static computer-assisted implant surgery: A simulation-based experimental study,CLINICAL IMPLANT DENTISTRY AND RELATED RESEARCH,journalArticle,CWYF2FX9,Sittikornpaiboon 等 - 2021 - Comparison of the accuracy of implant placement using different drilling systems for static span st.pdf,INCLUDE,"该研究自身在材料与方法中使用 Meshmixer 软件设计数字模型（""imported into ... Meshmixer software version 3.5.474 (Autodesk Inc., California) in order to design and create a proper digital horseshoe-shaped full-arch model""），并用 Netfabb Premium 2020 处理模型文件（""exported to Netfabb Premium 2020 software""）。",Meshmixer; Netfabb,Implantology,Digital design and manufacturing,in_vitro,"【判定】: INCLUDE
【判定理由】: 该研究自身在材料与方法中使用 Meshmixer 软件设计数字模型（""imported into ... Meshmixer software version 3.5.474 (Autodesk Inc., California) in order to design and create a proper digital horseshoe-shaped full-arch model""），并用 Netfabb Premium 2020 处理模型文件（""exported to Netfabb Premium 2020 software""）。
【软件】: Meshmixer; Netfabb
【专科】: Implantology
【应用场景】: Digital design and manufacturing
【研究设计】: in_vitro"
computer assisted bone augmentation implant planning and placement an in vitro investigation,"Computer-assisted bone augmentation, implant planning and placement: An in vitro investigation",CLINICAL ORAL IMPLANTS RESEARCH,journalArticle,XFVSNR6Q,"Unger 等 - 2023 - Computer-assisted bone augmentation, implant planning and placement An in vitro investigation..pdf",INCLUDE,"该研究自身在材料与方法中使用具名第三方非牙科3D软件处理CBCT数据：""The DICOM file of the CBCT was processed by using a segmentation software (Brainlab, Brainlab AG), and a digital 3D reconstruction of the mandible was exported as an STL file.""",Brainlab,Oral and Maxillofacial Surgery,Image segmentation and 3D reconstruction,in_vitro,"【判定】: INCLUDE
【判定理由】: 该研究自身在材料与方法中使用具名第三方非牙科3D软件处理CBCT数据：""The DICOM file of the CBCT was processed by using a segmentation software (Brainlab, Brainlab AG), and a digital 3D reconstruction of the mandible was exported as an STL file.""
【软件】: Brainlab
【专科】: Oral and Maxillofacial Surgery
【应用场景】: Image segmentation and 3D reconstruction
【研究设计】: in_vitro"
validation of a novel ai based automated multimodal image registration of cbct and intraoral scan aiding presurgical implant planning,Validation of a novel AI-based automated multimodal image registration of CBCT and intraoral scan aiding presurgical implant planning,CLINICAL ORAL IMPLANTS RESEARCH,journalArticle,53KUMU6R,Elgarba 等 - 2024 - Validation of a novel AI ‐based automated multimodal i.pdf,EXCLUDE,"证据片段仅描述该研究验证了一种""novel artificial intelligence (AI)-driven automated tool""用于CBCT与IOS配准，未提及任何具名的第三方非牙科3D软件（如Mimics、3D Slicer等）被该研究自己使用。",-,-,-,-,"【判定】: EXCLUDE
【判定理由】: 证据片段仅描述该研究验证了一种""novel artificial intelligence (AI)-driven automated tool""用于CBCT与IOS配准，未提及任何具名的第三方非牙科3D软件（如Mimics、3D Slicer等）被该研究自己使用。
【软件】: -
【专科】: -
【应用场景】: -
【研究设计】: -"
clinical evaluation of autonomous robotic assisted full arch implant surgery a 1 year prospective clinical study,Clinical evaluation of autonomous robotic-assisted full-arch implant surgery: A 1-year prospective clinical study.,Clinical oral implants research,journalArticle,ECIFX957,Xie 等 - 2024 - Clinical evaluation of autonomous robotic-assisted full-arch implant surgery A 1-year prospective c.pdf,EXCLUDE,"证据片段中唯一具名的软件为""DentalNavi 2.2, YakeRobot Technology Ltd, China""，属于机器人系统自带的专用软件，并非原始开发领域在牙科之外的第三方非牙科3D软件（如 Mimics、3D Slicer、Geomagic 等）。",-,-,-,-,"【判定】: EXCLUDE
【判定理由】: 证据片段中唯一具名的软件为""DentalNavi 2.2, YakeRobot Technology Ltd, China""，属于机器人系统自带的专用软件，并非原始开发领域在牙科之外的第三方非牙科3D软件（如 Mimics、3D Slicer、Geomagic 等）。
【软件】: -
【专科】: -
【应用场景】: -
【研究设计】: -"
accuracy and safety of a haptic operated and machine vision controlled collaborative robot for dental implant placement a translational study,Accuracy and safety of a haptic operated and machine vision controlled collaborative robot for dental implant placement: A?translational study.,Clinical oral implants research,journalArticle,MXRP67U6,Qiao 等 - 2023 - Accuracy and safety of a haptic operated and machine vision controlled collaborative robot for denta.pdf,EXCLUDE,"证据片段中唯一具名的软件为""planning software (Naviguide, v.1.2.9.0, Shecheng Co. Ltd.)""，属于牙科专用导航/规划软件，未见该研究自身使用任何具名的第三方非牙科3D软件。",-,-,-,-,"【判定】: EXCLUDE
【判定理由】: 证据片段中唯一具名的软件为""planning software (Naviguide, v.1.2.9.0, Shecheng Co. Ltd.)""，属于牙科专用导航/规划软件，未见该研究自身使用任何具名的第三方非牙科3D软件。
【软件】: -
【专科】: -
【应用场景】: -
【研究设计】: -"
does the geometry of scan bodies affect the alignment accuracy of computer aided design in implant digital workflow an in vitro study,/Does the geometry of scan bodies affect the alignment accuracy of computer-aided design in implant digital workflow: An in vitro study?,CLINICAL ORAL IMPLANTS RESEARCH,journalArticle,GAYWQD7W,Pan 等 - 2022 - Does the geometry of scan bodies affect the alignment accuracy of computer-aided design in implant d.pdf,EXCLUDE,"证据片段仅提及""a dental-specific CAD software""和""an inspection software""，均未给出任何具名的第三方非牙科3D软件名称，无法确认使用了符合纳入标准的软件。",-,-,-,-,"【判定】: EXCLUDE
【判定理由】: 证据片段仅提及""a dental-specific CAD software""和""an inspection software""，均未给出任何具名的第三方非牙科3D软件名称，无法确认使用了符合纳入标准的软件。
【软件】: -
【专科】: -
【应用场景】: -
【研究设计】: -"
research on the dimensional accuracy of customized bone augmentation combined with 3d printing individualized titanium mesh a retrospective case series study,Research on the dimensional accuracy of customized bone augmentation combined with 3D-printing individualized titanium mesh: A retrospective case series study,CLINICAL IMPLANT DENTISTRY AND RELATED RESEARCH,journalArticle,84KPWKRW,Li 等 - 2021 - Research on the dimensional accuracy of customized bone augmentation combined with span style=font.pdf,INCLUDE,"该研究自身在材料与方法中使用 Materialize 3-matic 软件进行三维重建数据的叠加分析，原文明确写道 ""The dimensional differences were evaluated by superimposition using the Materialize 3-matic software.""",Materialize 3-matic,Implant Dentistry,3D data analysis and accuracy assessment,clinical,"【判定】: INCLUDE
【判定理由】: 该研究自身在材料与方法中使用 Materialize 3-matic 软件进行三维重建数据的叠加分析，原文明确写道 ""The dimensional differences were evaluated by superimposition using the Materialize 3-matic software.""
【软件】: Materialize 3-matic
【专科】: Implant Dentistry
【应用场景】: 3D data analysis and accuracy assessment
【研究设计】: clinical"
automatic virtual reconstruction of maxillofacial bone defects assisted by icp iterative closest point algorithm and normal people database,Automatic virtual reconstruction of maxillofacial bone defects assisted by ICP (iterative closest point) algorithm and normal people database,CLINICAL ORAL INVESTIGATIONS,journalArticle,F6T9LBCV,Jie 等 - 2022 - Automatic virtual reconstruction of maxillofacial bone defects assisted by ICP (iterative closest po.pdf,EXCLUDE,"证据片段仅显示该研究开发了""Modified iterative closest point (ICP) algorithm""这一自研算法，未提及使用任何具名的第三方非牙科3D软件（如Mimics、3D Slicer、Geomagic等）。",-,-,-,-,"【判定】: EXCLUDE
【判定理由】: 证据片段仅显示该研究开发了""Modified iterative closest point (ICP) algorithm""这一自研算法，未提及使用任何具名的第三方非牙科3D软件（如Mimics、3D Slicer、Geomagic等）。
【软件】: -
【专科】: -
【应用场景】: -
【研究设计】: -"
local mechanical stresses can explain the mechanoregulation of bone healing after mandibular reconstruction an in silico study,Local mechanical stresses can explain the mechanoregulation of bone healing after mandibular reconstruction: an in silico study,CLINICAL ORAL INVESTIGATIONS,journalArticle,IP9HNSDB,Orassi 等 - 2025 - Local mechanical stresses can explain the mechanoregulation of bone healing after mandibular reconst.pdf,EXCLUDE,"证据片段仅泛泛提及""finite element analysis (FEA)""和""finite element model (FEM)""，未出现任何具名的第三方非牙科3D软件（如 ANSYS、ABAQUS、COMSOL 等）被该研究自己使用。",-,-,-,-,"【判定】: EXCLUDE
【判定理由】: 证据片段仅泛泛提及""finite element analysis (FEA)""和""finite element model (FEM)""，未出现任何具名的第三方非牙科3D软件（如 ANSYS、ABAQUS、COMSOL 等）被该研究自己使用。
【软件】: -
【专科】: -
【应用场景】: -
【研究设计】: -"
an open deep learning based framework and model for tooth instance segmentation in dental cbct,An open deep learning-based framework and model for tooth instance segmentation in dental CBCT,CLINICAL ORAL INVESTIGATIONS,journalArticle,MXANGCGS,Zhou 等 - 2025 - An open deep learning-based framework and model for tooth instance segmentation in dental CBCT.pdf,INCLUDE,"该研究将自研的 OralSeg 模型""integrated into the 3D Slicer platform""，3D Slicer 为具名的第三方非牙科3D软件，用于 CBCT 图像分割。",3D Slicer,Oral and Maxillofacial Radiology,Image segmentation and 3D reconstruction,computational,"【判定】: INCLUDE
【判定理由】: 该研究将自研的 OralSeg 模型""integrated into the 3D Slicer platform""，3D Slicer 为具名的第三方非牙科3D软件，用于 CBCT 图像分割。
【软件】: 3D Slicer
【专科】: Oral and Maxillofacial Radiology
【应用场景】: Image segmentation and 3D reconstruction
【研究设计】: computational"
multi objective optimization for enhanced digitalization in direct 3d printing an application in dentistry,Multi-objective optimization for enhanced digitalization in direct 3D printing: an application in dentistry,CLINICAL ORAL INVESTIGATIONS,journalArticle,EEF8CDJW,Sharma 等 - 2025 - Multi-objective optimization for enhanced digitalization in direct 3D printing an application in de.pdf,EXCLUDE,"证据片段仅提及使用多目标非支配排序遗传算法II（""processed using the multi-objective Non-dominated sorting Genetic algorithm II""）及响应面法，未出现任何具名的第三方非牙科3D软件被该研究自己使用。",-,-,-,-,"【判定】: EXCLUDE
【判定理由】: 证据片段仅提及使用多目标非支配排序遗传算法II（""processed using the multi-objective Non-dominated sorting Genetic algorithm II""）及响应面法，未出现任何具名的第三方非牙科3D软件被该研究自己使用。
【软件】: -
【专科】: -
【应用场景】: -
【研究设计】: -"
the effect of mandibular advancement on pharyngeal airway space in patients with oral squamous cell carcinoma a monocentric prospective study with computed tomography,The effect of mandibular advancement on pharyngeal airway space in patients with oral squamous cell carcinoma: A monocentric prospective study with computed tomography,CLINICAL ORAL INVESTIGATIONS,journalArticle,4GCSCPFE,Ritschl 等 - 2025 - The effect of mandibular advancement on pharyngeal airway space in patients with oral squamous cell.pdf,INCLUDE,"证据片段明确显示该研究自身使用了具名第三方非牙科3D软件：""The open-source software Slicer was used to calculate three parameters: minimum cross-sectional area (minCSA), mean cross-sectional area (meanCSA), and volume.""",3D Slicer,Oral and Maxillofacial Surgery,Image segmentation and 3D reconstruction,clinical,"【判定】: INCLUDE
【判定理由】: 证据片段明确显示该研究自身使用了具名第三方非牙科3D软件：""The open-source software Slicer was used to calculate three parameters: minimum cross-sectional area (minCSA), mean cross-sectional area (meanCSA), and volume.""
【软件】: 3D Slicer
【专科】: Oral and Maxillofacial Surgery
【应用场景】: Image segmentation and 3D reconstruction
【研究设计】: clinical"
feasibility and accuracy assessment of ai driven incisor restoration using 3d point cloud data,Feasibility and accuracy assessment of AI-driven incisor restoration using 3D point cloud data,CLINICAL ORAL INVESTIGATIONS,journalArticle,652AE8BH,Ma 等 - 2025 - Feasibility and accuracy assessment of AI-driven incisor restoration using 3D point cloud data.pdf,INCLUDE,"摘要材料与方法中明确写明""Missing maxillary right central incisors were simulated using Geomagic Wrap""，即该研究自身使用了具名第三方非牙科3D软件 Geomagic Wrap 进行3D数据处理。",Geomagic Wrap,Prosthodontics,Digital design and manufacturing,computational,"【判定】: INCLUDE
【判定理由】: 摘要材料与方法中明确写明""Missing maxillary right central incisors were simulated using Geomagic Wrap""，即该研究自身使用了具名第三方非牙科3D软件 Geomagic Wrap 进行3D数据处理。
【软件】: Geomagic Wrap
【专科】: Prosthodontics
【应用场景】: Digital design and manufacturing
【研究设计】: computational"
three dimensional volumetric evaluation of dental pulp cavity tooth ratio in anterior open bite malocclusion using cone beam computed tomography,Three-dimensional volumetric evaluation of dental pulp cavity/tooth ratio in anterior open bite malocclusion using cone beam computed tomography,CLINICAL ORAL INVESTIGATIONS,journalArticle,MKQJRINH,Kuharattanachai 等 - 2022 - Three-dimensional volumetric evaluation of dental pulp cavitytooth ratio in anterior open bite malo.pdf,INCLUDE,"该研究自身在材料与方法中使用具名第三方非牙科3D软件，证据原文为 ""converted to the STL format using a specific software program (Mimics Research software version 17.0, Materialise, Leuven, Belgium)""，并用于分割与三维重建。",Mimics Research,Orthodontics,Image segmentation and 3D reconstruction,clinical,"【判定】: INCLUDE
【判定理由】: 该研究自身在材料与方法中使用具名第三方非牙科3D软件，证据原文为 ""converted to the STL format using a specific software program (Mimics Research software version 17.0, Materialise, Leuven, Belgium)""，并用于分割与三维重建。
【软件】: Mimics Research
【专科】: Orthodontics
【应用场景】: Image segmentation and 3D reconstruction
【研究设计】: clinical"
comparative analysis of volumetric changes between resection volume of oral tongue cancer and post operative volume of radial forearm flaps,Comparative analysis of volumetric changes between resection volume of oral tongue cancer and post operative volume of radial forearm flaps,CLINICAL ORAL INVESTIGATIONS,journalArticle,PXTMHV7H,Zirk 等 - 2024 - Comparative analysis of volumetric changes between resection volume of oral tongue cancer and post o.pdf,INCLUDE,"摘要与全文中明确写明 ""The volume of the desired structure was quantified using semi-automatic segmentation using the software ITK-SNAP""，即该研究自身在材料与方法中使用 ITK-SNAP 进行三维分割与体积测量。",ITK-SNAP,Oral and Maxillofacial Surgery,Image segmentation and 3D reconstruction,clinical,"【判定】: INCLUDE
【判定理由】: 摘要与全文中明确写明 ""The volume of the desired structure was quantified using semi-automatic segmentation using the software ITK-SNAP""，即该研究自身在材料与方法中使用 ITK-SNAP 进行三维分割与体积测量。
【软件】: ITK-SNAP
【专科】: Oral and Maxillofacial Surgery
【应用场景】: Image segmentation and 3D reconstruction
【研究设计】: clinical"
three dimensional assessment of tongue cancer prognosis by preoperative mri,Three-dimensional assessment of tongue cancer prognosis by preoperative MRI,ORAL DISEASES,journalArticle,5I4SSN7M,Li 等 - 2023 - Three‐dimensional assessment of tongue cancer prognosis by preoperative MRI.pdf,INCLUDE,"原文明确说明""the tumor and tongue body area was segmented through ITK-SNAP. A 3D model reproduction and volume measurement were continued through 3D Sliver""，即该研究自身使用了 ITK-SNAP 和 3D Slicer 进行分割与三维重建测量。",ITK-SNAP; 3D Slicer,Oral and Maxillofacial Surgery,Image segmentation and 3D reconstruction,clinical,"【判定】: INCLUDE
【判定理由】: 原文明确说明""the tumor and tongue body area was segmented through ITK-SNAP. A 3D model reproduction and volume measurement were continued through 3D Sliver""，即该研究自身使用了 ITK-SNAP 和 3D Slicer 进行分割与三维重建测量。
【软件】: ITK-SNAP; 3D Slicer
【专科】: Oral and Maxillofacial Surgery
【应用场景】: Image segmentation and 3D reconstruction
【研究设计】: clinical"
a mixed reality based navigation method for dental implant navigation method a pilot study,A mixed reality-based navigation method for dental implant navigation method: A pilot study,COMPUTERS IN BIOLOGY AND MEDICINE,journalArticle,HFL89TH9,Liu 等 - 2023 - A mixed reality-based navigation method for dental implant navigation method A pilot study.pdf,INCLUDE,"证据片段明确显示该研究自身使用了非牙科3D软件：""The Autodesk Inventor 3D Computer Aided Design (CAD) software was used""，用于3D重建植入手机、种植体和钻针等器械。",Autodesk Inventor,Implantology,Digital design and manufacturing,in_vitro,"【判定】: INCLUDE
【判定理由】: 证据片段明确显示该研究自身使用了非牙科3D软件：""The Autodesk Inventor 3D Computer Aided Design (CAD) software was used""，用于3D重建植入手机、种植体和钻针等器械。
【软件】: Autodesk Inventor
【专科】: Implantology
【应用场景】: Digital design and manufacturing
【研究设计】: in_vitro"
3d model construction and biomechanical analysis of temporomandibular joint disc perforation based on arthrography,3D model construction and biomechanical analysis of temporomandibular joint disc perforation based on arthrography,JOURNAL OF STOMATOLOGY ORAL AND MAXILLOFACIAL SURGERY,journalArticle,2HHCZJZ3,Wang 等 - 2025 - 3D model construction and biomechanical analysis of temporomandibular joint disc perforation based o.pdf,EXCLUDE,"证据片段中仅泛泛提及""Imaging modeling software was used to reconstruct and measure the DICOM files in 3D""和""biomechanical analysis software""，未出现任何具名的第三方非牙科3D软件名称。",-,-,-,-,"【判定】: EXCLUDE
【判定理由】: 证据片段中仅泛泛提及""Imaging modeling software was used to reconstruct and measure the DICOM files in 3D""和""biomechanical analysis software""，未出现任何具名的第三方非牙科3D软件名称。
【软件】: -
【专科】: -
【应用场景】: -
【研究设计】: -"
dental measurement procedure based on 3d analysis and data processing,Dental measurement procedure based on 3D analysis and data processing.,Computers in biology and medicine,journalArticle,WV2YRJPV,Berenguer-Vidal 等 - 2025 - Dental measurement procedure based on 3D analysis and data processing..pdf,EXCLUDE,证据片段中仅提及使用 Aidite® A-IS Pro 牙科扫描仪进行数字化，以及自研的 AIDDA® 算法系统，未出现任何具名的第三方非牙科3D软件被该研究自己使用。,-,-,-,-,"【判定】: EXCLUDE
【判定理由】: 证据片段中仅提及使用 Aidite® A-IS Pro 牙科扫描仪进行数字化，以及自研的 AIDDA® 算法系统，未出现任何具名的第三方非牙科3D软件被该研究自己使用。
【软件】: -
【专科】: -
【应用场景】: -
【研究设计】: -"
two piece versus single piece patient specific titanium subperiosteal implants in atrophied edentulous mandibles a finite element analysis,Two-piece versus single-piece patient-specific titanium subperiosteal implants in atrophied edentulous mandibles: A finite element analysis.,Computers in biology and medicine,journalArticle,8DSDLZHX,Roshdy 等 - 2025 - Two-piece versus single-piece patient-specific titanium subperiosteal implants in atrophied edentulo.pdf,INCLUDE,"该研究自身在材料与方法中使用 Materialise Mimics 19.0 软件从 DICOM 文件重建下颌骨三维模型（""imported as DICOM files into Materialise Mimics 19.0 software""），属于具名第三方非牙科3D软件。",Materialise Mimics,Prosthodontics,Biomechanical analysis and simulation,computational,"【判定】: INCLUDE
【判定理由】: 该研究自身在材料与方法中使用 Materialise Mimics 19.0 软件从 DICOM 文件重建下颌骨三维模型（""imported as DICOM files into Materialise Mimics 19.0 software""），属于具名第三方非牙科3D软件。
【软件】: Materialise Mimics
【专科】: Prosthodontics
【应用场景】: Biomechanical analysis and simulation
【研究设计】: computational"
biomechanical behavior of implant retained prostheses in the posterior maxilla using different materials a finite element study,Biomechanical behavior of implant retained prostheses in the posterior maxilla using different materials: a finite element study,BMC ORAL HEALTH,journalArticle,4Z274IMC,Aboelfadl 等 - 2024 - Biomechanical behavior of implant retained prostheses in the posterior maxilla using different mater.pdf,INCLUDE,"该研究自身在方法中使用具名第三方非牙科3D软件，原文明确写道""The 3D modeling software Mimics Innovation Suite (Mimics 14.0 / 3-matic 7.01; Materialise, Leuven, Belgium) was used""，并导入有限元软件 Marc/Mentat 进行力学分析。",Mimics Innovation Suite (Mimics 14.0); 3-matic 7.01; Marc/Mentat,Prosthodontics,Biomechanical analysis and simulation,computational,"【判定】: INCLUDE
【判定理由】: 该研究自身在方法中使用具名第三方非牙科3D软件，原文明确写道""The 3D modeling software Mimics Innovation Suite (Mimics 14.0 / 3-matic 7.01; Materialise, Leuven, Belgium) was used""，并导入有限元软件 Marc/Mentat 进行力学分析。
【软件】: Mimics Innovation Suite (Mimics 14.0); 3-matic 7.01; Marc/Mentat
【专科】: Prosthodontics
【应用场景】: Biomechanical analysis and simulation
【研究设计】: computational"
unilateral condylar hyperplasia a thee dimensional cbct morphometric and volumetric evaluation of mandibular condyle by open source softwares,Unilateral Condylar Hyperplasia: A Thee-Dimensional CBCT Morphometric and Volumetric Evaluation of Mandibular Condyle by Open-Source Softwares,INTERNATIONAL JOURNAL OF MORPHOLOGY,journalArticle,HGU9YKI5,De-Stefano 等 - 2021 - Unilateral Condylar Hyperplasia A Thee-Dimensional CBCT Morphometric and Volumetric Evaluation of M.pdf,INCLUDE,"该研究自身在材料与方法中使用具名第三方非牙科3D软件，原文明确写道 ""The image obtained from the CBCT of each condyle were reconstructed using the open-source software 3D SLICER 4.6"" 以及 ""measurements ... were made using the open-source software NETFABB basic 5.0""。",3D Slicer; Netfabb,Oral and Maxillofacial Surgery,Image segmentation and 3D reconstruction,clinical,"【判定】: INCLUDE
【判定理由】: 该研究自身在材料与方法中使用具名第三方非牙科3D软件，原文明确写道 ""The image obtained from the CBCT of each condyle were reconstructed using the open-source software 3D SLICER 4.6"" 以及 ""measurements ... were made using the open-source software NETFABB basic 5.0""。
【软件】: 3D Slicer; Netfabb
【专科】: Oral and Maxillofacial Surgery
【应用场景】: Image segmentation and 3D reconstruction
【研究设计】: clinical"
the influence of framework material on stress distribution in maxillary complete arch fixed prostheses supported by four dental implants a three dimensional finite element analysis,The influence of framework material on stress distribution in maxillary complete-arch fixed prostheses supported by four dental implants: a three-dimensional finite element analysis,COMPUTER METHODS IN BIOMECHANICS AND BIOMEDICAL ENGINEERING,journalArticle,AQ7UL4F3,Dayan和Geckili - 2021 - The influence of framework material on stress distribution in maxillary complete-arch fixed prosthes.pdf,INCLUDE,"该研究自身在材料与方法中使用具名第三方非牙科3D软件 3D-Doctor 进行三维重建，原文为 ""Volumetric data were reconstructed in 0.2-mm slices and exported to 3D-Doctor (Able Software Corp., MA, USA) in DICOM 3.0 format.""",3D-Doctor,Prosthodontics,Biomechanical analysis and simulation,computational,"【判定】: INCLUDE
【判定理由】: 该研究自身在材料与方法中使用具名第三方非牙科3D软件 3D-Doctor 进行三维重建，原文为 ""Volumetric data were reconstructed in 0.2-mm slices and exported to 3D-Doctor (Able Software Corp., MA, USA) in DICOM 3.0 format.""
【软件】: 3D-Doctor
【专科】: Prosthodontics
【应用场景】: Biomechanical analysis and simulation
【研究设计】: computational"
is there a need to increase palatal root torque of upper incisors in lingual appliance a finite element analysis,Is There a Need to Increase Palatal Root Torque of Upper Incisors in Lingual Appliance? A Finite Element Analysis.,Contemporary clinical dentistry,journalArticle,NTBICZNM,Lekshmi 等 - 2020 - Is There a Need to Increase Palatal Root Torque of Upper Incisors in Lingual Appliance A Finite Ele.pdf,INCLUDE,"该研究自身在方法中使用""the computer program Hypermesh. 13.0""生成上颌三维几何模型，并使用""The finite element program ANSYS 12.1""计算扭矩与位移。",HyperMesh; ANSYS,Orthodontics,Biomechanical analysis and simulation,computational,"【判定】: INCLUDE
【判定理由】: 该研究自身在方法中使用""the computer program Hypermesh. 13.0""生成上颌三维几何模型，并使用""The finite element program ANSYS 12.1""计算扭矩与位移。
【软件】: HyperMesh; ANSYS
【专科】: Orthodontics
【应用场景】: Biomechanical analysis and simulation
【研究设计】: computational"
stress distribution on implant supported zirconia crown of maxillary first molar effect of oblique load on natural and antagonist tooth,Stress distribution on implant- supported zirconia crown of maxillary first molar: effect of oblique load on natural and antagonist tooth,COMPUTER METHODS IN BIOMECHANICS AND BIOMEDICAL ENGINEERING,journalArticle,GUATC4KK,Leandro 等 - 2024 - Stress distribution on implant- supported zirconia crown of maxillary first molar effect of oblique.pdf,INCLUDE,"该研究自身在材料与方法中使用 Rhinoceros 进行三维建模，原文明确写道 ""The models were virtually designed in a CAD (Computer Aided Design) (Rhinoceros) program (Rhinoceros 3D 2019)""。",Rhinoceros,Prosthodontics,Biomechanical analysis and simulation,computational,"【判定】: INCLUDE
【判定理由】: 该研究自身在材料与方法中使用 Rhinoceros 进行三维建模，原文明确写道 ""The models were virtually designed in a CAD (Computer Aided Design) (Rhinoceros) program (Rhinoceros 3D 2019)""。
【软件】: Rhinoceros
【专科】: Prosthodontics
【应用场景】: Biomechanical analysis and simulation
【研究设计】: computational"
influence of implant dimensions in the resorbed and bone augmented mandible a finite element study,Influence of Implant Dimensions in the Resorbed and Bone Augmented Mandible: A Finite Element Study.,Contemporary clinical dentistry,journalArticle,6KRL8HF5,Forna 等 - 2020 - Influence of Implant Dimensions in the Resorbed and Bone Augmented Mandible A Finite Element Study.pdf,EXCLUDE,抽取的全文证据片段仅提及有限元分析（FEA）方法和CBCT来源的3D模型，未出现任何该研究自身使用的具名第三方非牙科3D软件（如ANSYS、ABAQUS等）的原文证据。,-,-,-,-,"【判定】: EXCLUDE
【判定理由】: 抽取的全文证据片段仅提及有限元分析（FEA）方法和CBCT来源的3D模型，未出现任何该研究自身使用的具名第三方非牙科3D软件（如ANSYS、ABAQUS等）的原文证据。
【软件】: -
【专科】: -
【应用场景】: -
【研究设计】: -"
automated generation of implant supported bar attachment system for patient specific edentulous mandible parametric modelling and finite element analysis,Automated generation of implant-supported bar attachment system for patient-specific edentulous mandible: parametric modelling and finite element analysis,COMPUTER METHODS IN BIOMECHANICS AND BIOMEDICAL ENGINEERING,journalArticle,GR6A932U,Jemaa 等 - 2025 - Automated generation of implant-supported bar attachment system for patient-specific edentulous mand.pdf,EXCLUDE,"该研究自述""algorithm was implemented in Grasshopper""，属于自研算法/参数化建模程序，证据片段中未出现任何具名的第三方非牙科3D软件被该研究自己使用。",-,-,-,-,"【判定】: EXCLUDE
【判定理由】: 该研究自述""algorithm was implemented in Grasshopper""，属于自研算法/参数化建模程序，证据片段中未出现任何具名的第三方非牙科3D软件被该研究自己使用。
【软件】: -
【专科】: -
【应用场景】: -
【研究设计】: -"
how to predict the future face a 3d methodology to forecast the aspect of patients after orthognathic surgeries,How to predict the future face? A 3D methodology to forecast the aspect of patients after orthognathic surgeries,COMPUTER METHODS AND PROGRAMS IN BIOMEDICINE,journalArticle,LER47S6U,Olivetti 等 - 2025 - How to predict the future face A 3D methodology to forecast the aspect of patients after orthognath.pdf,EXCLUDE,"证据片段中仅泛泛提及商业预测软件（如 ""ProPlan CMF""、""Dolphin Imaging""）用于讨论他人研究，未显示该研究自身在材料与方法中使用任何具名的第三方非牙科3D软件，其方法为 ""Tailored image processing and volume reconstruction techniques""。",-,-,-,-,"【判定】: EXCLUDE
【判定理由】: 证据片段中仅泛泛提及商业预测软件（如 ""ProPlan CMF""、""Dolphin Imaging""）用于讨论他人研究，未显示该研究自身在材料与方法中使用任何具名的第三方非牙科3D软件，其方法为 ""Tailored image processing and volume reconstruction techniques""。
【软件】: -
【专科】: -
【应用场景】: -
【研究设计】: -"
automatic pulp and teeth three dimensional modeling of single and multi rooted teeth based on cone beam computed tomography imaging a promising approach with clinical and therapeutic outcomes,Automatic Pulp and Teeth Three-Dimensional Modeling of Single and Multi-Rooted Teeth Based on Cone-Beam Computed Tomography Imaging: A Promising Approach With  Clinical and Therapeutic Outcomes.,Cureus,journalArticle,YZHWVIEG,Harris 等 - 2023 - Automatic Pulp and Teeth Three-Dimensional Modeling of Single and Multi-Rooted Teeth Based on Cone-B.pdf,EXCLUDE,"证据片段显示该研究提出的是""a segmentation algorithm using heuristics based on pulp and teeth anatomy as a pre-personalized model""，属于自研算法，未提及使用任何具名第三方非牙科3D软件。",-,-,-,-,"【判定】: EXCLUDE
【判定理由】: 证据片段显示该研究提出的是""a segmentation algorithm using heuristics based on pulp and teeth anatomy as a pre-personalized model""，属于自研算法，未提及使用任何具名第三方非牙科3D软件。
【软件】: -
【专科】: -
【应用场景】: -
【研究设计】: -"
evaluation of strain and insertion torque of mini implants at 90 and 45 angulations on a bone model using three dimensional finite element analysis,Evaluation of Strain and Insertion Torque of Mini-implants at 90° and 45° Angulations on a Bone Model using Three-Dimensional Finite Element Analysis.,Contemporary clinical dentistry,journalArticle,6GIVN8GS,Xavier 等 - 2023 - Evaluation of Strain and Insertion Torque of Mini-implants at 90° and 45° Angulations on a Bone Mode.pdf,INCLUDE,"摘要与全文中明确写道 ""A computer-aided three-dimensional (3-D) model representing alveolar bone and mini-implants were developed using ANSYS software""，表明该研究自身在材料与方法中使用了具名第三方非牙科3D软件 ANSYS 进行建模与有限元分析。",ANSYS,Orthodontics,Biomechanical analysis and simulation,computational,"【判定】: INCLUDE
【判定理由】: 摘要与全文中明确写道 ""A computer-aided three-dimensional (3-D) model representing alveolar bone and mini-implants were developed using ANSYS software""，表明该研究自身在材料与方法中使用了具名第三方非牙科3D软件 ANSYS 进行建模与有限元分析。
【软件】: ANSYS
【专科】: Orthodontics
【应用场景】: Biomechanical analysis and simulation
【研究设计】: computational"
advanced simulation system for orbitozygomatic fracture reconstruction multicenter validation of a novel training and objective assessment platform,Advanced Simulation System for Orbitozygomatic Fracture Reconstruction: Multicenter Validation of a Novel Training and Objective Assessment Platform.,Craniomaxillofacial trauma & reconstruction,journalArticle,SG47UPMT,Vargas 等 - 2025 - Advanced Simulation System for Orbitozygomatic Fracture Reconstruction Multicenter Validation of a.pdf,EXCLUDE,"抽取的证据片段仅涉及摘要、版权信息、作者单位与引言内容，未出现任何该研究自身使用的具名第三方非牙科3D软件（如仅提及""3D-printed bony structures""而无具体软件名）。",-,-,-,-,"【判定】: EXCLUDE
【判定理由】: 抽取的证据片段仅涉及摘要、版权信息、作者单位与引言内容，未出现任何该研究自身使用的具名第三方非牙科3D软件（如仅提及""3D-printed bony structures""而无具体软件名）。
【软件】: -
【专科】: -
【应用场景】: -
【研究设计】: -"
finite element analysis of platform switching effects on stress distribution in posterior implants placed in different bone types under axial and oblique loading conditions,Finite Element Analysis of Platform Switching Effects on Stress Distribution in Posterior Implants Placed in Different Bone Types Under Axial and Oblique Loading  Conditions.,Cureus,journalArticle,FA6QRXQN,Yadav 等 - 2025 - Finite Element Analysis of Platform Switching Effects on Stress Distribution in Posterior Implants P.pdf,INCLUDE,"该研究自身在材料与方法中使用 ANSYS Workbench 进行有限元应力分析，原文明确写道 ""ANSYS Workbench (ANSYS, Inc., Canonsburg, Pennsylvania) was used to assess the von Mises stress distribution""。",ANSYS Workbench,Implantology,Biomechanical analysis and simulation,computational,"【判定】: INCLUDE
【判定理由】: 该研究自身在材料与方法中使用 ANSYS Workbench 进行有限元应力分析，原文明确写道 ""ANSYS Workbench (ANSYS, Inc., Canonsburg, Pennsylvania) was used to assess the von Mises stress distribution""。
【软件】: ANSYS Workbench
【专科】: Implantology
【应用场景】: Biomechanical analysis and simulation
【研究设计】: computational"
biomechanical evaluation of stress distribution in equicrestal and sub crestally placed platform switched morse taper dental implants in d3 bone finite element analysis,"Biomechanical Evaluation of Stress Distribution in Equicrestal and Sub-crestally Placed, Platform-Switched Morse Taper Dental Implants in D3 Bone: Finite Element  Analysis.",Cureus,journalArticle,WXXEPTFD,"Ellendula 等 - 2022 - Biomechanical Evaluation of Stress Distribution in Equicrestal and Sub-crestally Placed, Platform-Sw.pdf",EXCLUDE,"证据片段仅提及""finite element analysis (FEA)""这一方法，未出现任何具名的第三方非牙科3D软件（如ANSYS、ABAQUS等）被该研究自己使用。",-,-,-,-,"【判定】: EXCLUDE
【判定理由】: 证据片段仅提及""finite element analysis (FEA)""这一方法，未出现任何具名的第三方非牙科3D软件（如ANSYS、ABAQUS等）被该研究自己使用。
【软件】: -
【专科】: -
【应用场景】: -
【研究设计】: -"
in house three dimensional printing in orbital reconstructive surgery a case report and future perspectives,In-House Three-Dimensional Printing in Orbital Reconstructive Surgery: A Case Report and Future Perspectives.,Cureus,journalArticle,V9V4K2H2,Ferreira De Barros 等 - 2024 - In-House Three-Dimensional Printing in Orbital Reconstructive Surgery A Case Report and Future Pers.pdf,EXCLUDE,"证据片段仅提到 ""A virtual 3D model of the fractured orbit was created using open-source software""，未给出任何具名的第三方非牙科3D软件名称，无法确认使用了符合纳入标准的具名软件。",-,-,-,-,"【判定】: EXCLUDE
【判定理由】: 证据片段仅提到 ""A virtual 3D model of the fractured orbit was created using open-source software""，未给出任何具名的第三方非牙科3D软件名称，无法确认使用了符合纳入标准的具名软件。
【软件】: -
【专科】: -
【应用场景】: -
【研究设计】: -"
training of oral and maxillofacial surgery residents in virtual surgical planning a feasibility study comparing open source freeware and commercially available software for mandibular reconstruction with fibula free flap,Training of Oral and Maxillofacial Surgery Residents in Virtual Surgical Planning: A Feasibility Study Comparing Open-Source Freeware and Commercially  Available Software for Mandibular Reconstruction with Fibula Free Flap.,Craniomaxillofacial trauma & reconstruction,journalArticle,G468UMA5,Rombaut 等 - 2025 - Training of Oral and Maxillofacial Surgery Residents in Virtual Surgical Planning A Feasibility Stu.pdf,INCLUDE,"该研究自身在方法中使用""3D-Slicer® and Blender®""进行虚拟手术规划工作流开发，二者均为具名的第三方非牙科3D软件。",3D Slicer; Blender,Oral and Maxillofacial Surgery,Surgical planning and precise implementation,clinical,"【判定】: INCLUDE
【判定理由】: 该研究自身在方法中使用""3D-Slicer® and Blender®""进行虚拟手术规划工作流开发，二者均为具名的第三方非牙科3D软件。
【软件】: 3D Slicer; Blender
【专科】: Oral and Maxillofacial Surgery
【应用场景】: Surgical planning and precise implementation
【研究设计】: clinical"
accuracy of complete arch scans obtained by intraoral scanner and smartphone three dimensional scanning applications with different smartphone position setups an in vitro study,Accuracy of Complete-Arch Scans Obtained by Intraoral Scanner and Smartphone Three-Dimensional Scanning Applications With Different Smartphone Position  Setups: An In Vitro Study.,Cureus,journalArticle,MEJFWDKZ,Jiang 等 - 2024 - Accuracy of Complete-Arch Scans Obtained by Intraoral Scanner and Smartphone Three-Dimensional Scann.pdf,INCLUDE,"该研究自身在方法中使用 Geomagic Wrap 软件进行三维分析，原文为 ""trueness and precision were evaluated through superimposition with the reference scan and within each group, respectively, using the best-fit algorithm of Geomagic Wrap software""。",Geomagic Wrap,Prosthodontics,3D data analysis and accuracy assessment,in_vitro,"【判定】: INCLUDE
【判定理由】: 该研究自身在方法中使用 Geomagic Wrap 软件进行三维分析，原文为 ""trueness and precision were evaluated through superimposition with the reference scan and within each group, respectively, using the best-fit algorithm of Geomagic Wrap software""。
【软件】: Geomagic Wrap
【专科】: Prosthodontics
【应用场景】: 3D data analysis and accuracy assessment
【研究设计】: in_vitro"
mandibular flexure and crestal bone stress distribution on an implant supported fixed full arch mandibular prosthesis finite element analysis in three dimensions,Mandibular Flexure and Crestal Bone Stress Distribution on an Implant-Supported Fixed Full Arch Mandibular Prosthesis: Finite Element Analysis in Three  Dimensions.,Cureus,journalArticle,X6AN57YI,Sharma 等 - 2023 - Mandibular Flexure and Crestal Bone Stress Distribution on an Implant-Supported Fixed Full Arch Mand.pdf,INCLUDE,"证据片段明确显示该研究自身使用了非牙科3D软件：""the finished product was transferred to ANSYS R 18.1 software (Sirsa, Haryana, India) for finite element simulation""。",ANSYS,Prosthodontics,Biomechanical analysis and simulation,computational,"【判定】: INCLUDE
【判定理由】: 证据片段明确显示该研究自身使用了非牙科3D软件：""the finished product was transferred to ANSYS R 18.1 software (Sirsa, Haryana, India) for finite element simulation""。
【软件】: ANSYS
【专科】: Prosthodontics
【应用场景】: Biomechanical analysis and simulation
【研究设计】: computational"
comparative evaluation of the wear rate of reinforced glass ionomer cement and bulk fill composite using 3d scan in extracted teeth and its association with clinical wear rate in class i and ii restorations a randomized clinical trial,Comparative Evaluation of the Wear Rate of Reinforced Glass Ionomer Cement and Bulk-Fill Composite Using 3D Scan in Extracted Teeth and Its Association With  Clinical Wear Rate in Class I and II Restorations: A Randomized Clinical Trial.,Cureus,journalArticle,3TZA3JYJ,Govula 等 - 2026 - Comparative Evaluation of the Wear Rate of Reinforced Glass Ionomer Cement and Bulk-Fill Composite U.pdf,INCLUDE,"该研究自身在材料与方法中使用 Geomagic 软件进行三维磨损分析，证据片段明确写道 ""Volumetric wear was determined using the Geomagic software (3D Systems, Rock Hill, SC, USA)"" 以及 ""imported into Geomagic Control X (3D Systems, Rock Hill, SC, USA)""。",Geomagic; Geomagic Control X,Restorative Dentistry,3D data analysis and accuracy assessment,clinical,"【判定】: INCLUDE
【判定理由】: 该研究自身在材料与方法中使用 Geomagic 软件进行三维磨损分析，证据片段明确写道 ""Volumetric wear was determined using the Geomagic software (3D Systems, Rock Hill, SC, USA)"" 以及 ""imported into Geomagic Control X (3D Systems, Rock Hill, SC, USA)""。
【软件】: Geomagic; Geomagic Control X
【专科】: Restorative Dentistry
【应用场景】: 3D data analysis and accuracy assessment
【研究设计】: clinical"
effect of different cantilever lengths in polyether ether ketone prosthetic framework in all on four technique on stress distribution a three dimensional 3d finite element analysis,Effect of Different Cantilever Lengths in Polyether Ether Ketone Prosthetic Framework in All-on-Four Technique on Stress Distribution: A Three-Dimensional  (3D) Finite Element Analysis.,Cureus,journalArticle,ZZ85MX92,Almjaddr和Saker - 2024 - Effect of Different Cantilever Lengths in Polyether Ether Ketone Prosthetic Framework in All-on-Four.pdf,INCLUDE,"该研究自身在材料与方法中使用 Mimics 软件处理 CBCT 数据并构建三维模型，证据原文为""exported in STL file format using Mimics software (Materialise's Interactive Medical Image)""。",Mimics,Prosthodontics,Biomechanical analysis and simulation,computational,"【判定】: INCLUDE
【判定理由】: 该研究自身在材料与方法中使用 Mimics 软件处理 CBCT 数据并构建三维模型，证据原文为""exported in STL file format using Mimics software (Materialise's Interactive Medical Image)""。
【软件】: Mimics
【专科】: Prosthodontics
【应用场景】: Biomechanical analysis and simulation
【研究设计】: computational"
craniofacial soft tissue anthropomorphic database with magnetic resonance imaging and unbiased diffeomorphic registration,Craniofacial Soft-Tissue Anthropomorphic Database with Magnetic Resonance Imaging and Unbiased Diffeomorphic Registration,PLASTIC AND RECONSTRUCTIVE SURGERY,journalArticle,EYH7C2TZ,Villavisanis 等 - 2024 - Craniofacial Soft-Tissue Anthropomorphic Database with Magnetic Resonance Imaging and Unbiased Diffe.pdf,INCLUDE,"该研究自身在方法中使用具名第三方非牙科3D软件，原文明确写道 ""using the Advanced Normalization Tools package"" 以及 ""anatomical measurements in Materalise Mimics""。",Advanced Normalization Tools; Materialise Mimics,Oral and Maxillofacial Surgery,Image segmentation and 3D reconstruction,computational,"【判定】: INCLUDE
【判定理由】: 该研究自身在方法中使用具名第三方非牙科3D软件，原文明确写道 ""using the Advanced Normalization Tools package"" 以及 ""anatomical measurements in Materalise Mimics""。
【软件】: Advanced Normalization Tools; Materialise Mimics
【专科】: Oral and Maxillofacial Surgery
【应用场景】: Image segmentation and 3D reconstruction
【研究设计】: computational"
proof of concept digital physical workflow for clear aligner manufacturing,Proof-of-Concept Digital-Physical Workflow for Clear Aligner Manufacturing.,Dentistry journal,journalArticle,7RLZP4A4,Huang 等 - 2025 - Proof-of-Concept Digital-Physical Workflow for Clear Aligner Manufacturing.pdf,INCLUDE,"该研究自身在材料与方法中使用 CloudCompare v2.13.0 进行几何精度量化，原文明确写道 ""Geometric accuracy was quantified using CloudCompare v2.13.0"" 及 ""CloudCompare v2.13.0 ... was used""。",CloudCompare; ANSYS Polyflow,Orthodontics,3D data analysis and accuracy assessment,in_vitro,"【判定】: INCLUDE
【判定理由】: 该研究自身在材料与方法中使用 CloudCompare v2.13.0 进行几何精度量化，原文明确写道 ""Geometric accuracy was quantified using CloudCompare v2.13.0"" 及 ""CloudCompare v2.13.0 ... was used""。
【软件】: CloudCompare; ANSYS Polyflow
【专科】: Orthodontics
【应用场景】: 3D data analysis and accuracy assessment
【研究设计】: in_vitro"
automated remodelling of connectors in fixed partial dentures,Automated Remodelling of Connectors in Fixed Partial Dentures.,Dentistry journal,journalArticle,KC7UPHLF,Jemaa 等 - 2023 - Automated Remodelling of Connectors in Fixed Partial Dentures.pdf,INCLUDE,"该研究自身在方法中使用 Rhinoceros 和 Grasshopper 插件实现自动重塑算法，并用 Ansys 进行有限元分析，如原文所述 ""The remodelling algorithm was implemented using Rhinoceros and the Grasshopper plugin"" 及 ""perform a finite element analysis with Ansys""。",Rhinoceros; Grasshopper; Ansys,Prosthodontics,Biomechanical analysis and simulation,computational,"【判定】: INCLUDE
【判定理由】: 该研究自身在方法中使用 Rhinoceros 和 Grasshopper 插件实现自动重塑算法，并用 Ansys 进行有限元分析，如原文所述 ""The remodelling algorithm was implemented using Rhinoceros and the Grasshopper plugin"" 及 ""perform a finite element analysis with Ansys""。
【软件】: Rhinoceros; Grasshopper; Ansys
【专科】: Prosthodontics
【应用场景】: Biomechanical analysis and simulation
【研究设计】: computational"
assessing the volume of the head of the mandibular condyle using 3t mri a preliminary trial,Assessing the Volume of the Head of the Mandibular Condyle Using 3T-MRI-A Preliminary Trial.,Dentistry journal,journalArticle,N4NBSSAU,Mosca Balma 等 - 2024 - Assessing the Volume of the Head of the Mandibular Condyle Using 3T-MRI-A Preliminary Trial..pdf,INCLUDE,"该研究自身在材料与方法中使用""3D Slicer (open source, version 5.0.2)""进行DICOM体绘制、分割与分析，同时使用""MATLAB R2022a""开发半自动算法进行分割与叠加。",3D Slicer; MATLAB,Orthodontics,Image segmentation and 3D reconstruction,clinical,"【判定】: INCLUDE
【判定理由】: 该研究自身在材料与方法中使用""3D Slicer (open source, version 5.0.2)""进行DICOM体绘制、分割与分析，同时使用""MATLAB R2022a""开发半自动算法进行分割与叠加。
【软件】: 3D Slicer; MATLAB
【专科】: Orthodontics
【应用场景】: Image segmentation and 3D reconstruction
【研究设计】: clinical"
accuracy assessment of customized titanium plates compared to 3d printed splints in le fort i osteotomy a randomized clinical trial evaluating clinical and radiographic outcomes,Accuracy Assessment of Customized Titanium Plates Compared to 3D-Printed Splints in Le Fort I Osteotomy: A Randomized Clinical Trial Evaluating Clinical and  Radiographic Outcomes.,Cureus,journalArticle,W692WAXG,Abdelhamid 等 - 2025 - Accuracy Assessment of Customized Titanium Plates Compared to 3D-Printed Splints in Le Fort I Osteot.pdf,INCLUDE,"该研究自身在方法中使用 Mimics Medical 19.0 和 3-Matic Medical 14.0 进行虚拟手术规划，原文明确写道 ""Virtual surgical planning was performed using Mimics Medical 19.0 ... and 3-Matic Medical 14.0 ... software""。",Mimics; 3-Matic,Oral and Maxillofacial Surgery,Surgical planning and precise implementation,clinical,"【判定】: INCLUDE
【判定理由】: 该研究自身在方法中使用 Mimics Medical 19.0 和 3-Matic Medical 14.0 进行虚拟手术规划，原文明确写道 ""Virtual surgical planning was performed using Mimics Medical 19.0 ... and 3-Matic Medical 14.0 ... software""。
【软件】: Mimics; 3-Matic
【专科】: Oral and Maxillofacial Surgery
【应用场景】: Surgical planning and precise implementation
【研究设计】: clinical"
automated support generation for fixed partial dentures and impact of bone loss bone quality and support types parametric cad and finite element analysis,"Automated Support Generation for Fixed Partial Dentures and Impact of Bone Loss, Bone Quality and Support Types: Parametric Cad and Finite Element Analysis.",Dentistry journal,journalArticle,3EX7T8DA,"Jemaa 等 - 2024 - Automated Support Generation for Fixed Partial Dentures and Impact of Bone Loss, Bone Quality and Su.pdf",INCLUDE,"该研究自身在方法中使用了具名第三方非牙科3D软件，证据片段明确写道 ""The algorithm was implemented in Rhinoceros/Grasshopper to automatically generate geometries""。",Rhinoceros; Grasshopper,Prosthodontics,Biomechanical analysis and simulation,computational,"【判定】: INCLUDE
【判定理由】: 该研究自身在方法中使用了具名第三方非牙科3D软件，证据片段明确写道 ""The algorithm was implemented in Rhinoceros/Grasshopper to automatically generate geometries""。
【软件】: Rhinoceros; Grasshopper
【专科】: Prosthodontics
【应用场景】: Biomechanical analysis and simulation
【研究设计】: computational"
influence of framework material and posterior implant angulation in full arch all on 4 implant supported prosthesis stress concentration,Influence of Framework Material and Posterior Implant Angulation in Full-Arch All-on-4 Implant-Supported Prosthesis Stress Concentration.,Dentistry journal,journalArticle,G6977KXR,Tribst 等 - 2022 - Influence of Framework Material and Posterior Implant Angulation in Full-Arch All-on-4 Implant-Suppo.pdf,INCLUDE,"该研究自身在材料与方法中使用了具名第三方非牙科3D软件，如 ""The DICOM file was converted to STL (stereolithography) file in a 3D slicer software"" 以及 ""Using the CAD software (Rhinoceros Version 4.0 SR8...)"" 和 ""imported to the finite element software (ANSYS 17.2...)""。",3D Slicer; Rhinoceros; ANSYS,Prosthodontics,Biomechanical analysis and simulation,computational,"【判定】: INCLUDE
【判定理由】: 该研究自身在材料与方法中使用了具名第三方非牙科3D软件，如 ""The DICOM file was converted to STL (stereolithography) file in a 3D slicer software"" 以及 ""Using the CAD software (Rhinoceros Version 4.0 SR8...)"" 和 ""imported to the finite element software (ANSYS 17.2...)""。
【软件】: 3D Slicer; Rhinoceros; ANSYS
【专科】: Prosthodontics
【应用场景】: Biomechanical analysis and simulation
【研究设计】: computational"
digital accuracy of closed tray implant impressions influence of polyvinyl siloxane viscosity and subgingival posterior implant angulation,Digital Accuracy of Closed-Tray Implant Impressions: Influence of Polyvinyl Siloxane Viscosity and Subgingival Posterior Implant Angulation.,Dentistry journal,journalArticle,LC2F3NZR,Ahmed 等 - 2025 - Digital Accuracy of Closed-Tray Implant Impressions Influence of Polyvinyl Siloxane Viscosity and S.pdf,INCLUDE,"该研究自身在材料与方法中使用""reverse engineering software (Geomagic Control X)""对STL文件进行三维偏差分析，Geomagic Control X 为非牙科第三方3D软件。",Geomagic Control X,Prosthodontics,3D data analysis and accuracy assessment,in_vitro,"【判定】: INCLUDE
【判定理由】: 该研究自身在材料与方法中使用""reverse engineering software (Geomagic Control X)""对STL文件进行三维偏差分析，Geomagic Control X 为非牙科第三方3D软件。
【软件】: Geomagic Control X
【专科】: Prosthodontics
【应用场景】: 3D data analysis and accuracy assessment
【研究设计】: in_vitro"
a comparison of full arch trueness and precision of nine intra oral digital scanners and four lab digital scanners,A Comparison of Full Arch Trueness and Precision of Nine Intra-Oral Digital Scanners and Four Lab Digital Scanners.,Dentistry journal,journalArticle,HTUE3J8F,Nulty - 2021 - A Comparison of Full Arch Trueness and Precision of Nine Intra-Oral Digital Scanners and Four Lab Di.pdf,INCLUDE,"该研究自身在方法中使用 CloudCompare 进行全牙弓扫描精度分析，原文明确写道""brought into CloudCompare. A comparison was made with the master STL using the CloudCompare 3D analysis best-fit algorithm""，并另使用 Meshlab 进行网格对齐处理。",CloudCompare; MeshLab,Prosthodontics,3D data analysis and accuracy assessment,in_vitro,"【判定】: INCLUDE
【判定理由】: 该研究自身在方法中使用 CloudCompare 进行全牙弓扫描精度分析，原文明确写道""brought into CloudCompare. A comparison was made with the master STL using the CloudCompare 3D analysis best-fit algorithm""，并另使用 Meshlab 进行网格对齐处理。
【软件】: CloudCompare; MeshLab
【专科】: Prosthodontics
【应用场景】: 3D data analysis and accuracy assessment
【研究设计】: in_vitro"
the role of cortical zone level and prosthetic platform angle in dental implant mechanical response a 3d finite element analysis,The role of cortical zone level and prosthetic platform angle in dental implant mechanical response: A 3D finite element analysis,DENTAL MATERIALS,journalArticle,3GB9RL4W,Ausiello 等 - 2021 - The role of cortical zone level and prosthetic platform angle in dental implant mechanical response.pdf,EXCLUDE,"证据片段仅泛泛提及""imported into Computer Aided Design (CAD) software""和""imported to FEA software""，未给出任何具名的第三方非牙科3D软件名称。",-,-,-,-,"【判定】: EXCLUDE
【判定理由】: 证据片段仅泛泛提及""imported into Computer Aided Design (CAD) software""和""imported to FEA software""，未给出任何具名的第三方非牙科3D软件名称。
【软件】: -
【专科】: -
【应用场景】: -
【研究设计】: -"
accuracy of metal 3d printed frameworks for removable partial dentures evaluated by digital superimposition,Accuracy of metal 3D printed frameworks for removable partial dentures evaluated by digital superimposition,DENTAL MATERIALS,journalArticle,Q986RNC6,Oh 等 - 2022 - Accuracy of metal 3D printed frameworks for removable partial dentures evaluated by digital superimp.pdf,EXCLUDE,"证据片段仅提及""digital scanning with an optical triangulation principle-based tabletop scanner and superimposition using a reference best-fit alignment method""，未出现任何具名的第三方非牙科3D软件名称。",-,-,-,-,"【判定】: EXCLUDE
【判定理由】: 证据片段仅提及""digital scanning with an optical triangulation principle-based tabletop scanner and superimposition using a reference best-fit alignment method""，未出现任何具名的第三方非牙科3D软件名称。
【软件】: -
【专科】: -
【应用场景】: -
【研究设计】: -"
establishment of optimal variable elastic modulus distribution in the design of full crown restorations by finite element analysis,Establishment of optimal variable elastic modulus distribution in the design of full-crown restorations by finite element analysis,DENTAL MATERIALS JOURNAL,journalArticle,CJ5Q5P3J,Chen 等 - 2021 - Establishment of optimal variable elastic modulus distribution in the design of full-crown restorati.pdf,INCLUDE,"证据片段明确显示该研究自身使用了非牙科3D软件：""The modeling was performed by means of Solidworks Premium 2013 SP 4.0 ... and further imported into Ansys/CAE 17.0 ... for stress analysis.""",SolidWorks; ANSYS,Prosthodontics,Biomechanical analysis and simulation,computational,"【判定】: INCLUDE
【判定理由】: 证据片段明确显示该研究自身使用了非牙科3D软件：""The modeling was performed by means of Solidworks Premium 2013 SP 4.0 ... and further imported into Ansys/CAE 17.0 ... for stress analysis.""
【软件】: SolidWorks; ANSYS
【专科】: Prosthodontics
【应用场景】: Biomechanical analysis and simulation
【研究设计】: computational"
evaluation of the mechanical properties and fit of 3d printed polyetheretherketone removable partial dentures,Evaluation of the mechanical properties and fit of 3D-printed polyetheretherketone removable partial dentures,DENTAL MATERIALS JOURNAL,journalArticle,6GSLLXSS,Guo 等 - 2022 - Evaluation of the mechanical properties and fit of 3D-printed polyetheretherketone removable partial.pdf,INCLUDE,"摘要及证据片段明确显示该研究自身使用了非牙科3D软件：""Geomagic Qualify software was used to analyze gaps between the model and the tissue surface of the framework""。",Geomagic Qualify,Prosthodontics,3D data analysis and accuracy assessment,in_vitro,"【判定】: INCLUDE
【判定理由】: 摘要及证据片段明确显示该研究自身使用了非牙科3D软件：""Geomagic Qualify software was used to analyze gaps between the model and the tissue surface of the framework""。
【软件】: Geomagic Qualify
【专科】: Prosthodontics
【应用场景】: 3D data analysis and accuracy assessment
【研究设计】: in_vitro"
assessing the physical and mechanical properties of 3d printed acrylic material for denture base application,Assessing the physical and mechanical properties of 3D printed acrylic material for denture base application,DENTAL MATERIALS,journalArticle,23Y7ND62,Altarazi 等 - 2022 - Assessing the physical and mechanical properties of 3D printed acrylic material for denture base app.pdf,EXCLUDE,证据片段中出现的 Tinkercad 与 Preform 均为 3D 打印/建模相关软件，但 Tinkercad 属通用 CAD 建模工具、Preform 为 Formlabs 打印机配套软件，二者均非用于 3D 数据的处理、分析、建模或测量的具名第三方非牙科 3D 软件（如 Mimics、3D Slicer、Geomagic 等），且该研究核心为材料力学性能测试，未使用符合纳入标准的非牙科 3D 软件。,-,-,-,-,"【判定】: EXCLUDE
【判定理由】: 证据片段中出现的 Tinkercad 与 Preform 均为 3D 打印/建模相关软件，但 Tinkercad 属通用 CAD 建模工具、Preform 为 Formlabs 打印机配套软件，二者均非用于 3D 数据的处理、分析、建模或测量的具名第三方非牙科 3D 软件（如 Mimics、3D Slicer、Geomagic 等），且该研究核心为材料力学性能测试，未使用符合纳入标准的非牙科 3D 软件。
【软件】: -
【专科】: -
【应用场景】: -
【研究设计】: -"
trueness of stereolithography zro2 crowns with different build directions,Trueness of stereolithography ZrO2 crowns with different build directions,DENTAL MATERIALS JOURNAL,journalArticle,MIIDKKPB,Lee 等 - 2023 - Trueness of stereolithography ZrO(2) crowns with different build directions..pdf,INCLUDE,"该研究自身在方法中使用 ""Materialize Magics software"" 设置不同构建方向，并用 ""3D analysis software"" 对扫描的 STL 文件进行叠加分析。",Materialize Magics,Prosthodontics,Digital design and manufacturing,in_vitro,"【判定】: INCLUDE
【判定理由】: 该研究自身在方法中使用 ""Materialize Magics software"" 设置不同构建方向，并用 ""3D analysis software"" 对扫描的 STL 文件进行叠加分析。
【软件】: Materialize Magics
【专科】: Prosthodontics
【应用场景】: Digital design and manufacturing
【研究设计】: in_vitro"
openmandible an open source framework for highly realistic numerical modelling of lower mandible physiology,OpenMandible: An open-source framework for highly realistic numerical modelling of lower mandible physiology.,Dental materials : official publication of the Academy of Dental Materials,journalArticle,CI6MMSH5,Vukicevic 等 - 2021 - OpenMandible An open-source framework for highly realistic numerical modelling of lower mandible ph.pdf,EXCLUDE,"证据片段显示该研究仅使用自研的 ""C++ software tool""（OpenMandible 框架）生成仿真模型，未提及任何具名的第三方非牙科3D软件（如 Mimics、3D Slicer、ANSYS 等）被该研究自己使用。",-,-,-,-,"【判定】: EXCLUDE
【判定理由】: 证据片段显示该研究仅使用自研的 ""C++ software tool""（OpenMandible 框架）生成仿真模型，未提及任何具名的第三方非牙科3D软件（如 Mimics、3D Slicer、ANSYS 等）被该研究自己使用。
【软件】: -
【专科】: -
【应用场景】: -
【研究设计】: -"
finite element analysis of the effect of framework materials at the bone implant interface in the all on four implant system,Finite element analysis of the effect of framework materials at the bone-implant interface in the all-on-four implant system.,Dental research journal,journalArticle,QFFZ2SWF,Kelkar 等 - 2021 - Finite element analysis of the effect of framework materials at the bone-implant interface in the al.pdf,INCLUDE,"该研究自身在材料与方法中使用 ANSYS 软件进行有限元分析，证据片段明确写道 ""The computer‑generated numerical values were tabulated and analysed by ANSYS software""。",ANSYS,Prosthodontics,Biomechanical analysis and simulation,computational,"【判定】: INCLUDE
【判定理由】: 该研究自身在材料与方法中使用 ANSYS 软件进行有限元分析，证据片段明确写道 ""The computer‑generated numerical values were tabulated and analysed by ANSYS software""。
【软件】: ANSYS
【专科】: Prosthodontics
【应用场景】: Biomechanical analysis and simulation
【研究设计】: computational"
accuracy of upper airway volume measurements using different software products a comparative analysis,Accuracy of upper airway volume measurements using different software products: a comparative analysis,DENTOMAXILLOFACIAL RADIOLOGY,journalArticle,E97IPCII,Naralan 等 - 2025 - Accuracy of upper airway volume measurements using different software products a comparative analys.pdf,INCLUDE,"该研究自身在方法中使用""Volume measurements were performed using semi-automatic segmentation in 4 software programmes (NemoStudio, NNT Viewer, ITK-SNAP, and 3D Slicer)""，其中 ITK-SNAP 与 3D Slicer 为具名的第三方非牙科3D软件，用于气道体积测量。",ITK-SNAP; 3D Slicer,Oral and Maxillofacial Radiology,3D data analysis and accuracy assessment,in_vitro,"【判定】: INCLUDE
【判定理由】: 该研究自身在方法中使用""Volume measurements were performed using semi-automatic segmentation in 4 software programmes (NemoStudio, NNT Viewer, ITK-SNAP, and 3D Slicer)""，其中 ITK-SNAP 与 3D Slicer 为具名的第三方非牙科3D软件，用于气道体积测量。
【软件】: ITK-SNAP; 3D Slicer
【专科】: Oral and Maxillofacial Radiology
【应用场景】: 3D data analysis and accuracy assessment
【研究设计】: in_vitro"
morphological variation of gubernacular tracts for permanent mandibular canines in eruption a three dimensional analysis,Morphological variation of gubernacular tracts for permanent mandibular canines in eruption: a three-dimensional analysis,DENTOMAXILLOFACIAL RADIOLOGY,journalArticle,SYGM4R6E,Liu 等 - 2024 - Morphological variation of gubernacular tracts for permanent mandibular canines in eruption a three.pdf,INCLUDE,"该研究自身在方法中使用具名第三方非牙科3D软件，原文明确写道 ""The scanning data were imported into Mimics (Materialise, Leuven, Belgium)"" 以及 ""The angle was measured ... by 3-Matic (Materialise, Leuven, Belgium)""。",Mimics; 3-Matic,Oral and Maxillofacial Radiology,Morphological and phenotypic analysis,clinical,"【判定】: INCLUDE
【判定理由】: 该研究自身在方法中使用具名第三方非牙科3D软件，原文明确写道 ""The scanning data were imported into Mimics (Materialise, Leuven, Belgium)"" 以及 ""The angle was measured ... by 3-Matic (Materialise, Leuven, Belgium)""。
【软件】: Mimics; 3-Matic
【专科】: Oral and Maxillofacial Radiology
【应用场景】: Morphological and phenotypic analysis
【研究设计】: clinical"
unleashing the potency of multi segmental dcia flap in mandibular reconstruction with the aid of virtual surgery a retrospective cohort study,Unleashing the potency of multi-segmental DCIA flap in mandibular reconstruction with the aid of virtual surgery-A retrospective cohort study,JOURNAL OF CRANIO-MAXILLOFACIAL SURGERY,journalArticle,HDYG8L7N,Lin 等 - 2025 - Unleashing the potency of multi-segmental DCIA flap in mandibular reconstruction with the aid of vir.pdf,EXCLUDE,"抽取的证据片段仅包含题名、作者单位、关键词和摘要内容，其中虽提及""virtual surgery""和""virtual surgical techniques""，但未出现任何具名的第三方非牙科3D软件名称，无法确认该研究自身使用了符合纳入标准的软件。",-,-,-,-,"【判定】: EXCLUDE
【判定理由】: 抽取的证据片段仅包含题名、作者单位、关键词和摘要内容，其中虽提及""virtual surgery""和""virtual surgical techniques""，但未出现任何具名的第三方非牙科3D软件名称，无法确认该研究自身使用了符合纳入标准的软件。
【软件】: -
【专科】: -
【应用场景】: -
【研究设计】: -"
differentiation of radicular cysts and radicular granulomas via texture analysis of multi slice computed tomography images,Differentiation of radicular cysts and radicular granulomas via texture analysis of multi-slice computed tomography images,DENTOMAXILLOFACIAL RADIOLOGY,journalArticle,J78F7I8I,Yomtako 等 - 2024 - Differentiation of radicular cysts and radicular granulomas via texture analysis of multi-slice comp.pdf,INCLUDE,"该研究自身在材料与方法中使用 3D Slicer（""Lesion segmentation was performed using a 3D Slicer (version 5.0.3)""）进行三维分割，并用 Pyradiomics 提取影像组学特征。",3D Slicer; Pyradiomics,Oral and Maxillofacial Radiology,Image segmentation and 3D reconstruction,computational,"【判定】: INCLUDE
【判定理由】: 该研究自身在材料与方法中使用 3D Slicer（""Lesion segmentation was performed using a 3D Slicer (version 5.0.3)""）进行三维分割，并用 Pyradiomics 提取影像组学特征。
【软件】: 3D Slicer; Pyradiomics
【专科】: Oral and Maxillofacial Radiology
【应用场景】: Image segmentation and 3D reconstruction
【研究设计】: computational"
development of automatic landmark identification for mandible using curvature based registration,Development of automatic landmark identification for mandible using curvature-based registration,DENTOMAXILLOFACIAL RADIOLOGY,journalArticle,RSDDM8EI,Yonemitsu 等 - 2025 - Development of automatic landmark identification for mandible using curvature-based registration.pdf,EXCLUDE,"证据片段仅显示该研究使用自研的 curvature-driven, nonrigid iterative closest point (ICP) algorithm 和 statistical shape model (SSM)，未提及任何具名的第三方非牙科3D软件。",-,-,-,-,"【判定】: EXCLUDE
【判定理由】: 证据片段仅显示该研究使用自研的 curvature-driven, nonrigid iterative closest point (ICP) algorithm 和 statistical shape model (SSM)，未提及任何具名的第三方非牙科3D软件。
【软件】: -
【专科】: -
【应用场景】: -
【研究设计】: -"
machine learning assessment of dental age classification based on cone beam ct images a different approach,Machine learning assessment of dental age classification based on cone-beam CT images: a different approach.,Dento maxillo facial radiology,journalArticle,P2RSUDHI,Dogan 等 - 2024 - Machine learning assessment of dental age classification based on cone-beam CT images a different a.pdf,INCLUDE,"该研究自身在方法中使用了具名第三方非牙科3D软件，原文明确写道""imported into Mimics (Materialise Mimics Research version 20.0, Materialise NV Leuven, Belgium)""，并用其进行CBCT图像测量。",Mimics,Oral and Maxillofacial Radiology,Image segmentation and 3D reconstruction,computational,"【判定】: INCLUDE
【判定理由】: 该研究自身在方法中使用了具名第三方非牙科3D软件，原文明确写道""imported into Mimics (Materialise Mimics Research version 20.0, Materialise NV Leuven, Belgium)""，并用其进行CBCT图像测量。
【软件】: Mimics
【专科】: Oral and Maxillofacial Radiology
【应用场景】: Image segmentation and 3D reconstruction
【研究设计】: computational"
automated tooth segmentation in magnetic resonance scans using deep learning a pilot study,Automated tooth segmentation in magnetic resonance scans using deep learning - A pilot study,DENTOMAXILLOFACIAL RADIOLOGY,journalArticle,YP5VIRNP,Flügge 等 - 2025 - Automated tooth segmentation in magnetic resonance scans using deep learning - A pilot study..pdf,EXCLUDE,"该研究仅使用自研深度学习框架""nnU-Net framework""进行牙齿分割，未使用任何具名的第三方非牙科3D软件；证据片段中""segmentation model was trained using the nnU-Net framework""表明其依赖自建模型而非第三方3D软件。",-,-,-,-,"【判定】: EXCLUDE
【判定理由】: 该研究仅使用自研深度学习框架""nnU-Net framework""进行牙齿分割，未使用任何具名的第三方非牙科3D软件；证据片段中""segmentation model was trained using the nnU-Net framework""表明其依赖自建模型而非第三方3D软件。
【软件】: -
【专科】: -
【应用场景】: -
【研究设计】: -"
artificial intelligence based fully automatic 3d paranasal sinus segmentation,Artificial intelligence-based fully automatic 3D paranasal sinus segmentation,DENTOMAXILLOFACIAL RADIOLOGY,journalArticle,ZMBGXJTE,Kaygısız Yiğit 等 - 2025 - Artificial intelligence based fully automatic 3D paranasal sinus segmentation..pdf,INCLUDE,"该研究自身在方法中使用 3D Slicer 生成 ground truth 标注（""Ground truth annotations were manually generated by expert radiologists using the 3D Slicer software""），3D Slicer 为具名的第三方非牙科3D软件，用于3D数据处理。",3D Slicer,Oral and Maxillofacial Radiology,Image segmentation and 3D reconstruction,computational,"【判定】: INCLUDE
【判定理由】: 该研究自身在方法中使用 3D Slicer 生成 ground truth 标注（""Ground truth annotations were manually generated by expert radiologists using the 3D Slicer software""），3D Slicer 为具名的第三方非牙科3D软件，用于3D数据处理。
【软件】: 3D Slicer
【专科】: Oral and Maxillofacial Radiology
【应用场景】: Image segmentation and 3D reconstruction
【研究设计】: computational"
in vitro evaluation of accuracy of cbct derived volumes in maxillary defects effects of kvp device and software,"In Vitro Evaluation of Accuracy of CBCT-Derived Volumes in Maxillary Defects: Effects of kVp, Device, and Software",DIAGNOSTICS,journalArticle,MLA5PE8Y,"Murat 等 - 2025 - In Vitro Evaluation of Accuracy of CBCT-Derived Volumes in Maxillary Defects Effects of kVp, Device.pdf",INCLUDE,"摘要与全文中明确记载""Volume calculations were conducted using ITK-SNAP version 4.2.2 and 3D Doctor version 4.0 software""，为该研究自身在方法中使用具名第三方非牙科3D软件进行体积测量。",ITK-SNAP; 3D Doctor,Oral and Maxillofacial Radiology,Image segmentation and 3D reconstruction,in_vitro,"【判定】: INCLUDE
【判定理由】: 摘要与全文中明确记载""Volume calculations were conducted using ITK-SNAP version 4.2.2 and 3D Doctor version 4.0 software""，为该研究自身在方法中使用具名第三方非牙科3D软件进行体积测量。
【软件】: ITK-SNAP; 3D Doctor
【专科】: Oral and Maxillofacial Radiology
【应用场景】: Image segmentation and 3D reconstruction
【研究设计】: in_vitro"
using the finite element method to determine the odonto periodontal stress for a patient with angle class ii division 1 malocclusion,Using the Finite Element Method to Determine the Odonto-Periodontal Stress for a Patient with Angle Class II Division 1 Malocclusion,DIAGNOSTICS,journalArticle,863TCEA7,Katta 等 - 2023 - Using the Finite Element Method to Determine the Odonto-Periodontal Stress for a Patient with Angle.pdf,INCLUDE,"该研究自身在材料与方法中明确使用了非牙科3D软件，如""We used the InVesalius program, which can transform a set of DICOM-type images...into three-dimensional structures""以及""analyzed from a geometric point of view with the help of the Geomagic software""和""exported to a program that uses FEM, such as Ansys Workbench""。",InVesalius; Geomagic; Ansys Workbench,Orthodontics,Biomechanical analysis and simulation,computational,"【判定】: INCLUDE
【判定理由】: 该研究自身在材料与方法中明确使用了非牙科3D软件，如""We used the InVesalius program, which can transform a set of DICOM-type images...into three-dimensional structures""以及""analyzed from a geometric point of view with the help of the Geomagic software""和""exported to a program that uses FEM, such as Ansys Workbench""。
【软件】: InVesalius; Geomagic; Ansys Workbench
【专科】: Orthodontics
【应用场景】: Biomechanical analysis and simulation
【研究设计】: computational"
automatic segmentation of the infraorbital canal in cbct images anatomical structure recognition using artificial intelligence,Automatic Segmentation of the Infraorbital Canal in CBCT Images: Anatomical Structure Recognition Using Artificial Intelligence,DIAGNOSTICS,journalArticle,A94JIKBB,Gumussoy 等 - 2025 - Automatic Segmentation of the Infraorbital Canal in CBCT Images Anatomical Structure Recognition Us.pdf,INCLUDE,"摘要明确指出 ""A total of 220 CBCT images of the IOC from 110 patients were labeled using the 3D Slicer software (version 4.10.2; MIT, Cambridge, MA, USA)""，即该研究自身在方法中使用具名第三方非牙科3D软件 3D Slicer 进行图像标注。",3D Slicer,Oral and Maxillofacial Radiology,Image segmentation and 3D reconstruction,computational,"【判定】: INCLUDE
【判定理由】: 摘要明确指出 ""A total of 220 CBCT images of the IOC from 110 patients were labeled using the 3D Slicer software (version 4.10.2; MIT, Cambridge, MA, USA)""，即该研究自身在方法中使用具名第三方非牙科3D软件 3D Slicer 进行图像标注。
【软件】: 3D Slicer
【专科】: Oral and Maxillofacial Radiology
【应用场景】: Image segmentation and 3D reconstruction
【研究设计】: computational"
comparison study of extraction accuracy of 3d facial anatomical landmarks based on non rigid registration of face template,Comparison Study of Extraction Accuracy of 3D Facial Anatomical Landmarks Based on Non-Rigid Registration of Face Template,DIAGNOSTICS,journalArticle,ZE3WQLXI,Wen 等 - 2023 - Comparison Study of Extraction Accuracy of 3D Facial Anatomical Landmarks Based on Non-Rigid Registr.pdf,EXCLUDE,"该研究使用的是""the non-rigid registration algorithm, TH-OCR, developed by our research team""（自研算法）以及""MeshMonk""（非牙科3D软件），但MeshMonk仅作为对照组算法，且证据中未显示该研究自身在材料与方法中使用具名第三方非牙科3D软件进行3D数据处理；核心方法为自研TH-OCR算法。",-,-,-,-,"【判定】: EXCLUDE
【判定理由】: 该研究使用的是""the non-rigid registration algorithm, TH-OCR, developed by our research team""（自研算法）以及""MeshMonk""（非牙科3D软件），但MeshMonk仅作为对照组算法，且证据中未显示该研究自身在材料与方法中使用具名第三方非牙科3D软件进行3D数据处理；核心方法为自研TH-OCR算法。
【软件】: -
【专科】: -
【应用场景】: -
【研究设计】: -"
artificial intelligence for 3d reconstruction from 2d panoramic x rays to assess maxillary impacted canines,Artificial Intelligence for 3D Reconstruction from 2D Panoramic X-rays to Assess Maxillary Impacted Canines,DIAGNOSTICS,journalArticle,KZIYILZU,Minhas 等 - 2024 - Artificial Intelligence for 3D Reconstruction from 2D Panoramic X-rays to Assess Maxillary Impacted.pdf,EXCLUDE,"证据片段仅显示该研究""train a deep-learning reconstruction algorithm, a generative AI""，属于自研算法/深度学习模型，未出现任何具名第三方非牙科3D软件被该研究自己使用。",-,-,-,-,"【判定】: EXCLUDE
【判定理由】: 证据片段仅显示该研究""train a deep-learning reconstruction algorithm, a generative AI""，属于自研算法/深度学习模型，未出现任何具名第三方非牙科3D软件被该研究自己使用。
【软件】: -
【专科】: -
【应用场景】: -
【研究设计】: -"
developing an artificial intelligence solution to autosegment the edentulous maxillary bone for implant planning,Developing an Artificial Intelligence Solution to Autosegment the Edentulous Maxillary Bone for Implant Planning.,European journal of dentistry,journalArticle,GMQCCFR9,Moufti 等 - 2026 - Developing an Artificial Intelligence Solution to Autosegment the Edentulous Maxillary Bone for Impl.pdf,INCLUDE,"该研究自身在材料与方法中使用具名第三方非牙科3D软件进行图像分割，原文明确写道""Manual segmentation was performed using 3D Slicer software and reviewed by a third examiner""。",3D Slicer,Oral and Maxillofacial Surgery,Image segmentation and 3D reconstruction,computational,"【判定】: INCLUDE
【判定理由】: 该研究自身在材料与方法中使用具名第三方非牙科3D软件进行图像分割，原文明确写道""Manual segmentation was performed using 3D Slicer software and reviewed by a third examiner""。
【软件】: 3D Slicer
【专科】: Oral and Maxillofacial Surgery
【应用场景】: Image segmentation and 3D reconstruction
【研究设计】: computational"
developing an artificial intelligence solution to autosegment the edentulous mandibular bone for implant planning,Developing an Artificial Intelligence Solution to Autosegment the Edentulous Mandibular Bone for Implant Planning.,European journal of dentistry,journalArticle,IPRIVZUP,Moufti 等 - 2023 - Developing an Artificial Intelligence Solution to Autosegment the Edentulous Mandibular Bone for Imp.pdf,INCLUDE,"该研究自身在材料与方法中使用具名第三方非牙科3D软件进行分割，原文明确写道 ""Manual segmentation of the edentulous span was done by three operators using ITK-SNAP software.""",ITK-SNAP,Implantology,Image segmentation and 3D reconstruction,computational,"【判定】: INCLUDE
【判定理由】: 该研究自身在材料与方法中使用具名第三方非牙科3D软件进行分割，原文明确写道 ""Manual segmentation of the edentulous span was done by three operators using ITK-SNAP software.""
【软件】: ITK-SNAP
【专科】: Implantology
【应用场景】: Image segmentation and 3D reconstruction
【研究设计】: computational"
evaluation of the influence of build orientation on the surface roughness and flexural strength of 3d printed denture base resin and its comparison with cad cam milled denture base resin,Evaluation of the Influence of Build Orientation on the Surface Roughness and Flexural Strength of 3D-Printed Denture Base Resin and Its Comparison with  CAD-CAM Milled Denture Base Resin.,European journal of dentistry,journalArticle,P3IE33LP,Alharethi - 2024 - Evaluation of the Influence of Build Orientation on the Surface Roughness and Flexural Strength of 3.pdf,EXCLUDE,"证据片段中仅提及""Data were analyzed by a statistical software package""，未给出任何具名的第三方非牙科3D软件；其余内容均为3D打印与CAD-CAM铣削工艺及测试，无具名非牙科3D软件被该研究自身使用。",-,-,-,-,"【判定】: EXCLUDE
【判定理由】: 证据片段中仅提及""Data were analyzed by a statistical software package""，未给出任何具名的第三方非牙科3D软件；其余内容均为3D打印与CAD-CAM铣削工艺及测试，无具名非牙科3D软件被该研究自身使用。
【软件】: -
【专科】: -
【应用场景】: -
【研究设计】: -"
integrating digital feedback into competency based medical education for crown preparation skill acquisition a pre post study of dental interns in taiwan,Integrating Digital Feedback Into Competency-Based Medical Education for Crown Preparation Skill Acquisition: A Pre-Post Study of Dental Interns in Taiwan,EUROPEAN JOURNAL OF DENTAL EDUCATION,journalArticle,AIZ65U9H,Chang 等 - 2026 - Integrating Digital Feedback Into Competency‐Based Medical Education for Crown Preparation Skill Acq.pdf,EXCLUDE,"证据片段中唯一具名的软件是 ""Exocad 2.3 Matera (Exocad GmbH, Darmstadt, Germany)""，属于牙科专用软件，且未出现任何该研究自身使用的具名第三方非牙科3D软件。",-,-,-,-,"【判定】: EXCLUDE
【判定理由】: 证据片段中唯一具名的软件是 ""Exocad 2.3 Matera (Exocad GmbH, Darmstadt, Germany)""，属于牙科专用软件，且未出现任何该研究自身使用的具名第三方非牙科3D软件。
【软件】: -
【专科】: -
【应用场景】: -
【研究设计】: -"
design of an interactive system for access cavity assessment a novel feedback tool for preclinical endodontics,Design of an interactive system for access cavity assessment: A novel feedback tool for preclinical endodontics,EUROPEAN JOURNAL OF DENTAL EDUCATION,journalArticle,3ZVZI7FS,Choi 等 - 2023 - Design of an interactive system for access cavity assessment A novel feedback tool for preclinical.pdf,EXCLUDE,"证据片段中仅提到该研究开发了名为""3D Dental Align""的软件包（""after using the software package, 3D Dental Align""），属于自研软件，且摘要中仅泛称""freely available software""，未出现任何具名的第三方非牙科3D软件被该研究自己使用。",-,-,-,-,"【判定】: EXCLUDE
【判定理由】: 证据片段中仅提到该研究开发了名为""3D Dental Align""的软件包（""after using the software package, 3D Dental Align""），属于自研软件，且摘要中仅泛称""freely available software""，未出现任何具名的第三方非牙科3D软件被该研究自己使用。
【软件】: -
【专科】: -
【应用场景】: -
【研究设计】: -"
the accuracy of automated facial landmarking a comparative study between cliniface software and patch based convoluted neural network algorithm,The accuracy of automated facial landmarking - a comparative study between Cliniface software and patch-based Convoluted Neural Network algorithm.,European journal of orthodontics,journalArticle,TWGZIE88,Al-Baker 等 - 2025 - The accuracy of automated facial landmarking - a comparative study between Cliniface software and pa.pdf,EXCLUDE,"该研究自身使用的软件为 Cliniface（牙科/面部专用软件），另一方法为自研的 patch-based CNN 算法；证据中""Each 3D facial image was imported into Cliniface software""及""the developed patch-based CNN algorithm""均不构成具名的第三方非牙科3D软件。",-,-,-,-,"【判定】: EXCLUDE
【判定理由】: 该研究自身使用的软件为 Cliniface（牙科/面部专用软件），另一方法为自研的 patch-based CNN 算法；证据中""Each 3D facial image was imported into Cliniface software""及""the developed patch-based CNN algorithm""均不构成具名的第三方非牙科3D软件。
【软件】: -
【专科】: -
【应用场景】: -
【研究设计】: -"
mechanical response of pekk and peek as frameworks for implant supported full arch fixed dental prosthesis 3d finite element analysis,Mechanical Response of PEKK and PEEK As Frameworks for Implant-Supported Full-Arch Fixed Dental Prosthesis: 3D Finite Element Analysis.,European journal of dentistry,journalArticle,S4MRIA3P,Villefort 等 - 2022 - Mechanical Response of PEKK and PEEK As Frameworks for Implant-Supported Full-Arch Fixed Dental Pros.pdf,INCLUDE,"该研究自身在材料与方法中使用具名第三方非牙科3D软件处理3D数据，原文明确写道""converted to stereolithography (STL) file in a 3D slicer software program""以及""using CAD software (Rhinoceros Version 4.0 SR8, McNeel North America...)""。",3D Slicer; Rhinoceros,Prosthodontics,Biomechanical analysis and simulation,computational,"【判定】: INCLUDE
【判定理由】: 该研究自身在材料与方法中使用具名第三方非牙科3D软件处理3D数据，原文明确写道""converted to stereolithography (STL) file in a 3D slicer software program""以及""using CAD software (Rhinoceros Version 4.0 SR8, McNeel North America...)""。
【软件】: 3D Slicer; Rhinoceros
【专科】: Prosthodontics
【应用场景】: Biomechanical analysis and simulation
【研究设计】: computational"
secondary mandible reconstruction with computer assisted surgical simulation and patient specific pre bent plates the algorithm of virtual planning and limitations revisited,Secondary Mandible Reconstruction with Computer-Assisted-Surgical Simulation and Patient-Specific Pre-Bent Plates: The Algorithm of Virtual Planning and Limitations Revisited,APPLIED SCIENCES-BASEL,journalArticle,8ZIRPRCJ,Bhandari 等 - 2022 - Secondary Mandible Reconstruction with Computer-Assisted-Surgical Simulation and Patient-Specific Pr.pdf,EXCLUDE,抽取的证据片段仅包含题名、作者、摘要及关键词等元数据，未出现任何该研究自身在材料与方法中使用具名第三方非牙科3D软件的原文描述。,-,-,-,-,"【判定】: EXCLUDE
【判定理由】: 抽取的证据片段仅包含题名、作者、摘要及关键词等元数据，未出现任何该研究自身在材料与方法中使用具名第三方非牙科3D软件的原文描述。
【软件】: -
【专科】: -
【应用场景】: -
【研究设计】: -"
a 3 d finite element analysis of a single implant retained overdenture reinforced with short versus long frameworks,A 3-D Finite Element Analysis of a Single Implant Retained Overdenture Reinforced with Short Versus Long Frameworks.,The European journal of prosthodontics and restorative dentistry,journalArticle,5V4M8IQL,El-Okl - 2021 - A 3-D Finite Element Analysis of a Single Implant Retained Overdenture Reinforced with Short Versus.pdf,EXCLUDE,"证据片段仅显示该研究使用""a 3-D FEA""进行应力分析，但未提及任何具名的第三方非牙科3D软件（如ANSYS、ABAQUS等）；摘要及全文片段中均无具体软件名称。",-,-,-,-,"【判定】: EXCLUDE
【判定理由】: 证据片段仅显示该研究使用""a 3-D FEA""进行应力分析，但未提及任何具名的第三方非牙科3D软件（如ANSYS、ABAQUS等）；摘要及全文片段中均无具体软件名称。
【软件】: -
【专科】: -
【应用场景】: -
【研究设计】: -"
development of a quantitative method to assess dental students manual dexterity in tooth cavity preparation,Development of a Quantitative Method to Assess Dental Students' Manual Dexterity in Tooth Cavity Preparation,EUROPEAN JOURNAL OF DENTAL EDUCATION,journalArticle,KYG8D3UF,Lee 等 - 2025 - Development of a Quantitative Method to Assess Dental Students' Manual Dexterity in Tooth Cavity Pre.pdf,INCLUDE,"该研究自身在材料与方法中使用具名第三方非牙科3D软件处理3D数据，如""imported into Meshmixer ver. 3.5 (Autodesk Inc.)""、""imported into GOM Inspector 2018""及""transferred to Blender ver. 3.0""。",Meshmixer; GOM Inspect; Blender,Dental Education,3D data analysis and accuracy assessment,technical_note,"【判定】: INCLUDE
【判定理由】: 该研究自身在材料与方法中使用具名第三方非牙科3D软件处理3D数据，如""imported into Meshmixer ver. 3.5 (Autodesk Inc.)""、""imported into GOM Inspector 2018""及""transferred to Blender ver. 3.0""。
【软件】: Meshmixer; GOM Inspect; Blender
【专科】: Dental Education
【应用场景】: 3D data analysis and accuracy assessment
【研究设计】: technical_note"
precision and efficacy of digital technology in orthognathic surgery for facial asymmetry correction a quantitative analysis,Precision and Efficacy of Digital Technology in Orthognathic Surgery for Facial Asymmetry Correction: A Quantitative Analysis,AESTHETIC PLASTIC SURGERY,journalArticle,9DHRAUNV,Sun 等 - 2025 - Precision and Efficacy of Digital Technology in Orthognathic Surgery for Facial Asymmetry Correction.pdf,INCLUDE,"该研究自身在材料与方法中使用 Mimics 软件进行三维颅骨重建与虚拟手术模拟，原文明确写道""CBCT data were imported into Materialise Mimics software (Belgium) in DICOM format for three-dimensional skull reconstruction""及""Within the Mimics platform, virtual surgical simulations were performed""。",Mimics,Orthodontics and Orthognathic Surgery,Surgical planning and precise implementation,clinical,"【判定】: INCLUDE
【判定理由】: 该研究自身在材料与方法中使用 Mimics 软件进行三维颅骨重建与虚拟手术模拟，原文明确写道""CBCT data were imported into Materialise Mimics software (Belgium) in DICOM format for three-dimensional skull reconstruction""及""Within the Mimics platform, virtual surgical simulations were performed""。
【软件】: Mimics
【专科】: Orthodontics and Orthognathic Surgery
【应用场景】: Surgical planning and precise implementation
【研究设计】: clinical"
effect of mandibular advancement on condylar remodelling of class ii malocclusion adolescent patients with or without anterior disc displacement a retrospective study,Effect of Mandibular Advancement on Condylar Remodelling of Class II Malocclusion Adolescent Patients With or Without Anterior Disc Displacement: A Retrospective Study,JOURNAL OF ORAL REHABILITATION,journalArticle,8LJI9ZZH,Wang 等 - 2025 - Effect of Mandibular Advancement on Condylar Remodelling of Class span style=font-variantsmall-ca.pdf,INCLUDE,"摘要与全文中明确写道""3D Slicer 5.0.3 software was used to compare the quantitative index changes before and after treatment""，且该研究自身用其进行髁突三维重建与叠加分析。",3D Slicer,Orthodontics,Image segmentation and 3D reconstruction,clinical,"【判定】: INCLUDE
【判定理由】: 摘要与全文中明确写道""3D Slicer 5.0.3 software was used to compare the quantitative index changes before and after treatment""，且该研究自身用其进行髁突三维重建与叠加分析。
【软件】: 3D Slicer
【专科】: Orthodontics
【应用场景】: Image segmentation and 3D reconstruction
【研究设计】: clinical"
3d imaging for dental identification a pilot investigation of a novel segmentation method using an intra oral scanning device,3D imaging for dental identification: a pilot investigation of a novel segmentation method using an intra oral scanning device,FORENSIC SCIENCE MEDICINE AND PATHOLOGY,journalArticle,7D8C3IE9,Perkins 等 - 2025 - 3D imaging for dental identification a pilot investigation of a novel segmentation method using an.pdf,EXCLUDE,"证据片段仅提及""a novel segmentation method""及""five different segmentation methods""，未出现任何具名的第三方非牙科3D软件（如Mimics、Geomagic等）被该研究自己使用。",-,-,-,-,"【判定】: EXCLUDE
【判定理由】: 证据片段仅提及""a novel segmentation method""及""five different segmentation methods""，未出现任何具名的第三方非牙科3D软件（如Mimics、Geomagic等）被该研究自己使用。
【软件】: -
【专科】: -
【应用场景】: -
【研究设计】: -"
digital hybrid model preparation for virtual planning of reconstructive dentoalveolar surgical procedures,Digital Hybrid Model Preparation for Virtual Planning of Reconstructive Dentoalveolar Surgical Procedures,JOVE-JOURNAL OF VISUALIZED EXPERIMENTS,journalArticle,6WML986Q,Palkovics 等 - 2021 - Digital Hybrid Model Preparation for Virtual Planning of Reconstructive Dentoalveolar Surgical Proce.pdf,EXCLUDE,"抽取的证据片段仅涉及摘要、引言及作者信息，未出现任何该研究自身使用的具名第三方非牙科3D软件（如 Mimics、3D Slicer 等），仅泛泛提及""radiographic image segmentation""""free-form surface modeling""等方法描述。",-,-,-,-,"【判定】: EXCLUDE
【判定理由】: 抽取的证据片段仅涉及摘要、引言及作者信息，未出现任何该研究自身使用的具名第三方非牙科3D软件（如 Mimics、3D Slicer 等），仅泛泛提及""radiographic image segmentation""""free-form surface modeling""等方法描述。
【软件】: -
【专科】: -
【应用场景】: -
【研究设计】: -"
automated reconstruction predictive models based on facial morphology matrices,Automated reconstruction: Predictive models based on facial morphology matrices.,Forensic science international,journalArticle,2MUY3JET,Mbonani 等 - 2024 - Automated reconstruction Predictive models based on facial morphology matrices..pdf,EXCLUDE,该研究主题为法医面部近似（Forensic Facial Approximation），属于法医学/法医人类学范畴，而非口腔医学任一学科；且证据片段中仅提及使用 PLSR 算法，未出现任何具名第三方非牙科3D软件被该研究自身使用。,-,-,-,-,"【判定】: EXCLUDE
【判定理由】: 该研究主题为法医面部近似（Forensic Facial Approximation），属于法医学/法医人类学范畴，而非口腔医学任一学科；且证据片段中仅提及使用 PLSR 算法，未出现任何具名第三方非牙科3D软件被该研究自身使用。
【软件】: -
【专科】: -
【应用场景】: -
【研究设计】: -"
in house open source 3d software based cad cam planned mandibular reconstructions in 20 consecutive free fibula flap cases an explorative cross sectional study with three dimensional performance analysis,"In-House, Open-Source 3D-Software-Based, CAD/CAM-Planned Mandibular Reconstructions in 20 Consecutive Free Fibula Flap Cases: An Explorative Cross-Sectional Study With Three-Dimensional Performance Analysis",FRONTIERS IN ONCOLOGY,journalArticle,3DULHY4P,"Ritschl 等 - 2021 - In-House, Open-Source 3D-Software-Based, CADCAM-Planned Mandibular Reconstructions in 20 Consecutiv.pdf",INCLUDE,"摘要方法部分明确写明""All consecutive cases ... that underwent in-house, software-based (Blender) mandibular reconstruction with a free fibula flap (FFF) were included""，即该研究自身使用 Blender 进行虚拟规划与三维分析。",Blender,Oral and Maxillofacial Surgery,Surgical planning and precise implementation,clinical,"【判定】: INCLUDE
【判定理由】: 摘要方法部分明确写明""All consecutive cases ... that underwent in-house, software-based (Blender) mandibular reconstruction with a free fibula flap (FFF) were included""，即该研究自身使用 Blender 进行虚拟规划与三维分析。
【软件】: Blender
【专科】: Oral and Maxillofacial Surgery
【应用场景】: Surgical planning and precise implementation
【研究设计】: clinical"
a comparative study on a novel fibula malleolus cap to increase the accuracy of oncologic jaw reconstruction,A Comparative Study on a Novel Fibula Malleolus Cap to Increase the Accuracy of Oncologic Jaw Reconstruction,FRONTIERS IN ONCOLOGY,journalArticle,K7USC6AL,Pu 等 - 2021 - A Comparative Study on a Novel Fibula Malleolus Cap to Increase the Accuracy of Oncologic Jaw Recons.pdf,EXCLUDE,"抽取的证据片段仅涉及研究背景、方法和结果描述（如""3D-printed patient-specific fibula malleolus cap""），未出现任何该研究自身使用的具名第三方非牙科3D软件名称。",-,-,-,-,"【判定】: EXCLUDE
【判定理由】: 抽取的证据片段仅涉及研究背景、方法和结果描述（如""3D-printed patient-specific fibula malleolus cap""），未出现任何该研究自身使用的具名第三方非牙科3D软件名称。
【软件】: -
【专科】: -
【应用场景】: -
【研究设计】: -"
the effect of mandibular flexure on the design of implant supported fixed restorations of different facial types under two loading conditions by three dimensional finite element analysis,The effect of mandibular flexure on the design of implant-supported fixed restorations of different facial types under two loading conditions by three-dimensional finite element analysis,FRONTIERS IN BIOENGINEERING AND BIOTECHNOLOGY,journalArticle,PRQRZMAW,Gao 等 - 2022 - The effect of mandibular flexure on the design of implant-supported fixed restorations of different.pdf,INCLUDE,"该研究自身在材料与方法中使用具名第三方非牙科3D软件处理3D数据，如""The volume of the mandible was recreated using Mimics 10.0 software... and Geomagic Studio software""，并""Final assembly... based on Boolean operations in UG10.0 software""及""interface condition was set in Ansys Workbench 17.0 software""。",Mimics; Geomagic Studio; UG (Unigraphics); ANSYS Workbench,Implantology,Biomechanical analysis and simulation,computational,"【判定】: INCLUDE
【判定理由】: 该研究自身在材料与方法中使用具名第三方非牙科3D软件处理3D数据，如""The volume of the mandible was recreated using Mimics 10.0 software... and Geomagic Studio software""，并""Final assembly... based on Boolean operations in UG10.0 software""及""interface condition was set in Ansys Workbench 17.0 software""。
【软件】: Mimics; Geomagic Studio; UG (Unigraphics); ANSYS Workbench
【专科】: Implantology
【应用场景】: Biomechanical analysis and simulation
【研究设计】: computational"
an innovative additively manufactured implant for mandibular injuries design and preparation processes based on simulation model,An innovative additively manufactured implant for mandibular injuries: Design and preparation processes based on simulation model.,Frontiers in bioengineering and biotechnology,journalArticle,3UIJFW4V,Zheng 等 - 2022 - An innovative additively manufactured implant for mandibular injuries Design and preparation proces.pdf,EXCLUDE,"抽取的证据片段仅泛泛提及""Finite element analysis has been applied""和""topological optimization approach""，未出现任何具名的第三方非牙科3D软件（如 ANSYS、ABAQUS、Mimics 等）被该研究自己使用。",-,-,-,-,"【判定】: EXCLUDE
【判定理由】: 抽取的证据片段仅泛泛提及""Finite element analysis has been applied""和""topological optimization approach""，未出现任何具名的第三方非牙科3D软件（如 ANSYS、ABAQUS、Mimics 等）被该研究自己使用。
【软件】: -
【专科】: -
【应用场景】: -
【研究设计】: -"
validation of three dimensional facial imaging captured with smartphone based photogrammetry application in comparison to stereophotogrammetry system,Validation of three-dimensional facial imaging captured with smartphone-based photogrammetry application in comparison to stereophotogrammetry system,HELIYON,journalArticle,2N5V8KH4,Andrews 等 - 2023 - Validation of three-dimensional facial imaging captured with smartphone-based photogrammetry applica.pdf,INCLUDE,"该研究自身在材料与方法中使用 Geomagic Control X 软件进行3D面部扫描数据的对齐与偏差分析，原文明确写道 ""The best fit of each experimental model to the 3dMD scan was analyzed using Geomagic Control X software"" 及 ""uploaded for analysis into the Geomagic Control X ... a reverse engineering CAD software""。",Geomagic Control X,Orthodontics,3D data analysis and accuracy assessment,clinical,"【判定】: INCLUDE
【判定理由】: 该研究自身在材料与方法中使用 Geomagic Control X 软件进行3D面部扫描数据的对齐与偏差分析，原文明确写道 ""The best fit of each experimental model to the 3dMD scan was analyzed using Geomagic Control X software"" 及 ""uploaded for analysis into the Geomagic Control X ... a reverse engineering CAD software""。
【软件】: Geomagic Control X
【专科】: Orthodontics
【应用场景】: 3D data analysis and accuracy assessment
【研究设计】: clinical"
developing an interactive computer program for integrated dental education,Developing an Interactive Computer Program for Integrated Dental Education.,Healthcare informatics research,journalArticle,R8BYGXA2,Chow和Sharmin - 2021 - Developing an Interactive Computer Program for Integrated Dental Education..pdf,INCLUDE,"证据片段明确显示该研究自身使用了具名第三方非牙科3D软件：""Blender was used to create the graphics, and Unity 3D was used to incorporate interactivity in the program.""",Blender; Unity 3D,Dental Education,Digital design and manufacturing,educational,"【判定】: INCLUDE
【判定理由】: 证据片段明确显示该研究自身使用了具名第三方非牙科3D软件：""Blender was used to create the graphics, and Unity 3D was used to incorporate interactivity in the program.""
【软件】: Blender; Unity 3D
【专科】: Dental Education
【应用场景】: Digital design and manufacturing
【研究设计】: educational"
esthetic rehabilitation for a kennedy class iv patient using detachable 3d printing diagnostic denture and removable partial denture with polyetheretherketone framework,Esthetic rehabilitation for a Kennedy Class IV patient using detachable 3D printing diagnostic denture and removable partial denture with polyetheretherketone framework,HELIYON,journalArticle,75U924X7,Wu 等 - 2022 - Esthetic rehabilitation for a Kennedy Class IV patient using detachable 3D printing diagnostic dentu.pdf,INCLUDE,"该研究自身在方法中使用非牙科3D软件 Geomagic Qualify 2013 进行偏差比较：""The deviation between them was compared in Geomagic Qualify 2013 (Geomagic, Morrisville, NC, USA)""。",Geomagic Qualify 2013,Prosthodontics,3D data analysis and accuracy assessment,case_report,"【判定】: INCLUDE
【判定理由】: 该研究自身在方法中使用非牙科3D软件 Geomagic Qualify 2013 进行偏差比较：""The deviation between them was compared in Geomagic Qualify 2013 (Geomagic, Morrisville, NC, USA)""。
【软件】: Geomagic Qualify 2013
【专科】: Prosthodontics
【应用场景】: 3D data analysis and accuracy assessment
【研究设计】: case_report"
a framework to enhance the experience of cbct data in real time using immersive virtual reality impacting dental pre surgical planning,A Framework to Enhance the Experience of CBCT Data in Real-Time Using Immersive Virtual Reality: Impacting Dental Pre-Surgical Planning,IEEE Access,journalArticle,ZRTG4C5T,Bhat 等 - 2024 - A Framework to Enhance the Experience of CBCT Data in Real-Time Using Immersive Virtual Reality Imp.pdf,EXCLUDE,"证据片段显示该研究自行开发VR框架（""The main application is developed and tested on a Windows desktop computer""），仅使用Unity平台与Meta Quest 2头显，未使用任何具名的第三方非牙科3D软件；文中提及的3D Slicer仅出现在文献综述中（""integrating VR functionalities into existing tools like 3D Slicer [13]""），并非该研究自身使用。",-,-,-,-,"【判定】: EXCLUDE
【判定理由】: 证据片段显示该研究自行开发VR框架（""The main application is developed and tested on a Windows desktop computer""），仅使用Unity平台与Meta Quest 2头显，未使用任何具名的第三方非牙科3D软件；文中提及的3D Slicer仅出现在文献综述中（""integrating VR functionalities into existing tools like 3D Slicer [13]""），并非该研究自身使用。
【软件】: -
【专科】: -
【应用场景】: -
【研究设计】: -"
realizing in house algorithm driven free fibula flap set up within 24 hours a pilot study evaluating accuracy with open source tools,Realizing in-house algorithm-driven free fibula flap set up within 24 hours: a pilot study evaluating accuracy with open-source tools,FRONTIERS IN SURGERY,journalArticle,3KLNEKRB,Vollmer 等 - 2023 - Realizing in-house algorithm-driven free fibula flap set up within 24 hours a pilot study evaluatin.pdf,EXCLUDE,"证据片段仅泛泛提及""open-source software tools""和""open-source algorithm""，唯一具名的软件 Blender 出现在被引他人研究的语境中（""Ganry et al. introduced Blender...""），未显示该研究自身使用了具名第三方非牙科3D软件。",-,-,-,-,"【判定】: EXCLUDE
【判定理由】: 证据片段仅泛泛提及""open-source software tools""和""open-source algorithm""，唯一具名的软件 Blender 出现在被引他人研究的语境中（""Ganry et al. introduced Blender...""），未显示该研究自身使用了具名第三方非牙科3D软件。
【软件】: -
【专科】: -
【应用场景】: -
【研究设计】: -"
initial implementation of surgical guide design utilizing digital medicine for lateral orbital decompression surgery,Initial implementation of surgical guide design utilizing digital medicine for lateral orbital decompression surgery,JOURNAL OF CRANIO-MAXILLOFACIAL SURGERY,journalArticle,3TBNKUQA,Yu 等 - 2024 - Initial implementation of surgical guide design utilizing digital medicine for lateral orbital decom.pdf,INCLUDE,"该研究自身在材料与方法中使用具名第三方非牙科3D软件，如""Mimics 21.0 software was used to reconstruct a three-dimensional model of the orbit""及""designed using 3-matic 13.0 software""和""Geomagic Wrap 21.0""。",Mimics; 3-matic; Geomagic Wrap,Oral and Maxillofacial Surgery,Surgical planning and precise implementation,clinical,"【判定】: INCLUDE
【判定理由】: 该研究自身在材料与方法中使用具名第三方非牙科3D软件，如""Mimics 21.0 software was used to reconstruct a three-dimensional model of the orbit""及""designed using 3-matic 13.0 software""和""Geomagic Wrap 21.0""。
【软件】: Mimics; 3-matic; Geomagic Wrap
【专科】: Oral and Maxillofacial Surgery
【应用场景】: Surgical planning and precise implementation
【研究设计】: clinical"
optimization of forensic identification through 3 dimensional imaging analysis of labial tooth surface using open source software,Optimization of forensic identification through 3-dimensional imaging analysis of labial tooth surface using open-source software.,Imaging science in dentistry,journalArticle,MH77VGXZ,Kurniawan 等 - 2024 - Optimization of forensic identification through 3-dimensional imaging analysis of labial tooth surfa.pdf,INCLUDE,"该研究自身在材料与方法中使用了具名第三方非牙科3D软件，原文明确写道""All analyses were conducted using CloudCompare version 2.12.4 (Telecom ParisTech and R&D, Kyiv, Ukraine)""，用于3D点云数据的叠加与测量分析。",CloudCompare,Forensic Odontology,3D data analysis and accuracy assessment,computational,"【判定】: INCLUDE
【判定理由】: 该研究自身在材料与方法中使用了具名第三方非牙科3D软件，原文明确写道""All analyses were conducted using CloudCompare version 2.12.4 (Telecom ParisTech and R&D, Kyiv, Ukraine)""，用于3D点云数据的叠加与测量分析。
【软件】: CloudCompare
【专科】: Forensic Odontology
【应用场景】: 3D data analysis and accuracy assessment
【研究设计】: computational"
automated dental landmarks recognition in special models via neural network,Automated Dental Landmarks Recognition in Special Models via Neural Network,IEEE Transactions on Computational Social Systems,journalArticle,3C3LWSIA,Lai 等 - 2025 - Automated Dental Landmarks Recognition in Special Models via Neural Network.pdf,INCLUDE,"证据片段明确显示该研究自身在方法中使用具名第三方非牙科3D软件：""a subset of 100 IOS models was segmented and labeled using MeshLab software to generate 3-D dental grid data""。",MeshLab,Orthodontics,Image segmentation and 3D reconstruction,computational,"【判定】: INCLUDE
【判定理由】: 证据片段明确显示该研究自身在方法中使用具名第三方非牙科3D软件：""a subset of 100 IOS models was segmented and labeled using MeshLab software to generate 3-D dental grid data""。
【软件】: MeshLab
【专科】: Orthodontics
【应用场景】: Image segmentation and 3D reconstruction
【研究设计】: computational"
effects of the cone beam computed tomography protocol on the accuracy and image quality of root surface area measurements an in vitro study,Effects of the cone-beam computed tomography protocol on the accuracy and image quality of root surface area measurements: An in vitro study.,Imaging science in dentistry,journalArticle,6L7WJ4MX,Intarasuksanti 等 - 2023 - Effects of the cone-beam computed tomography protocol on the accuracy and image quality of root surf.pdf,INCLUDE,"该研究自身在材料与方法中使用 Mimics Research 15.01 将 DICOM 转换为 STL，并用 3-Matic Research 7.01 自动测量根表面积（""converted ... to stereolithography (STL) format using Mimics Research 15.01 simulation software""；""RSA was automatically measured using 3-Matic Research software""）。",Mimics; 3-Matic,Oral and Maxillofacial Radiology,Image segmentation and 3D reconstruction,in_vitro,"【判定】: INCLUDE
【判定理由】: 该研究自身在材料与方法中使用 Mimics Research 15.01 将 DICOM 转换为 STL，并用 3-Matic Research 7.01 自动测量根表面积（""converted ... to stereolithography (STL) format using Mimics Research 15.01 simulation software""；""RSA was automatically measured using 3-Matic Research software""）。
【软件】: Mimics; 3-Matic
【专科】: Oral and Maxillofacial Radiology
【应用场景】: Image segmentation and 3D reconstruction
【研究设计】: in_vitro"
three dimensional volumetric investigation of onodi cells a multi slice computed tomography study,Three-Dimensional Volumetric Investigation of Onodi Cells: A Multi-Slice Computed Tomography Study.,International archives of otorhinolaryngology,journalArticle,YFI6KQ92,Dieguez 等 - 2024 - Three-Dimensional Volumetric Investigation of Onodi Cells A Multi-Slice Computed Tomography Study..pdf,INCLUDE,"该研究自身在方法中使用""the ITK-SNAP software (open-source) with semiautomatic segmentation""测量Onodi气房体积，并""exported to the ITK/SNAP software (open source), version 3.8.0""进行三维重建。",ITK-SNAP,Oral and Maxillofacial Radiology,Image segmentation and 3D reconstruction,clinical,"【判定】: INCLUDE
【判定理由】: 该研究自身在方法中使用""the ITK-SNAP software (open-source) with semiautomatic segmentation""测量Onodi气房体积，并""exported to the ITK/SNAP software (open source), version 3.8.0""进行三维重建。
【软件】: ITK-SNAP
【专科】: Oral and Maxillofacial Radiology
【应用场景】: Image segmentation and 3D reconstruction
【研究设计】: clinical"
volumetric analysis of mucous retention cysts in the maxillary sinus a retrospective study using cone beam computed tomography,Volumetric analysis of mucous retention cysts in the maxillary sinus: A retrospective study using cone-beam computed tomography.,Imaging science in dentistry,journalArticle,6SHXRW5Z,Hung 等 - 2021 - Volumetric analysis of mucous retention cysts in the maxillary sinus A retrospective study using co.pdf,INCLUDE,"该研究自身在材料与方法中使用 3D-Slicer 对 CBCT 图像进行体积分析，原文明确写道 ""evaluated on CBCT images using the 3D-Slicer software platform""。",3D Slicer,Oral and Maxillofacial Radiology,Image segmentation and 3D reconstruction,clinical,"【判定】: INCLUDE
【判定理由】: 该研究自身在材料与方法中使用 3D-Slicer 对 CBCT 图像进行体积分析，原文明确写道 ""evaluated on CBCT images using the 3D-Slicer software platform""。
【软件】: 3D Slicer
【专科】: Oral and Maxillofacial Radiology
【应用场景】: Image segmentation and 3D reconstruction
【研究设计】: clinical"
segmentation of cemento osseous dysplasias using an artificial intelligence algorithm,Segmentation of Cemento-Osseous Dysplasias Using an Artificial Intelligence Algorithm,INTERNATIONAL DENTAL JOURNAL,journalArticle,ILAFRFCN,Çelik Özen 等 - 2026 - Segmentation of Cemento-Osseous Dysplasias Using an Artificial Intelligence Algorithm.pdf,INCLUDE,"该研究自身在方法中使用具名第三方非牙科3D软件，原文明确写道""Fifty DICOM images were uploaded to the 3D slicer software, and cemento-osseous dysplasias were polygonally labeled""。",3D Slicer,Oral and Maxillofacial Radiology,Image segmentation and 3D reconstruction,computational,"【判定】: INCLUDE
【判定理由】: 该研究自身在方法中使用具名第三方非牙科3D软件，原文明确写道""Fifty DICOM images were uploaded to the 3D slicer software, and cemento-osseous dysplasias were polygonally labeled""。
【软件】: 3D Slicer
【专科】: Oral and Maxillofacial Radiology
【应用场景】: Image segmentation and 3D reconstruction
【研究设计】: computational"
occlusal analysis of algorithm designed restoration using different virtual articulator parameters a preliminary study,Occlusal Analysis of Algorithm-designed Restoration Using Different Virtual Articulator Parameters: A Preliminary Study,INTERNATIONAL DENTAL JOURNAL,journalArticle,4D8XQVXT,Guo 等 - 2025 - Occlusal Analysis of Algorithm-designed Restoration Using Different Virtual Articulator Parameters.pdf,INCLUDE,"摘要及全文证据片段明确显示该研究自身使用非牙科3D软件进行测量分析：""Intraoral scans were analysed using Geomagic Control X 2020 software to assess occlusal contact areas and points""。",Geomagic Control X,Prosthodontics,3D data analysis and accuracy assessment,clinical,"【判定】: INCLUDE
【判定理由】: 摘要及全文证据片段明确显示该研究自身使用非牙科3D软件进行测量分析：""Intraoral scans were analysed using Geomagic Control X 2020 software to assess occlusal contact areas and points""。
【软件】: Geomagic Control X
【专科】: Prosthodontics
【应用场景】: 3D data analysis and accuracy assessment
【研究设计】: clinical"
augmented reality navigation with real time tracking for facial repair surgery,Augmented reality navigation with real-time tracking for facial repair surgery.,International journal of computer assisted radiology and surgery,journalArticle,V89XCKDS,Shao 等 - 2022 - Augmented reality navigation with real-time tracking for facial repair surgery..pdf,INCLUDE,"证据片段明确显示该研究自身使用了具名第三方非牙科3D软件：""The CT segmentation is performed by using the dynamic threshold segmentation function of the Mimics software (Materialize NV...)""。",Mimics,Oral and Maxillofacial Surgery,Image segmentation and 3D reconstruction,computational,"【判定】: INCLUDE
【判定理由】: 证据片段明确显示该研究自身使用了具名第三方非牙科3D软件：""The CT segmentation is performed by using the dynamic threshold segmentation function of the Mimics software (Materialize NV...)""。
【软件】: Mimics
【专科】: Oral and Maxillofacial Surgery
【应用场景】: Image segmentation and 3D reconstruction
【研究设计】: computational"
comparing the accuracy and treatment time of a robotic and dynamic navigation system in osteotomy and root end resection an in vitro study,Comparing the accuracy and treatment time of a robotic and dynamic navigation system in osteotomy and root-end resection: An in vitro study,INTERNATIONAL ENDODONTIC JOURNAL,journalArticle,APVNWPAS,Liu 等 - 2025 - Comparing the accuracy and treatment time of a robotic and dynamic navigation system in osteotomy an-1.pdf,EXCLUDE,"证据片段中仅出现""DentalNavi software was used to plan a drilling path and depth""（牙科专用导航软件）和""G*Power software""（用于样本量计算，非3D数据处理），未发现该研究自身使用任何具名的第三方非牙科3D软件。",-,-,-,-,"【判定】: EXCLUDE
【判定理由】: 证据片段中仅出现""DentalNavi software was used to plan a drilling path and depth""（牙科专用导航软件）和""G*Power software""（用于样本量计算，非3D数据处理），未发现该研究自身使用任何具名的第三方非牙科3D软件。
【软件】: -
【专科】: -
【应用场景】: -
【研究设计】: -"
practitioners perceptions of augmented and virtual reality in endodontic treatment planning a pilot study,Practitioners' Perceptions of Augmented and Virtual Reality in Endodontic Treatment Planning: A Pilot Study,INTERNATIONAL ENDODONTIC JOURNAL,journalArticle,DVQKTI8D,Reymus 等 - 2026 - Practitioners' Perceptions of Augmented and Virtual Reality in Endodontic Treatment Planning A Pilo.pdf,INCLUDE,"该研究自身开发了""a custom add-on for Blender (an open-source 3D modelling software), named VirtualEndo""用于将CBCT数据转换为AR/VR格式，Blender为具名第三方非牙科3D软件。",Blender,Endodontics,Image segmentation and 3D reconstruction,clinical,"【判定】: INCLUDE
【判定理由】: 该研究自身开发了""a custom add-on for Blender (an open-source 3D modelling software), named VirtualEndo""用于将CBCT数据转换为AR/VR格式，Blender为具名第三方非牙科3D软件。
【软件】: Blender
【专科】: Endodontics
【应用场景】: Image segmentation and 3D reconstruction
【研究设计】: clinical"
an automatic approach to establish clinically desired final dental occlusion for one piece maxillary orthognathic surgery,An automatic approach to establish clinically desired final dental occlusion for one-piece maxillary orthognathic surgery.,International journal of computer assisted radiology and surgery,journalArticle,SK8EHSDL,Deng 等 - 2020 - An automatic approach to establish clinically desired final dental occlusion for one-piece maxillary.pdf,EXCLUDE,"证据片段仅描述该研究自研的三阶段自动算法（""propose a three-stage approach to digitally and automatically establish the desired final dental occlusion""），未提及任何具名的第三方非牙科3D软件被该研究自己使用；文中提及的 Kumar、Wu、Mouritsen 等均为被引他人研究。",-,-,-,-,"【判定】: EXCLUDE
【判定理由】: 证据片段仅描述该研究自研的三阶段自动算法（""propose a three-stage approach to digitally and automatically establish the desired final dental occlusion""），未提及任何具名的第三方非牙科3D软件被该研究自己使用；文中提及的 Kumar、Wu、Mouritsen 等均为被引他人研究。
【软件】: -
【专科】: -
【应用场景】: -
【研究设计】: -"
virtual reconstruction of orbital defects using gaussian process morphable models,Virtual reconstruction of orbital defects using Gaussian process morphable models.,International journal of computer assisted radiology and surgery,journalArticle,8TB2V9T8,Vanslambrouck 等 - 2024 - Virtual reconstruction of orbital defects using Gaussian process morphable models..pdf,INCLUDE,"该研究自身在方法中使用具名第三方非牙科3D软件，证据原文为""The developed algorithms utilize the existing framework of Gaussian process morphable models, as implemented in the Scalismo software.""",Scalismo,Oral and Maxillofacial Surgery,Image segmentation and 3D reconstruction,computational,"【判定】: INCLUDE
【判定理由】: 该研究自身在方法中使用具名第三方非牙科3D软件，证据原文为""The developed algorithms utilize the existing framework of Gaussian process morphable models, as implemented in the Scalismo software.""
【软件】: Scalismo
【专科】: Oral and Maxillofacial Surgery
【应用场景】: Image segmentation and 3D reconstruction
【研究设计】: computational"
contactless surface registration of featureless anatomy using structured light camera application to fibula navigation in mandible reconstruction,Contactless surface registration of featureless anatomy using structured light camera: application to fibula navigation in mandible reconstruction.,International journal of computer assisted radiology and surgery,journalArticle,GVHB8NVU,Cuau 等 - 2023 - Contactless surface registration of featureless anatomy using structured light camera application t.pdf,EXCLUDE,"证据片段仅提及""a fine registration is performed using an ICP algorithm""，ICP为算法而非具名第三方非牙科3D软件，且全文未出现任何具名第三方非牙科3D软件被该研究自身使用。",-,-,-,-,"【判定】: EXCLUDE
【判定理由】: 证据片段仅提及""a fine registration is performed using an ICP algorithm""，ICP为算法而非具名第三方非牙科3D软件，且全文未出现任何具名第三方非牙科3D软件被该研究自身使用。
【软件】: -
【专科】: -
【应用场景】: -
【研究设计】: -"
fibular registration using surface matching in navigation guided osteotomies a proof of concept study on 3d printed models,Fibular registration using surface matching in navigation-guided osteotomies: a proof of concept study on 3D-printed models.,International journal of computer assisted radiology and surgery,journalArticle,PEQ6GY9D,de Boutray 等 - 2022 - Fibular registration using surface matching in navigation-guided osteotomies a proof of concept stu.pdf,EXCLUDE,"证据片段仅提及该研究依赖""iterative closest point (ICP) algorithm""这一自研/自编算法，未出现任何具名的第三方非牙科3D软件（如 Mimics、3D Slicer、Geomagic 等）被该研究自己使用。",-,-,-,-,"【判定】: EXCLUDE
【判定理由】: 证据片段仅提及该研究依赖""iterative closest point (ICP) algorithm""这一自研/自编算法，未出现任何具名的第三方非牙科3D软件（如 Mimics、3D Slicer、Geomagic 等）被该研究自己使用。
【软件】: -
【专科】: -
【应用场景】: -
【研究设计】: -"
computer aided design and fabrication of nasal prostheses a semi automated algorithm using statistical shape modeling,Computer-aided design and fabrication of nasal prostheses: a semi-automated algorithm using statistical shape modeling,INTERNATIONAL JOURNAL OF COMPUTER ASSISTED RADIOLOGY AND SURGERY,journalArticle,NYZNSSTW,Bannink 等 - 2024 - Computer-aided design and fabrication of nasal prostheses a semi-automated algorithm using statisti.pdf,EXCLUDE,"证据片段仅泛泛提及""computer-aided design and manufacturing (CAD-CAM)""及自研的""morphable face model (MFM)""算法，未出现任何该研究自身使用的具名第三方非牙科3D软件（如 Mimics、3D Slicer、Geomagic 等）。",-,-,-,-,"【判定】: EXCLUDE
【判定理由】: 证据片段仅泛泛提及""computer-aided design and manufacturing (CAD-CAM)""及自研的""morphable face model (MFM)""算法，未出现任何该研究自身使用的具名第三方非牙科3D软件（如 Mimics、3D Slicer、Geomagic 等）。
【软件】: -
【专科】: -
【应用场景】: -
【研究设计】: -"
reconstruction of dental roots for implant planning purposes a feasibility study,Reconstruction of dental roots for implant planning purposes: a feasibility study,INTERNATIONAL JOURNAL OF COMPUTER ASSISTED RADIOLOGY AND SURGERY,journalArticle,PRJIHEU3,Brandenburg 等 - 2022 - Reconstruction of dental roots for implant planning purposes a feasibility study..pdf,INCLUDE,"该研究自身在材料与方法中使用开源软件""R""（含 Morpho、mesheR、Rvcg、RvtkStatismo 等包）生成统计形状模型以估算牙根走向，原文为""Based on the open-source software 'R', including the packages Morpho, mesheR, Rvcg and RvtkStatismo, an SSM was generated to estimate the tooth axes""。",R,Oral and Maxillofacial Surgery,Image segmentation and 3D reconstruction,computational,"【判定】: INCLUDE
【判定理由】: 该研究自身在材料与方法中使用开源软件""R""（含 Morpho、mesheR、Rvcg、RvtkStatismo 等包）生成统计形状模型以估算牙根走向，原文为""Based on the open-source software 'R', including the packages Morpho, mesheR, Rvcg and RvtkStatismo, an SSM was generated to estimate the tooth axes""。
【软件】: R
【专科】: Oral and Maxillofacial Surgery
【应用场景】: Image segmentation and 3D reconstruction
【研究设计】: computational"
accuracy of imaging software usable in clinical settings for 3d rendering of tooth structures,Accuracy of imaging software usable in clinical settings for 3D rendering of tooth structures.,International journal of computerized dentistry,journalArticle,TGY9GAAH,2024 - Accuracy of imaging software usable in clinical settings for 3D rendering of tooth structures.pdf,INCLUDE,"该研究自身在材料与方法中使用了多个具名第三方非牙科3D软件进行分割与三维重建，如""The software programs tested were InVesalius, ITK-SNAP, 3D Slicer, and Seg3D""以及""each tooth model was manually segmented using Mimics software""。",InVesalius; ITK-SNAP; 3D Slicer; Seg3D; Mimics,Oral and Maxillofacial Radiology,Image segmentation and 3D reconstruction,in_vitro,"【判定】: INCLUDE
【判定理由】: 该研究自身在材料与方法中使用了多个具名第三方非牙科3D软件进行分割与三维重建，如""The software programs tested were InVesalius, ITK-SNAP, 3D Slicer, and Seg3D""以及""each tooth model was manually segmented using Mimics software""。
【软件】: InVesalius; ITK-SNAP; 3D Slicer; Seg3D; Mimics
【专科】: Oral and Maxillofacial Radiology
【应用场景】: Image segmentation and 3D reconstruction
【研究设计】: in_vitro"
depth based registration of 3d preoperative models to intraoperative patient anatomy using the hololens 2,Depth-based registration of 3D preoperative models to intraoperative patient anatomy using the HoloLens 2,INTERNATIONAL JOURNAL OF COMPUTER ASSISTED RADIOLOGY AND SURGERY,journalArticle,8FWPXUE2,Kerkhof 等 - 2025 - Depth-based registration of 3D preoperative models to intraoperative patient anatomy using the HoloL.pdf,EXCLUDE,"证据片段仅涉及 HoloLens 2 深度传感器及自研的 ""AR depth-based registration framework""，未提及该研究自身使用任何具名的第三方非牙科3D软件（如 Mimics、3D Slicer 等）。",-,-,-,-,"【判定】: EXCLUDE
【判定理由】: 证据片段仅涉及 HoloLens 2 深度传感器及自研的 ""AR depth-based registration framework""，未提及该研究自身使用任何具名的第三方非牙科3D软件（如 Mimics、3D Slicer 等）。
【软件】: -
【专科】: -
【应用场景】: -
【研究设计】: -"
development of a maxillofacial virtual surgical system based on biomechanical parameters of facial soft tissue,Development of a maxillofacial virtual surgical system based on biomechanical parameters of facial soft tissue,INTERNATIONAL JOURNAL OF COMPUTER ASSISTED RADIOLOGY AND SURGERY,journalArticle,9NDT7NR8,Cheng 等 - 2022 - Development of a maxillofacial virtual surgical system based on biomechanical parameters of facial s.pdf,INCLUDE,"原文明确写道""Original data (DICOM format) were imported into Mimics software (Materialise Company, Belgium) and segmented as skeletal and soft tissue separately""，即该研究自身在方法中使用 Mimics 进行三维重建。",Mimics,Oral and Maxillofacial Surgery,Image segmentation and 3D reconstruction,computational,"【判定】: INCLUDE
【判定理由】: 原文明确写道""Original data (DICOM format) were imported into Mimics software (Materialise Company, Belgium) and segmented as skeletal and soft tissue separately""，即该研究自身在方法中使用 Mimics 进行三维重建。
【软件】: Mimics
【专科】: Oral and Maxillofacial Surgery
【应用场景】: Image segmentation and 3D reconstruction
【研究设计】: computational"
first steps of a digital workflow to build up a virtual articulator using open source autodesk meshmixer software,First steps of a digital workflow to build up a virtual articulator using open-source Autodesk Meshmixer software,INTERNATIONAL JOURNAL OF COMPUTERIZED DENTISTRY,journalArticle,WYM2M69G,Buzayan 等 - 2022 - First steps of a digital workflow to build up a virtual articulator using open-source Autodesk Meshm.pdf,INCLUDE,"该研究自身提出""a detailed method for constructing a novel virtual articulator""，并明确使用""open-source Autodesk Meshmixer software""进行虚拟咬合分析与调整。",Autodesk Meshmixer,Prosthodontics,Digital design and manufacturing,technical_note,"【判定】: INCLUDE
【判定理由】: 该研究自身提出""a detailed method for constructing a novel virtual articulator""，并明确使用""open-source Autodesk Meshmixer software""进行虚拟咬合分析与调整。
【软件】: Autodesk Meshmixer
【专科】: Prosthodontics
【应用场景】: Digital design and manufacturing
【研究设计】: technical_note"
designing an occlusal appliance digital protocol using an open source 3d modeling software program a technical report,Designing an occlusal appliance digital protocol using an open-source 3D modeling software program: a technical report.,International journal of computerized dentistry,journalArticle,XMP5NQCB,2024 - Designing an occlusal appliance digital protocol using an open-source 3D modeling software program.pdf,INCLUDE,"该技术报告自身在方法中使用免费开源3D建模软件设计咬合装置，摘要明确""a virtual 3D occlusal device was designed using a free, open-source 3D modeling software program""，且关键词列出""Autodesk Meshmixer""。",Autodesk Meshmixer,Prosthodontics,Digital design and manufacturing,technical_note,"【判定】: INCLUDE
【判定理由】: 该技术报告自身在方法中使用免费开源3D建模软件设计咬合装置，摘要明确""a virtual 3D occlusal device was designed using a free, open-source 3D modeling software program""，且关键词列出""Autodesk Meshmixer""。
【软件】: Autodesk Meshmixer
【专科】: Prosthodontics
【应用场景】: Digital design and manufacturing
【研究设计】: technical_note"
accuracy of intraoral scanners in the cleft anatomy of neonates,Accuracy of intraoral scanners in the cleft anatomy of neonates,INTERNATIONAL JOURNAL OF COMPUTERIZED DENTISTRY,journalArticle,4NP6UKJF,Ferrari 等 - 2025 - Accuracy of intraoral scanners in the cleft anatomy of neonates..pdf,INCLUDE,"该研究自身在材料与方法中使用 Geomagic Control X 进行三维分析，原文明确写道 ""comparative 3D analysis of the scans was performed using reverse engineering software (Geomagic Control X)"" 以及 ""All generated data sets were imported into powerful reverse engineering software (Geomagic Control X, 2020...)""。",Geomagic Control X,Pediatric Dentistry,3D data analysis and accuracy assessment,in_vitro,"【判定】: INCLUDE
【判定理由】: 该研究自身在材料与方法中使用 Geomagic Control X 进行三维分析，原文明确写道 ""comparative 3D analysis of the scans was performed using reverse engineering software (Geomagic Control X)"" 以及 ""All generated data sets were imported into powerful reverse engineering software (Geomagic Control X, 2020...)""。
【软件】: Geomagic Control X
【专科】: Pediatric Dentistry
【应用场景】: 3D data analysis and accuracy assessment
【研究设计】: in_vitro"
three dimensional comparison of the maxillary surfaces through icp type algorithm accuracy evaluation of cad cam technologies in orthognathic surgery,Three-Dimensional Comparison of the Maxillary Surfaces through ICP-Type Algorithm: Accuracy Evaluation of CAD/CAM Technologies in Orthognathic Surgery.,International journal of environmental research and public health,journalArticle,LUDVB4UY,Cassoni 等 - 2022 - Three-Dimensional Comparison of the Maxillary Surfaces through ICP-Type Algorithm Accuracy Evaluati.pdf,INCLUDE,"该研究自身在方法中使用 Geomagic® Control X™ 软件进行3D数据比对分析，原文明确写道""STL files were imported into Geomagic® Control X™ software, which allows for comparison and analysis using an ICP algorithm""。",Geomagic Control X,Oral and Maxillofacial Surgery,3D data analysis and accuracy assessment,clinical,"【判定】: INCLUDE
【判定理由】: 该研究自身在方法中使用 Geomagic® Control X™ 软件进行3D数据比对分析，原文明确写道""STL files were imported into Geomagic® Control X™ software, which allows for comparison and analysis using an ICP algorithm""。
【软件】: Geomagic Control X
【专科】: Oral and Maxillofacial Surgery
【应用场景】: 3D data analysis and accuracy assessment
【研究设计】: clinical"
3d printing in endodontics report of three clinical cases with innovative approaches,3D printing in endodontics: report of three clinical cases with innovative approaches,INTERNATIONAL JOURNAL OF COMPUTERIZED DENTISTRY,journalArticle,QQZNUG9U,Kamburoğlu 等 - 3D printing in endodontics report of three clinical cases with innovative approaches 3-D-Druck in d.pdf,INCLUDE,"证据片段明确记载该研究自己使用软件处理数据：""Nach dem Upload der DVT- und Modellscan- daten erfolgte deren Überlagerung mit der Software Mimics Innovation Suite 20.0 (Fa. Materialise, Löwen, Bel- gien)""。",Mimics Innovation Suite,Endodontics,Surgical planning and precise implementation,case_report,"【判定】: INCLUDE
【判定理由】: 证据片段明确记载该研究自己使用软件处理数据：""Nach dem Upload der DVT- und Modellscan- daten erfolgte deren Überlagerung mit der Software Mimics Innovation Suite 20.0 (Fa. Materialise, Löwen, Bel- gien)""。
【软件】: Mimics Innovation Suite
【专科】: Endodontics
【应用场景】: Surgical planning and precise implementation
【研究设计】: case_report"
automated calculation of ontology based planning proposals an application in reconstructive oral and maxillofacial surgery,Automated calculation of ontology-based planning proposals: An application in reconstructive oral and maxillofacial surgery,INTERNATIONAL JOURNAL OF MEDICAL ROBOTICS AND COMPUTER ASSISTED SURGERY,journalArticle,S299EA4M,Hagen 等 - 2023 - Automated calculation of ontology-based planning proposals An application in reconstructive oral an.pdf,EXCLUDE,"证据片段仅显示该研究使用自研的""RDF(S) ontology""和""calculator-optimiser algorithm""进行计算，未提及任何具名的第三方非牙科3D软件被该研究自身使用。",-,-,-,-,"【判定】: EXCLUDE
【判定理由】: 证据片段仅显示该研究使用自研的""RDF(S) ontology""和""calculator-optimiser algorithm""进行计算，未提及任何具名的第三方非牙科3D软件被该研究自身使用。
【软件】: -
【专科】: -
【应用场景】: -
【研究设计】: -"
the development of computer aided patient specific template design software for 3d printing in cranio maxillofacial surgery,The development of computer-aided patient-specific template design software for 3D printing in cranio-maxillofacial surgery,INTERNATIONAL JOURNAL OF MEDICAL ROBOTICS AND COMPUTER ASSISTED SURGERY,journalArticle,6B57AE6C,Memon 等 - 2021 - The development of computer‐aided patient‐specific template design software for 3D printing in crani.pdf,EXCLUDE,"该研究自行开发了名为 EasyTemplate 的软件系统（""a novel surgical planning system for oral and maxillofacial surgery named EasyTemplate is developed""），属于自研程序，证据片段中未出现任何该研究自己使用的具名第三方非牙科3D软件。",-,-,-,-,"【判定】: EXCLUDE
【判定理由】: 该研究自行开发了名为 EasyTemplate 的软件系统（""a novel surgical planning system for oral and maxillofacial surgery named EasyTemplate is developed""），属于自研程序，证据片段中未出现任何该研究自己使用的具名第三方非牙科3D软件。
【软件】: -
【专科】: -
【应用场景】: -
【研究设计】: -"
marker free registration for intraoperative navigation using the transverse palatal rugae,Marker-free registration for intraoperative navigation using the transverse palatal rugae,INTERNATIONAL JOURNAL OF MEDICAL ROBOTICS AND COMPUTER ASSISTED SURGERY,journalArticle,RXAH2VQD,Thiem 等 - 2022 - Marker‐free registration for intraoperative navigation using the transverse palatal rugae.pdf,EXCLUDE,"证据片段仅描述了方法步骤（如""Segmentation of bone and hard palatal mucosa from initial 3D imaging (DICOM)""和""using an Iterative-Closest-Point-Algorithm (ICP)""），但未提及该研究自身使用了任何具名的第三方非牙科3D软件。",-,-,-,-,"【判定】: EXCLUDE
【判定理由】: 证据片段仅描述了方法步骤（如""Segmentation of bone and hard palatal mucosa from initial 3D imaging (DICOM)""和""using an Iterative-Closest-Point-Algorithm (ICP)""），但未提及该研究自身使用了任何具名的第三方非牙科3D软件。
【软件】: -
【专科】: -
【应用场景】: -
【研究设计】: -"
three dimensional evaluation of the accuracy of zygomatic implant placement through an in house fully guided approach,Three-Dimensional Evaluation of the Accuracy of Zygomatic Implant Placement Through an In-House Fully Guided Approach.,The International journal of oral & maxillofacial implants,journalArticle,VLH4HX4X,Hernández-Alfaro 等 - 2023 - Three-Dimensional Evaluation of the Accuracy of Zygomatic Implant Placement Through an In-House Full.pdf,EXCLUDE,"证据片段中仅泛泛提及""planning software""和""computer-aided surgical navigation systems""，未出现任何具名的第三方非牙科3D软件被该研究自己使用。",-,-,-,-,"【判定】: EXCLUDE
【判定理由】: 证据片段中仅泛泛提及""planning software""和""computer-aided surgical navigation systems""，未出现任何具名的第三方非牙科3D软件被该研究自己使用。
【软件】: -
【专科】: -
【应用场景】: -
【研究设计】: -"
establishment and evaluation of a 3d quantitative analysis method for dental plaque based on an intraoral scanner technique,Establishment and evaluation of a 3D quantitative analysis method for dental plaque based on an intraoral scanner technique,INTERNATIONAL JOURNAL OF COMPUTERIZED DENTISTRY,journalArticle,HQTBY7E3,2024 - Establishment and evaluation of a 3D quantitative analysis method for dental plaque based on an intr.pdf,INCLUDE,"该研究自身在材料与方法中使用""Geomagic Wrap 2021 software""对口内扫描获得的3D图像进行菌斑分割与面积计算，如""image analysis and calculation using Geomagic Wrap 2021 software""。",Geomagic Wrap,Preventive Dentistry,3D data analysis and accuracy assessment,clinical,"【判定】: INCLUDE
【判定理由】: 该研究自身在材料与方法中使用""Geomagic Wrap 2021 software""对口内扫描获得的3D图像进行菌斑分割与面积计算，如""image analysis and calculation using Geomagic Wrap 2021 software""。
【软件】: Geomagic Wrap
【专科】: Preventive Dentistry
【应用场景】: 3D data analysis and accuracy assessment
【研究设计】: clinical"
a systematic study of restorative crown materials combinations for dental implants characterization of mechanical properties under dynamic loads,A Systematic Study of Restorative Crown-Materials Combinations for Dental Implants: Characterization of Mechanical Properties under Dynamic Loads,INTERNATIONAL JOURNAL OF MOLECULAR SCIENCES,journalArticle,EUTQFE9J,Marimon 等 - 2022 - A Systematic Study of Restorative Crown-Materials Combinations for Dental Implants Characterization.pdf,INCLUDE,"该研究自身在材料与方法中使用了具名第三方非牙科3D软件，证据片段明确写道""The model was created with Solidworks R2022 [23]...The simulation has been performed with Ansys v2022 R2 [24]""。",SolidWorks; ANSYS,Implantology,Biomechanical analysis and simulation,computational,"【判定】: INCLUDE
【判定理由】: 该研究自身在材料与方法中使用了具名第三方非牙科3D软件，证据片段明确写道""The model was created with Solidworks R2022 [23]...The simulation has been performed with Ansys v2022 R2 [24]""。
【软件】: SolidWorks; ANSYS
【专科】: Implantology
【应用场景】: Biomechanical analysis and simulation
【研究设计】: computational"
virtual implant planning and surgical guide for single implant placement fabricated from a digital diagnostic cast 2d radiographic imaging and an open source program a dental technique,"Virtual Implant Planning and Surgical Guide for Single Implant Placement Fabricated from a Digital Diagnostic Cast, 2D Radiographic Imaging, and an Open-Source Program: A Dental Technique",INTERNATIONAL JOURNAL OF ORAL & MAXILLOFACIAL IMPLANTS,journalArticle,EW7489ZA,Stumpel 等 - 2024 - Virtual Implant Planning and Surgical Guide for Single Implant Placement Fabricated from a Digital D.pdf,EXCLUDE,"证据片段仅泛泛提及""open-source computer-aided design (CAD) software programs""，未给出任何具名的第三方非牙科3D软件名称；文中具名软件为牙科专用扫描仪""Trios 4 Wireless, 3Shape""。",-,-,-,-,"【判定】: EXCLUDE
【判定理由】: 证据片段仅泛泛提及""open-source computer-aided design (CAD) software programs""，未给出任何具名的第三方非牙科3D软件名称；文中具名软件为牙科专用扫描仪""Trios 4 Wireless, 3Shape""。
【软件】: -
【专科】: -
【应用场景】: -
【研究设计】: -"
comparison of stress distribution among standard dental implants placed in grafted bone zygomatic implants and subperiosteal implants in the atrophic edentulous maxilla 3d finite element analysis,"Comparison of Stress Distribution Among Standard Dental Implants Placed in Grafted Bone, Zygomatic Implants, and Subperiosteal Implants in the Atrophic Edentulous Maxilla: 3D Finite Element Analysis",INTERNATIONAL JOURNAL OF ORAL & MAXILLOFACIAL IMPLANTS,journalArticle,5VMVSI6N,"Keleş和Karaca - 2023 - Comparison of Stress Distribution Among Standard Dental Implants Placed in Grafted Bone, Zygomatic I.pdf",EXCLUDE,"抽取的证据片段仅描述了""3D finite element analysis (FEA) model was generated from the computed tomography data""，未出现任何具名的第三方非牙科3D软件（如 ANSYS、ABAQUS、Mimics 等）被该研究自己使用。",-,-,-,-,"【判定】: EXCLUDE
【判定理由】: 抽取的证据片段仅描述了""3D finite element analysis (FEA) model was generated from the computed tomography data""，未出现任何具名的第三方非牙科3D软件（如 ANSYS、ABAQUS、Mimics 等）被该研究自己使用。
【软件】: -
【专科】: -
【应用场景】: -
【研究设计】: -"
precise maxillectomy reconstruction with a scapula flap using novel in house 3d printed surgical guides,Precise maxillectomy reconstruction with a scapula flap using novel in-house 3D-printed surgical guides.,International journal of oral and maxillofacial surgery,journalArticle,K9F3VXCV,Oide 等 - 2026 - Precise maxillectomy reconstruction with a scapula flap using novel in-house 3D-printed surgical gui.pdf,EXCLUDE,"抽取的证据片段仅泛泛提及 ""computer-aided design and computer-aided manufacturing (CAD/CAM)"" 和 ""3D-printed surgical guides""，未出现任何该研究自身使用的具名第三方非牙科3D软件（如 Mimics、Geomagic 等）。",-,-,-,-,"【判定】: EXCLUDE
【判定理由】: 抽取的证据片段仅泛泛提及 ""computer-aided design and computer-aided manufacturing (CAD/CAM)"" 和 ""3D-printed surgical guides""，未出现任何该研究自身使用的具名第三方非牙科3D软件（如 Mimics、Geomagic 等）。
【软件】: -
【专科】: -
【应用场景】: -
【研究设计】: -"
soft tissue based registration of intraoral scan with cone beam computed tomography scan,Soft tissue-based registration of intraoral scan with cone beam computed tomography scan,INTERNATIONAL JOURNAL OF ORAL AND MAXILLOFACIAL SURGERY,journalArticle,CA3MCA2T,Deferm 等 - 2022 - Soft tissue-based registration of intraoral scan with cone beam computed tomography scan.pdf,EXCLUDE,"证据片段仅显示该研究""developed an algorithm""（自研算法）用于软组织建模与配准，未提及任何具名的第三方非牙科3D软件被该研究自身使用。",-,-,-,-,"【判定】: EXCLUDE
【判定理由】: 证据片段仅显示该研究""developed an algorithm""（自研算法）用于软组织建模与配准，未提及任何具名的第三方非牙科3D软件被该研究自身使用。
【软件】: -
【专科】: -
【应用场景】: -
【研究设计】: -"
computer assisted surgery with markerless augmented reality for the surgical removal of mandibular odontogenic cysts report of two clinical cases,Computer-assisted surgery with markerless augmented reality for the surgical removal of mandibular odontogenic cysts: report of two clinical cases,INTERNATIONAL JOURNAL OF ORAL AND MAXILLOFACIAL SURGERY,journalArticle,7GRJAY7C,Kawakami 等 - 2023 - Computer-assisted surgery with markerless augmented reality for the surgical removal of mandibular o.pdf,INCLUDE,"证据片段明确显示该研究自身使用了非牙科3D软件：""Mimics software (v. 24.0; Materialise, Leuven, Belgium) was used for the 3D surface reconstruction""，用于下颌骨3D重建。",Mimics,Oral and Maxillofacial Surgery,Image segmentation and 3D reconstruction,case_report,"【判定】: INCLUDE
【判定理由】: 证据片段明确显示该研究自身使用了非牙科3D软件：""Mimics software (v. 24.0; Materialise, Leuven, Belgium) was used for the 3D surface reconstruction""，用于下颌骨3D重建。
【软件】: Mimics
【专科】: Oral and Maxillofacial Surgery
【应用场景】: Image segmentation and 3D reconstruction
【研究设计】: case_report"
an innovative ai based dual segmentation application for head surgery,An innovative AI-based dual segmentation application for head surgery,INTERNATIONAL JOURNAL OF ORAL AND MAXILLOFACIAL SURGERY,journalArticle,TCEB4QZU,Beyer 等 - 2026 - An innovative AI-based dual segmentation application for head surgery.pdf,EXCLUDE,"该研究使用""two-stage nnU-Net-based approach""进行分割，属于自研/自建深度学习模型，证据片段中未出现任何该研究自己使用的具名第三方非牙科3D软件。",-,-,-,-,"【判定】: EXCLUDE
【判定理由】: 该研究使用""two-stage nnU-Net-based approach""进行分割，属于自研/自建深度学习模型，证据片段中未出现任何该研究自己使用的具名第三方非牙科3D软件。
【软件】: -
【专科】: -
【应用场景】: -
【研究设计】: -"
new method for analysing spatial relationships of facial muscles on mri a pilot study,New method for analysing spatial relationships of facial muscles on MRI: a pilot study,INTERNATIONAL JOURNAL OF ORAL AND MAXILLOFACIAL SURGERY,journalArticle,2TTJ5J6D,Schutte 等 - 2024 - New method for analysing spatial relationships of facial muscles on MRI a pilot study.pdf,INCLUDE,"该研究自身在方法中使用具名第三方非牙科3D软件，证据片段明确写道 ""a 3D model of each muscle was created using 3D Slicer software (version 4.11; www.slicer.org)""。",3D Slicer,Oral and Maxillofacial Surgery,Image segmentation and 3D reconstruction,computational,"【判定】: INCLUDE
【判定理由】: 该研究自身在方法中使用具名第三方非牙科3D软件，证据片段明确写道 ""a 3D model of each muscle was created using 3D Slicer software (version 4.11; www.slicer.org)""。
【软件】: 3D Slicer
【专科】: Oral and Maxillofacial Surgery
【应用场景】: Image segmentation and 3D reconstruction
【研究设计】: computational"
regenerative orthodontics gbr and corticotomy to stretch the limits of orthodontic treatment,Regenerative Orthodontics: GBR and Corticotomy to Stretch the Limits of Orthodontic Treatment,INTERNATIONAL JOURNAL OF PERIODONTICS & RESTORATIVE DENTISTRY,journalArticle,QQ6NHWZM,Brugnami 等 - 2021 - Regenerative Orthodontics GBR and Corticotomy to Stretch the Limits of Orthodontic Treatment.pdf,INCLUDE,"该研究自身在材料与方法中使用""a DICOM viewer (3D Slicer)""对CBCT进行叠加分析，并用""an image-processing software (ImageJ, National Institutes of Health)""测量颊侧骨板面积。",3D Slicer; ImageJ,Orthodontics,Image segmentation and 3D reconstruction,clinical,"【判定】: INCLUDE
【判定理由】: 该研究自身在材料与方法中使用""a DICOM viewer (3D Slicer)""对CBCT进行叠加分析，并用""an image-processing software (ImageJ, National Institutes of Health)""测量颊侧骨板面积。
【软件】: 3D Slicer; ImageJ
【专科】: Orthodontics
【应用场景】: Image segmentation and 3D reconstruction
【研究设计】: clinical"
digital gothic arch tracing device with open source software for cad cam denture fabrication,Digital Gothic Arch Tracing Device with Open- Source Software for CAD/CAM Denture Fabrication.,The International journal of prosthodontics,journalArticle,ZBFWEZCA,Orgev 等 - 2024 - Digital Gothic Arch Tracing Device with Open- Source Software for CADCAM Denture Fabrication.pdf,INCLUDE,"该临床报告描述使用开源软件（""open-source (Mesh/Mixer) software""）进行CAD/CAM义齿制作的数字化工作流程，MeshMixer 为非牙科第三方3D软件，用于3D数据处理与设计。",MeshMixer,Prosthodontics,Digital design and manufacturing,case_report,"【判定】: INCLUDE
【判定理由】: 该临床报告描述使用开源软件（""open-source (Mesh/Mixer) software""）进行CAD/CAM义齿制作的数字化工作流程，MeshMixer 为非牙科第三方3D软件，用于3D数据处理与设计。
【软件】: MeshMixer
【专科】: Prosthodontics
【应用场景】: Digital design and manufacturing
【研究设计】: case_report"
wear fatigue and fracture resistance of different monolithic cad cam onlays as abutments for acetal resin or cobalt chromium removable partial denture frameworks,"WEAR, FATIGUE, AND FRACTURE RESISTANCE OF DIFFERENT MONOLITHIC CAD/CAM ONLAYS AS ABUTMENTS FOR ACETAL RESIN OR COBALT-CHROMIUM REMOVABLE PARTIAL DENTURE  FRAMEWORKS.",The International journal of prosthodontics,journalArticle,3L3AZP53,"Khalifa 等 - 2023 - Wear, Fatigue, and Fracture Resistance of Different Monolithic CADCAM Onlays as Abutments for Aceta.pdf",EXCLUDE,"证据片段仅提到""volumetric loss was measured using 3D image processing software""，未给出任何具名的第三方非牙科3D软件名称，无法确认该研究自身使用了符合标准的具名软件。",-,-,-,-,"【判定】: EXCLUDE
【判定理由】: 证据片段仅提到""volumetric loss was measured using 3D image processing software""，未给出任何具名的第三方非牙科3D软件名称，无法确认该研究自身使用了符合标准的具名软件。
【软件】: -
【专科】: -
【应用场景】: -
【研究设计】: -"
voxel based superimposition of cone beam ct scans for orthodontic and craniofacial follow up overview and clinical implementation,Voxel-based superimposition of Cone Beam CT scans for orthodontic and craniofacial follow-up: Overview and clinical implementation.,International orthodontics,journalArticle,Q68ZEUCG,Dot 等 - 2020 - Voxel-based superimposition of Cone Beam CT scans for orthodontic and craniofacial follow-up Overvi.pdf,EXCLUDE,"该文为综述/教程类文章（""We provide an updated overview of the available implementation methods""），且证据片段中未出现该研究自身使用的任何具名第三方非牙科3D软件，仅泛泛提及""commercially-available software""。",-,-,-,-,"【判定】: EXCLUDE
【判定理由】: 该文为综述/教程类文章（""We provide an updated overview of the available implementation methods""），且证据片段中未出现该研究自身使用的任何具名第三方非牙科3D软件，仅泛泛提及""commercially-available software""。
【软件】: -
【专科】: -
【应用场景】: -
【研究设计】: -"
investigation of stress distribution between two different implant concepts in implant supported maxillary prostheses with different framework materials a finite element study,Investigation of Stress Distribution Between Two Different Implant Concepts in Implant-Supported Maxillary Prostheses with Different Framework Materials: A Finite Element Study,INTERNATIONAL JOURNAL OF PROSTHODONTICS,journalArticle,RIBUBPAA,Kilic和Caglar - 2024 - An Investigation of Stress Distribution Between Two Different Implant Concept in Implant-Supported M.pdf,INCLUDE,"该研究自身在材料与方法中使用具名第三方非牙科3D软件，证据原文为""The images were imported into the Mimics Innovation Suite 24.0 software (Materialise)""，用于三维建模与有限元分析。",Mimics Innovation Suite,Prosthodontics,Biomechanical analysis and simulation,computational,"【判定】: INCLUDE
【判定理由】: 该研究自身在材料与方法中使用具名第三方非牙科3D软件，证据原文为""The images were imported into the Mimics Innovation Suite 24.0 software (Materialise)""，用于三维建模与有限元分析。
【软件】: Mimics Innovation Suite
【专科】: Prosthodontics
【应用场景】: Biomechanical analysis and simulation
【研究设计】: computational"
accuracy of four different intraoral scanners according to different preparation geometries,Accuracy of Four Different Intraoral Scanners According to Different Preparation Geometries,INTERNATIONAL JOURNAL OF PROSTHODONTICS,journalArticle,LRXPJYLH,Schmidt 等 - 2021 - Accuracy of Four Different Intraoral Scanners According to Different Preparation Geometries.pdf,INCLUDE,"该研究自身在材料与方法中使用具名第三方非牙科3D软件进行扫描数据配准与偏差分析，原文明确写道""Scans were matched using a 3D measurement software (Inspect 2019) and best-fit algorithm""，并提及工业扫描仪""ATOS Core, GOM""。",GOM Inspect 2019; ATOS Core (GOM),Prosthodontics,3D data analysis and accuracy assessment,in_vitro,"【判定】: INCLUDE
【判定理由】: 该研究自身在材料与方法中使用具名第三方非牙科3D软件进行扫描数据配准与偏差分析，原文明确写道""Scans were matched using a 3D measurement software (Inspect 2019) and best-fit algorithm""，并提及工业扫描仪""ATOS Core, GOM""。
【软件】: GOM Inspect 2019; ATOS Core (GOM)
【专科】: Prosthodontics
【应用场景】: 3D data analysis and accuracy assessment
【研究设计】: in_vitro"
effect of using cheek retractors on patient satisfaction and trueness of peripheral borders in maxillary digital scans for totally edentulous patients an in vivo study,Effect of Using Cheek Retractors on Patient Satisfaction and Trueness of Peripheral Borders in Maxillary Digital Scans for Totally Edentulous Patients: An  In Vivo Study.,The International journal of prosthodontics,journalArticle,PNUIRE9F,Saadeh 等 - 2024 - Effect of Utilizing Cheek Retractors on Patient Satisfaction and Trueness of Peripheral Borders in M.pdf,INCLUDE,"该研究自身在材料与方法中使用具名第三方非牙科3D软件进行3D数据叠加分析，原文明确写道""superimposed using the best-fit algorithm of a 3D quality control and dimensional inspection software (Geomagic Control X 2023, 3D Systems)""。",Geomagic Control X,Prosthodontics,3D data analysis and accuracy assessment,clinical,"【判定】: INCLUDE
【判定理由】: 该研究自身在材料与方法中使用具名第三方非牙科3D软件进行3D数据叠加分析，原文明确写道""superimposed using the best-fit algorithm of a 3D quality control and dimensional inspection software (Geomagic Control X 2023, 3D Systems)""。
【软件】: Geomagic Control X
【专科】: Prosthodontics
【应用场景】: 3D data analysis and accuracy assessment
【研究设计】: clinical"
mandibular asymmetry retreatment with minimal presurgical orthodontic preparation and fully customized lingual orthodontics a case report with new possibilities using blender open source software,Mandibular asymmetry retreatment with minimal presurgical orthodontic preparation and fully customized lingual orthodontics: A case report with new possibilities  using blender open-source software.,International orthodontics,journalArticle,AJW3ZDYY,Pereira 等 - 2023 - Mandibular asymmetry retreatment with minimal presurgical orthodontic preparation and fully customiz.pdf,INCLUDE,"该病例报告在材料与方法中明确使用开源 Blender 3D 软件进行虚拟规划，原文述""virtual planning on the open-source Blender 3D software, where the post-surgical maxillary lingual brackets were also designed""。",Blender,Orthodontics,Surgical planning and precise implementation,case_report,"【判定】: INCLUDE
【判定理由】: 该病例报告在材料与方法中明确使用开源 Blender 3D 软件进行虚拟规划，原文述""virtual planning on the open-source Blender 3D software, where the post-surgical maxillary lingual brackets were also designed""。
【软件】: Blender
【专科】: Orthodontics
【应用场景】: Surgical planning and precise implementation
【研究设计】: case_report"
evaluation of surface characteristics accuracy and dimensional stability of tooth preparation dies fabricated by conventional gypsum and 3d printed workflows,"Evaluation of Surface Characteristics, Accuracy, and Dimensional Stability of Tooth Preparation Dies Fabricated by Conventional Gypsum and 3D-Printed  Workflows.",The International journal of prosthodontics,journalArticle,5RKTEJM6,"Tong 等 - 2025 - Evaluation of Surface Characteristics, Accuracy, and Dimensional Stability of Tooth Preparation Dies.pdf",INCLUDE,"该研究自身在材料与方法中使用具名第三方非牙科3D软件进行排版处理，如""Magics software (Materialise) was used for the typography of SLA tooth preparation dies""及""Objet Studio software (Stratasys) was used for the typography of PJP tooth preparation dies""。",Magics; Objet Studio,Prosthodontics,Digital design and manufacturing,in_vitro,"【判定】: INCLUDE
【判定理由】: 该研究自身在材料与方法中使用具名第三方非牙科3D软件进行排版处理，如""Magics software (Materialise) was used for the typography of SLA tooth preparation dies""及""Objet Studio software (Stratasys) was used for the typography of PJP tooth preparation dies""。
【软件】: Magics; Objet Studio
【专科】: Prosthodontics
【应用场景】: Digital design and manufacturing
【研究设计】: in_vitro"
biomechanical performance of peek and graphene modified pmma as telescopic removable partial denture materials a nonlinear 3d finite element analysis,Biomechanical Performance of PEEK and Graphene-Modified PMMA as Telescopic Removable Partial Denture Materials: A Nonlinear 3D Finite Element Analysis,INTERNATIONAL JOURNAL OF PROSTHODONTICS,journalArticle,QJDV5PK4,Hussein - 2022 - Biomechanical Performance of PEEK and Graphene-Modified PMMA as Telescopic Removable Partial Denture.pdf,EXCLUDE,"证据片段中仅提及""designed and created using dental CAD software""，未出现任何具名的第三方非牙科3D软件；且该研究为有限元分析，未明确使用如 ANSYS、ABAQUS 等具名非牙科3D软件。",-,-,-,-,"【判定】: EXCLUDE
【判定理由】: 证据片段中仅提及""designed and created using dental CAD software""，未出现任何具名的第三方非牙科3D软件；且该研究为有限元分析，未明确使用如 ANSYS、ABAQUS 等具名非牙科3D软件。
【软件】: -
【专科】: -
【应用场景】: -
【研究设计】: -"
a study on the association between the inferior nasal turbinate volume and the maxillary sinus mucosal lining using cone beam tomography,A study on the association between the inferior nasal turbinate volume and the maxillary sinus mucosal lining using cone beam tomography,HELIYON,journalArticle,SILBC2M4,Shetty 等 - 2022 - A study on the association between the inferior nasal turbinate volume and the maxillary sinus mucos.pdf,INCLUDE,"该研究自身在材料与方法中使用 ""Vesalius 3D software"" 对下鼻甲进行分割与体积测量（""were then imported into the Vesalius 3D software... The inferior nasal turbinates were then segmented""），Vesalius 3D 为具名的第三方非牙科3D软件。",Vesalius 3D,Oral and Maxillofacial Radiology,Image segmentation and 3D reconstruction,clinical,"【判定】: INCLUDE
【判定理由】: 该研究自身在材料与方法中使用 ""Vesalius 3D software"" 对下鼻甲进行分割与体积测量（""were then imported into the Vesalius 3D software... The inferior nasal turbinates were then segmented""），Vesalius 3D 为具名的第三方非牙科3D软件。
【软件】: Vesalius 3D
【专科】: Oral and Maxillofacial Radiology
【应用场景】: Image segmentation and 3D reconstruction
【研究设计】: clinical"
computer aided design and fabrication of statistically shaped nasal prostheses a feasibility study,Computer-aided design and fabrication of statistically shaped nasal prostheses: A feasibility study,JOURNAL OF PROSTHETIC DENTISTRY,journalArticle,EQ8LE4IL,Bannink 等 - 2025 - Computer-aided design and fabrication of statistically shaped nasal prostheses A feasibility study.pdf,INCLUDE,"该研究自身在材料与方法中使用具名第三方非牙科3D软件，如""processed with a software program (Artec Studio 16 Professional; Artec 3D)""及""using the Scalismo Lab software program""。",Artec Studio 16 Professional; Scalismo Lab,Prosthodontics,Digital design and manufacturing,clinical,"【判定】: INCLUDE
【判定理由】: 该研究自身在材料与方法中使用具名第三方非牙科3D软件，如""processed with a software program (Artec Studio 16 Professional; Artec 3D)""及""using the Scalismo Lab software program""。
【软件】: Artec Studio 16 Professional; Scalismo Lab
【专科】: Prosthodontics
【应用场景】: Digital design and manufacturing
【研究设计】: clinical"
a mathematical algorithm of the facial symmetry plane application to mandibular deformity 3d facial data,A mathematical algorithm of the facial symmetry plane: Application to mandibular deformity 3D facial data,JOURNAL OF ANATOMY,journalArticle,VK8QS8J5,Zhu 等 - 2022 - A mathematical algorithm of the facial symmetry plane Application to mandibular deformity 3D facial.pdf,INCLUDE,"证据片段明确显示该研究自身在材料与方法中使用了非牙科3D软件：""For data processing, we used the reverse engineering software Geomagic Studio 20""。",Geomagic Studio,Orthodontics,Morphological and phenotypic analysis,computational,"【判定】: INCLUDE
【判定理由】: 证据片段明确显示该研究自身在材料与方法中使用了非牙科3D软件：""For data processing, we used the reverse engineering software Geomagic Studio 20""。
【软件】: Geomagic Studio
【专科】: Orthodontics
【应用场景】: Morphological and phenotypic analysis
【研究设计】: computational"
finite element analysis of the effect of utilizing various material assemblies in all on four on the stresses on mandible bone and prosthetic parts,Finite-Element Analysis of the Effect of Utilizing Various Material Assemblies in “All on Four” on the Stresses on Mandible Bone and Prosthetic Parts,INTERNATIONAL JOURNAL OF POLYMER SCIENCE,journalArticle,IDQSDLWM,Shash 等 - 2022 - Finite-Element Analysis of the Effect of Utilizing Various Material Assemblies in “All on Four” on t.pdf,INCLUDE,"该研究自身在材料与方法中使用具名第三方非牙科3D软件，原文明确写道""Utilizing the software program Solid Works (Version 21, Massachusetts, USA), the model was converted to solid, modified, and repaired""以及""Using Ansys software (ANSYS Workbench Version 18.0, Canonsburg, USA), the finite-element model was constructed""。",SolidWorks; ANSYS Workbench,Implantology,Biomechanical analysis and simulation,computational,"【判定】: INCLUDE
【判定理由】: 该研究自身在材料与方法中使用具名第三方非牙科3D软件，原文明确写道""Utilizing the software program Solid Works (Version 21, Massachusetts, USA), the model was converted to solid, modified, and repaired""以及""Using Ansys software (ANSYS Workbench Version 18.0, Canonsburg, USA), the finite-element model was constructed""。
【软件】: SolidWorks; ANSYS Workbench
【专科】: Implantology
【应用场景】: Biomechanical analysis and simulation
【研究设计】: computational"
in silico mechanical effort analysis of the all on 4 design performed with platform switching distal short dental implants,In Silico Mechanical Effort Analysis of the All-On-4 Design Performed With Platform-Switching Distal Short Dental Implants,JOURNAL OF BIOMECHANICAL ENGINEERING-TRANSACTIONS OF THE ASME,journalArticle,MAV6QNXN,Santana 等 - 2023 - In Silico Mechanical Effort Analysis of the All-On-4 Design Performed With Platform-Switching Distal.pdf,INCLUDE,"该研究自身在材料与方法中使用具名第三方非牙科3D软件，原文明确写道""using appropriate modeling software (Rhinoceros 5.0 SR12; McNeel North America, Seattle, WA)""以及""imported to a nonuniform rational basis spline interface (ANSYS Workbench R18.2, Ansys Inc., Canonsburg, PA)""。",Rhinoceros 5.0; ANSYS Workbench R18.2,Implant Dentistry,Biomechanical analysis and simulation,computational,"【判定】: INCLUDE
【判定理由】: 该研究自身在材料与方法中使用具名第三方非牙科3D软件，原文明确写道""using appropriate modeling software (Rhinoceros 5.0 SR12; McNeel North America, Seattle, WA)""以及""imported to a nonuniform rational basis spline interface (ANSYS Workbench R18.2, Ansys Inc., Canonsburg, PA)""。
【软件】: Rhinoceros 5.0; ANSYS Workbench R18.2
【专科】: Implant Dentistry
【应用场景】: Biomechanical analysis and simulation
【研究设计】: computational"
bounti boundary preserving threshold iteration a user friendly tool for automatic hard tissue segmentation,BounTI (boundary-preserving threshold iteration): A user-friendly tool for automatic hard tissue segmentation.,Journal of anatomy,journalArticle,T5FJEIPG,Didziokas 等 - 2024 - BounTI (boundary-preserving threshold iteration) A user-friendly tool for automatic hard tissue seg.pdf,EXCLUDE,"该研究自身开发了名为 BounTI 的新分割算法（""Here we describe BounTI, a novel segmentation algorithm""），属于自研工具；证据中仅提到其以 ""Avizo/Amira add-on"" 形式发布，但未显示该研究自身使用 Avizo/Amira 进行3D数据处理、分析或测量。",-,-,-,-,"【判定】: EXCLUDE
【判定理由】: 该研究自身开发了名为 BounTI 的新分割算法（""Here we describe BounTI, a novel segmentation algorithm""），属于自研工具；证据中仅提到其以 ""Avizo/Amira add-on"" 形式发布，但未显示该研究自身使用 Avizo/Amira 进行3D数据处理、分析或测量。
【软件】: -
【专科】: -
【应用场景】: -
【研究设计】: -"
enhancing skeletal stability and class iii correction through active orthodontist engagement in virtual surgical planning a voxel based 3 dimensional analysis,Enhancing skeletal stability and Class III correction through active orthodontist engagement in virtual surgical planning: A voxel-based 3-dimensional analysis,AMERICAN JOURNAL OF ORTHODONTICS AND DENTOFACIAL ORTHOPEDICS,journalArticle,XG3GHLVR,Barone 等 - 2024 - Enhancing skeletal stability and Class III correction through active orthodontist engagement in virt.pdf,INCLUDE,"该研究自身在方法中使用 3D Slicer 进行三维影像分析，原文明确写道 ""Three-dimensional image analysis was conducted using the software 3D Slicer"" 以及 ""Using 3D Slicer software, automated tools based on deep-learning approaches were used for cone-beam computed tomography orientation, registration, bone segmentation, and landmark identification""。",3D Slicer,Orthodontics,Image segmentation and 3D reconstruction,clinical,"【判定】: INCLUDE
【判定理由】: 该研究自身在方法中使用 3D Slicer 进行三维影像分析，原文明确写道 ""Three-dimensional image analysis was conducted using the software 3D Slicer"" 以及 ""Using 3D Slicer software, automated tools based on deep-learning approaches were used for cone-beam computed tomography orientation, registration, bone segmentation, and landmark identification""。
【软件】: 3D Slicer
【专科】: Orthodontics
【应用场景】: Image segmentation and 3D reconstruction
【研究设计】: clinical"
effect of internal structures on the accuracy of 3d printed full arch dentition preparation models in different printing systems,Effect of internal structures on the accuracy of 3D printed full-arch dentition preparation models in different printing systems,JOURNAL OF ADVANCED PROSTHODONTICS,journalArticle,IUL8I974,Ma 等 - 2023 - Effect of internal structures on the accuracy of 3D printed full-arch dentition preparation models i.pdf,INCLUDE,"该研究自身在材料与方法中使用具名第三方非牙科3D软件处理3D数据，如""Solid data were imported into an STL file editing software (magics 24.0; Materialise, Leuven, Belgium)""及""entered into a 3D data processing software (Geomagic Wrap 2017; 3D systems, Rock Hill, SC, USA)""。",Magics 24.0; Geomagic Wrap 2017,Prosthodontics,3D data analysis and accuracy assessment,in_vitro,"【判定】: INCLUDE
【判定理由】: 该研究自身在材料与方法中使用具名第三方非牙科3D软件处理3D数据，如""Solid data were imported into an STL file editing software (magics 24.0; Materialise, Leuven, Belgium)""及""entered into a 3D data processing software (Geomagic Wrap 2017; 3D systems, Rock Hill, SC, USA)""。
【软件】: Magics 24.0; Geomagic Wrap 2017
【专科】: Prosthodontics
【应用场景】: 3D data analysis and accuracy assessment
【研究设计】: in_vitro"
the all on 4 concept in the maxilla a biomechanical analysis involving high performance polymers,The all-on-4 concept in the maxilla-A biomechanical analysis involving high performance polymers.,"Journal of biomedical materials research. Part B, Applied biomaterials",journalArticle,LK5R8TKE,Ahmadi 等 - 2021 - The all‐on‐4 concept in the maxilla–A biomechanical analysis involving high performance polymers.pdf,INCLUDE,"该研究自身在材料与方法中使用具名第三方非牙科3D软件，原文明确写道 ""The surface of the upper jaw was segmented from CT data of an anonymized patient using the software packages Mimics Research and 3-Matic (Materialise, Leuven, Belgium)""。",Mimics Research; 3-Matic,Implantology,Biomechanical analysis and simulation,computational,"【判定】: INCLUDE
【判定理由】: 该研究自身在材料与方法中使用具名第三方非牙科3D软件，原文明确写道 ""The surface of the upper jaw was segmented from CT data of an anonymized patient using the software packages Mimics Research and 3-Matic (Materialise, Leuven, Belgium)""。
【软件】: Mimics Research; 3-Matic
【专科】: Implantology
【应用场景】: Biomechanical analysis and simulation
【研究设计】: computational"
interdisciplinary innovative approach to an aggressive ossifying fibroma case integrating 3d surgery and customized reconstruction in maxillofacial and dental care,Interdisciplinary innovative approach to an aggressive ossifying fibroma case: Integrating 3D surgery and customized reconstruction in maxillofacial and dental  care.,Journal of clinical and experimental dentistry,journalArticle,IRINA65L,Aragón-Niño 等 - 2024 - Interdisciplinary innovative approach to an aggressive ossifying fibroma case Integrating 3D surger.pdf,EXCLUDE,"证据片段仅泛泛提及""navigation software""和""CAD/CAM""，未出现任何具名的第三方非牙科3D软件（如Mimics、3D Slicer、Geomagic等）被该研究自己使用。",-,-,-,-,"【判定】: EXCLUDE
【判定理由】: 证据片段仅泛泛提及""navigation software""和""CAD/CAM""，未出现任何具名的第三方非牙科3D软件（如Mimics、3D Slicer、Geomagic等）被该研究自己使用。
【软件】: -
【专科】: -
【应用场景】: -
【研究设计】: -"
in house 3d printed positioning and cutting guide system for mandibular reconstruction protocol and case report,In-House 3D Printed Positioning and Cutting Guide System for Mandibular Reconstruction. Protocol and case report.,Journal of clinical and experimental dentistry,journalArticle,KFMHNQAV,Rodríguez-Arias 等 - 2024 - In-House 3D Printed Positioning and Cutting Guide System for Mandibular Reconstruction. Protocol and.pdf,INCLUDE,"该研究自身在方法中使用具名第三方非牙科3D软件，原文明确写道""A computer program (Brainlab iPlan) was used to segment the mandible for three-dimensional planning""以及""Free software (Autodesk Meshmixer) superimposes the initial jaw on the scanned jaw with the plate""。",Brainlab iPlan; Autodesk Meshmixer,Oral and Maxillofacial Surgery,Surgical planning and precise implementation,case_report,"【判定】: INCLUDE
【判定理由】: 该研究自身在方法中使用具名第三方非牙科3D软件，原文明确写道""A computer program (Brainlab iPlan) was used to segment the mandible for three-dimensional planning""以及""Free software (Autodesk Meshmixer) superimposes the initial jaw on the scanned jaw with the plate""。
【软件】: Brainlab iPlan; Autodesk Meshmixer
【专科】: Oral and Maxillofacial Surgery
【应用场景】: Surgical planning and precise implementation
【研究设计】: case_report"
assessment of the stresses produced on the bone implant tissue interface to the different insertion angulations of the implant a three dimensional analysis by the finite elements method,Assessment of the stresses produced on the bone implant/tissue interface to the different insertion angulations of the implant - a three-dimensional analysis by  the finite elements method.,Journal of clinical and experimental dentistry,journalArticle,AQ37V5WT,Brum 等 - 2020 - Assessment of the stresses produced on the bone implanttissue interface to the different insertion.pdf,INCLUDE,"该研究自身在材料与方法中使用具名第三方非牙科3D软件，如""the models were exported to the finite elements simulation software Ansys Workbench V19.2""以及""using the SolidWorks 2011™ software""和""CAD Solidworks 2017 software""。",ANSYS Workbench; SolidWorks,Implantology,Biomechanical analysis and simulation,computational,"【判定】: INCLUDE
【判定理由】: 该研究自身在材料与方法中使用具名第三方非牙科3D软件，如""the models were exported to the finite elements simulation software Ansys Workbench V19.2""以及""using the SolidWorks 2011™ software""和""CAD Solidworks 2017 software""。
【软件】: ANSYS Workbench; SolidWorks
【专科】: Implantology
【应用场景】: Biomechanical analysis and simulation
【研究设计】: computational"
a complete digital workflow for planning simulation and evaluation in orthognathic surgery,"A Complete Digital Workflow for Planning, Simulation, and Evaluation in Orthognathic Surgery",JOURNAL OF CLINICAL MEDICINE,journalArticle,T43PJP5P,"Lee 等 - 2021 - A Complete Digital Workflow for Planning, Simulation, and Evaluation in Orthognathic Surgery..pdf",INCLUDE,"该研究自身在材料与方法中使用具名第三方非牙科3D软件，原文明确写道""The virtual osteotomy was performed with Geomagic Freeform software (Geomagic Inc., Morrisville, NC, USA)""。",Geomagic Freeform,Orthodontics,Surgical planning and precise implementation,clinical,"【判定】: INCLUDE
【判定理由】: 该研究自身在材料与方法中使用具名第三方非牙科3D软件，原文明确写道""The virtual osteotomy was performed with Geomagic Freeform software (Geomagic Inc., Morrisville, NC, USA)""。
【软件】: Geomagic Freeform
【专科】: Orthodontics
【应用场景】: Surgical planning and precise implementation
【研究设计】: clinical"
restoring mandibular anatomy after complex trauma clinical applications of a statistical shape model,Restoring Mandibular Anatomy After Complex Trauma: Clinical Applications of a Statistical Shape Model,JOURNAL OF CLINICAL MEDICINE,journalArticle,ED4NLMLY,Youssef 等 - 2026 - Restoring Mandibular Anatomy After Complex Trauma Clinical Applications of a Statistical Shape Mode.pdf,EXCLUDE,"证据片段中仅提及该研究使用自研/开源的 MAGIC-SSM 统计形状模型（""The MAGIC-SSM, an open-source, age-, and sex-specific three-dimensional model""），未出现任何具名的第三方非牙科3D软件被该研究自己使用。",-,-,-,-,"【判定】: EXCLUDE
【判定理由】: 证据片段中仅提及该研究使用自研/开源的 MAGIC-SSM 统计形状模型（""The MAGIC-SSM, an open-source, age-, and sex-specific three-dimensional model""），未出现任何具名的第三方非牙科3D软件被该研究自己使用。
【软件】: -
【专科】: -
【应用场景】: -
【研究设计】: -"
a reproducible 3d classification of orbital morphology derived from cbct and fbct segmentation,A Reproducible 3D Classification of Orbital Morphology Derived from CBCT and FBCT Segmentation,JOURNAL OF CLINICAL MEDICINE,journalArticle,NXZDYPC2,Bielecka-Kowalska 等 - 2025 - A Reproducible 3D Classification of Orbital Morphology Derived from CBCT and FBCT Segmentation..pdf,EXCLUDE,抽取的证据片段仅包含题名、作者、摘要、引言及方法开头部分，未出现任何该研究自身使用的具名第三方非牙科3D软件（如 Mimics、3D Slicer 等）的原文证据。,-,-,-,-,"【判定】: EXCLUDE
【判定理由】: 抽取的证据片段仅包含题名、作者、摘要、引言及方法开头部分，未出现任何该研究自身使用的具名第三方非牙科3D软件（如 Mimics、3D Slicer 等）的原文证据。
【软件】: -
【专科】: -
【应用场景】: -
【研究设计】: -"
digitization of dentate and edentulous maxillectomy and mandibulectomy defects with three different intraoral scanners a comparative in vitro study,Digitization of Dentate and Edentulous Maxillectomy and Mandibulectomy Defects with Three Different Intraoral Scanners: A Comparative In Vitro Study,JOURNAL OF CLINICAL MEDICINE,journalArticle,9MVRH769,Hattori 等 - 2024 - Digitization of Dentate and Edentulous Maxillectomy and Mandibulectomy Defects with Three Different.pdf,INCLUDE,"该研究自身在材料与方法中使用具名第三方非牙科3D软件进行3D数据分析，证据片段明确写道""The data files obtained were loaded into 3D inspection software (Geomagic Control X 2017, Geomagic, Morrisville, NC, USA)""。",Geomagic Control X,Prosthodontics,3D data analysis and accuracy assessment,in_vitro,"【判定】: INCLUDE
【判定理由】: 该研究自身在材料与方法中使用具名第三方非牙科3D软件进行3D数据分析，证据片段明确写道""The data files obtained were loaded into 3D inspection software (Geomagic Control X 2017, Geomagic, Morrisville, NC, USA)""。
【软件】: Geomagic Control X
【专科】: Prosthodontics
【应用场景】: 3D data analysis and accuracy assessment
【研究设计】: in_vitro"
influence of preparation design marginal gingiva location and tooth morphology on the accuracy of digital impressions for full crown restorations an in vitro investigation,"Influence of Preparation Design, Marginal Gingiva Location, and Tooth Morphology on the Accuracy of Digital Impressions for Full-Crown Restorations: An In Vitro Investigation",JOURNAL OF CLINICAL MEDICINE,journalArticle,7D3DPPH4,"Bernauer 等 - 2020 - Influence of Preparation Design, Marginal Gingiva Location, and Tooth Morphology on the Accuracy of.pdf",INCLUDE,"该研究自身在材料与方法中使用具名第三方非牙科3D软件进行数字化设计，原文明确写道""These designs were digitally computed with the software Geomatic Design X (3D Systems, Rock Hill, SC, USA) and saved as STL files""。",Geomagic Design X,Prosthodontics,Digital design and manufacturing,in_vitro,"【判定】: INCLUDE
【判定理由】: 该研究自身在材料与方法中使用具名第三方非牙科3D软件进行数字化设计，原文明确写道""These designs were digitally computed with the software Geomatic Design X (3D Systems, Rock Hill, SC, USA) and saved as STL files""。
【软件】: Geomagic Design X
【专科】: Prosthodontics
【应用场景】: Digital design and manufacturing
【研究设计】: in_vitro"
no significant bone resorption after open treatment of mandibular condylar head fractures in the medium term,No Significant Bone Resorption after Open Treatment of Mandibular Condylar Head Fractures in the Medium-Term,JOURNAL OF CLINICAL MEDICINE,journalArticle,9MP86R5J,Neuhaus 等 - 2022 - No Significant Bone Resorption after Open Treatment of Mandibular Condylar Head Fractures in the Med.pdf,EXCLUDE,"证据片段仅提及""measured by using a sophisticated 3D-algorithm""，未出现任何具名的第三方非牙科3D软件名称，无法确认该研究自身使用了符合纳入标准的软件。",-,-,-,-,"【判定】: EXCLUDE
【判定理由】: 证据片段仅提及""measured by using a sophisticated 3D-algorithm""，未出现任何具名的第三方非牙科3D软件名称，无法确认该研究自身使用了符合纳入标准的软件。
【软件】: -
【专科】: -
【应用场景】: -
【研究设计】: -"
correlation analysis of nasal septum deviation and results of ai driven automated 3d cephalometric analysis,Correlation Analysis of Nasal Septum Deviation and Results of AI-Driven Automated 3D Cephalometric Analysis,JOURNAL OF CLINICAL MEDICINE,journalArticle,XRXG22EC,Kazimierczak 等 - 2023 - Correlation Analysis of Nasal Septum Deviation and Results of AI-Driven Automated 3D Cephalometric A.pdf,EXCLUDE,"该研究仅使用 AI 网络软件 CephX（""Cephalometric analysis was performed using an AI web-based software, CephX""），属于牙科专用软件，未使用任何具名的第三方非牙科3D软件。",-,-,-,-,"【判定】: EXCLUDE
【判定理由】: 该研究仅使用 AI 网络软件 CephX（""Cephalometric analysis was performed using an AI web-based software, CephX""），属于牙科专用软件，未使用任何具名的第三方非牙科3D软件。
【软件】: -
【专科】: -
【应用场景】: -
【研究设计】: -"
early placement of patient specific one piece drill free fully digital designed dental implants a feasibility study,Early Placement of Patient-Specific One-Piece Drill-Free Fully Digital Designed Dental Implants: A Feasibility Study,JOURNAL OF CLINICAL PERIODONTOLOGY,journalArticle,L5U9ITAK,Romito 等 - 2025 - Early Placement of Patient‐Specific One‐Piece Drill‐Free Fully Digital Designed Dental Implants A F.pdf,INCLUDE,"该研究自身在材料与方法中使用 Mimics 软件进行三维重建与分割，原文明确写道 ""analysed using the Mimics software (v. 24, Materialise, Leuven, Belgium)"" 及 ""The subject tooth was segmented using the software (Mimics)""。",Mimics,Implantology,Image segmentation and 3D reconstruction,clinical,"【判定】: INCLUDE
【判定理由】: 该研究自身在材料与方法中使用 Mimics 软件进行三维重建与分割，原文明确写道 ""analysed using the Mimics software (v. 24, Materialise, Leuven, Belgium)"" 及 ""The subject tooth was segmented using the software (Mimics)""。
【软件】: Mimics
【专科】: Implantology
【应用场景】: Image segmentation and 3D reconstruction
【研究设计】: clinical"
automatic segmentation of the nasolacrimal canal application of the nnu net v2 model in cbct imaging,Automatic Segmentation of the Nasolacrimal Canal: Application of the nnU-Net v2 Model in CBCT Imaging,JOURNAL OF CLINICAL MEDICINE,journalArticle,7N57MWGV,Haylaz 等 - 2025 - Automatic Segmentation of the Nasolacrimal Canal Application of the nnU-Net v2 Model in CBCT Imagin.pdf,INCLUDE,"摘要明确说明 ""The raw data were transferred to the 3D Slicer imaging software in DICOM format (Version 4.10.2; MIT, Massachusetts, USA)""，即该研究自身使用了具名第三方非牙科3D软件 3D Slicer 进行数据处理。",3D Slicer,Oral and Maxillofacial Radiology,Image segmentation and 3D reconstruction,computational,"【判定】: INCLUDE
【判定理由】: 摘要明确说明 ""The raw data were transferred to the 3D Slicer imaging software in DICOM format (Version 4.10.2; MIT, Massachusetts, USA)""，即该研究自身使用了具名第三方非牙科3D软件 3D Slicer 进行数据处理。
【软件】: 3D Slicer
【专科】: Oral and Maxillofacial Radiology
【应用场景】: Image segmentation and 3D reconstruction
【研究设计】: computational"
endodontic treatment of a molar with peculiar anatomy case study with cbct and 3d printed model,Endodontic Treatment of a Molar with Peculiar Anatomy: Case Study with CBCT and 3D Printed Model.,The journal of contemporary dental practice,journalArticle,L8M7M2BX,Costamagna 等 - 2022 - Endodontic Treatment of a Molar with Peculiar Anatomy Case Study with CBCT and 3D Printed Model.pdf,INCLUDE,"证据片段明确显示该研究自身使用了具名第三方非牙科3D软件：""the digital imaging and communications in medicine (DICOM) files from CBCT were imported in a dedicated software application for segmentation (Mimics Medical 20.0 trial, Materialise; Leuven, Belgium)""。",Mimics,Endodontics,Image segmentation and 3D reconstruction,case_report,"【判定】: INCLUDE
【判定理由】: 证据片段明确显示该研究自身使用了具名第三方非牙科3D软件：""the digital imaging and communications in medicine (DICOM) files from CBCT were imported in a dedicated software application for segmentation (Mimics Medical 20.0 trial, Materialise; Leuven, Belgium)""。
【软件】: Mimics
【专科】: Endodontics
【应用场景】: Image segmentation and 3D reconstruction
【研究设计】: case_report"
comparative evaluation of stress distribution around various threaded implants with and without platform switch a 3 d finite element analysis,Comparative Evaluation of Stress Distribution around Various Threaded Implants with and without Platform Switch: A 3-D Finite Element Analysis.,The journal of contemporary dental practice,journalArticle,5TGPGAFM,Mohapatra 等 - 2020 - Comparative Evaluation of Stress Distribution around Various Threaded Implants with and without Plat.pdf,INCLUDE,"该研究自身在材料与方法中使用 CATIA V5R19 软件建模，原文明确写道 ""A geometric model of the posterior maxillary segment (first molar region) with an implant and abutment was modeled using the CATIA V5R19 software.""",CATIA,Implantology,Biomechanical analysis and simulation,computational,"【判定】: INCLUDE
【判定理由】: 该研究自身在材料与方法中使用 CATIA V5R19 软件建模，原文明确写道 ""A geometric model of the posterior maxillary segment (first molar region) with an implant and abutment was modeled using the CATIA V5R19 software.""
【软件】: CATIA
【专科】: Implantology
【应用场景】: Biomechanical analysis and simulation
【研究设计】: computational"
a 3 d finite element analysis of stress distribution on implant supported fixed prosthesis with four different commercially available implant systems,A 3-D Finite Element Analysis of Stress Distribution on Implant-supported Fixed Prosthesis with Four Different Commercially Available Implant Systems.,The journal of contemporary dental practice,journalArticle,WYDE6M86,Kumar 等 - 2020 - A 3-D Finite Element Analysis of Stress Distribution on Implant-supported Fixed Prosthesis with Four.pdf,EXCLUDE,"证据片段仅泛泛提及""finite element analysis (FEA)""方法，未出现任何该研究自身使用的具名第三方非牙科3D软件（如 ANSYS、ABAQUS 等）。",-,-,-,-,"【判定】: EXCLUDE
【判定理由】: 证据片段仅泛泛提及""finite element analysis (FEA)""方法，未出现任何该研究自身使用的具名第三方非牙科3D软件（如 ANSYS、ABAQUS 等）。
【软件】: -
【专科】: -
【应用场景】: -
【研究设计】: -"
patient specific implant customization for treatment of internal orbital fractures using office based three dimensional printing,Patient-Specific Implant Customization for Treatment of Internal Orbital Fractures Using Office-Based Three-Dimensional Printing.,The Journal of craniofacial surgery,journalArticle,Z2SBK7IA,Yoon 等 - 2024 - Patient-Specific Implant Customization for Treatment of Internal Orbital Fractures Using Office-Base.pdf,INCLUDE,"该研究自身在方法中使用具名第三方非牙科3D软件，原文明确写道""the virtual 3D models were created by iPlan 3.0 Cranial CMF software (Brainlab)""，并用""iPlan software""进行术后测量。",iPlan 3.0 Cranial CMF (Brainlab),Oral and Maxillofacial Surgery,Surgical planning and precise implementation,clinical,"【判定】: INCLUDE
【判定理由】: 该研究自身在方法中使用具名第三方非牙科3D软件，原文明确写道""the virtual 3D models were created by iPlan 3.0 Cranial CMF software (Brainlab)""，并用""iPlan software""进行术后测量。
【软件】: iPlan 3.0 Cranial CMF (Brainlab)
【专科】: Oral and Maxillofacial Surgery
【应用场景】: Surgical planning and precise implementation
【研究设计】: clinical"
volumetric and morphological analysis of mandibular condyles of angle class 2 and 3 malocclusion patients,Volumetric and Morphological Analysis of Mandibular Condyles of Angle Class 2 and 3 Malocclusion Patients,JOURNAL OF CRANIOFACIAL SURGERY,journalArticle,VPLLGW2S,Lentzen 等 - 2022 - Volumetric and Morphological Analysis of Mandibular Condyles of Angle Class 2 and 3 Malocclusion Pat.PDF,INCLUDE,"摘要明确说明该研究自身""By using the open-source software 'ITK-SNAP', diametric and volumetric measurements of 158 mandibular condyles were performed""，ITK-SNAP 为具名的第三方非牙科3D软件，用于3D数据的处理与测量。",ITK-SNAP,Orthodontics,Morphological and phenotypic analysis,clinical,"【判定】: INCLUDE
【判定理由】: 摘要明确说明该研究自身""By using the open-source software 'ITK-SNAP', diametric and volumetric measurements of 158 mandibular condyles were performed""，ITK-SNAP 为具名的第三方非牙科3D软件，用于3D数据的处理与测量。
【软件】: ITK-SNAP
【专科】: Orthodontics
【应用场景】: Morphological and phenotypic analysis
【研究设计】: clinical"
using 3d printing and mirror image modeling in orbital floor reconstruction,Using 3D Printing and Mirror Image Modeling in Orbital Floor Reconstruction.,The Journal of craniofacial surgery,journalArticle,2TJBVIZP,Akiki 等 - 2021 - Using 3D Printing and Mirror Image Modeling in Orbital Floor Reconstruction.PDF,INCLUDE,"证据片段明确写明""The model was processed with free, open-source software [3D Slicer (NIH), Blender (Blender""，表明该研究自身使用了具名第三方非牙科3D软件进行建模处理。",3D Slicer; Blender,Oral and Maxillofacial Surgery,Surgical planning and precise implementation,case_report,"【判定】: INCLUDE
【判定理由】: 证据片段明确写明""The model was processed with free, open-source software [3D Slicer (NIH), Blender (Blender""，表明该研究自身使用了具名第三方非牙科3D软件进行建模处理。
【软件】: 3D Slicer; Blender
【专科】: Oral and Maxillofacial Surgery
【应用场景】: Surgical planning and precise implementation
【研究设计】: case_report"
effect of different veneering techniques on mechanical properties and translucency of zirconia framework veneer ceramic crowns,Effect of Different Veneering Techniques on Mechanical Properties and Translucency of Zirconia Framework-veneer Ceramic Crowns.,The journal of contemporary dental practice,journalArticle,K66NDIA5,Sanad 等 - 2025 - Effect of Different Veneering Techniques on Mechanical Properties and Translucency of Zirconia Frame.pdf,EXCLUDE,证据片段仅提及牙科专用材料与设备（如 IPS e.max CAD、分光光度计），未出现任何该研究自身使用的具名第三方非牙科3D软件。,-,-,-,-,"【判定】: EXCLUDE
【判定理由】: 证据片段仅提及牙科专用材料与设备（如 IPS e.max CAD、分光光度计），未出现任何该研究自身使用的具名第三方非牙科3D软件。
【软件】: -
【专科】: -
【应用场景】: -
【研究设计】: -"
fully digital workflow for an immediate implant retained prosthesis following maxillectomy resection surgery,Fully Digital Workflow for an Immediate Implant-Retained Prosthesis Following Maxillectomy Resection Surgery,JOURNAL OF CRANIOFACIAL SURGERY,journalArticle,9HL5KCJ3,Jensen和Cheng - 2025 - Fully Digital Workflow for an Immediate Implant-Retained Prosthesis Following Maxillectomy Resection.pdf,EXCLUDE,抽取的证据片段仅包含参考文献列表和摘要/引言内容，未出现任何该研究自身在材料与方法中使用的具名第三方非牙科3D软件（如 Mimics、3D Slicer、Geomagic 等）。,-,-,-,-,"【判定】: EXCLUDE
【判定理由】: 抽取的证据片段仅包含参考文献列表和摘要/引言内容，未出现任何该研究自身在材料与方法中使用的具名第三方非牙科3D软件（如 Mimics、3D Slicer、Geomagic 等）。
【软件】: -
【专科】: -
【应用场景】: -
【研究设计】: -"
facial asymmetry in syndromic craniosynostosis patients undergoing midface surgery compared to a large general population,Facial asymmetry in syndromic craniosynostosis patients undergoing midface surgery compared to a large general population.,Journal of cranio-maxillo-facial surgery : official publication of the European Association for Cranio-Maxillo-Facial Surgery,journalArticle,SW2VBSEU,Rostamzad 等 - 2025 - Facial asymmetry in syndromic craniosynostosis patients undergoing midface surgery compared to a lar.pdf,INCLUDE,"该研究自身在材料与方法中使用具名第三方非牙科3D软件，原文明确写道""Using Mimics version 25.0 (Materialise), 3D facial (soft tissue) meshes were created from both pre- and aligned postoperative scans""。",Mimics,Oral and Maxillofacial Surgery,Image segmentation and 3D reconstruction,clinical,"【判定】: INCLUDE
【判定理由】: 该研究自身在材料与方法中使用具名第三方非牙科3D软件，原文明确写道""Using Mimics version 25.0 (Materialise), 3D facial (soft tissue) meshes were created from both pre- and aligned postoperative scans""。
【软件】: Mimics
【专科】: Oral and Maxillofacial Surgery
【应用场景】: Image segmentation and 3D reconstruction
【研究设计】: clinical"
biomechanical behavior of different distributions of zygoma and pterygoid implants in rehabilitation of severely atrophic posterior maxilla a 3d finite element analysis,Biomechanical Behavior of Different Distributions of Zygoma and Pterygoid Implants in Rehabilitation of Severely Atrophic Posterior Maxilla: A 3D Finite Element Analysis,JOURNAL OF CRANIOFACIAL SURGERY,journalArticle,5SW9J4UC,Darwish 等 - 2025 - Biomechanical Behavior of Different Distributions of Zygoma and Pterygoid Implants in Rehabilitation.pdf,EXCLUDE,证据片段仅提及使用CBCT扫描和有限元分析（FEA）建模，但未出现任何具名的第三方非牙科3D软件（如Mimics、ANSYS、ABAQUS等）被该研究自己使用。,-,-,-,-,"【判定】: EXCLUDE
【判定理由】: 证据片段仅提及使用CBCT扫描和有限元分析（FEA）建模，但未出现任何具名的第三方非牙科3D软件（如Mimics、ANSYS、ABAQUS等）被该研究自己使用。
【软件】: -
【专科】: -
【应用场景】: -
【研究设计】: -"
postoperative assessment of forehead contouring in facial feminization surgery,Postoperative assessment of forehead contouring in facial feminization surgery,JOURNAL OF CRANIO-MAXILLOFACIAL SURGERY,journalArticle,K7WRBECT,Abazi 等 - 2025 - Postoperative assessment of forehead contouring in facial feminization surgery.pdf,INCLUDE,"该研究自身在方法中使用具名第三方非牙科3D软件，原文明确写道 ""Image processing was carried out using the Mimics Innovation Suite (Version 25.0, Materialise NV, Leuven, Belgium)""，用于术前术后CT/CBCT的三维分割与体积测量。",Mimics Innovation Suite,Oral and Maxillofacial Surgery,Image segmentation and 3D reconstruction,clinical,"【判定】: INCLUDE
【判定理由】: 该研究自身在方法中使用具名第三方非牙科3D软件，原文明确写道 ""Image processing was carried out using the Mimics Innovation Suite (Version 25.0, Materialise NV, Leuven, Belgium)""，用于术前术后CT/CBCT的三维分割与体积测量。
【软件】: Mimics Innovation Suite
【专科】: Oral and Maxillofacial Surgery
【应用场景】: Image segmentation and 3D reconstruction
【研究设计】: clinical"
automated orofacial virtual patient creation a proof of concept,Automated orofacial virtual patient creation: A proof of concept.,Journal of dentistry,journalArticle,TQZ3FUDA,Jindanil 等 - 2024 - Automated orofacial virtual patient creation A proof of concept..pdf,INCLUDE,"摘要与全文中明确记载 ""The accuracy of the virtual patients created using different approaches was further analyzed in the Mimics software""，即该研究自身在方法中使用 Mimics 进行三维数据分析。",Mimics,Orthodontics,3D data analysis and accuracy assessment,computational,"【判定】: INCLUDE
【判定理由】: 摘要与全文中明确记载 ""The accuracy of the virtual patients created using different approaches was further analyzed in the Mimics software""，即该研究自身在方法中使用 Mimics 进行三维数据分析。
【软件】: Mimics
【专科】: Orthodontics
【应用场景】: 3D data analysis and accuracy assessment
【研究设计】: computational"
a portable mixed reality navigation system for oral and maxillofacial surgery design and preliminary clinical evaluation,A portable mixed reality navigation system for oral and maxillofacial surgery: Design and preliminary clinical evaluation,JOURNAL OF CRANIO-MAXILLOFACIAL SURGERY,journalArticle,VPIYMEQ5,Shi 等 - 2025 - A portable mixed reality navigation system for oral and maxillofacial surgery Design and preliminar.pdf,INCLUDE,"该研究自身在方法中使用了具名第三方非牙科3D软件，原文明确写道""A customized software module, developed on the 3D Slicer platform, enabled automatic registration and real-time 3D anatomical visualization""。",3D Slicer,Oral and Maxillofacial Surgery,Surgical planning and precise implementation,clinical,"【判定】: INCLUDE
【判定理由】: 该研究自身在方法中使用了具名第三方非牙科3D软件，原文明确写道""A customized software module, developed on the 3D Slicer platform, enabled automatic registration and real-time 3D anatomical visualization""。
【软件】: 3D Slicer
【专科】: Oral and Maxillofacial Surgery
【应用场景】: Surgical planning and precise implementation
【研究设计】: clinical"
a comparative analysis of soft tissue volumetric alterations utilizing root mean square and positive and negative average calculations through two software,A comparative analysis of soft tissue volumetric alterations utilizing root mean square and positive and negative average calculations through two software.,Journal of dentistry,journalArticle,UI48XFYD,Figueras-Alvarez 等 - 2025 - A comparative analysis of soft tissue volumetric alterations utilizing root mean square and positive.pdf,INCLUDE,"该研究自身在方法中使用具名第三方非牙科3D软件 ""Geomagic Control X, 3D Systems"" 进行3D偏差比较（""using metrology-grade (Geomagic Control X, 3D Systems) and nonmetrology-grade (Medit Design, Medit Link) software programs""）。",Geomagic Control X,Periodontics,3D data analysis and accuracy assessment,clinical,"【判定】: INCLUDE
【判定理由】: 该研究自身在方法中使用具名第三方非牙科3D软件 ""Geomagic Control X, 3D Systems"" 进行3D偏差比较（""using metrology-grade (Geomagic Control X, 3D Systems) and nonmetrology-grade (Medit Design, Medit Link) software programs""）。
【软件】: Geomagic Control X
【专科】: Periodontics
【应用场景】: 3D data analysis and accuracy assessment
【研究设计】: clinical"
accuracy of a novel semi autonomous robotic assisted surgery system for single implant placement a case series,Accuracy of a Novel Semi-Autonomous Robotic-Assisted Surgery System for Single Implant Placement: a Case Series.,Journal of dentistry,journalArticle,Y6BWB87N,Ding 等 - 2023 - Accuracy of a novel semi-autonomous robotic-assisted surgery system for single implant placement A.pdf,INCLUDE,"摘要与正文均明确该研究自己使用""a three-dimensional Slicer software""来评估计划与植入种植体之间的偏差，属于具名第三方非牙科3D软件（3D Slicer）用于3D数据分析与测量。",3D Slicer,Implantology,3D data analysis and accuracy assessment,clinical,"【判定】: INCLUDE
【判定理由】: 摘要与正文均明确该研究自己使用""a three-dimensional Slicer software""来评估计划与植入种植体之间的偏差，属于具名第三方非牙科3D软件（3D Slicer）用于3D数据分析与测量。
【软件】: 3D Slicer
【专科】: Implantology
【应用场景】: 3D data analysis and accuracy assessment
【研究设计】: clinical"
effect of the number and distribution of fiducial markers on the accuracy of robot guided implant surgery in edentulous mandibular arches an in vitro study,Effect of the number and distribution of fiducial markers on the accuracy of robot-guided implant surgery in edentulous mandibular arches: An in vitro study.,Journal of dentistry,journalArticle,E39JLY9S,Zhao 等 - 2023 - Effect of the number and distribution of fiducial markers on the accuracy of robot-guided implant su.pdf,EXCLUDE,"抽取的软件相关证据片段仅泛泛提及机器人系统（如""Yomi""）及配准技术，未出现该研究自身在材料与方法中使用任何具名第三方非牙科3D软件的原文证据。",-,-,-,-,"【判定】: EXCLUDE
【判定理由】: 抽取的软件相关证据片段仅泛泛提及机器人系统（如""Yomi""）及配准技术，未出现该研究自身在材料与方法中使用任何具名第三方非牙科3D软件的原文证据。
【软件】: -
【专科】: -
【应用场景】: -
【研究设计】: -"
application of the virtual fit method for fixed complete denture cases designed on intraoral scans effect of cement spacing,Application of the virtual-fit method for fixed complete denture cases designed on intraoral scans: Effect of cement spacing.,Journal of dentistry,journalArticle,XK8P9LMU,Vag 等 - 2024 - Application of the virtual-fit method for fixed complete denture cases designed on intraoral scans.pdf,INCLUDE,"该研究自身在方法中使用 GOM Inspect 软件进行对齐分析，原文明确写道""Two types of alignment were performed by GOM Inspect software""。",GOM Inspect,Prosthodontics,3D data analysis and accuracy assessment,in_vitro,"【判定】: INCLUDE
【判定理由】: 该研究自身在方法中使用 GOM Inspect 软件进行对齐分析，原文明确写道""Two types of alignment were performed by GOM Inspect software""。
【软件】: GOM Inspect
【专科】: Prosthodontics
【应用场景】: 3D data analysis and accuracy assessment
【研究设计】: in_vitro"
facial scanning accuracy depending on the alignment algorithm and digitized surface area location an in vitro study,Facial scanning accuracy depending on the alignment algorithm and digitized surface area location: An in vitro study.,Journal of dentistry,journalArticle,RX5BZKF9,Revilla-León 等 - 2021 - Facial scanning accuracy depending on the alignment algorithm and digitized surface area location A.pdf,INCLUDE,"该研究自身在方法中使用工业扫描仪 ""GOM Atos Q 3D 12 M; Carl Zeiss Industrielle Messtechnik GmbH"" 获取对照网格，GOM 系列属于非牙科三维软件/系统，用于3D数据处理与测量。",GOM Atos Q 3D,Prosthodontics,3D data analysis and accuracy assessment,in_vitro,"【判定】: INCLUDE
【判定理由】: 该研究自身在方法中使用工业扫描仪 ""GOM Atos Q 3D 12 M; Carl Zeiss Industrielle Messtechnik GmbH"" 获取对照网格，GOM 系列属于非牙科三维软件/系统，用于3D数据处理与测量。
【软件】: GOM Atos Q 3D
【专科】: Prosthodontics
【应用场景】: 3D data analysis and accuracy assessment
【研究设计】: in_vitro"
accuracy of conventional impressions and digital scans for implant supported fixed prostheses in maxillary free ended partial edentulism an in vitro study,Accuracy of conventional impressions and digital scans for implant-supported fixed prostheses in maxillary free-ended partial edentulism: An in vitro study.,Journal of dentistry,journalArticle,7TRUUDTS,El Osta 等 - 2024 - Accuracy of conventional impressions and digital scans for implant-supported fixed prostheses in max.pdf,INCLUDE,"该研究自身在方法中使用 ""Geomagic® Control X™ (3DSYSTEM®) metrology software was employed to analyze the 3D state of digital impressions and scan bodies"" 进行3D数据叠加与偏差分析。",Geomagic Control X,Prosthodontics,3D data analysis and accuracy assessment,in_vitro,"【判定】: INCLUDE
【判定理由】: 该研究自身在方法中使用 ""Geomagic® Control X™ (3DSYSTEM®) metrology software was employed to analyze the 3D state of digital impressions and scan bodies"" 进行3D数据叠加与偏差分析。
【软件】: Geomagic Control X
【专科】: Prosthodontics
【应用场景】: 3D data analysis and accuracy assessment
【研究设计】: in_vitro"
feasibility and accuracy of a partial point cloud registration method for transoral robot assisted surgery of zygoma fracture a phantom study,Feasibility and accuracy of a partial point cloud registration method for transoral robot-assisted surgery of zygoma fracture: A phantom study,JOURNAL OF DENTISTRY,journalArticle,45ZDRSPX,Liu 等 - 2026 - Feasibility and accuracy of a partial point cloud registration method for transoral robot-assisted s.pdf,EXCLUDE,"证据片段仅提及""using the Iterative Closest Point (ICP) algorithm""及""a self-developed and previously validated binocular vision camera and probe""，未出现任何具名的第三方非牙科3D软件被该研究自己使用。",-,-,-,-,"【判定】: EXCLUDE
【判定理由】: 证据片段仅提及""using the Iterative Closest Point (ICP) algorithm""及""a self-developed and previously validated binocular vision camera and probe""，未出现任何具名的第三方非牙科3D软件被该研究自己使用。
【软件】: -
【专科】: -
【应用场景】: -
【研究设计】: -"
chairside virtual patient protocol part 1 free vs guided face scan protocol,Chairside virtual patient protocol. Part 1: Free vs Guided face scan protocol.,Journal of dentistry,journalArticle,JR957DQR,Raffone 等 - 2022 - Chairside virtual patient protocol. Part 1 Free vs Guided face scan protocol..pdf,INCLUDE,"该研究自身在材料与方法中使用 Meshlab 记录测量距离（""An open-source software (Meshlab; Meshlab) was used to record all the distances""），并使用 GOM Inspect 进行表面偏差分析（""a surface analysis was performed with both scanning techniques using a CAD software (GOM inspect, GOM)""）。",MeshLab; GOM Inspect,Prosthodontics,3D data analysis and accuracy assessment,clinical,"【判定】: INCLUDE
【判定理由】: 该研究自身在材料与方法中使用 Meshlab 记录测量距离（""An open-source software (Meshlab; Meshlab) was used to record all the distances""），并使用 GOM Inspect 进行表面偏差分析（""a surface analysis was performed with both scanning techniques using a CAD software (GOM inspect, GOM)""）。
【软件】: MeshLab; GOM Inspect
【专科】: Prosthodontics
【应用场景】: 3D data analysis and accuracy assessment
【研究设计】: clinical"
effect of auxiliary geometric devices on the accuracy of intraoral scans in full arch implant supported rehabilitations an in vitro study,Effect of auxiliary geometric devices on the accuracy of intraoral scans in full-arch implant-supported rehabilitations: An in vitro study.,Journal of dentistry,journalArticle,AN569QGJ,Canullo 等 - 2024 - Effect of auxiliary geometric devices on the accuracy of intraoral scans in full-arch implant-suppor.pdf,INCLUDE,"该研究自身在方法中使用工业光学扫描仪（ATOS compact Scan 5M, GOM GmbH）创建数字主模型，并将扫描数据导入检查软件（GOM Inspect Professional, GOM GmbH）进行表面对比与偏差分析。",GOM Inspect Professional,Implantology,3D data analysis and accuracy assessment,in_vitro,"【判定】: INCLUDE
【判定理由】: 该研究自身在方法中使用工业光学扫描仪（ATOS compact Scan 5M, GOM GmbH）创建数字主模型，并将扫描数据导入检查软件（GOM Inspect Professional, GOM GmbH）进行表面对比与偏差分析。
【软件】: GOM Inspect Professional
【专科】: Implantology
【应用场景】: 3D data analysis and accuracy assessment
【研究设计】: in_vitro"
retentive design of a small surgical guide for implant surgery an in vitro study,Retentive design of a small surgical guide for implant surgery: An in-vitro study,JOURNAL OF DENTISTRY,journalArticle,B88UY5CW,Kobe 等 - 2023 - Retentive design of a small surgical guide for implant surgery An in-vitro study.pdf,INCLUDE,"该研究自身在方法中使用非牙科3D软件，证据片段明确写道 ""A platform to evaluate the stability of the surgical guide was designed using 3D-modelling software (Meshmixer 3.5, Autodesk)"" 以及 ""Scans were imported for analysis (GOM Inspect 2018, GOM GmbH)""。",Meshmixer; GOM Inspect,Implantology,3D data analysis and accuracy assessment,in_vitro,"【判定】: INCLUDE
【判定理由】: 该研究自身在方法中使用非牙科3D软件，证据片段明确写道 ""A platform to evaluate the stability of the surgical guide was designed using 3D-modelling software (Meshmixer 3.5, Autodesk)"" 以及 ""Scans were imported for analysis (GOM Inspect 2018, GOM GmbH)""。
【软件】: Meshmixer; GOM Inspect
【专科】: Implantology
【应用场景】: 3D data analysis and accuracy assessment
【研究设计】: in_vitro"
segmentation of the upper airway using deep learning nnunet,Segmentation of the upper airway using deep learning - nnUNet,JOURNAL OF DENTISTRY,journalArticle,KI9W5W7K,Gianoni-Capenakas 等 - 2026 - Segmentation of the upper airway using deep learning - nnUNet.pdf,INCLUDE,"该研究自身在方法中使用具名第三方非牙科3D软件 3D Slicer 进行手动分割以建立 ground truth（""Ground truth was established through manual segmentation using 3D Slicer""）。",3D Slicer,Orthodontics,Image segmentation and 3D reconstruction,computational,"【判定】: INCLUDE
【判定理由】: 该研究自身在方法中使用具名第三方非牙科3D软件 3D Slicer 进行手动分割以建立 ground truth（""Ground truth was established through manual segmentation using 3D Slicer""）。
【软件】: 3D Slicer
【专科】: Orthodontics
【应用场景】: Image segmentation and 3D reconstruction
【研究设计】: computational"
comparison of the accuracy of static and dynamic computer assisted implant surgery in extraction sockets encased healed sites and distal extension an in vitro study,"Comparison of the accuracy of static and dynamic computer-assisted implant surgery in extraction sockets, encased healed sites, and distal extension: an in vitro study",JOURNAL OF DENTISTRY,journalArticle,JCMKQXDT,Marceron 等 - 2025 - Comparison of the accuracy of static and dynamic computer-assisted implant surgery in extraction soc.pdf,EXCLUDE,证据片段中出现的具名软件为 DTX Studio（Envista）和 X-Guide，均属牙科专用种植规划/导航软件，而非原始开发领域在牙科之外的第三方非牙科3D软件；文中未见 Mimics、3D Slicer、Geomagic 等非牙科3D软件被该研究自身使用。,-,-,-,-,"【判定】: EXCLUDE
【判定理由】: 证据片段中出现的具名软件为 DTX Studio（Envista）和 X-Guide，均属牙科专用种植规划/导航软件，而非原始开发领域在牙科之外的第三方非牙科3D软件；文中未见 Mimics、3D Slicer、Geomagic 等非牙科3D软件被该研究自身使用。
【软件】: -
【专科】: -
【应用场景】: -
【研究设计】: -"
an alternative approach to code store and regenerate 3d data in dental medicine using open source software a scripting based technique,"An alternative approach to code, store, and regenerate 3D data in dental medicine using open-source software: A scripting-based technique",JOURNAL OF DENTISTRY,journalArticle,YCC6S4PK,"Elbashti 等 - 2025 - An alternative approach to code, store, and regenerate 3D data in dental medicine using open-source-1.pdf",INCLUDE,"该研究自身在材料与方法中使用 Blender 生成 Python 脚本处理 STL 模型，并使用 GOM Inspect 软件评估精度（""their accuracy was assessed using GOM Inspect software""）。",Blender; GOM Inspect,Prosthodontics,3D data analysis and accuracy assessment,technical_note,"【判定】: INCLUDE
【判定理由】: 该研究自身在材料与方法中使用 Blender 生成 Python 脚本处理 STL 模型，并使用 GOM Inspect 软件评估精度（""their accuracy was assessed using GOM Inspect software""）。
【软件】: Blender; GOM Inspect
【专科】: Prosthodontics
【应用场景】: 3D data analysis and accuracy assessment
【研究设计】: technical_note"
dentalsegmentator robust open source deep learning based ct and cbct image segmentation,DentalSegmentator: Robust open source deep learning-based CT and CBCT image segmentation,JOURNAL OF DENTISTRY,journalArticle,AXSX89GF,Dot 等 - 2024 - DentalSegmentator Robust open source deep learning-based CT and CBCT image segmentation.pdf,EXCLUDE,"该研究提出并评估的是自研的深度学习分割工具 DentalSegmentator（""a novel open source tool called DentalSegmentator""），其核心为自训练的 nnU-Net 模型，属于自研算法/代码；证据中 3D Slicer 仅作为该工具发布所依托的扩展平台被提及，并非研究自身用于3D数据处理、分析、建模或测量的具名第三方非牙科3D软件。",-,-,-,-,"【判定】: EXCLUDE
【判定理由】: 该研究提出并评估的是自研的深度学习分割工具 DentalSegmentator（""a novel open source tool called DentalSegmentator""），其核心为自训练的 nnU-Net 模型，属于自研算法/代码；证据中 3D Slicer 仅作为该工具发布所依托的扩展平台被提及，并非研究自身用于3D数据处理、分析、建模或测量的具名第三方非牙科3D软件。
【软件】: -
【专科】: -
【应用场景】: -
【研究设计】: -"
influence of three coded healing abutment design on intraoral scan accuracy a comparative in vitro study,Influence of three coded healing abutment design on intraoral scan accuracy: a comparative in vitro study,JOURNAL OF DENTISTRY,journalArticle,ITMJC47T,Morón-Conejo 等 - 2025 - Influence of three coded healing abutment design on intraoral scan accuracy a comparative in vitro.pdf,INCLUDE,"该研究自身在方法中使用 Geomagic 软件进行扫描叠加与偏差分析，原文为 ""Scans were superimposed on an extraoral reference scan (E4, 3Shape) using a best-fit algorithm in Geomagic""。",Geomagic,Implantology,3D data analysis and accuracy assessment,in_vitro,"【判定】: INCLUDE
【判定理由】: 该研究自身在方法中使用 Geomagic 软件进行扫描叠加与偏差分析，原文为 ""Scans were superimposed on an extraoral reference scan (E4, 3Shape) using a best-fit algorithm in Geomagic""。
【软件】: Geomagic
【专科】: Implantology
【应用场景】: 3D data analysis and accuracy assessment
【研究设计】: in_vitro"
accuracy of dental implant placement using static versus dynamic computer assisted implant surgery an in vitro study,Accuracy of dental implant placement using static versus dynamic computer-assisted implant surgery: An in vitro study,JOURNAL OF DENTISTRY,journalArticle,VY5CRRHN,Taheri Otaghsara 等 - 2023 - Accuracy of dental implant placement using static versus dynamic computer-assisted implant surgery.pdf,INCLUDE,"证据片段明确显示该研究自身使用了非牙科3D软件：""the maxillary 3D model was designed by Meshmixer 2.1 (Autodesk Inc., USA) using the STL file from the intra-oral scanner""。",Meshmixer,Implantology,Digital design and manufacturing,in_vitro,"【判定】: INCLUDE
【判定理由】: 证据片段明确显示该研究自身使用了非牙科3D软件：""the maxillary 3D model was designed by Meshmixer 2.1 (Autodesk Inc., USA) using the STL file from the intra-oral scanner""。
【软件】: Meshmixer
【专科】: Implantology
【应用场景】: Digital design and manufacturing
【研究设计】: in_vitro"
risk assessment of inferior alveolar nerve injury after wisdom tooth removal using 3d ai driven models a within patient study,Risk assessment of inferior alveolar nerve injury after wisdom tooth removal using 3D AI-driven models: A within-patient study,JOURNAL OF DENTISTRY,journalArticle,SE34LAZ9,Picoli 等 - 2023 - Risk assessment of inferior alveolar nerve injury after wisdom tooth removal using 3D AI-driven mode.pdf,INCLUDE,"该研究自身在方法中使用具名第三方非牙科3D软件 Blender，原文为""the 3D models of the teeth and MCs from each side were imported into Blender software version 3.0.1""。",Blender,Oral and Maxillofacial Surgery,Image segmentation and 3D reconstruction,clinical,"【判定】: INCLUDE
【判定理由】: 该研究自身在方法中使用具名第三方非牙科3D软件 Blender，原文为""the 3D models of the teeth and MCs from each side were imported into Blender software version 3.0.1""。
【软件】: Blender
【专科】: Oral and Maxillofacial Surgery
【应用场景】: Image segmentation and 3D reconstruction
【研究设计】: clinical"
adaptation of maxillary removable partial denture frameworks fabricated with a direct digital workflow a randomized crossover clinical trial,Adaptation of maxillary removable partial denture frameworks fabricated with a direct digital workflow: A randomized crossover clinical trial,JOURNAL OF DENTISTRY,journalArticle,2FFUFDEY,Gan 等 - 2025 - Adaptation of maxillary removable partial denture frameworks fabricated with a direct digital workfl.pdf,INCLUDE,"该研究自身在材料与方法中使用""Geomagic Studio 2014""进行三维分析，原文为""All scanning data of the three frameworks were imported into 3D reverse engineering software (Geomagic Studio 2014, Geomagic, Inc., NC, USA)""。",Geomagic Studio,Prosthodontics,3D data analysis and accuracy assessment,clinical,"【判定】: INCLUDE
【判定理由】: 该研究自身在材料与方法中使用""Geomagic Studio 2014""进行三维分析，原文为""All scanning data of the three frameworks were imported into 3D reverse engineering software (Geomagic Studio 2014, Geomagic, Inc., NC, USA)""。
【软件】: Geomagic Studio
【专科】: Prosthodontics
【应用场景】: 3D data analysis and accuracy assessment
【研究设计】: clinical"
effect of triangular mesh resolution on the geometrical trueness of segmented cbct maxillofacial data into stl format,Effect of triangular mesh resolution on the geometrical trueness of segmented CBCT maxillofacial data into STL format,JOURNAL OF DENTISTRY,journalArticle,LEAIKBNU,Elbashti 等 - 2023 - Effect of triangular mesh resolution on the geometrical trueness of segmented CBCT maxillofacial dat.pdf,INCLUDE,"该研究自身在方法中使用具名第三方非牙科3D软件进行三维偏差分析，原文明确写道 ""The 3 datasets were compared to the R0 file using 3D evaluation software (GOM Inspect) using a global best-fit algorithm""。",GOM Inspect,Prosthodontics,3D data analysis and accuracy assessment,in_vitro,"【判定】: INCLUDE
【判定理由】: 该研究自身在方法中使用具名第三方非牙科3D软件进行三维偏差分析，原文明确写道 ""The 3 datasets were compared to the R0 file using 3D evaluation software (GOM Inspect) using a global best-fit algorithm""。
【软件】: GOM Inspect
【专科】: Prosthodontics
【应用场景】: 3D data analysis and accuracy assessment
【研究设计】: in_vitro"
complete arch implant capture using a photogrammetry algorithm and smartphone app an in vitro study,Complete arch implant capture using a photogrammetry algorithm and smartphone app: An in vitro study,JOURNAL OF DENTISTRY,journalArticle,7CLZIHKA,Santamaría-Laorden 等 - 2025 - Complete arch implant capture using a photogrammetry algorithm and smartphone app An in vitro study.pdf,INCLUDE,"该研究自身在材料与方法中使用具名第三方非牙科3D软件，如""designed using a Computer-Aided Design (CAD) software program (SOLID EDGE® v.2022; Siemens)""及""imported into a reverse engineering software program (Geomagic®, Control X; 3D Systems)""。",Solid Edge; Geomagic Control X,Implantology,3D data analysis and accuracy assessment,in_vitro,"【判定】: INCLUDE
【判定理由】: 该研究自身在材料与方法中使用具名第三方非牙科3D软件，如""designed using a Computer-Aided Design (CAD) software program (SOLID EDGE® v.2022; Siemens)""及""imported into a reverse engineering software program (Geomagic®, Control X; 3D Systems)""。
【软件】: Solid Edge; Geomagic Control X
【专科】: Implantology
【应用场景】: 3D data analysis and accuracy assessment
【研究设计】: in_vitro"
influence of the dental arch and number of cutting off and rescanning mesh holes on the accuracy of implant scans in partially edentulous situations,Influence of the dental arch and number of cutting-off and rescanning mesh holes on the accuracy of implant scans in partially edentulous situations,JOURNAL OF DENTISTRY,journalArticle,V2HXN7RX,Gómez-Polo 等 - 2023 - Influence of the dental arch and number of cutting-off and rescanning mesh holes on the accuracy of.pdf,INCLUDE,"该研究自身在材料与方法中使用""a 3-dimensional metrology software (Geomagic Control X; 3D Systems)""来测量参考扫描与实验扫描之间的差异并计算RMS误差。",Geomagic Control X,Prosthodontics,3D data analysis and accuracy assessment,in_vitro,"【判定】: INCLUDE
【判定理由】: 该研究自身在材料与方法中使用""a 3-dimensional metrology software (Geomagic Control X; 3D Systems)""来测量参考扫描与实验扫描之间的差异并计算RMS误差。
【软件】: Geomagic Control X
【专科】: Prosthodontics
【应用场景】: 3D data analysis and accuracy assessment
【研究设计】: in_vitro"
accuracy of single implant digital impression with various scanbody exposure levels at anterior and posterior regions,Accuracy of single-implant digital impression with various scanbody exposure levels at anterior and posterior regions,JOURNAL OF DENTISTRY,journalArticle,WCEUBWKT,Wu 等 - 2023 - Accuracy of single-implant digital impression with various scanbody exposure levels at anterior and.pdf,INCLUDE,"该研究自身在方法中使用""inspection software (Geomagic Control X; 3D systems) to align the scanbody library files with scanbody mesh data using a best-fit algorithm""进行3D数据配准与精度评估。",Geomagic Control X,Implantology,3D data analysis and accuracy assessment,in_vitro,"【判定】: INCLUDE
【判定理由】: 该研究自身在方法中使用""inspection software (Geomagic Control X; 3D systems) to align the scanbody library files with scanbody mesh data using a best-fit algorithm""进行3D数据配准与精度评估。
【软件】: Geomagic Control X
【专科】: Implantology
【应用场景】: 3D data analysis and accuracy assessment
【研究设计】: in_vitro"
enhancing dental education with a 3d point cloud comparison and augmented reality for auto evaluation of fixed prosthodontic practice an in vitro study,Enhancing dental education with a 3D point cloud comparison and augmented reality for auto-evaluation of fixed prosthodontic practice: An in vitro study,JOURNAL OF DENTISTRY,journalArticle,RFBGE32H,Mai 等 - 2025 - Enhancing dental education with a 3D point cloud comparison and augmented reality for auto-evaluatio.pdf,INCLUDE,"证据片段明确显示该研究自身使用了非牙科3D软件：""The digitized models were imported into software (Geomagic DesignX; 3D Systems, Rock Hill, SC, USA) to review the teeth, fill voids, and trim unnecessary parts.""",Geomagic DesignX,Prosthodontics,3D data analysis and accuracy assessment,in_vitro,"【判定】: INCLUDE
【判定理由】: 证据片段明确显示该研究自身使用了非牙科3D软件：""The digitized models were imported into software (Geomagic DesignX; 3D Systems, Rock Hill, SC, USA) to review the teeth, fill voids, and trim unnecessary parts.""
【软件】: Geomagic DesignX
【专科】: Prosthodontics
【应用场景】: 3D data analysis and accuracy assessment
【研究设计】: in_vitro"
layered deep learning for automatic mandibular segmentation in cone beam computed tomography,Layered deep learning for automatic mandibular segmentation in cone-beam computed tomography,JOURNAL OF DENTISTRY,journalArticle,A9DPU6MJ,Verhelst 等 - 2021 - Layered deep learning for automatic mandibular segmentation in cone-beam computed tomography.pdf,EXCLUDE,"该研究仅使用自研的 3D U-Net 深度学习算法（""Two convolutional networks using a 3D U-Net architecture were combined and deployed in a cloud-based artificial intelligence (AI) model""），证据片段中未出现任何该研究自己使用的具名第三方非牙科3D软件。",-,-,-,-,"【判定】: EXCLUDE
【判定理由】: 该研究仅使用自研的 3D U-Net 深度学习算法（""Two convolutional networks using a 3D U-Net architecture were combined and deployed in a cloud-based artificial intelligence (AI) model""），证据片段中未出现任何该研究自己使用的具名第三方非牙科3D软件。
【软件】: -
【专科】: -
【应用场景】: -
【研究设计】: -"
a 3d in vitro model of biphasic calcium phosphate bcp scaffold combined with human osteoblasts osteoclasts and endothelial cells as a platform to mimic the oral microenvironment for tissue regeneration,"A 3D in vitro model of biphasic calcium phosphate (BCP) scaffold combined with human osteoblasts, osteoclasts, and endothelial cells as a platform to mimic the oral microenvironment for tissue regeneration",JOURNAL OF DENTISTRY,journalArticle,4UA3PSB8,"Mandatori 等 - 2024 - A 3D in vitro model of biphasic calcium phosphate (BCP) scaffold combined with human osteoblasts, os.pdf",INCLUDE,"该研究自身在方法中使用具名第三方非牙科3D软件进行建模，原文明确写道""A virtual scaffold model was designed with a cylindrical outer geometry by using 3D CAD software (SolidEdge, Siemens PLM Software)""。",Solid Edge,Oral and Maxillofacial Surgery,Digital design and manufacturing,in_vitro,"【判定】: INCLUDE
【判定理由】: 该研究自身在方法中使用具名第三方非牙科3D软件进行建模，原文明确写道""A virtual scaffold model was designed with a cylindrical outer geometry by using 3D CAD software (SolidEdge, Siemens PLM Software)""。
【软件】: Solid Edge
【专科】: Oral and Maxillofacial Surgery
【应用场景】: Digital design and manufacturing
【研究设计】: in_vitro"
augmented reality of anatomical structures of the maxillomandibular complex for learning dental radiographic techniques,Augmented Reality of Anatomical Structures of the Maxillomandibular Complex for Learning Dental Radiographic Techniques,JOURNAL OF DENTAL EDUCATION,journalArticle,3DSGGH64,Piazza Willig 等 - 2025 - Augmented Reality of Anatomical Structures of the Maxillomandibular Complex for Learning Dental Radi.pdf,INCLUDE,"该研究自身在方法中使用 Meshmixer（Autodesk）构建三维患者模型，原文证据为 ""The STL files were imported into Meshmixer software (Autodesk, Mill Valley, CA, USA) to construct 3D models of the patient""。",Meshmixer,Dental Education,Digital design and manufacturing,technical_note,"【判定】: INCLUDE
【判定理由】: 该研究自身在方法中使用 Meshmixer（Autodesk）构建三维患者模型，原文证据为 ""The STL files were imported into Meshmixer software (Autodesk, Mill Valley, CA, USA) to construct 3D models of the patient""。
【软件】: Meshmixer
【专科】: Dental Education
【应用场景】: Digital design and manufacturing
【研究设计】: technical_note"
a straightforward protocol for designing an interim hollow shell with open source software,A straightforward protocol for designing an interim hollow shell with open-source software,JOURNAL OF DENTISTRY,journalArticle,28GE8FQS,Figueras-Alvarez 等 - 2021 - A straightforward protocol for designing an interim hollow shell with open-source software.pdf,EXCLUDE,"证据片段仅泛泛提及""open-source software""和""computer-aided design (CAD)""，未出现任何具名的第三方非牙科3D软件（如 Blender、Meshmixer 等）被该研究自己使用。",-,-,-,-,"【判定】: EXCLUDE
【判定理由】: 证据片段仅泛泛提及""open-source software""和""computer-aided design (CAD)""，未出现任何具名的第三方非牙科3D软件（如 Blender、Meshmixer 等）被该研究自己使用。
【软件】: -
【专科】: -
【应用场景】: -
【研究设计】: -"
intelligent virtual dental implant placement via 3d segmentation strategy,Intelligent Virtual Dental Implant Placement via 3D Segmentation Strategy,JOURNAL OF DENTAL RESEARCH,journalArticle,X97T8NRA,Cai 等 - Intelligent Virtual Dental Implant Placement via 3D Segmentation Strategy.pdf,EXCLUDE,"该研究仅使用自研的基于 nnU-Net 的分割模块和数学优化模块（""we developed a segmentation module based on nnU-Net""），未使用任何具名的第三方非牙科3D软件。",-,-,-,-,"【判定】: EXCLUDE
【判定理由】: 该研究仅使用自研的基于 nnU-Net 的分割模块和数学优化模块（""we developed a segmentation module based on nnU-Net""），未使用任何具名的第三方非牙科3D软件。
【软件】: -
【专科】: -
【应用场景】: -
【研究设计】: -"
trueness of artificial intelligence driven cbct tooth segmentation a comparative validation ex vivo pilot study,Trueness of artificial intelligence-driven CBCT tooth segmentation: A comparative validation ex vivo pilot study,JOURNAL OF DENTISTRY,journalArticle,ZQUSKV8U,Reymus 等 - 2026 - Trueness of artificial intelligence-driven CBCT tooth segmentation A comparative validation ex vivo.pdf,INCLUDE,"该研究自身在方法中使用了具名第三方非牙科3D软件 3D Slicer（""one open-source software (3D Slicer with DentalSegmentator)""）进行CBCT牙齿分割，并对其分割精度进行了评估。",3D Slicer,Oral and Maxillofacial Radiology,Image segmentation and 3D reconstruction,in_vitro,"【判定】: INCLUDE
【判定理由】: 该研究自身在方法中使用了具名第三方非牙科3D软件 3D Slicer（""one open-source software (3D Slicer with DentalSegmentator)""）进行CBCT牙齿分割，并对其分割精度进行了评估。
【软件】: 3D Slicer
【专科】: Oral and Maxillofacial Radiology
【应用场景】: Image segmentation and 3D reconstruction
【研究设计】: in_vitro"
effect of three different veneering techniques on the stress distribution and in vitro fatigue behavior of core veneer all ceramic fixed partial dentures,Effect of three different veneering techniques on the stress distribution and in vitro fatigue behavior of core-veneer all-ceramic fixed partial dentures.,"Journal of dental research, dental clinics, dental prospects",journalArticle,KCI2D4H9,Borges 等 - 2021 - Effect of three different veneering techniques on the stress distribution and in vitro fatigue behav.pdf,EXCLUDE,"证据片段仅提及""finite element analysis (FEA)""和""CAD/CAM workflow""等泛化概念，未出现任何该研究自身使用的具名第三方非牙科3D软件（如 ANSYS、ABAQUS、Mimics 等）。",-,-,-,-,"【判定】: EXCLUDE
【判定理由】: 证据片段仅提及""finite element analysis (FEA)""和""CAD/CAM workflow""等泛化概念，未出现任何该研究自身使用的具名第三方非牙科3D软件（如 ANSYS、ABAQUS、Mimics 等）。
【软件】: -
【专科】: -
【应用场景】: -
【研究设计】: -"
virtual 3d tooth creation for personized haptic simulation training in access cavity preparation,Virtual 3D tooth creation for personized haptic simulation training in access cavity preparation.,Journal of dental sciences,journalArticle,AGK8CVHH,Hsu 等 - 2022 - Virtual 3D tooth creation for personized haptic simulation training in access cavity preparation.pdf,INCLUDE,"证据片段明确显示该研究自身使用 3D Slicer 处理 CBCT 数据，原文为 ""In this report, 3DSlicer was used to segment #26 with root canals from CBCT by a Digital Imaging and Communications in Medicine (DICOM) file""。",3D Slicer,Endodontics,Image segmentation and 3D reconstruction,technical_note,"【判定】: INCLUDE
【判定理由】: 证据片段明确显示该研究自身使用 3D Slicer 处理 CBCT 数据，原文为 ""In this report, 3DSlicer was used to segment #26 with root canals from CBCT by a Digital Imaging and Communications in Medicine (DICOM) file""。
【软件】: 3D Slicer
【专科】: Endodontics
【应用场景】: Image segmentation and 3D reconstruction
【研究设计】: technical_note"
the influence of pontic distribution on the marginal and internal gaps of cad cam five unit anterior zirconia framework,The influence of pontic distribution on the marginal and internal gaps of CAD/CAM five-unit anterior zirconia framework.,Journal of dental sciences,journalArticle,UWH984BZ,Chang - 2024 - The influence of pontic distribution on the marginal and internal gaps of CADCAM five-unit anterior.pdf,INCLUDE,"证据片段显示该研究自身使用了非牙科3D软件，原文为""exported to a CAD software (Solidworks 2017, Dassault Syste`mes SolidWorks Corporation, Waltham, MA, USA) for constructing a 40 × 20 × 8 mm rectangular base""。",SolidWorks,Prosthodontics,Digital design and manufacturing,in_vitro,"【判定】: INCLUDE
【判定理由】: 证据片段显示该研究自身使用了非牙科3D软件，原文为""exported to a CAD software (Solidworks 2017, Dassault Syste`mes SolidWorks Corporation, Waltham, MA, USA) for constructing a 40 × 20 × 8 mm rectangular base""。
【软件】: SolidWorks
【专科】: Prosthodontics
【应用场景】: Digital design and manufacturing
【研究设计】: in_vitro"
application of real time augmented reality guided osteotomy and apex location in endodontic microsurgery a surgical simulation study based on 3d printed alveolar bone model,Application of Real-time Augmented Reality-guided Osteotomy and Apex Location in Endodontic Microsurgery: A Surgical Simulation Study Based on 3D-printed Alveolar Bone Model,JOURNAL OF ENDODONTICS,journalArticle,ZGJZZYG7,Chen 等 - 2023 - Application of Real-time Augmented Reality-guided Osteotomy and Apex Location in Endodontic Microsur.pdf,INCLUDE,"证据片段明确显示该研究自身使用了非牙科3D软件：""The acquired digital imaging and communications files were imported to Mimics software (V19.0; Materialise, Belgium) to process and reconstruct a virtual 3D model""。",Mimics,Endodontics,Image segmentation and 3D reconstruction,in_vitro,"【判定】: INCLUDE
【判定理由】: 证据片段明确显示该研究自身使用了非牙科3D软件：""The acquired digital imaging and communications files were imported to Mimics software (V19.0; Materialise, Belgium) to process and reconstruct a virtual 3D model""。
【软件】: Mimics
【专科】: Endodontics
【应用场景】: Image segmentation and 3D reconstruction
【研究设计】: in_vitro"
prediction of the bone volume for sinus augmentation through 3 dimensional analysis,Prediction of the bone volume for sinus augmentation through 3-dimensional analysis,JOURNAL OF DENTAL SCIENCES,journalArticle,MY7LE3CF,Park 等 - 2024 - Prediction of the bone volume for sinus augmentation through 3-dimensional analysis.pdf,INCLUDE,"该研究自身在材料与方法中使用具名第三方非牙科3D软件，原文明确写道""The AV was measured using the three-dimensional image processing program 3D Slicer""，且""implant DICOM files were imported into ITK-SNAP 4.0.1""。",3D Slicer; ITK-SNAP,Oral and Maxillofacial Surgery,Image segmentation and 3D reconstruction,clinical,"【判定】: INCLUDE
【判定理由】: 该研究自身在材料与方法中使用具名第三方非牙科3D软件，原文明确写道""The AV was measured using the three-dimensional image processing program 3D Slicer""，且""implant DICOM files were imported into ITK-SNAP 4.0.1""。
【软件】: 3D Slicer; ITK-SNAP
【专科】: Oral and Maxillofacial Surgery
【应用场景】: Image segmentation and 3D reconstruction
【研究设计】: clinical"
comparison of precision of implant placement between two different guided systems for static computer assisted implant surgery a simulation based experimental study,Comparison of precision of implant placement between two different guided systems for static computer-assisted implant surgery: A simulation-based experimental study,JOURNAL OF DENTAL SCIENCES,journalArticle,6CWVAMF6,Pattanasirikun 等 - 2024 - Comparison of precision of implant placement between two different guided systems for static compute.pdf,INCLUDE,"该研究自身在材料与方法中使用 Meshmixer（""imported into Meshmixer software version 3.5.474""）和 Netfabb（""imported into the Netfabb Premium 2020 software""）进行3D模型设计与处理。",Meshmixer; Netfabb,Implantology,Digital design and manufacturing,in_vitro,"【判定】: INCLUDE
【判定理由】: 该研究自身在材料与方法中使用 Meshmixer（""imported into Meshmixer software version 3.5.474""）和 Netfabb（""imported into the Netfabb Premium 2020 software""）进行3D模型设计与处理。
【软件】: Meshmixer; Netfabb
【专科】: Implantology
【应用场景】: Digital design and manufacturing
【研究设计】: in_vitro"
a novel approach to repositioning and stabilization of a luxated tooth with displacement using a 3d printed guide,A Novel Approach to Repositioning and Stabilization of a Luxated Tooth With Displacement Using a 3D Printed Guide,JOURNAL OF ENDODONTICS,journalArticle,MNH8ZML7,Jha 等 - 2022 - A Novel Approach to Repositioning and Stabilization of a Luxated Tooth With Displacement Using a 3D.pdf,EXCLUDE,"证据片段仅泛泛提及""a medical image processing software program""和""virtual planning software""，未给出任何具名的第三方非牙科3D软件名称，无法确认该研究自身使用了符合标准的具名软件。",-,-,-,-,"【判定】: EXCLUDE
【判定理由】: 证据片段仅泛泛提及""a medical image processing software program""和""virtual planning software""，未给出任何具名的第三方非牙科3D软件名称，无法确认该研究自身使用了符合标准的具名软件。
【软件】: -
【专科】: -
【应用场景】: -
【研究设计】: -"
3d superimposition of human dentition contours in personal identification a preliminary study,3D superimposition of human dentition contours in personal identification: A preliminary study,JOURNAL OF FORENSIC SCIENCES,journalArticle,T7FYF6BP,Yu 等 - 2024 - 3D superimposition of human dentition contours in personal identification A preliminary study.pdf,EXCLUDE,"证据片段仅提及""the application of the iterative nearest point (ICP) algorithm""，属于自研算法/方法，未出现任何具名的第三方非牙科3D软件被该研究自己使用。",-,-,-,-,"【判定】: EXCLUDE
【判定理由】: 证据片段仅提及""the application of the iterative nearest point (ICP) algorithm""，属于自研算法/方法，未出现任何具名的第三方非牙科3D软件被该研究自己使用。
【软件】: -
【专科】: -
【应用场景】: -
【研究设计】: -"
accuracy and efficiency of endodontic microsurgery assisted by dynamic navigation based on two different registration methods an in vitro study,Accuracy and Efficiency of Endodontic Microsurgery Assisted by Dynamic Navigation Based on Two Different Registration Methods: An In Vitro Study,JOURNAL OF ENDODONTICS,journalArticle,JRKEL5DC,Wang 等 - 2023 - Accuracy and Efficiency of Endodontic Microsurgery Assisted by Dynamic Navigation Based on Two Diffe.pdf,INCLUDE,"该研究自身在方法中使用具名第三方非牙科3D软件，原文明确写道""Osteotomy volume of each resection was calculated by Mimics 21.0""。",Mimics,Endodontics,3D data analysis and accuracy assessment,in_vitro,"【判定】: INCLUDE
【判定理由】: 该研究自身在方法中使用具名第三方非牙科3D软件，原文明确写道""Osteotomy volume of each resection was calculated by Mimics 21.0""。
【软件】: Mimics
【专科】: Endodontics
【应用场景】: 3D data analysis and accuracy assessment
【研究设计】: in_vitro"
automated detection of middle mesial canals in mandibular molars on cbct using nnu net a retrospective diagnostic accuracy study,Automated Detection of Middle Mesial Canals in Mandibular Molars on CBCT using nnU-Net: A Retrospective Diagnostic Accuracy Study.,Journal of endodontics,journalArticle,LC73M2WP,Turp 等 - 2026 - Automated Detection of Middle Mesial Canals in Mandibular Molars on CBCT using nnU-Net A Retrospect.pdf,INCLUDE,"该研究自身在材料与方法中使用 3D Slicer 创建手工分割掩膜，原文为 ""Ground truth segmentation masks were manually created using 3D Slicer software (version 5.8.1)""。",3D Slicer,Endodontics,Image segmentation and 3D reconstruction,computational,"【判定】: INCLUDE
【判定理由】: 该研究自身在材料与方法中使用 3D Slicer 创建手工分割掩膜，原文为 ""Ground truth segmentation masks were manually created using 3D Slicer software (version 5.8.1)""。
【软件】: 3D Slicer
【专科】: Endodontics
【应用场景】: Image segmentation and 3D reconstruction
【研究设计】: computational"
a slicer independent framework for measuring g code accuracy in medical 3d printing,A Slicer-Independent Framework for Measuring G-Code Accuracy in Medical 3D Printing.,Journal of imaging,journalArticle,QAMHCCD9,Beyer 等 - 2026 - A Slicer-Independent Framework for Measuring G-Code Accuracy in Medical 3D Printing..pdf,EXCLUDE,"该研究仅使用自研的 ""custom Python workflow"" 处理数据，未使用任何具名的第三方非牙科3D软件；所提及的 PrusaSlicer、Cura、Simplify3D、Slic3r、Fusion 360 均为切片软件而非用于3D数据处理/分析/建模/测量的第三方非牙科3D软件。",-,-,-,-,"【判定】: EXCLUDE
【判定理由】: 该研究仅使用自研的 ""custom Python workflow"" 处理数据，未使用任何具名的第三方非牙科3D软件；所提及的 PrusaSlicer、Cura、Simplify3D、Slic3r、Fusion 360 均为切片软件而非用于3D数据处理/分析/建模/测量的第三方非牙科3D软件。
【软件】: -
【专科】: -
【应用场景】: -
【研究设计】: -"
preclinical evaluation of a 3d printed hydroxyapatite poly lactic co glycolic acid scaffold for ridge augmentation,Preclinical evaluation of a 3D-printed hydroxyapatite/poly(lactic-co-glycolic acid) scaffold for ridge augmentation,JOURNAL OF THE FORMOSAN MEDICAL ASSOCIATION,journalArticle,ZAXSXJM9,Chang 等 - 2021 - Preclinical evaluation of a 3D-printed hydroxyapatitepoly(lactic-co-glycolic acid) scaffold for rid.pdf,INCLUDE,"该研究自身在材料与方法中使用具名第三方非牙科3D软件进行建模，原文明确写道""was designed using a computer-aided design software (123D Design, Autodesk Inc., San Raphael, CA, USA)""。",Autodesk 123D Design,Oral and Maxillofacial Surgery,Digital design and manufacturing,in_vitro,"【判定】: INCLUDE
【判定理由】: 该研究自身在材料与方法中使用具名第三方非牙科3D软件进行建模，原文明确写道""was designed using a computer-aided design software (123D Design, Autodesk Inc., San Raphael, CA, USA)""。
【软件】: Autodesk 123D Design
【专科】: Oral and Maxillofacial Surgery
【应用场景】: Digital design and manufacturing
【研究设计】: in_vitro"
development of semi automatic dental image segmentation workflows with root canal recognition for faster ground tooth acquisition,Development of Semi-Automatic Dental Image Segmentation Workflows with Root Canal Recognition for Faster Ground Tooth Acquisition.,Journal of imaging,journalArticle,Q36P232F,Abo El Ela和Badran - 2025 - Development of Semi-Automatic Dental Image Segmentation Workflows with Root Canal Recognition for Fa.pdf,INCLUDE,"该研究自身开发了两种半自动分割工作流，并明确""were developed to provide quicker acquisition of ground truth training data for deep learning models using 3D Slicer software version 5.8.1""，即自己使用了具名第三方非牙科3D软件 3D Slicer 进行图像分割。",3D Slicer,Endodontics,Image segmentation and 3D reconstruction,computational,"【判定】: INCLUDE
【判定理由】: 该研究自身开发了两种半自动分割工作流，并明确""were developed to provide quicker acquisition of ground truth training data for deep learning models using 3D Slicer software version 5.8.1""，即自己使用了具名第三方非牙科3D软件 3D Slicer 进行图像分割。
【软件】: 3D Slicer
【专科】: Endodontics
【应用场景】: Image segmentation and 3D reconstruction
【研究设计】: computational"
biomechanical effect of implant design on four implants supporting mandibular full arch fixed dentures in vitro test and finite element analysis,Biomechanical effect of implant design on four implants supporting mandibular full-arch fixed dentures: In vitro test and finite element analysis,JOURNAL OF THE FORMOSAN MEDICAL ASSOCIATION,journalArticle,4S9PAY5N,Wu 等 - 2020 - Biomechanical effect of implant design on four implants supporting mandibular full-arch fixed dentur.pdf,INCLUDE,"该研究自身在方法中使用""Mimics medical imaging software (version 15.0, Materialise)""进行CBCT三维重建，并使用""SolidWorks 2017""和""ANSYS Workbench""进行建模与有限元分析。",Mimics; SolidWorks; ANSYS Workbench,Implantology,Biomechanical analysis and simulation,computational,"【判定】: INCLUDE
【判定理由】: 该研究自身在方法中使用""Mimics medical imaging software (version 15.0, Materialise)""进行CBCT三维重建，并使用""SolidWorks 2017""和""ANSYS Workbench""进行建模与有限元分析。
【软件】: Mimics; SolidWorks; ANSYS Workbench
【专科】: Implantology
【应用场景】: Biomechanical analysis and simulation
【研究设计】: computational"
the integration of micro ct imaging and finite element simulations for modelling tooth inlay systems for mechanical stress analysis a preliminary study,The Integration of Micro-CT Imaging and Finite Element Simulations for Modelling Tooth-Inlay Systems for Mechanical Stress Analysis: A Preliminary Study,JOURNAL OF FUNCTIONAL BIOMATERIALS,journalArticle,QBWG7CKJ,Nikolova 等 - 2025 - The Integration of Micro-CT Imaging and Finite Element Simulations for Modelling Tooth-Inlay Systems.pdf,EXCLUDE,"抽取的证据片段仅涉及研究背景、摘要与工作流程描述（如""image segmentation and reconstruction""、""mesh generation""、""nonlinear FEA simulations""），未出现任何该研究自身使用的具名第三方非牙科3D软件名称。",-,-,-,-,"【判定】: EXCLUDE
【判定理由】: 抽取的证据片段仅涉及研究背景、摘要与工作流程描述（如""image segmentation and reconstruction""、""mesh generation""、""nonlinear FEA simulations""），未出现任何该研究自身使用的具名第三方非牙科3D软件名称。
【软件】: -
【专科】: -
【应用场景】: -
【研究设计】: -"
ai generated vs traditional stl models in cbct imaging a pilot study on measurements accuracy and reliability,AI-Generated vs. Traditional STL Models in CBCT Imaging: A Pilot Study on Measurements Accuracy and Reliability,JOURNAL OF IMAGING INFORMATICS IN MEDICINE,journalArticle,Y3QGEHSC,Ersalıcı 等 - 2025 - AI-Generated vs. Traditional STL Models in CBCT Imaging A Pilot Study on Measurements Accuracy and.pdf,INCLUDE,"摘要与证据片段明确显示该研究自身使用了非牙科3D软件 Mimics（""An AI algorithm and Mimics software were also used to generate STL images""），用于从CBCT生成STL模型并进行测量。",Mimics,Oral and Maxillofacial Radiology,Image segmentation and 3D reconstruction,computational,"【判定】: INCLUDE
【判定理由】: 摘要与证据片段明确显示该研究自身使用了非牙科3D软件 Mimics（""An AI algorithm and Mimics software were also used to generate STL images""），用于从CBCT生成STL模型并进行测量。
【软件】: Mimics
【专科】: Oral and Maxillofacial Radiology
【应用场景】: Image segmentation and 3D reconstruction
【研究设计】: computational"
comparative evaluation to study the effect of implant support on complete fixed dental prosthesis fabricated with peek framework when implants placed in all on 4 and all on 6 situation by strain gauge analysis and finite element analysis an in vitro study,"Comparative evaluation to study the effect of implant support on complete fixed dental prosthesis fabricated with peek framework when implants placed in all-on-4  and all-on-6 situation, by strain gauge analysis and finite element analysis - An  in vitro study.",Journal of Indian Prosthodontic Society,journalArticle,3IABES8D,Vinodh 等 - 2023 - Comparative evaluation to study the effect of implant support on complete fixed dental prosthesis fa.pdf,EXCLUDE,证据片段仅提及将DICOM转换为.stl格式并制作3D打印模型，以及使用有限元分析（FEA），但未出现任何具名的第三方非牙科3D软件（如Mimics、3D Slicer、ANSYS等）被该研究自己使用。,-,-,-,-,"【判定】: EXCLUDE
【判定理由】: 证据片段仅提及将DICOM转换为.stl格式并制作3D打印模型，以及使用有限元分析（FEA），但未出现任何具名的第三方非牙科3D软件（如Mimics、3D Slicer、ANSYS等）被该研究自己使用。
【软件】: -
【专科】: -
【应用场景】: -
【研究设计】: -"
analysis of micromovements and peri implant stresses and strains around ultra short implants a three dimensional finite element method study,Analysis of micromovements and peri-implant stresses and strains around ultra-short implants - A three-dimensional finite-element method study.,Journal of Indian Society of Periodontology,journalArticle,EU82CKXQ,Sumra 等 - 2021 - Analysis of micromovements and peri-implant stresses and strains around ultra-short implants – A thr.pdf,INCLUDE,"该研究自身在材料与方法中使用具名第三方非牙科3D软件，原文明确写道""The models were then analyzed using the program ANSYS workbench version 12.1""及""all the values were calculated using ANSYS 12.1 modeling analyses software""。",ANSYS,Periodontology,Biomechanical analysis and simulation,computational,"【判定】: INCLUDE
【判定理由】: 该研究自身在材料与方法中使用具名第三方非牙科3D软件，原文明确写道""The models were then analyzed using the program ANSYS workbench version 12.1""及""all the values were calculated using ANSYS 12.1 modeling analyses software""。
【软件】: ANSYS
【专科】: Periodontology
【应用场景】: Biomechanical analysis and simulation
【研究设计】: computational"
stress distribution and axial force under different filing parameters during root canal preparation an in vitro fea and experimental study,Stress distribution and axial force under different filing parameters during root canal preparation: An in vitro FEA and experimental study.,Journal of the mechanical behavior of biomedical materials,journalArticle,BBZVVUEG,Wu 等 - 2026 - Stress distribution and axial force under different filing parameters during root canal preparation.pdf,INCLUDE,"摘要与全文中明确写明""the explicit dynamics method of ABAQUS software is employed to simulate the contact stress and axial force""，即该研究自身使用 ABAQUS 进行有限元建模与应力分析。",ABAQUS,Endodontics,Biomechanical analysis and simulation,in_vitro,"【判定】: INCLUDE
【判定理由】: 摘要与全文中明确写明""the explicit dynamics method of ABAQUS software is employed to simulate the contact stress and axial force""，即该研究自身使用 ABAQUS 进行有限元建模与应力分析。
【软件】: ABAQUS
【专科】: Endodontics
【应用场景】: Biomechanical analysis and simulation
【研究设计】: in_vitro"
effect of different restorative materials on stress distribution around dental implants,Effect of Different Restorative Materials on Stress Distribution around Dental Implants.,Journal of long-term effects of medical implants,journalArticle,RSUECYHG,Hejazi 等 - 2025 - Effect of Different Restorative Materials on Stress Distribution around Dental Implants.pdf,INCLUDE,"该研究自身在材料与方法中使用具名第三方非牙科3D软件，原文明确写道""Catia (v5-6r2019) and Geomagic Design (X 2020) were used for the reverse engineering process""以及""ANSYS software (version 19.2) is used for both meshing and simulating""。",CATIA; Geomagic Design; ANSYS,Implantology,Biomechanical analysis and simulation,computational,"【判定】: INCLUDE
【判定理由】: 该研究自身在材料与方法中使用具名第三方非牙科3D软件，原文明确写道""Catia (v5-6r2019) and Geomagic Design (X 2020) were used for the reverse engineering process""以及""ANSYS software (version 19.2) is used for both meshing and simulating""。
【软件】: CATIA; Geomagic Design; ANSYS
【专科】: Implantology
【应用场景】: Biomechanical analysis and simulation
【研究设计】: computational"
stress distribution in endodontically treated external cervical resorption lesions restored with mta and biodentine a finite element analysis,Stress distribution in endodontically treated external cervical resorption lesions restored with MTA and biodentine - A finite element analysis.,Journal of oral biology and craniofacial research,journalArticle,ZF8KYU3K,Manaktala 等 - 2024 - Stress distribution in endodontically treated external cervical resorption lesions restored with MTA.pdf,INCLUDE,"该研究自身在材料与方法中使用有限元分析软件 Optistruct 进行应力分布分析，原文明确写道 ""subjected to FEA using Optistruct software""。",Optistruct,Endodontics,Biomechanical analysis and simulation,computational,"【判定】: INCLUDE
【判定理由】: 该研究自身在材料与方法中使用有限元分析软件 Optistruct 进行应力分布分析，原文明确写道 ""subjected to FEA using Optistruct software""。
【软件】: Optistruct
【专科】: Endodontics
【应用场景】: Biomechanical analysis and simulation
【研究设计】: computational"
powerscope 2 functional appliance a 3d finite element simulation of its action on the mandible,PowerScope 2 functional appliance: A 3D finite element simulation of its action on the mandible.,Journal of oral biology and craniofacial research,journalArticle,SQ3JDDN7,Al Hamdany 等 - 2023 - PowerScope 2 functional appliance A 3D finite element simulation of its action on the mandible.pdf,INCLUDE,该研究自身在材料与方法中使用 AutoCAD (2010) 创建下颌骨3D模型，并上传至 Autodesk Inventor Professional (2020) 进行有限元分析，均为具名的第三方非牙科3D软件。,AutoCAD; Autodesk Inventor,Orthodontics,Biomechanical analysis and simulation,computational,"【判定】: INCLUDE
【判定理由】: 该研究自身在材料与方法中使用 AutoCAD (2010) 创建下颌骨3D模型，并上传至 Autodesk Inventor Professional (2020) 进行有限元分析，均为具名的第三方非牙科3D软件。
【软件】: AutoCAD; Autodesk Inventor
【专科】: Orthodontics
【应用场景】: Biomechanical analysis and simulation
【研究设计】: computational"
biomechanical simulation of segmented intrusion of a mandibular canine using robot orthodontic measurement simulation system ross,Biomechanical simulation of segmented intrusion of a mandibular canine using Robot Orthodontic Measurement & Simulation System (ROSS),JOURNAL OF THE MECHANICAL BEHAVIOR OF BIOMEDICAL MATERIALS,journalArticle,G2CIWA2W,Sabbagh 等 - 2024 - Biomechanical simulation of segmented intrusion of a mandibular canine using Robot Orthodontic Measu.pdf,INCLUDE,"该研究自身在材料与方法中使用多个具名第三方非牙科3D软件处理3D数据，如""using 3D CAD software (Autodesk Inventor Professional, 2023)""、""using specialized software (Autodesk Meshmixer Version 3.5)""以及""matched to the sensor structure in the open-source system MeshLab""。",Autodesk Inventor Professional; Autodesk Meshmixer; MeshLab,Orthodontics,Biomechanical analysis and simulation,in_vitro,"【判定】: INCLUDE
【判定理由】: 该研究自身在材料与方法中使用多个具名第三方非牙科3D软件处理3D数据，如""using 3D CAD software (Autodesk Inventor Professional, 2023)""、""using specialized software (Autodesk Meshmixer Version 3.5)""以及""matched to the sensor structure in the open-source system MeshLab""。
【软件】: Autodesk Inventor Professional; Autodesk Meshmixer; MeshLab
【专科】: Orthodontics
【应用场景】: Biomechanical analysis and simulation
【研究设计】: in_vitro"
influence of scanner precision and analysis software in quantifying three dimensional intraoral changes two factor factorial experimental design,Influence of Scanner Precision and Analysis Software in Quantifying Three-Dimensional Intraoral Changes: Two-Factor Factorial Experimental Design,JOURNAL OF MEDICAL INTERNET RESEARCH,journalArticle,R4F9LK9P,O'Toole 等 - 2020 - Influence of Scanner Precision and Analysis Software in Quantifying Three-Dimensional Intraoral Chan.pdf,INCLUDE,"该研究自身在方法中使用工程软件 Geomagic Control（""analyzed using the engineering software Geomagic Control (3D Systems, Germany)""）对3D扫描数据进行定量分析。",Geomagic Control,Restorative Dentistry,3D data analysis and accuracy assessment,in_vitro,"【判定】: INCLUDE
【判定理由】: 该研究自身在方法中使用工程软件 Geomagic Control（""analyzed using the engineering software Geomagic Control (3D Systems, Germany)""）对3D扫描数据进行定量分析。
【软件】: Geomagic Control
【专科】: Restorative Dentistry
【应用场景】: 3D data analysis and accuracy assessment
【研究设计】: in_vitro"
evaluation of stress in the maxillary complex of a unilateral cleft lip and palate on simulated occlusal loading using finite element analysis,Evaluation of Stress in the Maxillary Complex of a Unilateral Cleft Lip and Palate on Simulated Occlusal Loading Using Finite Element Analysis.,Journal of maxillofacial and oral surgery,journalArticle,2YGJ6PCB,Williams 等 - 2025 - Evaluation of Stress in the Maxillary Complex of a Unilateral Cleft Lip and Palate on Simulated Occl.pdf,INCLUDE,"该研究自身在材料与方法中使用了具名第三方非牙科3D软件，原文明确写道""ANSYS™ 14.0 and MIMICS™ software were used for the same""，用于从CT图像构建上颌复合体三维有限元模型并进行应力分析。",ANSYS; MIMICS,Oral and Maxillofacial Surgery,Biomechanical analysis and simulation,computational,"【判定】: INCLUDE
【判定理由】: 该研究自身在材料与方法中使用了具名第三方非牙科3D软件，原文明确写道""ANSYS™ 14.0 and MIMICS™ software were used for the same""，用于从CT图像构建上颌复合体三维有限元模型并进行应力分析。
【软件】: ANSYS; MIMICS
【专科】: Oral and Maxillofacial Surgery
【应用场景】: Biomechanical analysis and simulation
【研究设计】: computational"
effect of different implant abutment mismatches on stress distribution a 3 dimensional finite element study,Effect of Different Implant-Abutment Mismatches on Stress Distribution: A 3-Dimensional Finite Element Study,JOURNAL OF ORAL IMPLANTOLOGY,journalArticle,J277RC4P,Esfahanian 等 - 2022 - Effect of Different Implant-Abutment Mismatches on Stress Distribution A 3-Dimensional Finite Eleme.pdf,INCLUDE,"该研究自身在材料与方法中使用具名第三方非牙科3D软件，原文明确写道""3D modeling software (SolidWorks 2019, SolidWorks Corp, Waltham, MA, USA) was used in this FEA study""以及""Collected data were analyzed using CATIA software""。",SolidWorks; CATIA,Implantology,Biomechanical analysis and simulation,computational,"【判定】: INCLUDE
【判定理由】: 该研究自身在材料与方法中使用具名第三方非牙科3D软件，原文明确写道""3D modeling software (SolidWorks 2019, SolidWorks Corp, Waltham, MA, USA) was used in this FEA study""以及""Collected data were analyzed using CATIA software""。
【软件】: SolidWorks; CATIA
【专科】: Implantology
【应用场景】: Biomechanical analysis and simulation
【研究设计】: computational"
patient specific subperiostealtitanium implant for maxillary reconstruction following oncologic resection a one year follow up case report,Patient-Specific SubperiostealTitanium Implant for Maxillary Reconstruction Following Oncologic Resection: A One-Year Follow-Up Case Report,JOURNAL OF ORAL IMPLANTOLOGY,journalArticle,M78JJLDC,Gerçek 等 - 2025 - Patient-Specific Subperiosteal Titanium Implant for Maxillary Reconstruction Following Oncologic Res.pdf,EXCLUDE,"证据片段仅泛泛提及""virtual surgical planning (VSP), stereolithographic (STL) models, and CAD/CAM technology""，未出现任何具名的第三方非牙科3D软件被该研究自己使用。",-,-,-,-,"【判定】: EXCLUDE
【判定理由】: 证据片段仅泛泛提及""virtual surgical planning (VSP), stereolithographic (STL) models, and CAD/CAM technology""，未出现任何具名的第三方非牙科3D软件被该研究自己使用。
【软件】: -
【专科】: -
【应用场景】: -
【研究设计】: -"
cad cam for removable partial denture fabrication after marginal mandibulectomy based on a well adjusted pre existing denture,CAD-CAM for removable partial denture fabrication after marginal mandibulectomy based on a well-adjusted pre-existing denture.,Journal of oral science,journalArticle,WY7HU9GF,Alkrayem 等 - 2024 - CAD-CAM for removable partial denture fabrication after marginal mandibulectomy based on a well-adju.pdf,INCLUDE,"证据片段明确显示该研究自身使用了非牙科3D软件：""the three-dimensional (3D) modeling software (Meshmixer, Autodesk Inc., San Francisco, CA, USA) and (Blender; Blender Foundation, Amsterdam, Netherlands) were used for the other""。",Meshmixer; Blender,Prosthodontics,Digital design and manufacturing,case_report,"【判定】: INCLUDE
【判定理由】: 证据片段明确显示该研究自身使用了非牙科3D软件：""the three-dimensional (3D) modeling software (Meshmixer, Autodesk Inc., San Francisco, CA, USA) and (Blender; Blender Foundation, Amsterdam, Netherlands) were used for the other""。
【软件】: Meshmixer; Blender
【专科】: Prosthodontics
【应用场景】: Digital design and manufacturing
【研究设计】: case_report"
three dimensional evaluation of maxillary second molar position in untreated patients with normal occlusion,Three-dimensional evaluation of maxillary second molar position in untreated patients with normal occlusion,JOURNAL OF OROFACIAL ORTHOPEDICS-FORTSCHRITTE DER KIEFERORTHOPADIE,journalArticle,ESG5XPH2,Goracci 等 - 2022 - Three-dimensional evaluation of maxillary second molar position in untreated patients with normal oc.pdf,INCLUDE,"该研究自身在材料与方法中使用 3D Slicer 进行三维测量，原文明确写道 ""Digital measurements were recorded with the open source software 3D Slicer"" 以及 ""The 3D surface model (.stl file) was loaded into 3DSlicer""。",3D Slicer,Orthodontics,3D data analysis and accuracy assessment,clinical,"【判定】: INCLUDE
【判定理由】: 该研究自身在材料与方法中使用 3D Slicer 进行三维测量，原文明确写道 ""Digital measurements were recorded with the open source software 3D Slicer"" 以及 ""The 3D surface model (.stl file) was loaded into 3DSlicer""。
【软件】: 3D Slicer
【专科】: Orthodontics
【应用场景】: 3D data analysis and accuracy assessment
【研究设计】: clinical"
accuracy of impressions for multiple implants a comparative study of digital and conventional techniques,Accuracy of impressions for multiple implants: A comparative study of digital and conventional techniques.,The Journal of prosthetic dentistry,journalArticle,EW2C8XGG,Lyu 等 - 2022 - Accuracy of impressions for multiple implants A comparative study of digital and conventional techn.pdf,EXCLUDE,"证据片段仅提到""imported to a metrology software program""，未给出任何具名的第三方非牙科3D软件名称；文中出现的具名软件（3Shape D800 Scanner、3Shape TRIOS Scanner 2）均为牙科专用设备/软件，不符合纳入标准。",-,-,-,-,"【判定】: EXCLUDE
【判定理由】: 证据片段仅提到""imported to a metrology software program""，未给出任何具名的第三方非牙科3D软件名称；文中出现的具名软件（3Shape D800 Scanner、3Shape TRIOS Scanner 2）均为牙科专用设备/软件，不符合纳入标准。
【软件】: -
【专科】: -
【应用场景】: -
【研究设计】: -"
accuracy of three dimensional soft tissue prediction considering the facial aesthetic units using a virtual planning system in orthognathic surgery,Accuracy of Three-Dimensional Soft-Tissue Prediction Considering the Facial Aesthetic Units Using a Virtual Planning System in Orthognathic Surgery,JOURNAL OF PERSONALIZED MEDICINE,journalArticle,36T3IZ5W,Awad 等 - 2022 - Accuracy of Three-Dimensional Soft-Tissue Prediction Considering the Facial Aesthetic Units Using a.pdf,INCLUDE,"该研究自身在材料与方法中使用工程软件 Geomagic Control X 处理3D数据，原文明确写道""the soft-tissue simulation, done by the VSP was exported as STL files in the engineering software Geomagic Control X""。",Geomagic Control X,Orthodontics,3D data analysis and accuracy assessment,clinical,"【判定】: INCLUDE
【判定理由】: 该研究自身在材料与方法中使用工程软件 Geomagic Control X 处理3D数据，原文明确写道""the soft-tissue simulation, done by the VSP was exported as STL files in the engineering software Geomagic Control X""。
【软件】: Geomagic Control X
【专科】: Orthodontics
【应用场景】: 3D data analysis and accuracy assessment
【研究设计】: clinical"
a novel digital technique for measuring the accuracy of an indirect bonding technique using fixed buccal multibracket appliances,A Novel Digital Technique for Measuring the Accuracy of an Indirect Bonding Technique Using Fixed Buccal Multibracket Appliances,JOURNAL OF PERSONALIZED MEDICINE,journalArticle,ZV568RJY,Faus-Matoses 等 - 2021 - A Novel Digital Technique for Measuring the Accuracy of an Indirect Bonding Technique Using Fixed Bu.pdf,EXCLUDE,"证据片段中仅提及使用牙科专用软件""orthodontic planning software (Ortho Analyzer, 3Shape)""及自研的""customized iterative closest point algorithm""，未出现该研究自身使用的具名第三方非牙科3D软件。",-,-,-,-,"【判定】: EXCLUDE
【判定理由】: 证据片段中仅提及使用牙科专用软件""orthodontic planning software (Ortho Analyzer, 3Shape)""及自研的""customized iterative closest point algorithm""，未出现该研究自身使用的具名第三方非牙科3D软件。
【软件】: -
【专科】: -
【应用场景】: -
【研究设计】: -"
fully digital workflow for duplicating clasp retained removable partial dentures using three dimensional printing a clinical report,Fully digital workflow for duplicating clasp-retained removable partial dentures using three-dimensional printing: A clinical report.,The Journal of prosthetic dentistry,journalArticle,SHU8ZH2B,Song 等 - 2025 - Fully digital workflow for duplicating clasp-retained removable partial dentures using three-dimensi.pdf,INCLUDE,"该研究自身在方法中使用具名第三方非牙科3D软件 Meshmixer（Autodesk）进行扫描数据对齐与偏移处理，原文为""aligned with the intraoral scan data to unify the physical space position in a free software program (Meshmixer; Autodesk)""及""offset by 0.2 mm in a CAD software program (Meshmixer)""。",Meshmixer,Prosthodontics,Digital design and manufacturing,case_report,"【判定】: INCLUDE
【判定理由】: 该研究自身在方法中使用具名第三方非牙科3D软件 Meshmixer（Autodesk）进行扫描数据对齐与偏移处理，原文为""aligned with the intraoral scan data to unify the physical space position in a free software program (Meshmixer; Autodesk)""及""offset by 0.2 mm in a CAD software program (Meshmixer)""。
【软件】: Meshmixer
【专科】: Prosthodontics
【应用场景】: Digital design and manufacturing
【研究设计】: case_report"
computer aided design and 3d fabrication of a segmented silicone obturator rpd prosthesis for rehabilitating maxillary defects,Computer-aided design and 3D fabrication of a segmented silicone obturator-RPD prosthesis for rehabilitating maxillary defects.,The Journal of prosthetic dentistry,journalArticle,C465U7B6,Wang 等 - 2026 - Computer-aided design and 3D fabrication of a segmented silicone obturator-RPD prosthesis for rehabi.pdf,INCLUDE,"该技术说明自身在方法中使用具名第三方非牙科3D软件，原文明确""Defect margin delineation and prosthesis design were performed using Geomagic Studio 2013 and SolidWorks 2012 software programs""，并""Reconstruct the data in a software program (Mimics 10.01; Materialise)""。",Mimics; Geomagic Studio; SolidWorks,Prosthodontics,Digital design and manufacturing,technical_note,"【判定】: INCLUDE
【判定理由】: 该技术说明自身在方法中使用具名第三方非牙科3D软件，原文明确""Defect margin delineation and prosthesis design were performed using Geomagic Studio 2013 and SolidWorks 2012 software programs""，并""Reconstruct the data in a software program (Mimics 10.01; Materialise)""。
【软件】: Mimics; Geomagic Studio; SolidWorks
【专科】: Prosthodontics
【应用场景】: Digital design and manufacturing
【研究设计】: technical_note"
three dimensional macroscopical quantification of plaque accumulation on implant supported fixed complete dental prostheses surfaces a methodological pilot study,Three-dimensional macroscopical quantification of plaque accumulation on implant-supported fixed complete dental prostheses surfaces: A methodological  pilot study.,The Journal of prosthetic dentistry,journalArticle,26W6AMTX,Jia 等 - 2022 - Three-dimensional macroscopical quantification of plaque accumulation on implant-supported fixed com.pdf,INCLUDE,"该研究自身在材料与方法中使用具名第三方非牙科3D软件进行3D数据处理与建模，如""carved out along the sagittal plane (Fig. 2) with a computer-assisted design (CAD) software program (Siemens PLM NX, 12.0.2.9-MP14, Autodesk PowerShape Ultimate 2017 SP6, 17.1.36)""，并用""ImageJ (version 1.52a; National Institutes of Health)""进行测量。",Siemens PLM NX; Autodesk PowerShape; ImageJ,Prosthodontics,3D data analysis and accuracy assessment,in_vitro,"【判定】: INCLUDE
【判定理由】: 该研究自身在材料与方法中使用具名第三方非牙科3D软件进行3D数据处理与建模，如""carved out along the sagittal plane (Fig. 2) with a computer-assisted design (CAD) software program (Siemens PLM NX, 12.0.2.9-MP14, Autodesk PowerShape Ultimate 2017 SP6, 17.1.36)""，并用""ImageJ (version 1.52a; National Institutes of Health)""进行测量。
【软件】: Siemens PLM NX; Autodesk PowerShape; ImageJ
【专科】: Prosthodontics
【应用场景】: 3D data analysis and accuracy assessment
【研究设计】: in_vitro"
scanning accuracy of nondental structured light extraoral scanners compared with that of a dental specific scanner,Scanning accuracy of nondental structured light extraoral scanners compared with that of a dental-specific scanner.,The Journal of prosthetic dentistry,journalArticle,JVZTWR93,Piedra-Cascón 等 - 2021 - Scanning accuracy of nondental structured light extraoral scanners compared with that of a dental-sp.pdf,INCLUDE,"该研究自身在材料与方法中使用开源软件 CloudCompare 进行扫描精度分析，原文明确写道 ""by using an open-source software (CloudCompare v.2.6.1; CloudCompare) and the iterative closest point technique""。",CloudCompare,Prosthodontics,3D data analysis and accuracy assessment,in_vitro,"【判定】: INCLUDE
【判定理由】: 该研究自身在材料与方法中使用开源软件 CloudCompare 进行扫描精度分析，原文明确写道 ""by using an open-source software (CloudCompare v.2.6.1; CloudCompare) and the iterative closest point technique""。
【软件】: CloudCompare
【专科】: Prosthodontics
【应用场景】: 3D data analysis and accuracy assessment
【研究设计】: in_vitro"
accuracy evaluation of dual function scan body for recording complete arch implant supported prostheses,Accuracy evaluation of dual-function scan body for recording complete arch implant-supported prostheses.,The Journal of prosthetic dentistry,journalArticle,LRABR3D6,Veríssimo 等 - 2026 - Accuracy evaluation of dual-function scan body for recording complete arch implant-supported prosthe.pdf,INCLUDE,"该研究自身在材料与方法中使用 GOM Inspect 进行测量（""Interimplant distances and 3D angulations (X, Y, and Z axes) were evaluated using an inspection software program (GOM Inspect)""），并使用 InVesalius 进行虚拟重建（""a free medical software program for virtual reconstruction of anatomical structures (InVesalius...)""）。",GOM Inspect; InVesalius,Prosthodontics,3D data analysis and accuracy assessment,in_vitro,"【判定】: INCLUDE
【判定理由】: 该研究自身在材料与方法中使用 GOM Inspect 进行测量（""Interimplant distances and 3D angulations (X, Y, and Z axes) were evaluated using an inspection software program (GOM Inspect)""），并使用 InVesalius 进行虚拟重建（""a free medical software program for virtual reconstruction of anatomical structures (InVesalius...)""）。
【软件】: GOM Inspect; InVesalius
【专科】: Prosthodontics
【应用场景】: 3D data analysis and accuracy assessment
【研究设计】: in_vitro"
design and fabrication of an interim fi xed restoration with an open source nondental cad software program and additive manufacturing a technical report,Design and fabrication of an interim fi xed restoration with an open-source nondental CAD software program and additive manufacturing: A technical report,JOURNAL OF PROSTHETIC DENTISTRY,journalArticle,9Q6DIK59,Pişkin 等 - 2024 - Design and fabrication of an interim fixed restoration with an open-source nondental CAD software pr.pdf,INCLUDE,"该技术报告自身在方法中使用具名非牙科开源CAD软件，证据片段明确记载 ""using the path 'File>Import>STL' of the nondental CAD software program (Blender 3.0.0; Blender Foundation)""。",Blender,Prosthodontics,Digital design and manufacturing,technical_note,"【判定】: INCLUDE
【判定理由】: 该技术报告自身在方法中使用具名非牙科开源CAD软件，证据片段明确记载 ""using the path 'File>Import>STL' of the nondental CAD software program (Blender 3.0.0; Blender Foundation)""。
【软件】: Blender
【专科】: Prosthodontics
【应用场景】: Digital design and manufacturing
【研究设计】: technical_note"
does partial adhesive preparation design and finish line depth influence trueness and precision of intraoral scanners,Does partial adhesive preparation design and finish line depth influence trueness and precision of intraoral scanners?,The Journal of prosthetic dentistry,journalArticle,G3EFXBN7,Baldi 等 - 2023 - Does partial adhesive preparation design and finish line depth influence trueness and precision of i.pdf,INCLUDE,"该研究自身在材料与方法中将STL文件导入第三方逆向工程软件进行对齐和3D表面分析，原文为""The obtained STL ﬁles were imported into a reverse-engineering computer program (Geomagic Studio 12; 3D Systems) to align and analyze the 3D surfaces""。",Geomagic Studio 12,Prosthodontics,3D data analysis and accuracy assessment,in_vitro,"【判定】: INCLUDE
【判定理由】: 该研究自身在材料与方法中将STL文件导入第三方逆向工程软件进行对齐和3D表面分析，原文为""The obtained STL ﬁles were imported into a reverse-engineering computer program (Geomagic Studio 12; 3D Systems) to align and analyze the 3D surfaces""。
【软件】: Geomagic Studio 12
【专科】: Prosthodontics
【应用场景】: 3D data analysis and accuracy assessment
【研究设计】: in_vitro"
effect of scan body designs and internal conical angles on the 3 dimensional accuracy of implant digital scans,Effect of scan body designs and internal conical angles on the 3-dimensional accuracy of implant digital scans.,The Journal of prosthetic dentistry,journalArticle,R7GEJ225,Park 等 - 2024 - Effect of scan body designs and internal conical angles on the 3-dimensional accuracy of implant dig.pdf,INCLUDE,"该研究自身在材料与方法中使用具名第三方非牙科3D软件进行测量与分析，如""an inspection software program (Geomagic Control X; 3D Systems)""及""computational software program (Calypso; Zeiss)""用于计算植入物三维坐标。",Geomagic Control X; Calypso,Prosthodontics,3D data analysis and accuracy assessment,in_vitro,"【判定】: INCLUDE
【判定理由】: 该研究自身在材料与方法中使用具名第三方非牙科3D软件进行测量与分析，如""an inspection software program (Geomagic Control X; 3D Systems)""及""computational software program (Calypso; Zeiss)""用于计算植入物三维坐标。
【软件】: Geomagic Control X; Calypso
【专科】: Prosthodontics
【应用场景】: 3D data analysis and accuracy assessment
【研究设计】: in_vitro"
accuracy of scanning using photogrammetry and reverse scan for complete arch implant supported prostheses an in vitro comparative study,Accuracy of scanning using photogrammetry and reverse scan for complete arch implant-supported prostheses: An in vitro comparative study.,The Journal of prosthetic dentistry,journalArticle,9SDX4TPK,Farid 等 - 2026 - Accuracy of scanning using photogrammetry and reverse scan for complete arch implant-supported prost.pdf,INCLUDE,"该研究自身在材料与方法中使用具名第三方非牙科3D软件进行3D比对分析，原文明确写道""By using metrology and a 3D inspection software program (Geomagic Control X; 3D systems)""。",Geomagic Control X,Prosthodontics,3D data analysis and accuracy assessment,in_vitro,"【判定】: INCLUDE
【判定理由】: 该研究自身在材料与方法中使用具名第三方非牙科3D软件进行3D比对分析，原文明确写道""By using metrology and a 3D inspection software program (Geomagic Control X; 3D systems)""。
【软件】: Geomagic Control X
【专科】: Prosthodontics
【应用场景】: 3D data analysis and accuracy assessment
【研究设计】: in_vitro"
micro ct analysis of marginal and internal fit of milled and pressed polyetheretherketone single crowns,Micro-CT analysis of marginal and internal fit of milled and pressed polyetheretherketone single crowns,JOURNAL OF PROSTHETIC DENTISTRY,journalArticle,SV83KBN8,Attia 等 - 2023 - Micro-CT analysis of marginal and internal fit of milled and pressed polyetheretherketone single cro.pdf,EXCLUDE,证据片段中仅出现牙科专用软件（DWOS V.8; Dental Wings）及统计软件（G*Power），未提及该研究自身使用任何具名的第三方非牙科3D软件；mCT仅用于测量，未涉及非牙科3D软件处理。,-,-,-,-,"【判定】: EXCLUDE
【判定理由】: 证据片段中仅出现牙科专用软件（DWOS V.8; Dental Wings）及统计软件（G*Power），未提及该研究自身使用任何具名的第三方非牙科3D软件；mCT仅用于测量，未涉及非牙科3D软件处理。
【软件】: -
【专科】: -
【应用场景】: -
【研究设计】: -"
accelerated denture base festooning using a free 3d modeling computer program a dental technique,Accelerated denture base festooning using a free 3D modeling computer program: A dental technique,JOURNAL OF PROSTHETIC DENTISTRY,journalArticle,SA3TBA8Z,Azpiazu-Flores 等 - 2024 - Accelerated denture base festooning using a free 3D modeling computer program A dental technique..pdf,INCLUDE,"该技术说明在方法中明确写道""Import the digital file of the denture base to be festooned to a CAD program (Meshmixer; AutoCad)""，即研究自身使用了具名第三方非牙科3D软件 Meshmixer 和 AutoCAD 进行义齿基托的三维建模处理。",Meshmixer; AutoCAD,Prosthodontics,Digital design and manufacturing,technical_note,"【判定】: INCLUDE
【判定理由】: 该技术说明在方法中明确写道""Import the digital file of the denture base to be festooned to a CAD program (Meshmixer; AutoCad)""，即研究自身使用了具名第三方非牙科3D软件 Meshmixer 和 AutoCAD 进行义齿基托的三维建模处理。
【软件】: Meshmixer; AutoCAD
【专科】: Prosthodontics
【应用场景】: Digital design and manufacturing
【研究设计】: technical_note"
topology design and structural optimization of co cr frameworks for implant supported prostheses,Topology design and structural optimization of Co-Cr frameworks for implant-supported prostheses,JOURNAL OF PROSTHETIC DENTISTRY,journalArticle,ULYRP2VM,Özden 等 - 2026 - Topology design and structural optimization of Co-Cr frameworks for implant-supported prostheses.pdf,INCLUDE,"该研究自身在材料与方法中使用具名第三方非牙科3D软件，如""using a 3-dimensional design program (Ansys SpaceClaim 2022 R1; ANSYS Inc)""及""imported into a topology optimization software program (nTop 5.13.2; nTopology Inc)""。",ANSYS SpaceClaim; nTop,Prosthodontics,Biomechanical analysis and simulation,computational,"【判定】: INCLUDE
【判定理由】: 该研究自身在材料与方法中使用具名第三方非牙科3D软件，如""using a 3-dimensional design program (Ansys SpaceClaim 2022 R1; ANSYS Inc)""及""imported into a topology optimization software program (nTop 5.13.2; nTopology Inc)""。
【软件】: ANSYS SpaceClaim; nTop
【专科】: Prosthodontics
【应用场景】: Biomechanical analysis and simulation
【研究设计】: computational"
complete arch digital implant scan accuracy with screw retained or snap on scan bodies a comparative in vitro study,Complete arch digital implant scan accuracy with screw-retained or snap-on scan bodies: A comparative in vitro study,JOURNAL OF PROSTHETIC DENTISTRY,journalArticle,E7QLY3AY,Arcuri 等 - 2025 - Complete arch digital implant scan accuracy with screw-retained or snap-on scan bodies A comparativ.pdf,INCLUDE,"该研究自身在材料与方法中使用第三方非牙科3D软件处理数据，如""best-fit alignment using a dedicated software program (MeshMixer; Autodesk Inc)""及""imported into a metrology software program (Hyper Cad S; Open Mind Technologies AG)""。",MeshMixer; Hyper Cad S,Prosthodontics,3D data analysis and accuracy assessment,in_vitro,"【判定】: INCLUDE
【判定理由】: 该研究自身在材料与方法中使用第三方非牙科3D软件处理数据，如""best-fit alignment using a dedicated software program (MeshMixer; Autodesk Inc)""及""imported into a metrology software program (Hyper Cad S; Open Mind Technologies AG)""。
【软件】: MeshMixer; Hyper Cad S
【专科】: Prosthodontics
【应用场景】: 3D data analysis and accuracy assessment
【研究设计】: in_vitro"
evaluation of two printing techniques for maxillary removable partial denture frameworks,Evaluation of two printing techniques for maxillary removable partial denture frameworks,JOURNAL OF PROSTHETIC DENTISTRY,journalArticle,I2CX599X,Sokolowski 等 - 2024 - Evaluation of two printing techniques for maxillary removable partial denture frameworks..pdf,INCLUDE,"该研究自身使用开源计量软件 ""CloudCompare Version 2.12.0; GPL software"" 对扫描框架的 STL 文件进行叠加与偏差分析，属于具名第三方非牙科3D软件。",CloudCompare,Prosthodontics,3D data analysis and accuracy assessment,in_vitro,"【判定】: INCLUDE
【判定理由】: 该研究自身使用开源计量软件 ""CloudCompare Version 2.12.0; GPL software"" 对扫描框架的 STL 文件进行叠加与偏差分析，属于具名第三方非牙科3D软件。
【软件】: CloudCompare
【专科】: Prosthodontics
【应用场景】: 3D data analysis and accuracy assessment
【研究设计】: in_vitro"
fit of removable partial denture frameworks fabricated from 3d printed patterns versus the conventional method an in vitro comparison,Fit of removable partial denture frameworks fabricated from 3D printed patterns versus the conventional method: An in vitro comparison,JOURNAL OF PROSTHETIC DENTISTRY,journalArticle,TVXA8RF7,Rokhshad 等 - 2024 - Fit of removable partial denture frameworks fabricated from 3D printed patterns versus the conventio.pdf,INCLUDE,"该研究自身在材料与方法中使用具名第三方非牙科3D软件进行测量，原文为""Gap measurement was assessed vertically with a superimposition software program (Geomagic Control X)""。",Geomagic Control X,Prosthodontics,3D data analysis and accuracy assessment,in_vitro,"【判定】: INCLUDE
【判定理由】: 该研究自身在材料与方法中使用具名第三方非牙科3D软件进行测量，原文为""Gap measurement was assessed vertically with a superimposition software program (Geomagic Control X)""。
【软件】: Geomagic Control X
【专科】: Prosthodontics
【应用场景】: 3D data analysis and accuracy assessment
【研究设计】: in_vitro"
an open source multifunctional registration device for implant supported complete dentures,An open-source multifunctional registration device for implant-supported complete dentures,JOURNAL OF PROSTHETIC DENTISTRY,journalArticle,8T69IZN7,Stumpel - 2021 - An open-source multifunctional registration device for implant-supported complete dentures..pdf,EXCLUDE,"证据片段中仅提及使用3D树脂打印机（""Print an STL file of the registration device by using a 3D resin printer (5100 3D Systems; Nextdent)""），未出现任何具名的第三方非牙科3D软件被该研究自己使用。",-,-,-,-,"【判定】: EXCLUDE
【判定理由】: 证据片段中仅提及使用3D树脂打印机（""Print an STL file of the registration device by using a 3D resin printer (5100 3D Systems; Nextdent)""），未出现任何具名的第三方非牙科3D软件被该研究自己使用。
【软件】: -
【专科】: -
【应用场景】: -
【研究设计】: -"
trueness of removable partial denture frameworks additively manufactured with selective laser melting,Trueness of removable partial denture frameworks additively manufactured with selective laser melting,JOURNAL OF PROSTHETIC DENTISTRY,journalArticle,4FC2X3LJ,Peng 等 - 2022 - Trueness of removable partial denture frameworks additively manufactured with selective laser meltin.pdf,EXCLUDE,"证据片段仅泛泛提及""a computer-aided design (CAD) software program (denoted as CRF)""和""a 3D analysis software program""，未给出任何具名的第三方非牙科3D软件名称。",-,-,-,-,"【判定】: EXCLUDE
【判定理由】: 证据片段仅泛泛提及""a computer-aided design (CAD) software program (denoted as CRF)""和""a 3D analysis software program""，未给出任何具名的第三方非牙科3D软件名称。
【软件】: -
【专科】: -
【应用场景】: -
【研究设计】: -"
comparison of 3d changes of 3y 4y and 5y zirconia single crowns under different sintering protocols,"Comparison of 3D changes of 3Y, 4Y, and 5Y zirconia single crowns under different sintering protocols",JOURNAL OF PROSTHETIC DENTISTRY,journalArticle,IHJP7YG5,"Noor Mohd 等 - 2026 - Comparison of 3D changes of 3Y, 4Y, and 5Y zirconia single crowns under different sintering protocol.pdf",INCLUDE,"该研究自身在材料与方法中使用具名第三方非牙科3D软件，原文明确写道""imported into a 3D software system (Geomagic Control X; 3D Systems) to compare their 3D changes""，用于3D变化测量。",Geomagic Control X,Prosthodontics,3D data analysis and accuracy assessment,in_vitro,"【判定】: INCLUDE
【判定理由】: 该研究自身在材料与方法中使用具名第三方非牙科3D软件，原文明确写道""imported into a 3D software system (Geomagic Control X; 3D Systems) to compare their 3D changes""，用于3D变化测量。
【软件】: Geomagic Control X
【专科】: Prosthodontics
【应用场景】: 3D data analysis and accuracy assessment
【研究设计】: in_vitro"
comparing the trueness of 3d printing and conventional casting for the fabrication of removable partial denture metal frameworks for patients with different palatal vault depths an in vitro study,Comparing the trueness of 3D printing and conventional casting for the fabrication of removable partial denture metal frameworks for patients with different palatal vault depths: An in vitro study,JOURNAL OF PROSTHETIC DENTISTRY,journalArticle,I5J9AXNU,Boontherawara 等 - 2024 - Comparing the trueness of 3D printing and conventional casting for the fabrication of removable part.pdf,INCLUDE,"该研究自身在材料与方法中使用 Geomagic Control X 软件进行三维数据叠加与偏差测量，原文为""All the metal frameworks were scanned and superimposed with the reference casts by using the Geomagic Control X software program""。",Geomagic Control X,Prosthodontics,3D data analysis and accuracy assessment,in_vitro,"【判定】: INCLUDE
【判定理由】: 该研究自身在材料与方法中使用 Geomagic Control X 软件进行三维数据叠加与偏差测量，原文为""All the metal frameworks were scanned and superimposed with the reference casts by using the Geomagic Control X software program""。
【软件】: Geomagic Control X
【专科】: Prosthodontics
【应用场景】: 3D data analysis and accuracy assessment
【研究设计】: in_vitro"
adaptation of cobalt chromium frameworks fabricated by conventional versus selective laser melting techniques an in vitro and clinical assessment,Adaptation of cobalt chromium frameworks fabricated by conventional versus selective laser melting techniques: An in vitro and clinical assessment,JOURNAL OF PROSTHETIC DENTISTRY,journalArticle,5ETNVR26,Elhadery 等 - 2024 - Adaptation of cobalt chromium frameworks fabricated by conventional versus selective laser melting t.pdf,EXCLUDE,"证据片段中仅出现""a surface-matching software program""（未具名）和""a CAD software program (3D Sprint; 3Shape A/S)""，后者为牙科专用软件，均不满足""具名第三方非牙科3D软件""的要求。",-,-,-,-,"【判定】: EXCLUDE
【判定理由】: 证据片段中仅出现""a surface-matching software program""（未具名）和""a CAD software program (3D Sprint; 3Shape A/S)""，后者为牙科专用软件，均不满足""具名第三方非牙科3D软件""的要求。
【软件】: -
【专科】: -
【应用场景】: -
【研究设计】: -"
three dimensional in vivo and finite element analyses of peri implant bone remodeling after superstructure placement,Three-dimensional in vivo and finite element analyses of peri-implant bone remodeling after superstructure placement,JOURNAL OF PROSTHETIC DENTISTRY,journalArticle,DQD774W7,Assoratgoon 等 - 2025 - Three-dimensional in vivo and finite element analyses of peri-implant bone remodeling after superstr.pdf,EXCLUDE,"证据片段仅提到""CBCT images were superimposed at each interval with an image-processing software program""，未给出任何具名的第三方非牙科3D软件名称，无法确认该研究自身使用了符合纳入标准的软件。",-,-,-,-,"【判定】: EXCLUDE
【判定理由】: 证据片段仅提到""CBCT images were superimposed at each interval with an image-processing software program""，未给出任何具名的第三方非牙科3D软件名称，无法确认该研究自身使用了符合纳入标准的软件。
【软件】: -
【专科】: -
【应用场景】: -
【研究设计】: -"
an integrated hollow bulb obturator prosthesis with a metal framework for a soft palate defect fabricated by multiple digital techniques,An integrated hollow bulb obturator prosthesis with a metal framework for a soft palate defect fabricated by multiple digital techniques,JOURNAL OF PROSTHETIC DENTISTRY,journalArticle,J4KXNK2R,Liu 等 - 2025 - An integrated hollow bulb obturator prosthesis with a metal framework for a soft palate defect fabri.pdf,EXCLUDE,"证据片段仅泛泛提及 ""Computer-aided design and computer-aided manufacturing (CAD-CAM) enables digital designing and manufacturing""，未出现该研究自身使用的任何具名第三方非牙科3D软件。",-,-,-,-,"【判定】: EXCLUDE
【判定理由】: 证据片段仅泛泛提及 ""Computer-aided design and computer-aided manufacturing (CAD-CAM) enables digital designing and manufacturing""，未出现该研究自身使用的任何具名第三方非牙科3D软件。
【软件】: -
【专科】: -
【应用场景】: -
【研究设计】: -"
use of intraoral scan for implant supported dental prosthesis to design and fabricate a cad cam veri fi cation device a dental technique,Use of intraoral scan for implant-supported dental prosthesis to design and fabricate a CAD -CAM veri fi cation device: A dental technique,JOURNAL OF PROSTHETIC DENTISTRY,journalArticle,2KUMDHYG,Su 等 - 2021 - Use of intraoral scan for implant-supported dental prosthesis to design and fabricate a CAD-CAM veri.pdf,EXCLUDE,"证据片段仅提到""an open source computer-aided design software program""，未给出任何具名的第三方非牙科3D软件名称，无法确认使用了符合纳入标准的具名软件。",-,-,-,-,"【判定】: EXCLUDE
【判定理由】: 证据片段仅提到""an open source computer-aided design software program""，未给出任何具名的第三方非牙科3D软件名称，无法确认使用了符合纳入标准的具名软件。
【软件】: -
【专科】: -
【应用场景】: -
【研究设计】: -"
influence of abutment types on the success of two unit implant supported fixed dental prostheses a three dimensional finite element analysis and fatigue test combined with microleakage evaluation,Influence of abutment types on the success of two-unit implant-supported fixed dental prostheses: A three-dimensional finite element analysis and fatigue test combined with microleakage evaluation,JOURNAL OF PROSTHETIC DENTISTRY,journalArticle,T3M3ZIE9,Qiu 等 - 2025 - Influence of abutment types on the success of two-unit implant-supported fixed dental prostheses A.pdf,EXCLUDE,证据片段仅提及使用三维有限元分析（FEA）和疲劳测试，但未出现任何具名的第三方非牙科3D软件（如Mimics、ANSYS、ABAQUS等）被该研究自己使用；片段中仅提及CBCT数据和FEA方法，无具体软件名称。,-,-,-,-,"【判定】: EXCLUDE
【判定理由】: 证据片段仅提及使用三维有限元分析（FEA）和疲劳测试，但未出现任何具名的第三方非牙科3D软件（如Mimics、ANSYS、ABAQUS等）被该研究自己使用；片段中仅提及CBCT数据和FEA方法，无具体软件名称。
【软件】: -
【专科】: -
【应用场景】: -
【研究设计】: -"
time efficiency and precision of splinted complete arch implant scanning,Time efficiency and precision of splinted complete arch implant scanning,JOURNAL OF PROSTHETIC DENTISTRY,journalArticle,TTKVIR7E,Abdelrehim 等 - 2025 - Time efficiency and precision of splinted complete arch implant scanning.pdf,EXCLUDE,"证据片段仅泛泛提及""a 3-dimensional (3D) inspection software program was used to assess scan precision""，未给出任何具名的第三方非牙科3D软件名称，无法确认该研究自身使用了符合标准的具名软件。",-,-,-,-,"【判定】: EXCLUDE
【判定理由】: 证据片段仅泛泛提及""a 3-dimensional (3D) inspection software program was used to assess scan precision""，未给出任何具名的第三方非牙科3D软件名称，无法确认该研究自身使用了符合标准的具名软件。
【软件】: -
【专科】: -
【应用场景】: -
【研究设计】: -"
accuracy of registration between digitized extraoral scan bodies and virtual casts effect of the edentulous area tooth anatomy and registration method,"Accuracy of registration between digitized extraoral scan bodies and virtual casts: Effect of the edentulous area, tooth anatomy, and registration method",JOURNAL OF PROSTHETIC DENTISTRY,journalArticle,J2RIBVBJ,Ntovas 等 - 2025 - Accuracy of registration between digitized extraoral scan bodies and virtual casts Effect of the ed.pdf,EXCLUDE,"证据片段仅泛泛提及""Using a CAD software program""和""A metrology software program""，未给出任何具名的第三方非牙科3D软件名称，无法确认该研究自身使用了符合纳入标准的具名软件。",-,-,-,-,"【判定】: EXCLUDE
【判定理由】: 证据片段仅泛泛提及""Using a CAD software program""和""A metrology software program""，未给出任何具名的第三方非牙科3D软件名称，无法确认该研究自身使用了符合纳入标准的具名软件。
【软件】: -
【专科】: -
【应用场景】: -
【研究设计】: -"
verification of a digital approach for three dimensional evaluation of marginal and internal fit,Verification of a digital approach for three-dimensional evaluation of marginal and internal fit,JOURNAL OF PROSTHETIC DENTISTRY,journalArticle,VIMM38A6,Loetzerich 等 - 2025 - Verification of a digital approach for three-dimensional evaluation of marginal and internal fit-1.pdf,INCLUDE,"该研究自身在材料与方法中使用具名第三方非牙科3D软件 Blender：""A software program (Blender Foundation) was used to superimpose the data from the AIXFit system with the data from the 2D method""。",Blender,Prosthodontics,3D data analysis and accuracy assessment,in_vitro,"【判定】: INCLUDE
【判定理由】: 该研究自身在材料与方法中使用具名第三方非牙科3D软件 Blender：""A software program (Blender Foundation) was used to superimpose the data from the AIXFit system with the data from the 2D method""。
【软件】: Blender
【专科】: Prosthodontics
【应用场景】: 3D data analysis and accuracy assessment
【研究设计】: in_vitro"
creating a 3d diagnostic cast with realistic tooth shade and translucency using an open source nondental cad software program a dental technique,Creating a 3D diagnostic cast with realistic tooth shade and translucency using an open source nondental CAD software program: A dental technique,JOURNAL OF PROSTHETIC DENTISTRY,journalArticle,JJVILXDI,Zhou 等 - 2024 - Creating a 3D diagnostic cast with realistic tooth shade and translucency using an open source nonde.pdf,INCLUDE,"该技术说明自身使用了开源非牙科CAD软件来生成3D诊断蜡型，证据片段明确表述""generating a 3D diagnostic waxing with lifelike details of teeth and gingiva using an open-source software program""。",Blender,Prosthodontics,Digital design and manufacturing,technical_note,"【判定】: INCLUDE
【判定理由】: 该技术说明自身使用了开源非牙科CAD软件来生成3D诊断蜡型，证据片段明确表述""generating a 3D diagnostic waxing with lifelike details of teeth and gingiva using an open-source software program""。
【软件】: Blender
【专科】: Prosthodontics
【应用场景】: Digital design and manufacturing
【研究设计】: technical_note"
effect of the cbct data segmentation threshold on registration accuracy with surface scanning,Effect of the CBCT data segmentation threshold on registration accuracy with surface scanning,JOURNAL OF PROSTHETIC DENTISTRY,journalArticle,A89XJPGS,Lo Russo 等 - 2026 - Effect of the CBCT data segmentation threshold on registration accuracy with surface scanning.pdf,EXCLUDE,"证据片段仅提到""deviations were measured by using a metrology software program""，未给出任何具名的第三方非牙科3D软件名称，无法确认该研究自身使用了符合标准的具名软件。",-,-,-,-,"【判定】: EXCLUDE
【判定理由】: 证据片段仅提到""deviations were measured by using a metrology software program""，未给出任何具名的第三方非牙科3D软件名称，无法确认该研究自身使用了符合标准的具名软件。
【软件】: -
【专科】: -
【应用场景】: -
【研究设计】: -"
jaw motion tracking with open source tools a dental technique,Jaw motion tracking with open-source tools: A dental technique,JOURNAL OF PROSTHETIC DENTISTRY,journalArticle,PQUU6GDK,Ruggiero 等 - 2025 - Jaw motion tracking with open-source tools A dental technique-1.pdf,INCLUDE,"摘要明确说明该研究自身使用开源软件 Blender v. 4.3 结合视频记录和口内扫描进行下颌运动追踪，证据片段也提到""a target tracking system that combines a smart device with an open-source software program like Blender""。",Blender,Prosthodontics,Surgical planning and precise implementation,technical_note,"【判定】: INCLUDE
【判定理由】: 摘要明确说明该研究自身使用开源软件 Blender v. 4.3 结合视频记录和口内扫描进行下颌运动追踪，证据片段也提到""a target tracking system that combines a smart device with an open-source software program like Blender""。
【软件】: Blender
【专科】: Prosthodontics
【应用场景】: Surgical planning and precise implementation
【研究设计】: technical_note"
accuracy of implant placement position using nondental open source software an in vitro study,Accuracy of Implant Placement Position Using Nondental Open-Source Software: An In Vitro Study.,Journal of prosthodontics : official journal of the American College of Prosthodontists,journalArticle,9CLL4MDW,Talmazov 等 - 2020 - Accuracy of Implant Placement Position Using Nondental Open-Source Software An In Vitro Study..pdf,INCLUDE,"该研究自身在材料与方法中使用非牙科开源软件进行种植规划，原文明确写道""Implant planning was done using two open-source programs: A non-dental 3D Slicer/Blender (3DSB) software""。",3D Slicer; Blender,Implantology,Surgical planning and precise implementation,in_vitro,"【判定】: INCLUDE
【判定理由】: 该研究自身在材料与方法中使用非牙科开源软件进行种植规划，原文明确写道""Implant planning was done using two open-source programs: A non-dental 3D Slicer/Blender (3DSB) software""。
【软件】: 3D Slicer; Blender
【专科】: Implantology
【应用场景】: Surgical planning and precise implementation
【研究设计】: in_vitro"
complete denture fabrication with polyetherketoneketone as a framework material a clinical report,Complete denture fabrication with polyetherketoneketone as a framework material: A clinical report,JOURNAL OF PROSTHETIC DENTISTRY,journalArticle,DFXYBNKJ,Ding 等 - 2022 - Complete denture fabrication with polyetherketoneketone as a framework material A clinical report..pdf,EXCLUDE,"该研究仅使用牙科专用软件（""a dental computer-aided design (CAD) software program (Dental system; 3Shape A/S)""），未使用任何具名的第三方非牙科3D软件。",-,-,-,-,"【判定】: EXCLUDE
【判定理由】: 该研究仅使用牙科专用软件（""a dental computer-aided design (CAD) software program (Dental system; 3Shape A/S)""），未使用任何具名的第三方非牙科3D软件。
【软件】: -
【专科】: -
【应用场景】: -
【研究设计】: -"
digital workflow for establishing the posterior palatal seal on a digital complete denture,Digital Workflow for Establishing the Posterior Palatal Seal on a Digital Complete Denture,JOURNAL OF PROSTHODONTICS-IMPLANT ESTHETIC AND RECONSTRUCTIVE DENTISTRY,journalArticle,7DUXHX7E,Lee - 2021 - Digital Workflow for Establishing the Posterior Palatal Seal on a Digital Complete Denture.pdf,INCLUDE,"证据片段中关键词与图注明确显示该技术使用了""nondental open-source software""及""Design process with a nondental open-source software program""来设计上颌全口义齿的PPS。",nondental open-source software,Prosthodontics,Digital design and manufacturing,technical_note,"【判定】: INCLUDE
【判定理由】: 证据片段中关键词与图注明确显示该技术使用了""nondental open-source software""及""Design process with a nondental open-source software program""来设计上颌全口义齿的PPS。
【软件】: nondental open-source software
【专科】: Prosthodontics
【应用场景】: Digital design and manufacturing
【研究设计】: technical_note"
effect of scanner type and scan body location on the accuracy of mandibular complete arch digital implant scans an in vitro study,Effect of Scanner Type and Scan Body Location on the Accuracy of Mandibular Complete-Arch Digital Implant Scans: An In Vitro Study.,Journal of prosthodontics : official journal of the American College of Prosthodontists,journalArticle,749LIY2T,Çakmak 等 - 2022 - Effect of Scanner Type and Scan Body Location on the Accuracy of Mandibular Complete‐Arch Digital Im.pdf,INCLUDE,"该研究自身在材料与方法中使用工业级扫描仪配合 GOM Pro 8.1 软件对模型进行逆向工程与数字化，原文为""reverse engineered, and digitized with software (Pro 8.1; GOM GmbH, Braunschweig, Germany) to create a master reference model""。",GOM Pro 8.1,Prosthodontics,3D data analysis and accuracy assessment,in_vitro,"【判定】: INCLUDE
【判定理由】: 该研究自身在材料与方法中使用工业级扫描仪配合 GOM Pro 8.1 软件对模型进行逆向工程与数字化，原文为""reverse engineered, and digitized with software (Pro 8.1; GOM GmbH, Braunschweig, Germany) to create a master reference model""。
【软件】: GOM Pro 8.1
【专科】: Prosthodontics
【应用场景】: 3D data analysis and accuracy assessment
【研究设计】: in_vitro"
effect of customized abutment taper configuration on bone remodeling and peri implant tissue around implant supported single crown a 3d nonlinear finite element study,Effect of customized abutment taper configuration on bone remodeling and peri-implant tissue around implant-supported single crown: A 3D nonlinear finite element study,JOURNAL OF PROSTHODONTICS-IMPLANT ESTHETIC AND RECONSTRUCTIVE DENTISTRY,journalArticle,TD2LKENZ,Poovarodom 等 - 2024 - Effect of customized abutment taper configuration on bone remodeling and peri‐implant tissue around.pdf,EXCLUDE,"证据片段仅提及""analyzed using finite element analysis (FEA)""，未出现任何具名的第三方非牙科3D软件（如ANSYS、ABAQUS等）被该研究自己使用。",-,-,-,-,"【判定】: EXCLUDE
【判定理由】: 证据片段仅提及""analyzed using finite element analysis (FEA)""，未出现任何具名的第三方非牙科3D软件（如ANSYS、ABAQUS等）被该研究自己使用。
【软件】: -
【专科】: -
【应用场景】: -
【研究设计】: -"
best fit algorithm influences on virtual casts alignment discrepancies,Best-Fit Algorithm Influences on Virtual Casts' Alignment Discrepancies.,Journal of prosthodontics : official journal of the American College of Prosthodontists,journalArticle,VQI8ZHBV,Revilla-León 等 - 2023 - Best-Fit Algorithm Influences on Virtual Casts' Alignment Discrepancies..pdf,EXCLUDE,"证据片段中出现的具名软件为工业扫描仪""GOM Atos Q 3D 12M""和口内扫描仪""TRIOS 4""，前者是硬件扫描设备而非用于3D数据处理/分析/建模/测量的软件，后者为牙科专用扫描系统；文中未提及该研究自身使用任何具名的第三方非牙科3D软件。",-,-,-,-,"【判定】: EXCLUDE
【判定理由】: 证据片段中出现的具名软件为工业扫描仪""GOM Atos Q 3D 12M""和口内扫描仪""TRIOS 4""，前者是硬件扫描设备而非用于3D数据处理/分析/建模/测量的软件，后者为牙科专用扫描系统；文中未提及该研究自身使用任何具名的第三方非牙科3D软件。
【软件】: -
【专科】: -
【应用场景】: -
【研究设计】: -"
an in vitro evaluation of the effect of 3d printing orientation on the accuracy of implant surgical templates fabricated by desktop printer,An In Vitro Evaluation of the Effect of 3D Printing Orientation on the Accuracy of Implant Surgical Templates Fabricated By Desktop Printer,JOURNAL OF PROSTHODONTICS-IMPLANT ESTHETIC AND RECONSTRUCTIVE DENTISTRY,journalArticle,KL5WKS3T,Tahir和Abduo - 2022 - An In Vitro Evaluation of the Effect of 3D Printing Orientation on the Accuracy of Implant Surgical.pdf,INCLUDE,"该研究自身在材料与方法中使用 Meshmixer 对虚拟外科导板与主模型进行修改（""The virtual surgical template and master model were modified by 3D design software (Meshmixer, Autodesk Research, Mill Valley, CA) to add virtual cubes""），Meshmixer 为具名的第三方非牙科3D软件。",Meshmixer,Implantology,3D data analysis and accuracy assessment,in_vitro,"【判定】: INCLUDE
【判定理由】: 该研究自身在材料与方法中使用 Meshmixer 对虚拟外科导板与主模型进行修改（""The virtual surgical template and master model were modified by 3D design software (Meshmixer, Autodesk Research, Mill Valley, CA) to add virtual cubes""），Meshmixer 为具名的第三方非牙科3D软件。
【软件】: Meshmixer
【专科】: Implantology
【应用场景】: 3D data analysis and accuracy assessment
【研究设计】: in_vitro"
implant abutment discrepancy before and after acrylic resin veneering of complete arch titanium frameworks manufactured using milling and electron beam melting technologies,Implant-Abutment Discrepancy Before and After Acrylic Resin Veneering of Complete-Arch Titanium Frameworks Manufactured Using Milling and Electron Beam Melting Technologies,JOURNAL OF PROSTHODONTICS-IMPLANT ESTHETIC AND RECONSTRUCTIVE DENTISTRY,journalArticle,SXDKKLNE,Revilla‐León 等 - 2022 - Implant‐Abutment Discrepancy Before and After Acrylic Resin Veneering of Complete‐Arch Titanium Fram.pdf,EXCLUDE,"该研究使用的设计软件为牙科专用软件（""a dental computer-aided design (CAD) software program (Matera 2.4; Exocad GmbH)""），而测量软件 Calypso 为坐标测量机配套软件，均不属于具名的第三方非牙科3D软件。",-,-,-,-,"【判定】: EXCLUDE
【判定理由】: 该研究使用的设计软件为牙科专用软件（""a dental computer-aided design (CAD) software program (Matera 2.4; Exocad GmbH)""），而测量软件 Calypso 为坐标测量机配套软件，均不属于具名的第三方非牙科3D软件。
【软件】: -
【专科】: -
【应用场景】: -
【研究设计】: -"
comparison of denture base adaptation between additive and conventional fabrication techniques,Comparison of denture base adaptation between additive and conventional fabrication techniques,JOURNAL OF PROSTHODONTICS-IMPLANT ESTHETIC AND RECONSTRUCTIVE DENTISTRY,journalArticle,4HEU9QFR,Tosun 等 - 2023 - Comparison of denture base adaptation between additive and conventional fabrication techniques..pdf,EXCLUDE,"证据片段仅提到""using inspection software""和""best fit algorithm technique""，未给出任何具名的第三方非牙科3D软件名称；文中提及的扫描设备为牙科实验室扫描仪（dental laboratory scanners），不符合纳入标准。",-,-,-,-,"【判定】: EXCLUDE
【判定理由】: 证据片段仅提到""using inspection software""和""best fit algorithm technique""，未给出任何具名的第三方非牙科3D软件名称；文中提及的扫描设备为牙科实验室扫描仪（dental laboratory scanners），不符合纳入标准。
【软件】: -
【专科】: -
【应用场景】: -
【研究设计】: -"
accuracy of digital impressions at varying implant depths an in vitro study,Accuracy of Digital Impressions at Varying Implant Depths: An In Vitro Study,JOURNAL OF PROSTHODONTICS-IMPLANT ESTHETIC AND RECONSTRUCTIVE DENTISTRY,journalArticle,6EAY9ZAU,Sequeira 等 - 2023 - Accuracy of Digital Impressions at Varying Implant Depths An In Vitro Study.pdf,INCLUDE,"该研究自身在材料与方法中使用""An industrial 3D metrology software (GOM Inspect Suite 2020; GOM GmbH, ZEISS group, Braunschweig, Germany) was used to assess positional and angular deviation""进行三维测量分析。",GOM Inspect Suite,Implantology,3D data analysis and accuracy assessment,in_vitro,"【判定】: INCLUDE
【判定理由】: 该研究自身在材料与方法中使用""An industrial 3D metrology software (GOM Inspect Suite 2020; GOM GmbH, ZEISS group, Braunschweig, Germany) was used to assess positional and angular deviation""进行三维测量分析。
【软件】: GOM Inspect Suite
【专科】: Implantology
【应用场景】: 3D data analysis and accuracy assessment
【研究设计】: in_vitro"
accuracy of guided implant surgery in 25 edentulous arches a laboratory observational study,Accuracy of Guided Implant Surgery in 25 Edentulous Arches: A Laboratory Observational Study,JOURNAL OF PROSTHODONTICS-IMPLANT ESTHETIC AND RECONSTRUCTIVE DENTISTRY,journalArticle,TMBZ6YS8,Ben Yehuda 等 - 2020 - Accuracy of Guided Implant Surgery in 25 Edentulous Arches A Laboratory Observational Study..pdf,EXCLUDE,"证据片段中唯一具名的软件是""Nobel Clinician software""，属于牙科专用种植规划软件，不符合""非牙科3D软件""要求；其余仅泛泛提及""Several software systems""或""best-fit-alignment algorithm""，无具名第三方非牙科3D软件。",-,-,-,-,"【判定】: EXCLUDE
【判定理由】: 证据片段中唯一具名的软件是""Nobel Clinician software""，属于牙科专用种植规划软件，不符合""非牙科3D软件""要求；其余仅泛泛提及""Several software systems""或""best-fit-alignment algorithm""，无具名第三方非牙科3D软件。
【软件】: -
【专科】: -
【应用场景】: -
【研究设计】: -"
biomechanical evaluation of customized root implants in alveolar bone a comparative study with traditional implants and natural teeth,Biomechanical evaluation of customized root implants in alveolar bone: A comparative study with traditional implants and natural teeth,JOURNAL OF PROSTHODONTICS-IMPLANT ESTHETIC AND RECONSTRUCTIVE DENTISTRY,journalArticle,4JY485Q3,Li 等 - 2023 - Biomechanical evaluation of customized root implants in alveolar bone A comparative study with trad.pdf,INCLUDE,"该研究自身在材料与方法中使用具名第三方非牙科3D软件，原文明确写道""Geometric models were built using the 3D image processing software Mimics...and the reverse engineering software Geomagic Studio""，并""created using the CAD design software Solidworks""及""meshed with the finite element software ANSYS Workbench""。",Mimics; Geomagic Studio; SolidWorks; ANSYS Workbench,Implantology,Biomechanical analysis and simulation,computational,"【判定】: INCLUDE
【判定理由】: 该研究自身在材料与方法中使用具名第三方非牙科3D软件，原文明确写道""Geometric models were built using the 3D image processing software Mimics...and the reverse engineering software Geomagic Studio""，并""created using the CAD design software Solidworks""及""meshed with the finite element software ANSYS Workbench""。
【软件】: Mimics; Geomagic Studio; SolidWorks; ANSYS Workbench
【专科】: Implantology
【应用场景】: Biomechanical analysis and simulation
【研究设计】: computational"
influence of liquid on the tooth surface on the accuracy of intraoral scanners an in vitro study,Influence of Liquid on the Tooth Surface on the Accuracy of Intraoral Scanners: An In Vitro Study,JOURNAL OF PROSTHODONTICS-IMPLANT ESTHETIC AND RECONSTRUCTIVE DENTISTRY,journalArticle,YSRNRCZ9,Chen 等 - 2022 - Influence of Liquid on the Tooth Surface on the Accuracy of Intraoral Scanners An In Vitro Study.pdf,INCLUDE,"该研究自身在材料与方法中使用具名第三方非牙科3D软件 Geomagic Control 2015 处理和分析扫描数据，原文为""All scanning data were processed and analyzed using dedicated software (Geomagic Control 2015)""。",Geomagic Control 2015,Prosthodontics,3D data analysis and accuracy assessment,in_vitro,"【判定】: INCLUDE
【判定理由】: 该研究自身在材料与方法中使用具名第三方非牙科3D软件 Geomagic Control 2015 处理和分析扫描数据，原文为""All scanning data were processed and analyzed using dedicated software (Geomagic Control 2015)""。
【软件】: Geomagic Control 2015
【专科】: Prosthodontics
【应用场景】: 3D data analysis and accuracy assessment
【研究设计】: in_vitro"
digital duplication and 3d printing for implant overdenture fabrication,Digital Duplication and 3D Printing for Implant Overdenture Fabrication,JOURNAL OF PROSTHODONTICS-IMPLANT ESTHETIC AND RECONSTRUCTIVE DENTISTRY,journalArticle,Y2LB4NXX,Yang 等 - 2021 - Digital Duplication and 3D Printing for Implant Overdenture Fabrication.pdf,INCLUDE,"该研究自身在技术步骤中使用""Convert the DICOM files to the STL file format using an open-source 3D modeling software program (InVesalius 3; CTI)""，InVesalius 为具名的第三方非牙科3D软件，用于3D数据处理。",InVesalius 3,Prosthodontics,Digital design and manufacturing,technical_note,"【判定】: INCLUDE
【判定理由】: 该研究自身在技术步骤中使用""Convert the DICOM files to the STL file format using an open-source 3D modeling software program (InVesalius 3; CTI)""，InVesalius 为具名的第三方非牙科3D软件，用于3D数据处理。
【软件】: InVesalius 3
【专科】: Prosthodontics
【应用场景】: Digital design and manufacturing
【研究设计】: technical_note"
the influence of metal artifact reduction on the trueness of registration of a cone beam computed tomography scan with an intraoral scan in the presence of severe restoration artifact,The influence of metal artifact reduction on the trueness of registration of a cone-beam computed tomography scan with an intraoral scan in the presence of severe restoration artifact,JOURNAL OF PROSTHODONTICS-IMPLANT ESTHETIC AND RECONSTRUCTIVE DENTISTRY,journalArticle,4X7L73PH,Biun 等 - 2024 - The influence of metal artifact reduction on the trueness of registration of a cone‐beam computed to.pdf,EXCLUDE,"证据片段仅描述了""Registration of the optical scans was performed using initial point-based registration with surface-based refinement""，未提及任何具名的第三方非牙科3D软件（如Mimics、Geomagic等）被该研究自己使用。",-,-,-,-,"【判定】: EXCLUDE
【判定理由】: 证据片段仅描述了""Registration of the optical scans was performed using initial point-based registration with surface-based refinement""，未提及任何具名的第三方非牙科3D软件（如Mimics、Geomagic等）被该研究自己使用。
【软件】: -
【专科】: -
【应用场景】: -
【研究设计】: -"
flexural properties and fatigue limit of 3d printed and milled resin based materials,Flexural properties and fatigue limit of 3D-printed and milled resin-based materials,JOURNAL OF PROSTHODONTICS-IMPLANT ESTHETIC AND RECONSTRUCTIVE DENTISTRY,journalArticle,CMS4H94J,Sartori 等 - 2025 - Flexural properties and fatigue limit of 3D-printed and milled resin-based materials.pdf,EXCLUDE,"证据片段仅提及""a dental CAM software""（牙科CAM软件），未给出任何具名的第三方非牙科3D软件；且该研究使用的是牙科专用CAD/CAM软件，不符合纳入标准。",-,-,-,-,"【判定】: EXCLUDE
【判定理由】: 证据片段仅提及""a dental CAM software""（牙科CAM软件），未给出任何具名的第三方非牙科3D软件；且该研究使用的是牙科专用CAD/CAM软件，不符合纳入标准。
【软件】: -
【专科】: -
【应用场景】: -
【研究设计】: -"
biomechanical analysis of different framework design framework material and bone density in the edentulous mandible with fixed implant supported prostheses a three dimensional finite element study,"Biomechanical Analysis of Different Framework Design, Framework Material and Bone Density in the Edentulous Mandible With Fixed Implant-Supported Prostheses: A Three-Dimensional Finite Element Study",JOURNAL OF PROSTHODONTICS-IMPLANT ESTHETIC AND RECONSTRUCTIVE DENTISTRY,journalArticle,EGCD2BWK,"Yu 等 - 2023 - Biomechanical Analysis of Different Framework Design, Framework Material and Bone Density in the Ede.pdf",,,,,,,
effect of internal design modification on the mechanical properties of laser sintered cobalt chromium multi unit metal ceramic frameworks,Effect of Internal Design Modification on the Mechanical Properties of Laser Sintered Cobalt-Chromium Multi-Unit Metal-Ceramic Frameworks,JOURNAL OF PROSTHODONTICS-IMPLANT ESTHETIC AND RECONSTRUCTIVE DENTISTRY,journalArticle,PJ6EWCT2,Kocak 等 - 2022 - Effect of Internal Design Modification on the Mechanical Properties of Laser Sintered Cobalt-Chromiu.pdf,,,,,,,
effect of different digital technology on the adaptation and retention of co cr partial denture frameworks,Effect of different digital technology on the adaptation and retention of Co-Cr partial denture frameworks,JOURNAL OF PROSTHODONTICS-IMPLANT ESTHETIC AND RECONSTRUCTIVE DENTISTRY,journalArticle,ARJBG6C9,Heiba 等 - 2024 - Effect of different digital technology on the adaptation and retention of Co-Cr partial denture fram.pdf,,,,,,,
optimization of prosthodontic computer aided designed models a virtual evaluation of mesh quality reduction using open source software,Optimization of Prosthodontic Computer-Aided Designed Models: A Virtual Evaluation of Mesh Quality Reduction Using Open Source Software,JOURNAL OF PROSTHODONTICS-IMPLANT ESTHETIC AND RECONSTRUCTIVE DENTISTRY,journalArticle,NGPJEDGB,Farook 等 - 2021 - Optimization of Prosthodontic Computer‐Aided Designed Models A Virtual Evaluation of Mesh Quality R.pdf,,,,,,,
3d surface deviation wear analysis of veneered peek crowns and its correlation with optical digital profilometry,3D Surface Deviation Wear Analysis of Veneered PEEK Crowns and Its Correlation with Optical Digital Profilometry,JOURNAL OF PROSTHODONTICS-IMPLANT ESTHETIC AND RECONSTRUCTIVE DENTISTRY,journalArticle,G36GDPM2,Beleidy和Ziada - 2023 - 3D Surface Deviation Wear Analysis of Veneered PEEK Crowns and Its Correlation with Optical Digital.pdf,,,,,,,
geometric assessment of imaging methods for complete denture form comparisons among cone beam computed tomography desktop dental scanning and handheld optical scanning,"Geometric assessment of imaging methods for complete denture form: Comparisons among cone-beam computed tomography, desktop dental scanning, and handheld  optical scanning.",Journal of prosthodontic research,journalArticle,TR23898V,Matsuda 等 - 2020 - Geometric assessment of imaging methods for complete denture form Comparisons among cone-beam compu.pdf,,,,,,,
surgical guides for dental implants measurement of the accuracy using a freeware metrology software program,Surgical guides for dental implants: Measurement of the accuracy using a freeware metrology software program.,Journal of prosthodontic research,journalArticle,HZ9GBDTR,Lo Russo 等 - 2023 - Surgical guides for dental implants Measurement of the accuracy using a freeware metrology software.pdf,,,,,,,
accuracy evaluation of complete arch models manufactured by three different 3d printing technologies a three dimensional analysis,Accuracy evaluation of complete-arch models manufactured by three different 3D printing technologies: a three-dimensional analysis,JOURNAL OF PROSTHODONTIC RESEARCH,journalArticle,FT2R69U5,Emir和Ayyildiz - 2021 - Accuracy evaluation of complete-arch models manufactured by three different 3D printing technologies.pdf,,,,,,,
influence of molding angle on the trueness and defects of removable partial denture frameworks fabricated by selective laser melting,Influence of molding angle on the trueness and defects of removable partial denture frameworks fabricated by selective laser melting,JOURNAL OF PROSTHODONTIC RESEARCH,journalArticle,2CXB78BF,Kobayashi 等 - 2022 - Influence of molding angle on the trueness and defects of removable partial denture frameworks fabri.pdf,,,,,,,
influence of reinforcement bar on accuracy of removable partial denture framework fabricated by casting with a 3d printed pattern and selective laser sintering,Influence of reinforcement bar on accuracy of removable partial denture framework fabricated by casting with a 3D-printed pattern and selective laser sintering,JOURNAL OF PROSTHODONTIC RESEARCH,journalArticle,BN7QDGCL,Tasaka 等 - 2021 - Influence of reinforcement bar on accuracy of removable partial denture framework fabricated by cast.pdf,,,,,,,
effect of implant placement depth on bone remodeling on implant supported single zirconia abutment crown a 3d finite element study,Effect of implant placement depth on bone remodeling on implant-supported single zirconia abutment crown: A 3D finite element study,JOURNAL OF PROSTHODONTIC RESEARCH,journalArticle,9Z3DYF9Y,Poovarodom 等 - 2023 - Effect of implant placement depth on bone remodeling on implant-supported single zirconia abutment c.pdf,,,,,,,
protocol for obtaining a digital and physical three dimensional color map of the skull based on the hounsfield scale using open source and free software,Protocol for obtaining a digital and physical three-dimensional color map of the skull based on the Hounsfield scale using open-source and free software.,"Journal of stomatology, oral and maxillofacial surgery",journalArticle,X9PHNC4E,Pinto和Grillo - 2026 - Protocol for obtaining a digital and physical three-dimensional color map of the skull based on the.pdf,,,,,,,
evaluation of ortogonblender software bone movement tools in bimaxillary orthognatic surgeries performed in dolphin software,Evaluation of ortogonblender software bone movement tools in bimaxillary orthognatic surgeries performed in dolphin software,JOURNAL OF STOMATOLOGY ORAL AND MAXILLOFACIAL SURGERY,journalArticle,G4EY4CPT,Lobo 等 - 2022 - Evaluation of ortogonblender software bone movement tools in bimaxillary orthognatic surgeries perfo.pdf,,,,,,,
biomechanical evaluation of all on 4 m 4 v 4 and zygomatic implant concepts in the rehabilitation of the atrophic maxilla a finite element analysis,"Biomechanical evaluation of All-on-4, M-4, V-4, and zygomatic implant concepts in the rehabilitation of the atrophic maxilla: a finite element analysis.","Journal of stomatology, oral and maxillofacial surgery",journalArticle,X2XYASLM,"Yolal 等 - 2026 - Biomechanical evaluation of All-on-4, M-4, V-4, and zygomatic implant concepts in the rehabilitation.pdf",,,,,,,
dynamic finite element analysis of stress distribution in edentulous fixed restorations effects of different implant configurations and framework materials,Dynamic finite element analysis of stress distribution in edentulous fixed restorations: Effects of different implant configurations and framework materials,JOURNAL OF STOMATOLOGY ORAL AND MAXILLOFACIAL SURGERY,journalArticle,JBLBAXQD,Lan和Su - 2026 - Dynamic finite element analysis of stress distribution in edentulous fixed restorations Effects of.pdf,,,,,,,
machine learning assisted diagnosis of parotid tumor by using contrast enhanced ct imaging features,Machine learning-assisted diagnosis of parotid tumor by using contrast-enhanced CT imaging features,JOURNAL OF STOMATOLOGY ORAL AND MAXILLOFACIAL SURGERY,journalArticle,FB4XISL2,Li 等 - 2025 - Machine learning-assisted diagnosis of parotid tumor by using contrast-enhanced CT imaging features.pdf,,,,,,,
volumetric measurement of manually drawn segmentations in cone beam computed tomography images of newly formed bone after sinus floor augmentation with bovine derived bone substitutes,Volumetric measurement of manually drawn segmentations in cone beam computed tomography images of newly formed bone after sinus floor augmentation with bovine-derived bone substitutes,JOURNAL OF STOMATOLOGY ORAL AND MAXILLOFACIAL SURGERY,journalArticle,RS26NFUB,Grün 等 - 2025 - Volumetric measurement of manually drawn segmentations in cone beam computed tomography images of ne.pdf,,,,,,,
changes of airway space and flow in patients treated with rapid palatal expander rpe an observational pilot study with comparison with non treated patients,Changes of Airway Space and Flow in Patients Treated with Rapid Palatal Expander (RPE): An Observational Pilot Study with Comparison with Non-Treated Patients,JOURNAL OF CLINICAL MEDICINE,journalArticle,66ZG9X74,Faccioni 等 - 2025 - Changes of Airway Space and Flow in Patients Treated with Rapid Palatal Expander (RPE) An Observati.pdf,,,,,,,
development and biomechanical evaluation of subject specific anatomically complete 3d finite element models of the temporomandibular joint using the four finger mouth opening test,"Development and biomechanical evaluation of subject-specific, anatomically complete 3D finite element models of the temporomandibular joint using the four-finger mouth-opening test",JOURNAL OF STOMATOLOGY ORAL AND MAXILLOFACIAL SURGERY,journalArticle,F4LRK4QN,"Jain 等 - 2026 - Development and biomechanical evaluation of subject-specific, anatomically complete 3D finite elemen.pdf",,,,,,,
advantages of a training course for surgical planning in virtual reality for oral and maxillofacial surgery crossover study,Advantages of a Training Course for Surgical Planning in Virtual Reality for Oral and Maxillofacial Surgery: Crossover Study,JMIR SERIOUS GAMES,journalArticle,VRFC6566,Ulbrich 等 - 2023 - Advantages of a Training Course for Surgical Planning in Virtual Reality for Oral and Maxillofacial.pdf,,,,,,,
efficacy of a virtual 3d simulation based digital training module for building dental technology students longterm competency in removable partial denture design prospective cohort study,Efficacy of a Virtual 3D Simulation-Based Digital Training Module for Building Dental Technology Students' LongTerm Competency in Removable Partial Denture Design: Prospective Cohort Study,JMIR SERIOUS GAMES,journalArticle,IAAA5PCM,Liu 等 - 2024 - Efficacy of a Virtual 3D Simulation-Based Digital Training Module for Building Dental Technology Stu.pdf,,,,,,,
comparison of dimensional accuracy between direct printed and thermoformed aligners,Comparison of dimensional accuracy between direct-printed and thermoformed aligners,KOREAN JOURNAL OF ORTHODONTICS,journalArticle,EVIJIMCA,Koenig 等 - 2022 - Comparison of dimensional accuracy between direct-printed and thermoformed aligners.pdf,,,,,,,
comparative error analysis of 3d modeling printing and scanning methods used in orthodontics,"Comparative Error Analysis of 3D-Modeling, -Printing and - Scanning Methods Used in Orthodontics",2025 Medical Technologies Congress (TIPTEKNO),conferencePaper,CMTY5QG7,"Selamet和Pişkin - 2025 - Comparative Error Analysis of 3D-Modeling, -Printing and - Scanning Methods Used in Orthodontics.pdf",,,,,,,
stress analysis and risk of failure during clenching in ceramic assembly models 3 dimensional finite element analysis,Stress analysis and risk of failure during clenching in ceramic assembly models: 3-dimensional finite element analysis,JOURNAL OF DENTAL SCIENCES,journalArticle,B5653MJF,Lan 等 - 2023 - Stress analysis and risk of failure during clenching in ceramic assembly models 3-dimensional finit.pdf,,,,,,,
novel three dimensional methods to analyze the morphology of the nasal cavity and pharyngeal airway,Novel three-dimensional methods to analyze the morphology of the nasal cavity and pharyngeal airway,ANGLE ORTHODONTIST,journalArticle,27WN5KMX,Niu 等 - 2021 - Novel three-dimensional methods to analyze the morphology of the nasal cavity and pharyngeal airway.pdf,,,,,,,
feasibility trueness and precision of intraoral scanners in digitizing maxillectomy defects with exposed zygomatic implants in situ an in vitro 3d comparative study,"Feasibility, trueness and precision of intraoral scanners in digitizing maxillectomy defects with exposed zygomatic implants in situ: An in vitro 3D comparative study",JOURNAL OF DENTISTRY,journalArticle,2JKFABNV,"Elbashti 等 - 2025 - Feasibility, trueness and precision of intraoral scanners in digitizing maxillectomy defects with ex.pdf",,,,,,,
effects of periodontal splints on biomechanical behaviors in compromised periodontal tissues and cement layer 3d finite element analysis,Effects of Periodontal Splints on Biomechanical Behaviors in Compromised Periodontal Tissues and Cement Layer: 3D Finite Element Analysis,POLYMERS,journalArticle,RTDGZ4YL,Liu 等 - 2022 - Effects of Periodontal Splints on Biomechanical Behaviors in Compromised Periodontal Tissues and Cem.pdf,,,,,,,
biomechanical effects of different materials for an occlusal device on implant supported rehabilitation in a tooth clenching situation a 3d finite element analysis,Biomechanical effects of different materials for an occlusal device on implant-supported rehabilitation in a tooth clenching situation. A 3D finite element analysis,JOURNAL OF PROSTHODONTICS-IMPLANT ESTHETIC AND RECONSTRUCTIVE DENTISTRY,journalArticle,R3L4M4DQ,Andrade 等 - 2024 - Biomechanical effects of different materials for an occlusal device on implant‐supported rehabilitat.pdf,,,,,,,
comparison between digital superimposition and microcomputed tomography methods of fit assessment of removable partial denture frameworks,Comparison between digital superimposition and microcomputed tomography methods of fit assessment of removable partial denture frameworks,JOURNAL OF PROSTHETIC DENTISTRY,journalArticle,Y7RSNUSR,Conceição 等 - 2024 - Comparison between digital superimposition and microcomputed tomography methods of fit assessment of.pdf,,,,,,,
effect of artificial aging and different surface finishing protocols on the flexural strength and surface hardness of a photopolymer for manufacturing monolithic polychromatic complete dentures using polyjet 3d printing,Effect of artificial aging and different surface finishing protocols on the flexural strength and surface hardness of a photopolymer for manufacturing monolithic polychromatic complete dentures using PolyJet 3D printing,JOURNAL OF PROSTHODONTICS-IMPLANT ESTHETIC AND RECONSTRUCTIVE DENTISTRY,journalArticle,J3WWB7A4,Azpiazu‐Flores 等 - 2024 - Effect of artificial aging and different surface finishing protocols on the flexural strength and su.pdf,,,,,,,
an end to end deep learning pipeline for automated mandible virtual surgical planning using real world clinical data,An End-to-End Deep Learning Pipeline for Automated Mandible Virtual Surgical Planning Using Real-World Clinical Data,IEEE Access,journalArticle,DVMCH739,Kamboonsri 等 - 2026 - An End-to-End Deep Learning Pipeline for Automated Mandible Virtual Surgical Planning Using Real-Wor.pdf,,,,,,,
cbct analysis of mandibular position and bilateral symmetry in adult female patients with a deep overbite before and after flat bite plate treatment a retrospective study,CBCT analysis of mandibular position and bilateral symmetry in adult female patients with a deep overbite before and after flat bite plate treatment: a retrospective study,EUROPEAN JOURNAL OF MEDICAL RESEARCH,journalArticle,KLUTS8EC,Pang和Che - 2024 - CBCT analysis of mandibular position and bilateral symmetry in adult female patients with a deep ove.pdf,,,,,,,
finite element analysis of novaloc attachments at extreme angulations and arch forms a specification study,Finite Element Analysis of Novaloc Attachments at Extreme Angulations and Arch Forms: A Specification Study,CLINICAL IMPLANT DENTISTRY AND RELATED RESEARCH,journalArticle,VCEI47L3,Uçar 等 - 2025 - Finite Element Analysis of Novaloc Attachments at Extreme Angulations and Arch Forms A Specificatio.pdf,,,,,,,
stress distribution pattern in zygomatic implants supporting different superstructure materials,Stress Distribution Pattern in Zygomatic Implants Supporting Different Superstructure Materials,MATERIALS,journalArticle,4WWZ78KQ,Heboyan 等 - 2022 - Stress Distribution Pattern in Zygomatic Implants Supporting Different Superstructure Materials.pdf,,,,,,,
the precision of gingival recession measurements is increased by an automated curvature analysis method,The precision of gingival recession measurements is increased by an automated curvature analysis method,BMC ORAL HEALTH,journalArticle,5KJ9ZCAV,Kuralt 等 - 2021 - The precision of gingival recession measurements is increased by an automated curvature analysis met.pdf,,,,,,,
intraoral volume changes in relation to the hard tissue shape changes in asymmetric patients before and after orthognathic surgery a retrospective ct study,Intraoral volume changes in relation to the hard tissue shape changes in asymmetric patients before and after orthognathic surgery- A retrospective CT study,JOURNAL OF STOMATOLOGY ORAL AND MAXILLOFACIAL SURGERY,journalArticle,4LLWL53K,Sekar 等 - 2024 - Intraoral volume changes in relation to the hard tissue shape changes in asymmetric patients before.pdf,,,,,,,
fabrication of customized dental guide by stereolithography method and evaluation of dimensional accuracy with artificial neural networks,Fabrication of Customized dental guide by stereolithography method and evaluation of dimensional accuracy with artificial neural networks,JOURNAL OF THE MECHANICAL BEHAVIOR OF BIOMEDICAL MATERIALS,journalArticle,7PML7Y2A,Türker 等 - 2022 - Fabrication of Customized dental guide by stereolithography method and evaluation of dimensional acc.pdf,,,,,,,
biomechanical comparison of asymmetric implant configurations for all on four treatment using three dimensional finite element analysis,Biomechanical Comparison of Asymmetric Implant Configurations for All-on-Four Treatment Using Three-Dimensional Finite Element Analysis,LIFE-BASEL,journalArticle,EEUPFIYZ,Gönül 等 - 2022 - Biomechanical Comparison of Asymmetric Implant Configurations for All-on-Four Treatment Using Three-.pdf,,,,,,,
unveiling software limitations in the assessment of the minimum sectional area and volume in cleft lip and palate patients,Unveiling Software Limitations in the Assessment of the Minimum Sectional Area and Volume in Cleft LIP and Palate Patients,LIFE-BASEL,journalArticle,A4YJJ2FI,Costa 等 - 2025 - Unveiling Software Limitations in the Assessment of the Minimum Sectional Area and Volume in Cleft L.pdf,,,,,,,
stress distribution on various implant retained bar overdentures,Stress Distribution on Various Implant-Retained Bar Overdentures,MATERIALS,journalArticle,IIAXIP3S,Kümbüloğlu 等 - 2022 - Stress Distribution on Various Implant-Retained Bar Overdentures.pdf,,,,,,,
dimensional accuracy of different three dimensional printing models as a function of varying the printing parameters,Dimensional Accuracy of Different Three-Dimensional Printing Models as a Function of Varying the Printing Parameters,MATERIALS,journalArticle,BDYVLJ3U,Arnold 等 - 2024 - Dimensional Accuracy of Different Three-Dimensional Printing Models as a Function of Varying the Pri.pdf,,,,,,,
accuracy of mandibular removable partial denture frameworks fabricated by 3d printing and conventional techniques,Accuracy of Mandibular Removable Partial Denture Frameworks Fabricated by 3D Printing and Conventional Techniques,MATERIALS,journalArticle,WA5FYPIY,Kim 等 - 2024 - Accuracy of Mandibular Removable Partial Denture Frameworks Fabricated by 3D Printing and Convention.pdf,,,,,,,
optimization of digital light processing three dimensional printing of the removable partial denture frameworks the role of build angle and support structure diameter,Optimization of Digital Light Processing Three-Dimensional Printing of the Removable Partial Denture Frameworks; The Role of Build Angle and Support Structure Diameter,MATERIALS,journalArticle,GXJQYRBP,Hussein和Hussein - 2022 - Optimization of Digital Light Processing Three-Dimensional Printing of the Removable Partial Denture.pdf,,,,,,,
optimization of cbct data with image processing methods and production with fused deposition modeling 3d printing,Optimization of CBCT data with image processing methods and production with fused deposition modeling 3D printing,MEDICAL & BIOLOGICAL ENGINEERING & COMPUTING,journalArticle,WYNW8VHR,Sayin 等 - 2025 - Correction to Optimization of CBCT data with image processing methods and production with fused dep.pdf,,,,,,,
fea comparison of the mechanical behavior of three dental crown materials enamel ceramic and zirconia,"FEA Comparison of the Mechanical Behavior of Three Dental Crown Materials: Enamel, Ceramic, and Zirconia",MATERIALS,journalArticle,DJZMFHEI,"Ceddia 等 - 2024 - FEA Comparison of the Mechanical Behavior of Three Dental Crown Materials Enamel, Ceramic, and Zirc.pdf",,,,,,,
biomechanical behavior of different framework and superstructure material combinations in two implant supported four unit prostheses a dynamic finite element analysis,Biomechanical Behavior of Different Framework and Superstructure Material Combinations in Two-Implant-Supported Four-Unit Prostheses: A Dynamic Finite Element Analysis,MATERIALS,journalArticle,ZKA8VNG5,Hajghani和Günal-Abdulcelil - 2026 - Biomechanical Behavior of Different Framework and Superstructure Material Combinations in Two-Implan.pdf,,,,,,,
development and validation of a 3d anthropomorphic phantom for dental cbct imaging research,Development and validation of a 3D anthropomorphic phantom for dental CBCT imaging research,MEDICAL PHYSICS,journalArticle,GIPQHWGT,Merken 等 - 2023 - Development and validation of a 3D anthropomorphic phantom for dental CBCT imaging research..pdf,,,,,,,
comparative analysis of fused deposition modeling and digital light processing techniques for dimensional accuracy in clear aligner manufacturing,Comparative Analysis of Fused Deposition Modeling and Digital Light Processing Techniques for Dimensional Accuracy in Clear Aligner Manufacturing,MEDICAL SCIENCE MONITOR,journalArticle,8X3LL8Z8,Grzebieluch 等 - 2023 - Comparative Analysis of Fused Deposition Modeling and Digital Light Processing Techniques for Dimens.pdf,,,,,,,
postoperative facial appearance of patients with extensive oral squamous cell carcinoma can be adequately preserved with in house virtually planned mandibular reconstruction,Postoperative facial appearance of patients with extensive oral squamous cell carcinoma can be adequately preserved with in?house virtually planned mandibular  reconstruction.,Molecular and clinical oncology,journalArticle,WSCIJHCB,Hoene 等 - 2023 - Postoperative facial appearance of patients with extensive oral squamous cell carcinoma can be adequ.pdf,,,,,,,
influence of framework material and abutment configuration on fatigue performance in dental implant systems a finite element analysis,Influence of Framework Material and Abutment Configuration on Fatigue Performance in Dental Implant Systems: A Finite Element Analysis,MEDICINA-LITHUANIA,journalArticle,8GU9PNPM,Erdoğdu 等 - 2024 - Influence of Framework Material and Abutment Configuration on Fatigue Performance in Dental Implant.pdf,,,,,,,
evaluating the effect of subcrestal placement on platform switched short dental implants and von mises stress in d3 bone a 3d fem study,Evaluating the effect of subcrestal placement on platform switched short dental implants and von mises stress in D3 bone-A 3D FEM study,NIGERIAN JOURNAL OF CLINICAL PRACTICE,journalArticle,QUEPSGLA,Reddy 等 - 2021 - Evaluating the Effect of Subcrestal Placement on Platform Switched Short Dental Implants and Von Mis.pdf,,,,,,,
in house manufactured 3d guides for the localization and treatment of mandibular lesions workflow and case series,In-house manufactured 3D guides for the localization and treatment of mandibular lesions. Workflow and case series.,National journal of maxillofacial surgery,journalArticle,CD45V2UD,Rodríguez-Arias 等 - 2024 - In-house manufactured 3D guides for the localization and treatment of mandibular lesions. Workflow a.pdf,,,,,,,
identifying teeth and tooth fragments from digital 3d models,Identifying teeth and tooth fragments from digital 3D models.,Morphologie : bulletin de l'Association des anatomistes,journalArticle,26QMLGSA,Mânica 等 - 2024 - Identifying teeth and tooth fragments from digital 3D models.pdf,,,,,,,
the level of confidence of dentists in identifying intact and sectioned teeth,The level of confidence of dentists in identifying intact and sectioned teeth.,Morphologie : bulletin de l'Association des anatomistes,journalArticle,3RPDNKWU,Mânica 等 - 2025 - The level of confidence of dentists in identifying intact and sectioned teeth.pdf,,,,,,,
biomechanical analysis of prosthetic designs retained by two or four implants in the edentulous mandible a three dimensional finite element analysis,Biomechanical Analysis of Prosthetic Designs Retained by Two or Four Implants in the Edentulous Mandible: A Three-Dimensional Finite Element Analysis,NIGERIAN JOURNAL OF CLINICAL PRACTICE,journalArticle,5TR3AEI5,Tuzlali 等 - 2025 - Biomechanical Analysis of Prosthetic Designs Retained by Two or Four Implants in the Edentulous Mand.pdf,,,,,,,
biomechanical behavior of all on 4 concept and alternative designs under different occlusal load configurations for completely edentulous mandible a 3 d finite element analysis,Biomechanical behavior of all-on-4 concept and alternative designs under different occlusal load configurations for completely edentulous mandible: a 3-D finite element analysis,ODONTOLOGY,journalArticle,XN2B2AFD,Şentürk和Akaltan - 2024 - Biomechanical behavior of all-on-4 concept and alternative designs under different occlusal load con.pdf,,,,,,,
augmented reality navigation in craniomaxillofacial head and neck surgery,Augmented Reality Navigation in Craniomaxillofacial/Head and Neck Surgery.,OTO open,journalArticle,XSN8NLIH,Strong 等 - 2025 - Augmented Reality Navigation in CraniomaxillofacialHead and Neck Surgery.pdf,,,,,,,
geometric fidelity of magnetic resonance imaging and computed tomography derived virtual 3d models of porcine cadaver mandibles conventional versus artificial intelligence based segmentation,Geometric Fidelity of Magnetic Resonance Imaging and Computed Tomography-Derived Virtual 3D Models of Porcine Cadaver Mandibles: Conventional Versus Artificial Intelligence-Based Segmentation,ORAL HEALTH & PREVENTIVE DENTISTRY,journalArticle,V3VSUWJ5,2025 - Geometric Fidelity of Magnetic Resonance Imaging and Computed Tomography-Derived Virtual 3D Models o.pdf,,,,,,,
virtual surgical planning and augmented reality for fixation of plate during le fort i osteotomy,Virtual surgical planning and augmented reality for fixation of plate during Le Fort I osteotomy.,Oral and maxillofacial surgery,journalArticle,AHMZVPPN,Suenaga 等 - 2025 - Virtual surgical planning and augmented reality for fixation of plate during Le Fort I osteotomy..pdf,,,,,,,
stackable guides digital workflows for full arch dental implant rehabilitation,Stackable Guides: Digital Workflows for Full Arch Dental Implant Rehabilitation.,Oral and maxillofacial surgery clinics of North America,journalArticle,FIL9LNEE,Odette 等 - 2025 - Stackable Guides.pdf,,,,,,,
a volumetric study of mandibular condyles in orthognathic patients by semiautomatic segmentation,A volumetric study of mandibular condyles in orthognathic patients by semiautomatic segmentation.,Oral and maxillofacial surgery,journalArticle,D9VEKSXK,Lentzen 等 - 2022 - A volumetric study of mandibular condyles in orthognathic patients by semiautomatic segmentation..pdf,,,,,,,
accuracy of formula based volume and image segmentation based volume in calculation of preoperative cystic jaw lesions volume,Accuracy of formula-based volume and image segmentation-based volume in calculation of preoperative cystic jaw lesions' volume,ORAL RADIOLOGY,journalArticle,N9ZAH6VU,El-Beblawy 等 - 2024 - Accuracy of formula-based volume and image segmentation-based volume in calculation of preoperative.pdf,,,,,,,
predicting craniofacial fibrous dysplasia growth status an exploratory study of a hybrid radiomics and deep learning model based on computed tomography images,Predicting craniofacial fibrous dysplasia growth status: an exploratory study of a hybrid radiomics and deep learning model based on computed tomography images.,"Oral surgery, oral medicine, oral pathology and oral radiology",journalArticle,82NRY6N3,Li 等 - 2025 - Predicting craniofacial fibrous dysplasia growth status an exploratory study of a hybrid radiomics.pdf,,,,,,,
automated artificial intelligence based three dimensional comparison of orthodontic treatment outcomes with and without piezocision surgery,Automated artificial intelligence-based three-dimensional comparison of orthodontic treatment outcomes with and without piezocision surgery,ORTHODONTICS & CRANIOFACIAL RESEARCH,journalArticle,KDE2M5D3,Gurgel 等 - 2024 - Automated artificial intelligence-based three-dimensional comparison of orthodontic treatment outcom.pdf,,,,,,,
euler angle norms for tooth rotation torque and tip,"Euler-angle norms for tooth rotation, torque and tip",ORTHODONTICS & CRANIOFACIAL RESEARCH,journalArticle,NYKRJAXL,"Steinvorth 等 - 2025 - Euler-angle norms for tooth rotation, torque and tip..pdf",,,,,,,
smartphone based scans of palate models of newborns with cleft lip and palate outlooks for three dimensional image capturing and machine learning plate tool,Smartphone-based scans of palate models of newborns with cleft lip and palate: Outlooks for three-dimensional image capturing and machine learning plate tool,ORTHODONTICS & CRANIOFACIAL RESEARCH,journalArticle,UVUY86IG,Santos 等 - 2025 - Smartphone‐based scans of palate models of newborns with cleft lip and palate Outlooks for three‐di.pdf,,,,,,,
cbct based volumetric assessment of the maxillary sinus in temporomandibular disorder integration of morphometric analysis and classical machine learning classification,CBCT-based volumetric assessment of the maxillary sinus in temporomandibular disorder: Integration of morphometric analysis and classical machine learning classification,PLOS ONE,journalArticle,BTRBWGA4,Bolgen 等 - 2026 - CBCT-based volumetric assessment of the maxillary sinus in temporomandibular disorder Integration o.pdf,,,,,,,
automatic multi anatomical skull structure segmentation of cone beam computed tomography scans using 3d unetr,Automatic multi-anatomical skull structure segmentation of cone-beam computed tomography scans using 3D UNETR,PLOS ONE,journalArticle,NBS4IYNK,Gillot 等 - 2022 - Automatic multi-anatomical skull structure segmentation of cone-beam computed tomography scans using.pdf,,,,,,,
repairing facial fractures with interrupted maxillary mandibular arches by computer assisted reverse planning model surgery,Repairing Facial Fractures with Interrupted Maxillary-mandibular Arches by Computer-assisted Reverse Planning Model Surgery.,Plastic and reconstructive surgery. Global open,journalArticle,SCQPUB64,Chen 等 - 2022 - Repairing Facial Fractures with Interrupted Maxillary-mandibular Arches by Computer-assisted Reverse.pdf,,,,,,,
assessing the accuracy of artificial intelligence in mandibular canal segmentation compared to semi automatic segmentation on cone beam computed tomography images,Assessing the accuracy of artificial intelligence in mandibular canal segmentation compared to semi-automatic segmentation on cone-beam computed  tomography images.,Polish journal of radiology,journalArticle,GHGXCYB3,Issa 等 - 2025 - Assessing the accuracy of artificial intelligence in mandibular canal segmentation compared to semi-.pdf,,,,,,,
impact of different cad software programs on marginal and internal fit of provisional crowns an in vitro study,Impact of different CAD software programs on marginal and internal fit of provisional crowns: An in vitro study,HELIYON,journalArticle,XV6TN9HP,Rençber Kızılkaya和Kara - 2024 - Impact of different CAD software programs on marginal and internal fit of provisional crowns An in.pdf,,,,,,,
cohesive zone modeling of pull out test for dental fiber silicone polymer,Cohesive Zone Modeling of Pull-Out Test for Dental Fiber-Silicone Polymer,POLYMERS,journalArticle,JVG59S45,Maqableh和Hatamleh - 2023 - Cohesive Zone Modeling of Pull-Out Test for Dental Fiber-Silicone Polymer..pdf,,,,,,,
a comprehensive technique using digital workflow to improve an unpleasant smile a clinical report,A comprehensive technique using digital workflow to improve an unpleasant smile: A clinical report.,Primary dental journal,journalArticle,YALN4286,Zhivago 等 - 2022 - A comprehensive technique using digital workflow to improve an unpleasant smile A clinical report.pdf,,,,,,,
three dimensional analysis of reconstructed skulls using three different open source software versus commercial software,Three-dimensional analysis of reconstructed skulls using three different open-source software versus commercial software,PROCEEDINGS OF THE INSTITUTION OF MECHANICAL ENGINEERS PART H-JOURNAL OF ENGINEERING IN MEDICINE,journalArticle,VEG8UPY6,Yap Abdullah 等 - 2024 - Three-dimensional analysis of reconstructed skulls using three different open-source software versus.pdf,,,,,,,
a case report of zygomatic fracture reconstruction evaluation with orbital measurements and models registration,A Case Report of Zygomatic Fracture Reconstruction: Evaluation with Orbital Measurements and Models Registration,APPLIED SCIENCES-BASEL,journalArticle,PKILU3V6,Yousof 等 - 2023 - A Case Report of Zygomatic Fracture Reconstruction Evaluation with Orbital Measurements and Models.pdf,,,,,,,
an integration protocol for aligning intraoral scans to facial scans using the nasal geometry reference in a fully dentate patient,An integration protocol for aligning intraoral scans to facial scans using the nasal geometry reference in a fully dentate patient.,"Quintessence international (Berlin, Germany : 1985)",journalArticle,3PAYNYFP,2024 - An integration protocol for aligning intraoral scans to facial scans using the nasal geometry refere.pdf,,,,,,,
novel 3d segmentation for reliable volumetric assessment of the nasal airway a cbct study,Novel 3D segmentation for reliable volumetric assessment of the nasal airway: a CBCT study,QUINTESSENCE INTERNATIONAL,journalArticle,Z4PR8PUL,2021 - Novel 3D segmentation for reliable volumetric assessment of the nasal airway a CBCT study.pdf,,,,,,,
workflow of digitally guided direct composite resin restorations using open source software and 3d printing a clinical technique,Workflow of digitally guided direct composite resin restorations using open source software and 3D printing: a clinical technique,QUINTESSENCE INTERNATIONAL,journalArticle,AZCWGFVM,2021 - Workflow of digitally guided direct composite resin restorations using open source software and 3D p.pdf,,,,,,,
digital fabrication of removable partial dentures made of titanium alloy and zirconium silicate micro ceramic using a combination of additive and subtractive manufacturing technologies,Digital fabrication of removable partial dentures made of titanium alloy and zirconium silicate micro-ceramic using a combination of additive and subtractive manufacturing technologies,RAPID PROTOTYPING JOURNAL,journalArticle,N6QYS54F,Zhang 等 - 2021 - Digital fabrication of removable partial dentures made of titanium alloy and zirconium silicate micr.pdf,,,,,,,
an unusual case of dens invaginatus on a mandibular second molar a case report,An unusual case of dens invaginatus on a mandibular second molar: a case report.,Restorative dentistry & endodontics,journalArticle,LRM3CUTM,Mancino 等 - 2025 - An unusual case of dens invaginatus on a mandibular second molar a case report..pdf,,,,,,,
cutting guides in mandibular tumor ablation are we as accurate as we think,Cutting guides in mandibular tumor ablation: Are we as accurate as we think?,The Saudi dental journal,journalArticle,UN8WM3ED,Suhaym 等 - 2024 - Cutting guides in mandibular tumor ablation Are we as accurate as we think.pdf,,,,,,,
effect of full arch two scanning techniques on the accuracy of overdenture conventional and cad cam co cr bars,Effect of full arch two scanning techniques on the accuracy of overdenture conventional and CAD/CAM Co-Cr bars.,The Saudi dental journal,journalArticle,HIA7QIPW,Alenezi 等 - 2022 - Effect of full arch two scanning techniques on the accuracy of overdenture conventional and CADCAM.pdf,,,,,,,
convolutional mesh autoencoders for the 3 dimensional identification of fgfr related craniosynostosis,Convolutional mesh autoencoders for the 3-dimensional identification of FGFR-related craniosynostosis.,Scientific reports,journalArticle,LVQV6BQX,O’ Sullivan 等 - 2022 - Convolutional mesh autoencoders for the 3-dimensional identification of FGFR-related craniosynostosi.pdf,,,,,,,
influence of 3d printing angles on the accuracy of indirect adhesion transfer models an in vitro study,Influence of 3D printing angles on the accuracy of indirect adhesion transfer models: an in vitro study.,Scientific reports,journalArticle,LFMJ4JFT,Zhu 等 - 2025 - Influence of 3D printing angles on the accuracy of indirect adhesion transfer models an in vitro st.pdf,,,,,,,
accuracy of intraoral scanning versus conventional impressions for partial edentulous patients with maxillary defects,Accuracy of intraoral scanning versus conventional impressions for partial edentulous patients with maxillary defects.,Scientific reports,journalArticle,EXREY3AC,Cao 等 - 2023 - Accuracy of intraoral scanning versus conventional impressions for partial edentulous patients with.pdf,,,,,,,
evaluation of non dental open source software in comparison to dental software in construction of digitally designed partial dentures frameworks,Evaluation of Non-dental open source software in comparison to dental software in construction of digitally designed partial dentures frameworks.,Scientific reports,journalArticle,T4WWA89F,Eldahmy 等 - 2025 - Evaluation of Non-dental open source software in comparison to dental software in construction of di-1.pdf,,,,,,,
automatic segmentation and landmark detection of 3d cbct images using semi supervised learning for assisting orthognathic surgery planning,Automatic segmentation and landmark detection of 3D CBCT images using semi supervised learning for assisting orthognathic surgery planning,SCIENTIFIC REPORTS,journalArticle,S3TXFJRP,Tang 等 - 2025 - Automatic segmentation and landmark detection of 3D CBCT images using semi supervised learning for a.pdf,,,,,,,
three dimensional non destructive visualization of teeth enamel microcracks using x ray micro computed tomography,Three-dimensional non-destructive visualization of teeth enamel microcracks using X-ray micro-computed tomography,SCIENTIFIC REPORTS,journalArticle,UVASR96M,Dumbryte 等 - 2021 - Three-dimensional non-destructive visualization of teeth enamel microcracks using X-ray micro-comput.pdf,,,,,,,
three dimensional semi automated volumetric assessment of the pulp space of teeth following regenerative dental procedures,Three-dimensional semi-automated volumetric assessment of the pulp space of teeth following regenerative dental procedures,SCIENTIFIC REPORTS,journalArticle,D4HHNVLC,Shetty 等 - 2021 - Three-dimensional semi-automated volumetric assessment of the pulp space of teeth following regenera.pdf,,,,,,,
canal net for automatic and robust 3d segmentation of mandibular canals in cbct images using a continuity aware contextual network,Canal-Net for automatic and robust 3D segmentation of mandibular canals in CBCT images using a continuity-aware contextual network,SCIENTIFIC REPORTS,journalArticle,AR2J5ZEV,Jeoun 等 - 2022 - Canal-Net for automatic and robust 3D segmentation of mandibular canals in CBCT images using a conti.pdf,,,,,,,
interpretable artificial intelligence for classification of alveolar bone defect in patients with cleft lip and palate,Interpretable artificial intelligence for classification of alveolar bone defect in patients with cleft lip and palate,SCIENTIFIC REPORTS,journalArticle,U8JBS7DW,Miranda 等 - 2023 - Interpretable artificial intelligence for classification of alveolar bone defect in patients with cl.pdf,,,,,,,
the impact of modifying 3d printing parameters on mechanical strength and physical properties in vat photopolymerisation,The impact of modifying 3D printing parameters on mechanical strength and physical properties in vat photopolymerisation,SCIENTIFIC REPORTS,journalArticle,IPKJEC72,Cheadle 等 - 2025 - The impact of modifying 3D printing parameters on mechanical strength and physical properties in vat.pdf,,,,,,,
3d assessment of the nasolabial region in cleft models comparing an intraoral and a facial scanner to a validated baseline,3D assessment of the nasolabial region in cleft models comparing an intraoral and a facial scanner to a validated baseline,SCIENTIFIC REPORTS,journalArticle,BQRVT8EM,Olmos 等 - 2023 - 3D assessment of the nasolabial region in cleft models comparing an intraoral and a facial scanner t.pdf,,,,,,,
finite element analysis of welded titanium bar and poly ether ether ketone bar in maxillary full arch splinted interim prosthesis,Finite element analysis of welded titanium bar and poly ether ether ketone bar in maxillary full arch splinted interim prosthesis,SCIENTIFIC REPORTS,journalArticle,C6DR5SCA,Farouk Zaki Mohamed 等 - 2025 - Finite element analysis of welded titanium bar and poly ether ether ketone bar in maxillary full arc.pdf,,,,,,,
a morphometric anthropometric analysis of the upper lip in adult western romanian population a retrospective study,A morphometric anthropometric analysis of the upper lip in adult Western Romanian population- a retrospective study,SCIENTIFIC REPORTS,journalArticle,JHV3F4QS,Rusu 等 - 2025 - A morphometric anthropometric analysis of the upper lip in adult Western Romanian population- a retr.pdf,,,,,,,
craniofacial and olfactory sensory changes after long term unilateral nasal obstruction an animal study using mmp 3 luc transgenic rats,Craniofacial and olfactory sensory changes after long-term unilateral nasal obstruction-an animal study using MMP-3-LUC transgenic rats,SCIENTIFIC REPORTS,journalArticle,R2XL2V5D,Hsu 等 - 2024 - Craniofacial and olfactory sensory changes after long-term unilateral nasal obstruction-an animal st.pdf,,,,,,,
cone beam computed tomography guided volumetric assessment of secondary alveolar bone grafting,Cone-beam computed tomography-guided volumetric assessment of secondary alveolar bone grafting,SCIENTIFIC REPORTS,journalArticle,5SMCC8Y7,Erkert 等 - 2025 - Cone-beam computed tomography-guided volumetric assessment of secondary alveolar bone grafting.pdf,,,,,,,
multi objective optimization of custom implant abutment design for enhanced bone remodeling in single crown implants using 3d finite element analysis,Multi-objective optimization of custom implant abutment design for enhanced bone remodeling in single-crown implants using 3D finite element analysis,SCIENTIFIC REPORTS,journalArticle,I3VUEDA6,Poovarodom 等 - 2024 - Multi-objective optimization of custom implant abutment design for enhanced bone remodeling in singl.pdf,,,,,,,
volumetric differences in temporomandibular joint components in patients with facial asymmetry a 3d tomographic segmentation study,Volumetric differences in temporomandibular joint components in patients with facial asymmetry: A 3D tomographic segmentation study,SEMINARS IN ORTHODONTICS,journalArticle,79IB3PRZ,López 等 - 2024 - Volumetric differences in temporomandibular joint components in patients with facial asymmetry A 3D.pdf,,,,,,,
cone beam angle dependency of 3d models computed from cone beam ct images,Cone-Beam Angle Dependency of 3D Models Computed from Cone-Beam CT Images,SENSORS,journalArticle,7KZCURKL,Cho 等 - 2022 - Cone-Beam Angle Dependency of 3D Models Computed from Cone-Beam CT Images..pdf,,,,,,,
patient specific classification of dental root canal and crown shape,Patient Specific Classification of Dental Root Canal and Crown Shape.,"Shape in Medical Imaging : International Workshop, ShapeMI 2020, Held in Conjunction with MICCAI 2020, Lima, Peru, October 4, 2020, Proceedings",journalArticle,GBKMLEI9,Dumont 等 - 2020 - Patient Specific Classification of Dental Root Canal and Crown Shape..pdf,,,,,,,
application of barophoresis in chronic generalized periodontitis a mathematical substantiation,Application of Barophoresis in Chronic Generalized Periodontitis: a Mathematical Substantiation.,Sovremennye tekhnologii v meditsine,journalArticle,CEEZPM88,Antonov 等 - 2022 - Application of Barophoresis in Chronic Generalized Periodontitis a Mathematical Substantiation.pdf,,,,,,,
finite element analysis of an implant supported fdp with different connector heights,Finite Element Analysis of an Implant-Supported FDP with Different Connector Heights,SYMMETRY-BASEL,journalArticle,SK5KLUVX,Alberto 等 - 2022 - Finite Element Analysis of an Implant-Supported FDP with Different Connector Heights..pdf,,,,,,,
dimensional accuracy of medical models of the skull produced by three dimensional printing technology by advanced morphometric analysis,Dimensional accuracy of medical models of the skull produced by three-dimensional printing technology by advanced morphometric analysis,JOURNAL OF THE ANATOMICAL SOCIETY OF INDIA,journalArticle,YMSMMVTX,Aristotle 等 - 2022 - Dimensional Accuracy of Medical Models of the Skull Produced by Three-Dimensional Printing Technolog.pdf,,,,,,,
evaluation on a teaching software for removable partial denture framework design,Evaluation on a teaching software for removable partial denture framework design.,Technology and health care : official journal of the European Society for Engineering and Medicine,journalArticle,HJFRIAYZ,Luo 等 - 2023 - Evaluation on a teaching software for removable partial denture framework design..pdf,,,,,,,
enhancing the accuracy of genioplasty using mixed reality and computer aided design manufacturing a randomized controlled trial,Enhancing the accuracy of genioplasty using mixed reality and computer-aided design/manufacturing: a randomized controlled trial,QUANTITATIVE IMAGING IN MEDICINE AND SURGERY,journalArticle,W9MD2UYS,Tachizawa 等 - 2025 - Enhancing the accuracy of genioplasty using mixed reality and computer-aided designmanufacturing a.pdf,,,,,,,
center of resistance of maxillary canines a 3d computational model for orthodontic applications,Center of resistance of maxillary canines: a 3D computational model for orthodontic applications,EUROPEAN JOURNAL OF ORTHODONTICS,journalArticle,IDN8M8Q7,Gandhi - Center of resistance of maxillary canines a 3D computational model for orthodontic applications.pdf,,,,,,,
comparison of digital and conventional methods of fit evaluation of partial removable dental prosthesis frameworks fabricated by selective laser melting,Comparison of digital and conventional methods of fit evaluation of partial removable dental prosthesis frameworks fabricated by selective laser melting,JOURNAL OF PROSTHETIC DENTISTRY,journalArticle,PARZEQ25,Alabdullah 等 - 2022 - Comparison of digital and conventional methods of fit evaluation of partial removable dental prosthe.pdf,,,,,,,
manufacturing accuracy and volumetric changes of stereolithography additively manufactured zirconia with different porosities,Manufacturing accuracy and volumetric changes of stereolithography additively manufactured zirconia with different porosities,JOURNAL OF PROSTHETIC DENTISTRY,journalArticle,RTD3YEDF,Revilla-León 等 - 2022 - Manufacturing accuracy and volumetric changes of stereolithography additively manufactured zirconia.pdf,,,,,,,
a porcine model using adipose stem cell loaded scaffolds for alveolar ridge augmentation,A Porcine Model Using Adipose Stem Cell-Loaded Scaffolds for Alveolar Ridge Augmentation,TISSUE ENGINEERING PART C-METHODS,journalArticle,7W7AW9ET,Lau 等 - 2022 - A Porcine Model Using Adipose Stem Cell-Loaded Scaffolds for Alveolar Ridge Augmentation..pdf,,,,,,,
effects of type and amount of orthodontic tooth movement on digital model superimposition accuracy,Effects of Type and Amount of Orthodontic Tooth Movement on Digital Model Superimposition Accuracy.,Turkish journal of orthodontics,journalArticle,TYDB4YNK,Camcı和Salmanpour - 2021 - Effects of Type and Amount of Orthodontic Tooth Movement on Digital Model Superimposition Accuracy..pdf,,,,,,,
investigation of different miniscrew head designs by finite element analysis,Investigation of Different Miniscrew Head Designs by Finite Element Analysis.,Turkish journal of orthodontics,journalArticle,W8LMAKKZ,Çıklaçandır 等 - 2024 - Investigation of Different Miniscrew Head Designs by Finite Element Analysis..pdf,,,,,,,
an open source framework for free precise digital facial analysis,An Open Source Framework for Free Precise Digital Facial Analysis.,World journal of plastic surgery,journalArticle,UBAZZ8UQ,Peixoto 等 - 2024 - An Open Source Framework for Free Precise Digital Facial Analysis..pdf,,,,,,,
3d printing technology with reverse guide design in autogenous tooth transplantation an in vitro pictorial report,3D Printing Technology with Reverse Guide Design in Autogenous Tooth Transplantation: An in vitro Pictorial Report,JCPSP-JOURNAL OF THE COLLEGE OF PHYSICIANS AND SURGEONS PAKISTAN,journalArticle,2K22USSR,Min Zhou 等 - 2023 - 3D Printing Technology with Reverse Guide Design in Autogenous Tooth Transplantation An in vitro Pi.pdf,,,,,,,
comparison of fracture load of the four translucent zirconia crowns,Comparison of Fracture Load of the Four Translucent Zirconia Crowns,MOLECULES,journalArticle,KAMJ6MSW,Suchada Kongkiatkamon 等 - 2021 - Comparison of Fracture Load of the Four Translucent Zirconia Crowns.pdf,,,,,,,
fit accuracy of cobalt chromium and polyether ether ketone prosthetic frameworks produced using digital techniques in vitro pilot study,Fit Accuracy of Cobalt-Chromium and Polyether Ether Ketone Prosthetic Frameworks Produced Using Digital Techniques: In Vitro Pilot Study,APPLIED SCIENCES-BASEL,journalArticle,S8P6WG4Y,Barbosa 等 - 2024 - Fit Accuracy of Cobalt-Chromium and Polyether Ether Ketone Prosthetic Frameworks Produced Using Digi.pdf,,,,,,,
effect of thermal cycling on the mechanical properties of conventional milled and 3d printed base resin materials a comparative in vitro study,"Effect of thermal cycling on the mechanical properties of conventional, milled, and 3D-printed base resin materials: a comparative in vitro study",PEERJ,journalArticle,TAVPDM8D,"Xiao 等 - 2025 - Effect of thermal cycling on the mechanical properties of conventional, milled, and 3D-printed base.pdf",,,,,,,
transfer accuracy of four different lingual retainer transfer methods using digital orthodontic models an in vivo comparative study,Transfer accuracy of four different lingual retainer transfer methods using digital orthodontic models: An in vivo comparative study,ANGLE ORTHODONTIST,journalArticle,AUHQYKM6,Yasemin Nur Korkmaz和Semiha Arslan - 2021 - Transfer accuracy of four different lingual retainer transfer methods using digital orthodontic mode.pdf,,,,,,,
comparing 3d tooth movement when implementing the same virtual setup on different software packages,Comparing 3D Tooth Movement When Implementing the Same Virtual Setup on Different Software Packages,JOURNAL OF CLINICAL MEDICINE,journalArticle,6Z8WC5MR,Azad Dhingra 等 - 2022 - Comparing 3D Tooth Movement When Implementing the Same Virtual Setup on Different Software Packages.pdf,,,,,,,
reference areas selection affects registration of ai segmented mandibles acquired with cbct,REFERENCE AREAS SELECTION AFFECTS REGISTRATION OF AI-SEGMENTED MANDIBLES ACQUIRED WITH CBCT,IMAGE ANALYSIS & STEREOLOGY,journalArticle,2JTAYJJD,Leopold 等 - 2024 - REFERENCE AREAS SELECTION AFFECTS REGISTRATION OF AI-SEGMENTED MANDIBLES ACQUIRED WITH CBCT.pdf,,,,,,,
orthodontic treatment improves gingival morphological symmetry parameters a retrospective study,Orthodontic treatment improves gingival morphological symmetry parameters: a retrospective study,BMC ORAL HEALTH,journalArticle,S4H5JVW3,Yibo Wang 等 - 2025 - Orthodontic treatment improves gingival morphological symmetry parameters a retrospective study.pdf,,,,,,,
biomechanical evaluation of a customized 3d printed polyetheretherketone condylar prosthesis,Biomechanical evaluation of a customized 3D-printed polyetheretherketone condylar prosthesis,EXPERIMENTAL AND THERAPEUTIC MEDICINE,journalArticle,7VD2J5PF,Fang Guo 等 - 2021 - Biomechanical evaluation of a customized 3D-printed polyetheretherketone condylar prosthesis.pdf,,,,,,,
three dimensional assessment of two different canine retraction techniques a randomized split mouth clinical trial,Three-dimensional assessment of two different canine retraction techniques: a randomized split-mouth clinical trial,PROGRESS IN ORTHODONTICS,journalArticle,2XCE6F7N,Şuayip Akın和Hasan Camcı - 2021 - Three-dimensional assessment of two different canine retraction techniques a randomized split-mouth.pdf,,,,,,,
finite element analysis of class ii mandibular unilateral distal extension partial dentures,Finite element analysis of class II mandibular unilateral distal extension partial dentures,PROCEEDINGS OF THE INSTITUTION OF MECHANICAL ENGINEERS PART C-JOURNAL OF MECHANICAL ENGINEERING SCIENCE,journalArticle,NKHLQW6Q,Sabri 等 - 2022 - Finite element analysis of class II mandibular unilateral distal extension partial dentures.pdf,,,,,,,
marginal and internal gaps surface roughness and fracture resistance of provisional crowns fabricated with 3d printing and milling systems,"Marginal and Internal Gaps, Surface Roughness and Fracture Resistance of Provisional Crowns Fabricated With 3D Printing and Milling Systems",OPERATIVE DENTISTRY,journalArticle,THQFPEYX,"Al-Wahadni 等 - 2023 - Marginal and Internal Gaps, Surface Roughness and Fracture Resistance of Provisional Crowns Fabricat.pdf",,,,,,,
interactive volume rendering module using two dimensional transfer function on cone beam computed tomography data,Interactive Volume Rendering Module using Two-Dimensional Transfer Function on Cone-Beam Computed Tomography Data,2023 10th International Conference on Signal Processing and Integrated Networks (SPIN),conferencePaper,U8CZVJBX,Bhat 等 - 2023 - Interactive Volume Rendering Module using Two-Dimensional Transfer Function on Cone-Beam Computed To.pdf,,,,,,,
innovative facial sculpting of the human skull using 3d scanning techniques,Innovative Facial Sculpting of the Human Skull Using 3D Scanning Techniques,2024 16th Biomedical Engineering International Conference (BMEiCON),conferencePaper,GNNPTY9X,Phuaphisit 等 - 2024 - Innovative Facial Sculpting of the Human Skull Using 3D Scanning Techniques.pdf,,,,,,,
digital twin based stereo dataset generation method for 3d reconstruction of teeth,Digital Twin-Based Stereo Dataset Generation Method for 3D Reconstruction of Teeth,2025 WRC Symposium on Advanced Robotics and Automation (WRC SARA),conferencePaper,SXD7ZNDY,Su 等 - 2025 - Digital Twin-Based Stereo Dataset Generation Method for 3D Reconstruction of Teeth.pdf,,,,,,,
automatic segmentation of mandibular ramus and condyles,Automatic Segmentation of Mandibular Ramus and Condyles,2021 43rd Annual International Conference of the IEEE Engineering in Medicine & Biology Society (EMBC),conferencePaper,24Y7C84K,Le 等 - 2021 - Automatic Segmentation of Mandibular Ramus and Condyles.pdf,,,,,,,
