_nt,Title,期刊,Item Type,Key,PDF,判定,判定理由,软件,专科,应用场景,研究设计,原始返回
virtual setup in orthodontics planning and evaluation,Virtual setup in orthodontics: planning and evaluation.,Clinical oral investigations,journalArticle,7NEJ5SFL,Baan 等 - 2020 - Virtual setup in orthodontics planning and evaluation..pdf,EXCLUDE,"证据中该研究自身使用的是""in-house-created software, MED""（自研软件），而具名的 IPS CaseDesigner 属于牙科专用软件，均不符合""具名第三方非牙科3D软件""的纳入要求。",-,-,-,-,"【判定】: EXCLUDE
【判定理由】: 证据中该研究自身使用的是""in-house-created software, MED""（自研软件），而具名的 IPS CaseDesigner 属于牙科专用软件，均不符合""具名第三方非牙科3D软件""的纳入要求。
【软件】: -
【专科】: -
【应用场景】: -
【研究设计】: -"
an open source three dimensional growth model of the mandible,"An open-source, three-dimensional growth model of the mandible.",Computers in biology and medicine,journalArticle,CLHU5JFE,"Klop 等 - 2024 - An open-source, three-dimensional growth model of the mandible.pdf",INCLUDE,"该研究自身在方法中使用具名第三方非牙科3D软件处理3D数据，如""segmented using a semi-automatic method in Brainlab Elements""以及""removed in Meshmixer (Autodesk Inc., San Rafael, CA, USA)""。",Brainlab Elements; Meshmixer,Oral and Maxillofacial Surgery,Image segmentation and 3D reconstruction,computational,"【判定】: INCLUDE
【判定理由】: 该研究自身在方法中使用具名第三方非牙科3D软件处理3D数据，如""segmented using a semi-automatic method in Brainlab Elements""以及""removed in Meshmixer (Autodesk Inc., San Rafael, CA, USA)""。
【软件】: Brainlab Elements; Meshmixer
【专科】: Oral and Maxillofacial Surgery
【应用场景】: Image segmentation and 3D reconstruction
【研究设计】: computational"
cross center model adaptive tooth segmentation,Cross-center Model Adaptive Tooth segmentation.,Medical image analysis,journalArticle,GM2LLIKT,Chen 等 - 2025 - Cross-center Model Adaptive Tooth segmentation..pdf,EXCLUDE,"该研究提出的是自研框架""CMAT""，其模型自适应由""tooth-level prototype alignment module, a progressive pseudo-labeling transfer module, and a tooth-prior regularized information maximization module""实现，证据片段中未出现任何该研究自己使用的具名第三方非牙科3D软件。",-,-,-,-,"【判定】: EXCLUDE
【判定理由】: 该研究提出的是自研框架""CMAT""，其模型自适应由""tooth-level prototype alignment module, a progressive pseudo-labeling transfer module, and a tooth-prior regularized information maximization module""实现，证据片段中未出现任何该研究自己使用的具名第三方非牙科3D软件。
【软件】: -
【专科】: -
【应用场景】: -
【研究设计】: -"
geo net geometry guided pretraining for tooth point cloud segmentation,Geo-Net: Geometry-Guided Pretraining for Tooth Point Cloud Segmentation.,Journal of dental research,journalArticle,CY4M86BS,Liu 等 - 2024 - Geo-Net Geometry-Guided Pretraining for Tooth Point Cloud Segmentation.pdf,EXCLUDE,"证据片段仅显示该研究提出自研的 Geo-Net 自监督预训练框架（""we propose a self-supervised pretraining framework, named Geo-Net""），未提及使用任何具名的第三方非牙科3D软件。",-,-,-,-,"【判定】: EXCLUDE
【判定理由】: 证据片段仅显示该研究提出自研的 Geo-Net 自监督预训练框架（""we propose a self-supervised pretraining framework, named Geo-Net""），未提及使用任何具名的第三方非牙科3D软件。
【软件】: -
【专科】: -
【应用场景】: -
【研究设计】: -"
3d printing technologies for removable dentures manufacturing a review of potentials and challenges,3D Printing Technologies for Removable Dentures Manufacturing: A Review of Potentials and Challenges.,The European journal of prosthodontics and restorative dentistry,journalArticle,YWZB3ZFE,Alhallak和Nankali - 2022 - 3D Printing Technologies for Removable Dentures Manufacturing A Review of Potentials and Challenges.pdf,EXCLUDE,"该文献为综述（""The aim of this review is to investigate the use of 3D printing technologies...""），且证据片段中未出现该研究自身使用的任何具名第三方非牙科3D软件。",-,-,-,-,"【判定】: EXCLUDE
【判定理由】: 该文献为综述（""The aim of this review is to investigate the use of 3D printing technologies...""），且证据片段中未出现该研究自身使用的任何具名第三方非牙科3D软件。
【软件】: -
【专科】: -
【应用场景】: -
【研究设计】: -"
redefining mri based skull segmentation through ai driven multimodal integration,Redefining MRI-Based Skull Segmentation Through AI-Driven Multimodal Integration.,Journal of imaging,journalArticle,7G2A3A2R,Beyer 等 - 2025 - Redefining MRI-Based Skull Segmentation Through AI-Driven Multimodal Integration.pdf,EXCLUDE,"证据片段仅显示该研究使用自研的深度学习模型（""train dedicated deep learning models""）进行MRI颅骨分割，未出现任何具名的第三方非牙科3D软件被该研究自己使用。",-,-,-,-,"【判定】: EXCLUDE
【判定理由】: 证据片段仅显示该研究使用自研的深度学习模型（""train dedicated deep learning models""）进行MRI颅骨分割，未出现任何具名的第三方非牙科3D软件被该研究自己使用。
【软件】: -
【专科】: -
【应用场景】: -
【研究设计】: -"
the role of patient specific implants in the oral and maxillofacial region,The role of patient specific implants in the oral and maxillofacial region.,"Medical journal, Armed Forces India",journalArticle,GNTHJANG,Roy 等 - 2024 - The role of patient specific implants in the oral and maxillofacial region.pdf,EXCLUDE,"该文献为综述（""This article reviews the varied aspects of this new technology of PSI""），且证据片段中仅泛泛提及 CAD/CAM 平台，未出现任何该研究自身使用的具名第三方非牙科3D软件。",-,-,-,-,"【判定】: EXCLUDE
【判定理由】: 该文献为综述（""This article reviews the varied aspects of this new technology of PSI""），且证据片段中仅泛泛提及 CAD/CAM 平台，未出现任何该研究自身使用的具名第三方非牙科3D软件。
【软件】: -
【专科】: -
【应用场景】: -
【研究设计】: -"
digital duplication of maxillary complete denture a dental technique,Digital duplication of maxillary complete denture: A dental technique.,Journal of esthetic and restorative dentistry : official publication of the American Academy of Esthetic Dentistry ... [et al.],journalArticle,JP3XLWTI,Fekri和Abdelaziz - 2023 - Digital duplication of maxillary complete denture A dental technique-1.pdf,INCLUDE,"该技术研究自身在方法中使用 ""The obtained DICOM file was segmented using an image computing platform software (3D slicer)""，3D Slicer 为具名第三方非牙科3D软件，用于3D数据处理。",3D Slicer,Prosthodontics,Image segmentation and 3D reconstruction,technical_note,"【判定】: INCLUDE
【判定理由】: 该技术研究自身在方法中使用 ""The obtained DICOM file was segmented using an image computing platform software (3D slicer)""，3D Slicer 为具名第三方非牙科3D软件，用于3D数据处理。
【软件】: 3D Slicer
【专科】: Prosthodontics
【应用场景】: Image segmentation and 3D reconstruction
【研究设计】: technical_note"
root canal disinfection and maintenance of the remnant tooth tissues by using grape seed and cranberry extracts,Root canal disinfection and maintenance of the remnant tooth tissues by using grape seed and cranberry extracts.,Odontology,journalArticle,78Q8XIIY,Febvey 等 - 2023 - Root canal disinfection and maintenance of the remnant tooth tissues by using grape seed and cranber.pdf,EXCLUDE,"摘要明确说明该研究为""integrative review""（综述），且证据片段中未出现任何该研究自身使用的具名第三方非牙科3D软件。",-,-,-,-,"【判定】: EXCLUDE
【判定理由】: 摘要明确说明该研究为""integrative review""（综述），且证据片段中未出现任何该研究自身使用的具名第三方非牙科3D软件。
【软件】: -
【专科】: -
【应用场景】: -
【研究设计】: -"
role of digital technologies in special care dentistry a scoping review,Role of Digital Technologies in Special Care Dentistry: A Scoping Review.,"Special care in dentistry : official publication of the American Association of Hospital Dentists, the Academy of Dentistry for the Handicapped, and the American  Society for Geriatric Dentistry",journalArticle,EILJESU9,Kammer 等 - 2025 - Role of Digital Technologies in Special Care Dentistry A Scoping Review.pdf,EXCLUDE,"该文献为 scoping review（""This scoping review aims to explore...""），属于综述类型，不符合原创研究要求；且证据片段中仅泛泛提及 ""CAD/CAM systems, intraoral scanners, and 3D imaging technologies""，未显示该研究自身使用任何具名第三方非牙科3D软件。",-,-,-,-,"【判定】: EXCLUDE
【判定理由】: 该文献为 scoping review（""This scoping review aims to explore...""），属于综述类型，不符合原创研究要求；且证据片段中仅泛泛提及 ""CAD/CAM systems, intraoral scanners, and 3D imaging technologies""，未显示该研究自身使用任何具名第三方非牙科3D软件。
【软件】: -
【专科】: -
【应用场景】: -
【研究设计】: -"
automated dentition segmentation 3d unet based approach with miscnn framework,Automated dentition segmentation: 3D UNet-based approach with MIScnn framework.,Journal of the World federation of orthodontists,journalArticle,R4FJVQAW,Kim 等 - 2025 - Automated dentition segmentation 3D UNet-based approach with MIScnn framework.pdf,EXCLUDE,"该研究使用的是自研的 3D UNet-based CNN 模型，证据片段仅提及 ""utilizing the Medical Image Segmentation CNN framework"" 和 ""AI-assisted segmentation software""，未出现任何具名的第三方非牙科3D软件被该研究自己使用。",-,-,-,-,"【判定】: EXCLUDE
【判定理由】: 该研究使用的是自研的 3D UNet-based CNN 模型，证据片段仅提及 ""utilizing the Medical Image Segmentation CNN framework"" 和 ""AI-assisted segmentation software""，未出现任何具名的第三方非牙科3D软件被该研究自己使用。
【软件】: -
【专科】: -
【应用场景】: -
【研究设计】: -"
fusion of intra oral scans in cone beam computed tomography scans,Fusion of intra-oral scans in cone-beam computed tomography scans.,Clinical oral investigations,journalArticle,MGCLIWPA,Baan 等 - 2021 - Fusion of intra-oral scans in cone-beam computed tomography scans..pdf,EXCLUDE,证据片段显示该研究仅使用 IPS CaseDesigner® 和 OrthoAnalyzer™ 两款软件进行融合，二者均为牙科专用软件，未使用任何具名的第三方非牙科3D软件。,-,-,-,-,"【判定】: EXCLUDE
【判定理由】: 证据片段显示该研究仅使用 IPS CaseDesigner® 和 OrthoAnalyzer™ 两款软件进行融合，二者均为牙科专用软件，未使用任何具名的第三方非牙科3D软件。
【软件】: -
【专科】: -
【应用场景】: -
【研究设计】: -"
fully automated tooth segmentation and labeling for both full and partial arch intraoral scans using deep learning,Fully Automated Tooth Segmentation and Labeling for Both Full- and Partial-Arch Intraoral Scans Using Deep Learning.,International dental journal,journalArticle,V6QXLTTL,Cao 等 - 2025 - Fully Automated Tooth Segmentation and Labeling for Both Full- and Partial-Arch Intraoral Scans Usin.pdf,EXCLUDE,"该研究基于自研的两阶段深度学习模型（""The proposed model was based on a two-stage DL model (ToothInstanceNet)""），证据片段中未出现任何该研究自己使用的具名第三方非牙科3D软件。",-,-,-,-,"【判定】: EXCLUDE
【判定理由】: 该研究基于自研的两阶段深度学习模型（""The proposed model was based on a two-stage DL model (ToothInstanceNet)""），证据片段中未出现任何该研究自己使用的具名第三方非牙科3D软件。
【软件】: -
【专科】: -
【应用场景】: -
【研究设计】: -"
an update on cad cam usage for removable partial denture fabrication a systematic review,An update on CAD-CAM usage for removable partial denture fabrication: A systematic review.,Bioinformation,journalArticle,PNHT9ZGI,"Department of Prosthodontics, D.Y. Patil Deemed to be University, School of Dentistry, Navi Mumbai, Maharashtra, India 等 - 2024 - An update on CAD-CAM usage for removable partial denture fabrication A systematic review.pdf",EXCLUDE,"该文献为系统综述（题名明确标注""A systematic review""），属于排除的文献类型；且证据片段中仅泛泛提及""advanced CAD software""，未出现任何该研究自身使用的具名第三方非牙科3D软件。",-,-,-,-,"【判定】: EXCLUDE
【判定理由】: 该文献为系统综述（题名明确标注""A systematic review""），属于排除的文献类型；且证据片段中仅泛泛提及""advanced CAD software""，未出现任何该研究自身使用的具名第三方非牙科3D软件。
【软件】: -
【专科】: -
【应用场景】: -
【研究设计】: -"
biomechanical evaluation of framework materials in all on four versus all on six prostheses a finite element study,Biomechanical Evaluation of Framework Materials in All-on-Four Versus All-on-Six Prostheses: A Finite Element Study.,Clinical and experimental dental research,journalArticle,QLPEUI2S,Cabbarova 等 - 2026 - Biomechanical Evaluation of Framework Materials in All‐on‐Four Versus All‐on‐Six Prostheses A Finit.pdf,EXCLUDE,抽取的证据片段中仅提及基于CBCT数据建立三维有限元模型及CAD-CAM材料，但未出现任何该研究自身使用的具名第三方非牙科3D软件（如Mimics、ANSYS、ABAQUS等）的原文证据。,-,-,-,-,"【判定】: EXCLUDE
【判定理由】: 抽取的证据片段中仅提及基于CBCT数据建立三维有限元模型及CAD-CAM材料，但未出现任何该研究自身使用的具名第三方非牙科3D软件（如Mimics、ANSYS、ABAQUS等）的原文证据。
【软件】: -
【专科】: -
【应用场景】: -
【研究设计】: -"
influence of the frameworks of implant supported prostheses and implant connections on stress distribution,Influence of the frameworks of implant-supported prostheses and implant connections on stress distribution.,Dental and medical problems,journalArticle,UNK3IQDN,Tonin 等 - 2023 - Influence of the frameworks of implant-supported prostheses and implant connections on stress distri.pdf,EXCLUDE,"证据片段中仅提及""CAD/CAM system""及牙科专用扫描仪""D700 scanner (3Shape)""和""Ceramill Motion 2""铣床，未出现任何该研究自身使用的具名第三方非牙科3D软件。",-,-,-,-,"【判定】: EXCLUDE
【判定理由】: 证据片段中仅提及""CAD/CAM system""及牙科专用扫描仪""D700 scanner (3Shape)""和""Ceramill Motion 2""铣床，未出现任何该研究自身使用的具名第三方非牙科3D软件。
【软件】: -
【专科】: -
【应用场景】: -
【研究设计】: -"
numerical assessment tool to measure realism in clinical simulation,Numerical Assessment Tool to Measure Realism in Clinical Simulation.,International journal of environmental research and public health,journalArticle,YWHF6MK5,Coro-Montanet 等 - 2023 - Numerical Assessment Tool to Measure Realism in Clinical Simulation..pdf,EXCLUDE,"该研究主题为临床模拟真实性评估工具（ProRealSim v.1.0），不属于口腔医学任一学科；且证据中仅提及统计软件""R v4.02 software""，并非用于3D数据处理、分析、建模或测量的非牙科3D软件。",-,-,-,-,"【判定】: EXCLUDE
【判定理由】: 该研究主题为临床模拟真实性评估工具（ProRealSim v.1.0），不属于口腔医学任一学科；且证据中仅提及统计软件""R v4.02 software""，并非用于3D数据处理、分析、建模或测量的非牙科3D软件。
【软件】: -
【专科】: -
【应用场景】: -
【研究设计】: -"
a comparative study on the effectiveness of augmented reality on denture tooth selection,A Comparative study on the Effectiveness of Augmented Reality on Denture Tooth Selection.,The European journal of prosthodontics and restorative dentistry,journalArticle,53Y9LVNA,Jiwan 等 - 2021 - A Comparative study on the Effectiveness of Augmented Reality on Denture Tooth Selection..pdf,EXCLUDE,"证据片段显示该研究使用的是自研的AR软件""our own augmented reality software package called ToothPick""，并未使用任何具名的第三方非牙科3D软件。",-,-,-,-,"【判定】: EXCLUDE
【判定理由】: 证据片段显示该研究使用的是自研的AR软件""our own augmented reality software package called ToothPick""，并未使用任何具名的第三方非牙科3D软件。
【软件】: -
【专科】: -
【应用场景】: -
【研究设计】: -"
low cost high fidelity 3d printed temporomandibular joint tmj dislocation reduction task trainer,"Low-Cost, High-Fidelity 3D-Printed Temporomandibular Joint (TMJ) Dislocation Reduction Task Trainer.",Cureus,journalArticle,UNERRYKU,"Shin 等 - 2025 - Low-Cost, High-Fidelity 3D-Printed Temporomandibular Joint (TMJ) Dislocation Reduction Task Trainer.pdf",EXCLUDE,"证据片段仅描述3D打印组件的组装过程（""The assembly process begins once the 3D-printed components...are completed""），未提及该研究自身使用任何具名的第三方非牙科3D软件。",-,-,-,-,"【判定】: EXCLUDE
【判定理由】: 证据片段仅描述3D打印组件的组装过程（""The assembly process begins once the 3D-printed components...are completed""），未提及该研究自身使用任何具名的第三方非牙科3D软件。
【软件】: -
【专科】: -
【应用场景】: -
【研究设计】: -"
root canal segmentation in cbct images by 3d u net with global and local combination loss,Root Canal Segmentation in CBCT Images by 3D U-Net with Global and Local Combination Loss.,Annual International Conference of the IEEE Engineering in Medicine and Biology Society. IEEE Engineering in Medicine and Biology Society. Annual International  Conference,journalArticle,V57RMVGL,Zhang 等 - 2021 - Root Canal Segmentation in CBCT Images by 3D U-Net with Global and Local Combination Loss..pdf,EXCLUDE,"该研究仅提出并使用了自研的深度学习网络（""the proposed 3D U-Net""）与 level set 方法，证据片段中未出现任何具名的第三方非牙科3D软件被该研究自己使用。",-,-,-,-,"【判定】: EXCLUDE
【判定理由】: 该研究仅提出并使用了自研的深度学习网络（""the proposed 3D U-Net""）与 level set 方法，证据片段中未出现任何具名的第三方非牙科3D软件被该研究自己使用。
【软件】: -
【专科】: -
【应用场景】: -
【研究设计】: -"
oriented tooth detection a cbct image processing method integrated with roi transformer,Oriented tooth detection: a CBCT image processing method integrated with RoI?transformer.,Dento maxillo facial radiology,journalArticle,VPPTRWXZ,Zhao 等 - 2025 - Oriented tooth detection a CBCT image processing method integrated with RoI transformer..pdf,EXCLUDE,"证据片段仅描述该研究提出""an oriented object detection approach integrated with a Region of Interest (RoI) transformer""及自建深度学习模型，未出现任何具名的第三方非牙科3D软件被该研究自身使用。",-,-,-,-,"【判定】: EXCLUDE
【判定理由】: 证据片段仅描述该研究提出""an oriented object detection approach integrated with a Region of Interest (RoI) transformer""及自建深度学习模型，未出现任何具名的第三方非牙科3D软件被该研究自身使用。
【软件】: -
【专科】: -
【应用场景】: -
【研究设计】: -"
3d craniofacial generative model for surgical planning in mandibular reconstruction,3D craniofacial generative model for surgical planning in mandibular reconstruction.,Medical image analysis,journalArticle,E5ATG7MJ,Xu 等 - 2026 - 3D craniofacial generative model for surgical planning in mandibular reconstruction..pdf,EXCLUDE,"该研究提出的是自研的""3D latent diffusion model""和""geometric optimization algorithm based on dynamic programming""，并声明""Our code is available at https://github.com/...""，属于自研算法/代码，证据片段中未出现任何该研究自己使用的具名第三方非牙科3D软件。",-,-,-,-,"【判定】: EXCLUDE
【判定理由】: 该研究提出的是自研的""3D latent diffusion model""和""geometric optimization algorithm based on dynamic programming""，并声明""Our code is available at https://github.com/...""，属于自研算法/代码，证据片段中未出现任何该研究自己使用的具名第三方非牙科3D软件。
【软件】: -
【专科】: -
【应用场景】: -
【研究设计】: -"
guidelines for orbital defect assessment and patient specific implant design introducing oa 2 orbital assessment algorithm,Guidelines for Orbital Defect Assessment and Patient-Specific Implant Design: Introducing OA(2) (Orbital Assessment Algorithm).,Craniomaxillofacial trauma & reconstruction,journalArticle,BXY6ILDH,Gellrich 等 - 2024 - Guidelines for Orbital Defect Assessment and Patient-Specific Implant Design Introducing OA(2) (Orb.pdf,EXCLUDE,"该文献自述为""a review of the evolutionary development in reconstructive orbital surgery""，属于综述类型，且证据片段中未出现任何该研究自身使用的具名第三方非牙科3D软件。",-,-,-,-,"【判定】: EXCLUDE
【判定理由】: 该文献自述为""a review of the evolutionary development in reconstructive orbital surgery""，属于综述类型，且证据片段中未出现任何该研究自身使用的具名第三方非牙科3D软件。
【软件】: -
【专科】: -
【应用场景】: -
【研究设计】: -"
mechanotherapeutic modulation of the nasal microenvironment rampa induced maxillofacial remodeling and its pathophysiological impact on mucus rheology and chronic inflammation,Mechanotherapeutic Modulation of the Nasal Microenvironment: RAMPA-Induced Maxillofacial Remodeling and Its Pathophysiological Impact on Mucus Rheology and  Chronic Inflammation.,"Bioengineering (Basel, Switzerland)",journalArticle,HHXKMFE3,Mitani 等 - 2026 - Mechanotherapeutic Modulation of the Nasal Microenvironment RAMPA-Induced Maxillofacial Remodeling.pdf,EXCLUDE,"证据片段仅提及""Computational Fluid Dynamics (CFD) and Finite Element Analysis (FEA) were employed""，未出现任何具名的第三方非牙科3D软件（如 ANSYS、ABAQUS、Mimics 等）被该研究自己使用。",-,-,-,-,"【判定】: EXCLUDE
【判定理由】: 证据片段仅提及""Computational Fluid Dynamics (CFD) and Finite Element Analysis (FEA) were employed""，未出现任何具名的第三方非牙科3D软件（如 ANSYS、ABAQUS、Mimics 等）被该研究自己使用。
【软件】: -
【专科】: -
【应用场景】: -
【研究设计】: -"
evaluation of an ai based segmentation model for mandibular fracture segmentation on cbct using volumetric and 2d slice based validation approaches,Evaluation of an AI-based segmentation model for mandibular fracture segmentation on CBCT using volumetric and 2D slice-based validation approaches.,BMC oral health,journalArticle,SUK2X4DR,Arı 等 - 2026 - Evaluation of an AI-based segmentation model for mandibular fracture segmentation on CBCT using volu.pdf,EXCLUDE,"该研究仅使用自研/自建的 AI 模型（""The AI model was developed using the nnU-Net v2 architecture in 3D full-resolution mode""），属于自研算法/代码，未使用任何具名的第三方非牙科3D软件。",-,-,-,-,"【判定】: EXCLUDE
【判定理由】: 该研究仅使用自研/自建的 AI 模型（""The AI model was developed using the nnU-Net v2 architecture in 3D full-resolution mode""），属于自研算法/代码，未使用任何具名的第三方非牙科3D软件。
【软件】: -
【专科】: -
【应用场景】: -
【研究设计】: -"
accuracy of static computer assisted implant placement in posterior edentulous areas with different levels of tooth support by novice clinicians,Accuracy of Static Computer- Assisted Implant Placement in Posterior Edentulous Areas with Different Levels of Tooth- Support by Novice Clinicians.,The European journal of prosthodontics and restorative dentistry,journalArticle,69LQ9WZ4,Abduo和Lau - 2023 - Accuracy of Static Computer- Assisted Implant Placement in Posterior Edentulous Areas with Different.pdf,EXCLUDE,抽取的证据片段仅涉及手术导板引导方式（FG/PG/FH）与种植体偏差测量，未出现任何具名的第三方非牙科3D软件被该研究自己使用。,-,-,-,-,"【判定】: EXCLUDE
【判定理由】: 抽取的证据片段仅涉及手术导板引导方式（FG/PG/FH）与种植体偏差测量，未出现任何具名的第三方非牙科3D软件被该研究自己使用。
【软件】: -
【专科】: -
【应用场景】: -
【研究设计】: -"
management of total frontal bone loss after surgery for craniosynostosis the modified visor bone flap with brain cage,Management of Total Frontal Bone Loss After Surgery for Craniosynostosis: The Modified Visor Bone Flap With Brain Cage.,The Cleft palate-craniofacial journal : official publication of the American Cleft Palate-Craniofacial Association,journalArticle,B5HAN576,Valenti 等 - 2024 - Management of Total Frontal Bone Loss After Surgery for Craniosynostosis The Modified Visor Bone Fl.pdf,EXCLUDE,"证据片段中仅泛泛提及""Virtual surgery planning (VSP) and computer-assisted design (CAD)/computer-assisted manufacturing (CAM) technology""，未出现任何该研究自己使用的具名第三方非牙科3D软件。",-,-,-,-,"【判定】: EXCLUDE
【判定理由】: 证据片段中仅泛泛提及""Virtual surgery planning (VSP) and computer-assisted design (CAD)/computer-assisted manufacturing (CAM) technology""，未出现任何该研究自己使用的具名第三方非牙科3D软件。
【软件】: -
【专科】: -
【应用场景】: -
【研究设计】: -"
visualizing physiological sclerotic dentin via micro computed tomography a pilot study,Visualizing physiological sclerotic dentin via micro-computed tomography: A pilot study.,Imaging science in dentistry,journalArticle,JFGG5SRB,Zainuddin 等 - 2025 - Visualizing physiological sclerotic dentin via micro-computed tomography A pilot study..pdf,INCLUDE,"该研究自身在材料与方法中使用 FIJI (ImageJ) 进行三维体积分析，原文明确写道 ""volumetric analysis was performed on the root dentin region using the open-source software FIJI (ImageJ)""，且用其 3D Manager 进行三维分割与可视化。",FIJI (ImageJ),Oral and Maxillofacial Radiology,Image segmentation and 3D reconstruction,in_vitro,"【判定】: INCLUDE
【判定理由】: 该研究自身在材料与方法中使用 FIJI (ImageJ) 进行三维体积分析，原文明确写道 ""volumetric analysis was performed on the root dentin region using the open-source software FIJI (ImageJ)""，且用其 3D Manager 进行三维分割与可视化。
【软件】: FIJI (ImageJ)
【专科】: Oral and Maxillofacial Radiology
【应用场景】: Image segmentation and 3D reconstruction
【研究设计】: in_vitro"
madcrowner margin aware dental crown design with template deformation and refinement,MADCrowner: Margin Aware Dental Crown design with template deformation and refinement.,Medical image analysis,journalArticle,Y3Y6L6FN,Wei 等 - 2026 - MADCrowner Margin Aware Dental Crown design with template deformation and refinement.pdf,EXCLUDE,"证据片段仅显示该研究提出自研框架""MADCrowner, a margin-aware mesh generation framework comprising CrownDeformR and CrownSegger""，并释放自编代码（""The code repository was released in https://github.com/lullcant/MADCrowner""），未提及任何具名第三方非牙科3D软件被该研究自身使用。",-,-,-,-,"【判定】: EXCLUDE
【判定理由】: 证据片段仅显示该研究提出自研框架""MADCrowner, a margin-aware mesh generation framework comprising CrownDeformR and CrownSegger""，并释放自编代码（""The code repository was released in https://github.com/lullcant/MADCrowner""），未提及任何具名第三方非牙科3D软件被该研究自身使用。
【软件】: -
【专科】: -
【应用场景】: -
【研究设计】: -"
tcfnet bidirectional face bone transformation via a transformer based coarse to fine point movement network,TCFNet: Bidirectional face-bone transformation via a Transformer-based coarse-to-fine point movement network.,Medical image analysis,journalArticle,8PBRU82N,Zhang 等 - 2025 - TCFNet Bidirectional face-bone transformation via a Transformer-based coarse-to-fine point movement.pdf,EXCLUDE,"该研究提出的是自研的 Transformer-based 网络（TCFNet）及 LIA-Net，属于自编算法/代码（""we propose a Transformer-based coarse-to-fine point movement network (TCFNet)""），证据片段中未出现任何该研究自己使用的具名第三方非牙科3D软件。",-,-,-,-,"【判定】: EXCLUDE
【判定理由】: 该研究提出的是自研的 Transformer-based 网络（TCFNet）及 LIA-Net，属于自编算法/代码（""we propose a Transformer-based coarse-to-fine point movement network (TCFNet)""），证据片段中未出现任何该研究自己使用的具名第三方非牙科3D软件。
【软件】: -
【专科】: -
【应用场景】: -
【研究设计】: -"
fully automated ai based digital workflow for mirroring of healthy and defective craniofacial models,Fully Automated AI-Based Digital Workflow for Mirroring of Healthy and Defective Craniofacial Models.,Journal of imaging,journalArticle,ZHH7IXHH,Beyer 等 - 2025 - Fully Automated AI-Based Digital Workflow for Mirroring of Healthy and Defective Craniofacial Models.pdf,EXCLUDE,"该研究仅使用自研的深度学习模型 nnU-Net 和自编的 PCA-ICP 算法（""train a three-dimensional nnU-Net model""、""a Principal Component Analysis–Iterative Closest Point (PCA-ICP) algorithm was then applied""），未使用任何具名的第三方非牙科3D软件。",-,-,-,-,"【判定】: EXCLUDE
【判定理由】: 该研究仅使用自研的深度学习模型 nnU-Net 和自编的 PCA-ICP 算法（""train a three-dimensional nnU-Net model""、""a Principal Component Analysis–Iterative Closest Point (PCA-ICP) algorithm was then applied""），未使用任何具名的第三方非牙科3D软件。
【软件】: -
【专科】: -
【应用场景】: -
【研究设计】: -"
ducu a conceptual framework for ai driven conversion of smile design to functional wax up,DUCU: a conceptual framework for AI-driven conversion of smile design to functional wax-up.,Frontiers in oral health,journalArticle,K64RLB43,Drafta 等 - 2025 - DUCU a conceptual framework for AI-driven conversion of smile design to functional wax-up..pdf,EXCLUDE,"该文献为""Hypothesis and Theory""类型的概念框架文章，仅提出 DUCU 概念，未在材料与方法中使用任何具名第三方非牙科3D软件；证据片段中仅泛泛提及""artificial intelligence algorithms""和""deep-learning algorithms""，无具体软件名。",-,-,-,-,"【判定】: EXCLUDE
【判定理由】: 该文献为""Hypothesis and Theory""类型的概念框架文章，仅提出 DUCU 概念，未在材料与方法中使用任何具名第三方非牙科3D软件；证据片段中仅泛泛提及""artificial intelligence algorithms""和""deep-learning algorithms""，无具体软件名。
【软件】: -
【专科】: -
【应用场景】: -
【研究设计】: -"
treatment of progressive hemifacial atrophy by cartilage graft and free adipofascial flap combined with three dimensional planning,Treatment of Progressive Hemifacial Atrophy by Cartilage Graft and Free Adipofascial Flap Combined with Three-Dimensional Planning.,Plastic and reconstructive surgery,journalArticle,PYH6UXUZ,He 等 - 2024 - Treatment of Progressive Hemifacial Atrophy by Cartilage Graft and Free Adipofascial Flap Combined w.pdf,INCLUDE,"该研究自身在方法中使用了具名第三方非牙科3D软件，原文证据为""The image data was analyzed on Mimics Innovation Suite Software (Materialise, Leuven, Belgium)""。",Mimics Innovation Suite,Oral and Maxillofacial Surgery,Surgical planning and precise implementation,clinical,"【判定】: INCLUDE
【判定理由】: 该研究自身在方法中使用了具名第三方非牙科3D软件，原文证据为""The image data was analyzed on Mimics Innovation Suite Software (Materialise, Leuven, Belgium)""。
【软件】: Mimics Innovation Suite
【专科】: Oral and Maxillofacial Surgery
【应用场景】: Surgical planning and precise implementation
【研究设计】: clinical"
evaluation of a novel drilling approach for dynamic navigation aided endodontic microsurgery a surgical simulation comparison study,Evaluation of a Novel Drilling Approach for Dynamic Navigation-Aided Endodontic Microsurgery: A Surgical Simulation Comparison Study.,Journal of endodontics,journalArticle,DCY89A88,Qin 等 - 2024 - Evaluation of a Novel Drilling Approach for Dynamic Navigation-Aided Endodontic Microsurgery A Surg.pdf,EXCLUDE,"证据片段中唯一具名软件为""GPower software""（用于样本量计算）及牙科专用导航软件""DHC-ENDO1""，未见该研究自身使用任何具名第三方非牙科3D软件进行3D数据处理、分析、建模或测量。",-,-,-,-,"【判定】: EXCLUDE
【判定理由】: 证据片段中唯一具名软件为""GPower software""（用于样本量计算）及牙科专用导航软件""DHC-ENDO1""，未见该研究自身使用任何具名第三方非牙科3D软件进行3D数据处理、分析、建模或测量。
【软件】: -
【专科】: -
【应用场景】: -
【研究设计】: -"
deep learning enabled 3d multimodal fusion of cone beam ct and intraoral mesh scans for clinically applicable tooth bone reconstruction,Deep learning-enabled 3D multimodal fusion of cone-beam CT and intraoral mesh scans for clinically applicable tooth-bone reconstruction.,"Patterns (New York, N.Y.)",journalArticle,KZUDTGT4,Liu 等 - 2023 - Deep learning-enabled 3D multimodal fusion of cone-beam CT and intraoral mesh scans for clinically a.pdf,EXCLUDE,"证据片段仅描述该研究提出自研的 ""Deep Dental Multimodal Fusion (DDMF)"" 框架，属于自研算法/深度学习模型，未提及使用任何具名的第三方非牙科3D软件。",-,-,-,-,"【判定】: EXCLUDE
【判定理由】: 证据片段仅描述该研究提出自研的 ""Deep Dental Multimodal Fusion (DDMF)"" 框架，属于自研算法/深度学习模型，未提及使用任何具名的第三方非牙科3D软件。
【软件】: -
【专科】: -
【应用场景】: -
【研究设计】: -"
innovative endodontic management of pulp canal obliteration in mandibular incisors using a static navigation system a case report,Innovative Endodontic Management of Pulp Canal Obliteration in Mandibular Incisors Using a Static Navigation System: A Case Report.,Clinical case reports,journalArticle,ECNDVG7C,MahjourianQomi 等 - 2024 - Innovative Endodontic Management of Pulp Canal Obliteration in Mandibular Incisors Using a Static Na.pdf,EXCLUDE,"证据片段显示该研究使用的是牙科专用软件""Dental System v2017; 3Shape, Copenhagen, Denmark""进行图像处理与导板设计，未使用任何具名的第三方非牙科3D软件。",-,-,-,-,"【判定】: EXCLUDE
【判定理由】: 证据片段显示该研究使用的是牙科专用软件""Dental System v2017; 3Shape, Copenhagen, Denmark""进行图像处理与导板设计，未使用任何具名的第三方非牙科3D软件。
【软件】: -
【专科】: -
【应用场景】: -
【研究设计】: -"
integrating local and global attention mechanisms for enhanced oral cancer detection and explainability,Integrating local and global attention mechanisms for enhanced oral cancer detection and explainability.,Computers in biology and medicine,journalArticle,ZF2YLA3S,Shah 等 - 2025 - Integrating local and global attention mechanisms for enhanced oral cancer detection and explainabil.pdf,EXCLUDE,"该研究仅提出并使用自研的 U-Net 架构 OCANet（""OCANet, a U-Net-based architecture""），证据片段中未出现任何该研究自己使用的具名第三方非牙科3D软件。",-,-,-,-,"【判定】: EXCLUDE
【判定理由】: 该研究仅提出并使用自研的 U-Net 架构 OCANet（""OCANet, a U-Net-based architecture""），证据片段中未出现任何该研究自己使用的具名第三方非牙科3D软件。
【软件】: -
【专科】: -
【应用场景】: -
【研究设计】: -"
biomechanical considerations in rpd design application and perspective of finite element method in distal extension removable partial denture rehabilitation,Biomechanical considerations in RPD design: application and perspective of finite element method in distal extension removable partial denture rehabilitation.,Frontiers in dental medicine,journalArticle,REDS4QVI,Zhu 等 - 2025 - Biomechanical considerations in RPD design application and perspective of finite element method in.pdf,EXCLUDE,"该文献为综述（""This review synthesizes FEA-based insights...""），且证据片段中未出现任何该研究自身使用的具名第三方非牙科3D软件，仅泛泛提及 FEA、CAD/CAM、AI。",-,-,-,-,"【判定】: EXCLUDE
【判定理由】: 该文献为综述（""This review synthesizes FEA-based insights...""），且证据片段中未出现任何该研究自身使用的具名第三方非牙科3D软件，仅泛泛提及 FEA、CAD/CAM、AI。
【软件】: -
【专科】: -
【应用场景】: -
【研究设计】: -"
numerical inverse design of patient specific dental implants accelerating fea based optimization via evolutionary neural surrogates,Numerical Inverse Design of Patient-Specific Dental Implants: Accelerating FEA-Based Optimization via Evolutionary Neural Surrogates.,International journal for numerical methods in biomedical engineering,journalArticle,NLYE5CIG,Prados‐Privado - 2026 - Numerical Inverse Design of Patient‐Specific Dental Implants Accelerating span style=font-variant.pdf,EXCLUDE,"证据片段仅显示该研究使用自建的多层感知机（MLP）神经网络代理模型与差分进化算法（""train a multilayer perceptron (MLP) regressor""、""differential evolution (DE) strategy""），未提及任何具名的第三方非牙科3D软件被该研究自身使用。",-,-,-,-,"【判定】: EXCLUDE
【判定理由】: 证据片段仅显示该研究使用自建的多层感知机（MLP）神经网络代理模型与差分进化算法（""train a multilayer perceptron (MLP) regressor""、""differential evolution (DE) strategy""），未提及任何具名的第三方非牙科3D软件被该研究自身使用。
【软件】: -
【专科】: -
【应用场景】: -
【研究设计】: -"
the effect of different tooth preparation finishing procedures and immediate dentin sealing on the scanning accuracy of different intraoral scanners,The effect of different tooth preparation finishing procedures and immediate dentin sealing on the scanning accuracy of different intraoral scanners.,Journal of dentistry,journalArticle,IHRQELW2,Revilla-León 等 - 2023 - The effect of different tooth preparation finishing procedures and immediate dentin sealing on the s.pdf,INCLUDE,"该研究自身在材料与方法中使用工程软件 Geomagic Control X 进行扫描文件对齐与偏差分析，原文为 ""the control file was aligned with each experimental scan using the best-fit algorithm and an engineering program (Geomagic Control X)""。",Geomagic Control X,Prosthodontics,3D data analysis and accuracy assessment,in_vitro,"【判定】: INCLUDE
【判定理由】: 该研究自身在材料与方法中使用工程软件 Geomagic Control X 进行扫描文件对齐与偏差分析，原文为 ""the control file was aligned with each experimental scan using the best-fit algorithm and an engineering program (Geomagic Control X)""。
【软件】: Geomagic Control X
【专科】: Prosthodontics
【应用场景】: 3D data analysis and accuracy assessment
【研究设计】: in_vitro"
impact of artifact reduction on dimensional accuracy of sealing materials for furcal perforations in cbct,Impact of artifact reduction on dimensional accuracy of sealing materials for furcal perforations in CBCT.,Brazilian oral research,journalArticle,SHZJNWAH,Borges 等 - 2025 - Impact of artifact reduction on dimensional accuracy of sealing materials for furcal perforations in.pdf,EXCLUDE,"该研究仅使用牙科专用软件 e-Vol DX（""measured using DICOM files and the e-Vol DX software measurement tool""），未使用任何具名的第三方非牙科3D软件。",-,-,-,-,"【判定】: EXCLUDE
【判定理由】: 该研究仅使用牙科专用软件 e-Vol DX（""measured using DICOM files and the e-Vol DX software measurement tool""），未使用任何具名的第三方非牙科3D软件。
【软件】: -
【专科】: -
【应用场景】: -
【研究设计】: -"
the geometric relationship between root length and root surface area determined from digital tooth models,The geometric relationship between root length and root surface area determined from digital tooth models.,Computers in biology and medicine,journalArticle,F5DKTHEG,Wei Chan 等 - 2025 - The geometric relationship between root length and root surface area determined from digital tooth m.pdf,INCLUDE,"该研究自身在材料与方法中使用 Meshmixer 进行三维牙根分割，原文为""Utilising Meshmixer Version 3.3 (Autodesk, 2022), the roots of each three-dimensional tooth model were separated from the crowns""。",Meshmixer,Orthodontics,Image segmentation and 3D reconstruction,computational,"【判定】: INCLUDE
【判定理由】: 该研究自身在材料与方法中使用 Meshmixer 进行三维牙根分割，原文为""Utilising Meshmixer Version 3.3 (Autodesk, 2022), the roots of each three-dimensional tooth model were separated from the crowns""。
【软件】: Meshmixer
【专科】: Orthodontics
【应用场景】: Image segmentation and 3D reconstruction
【研究设计】: computational"
clinical oriented 3d visualization and quantitative analysis of gingival thickness using convolutional neural networks and cbct,Clinical-oriented 3D visualization and quantitative analysis of gingival thickness using convolutional neural networks and CBCT.,Frontiers in dental medicine,journalArticle,L54V6DLZ,Yang 等 - 2025 - Clinical-oriented 3D visualization and quantitative analysis of gingival thickness using convolution.pdf,EXCLUDE,"证据片段显示该研究使用""DeepLabV3+ architecture""和自研的""3D visualization algorithm""进行分割与三维重建，属于自研算法/代码，未使用任何具名的第三方非牙科3D软件。",-,-,-,-,"【判定】: EXCLUDE
【判定理由】: 证据片段显示该研究使用""DeepLabV3+ architecture""和自研的""3D visualization algorithm""进行分割与三维重建，属于自研算法/代码，未使用任何具名的第三方非牙科3D软件。
【软件】: -
【专科】: -
【应用场景】: -
【研究设计】: -"
automated micro ct quantification of clear aligner fit a pilot comparison of manufacturing processes,Automated micro-CT quantification of clear aligner fit: a pilot comparison of manufacturing processes.,BMC oral health,journalArticle,LH8UPF46,Liu 等 - 2026 - Automated micro-CT quantification of clear aligner fit a pilot comparison of manufacturing processe.pdf,EXCLUDE,"该研究仅使用自研算法（""An automated flood-fill algorithm was developed in Python""），未使用任何具名的第三方非牙科3D软件；其余软件（TRIOS 3、3Shape）为牙科专用软件。",-,-,-,-,"【判定】: EXCLUDE
【判定理由】: 该研究仅使用自研算法（""An automated flood-fill algorithm was developed in Python""），未使用任何具名的第三方非牙科3D软件；其余软件（TRIOS 3、3Shape）为牙科专用软件。
【软件】: -
【专科】: -
【应用场景】: -
【研究设计】: -"
effect of framework material and gyroid lattice design on the biomechanics of all on four full arch prostheses,Effect of framework material and gyroid lattice design on the biomechanics of all-on-four full-arch prostheses.,BMC oral health,journalArticle,9D6677BV,Yiğit 等 - 2026 - Effect of framework material and gyroid lattice design on the biomechanics of all-on-four full-arch.pdf,EXCLUDE,"抽取的证据片段仅泛泛提及 FEA 方法（""FEA is the most widely used, providing a non-destructive computational approach""），未出现任何该研究自身使用的具名第三方非牙科3D软件（如 ANSYS、ABAQUS、Mimics 等）。",-,-,-,-,"【判定】: EXCLUDE
【判定理由】: 抽取的证据片段仅泛泛提及 FEA 方法（""FEA is the most widely used, providing a non-destructive computational approach""），未出现任何该研究自身使用的具名第三方非牙科3D软件（如 ANSYS、ABAQUS、Mimics 等）。
【软件】: -
【专科】: -
【应用场景】: -
【研究设计】: -"
repair of inferior alveolar nerve in orthognathic surgery simulator rianos a novel open source combined 3d printed and ex vivo chicken sciatic nerve training model,"Repair of Inferior Alveolar Nerve in Orthognathic Surgery Simulator (RIANOS): A Novel, Open-Source, Combined 3D Printed, and Ex-Vivo Chicken Sciatic Nerve  Training Model.",Craniomaxillofacial trauma & reconstruction,journalArticle,Q7VVX4L9,"Navia 等 - 2024 - Repair of Inferior Alveolar Nerve in Orthognathic Surgery Simulator (RIANOS) A Novel, Open-Source,.pdf",EXCLUDE,证据片段仅显示该研究使用 Ender 5 3D 打印机（Fused Deposition Modeling）打印模型，未提及任何具名的第三方非牙科三维软件用于3D数据处理、分析或建模。,-,-,-,-,"【判定】: EXCLUDE
【判定理由】: 证据片段仅显示该研究使用 Ender 5 3D 打印机（Fused Deposition Modeling）打印模型，未提及任何具名的第三方非牙科三维软件用于3D数据处理、分析或建模。
【软件】: -
【专科】: -
【应用场景】: -
【研究设计】: -"
development of an artificial intelligence based algorithm to classify images acquired with an intraoral scanner of individual molar teeth into three categories,Development of an artificial intelligence-based algorithm to classify images acquired with an intraoral scanner of individual molar teeth into three  categories.,PloS one,journalArticle,7RUZVAC6,Eto 等 - 2022 - Development of an artificial intelligence-based algorithm to classify images acquired with an intrao.pdf,EXCLUDE,"该研究使用自研的基于LeNet架构的卷积神经网络算法（""The convolutional neural network (CNN) was based on the LeNet architecture""），仅用ImageJ处理图像，未使用具名的第三方非牙科3D软件进行3D数据处理、分析、建模或测量。",-,-,-,-,"【判定】: EXCLUDE
【判定理由】: 该研究使用自研的基于LeNet架构的卷积神经网络算法（""The convolutional neural network (CNN) was based on the LeNet architecture""），仅用ImageJ处理图像，未使用具名的第三方非牙科3D软件进行3D数据处理、分析、建模或测量。
【软件】: -
【专科】: -
【应用场景】: -
【研究设计】: -"
development of micro ct based anatomically accurate tooth model for finite element analysis of composite restorations,Development of Micro-CT-Based Anatomically Accurate Tooth Model for Finite Element Analysis of Composite Restorations.,Dentistry journal,journalArticle,ZUNK9NNI,Tarjányi 等 - 2026 - Development of Micro-CT-Based Anatomically Accurate Tooth Model for Finite Element Analysis of Compo.pdf,EXCLUDE,"证据片段仅泛泛提及""computer-aided design (CAD) tools""和""finite element environment""，未给出任何具名的第三方非牙科3D软件名称，无法确认该研究自身使用了具名软件。",-,-,-,-,"【判定】: EXCLUDE
【判定理由】: 证据片段仅泛泛提及""computer-aided design (CAD) tools""和""finite element environment""，未给出任何具名的第三方非牙科3D软件名称，无法确认该研究自身使用了具名软件。
【软件】: -
【专科】: -
【应用场景】: -
【研究设计】: -"
adaptive digital workflow for virtual patient modeling integrating static registration and six degree of freedom jaw tracking,Adaptive digital workflow for virtual patient modeling: Integrating static registration and six-degree-of-freedom jaw tracking.,Journal of dentistry,journalArticle,T3K2TLQ3,Haku-Mizuhara 等 - 2026 - Adaptive digital workflow for virtual patient modeling Integrating static registration and six-degr.pdf,EXCLUDE,"抽取的证据片段仅涉及工作流程描述（如""AI-assisted landmark detection""、""virtual articulator mounting""），未出现任何具名的第三方非牙科3D软件被该研究自己使用。",-,-,-,-,"【判定】: EXCLUDE
【判定理由】: 抽取的证据片段仅涉及工作流程描述（如""AI-assisted landmark detection""、""virtual articulator mounting""），未出现任何具名的第三方非牙科3D软件被该研究自己使用。
【软件】: -
【专科】: -
【应用场景】: -
【研究设计】: -"
a full computerized workflow for planning surgically assisted rapid palatal expansion and orthognathic surgery in a skeletal class iii patient,A Full Computerized Workflow for Planning Surgically Assisted Rapid Palatal Expansion and Orthognathic Surgery in a Skeletal Class III Patient.,Case reports in dentistry,journalArticle,T3Z6BX4T,Bennici 等 - 2022 - A Full Computerized Workflow for Planning Surgically Assisted Rapid Palatal Expansion and Orthognath.pdf,EXCLUDE,"该研究仅使用牙科专用软件 ""Dolphin 3D Surgery module""（""The virtual planning was performed with the orthodontic software Dolphin 3D Surgery module""），未使用任何具名的第三方非牙科3D软件。",-,-,-,-,"【判定】: EXCLUDE
【判定理由】: 该研究仅使用牙科专用软件 ""Dolphin 3D Surgery module""（""The virtual planning was performed with the orthodontic software Dolphin 3D Surgery module""），未使用任何具名的第三方非牙科3D软件。
【软件】: -
【专科】: -
【应用场景】: -
【研究设计】: -"
multi architecture deep learning for cbct segmentation of dental hard tissues and pulp in mixed dentition,Multi-Architecture deep learning for CBCT segmentation of dental hard tissues and pulp in mixed dentition.,Journal of dentistry,journalArticle,K9NG599R,Baraka 等 - 2026 - Multi-Architecture deep learning for CBCT segmentation of dental hard tissues and pulp in mixed dent.pdf,EXCLUDE,"该研究仅开发并使用自研深度学习模型（""Six architectures (ResEncM, U-Mamba Bot/Enc, WNet, UNETR, SegResNet) were evaluated""），属于自研算法/代码，证据片段中未出现任何具名的第三方非牙科3D软件被该研究自己使用。",-,-,-,-,"【判定】: EXCLUDE
【判定理由】: 该研究仅开发并使用自研深度学习模型（""Six architectures (ResEncM, U-Mamba Bot/Enc, WNet, UNETR, SegResNet) were evaluated""），属于自研算法/代码，证据片段中未出现任何具名的第三方非牙科3D软件被该研究自己使用。
【软件】: -
【专科】: -
【应用场景】: -
【研究设计】: -"
clinical evaluation of removable partial dentures with digitally fabricated metal framework after 4 years of clinical service,Clinical evaluation of removable partial dentures with digitally fabricated metal framework after 4 years of clinical service.,Journal of prosthodontics : official journal of the American College of Prosthodontists,journalArticle,VA93LQUQ,Mourouzis 等 - 2024 - Clinical evaluation of removable partial dentures with digitally fabricated metal framework after 4.pdf,EXCLUDE,"该研究仅使用牙科专用软件 inLab 19.0（Dentsply Sirona）进行设计，证据片段中""the upper and lower partial dentures were designed using inLab 19.0 software (Dentsply Sirona)""，未使用任何具名的第三方非牙科3D软件。",-,-,-,-,"【判定】: EXCLUDE
【判定理由】: 该研究仅使用牙科专用软件 inLab 19.0（Dentsply Sirona）进行设计，证据片段中""the upper and lower partial dentures were designed using inLab 19.0 software (Dentsply Sirona)""，未使用任何具名的第三方非牙科3D软件。
【软件】: -
【专科】: -
【应用场景】: -
【研究设计】: -"
stress distribution in titanium and zirconia implants with full arch prostheses a finite element analysis,Stress distribution in titanium and zirconia implants with full-arch prostheses: a finite element analysis.,BMC oral health,journalArticle,2CNYCSQG,Saz 等 - 2026 - Stress distribution in titanium and zirconia implants with full-arch prostheses a finite element an.pdf,EXCLUDE,"证据片段仅显示该研究使用""three-dimensional finite element analysis (FEA)""这一方法学描述，未出现任何具名的第三方非牙科3D软件（如 ANSYS、ABAQUS、Mimics 等）被该研究自己使用的原文证据。",-,-,-,-,"【判定】: EXCLUDE
【判定理由】: 证据片段仅显示该研究使用""three-dimensional finite element analysis (FEA)""这一方法学描述，未出现任何具名的第三方非牙科3D软件（如 ANSYS、ABAQUS、Mimics 等）被该研究自己使用的原文证据。
【软件】: -
【专科】: -
【应用场景】: -
【研究设计】: -"
application of temporary patient specific plate in head and neck osteocutaneous free flap reconstruction a prospective pilot study,Application of temporary patient-specific plate in head and neck osteocutaneous free flap reconstruction: a prospective pilot study.,Frontiers in oral health,journalArticle,IHFWL9JR,Ko 等 - 2026 - Application of temporary patient-specific plate in head and neck osteocutaneous free flap reconstruc.pdf,EXCLUDE,抽取的证据片段仅涉及研究背景、方法概述与结果数据，未出现任何该研究自身使用的具名第三方非牙科3D软件（如 Mimics、Geomagic 等）的原文证据。,-,-,-,-,"【判定】: EXCLUDE
【判定理由】: 抽取的证据片段仅涉及研究背景、方法概述与结果数据，未出现任何该研究自身使用的具名第三方非牙科3D软件（如 Mimics、Geomagic 等）的原文证据。
【软件】: -
【专科】: -
【应用场景】: -
【研究设计】: -"
digitally guided corticotomy using a customized surgical template suya corticotomy utility template a technique report,Digitally guided corticotomy using a customized surgical template (Suya corticotomy utility template): A technique report.,Clinical advances in periodontics,journalArticle,UBY7Q3RD,Tsukiboshi 等 - 2025 - Digitally guided corticotomy using a customized surgical template (Suya corticotomy utility template.pdf,EXCLUDE,"证据片段中仅提到""designed using free software""和""a cloud-based artificial intelligence (AI)-assisted imaging platform""，均未给出任何具名的第三方非牙科3D软件名称，无法确认使用了符合纳入标准的具名软件。",-,-,-,-,"【判定】: EXCLUDE
【判定理由】: 证据片段中仅提到""designed using free software""和""a cloud-based artificial intelligence (AI)-assisted imaging platform""，均未给出任何具名的第三方非牙科3D软件名称，无法确认使用了符合纳入标准的具名软件。
【软件】: -
【专科】: -
【应用场景】: -
【研究设计】: -"
ai augmented mixed reality for 3d visualization of perforator vessels a feasibility study in fibular flap surgery,AI-augmented mixed reality for 3D visualization of perforator vessels: A feasibility study in fibular flap surgery.,"Journal of stomatology, oral and maxillofacial surgery",journalArticle,Y86TUGG7,Liu 等 - 2026 - AI-augmented mixed reality for 3D visualization of perforator vessels A feasibility study in fibula.pdf,EXCLUDE,"证据片段显示该研究""developing an artificial intelligence algorithm within the HoloLens 2""，即使用自研AI算法与HoloLens 2头显，未提及任何具名的第三方非牙科3D软件（如Mimics、3D Slicer等）用于3D数据处理。",-,-,-,-,"【判定】: EXCLUDE
【判定理由】: 证据片段显示该研究""developing an artificial intelligence algorithm within the HoloLens 2""，即使用自研AI算法与HoloLens 2头显，未提及任何具名的第三方非牙科3D软件（如Mimics、3D Slicer等）用于3D数据处理。
【软件】: -
【专科】: -
【应用场景】: -
【研究设计】: -"
a step by step guide for implementation of virtual surgical applications and patient data centralization practical experience and lessons learned,A step-by-step guide for implementation of virtual surgical applications and patient data centralization: practical experience and lessons learned.,3D printing in medicine,journalArticle,SXE9C4CV,Coopman 等 - 2026 - A step-by-step guide for implementation of virtual surgical applications and patient data centraliza.pdf,EXCLUDE,"证据片段仅泛泛提及""segmentation of DICOM images""、""Computer Assisted Design (CAD)""等通用概念，未出现任何该研究自身使用的具名第三方非牙科3D软件名称。",-,-,-,-,"【判定】: EXCLUDE
【判定理由】: 证据片段仅泛泛提及""segmentation of DICOM images""、""Computer Assisted Design (CAD)""等通用概念，未出现任何该研究自身使用的具名第三方非牙科3D软件名称。
【软件】: -
【专科】: -
【应用场景】: -
【研究设计】: -"
deep learning based dental age estimation in adolescents using panoramic radiographs a comparative study with traditional methods,Deep learning-based dental age estimation in adolescents using panoramic radiographs: a comparative study with traditional methods.,Frontiers in radiology,journalArticle,IDDEZY3C,Bashir和Alwafi - 2026 - Deep learning-based dental age estimation in adolescents using panoramic radiographs a comparative.pdf,EXCLUDE,"证据片段仅泛泛提及 CNN、Grad-CAM 等自研深度学习模型及他人研究（如 ""Zaborowicz et al. (9) have introduced...""），未显示该研究自身使用了任何具名的第三方非牙科3D软件。",-,-,-,-,"【判定】: EXCLUDE
【判定理由】: 证据片段仅泛泛提及 CNN、Grad-CAM 等自研深度学习模型及他人研究（如 ""Zaborowicz et al. (9) have introduced...""），未显示该研究自身使用了任何具名的第三方非牙科3D软件。
【软件】: -
【专科】: -
【应用场景】: -
【研究设计】: -"
fully automated estimation of arch forms in cone beam ct with cubic b spline approximation evaluation of digital dental models with missing teeth,Fully automated estimation of arch forms in cone-beam CT with cubic B-spline approximation: Evaluation of digital dental models with missing teeth.,Computers in biology and medicine,journalArticle,C7KWYD39,Bae 等 - 2021 - Fully automated estimation of arch forms in cone-beam CT with cubic B-spline approximation Evaluati.pdf,EXCLUDE,"证据片段显示该研究使用的是自研算法（""cubic B-spline approximation""）和自研软件工具（""an in-house software tool called A-View""），未使用任何具名的第三方非牙科3D软件。",-,-,-,-,"【判定】: EXCLUDE
【判定理由】: 证据片段显示该研究使用的是自研算法（""cubic B-spline approximation""）和自研软件工具（""an in-house software tool called A-View""），未使用任何具名的第三方非牙科3D软件。
【软件】: -
【专科】: -
【应用场景】: -
【研究设计】: -"
individual high precision 3d mandibular model for finite element analysis of three unit bridges a biomechanical pilot study,"Individual, High-Precision 3D Mandibular Model for Finite Element Analysis of Three-Unit Bridges: A Biomechanical Pilot Study.",Journal of functional biomaterials,journalArticle,RC9HDKWL,"Pelsőczi-Kovács 等 - 2026 - Individual, High-Precision 3D Mandibular Model for Finite Element Analysis of Three-Unit Bridges A.pdf",EXCLUDE,抽取的证据片段仅涉及研究背景、摘要与关键词，未出现任何该研究自身使用的具名第三方非牙科3D软件（如 Mimics、3D Slicer、Geomagic 等）的原文证据。,-,-,-,-,"【判定】: EXCLUDE
【判定理由】: 抽取的证据片段仅涉及研究背景、摘要与关键词，未出现任何该研究自身使用的具名第三方非牙科3D软件（如 Mimics、3D Slicer、Geomagic 等）的原文证据。
【软件】: -
【专科】: -
【应用场景】: -
【研究设计】: -"
electromagnetic navigation in mandibular reconstruction using autologous grafts a color coded assistance for precise positioning of bone segments,Electromagnetic Navigation in Mandibular Reconstruction Using Autologous Grafts: A Color-Coded Assistance for Precise Positioning of Bone Segments.,Computational and structural biotechnology journal,journalArticle,TYANEIC4,Hagen 等 - 2026 - Electromagnetic Navigation in Mandibular Reconstruction Using Autologous Grafts A Color-Coded Assis.pdf,EXCLUDE,"证据片段显示该研究使用的是自研软件（""We developed software for landmark-based registration and color-coded navigation"" 及 ""using in-house software""），未使用任何具名的第三方非牙科3D软件。",-,-,-,-,"【判定】: EXCLUDE
【判定理由】: 证据片段显示该研究使用的是自研软件（""We developed software for landmark-based registration and color-coded navigation"" 及 ""using in-house software""），未使用任何具名的第三方非牙科3D软件。
【软件】: -
【专科】: -
【应用场景】: -
【研究设计】: -"
a finite element analysis of a dental implant with a conformal lattice structure a parametric exploration under occlusal loading,A finite element analysis of a dental implant with a conformal lattice structure: a parametric exploration under occlusal loading.,Biomedical physics & engineering express,journalArticle,DTQPUFEH,Zheng 等 - 2026 - A finite element analysis of a dental implant with a conformal lattice structure a parametric explo.pdf,EXCLUDE,"抽取的证据片段仅提及""finite element analysis""和""reverse engineering techniques""，未出现任何具名的第三方非牙科3D软件（如 Mimics、ANSYS、ABAQUS 等）被该研究自己使用。",-,-,-,-,"【判定】: EXCLUDE
【判定理由】: 抽取的证据片段仅提及""finite element analysis""和""reverse engineering techniques""，未出现任何具名的第三方非牙科3D软件（如 Mimics、ANSYS、ABAQUS 等）被该研究自己使用。
【软件】: -
【专科】: -
【应用场景】: -
【研究设计】: -"
comparison of biomechanical performance of custom implants with different designs under functional load a finite element analysis,Comparison of biomechanical performance of custom implants with different designs under functional load: a finite element analysis.,BMC oral health,journalArticle,7QDPDBCV,Dere和Fındık - 2026 - Comparison of biomechanical performance of custom implants with different designs under functional l.pdf,EXCLUDE,"证据片段仅泛泛提及""modeled using CAD software""，未给出任何具名的第三方非牙科3D软件名称，无法确认该研究自身使用了具体具名软件。",-,-,-,-,"【判定】: EXCLUDE
【判定理由】: 证据片段仅泛泛提及""modeled using CAD software""，未给出任何具名的第三方非牙科3D软件名称，无法确认该研究自身使用了具体具名软件。
【软件】: -
【专科】: -
【应用场景】: -
【研究设计】: -"
accuracy and generalizability of an open source deep learning model for facial bone segmentation on ct and cbct scans an ex vivo study,Accuracy and generalizability of an open-source deep learning model for facial bone segmentation on CT and CBCT scans: An ex vivo study.,Journal of dentistry,journalArticle,W32UUZHY,Gkantidis 等 - 2026 - Accuracy and generalizability of an open-source deep learning model for facial bone segmentation on.pdf,EXCLUDE,"该研究使用的是开源深度学习工具 DentalSegmentator（""automatically segmented using the open-source DentalSegmentator model""），属于自研/专用算法模型，证据片段中未出现任何具名的第三方非牙科3D软件被该研究自己使用。",-,-,-,-,"【判定】: EXCLUDE
【判定理由】: 该研究使用的是开源深度学习工具 DentalSegmentator（""automatically segmented using the open-source DentalSegmentator model""），属于自研/专用算法模型，证据片段中未出现任何具名的第三方非牙科3D软件被该研究自己使用。
【软件】: -
【专科】: -
【应用场景】: -
【研究设计】: -"
a deep metric learning and multimodal gated fusion framework for ai driven risk assessment of lingual plate perforation and mandibular canal injury in posterior mandible implants,A Deep Metric Learning and Multimodal Gated Fusion Framework for AI-Driven Risk Assessment of Lingual Plate Perforation and Mandibular Canal Injury in Posterior  Mandible Implants.,International journal of dentistry,journalArticle,EU3ZJKMP,Al-Taezi 等 - 2026 - A Deep Metric Learning and Multimodal Gated Fusion Framework for AI‐Driven Risk Assessment of Lingua.pdf,EXCLUDE,"该研究仅使用自研模型 DentaRisk-Net 及 ""custom Python scripts""，所用软件 Anatomage Invivo 7.0 为牙科专用虚拟种植规划软件，不符合""具名第三方非牙科3D软件""要求。",-,-,-,-,"【判定】: EXCLUDE
【判定理由】: 该研究仅使用自研模型 DentaRisk-Net 及 ""custom Python scripts""，所用软件 Anatomage Invivo 7.0 为牙科专用虚拟种植规划软件，不符合""具名第三方非牙科3D软件""要求。
【软件】: -
【专科】: -
【应用场景】: -
【研究设计】: -"
customized 3d printed models for training in repairing large maxillary sinus membrane perforations,Customized 3D-printed models for training in repairing large maxillary sinus membrane perforations.,BMC medical education,journalArticle,BLI79NLU,Lv 等 - 2026 - Customized 3D-printed models for training in repairing large maxillary sinus membrane perforations.pdf,INCLUDE,"证据片段明确显示该研究自身使用非牙科3D软件进行三维重建：""Three-dimensional reconstruction of CBCT data in DICOM format was performed using InVesalius 3.0 software""。",InVesalius,Oral and Maxillofacial Surgery,Image segmentation and 3D reconstruction,educational,"【判定】: INCLUDE
【判定理由】: 证据片段明确显示该研究自身使用非牙科3D软件进行三维重建：""Three-dimensional reconstruction of CBCT data in DICOM format was performed using InVesalius 3.0 software""。
【软件】: InVesalius
【专科】: Oral and Maxillofacial Surgery
【应用场景】: Image segmentation and 3D reconstruction
【研究设计】: educational"
comparison of low dose standard dose and high definition cbct protocols for stl reconstruction accuracy in digital bone scaffold workflows,"Comparison of Low-Dose, Standard-Dose, and High-Definition CBCT Protocols for STL Reconstruction Accuracy in Digital Bone Scaffold Workflows.",International journal of dentistry,journalArticle,EKQJE262,"Salmeri 等 - 2026 - Comparison of Low‐Dose, Standard‐Dose, and High‐Definition CBCT Protocols for STL Reconstruction Acc.pdf",EXCLUDE,"证据片段仅提及""DICOM datasets were segmented with a standardized global threshold method and exported as STL files""及""iterative closest point (ICP) registration""，未出现任何具名的第三方非牙科3D软件名称。",-,-,-,-,"【判定】: EXCLUDE
【判定理由】: 证据片段仅提及""DICOM datasets were segmented with a standardized global threshold method and exported as STL files""及""iterative closest point (ICP) registration""，未出现任何具名的第三方非牙科3D软件名称。
【软件】: -
【专科】: -
【应用场景】: -
【研究设计】: -"
effect of simulated bur radius compensation on full contour cad crown morphology and trueness across tooth types an in silico study,Effect of simulated bur radius compensation on full-contour CAD crown morphology and trueness across tooth types. An in- silico study.,The Saudi dental journal,journalArticle,SB3G68D5,Martani - 2026 - Effect of simulated bur radius compensation on full-contour CAD crown morphology and trueness across.pdf,EXCLUDE,"证据片段显示该研究使用""a custom Python algorithm (Eyleen Code) by utilizing Trimesh and NumPy libraries""进行STL分析，属于自研算法/代码，未使用任何具名的第三方非牙科3D软件。",-,-,-,-,"【判定】: EXCLUDE
【判定理由】: 证据片段显示该研究使用""a custom Python algorithm (Eyleen Code) by utilizing Trimesh and NumPy libraries""进行STL分析，属于自研算法/代码，未使用任何具名的第三方非牙科3D软件。
【软件】: -
【专科】: -
【应用场景】: -
【研究设计】: -"
evaluation of the effects of diameter length splinted or nonsplinted form and crown to implant ratio on the stress distribution around extra short implants in the posterior mandible finite element analysis,"Evaluation of the Effects of Diameter, Length, Splinted or Nonsplinted Form, and Crown-to-Implant Ratio on the Stress Distribution Around Extra-Short Implants in  the Posterior Mandible: Finite Element Analysis.",The International journal of oral & maxillofacial implants,journalArticle,2ZLUSNLH,"Salehivaziri 等 - 2025 - Evaluation of the Effects of Diameter, Length, Splinted or Non- Splinted Forms, and Crown-to-Implant.pdf",INCLUDE,"摘要与全文中明确写道""CBCT data sets were imported into image processing software (Mimics and 3-matic)""，表明该研究自身在材料与方法中使用了具名第三方非牙科3D软件 Mimics 和 3-matic 进行三维重建与有限元分析。",Mimics; 3-matic,Implantology,Biomechanical analysis and simulation,computational,"【判定】: INCLUDE
【判定理由】: 摘要与全文中明确写道""CBCT data sets were imported into image processing software (Mimics and 3-matic)""，表明该研究自身在材料与方法中使用了具名第三方非牙科3D软件 Mimics 和 3-matic 进行三维重建与有限元分析。
【软件】: Mimics; 3-matic
【专科】: Implantology
【应用场景】: Biomechanical analysis and simulation
【研究设计】: computational"
international symposium napoca biodent 2021 new challenges in dental research 10 th edition 5 th 6 th november 2021,"International Symposium Napoca Biodent 2021: New Challenges in Dental Research, 10(th) Edition, 5(th) - 6(th) November 2021.",Medicine and pharmacy reports,journalArticle,WXJDH8BZ,"Mesaroş 等 - 2021 - International Symposium Napoca Biodent 2021 New Challenges in Dental Research, 10(th) Edition, 5(th.pdf",EXCLUDE,"该文献为会议日程/摘要汇编（""Scientific Program International Symposium Napoca Biodent 2021""），属于会议摘要类非原创研究，且证据片段中未出现任何该研究自身使用的具名第三方非牙科3D软件。",-,-,-,-,"【判定】: EXCLUDE
【判定理由】: 该文献为会议日程/摘要汇编（""Scientific Program International Symposium Napoca Biodent 2021""），属于会议摘要类非原创研究，且证据片段中未出现任何该研究自身使用的具名第三方非牙科3D软件。
【软件】: -
【专科】: -
【应用场景】: -
【研究设计】: -"
influence of transmucosal contour on peri implant soft tissue dimensions a cross sectional study in posterior single tooth implants,Influence of Transmucosal Contour on Peri-Implant Soft Tissue Dimensions: A Cross-Sectional Study in Posterior Single-Tooth Implants.,Journal of esthetic and restorative dentistry : official publication of the American Academy of Esthetic Dentistry ... [et al.],journalArticle,WMEDMW72,Back 等 - 2026 - Influence of Transmucosal Contour on Peri-Implant Soft Tissue Dimensions A Cross-Sectional Study in.pdf,INCLUDE,"该研究自身在材料与方法中使用具名第三方非牙科3D软件进行三维分析，原文明确写道""Measurements and analyses were conducted using a CAD program (Geomagic Control X; 3D Systems, SC, USA) capable of three-dimensional analysis in Stereo Lithography (STL) file format""。",Geomagic Control X,Implantology,3D data analysis and accuracy assessment,clinical,"【判定】: INCLUDE
【判定理由】: 该研究自身在材料与方法中使用具名第三方非牙科3D软件进行三维分析，原文明确写道""Measurements and analyses were conducted using a CAD program (Geomagic Control X; 3D Systems, SC, USA) capable of three-dimensional analysis in Stereo Lithography (STL) file format""。
【软件】: Geomagic Control X
【专科】: Implantology
【应用场景】: 3D data analysis and accuracy assessment
【研究设计】: clinical"
functional models from limited data a parametric and multimodal approach to anatomy and 3d kinematics of feeding in basking sharks cetorhinus maximus,Functional models from limited data: A parametric and multimodal approach to anatomy and 3D kinematics of feeding in basking sharks (Cetorhinus maximus).,"Anatomical record (Hoboken, N.J. : 2007)",journalArticle,29DTNV7A,Li 等 - 2025 - Functional models from limited data A parametric and multimodal approach to anatomy and span style.pdf,EXCLUDE,"该文献研究的是姥鲨（Cetorhinus maximus）摄食行为的3D生物力学，主题属于动物学/解剖学而非口腔医学任一学科；证据片段中仅提及""3D modeling""""parametric modeling""等泛泛方法，未出现任何具名第三方非牙科3D软件被该研究自己使用。",-,-,-,-,"【判定】: EXCLUDE
【判定理由】: 该文献研究的是姥鲨（Cetorhinus maximus）摄食行为的3D生物力学，主题属于动物学/解剖学而非口腔医学任一学科；证据片段中仅提及""3D modeling""""parametric modeling""等泛泛方法，未出现任何具名第三方非牙科3D软件被该研究自己使用。
【软件】: -
【专科】: -
【应用场景】: -
【研究设计】: -"
specially designed and cad cam manufactured allogeneic bone blocks using for augmentation of a highly atrophic maxilla show a stable base for an all on six treatment concept a case report,Specially designed and CAD/CAM manufactured allogeneic bone blocks using for augmentation of a highly atrophic maxilla show a stable base for an all-on-six  treatment concept: a case report.,Maxillofacial plastic and reconstructive surgery,journalArticle,GDZGDW9U,Pfaffeneder-Mantai 等 - 2022 - Specially designed and CADCAM manufactured allogeneic bone blocks using for augmentation of a highl.pdf,EXCLUDE,"证据片段中仅泛泛提及 ""CAD/CAM technology"" 和 ""CAD/CAM manufactured allogeneic bone blocks""，未出现任何具名的第三方非牙科3D软件（如 Mimics、Geomagic 等）被该研究自己使用。",-,-,-,-,"【判定】: EXCLUDE
【判定理由】: 证据片段中仅泛泛提及 ""CAD/CAM technology"" 和 ""CAD/CAM manufactured allogeneic bone blocks""，未出现任何具名的第三方非牙科3D软件（如 Mimics、Geomagic 等）被该研究自己使用。
【软件】: -
【专科】: -
【应用场景】: -
【研究设计】: -"
retroposition of the vestigial cartilage in patients with microtia a novel technique to enhance projection of the reconstructed ear,Retroposition of the Vestigial Cartilage in Patients With Microtia: A Novel Technique to Enhance Projection of the Reconstructed Ear.,The Journal of craniofacial surgery,journalArticle,FHFQ7WB8,Badawy和Elshahat - 2022 - Retroposition of the Vestigial Cartilage in Patients With Microtia A Novel Technique to Enhance Pro.pdf,EXCLUDE,"全文抽取的证据片段仅描述小耳症耳廓重建的外科技术（如""Two-stage auricle reconstruction was performed""），未出现任何具名的第三方非牙科3D软件被该研究自己使用。",-,-,-,-,"【判定】: EXCLUDE
【判定理由】: 全文抽取的证据片段仅描述小耳症耳廓重建的外科技术（如""Two-stage auricle reconstruction was performed""），未出现任何具名的第三方非牙科3D软件被该研究自己使用。
【软件】: -
【专科】: -
【应用场景】: -
【研究设计】: -"
fabrication of immediately loaded implant retained maxillary overdenture with flapless surgery using a cad cam surgical guide a technical report,Fabrication of immediately loaded implant-retained maxillary overdenture with flapless surgery using a CAD/CAM surgical guide: A technical report.,Primary dental journal,journalArticle,EY9HHQH3,Turkyilmaz和Gavras - 2022 - Fabrication of immediately loaded implant-retained maxillary overdenture with flapless surgery using.pdf,EXCLUDE,"证据片段仅泛泛提及""a three-dimensional (3D) planning software""和""CAD/CAM surgical guide""，未给出任何具名的第三方非牙科3D软件名称，无法确认该研究自身使用了符合标准的具名软件。",-,-,-,-,"【判定】: EXCLUDE
【判定理由】: 证据片段仅泛泛提及""a three-dimensional (3D) planning software""和""CAD/CAM surgical guide""，未给出任何具名的第三方非牙科3D软件名称，无法确认该研究自身使用了符合标准的具名软件。
【软件】: -
【专科】: -
【应用场景】: -
【研究设计】: -"
association of peri implant mucosa dimensions with emergence profile angles of the implant prosthesis,Association of Peri-Implant Mucosa Dimensions With Emergence Profile Angles of the Implant Prosthesis.,Clinical and experimental dental research,journalArticle,GC7Z6UQ8,Rungtanakiat 等 - 2024 - Association of Peri-Implant Mucosa Dimensions With Emergence Profile Angles of the Implant Prosthesi.pdf,EXCLUDE,"证据片段中唯一具名软件为""coDiagnostiX version 9.7, Dental Wings Inc.""，属于牙科专用治疗规划软件，不符合""第三方非牙科3D软件""的纳入要求。",-,-,-,-,"【判定】: EXCLUDE
【判定理由】: 证据片段中唯一具名软件为""coDiagnostiX version 9.7, Dental Wings Inc.""，属于牙科专用治疗规划软件，不符合""第三方非牙科3D软件""的纳入要求。
【软件】: -
【专科】: -
【应用场景】: -
【研究设计】: -"
three dimensional finite element analysis of temporomandibular joint stresses following botulinum toxin injection and occlusal splint therapy in bruxism,Three-dimensional finite element analysis of temporomandibular joint stresses following botulinum toxin injection and occlusal splint therapy in bruxism.,BMC oral health,journalArticle,TYDR2R9S,Haşimoğlu 等 - 2026 - Three-dimensional finite element analysis of temporomandibular joint stresses following botulinum to.pdf,EXCLUDE,"抽取的证据片段仅泛泛提及""Finite element analysis (FEA) offers a complementary biomechanical framework""，未出现任何该研究自身使用的具名第三方非牙科3D软件（如 Mimics、ANSYS、ABAQUS 等）。",-,-,-,-,"【判定】: EXCLUDE
【判定理由】: 抽取的证据片段仅泛泛提及""Finite element analysis (FEA) offers a complementary biomechanical framework""，未出现任何该研究自身使用的具名第三方非牙科3D软件（如 Mimics、ANSYS、ABAQUS 等）。
【软件】: -
【专科】: -
【应用场景】: -
【研究设计】: -"
revolutionizing dental restorations insights into computer aided design computer aided manufacturing materials a systematic review,Revolutionizing dental restorations: Insights into computer-aided design/computer-aided manufacturing materials - A systematic review.,Dental research journal,journalArticle,KRGY2GF4,Ramnarayan 等 - 2025 - Revolutionizing dental restorations Insights into computer-aided designcomputer-aided manufacturin.pdf,EXCLUDE,"该文献为系统综述（""This systematic review, conducted in accordance with Preferred Reporting Items for Systematic Reviews and Meta-Analyses guidelines""），属于排除的文献类型；且证据片段中未出现任何该研究自身使用的具名第三方非牙科3D软件。",-,-,-,-,"【判定】: EXCLUDE
【判定理由】: 该文献为系统综述（""This systematic review, conducted in accordance with Preferred Reporting Items for Systematic Reviews and Meta-Analyses guidelines""），属于排除的文献类型；且证据片段中未出现任何该研究自身使用的具名第三方非牙科3D软件。
【软件】: -
【专科】: -
【应用场景】: -
【研究设计】: -"
trueness of fully guided static computer assisted implant surgery for immediate implant placement in premolar and molar sites an observational analysis,"Trueness of fully guided static computer-assisted implant surgery for immediate implant placement in premolar and molar sites, an observational analysis.",BMC oral health,journalArticle,DSAYFDCC,Gnusins 等 - 2026 - Trueness of fully guided static computer-assisted implant surgery for immediate implant placement in.pdf,EXCLUDE,"证据片段显示该研究使用的是牙科专用规划软件""a CAD-IPS (Implant Studio, 3Shape, Copenhagen, Denmark)""，属于牙科专用软件，未使用任何具名的第三方非牙科3D软件。",-,-,-,-,"【判定】: EXCLUDE
【判定理由】: 证据片段显示该研究使用的是牙科专用规划软件""a CAD-IPS (Implant Studio, 3Shape, Copenhagen, Denmark)""，属于牙科专用软件，未使用任何具名的第三方非牙科3D软件。
【软件】: -
【专科】: -
【应用场景】: -
【研究设计】: -"
a personalized 3d printed cad cam functional space maintainer following the premature loss of a primary first molar in a five year old child,A Personalized 3D-Printed CAD/CAM Functional Space Maintainer Following the Premature Loss of a Primary First Molar in a Five-Year-Old Child.,Reports (MDPI),journalArticle,DIV2LM35,Mladenovic 等 - 2025 - A Personalized 3D-Printed CADCAM Functional Space Maintainer Following the Premature Loss of a Prim.pdf,EXCLUDE,"该研究仅使用牙科专用软件""3Shape Dental Designer 2023 version software tool""进行设计，未使用任何具名的第三方非牙科3D软件。",-,-,-,-,"【判定】: EXCLUDE
【判定理由】: 该研究仅使用牙科专用软件""3Shape Dental Designer 2023 version software tool""进行设计，未使用任何具名的第三方非牙科3D软件。
【软件】: -
【专科】: -
【应用场景】: -
【研究设计】: -"
automatic surgical planning based on point cloud filtering and geometric constraints for temporomandibular joint prosthesis implantation,Automatic surgical planning based on point cloud filtering and geometric constraints for temporomandibular joint prosthesis implantation.,International journal of computer assisted radiology and surgery,journalArticle,2E6KGKNK,Fan 等 - 2025 - Automatic surgical planning based on point cloud filtering and geometric constraints for temporomand.pdf,EXCLUDE,"证据片段仅描述该研究提出""an automated surgical planning algorithm""，基于点云滤波与几何约束自建算法，未出现任何具名第三方非牙科3D软件被该研究自己使用。",-,-,-,-,"【判定】: EXCLUDE
【判定理由】: 证据片段仅描述该研究提出""an automated surgical planning algorithm""，基于点云滤波与几何约束自建算法，未出现任何具名第三方非牙科3D软件被该研究自己使用。
【软件】: -
【专科】: -
【应用场景】: -
【研究设计】: -"
posterior implant angulation without cantilever reduction in mandibular all on 4 a controlled finite element analysis of stress transfer and implant macrodesign effects,Posterior implant angulation without cantilever reduction in mandibular All-on-4: a controlled finite element analysis of stress transfer and implant macrodesign  effects.,BMC oral health,journalArticle,KHNTF6NJ,Küçükkurt - 2026 - Posterior implant angulation without cantilever reduction in mandibular All-on-4 a controlled finit.pdf,EXCLUDE,"证据片段仅显示该研究为有限元分析（""finite element analysis""），但未提及任何具名的第三方非牙科3D软件（如 Mimics、ANSYS、ABAQUS 等）被该研究自己使用。",-,-,-,-,"【判定】: EXCLUDE
【判定理由】: 证据片段仅显示该研究为有限元分析（""finite element analysis""），但未提及任何具名的第三方非牙科3D软件（如 Mimics、ANSYS、ABAQUS 等）被该研究自己使用。
【软件】: -
【专科】: -
【应用场景】: -
【研究设计】: -"
hybrid digital workflow for accurate distal extension reproduction in free end removable dental prosthesis a technical report,Hybrid Digital Workflow for Accurate Distal Extension Reproduction in Free-End Removable Dental Prosthesis: A Technical Report.,Dentistry journal,journalArticle,ZQA8YILC,Gonçalves 等 - 2026 - Hybrid Digital Workflow for Accurate Distal Extension Reproduction in Free-End Removable Dental Pros.pdf,EXCLUDE,"证据片段中出现的具名软件为 3Shape Dental System（""using the CAD software (3Shape Dental System v. 2023.1; 3Shape, Copenhagen, Denmark)""），属于牙科专用软件，未提及任何该研究自身使用的具名第三方非牙科3D软件。",-,-,-,-,"【判定】: EXCLUDE
【判定理由】: 证据片段中出现的具名软件为 3Shape Dental System（""using the CAD software (3Shape Dental System v. 2023.1; 3Shape, Copenhagen, Denmark)""），属于牙科专用软件，未提及任何该研究自身使用的具名第三方非牙科3D软件。
【软件】: -
【专科】: -
【应用场景】: -
【研究设计】: -"
comparison of the marginal discrepancy of pfm crowns in the cad cam and lost wax fabrication techniques by triple scanning,Comparison of the marginal discrepancy of PFM crowns in the CAD/CAM and lost-wax fabrication techniques by triple scanning.,Dental and medical problems,journalArticle,UIVXLDR7,Ahmadi 等 - 2020 - Comparison of the marginal discrepancy of PFM crowns in the CADCAM and lost-wax fabrication techniq.pdf,EXCLUDE,证据片段中仅提及 CAD/CAM 系统、立体显微镜和 SEM 等，未出现任何该研究自身使用的具名第三方非牙科3D软件（如 Mimics、Geomagic 等）。,-,-,-,-,"【判定】: EXCLUDE
【判定理由】: 证据片段中仅提及 CAD/CAM 系统、立体显微镜和 SEM 等，未出现任何该研究自身使用的具名第三方非牙科3D软件（如 Mimics、Geomagic 等）。
【软件】: -
【专科】: -
【应用场景】: -
【研究设计】: -"
efficiency and accuracy of augmented reality guided endodontic surgery a systematic review,Efficiency and accuracy of augmented reality guided endodontic surgery: a systematic review.,BMC oral health,journalArticle,GKEVKNY9,Naidu 等 - 2026 - Efficiency and accuracy of augmented reality guided endodontic surgery a systematic review.pdf,EXCLUDE,"该文献为系统综述（""A systematic review was conducted in accordance with PRISMA 2020 guidelines""），属于被排除的文献类型，且证据片段中未显示该研究自身使用任何具名第三方非牙科3D软件。",-,-,-,-,"【判定】: EXCLUDE
【判定理由】: 该文献为系统综述（""A systematic review was conducted in accordance with PRISMA 2020 guidelines""），属于被排除的文献类型，且证据片段中未显示该研究自身使用任何具名第三方非牙科3D软件。
【软件】: -
【专科】: -
【应用场景】: -
【研究设计】: -"
accuracy of facial scan registration a comparison between full cranium and reduced field of view cone beam computed tomography,Accuracy of facial scan registration: A comparison between full-cranium and reduced field-of-view cone-beam computed tomography.,Imaging science in dentistry,journalArticle,ZMMF2E7P,Serafin 等 - 2025 - Accuracy of facial scan registration A comparison between full-cranium and reduced field-of-view co.pdf,EXCLUDE,"证据片段仅泛泛提及""3D laser scanning""和""best-fit algorithm""，未出现任何具名的第三方非牙科3D软件（如 Mimics、3D Slicer、Geomagic 等）被该研究自己使用。",-,-,-,-,"【判定】: EXCLUDE
【判定理由】: 证据片段仅泛泛提及""3D laser scanning""和""best-fit algorithm""，未出现任何具名的第三方非牙科3D软件（如 Mimics、3D Slicer、Geomagic 等）被该研究自己使用。
【软件】: -
【专科】: -
【应用场景】: -
【研究设计】: -"
laboratorial comparative study of the accuracy between virtual planning and erickson s platform,Laboratorial Comparative Study of the Accuracy Between Virtual Planning and Erickson's Platform.,Journal of maxillofacial and oral surgery,journalArticle,K5L8U678,de Barros Melo 等 - 2022 - Laboratorial Comparative Study of the Accuracy Between Virtual Planning and Erickson's Platform..pdf,EXCLUDE,"该研究仅使用牙科专用软件 ""Dolphin Imaging 11.9 software"" 进行虚拟手术规划，证据片段中未出现任何具名的第三方非牙科3D软件被该研究自己使用。",-,-,-,-,"【判定】: EXCLUDE
【判定理由】: 该研究仅使用牙科专用软件 ""Dolphin Imaging 11.9 software"" 进行虚拟手术规划，证据片段中未出现任何具名的第三方非牙科3D软件被该研究自己使用。
【软件】: -
【专科】: -
【应用场景】: -
【研究设计】: -"
development of an automatic computer program to determine the optimal dental implant size and position for fibula free flap surgery,Development of an Automatic Computer Program to Determine the Optimal Dental Implant Size and Position for Fibula Free Flap Surgery.,Craniomaxillofacial trauma & reconstruction,journalArticle,7M8ERVJ3,Cheung 等 - 2025 - Development of an Automatic Computer Program to Determine the Optimal Dental Implant Size and Positi.pdf,EXCLUDE,"证据片段显示该研究仅""developed using MATLAB""自编程序，属于自研算法/代码，未使用具名第三方非牙科3D软件进行3D数据处理。",-,-,-,-,"【判定】: EXCLUDE
【判定理由】: 证据片段显示该研究仅""developed using MATLAB""自编程序，属于自研算法/代码，未使用具名第三方非牙科3D软件进行3D数据处理。
【软件】: -
【专科】: -
【应用场景】: -
【研究设计】: -"
two stage deep learning framework for occlusal crown depth image generation,Two-stage deep learning framework for occlusal crown depth image generation.,Computers in biology and medicine,journalArticle,IDCI2HJY,Roh 等 - 2024 - Two-stage deep learning framework for occlusal crown depth image generation.pdf,EXCLUDE,"证据片段仅描述该研究提出自研的两阶段深度学习模型（""we propose a two-stage model""、""segmentation network""、""inpainting network based on a GAN""），未提及使用任何具名的第三方非牙科3D软件。",-,-,-,-,"【判定】: EXCLUDE
【判定理由】: 证据片段仅描述该研究提出自研的两阶段深度学习模型（""we propose a two-stage model""、""segmentation network""、""inpainting network based on a GAN""），未提及使用任何具名的第三方非牙科3D软件。
【软件】: -
【专科】: -
【应用场景】: -
【研究设计】: -"
3d photography and computer modelling in nasal reconstruction,3D photography and computer modelling in nasal reconstruction.,Journal of oral biology and craniofacial research,journalArticle,KB2PJW4K,Faderani 等 - 2022 - 3D photography and computer modelling in nasal reconstruction.pdf,EXCLUDE,"证据片段中仅提及使用""Vectra XT camera""进行3D摄影，未出现任何具名的第三方非牙科3D软件（如Mimics、3D Slicer等）被该研究自己用于3D数据处理、分析、建模或测量。",-,-,-,-,"【判定】: EXCLUDE
【判定理由】: 证据片段中仅提及使用""Vectra XT camera""进行3D摄影，未出现任何具名的第三方非牙科3D软件（如Mimics、3D Slicer等）被该研究自己用于3D数据处理、分析、建模或测量。
【软件】: -
【专科】: -
【应用场景】: -
【研究设计】: -"
ai assisted identification of the medial lingual foramen on cbct a deep learning approach for preoperative implant assessment,AI-Assisted Identification of the Medial Lingual Foramen on CBCT: A Deep Learning Approach for Preoperative Implant Assessment.,"Medicina (Kaunas, Lithuania)",journalArticle,MVGIWU9B,Ban 等 - 2026 - AI-Assisted Identification of the Medial Lingual Foramen on CBCT A Deep Learning Approach for Preop.pdf,EXCLUDE,"该研究仅使用自研的深度学习模型（""convolutional neural network models based on a U-Net-derived framework""），证据片段中未出现任何具名的第三方非牙科3D软件被该研究自己使用。",-,-,-,-,"【判定】: EXCLUDE
【判定理由】: 该研究仅使用自研的深度学习模型（""convolutional neural network models based on a U-Net-derived framework""），证据片段中未出现任何具名的第三方非牙科3D软件被该研究自己使用。
【软件】: -
【专科】: -
【应用场景】: -
【研究设计】: -"
a novel guided zygomatic and pterygoid implant surgery system a human cadaver study on accuracy,A Novel Guided Zygomatic and Pterygoid Implant Surgery System: A Human Cadaver Study on Accuracy.,International journal of environmental research and public health,journalArticle,SXVNEQGA,Grecchi 等 - 2021 - A Novel Guided Zygomatic and Pterygoid Implant Surgery System A Human Cadaver Study on Accuracy..pdf,EXCLUDE,抽取的证据片段仅涉及术前CT规划、激光烧结钛模板和术后CT叠加测量，未出现任何具名的第三方非牙科3D软件（如 Mimics、3D Slicer、Geomagic 等）被该研究自己使用。,-,-,-,-,"【判定】: EXCLUDE
【判定理由】: 抽取的证据片段仅涉及术前CT规划、激光烧结钛模板和术后CT叠加测量，未出现任何具名的第三方非牙科3D软件（如 Mimics、3D Slicer、Geomagic 等）被该研究自己使用。
【软件】: -
【专科】: -
【应用场景】: -
【研究设计】: -"
zirconia implants interfere with the evaluation of peri implant bone defects in cone beam computed tomography cbct images even with artifact reduction a pilot study,"Zirconia implants interfere with the evaluation of peri-implant bone defects in cone beam computed tomography (CBCT) images even with artifact reduction, a pilot  study.",Dento maxillo facial radiology,journalArticle,HG9V8DTX,Kuusisto 等 - 2023 - Zirconia implants interfere with the evaluation of peri-implant bone defects in cone beam computed t-1.pdf,EXCLUDE,"证据片段中唯一具名的软件为""SPSS 29 (IBM, NY) software package""，仅用于统计分析（ICC检验），并非用于3D数据的处理、分析、建模或测量；其余提及的均为CBCT设备或参考文献。",-,-,-,-,"【判定】: EXCLUDE
【判定理由】: 证据片段中唯一具名的软件为""SPSS 29 (IBM, NY) software package""，仅用于统计分析（ICC检验），并非用于3D数据的处理、分析、建模或测量；其余提及的均为CBCT设备或参考文献。
【软件】: -
【专科】: -
【应用场景】: -
【研究设计】: -"
isolation and therapeutic application of extracellular vesicles derived from self assembled mesenchymal stem cell aggregates,Isolation and Therapeutic Application of Extracellular Vesicles Derived from Self-Assembled Mesenchymal Stem Cell Aggregates.,,videoRecording,ZAPYVPDD,He 等 - 2026 - Isolation and Therapeutic Application of Extracellular Vesicles Derived from Self-Assembled Mesenchy.pdf,EXCLUDE,"证据片段中仅提及""compatible software""用于纳米颗粒跟踪分析（NTA）的粒径分布与浓度测量，未出现任何具名的第三方非牙科3D软件，且该软件用于颗粒分析而非3D数据处理、分析、建模或测量。",-,-,-,-,"【判定】: EXCLUDE
【判定理由】: 证据片段中仅提及""compatible software""用于纳米颗粒跟踪分析（NTA）的粒径分布与浓度测量，未出现任何具名的第三方非牙科3D软件，且该软件用于颗粒分析而非3D数据处理、分析、建模或测量。
【软件】: -
【专科】: -
【应用场景】: -
【研究设计】: -"
biomechanical comparison of titanium and y tzp subperiosteal implants in atrophic maxilla a finite element study,Biomechanical comparison of titanium and Y-TZP subperiosteal implants in atrophic maxilla: a finite element study.,BMC oral health,journalArticle,5N9WLQW9,Etik和Keskin Yalcin - 2026 - Biomechanical comparison of titanium and Y-TZP subperiosteal implants in atrophic maxilla a finite.pdf,EXCLUDE,"抽取的证据片段仅提及""three-dimensional finite element analysis (FEA)""和""CAD/CAM""等泛泛概念，未出现任何该研究自身使用的具名第三方非牙科3D软件（如 ANSYS、ABAQUS、Mimics 等）。",-,-,-,-,"【判定】: EXCLUDE
【判定理由】: 抽取的证据片段仅提及""three-dimensional finite element analysis (FEA)""和""CAD/CAM""等泛泛概念，未出现任何该研究自身使用的具名第三方非牙科3D软件（如 ANSYS、ABAQUS、Mimics 等）。
【软件】: -
【专科】: -
【应用场景】: -
【研究设计】: -"
exploring the intricacies of finite element modeling of 3d printed scaffolds for musculoskeletal applications an in depth review,Exploring the Intricacies of Finite Element Modeling of 3D-Printed Scaffolds for Musculoskeletal Applications: An In-Depth Review.,Cureus,journalArticle,QLCV7SDJ,Paul 等 - 2026 - Exploring the Intricacies of Finite Element Modeling of 3D-Printed Scaffolds for Musculoskeletal App.pdf,EXCLUDE,"该文献题名与摘要明确为 ""An In-Depth Review""，属于综述类型，不符合纳入标准第3条（排除综述）；且证据片段中未出现任何该研究自身使用的具名第三方非牙科3D软件。",-,-,-,-,"【判定】: EXCLUDE
【判定理由】: 该文献题名与摘要明确为 ""An In-Depth Review""，属于综述类型，不符合纳入标准第3条（排除综述）；且证据片段中未出现任何该研究自身使用的具名第三方非牙科3D软件。
【软件】: -
【专科】: -
【应用场景】: -
【研究设计】: -"
artificial intelligence for maxillofacial prosthodontics a technological shift in craniofacial rehabilitation a scoping review,Artificial intelligence for maxillofacial prosthodontics: A technological shift in craniofacial rehabilitation- a scoping review.,Journal of oral biology and craniofacial research,journalArticle,LPNTLF6K,Aradya 等 - 2025 - Artificial intelligence for maxillofacial prosthodontics A technological shift in craniofacial reha.pdf,EXCLUDE,"该文献为 scoping review（""A scoping review is therefore necessary to consolidate existing evidence""），属于综述类型，不符合原创研究要求；且证据片段中未出现该研究自身使用的具名第三方非牙科3D软件。",-,-,-,-,"【判定】: EXCLUDE
【判定理由】: 该文献为 scoping review（""A scoping review is therefore necessary to consolidate existing evidence""），属于综述类型，不符合原创研究要求；且证据片段中未出现该研究自身使用的具名第三方非牙科3D软件。
【软件】: -
【专科】: -
【应用场景】: -
【研究设计】: -"
investigation of voids in the apical plug of mta using cone beam computed tomography digital radiography and analog radiography,"Investigation of Voids in the Apical Plug of MTA Using Cone-Beam Computed Tomography, Digital Radiography, and Analog Radiography.","Journal of dentistry (Shiraz, Iran)",journalArticle,ECEYBXQN,"Eskandarinezhad 等 - 2026 - Investigation of Voids in the Apical Plug of MTA Using Cone-Beam Computed Tomography, Digital Radiog.pdf",EXCLUDE,"证据片段中出现的软件为""NNT view version 2.17 software""，这是CBCT设备自带的牙科影像查看软件，不属于具名的第三方非牙科3D软件；且该研究未使用任何符合纳入标准的非牙科3D软件。",-,-,-,-,"【判定】: EXCLUDE
【判定理由】: 证据片段中出现的软件为""NNT view version 2.17 software""，这是CBCT设备自带的牙科影像查看软件，不属于具名的第三方非牙科3D软件；且该研究未使用任何符合纳入标准的非牙科3D软件。
【软件】: -
【专科】: -
【应用场景】: -
【研究设计】: -"
a reproducible optical microscopic framework for evaluating electronic apex locator performance in different irrigants using 3d printed transparent resin teeth,A reproducible optical-microscopic framework for evaluating electronic apex locator performance in different irrigants using 3D-printed transparent resin  teeth.,Frontiers in dental medicine,journalArticle,D4L4LQ75,Pham 等 - 2026 - A reproducible optical-microscopic framework for evaluating electronic apex locator performance in d.pdf,INCLUDE,"该研究自身在材料与方法中使用 3D Slicer 进行牙体结构分割（""Segmentation of the tooth structures was performed using 3D Slicer software, version 5.8""），并使用 Meshmixer 进行数字化开髓洞型预备（""imported into Meshmixer ... for digital access cavity preparation""）。",3D Slicer; Meshmixer,Endodontics,Image segmentation and 3D reconstruction,in_vitro,"【判定】: INCLUDE
【判定理由】: 该研究自身在材料与方法中使用 3D Slicer 进行牙体结构分割（""Segmentation of the tooth structures was performed using 3D Slicer software, version 5.8""），并使用 Meshmixer 进行数字化开髓洞型预备（""imported into Meshmixer ... for digital access cavity preparation""）。
【软件】: 3D Slicer; Meshmixer
【专科】: Endodontics
【应用场景】: Image segmentation and 3D reconstruction
【研究设计】: in_vitro"
use of individually designed cad cam suprastructures for dental reconstruction in patients with cleft lip and palate,Use of Individually Designed CAD/CAM Suprastructures for Dental Reconstruction in Patients with Cleft Lip and Palate.,Dentistry journal,journalArticle,HXCMADLS,Mäntynen 等 - 2023 - Use of Individually Designed CADCAM Suprastructures for Dental Reconstruction in Patients with Clef.pdf,EXCLUDE,"证据片段中仅提及牙科专用系统 ""Atlantis 2in1 system"" 和 ""Createch removable telescope structures""，未出现任何该研究自身使用的具名第三方非牙科3D软件。",-,-,-,-,"【判定】: EXCLUDE
【判定理由】: 证据片段中仅提及牙科专用系统 ""Atlantis 2in1 system"" 和 ""Createch removable telescope structures""，未出现任何该研究自身使用的具名第三方非牙科3D软件。
【软件】: -
【专科】: -
【应用场景】: -
【研究设计】: -"
new approach to dental morphometric research based on 3d imaging techniques,New Approach to Dental Morphometric Research Based on 3D Imaging Techniques.,Journal of imaging,journalArticle,JXPNURLI,Gaboutchian 等 - 2021 - New Approach to Dental Morphometric Research Based on 3D Imaging Techniques..pdf,EXCLUDE,"抽取的证据片段仅泛泛提及""3D reconstructions""""image processing""""micro computed tomography (µCT)""等，未出现该研究自身在材料与方法中使用的任何具名第三方非牙科3D软件（如 Mimics、3D Slicer、Geomagic 等）。",-,-,-,-,"【判定】: EXCLUDE
【判定理由】: 抽取的证据片段仅泛泛提及""3D reconstructions""""image processing""""micro computed tomography (µCT)""等，未出现该研究自身在材料与方法中使用的任何具名第三方非牙科3D软件（如 Mimics、3D Slicer、Geomagic 等）。
【软件】: -
【专科】: -
【应用场景】: -
【研究设计】: -"
potential applicability of virtual reality in implant dentistry a narrative review,Potential applicability of virtual reality in implant dentistry: a narrative review.,Frontiers in dental medicine,journalArticle,Y85SAQ5F,Alasiri - 2024 - Potential applicability of virtual reality in implant dentistry a narrative review..pdf,EXCLUDE,"该文献为叙述性综述（题名明确为 ""a narrative review""），不符合原创研究/技术说明/病例报告的纳入类型要求；且证据片段中提及的软件均为被引他人研究或泛泛讨论，未体现该研究自身使用具名第三方非牙科3D软件。",-,-,-,-,"【判定】: EXCLUDE
【判定理由】: 该文献为叙述性综述（题名明确为 ""a narrative review""），不符合原创研究/技术说明/病例报告的纳入类型要求；且证据片段中提及的软件均为被引他人研究或泛泛讨论，未体现该研究自身使用具名第三方非牙科3D软件。
【软件】: -
【专科】: -
【应用场景】: -
【研究设计】: -"
evaluation of the marginal fit of computer aided design cad and computer aided manufacturing cam zirconia bridges fabricated with different firing cycles of veneering porcelain an in vitro study,Evaluation of the Marginal Fit of Computer-Aided Design (CAD) and Computer-Aided Manufacturing (CAM) Zirconia Bridges Fabricated With Different Firing Cycles of  Veneering Porcelain: An In Vitro Study.,Cureus,journalArticle,CC4C93VB,Chokr 等 - 2023 - Evaluation of the Marginal Fit of Computer-Aided Design (CAD) and Computer-Aided Manufacturing (CAM).pdf,EXCLUDE,"证据片段中仅泛泛提及""designed by CAD/CAM""，未出现任何具名的第三方非牙科3D软件（如Mimics、3D Slicer、Geomagic等）被该研究自己使用。",-,-,-,-,"【判定】: EXCLUDE
【判定理由】: 证据片段中仅泛泛提及""designed by CAD/CAM""，未出现任何具名的第三方非牙科3D软件（如Mimics、3D Slicer、Geomagic等）被该研究自己使用。
【软件】: -
【专科】: -
【应用场景】: -
【研究设计】: -"
rat tongue kinematics with markerless xromm using deeplabcut and marker masking,Rat Tongue Kinematics with Markerless XROMM Using DeepLabCut and Marker Masking.,Annual International Conference of the IEEE Engineering in Medicine and Biology Society. IEEE Engineering in Medicine and Biology Society. Annual International  Conference,journalArticle,R32WAMDT,Flotho 等 - 2024 - Rat Tongue Kinematics with Markerless XROMM Using DeepLabCut and Marker Masking..pdf,EXCLUDE,"该研究主题为啮齿动物舌运动学（XROMM），属于基础生物学/神经行为研究，而非口腔医学任一学科；且所用工具为 DeepLabCut、XMALab 等，证据中仅见 ""Each marker's ... 3D coordinates were read in MATLAB"" 用于坐标读取，未体现具名第三方非牙科3D软件用于口腔医学3D数据处理。",-,-,-,-,"【判定】: EXCLUDE
【判定理由】: 该研究主题为啮齿动物舌运动学（XROMM），属于基础生物学/神经行为研究，而非口腔医学任一学科；且所用工具为 DeepLabCut、XMALab 等，证据中仅见 ""Each marker's ... 3D coordinates were read in MATLAB"" 用于坐标读取，未体现具名第三方非牙科3D软件用于口腔医学3D数据处理。
【软件】: -
【专科】: -
【应用场景】: -
【研究设计】: -"
efficient complete denture metal base design via a dental feature driven segmentation network,Efficient complete denture metal base design via a dental feature-driven segmentation network.,Computers in biology and medicine,journalArticle,4X2TJXXU,Li 等 - 2024 - Efficient complete denture metal base design via a dental feature-driven segmentation network..pdf,EXCLUDE,"该研究仅开发并使用自研的分割网络框架 CDMB-SegNet（""we develop a computer-aided Segmentation Network-driven CDMB design framework, called CDMB-SegNet""），证据片段中未出现任何具名的第三方非牙科3D软件被该研究自己使用。",-,-,-,-,"【判定】: EXCLUDE
【判定理由】: 该研究仅开发并使用自研的分割网络框架 CDMB-SegNet（""we develop a computer-aided Segmentation Network-driven CDMB design framework, called CDMB-SegNet""），证据片段中未出现任何具名的第三方非牙科3D软件被该研究自己使用。
【软件】: -
【专科】: -
【应用场景】: -
【研究设计】: -"
comparison of 3d accuracy of conventional cast metal to milled zirconia implant supported full arch fixed dental prosthesis frameworks,Comparison of 3D Accuracy of Conventional Cast Metal to Milled Zirconia Implant-Supported Full-Arch Fixed Dental Prosthesis Frameworks.,The International journal of oral & maxillofacial implants,journalArticle,SISAMUSA,Lua 等 - 2025 - Comparison of Three-Dimensional Accuracy of Conventional Cast Metal to Milled Zirconia Implant Full-.pdf,EXCLUDE,证据片段中仅提及 CAD/CAM 和 CMM 配套的计量软件（PC-DMIS），未出现任何具名的第三方非牙科三维软件被该研究自身用于3D数据处理、分析或建模。,-,-,-,-,"【判定】: EXCLUDE
【判定理由】: 证据片段中仅提及 CAD/CAM 和 CMM 配套的计量软件（PC-DMIS），未出现任何具名的第三方非牙科三维软件被该研究自身用于3D数据处理、分析或建模。
【软件】: -
【专科】: -
【应用场景】: -
【研究设计】: -"
virtual articulator software accuracy usability and clinical applicability a systematic review,"Virtual Articulator Software: Accuracy, Usability, and Clinical Applicability: A Systematic Review.",International dental journal,journalArticle,U5BR4J6Y,"Saini 等 - 2025 - Virtual Articulator Software Accuracy, Usability, and Clinical Applicability A Systematic Review.pdf",EXCLUDE,"该文献为系统综述（""A Systematic Review""），且证据片段中提及的 MATLAB 等软件仅出现在对纳入研究的汇总描述中（""including Panadent, Ortho CADTM, CT, CAD/CAM, PAN 300, and MATLAB program""），并非该研究自身在材料与方法中使用。",-,-,-,-,"【判定】: EXCLUDE
【判定理由】: 该文献为系统综述（""A Systematic Review""），且证据片段中提及的 MATLAB 等软件仅出现在对纳入研究的汇总描述中（""including Panadent, Ortho CADTM, CT, CAD/CAM, PAN 300, and MATLAB program""），并非该研究自身在材料与方法中使用。
【软件】: -
【专科】: -
【应用场景】: -
【研究设计】: -"
accuracy of implant placement with a combined use of static and dynamic computer assisted implant surgery in single tooth space a randomized controlled trial,Accuracy of implant placement with a combined use of static and dynamic computer-assisted implant surgery in single tooth space: A randomized controlled  trial.,Clinical oral implants research,journalArticle,UYNICMWQ,Yotpibulwong 等 - 2023 - Accuracy of implant placement with a combined use of static and dynamic computer-assisted implant su.pdf,EXCLUDE,证据片段中出现的具名软件为 Iris-100（动态导航软件）和 coDiagnostiX（牙科专用种植规划软件），前者属牙科导航系统，后者为牙科专用软件；G*Power 仅用于样本量计算而非3D数据处理，故该研究未使用具名的第三方非牙科3D软件。,-,-,-,-,"【判定】: EXCLUDE
【判定理由】: 证据片段中出现的具名软件为 Iris-100（动态导航软件）和 coDiagnostiX（牙科专用种植规划软件），前者属牙科导航系统，后者为牙科专用软件；G*Power 仅用于样本量计算而非3D数据处理，故该研究未使用具名的第三方非牙科3D软件。
【软件】: -
【专科】: -
【应用场景】: -
【研究设计】: -"
tablet based augmented reality and 3d printed templates in fully guided microtia reconstruction a clinical workflow,Tablet-based Augmented reality and 3D printed templates in fully guided Microtia Reconstruction: a clinical workflow.,3D printing in medicine,journalArticle,EJE3LUQJ,Díez-Montiel 等 - 2024 - Tablet-based Augmented reality and 3D printed templates in fully guided Microtia Reconstruction a c.pdf,EXCLUDE,"证据片段显示该研究""developed an in-house AR application""，即使用自研应用程序，未提及任何具名的第三方非牙科3D软件（如 Mimics、3D Slicer 等）被该研究自身使用。",-,-,-,-,"【判定】: EXCLUDE
【判定理由】: 证据片段显示该研究""developed an in-house AR application""，即使用自研应用程序，未提及任何具名的第三方非牙科3D软件（如 Mimics、3D Slicer 等）被该研究自身使用。
【软件】: -
【专科】: -
【应用场景】: -
【研究设计】: -"
automatic real time space registration application for simulating dental and maxillofacial surgery,Automatic Real-Time Space Registration Application for Simulating Dental and Maxillofacial Surgery.,The Journal of craniofacial surgery,journalArticle,4RXVW5LA,Bai 等 - 2022 - Automatic Real-Time Space Registration Application for Simulating Dental and Maxillofacial Surgery..pdf,EXCLUDE,"证据片段仅描述了作者自研的""weighted iterative closest point (ICP) algorithm""及其改进，未提及任何具名的第三方非牙科3D软件被该研究自身使用。",-,-,-,-,"【判定】: EXCLUDE
【判定理由】: 证据片段仅描述了作者自研的""weighted iterative closest point (ICP) algorithm""及其改进，未提及任何具名的第三方非牙科3D软件被该研究自身使用。
【软件】: -
【专科】: -
【应用场景】: -
【研究设计】: -"
efficacy of metal artifact reduction algorithm of cone beam computed tomography for detection of fenestration and dehiscence around dental implants,Efficacy of Metal Artifact Reduction Algorithm of Cone-Beam Computed Tomography for Detection of Fenestration and Dehiscence around Dental Implants.,Journal of biomedical physics & engineering,journalArticle,KVLBJQPE,Salemi 等 - 2021 - Efficacy of Metal Artifact Reduction Algorithm of Cone-Beam Computed Tomography for Detection of Fen.pdf,EXCLUDE,证据片段中仅出现 Romexis、On Demand 等牙科专用软件及 SPSS 统计软件，未使用任何具名的第三方非牙科三维软件进行3D数据处理。,-,-,-,-,"【判定】: EXCLUDE
【判定理由】: 证据片段中仅出现 Romexis、On Demand 等牙科专用软件及 SPSS 统计软件，未使用任何具名的第三方非牙科三维软件进行3D数据处理。
【软件】: -
【专科】: -
【应用场景】: -
【研究设计】: -"
concurrent computed tomography based evaluation of nasal morphology airway volume and skeletal changes following craniofacial distraction osteogenesis a pilot retrospective case series,"Concurrent computed tomography-based evaluation of nasal morphology, airway volume, and skeletal changes following craniofacial distraction osteogenesis: A  pilot retrospective case series.","Journal of stomatology, oral and maxillofacial surgery",journalArticle,LQCXZNNJ,"Julia 等 - 2026 - Concurrent computed tomography-based evaluation of nasal morphology, airway volume, and skeletal cha.pdf",INCLUDE,"全文证据明确显示该研究自身使用具名第三方非牙科3D软件：""Nasal soft tissue index measurement was calculated based on nasal height and nasal width using the Mimics three-dimensional analysis software"" 以及 ""condylar volume was calculated using Mimics software""。",Mimics,Oral and Maxillofacial Surgery,Morphological and phenotypic analysis,clinical,"【判定】: INCLUDE
【判定理由】: 全文证据明确显示该研究自身使用具名第三方非牙科3D软件：""Nasal soft tissue index measurement was calculated based on nasal height and nasal width using the Mimics three-dimensional analysis software"" 以及 ""condylar volume was calculated using Mimics software""。
【软件】: Mimics
【专科】: Oral and Maxillofacial Surgery
【应用场景】: Morphological and phenotypic analysis
【研究设计】: clinical"
a novel solution of using mixed reality in bowel and oral and maxillofacial surgical telepresence 3d mean value cloning algorithm,A Novel Solution of Using Mixed Reality in Bowel and Oral and Maxillofacial Surgical Telepresence: 3D Mean Value Cloning algorithm.,The international journal of medical robotics + computer assisted surgery : MRCAS,journalArticle,VTPCDERE,Maharjan 等 - 2020 - A Novel Solution of Using Mixed Reality in Bowel and Oral and Maxillofacial Surgical Telepresence 3.pdf,EXCLUDE,证据片段中提及的软件/算法（如 ICP、TLD、mean value cloning）均为该研究自研或通用算法，且相关软件名仅出现在被引他人研究（如 Henry & Lee [5]、Fan et al. [17]）的讨论中，未见该研究自身使用任何具名第三方非牙科3D软件。,-,-,-,-,"【判定】: EXCLUDE
【判定理由】: 证据片段中提及的软件/算法（如 ICP、TLD、mean value cloning）均为该研究自研或通用算法，且相关软件名仅出现在被引他人研究（如 Henry & Lee [5]、Fan et al. [17]）的讨论中，未见该研究自身使用任何具名第三方非牙科3D软件。
【软件】: -
【专科】: -
【应用场景】: -
【研究设计】: -"
patient specific gingival recession system based on periodontal disease prediction,Patient-specific gingival recession system based on periodontal disease prediction.,International journal of computerized dentistry,journalArticle,VXPM8E6R,2025 - Patient-specific gingival recession system based on periodontal disease prediction.pdf,EXCLUDE,"该研究自行开发了""PDP software program""，使用自研算法（Dijkstra's algorithm、K means clustering），证据中仅提及自编程序与Microsoft Excel，未使用任何具名的第三方非牙科3D软件。",-,-,-,-,"【判定】: EXCLUDE
【判定理由】: 该研究自行开发了""PDP software program""，使用自研算法（Dijkstra's algorithm、K means clustering），证据中仅提及自编程序与Microsoft Excel，未使用任何具名的第三方非牙科3D软件。
【软件】: -
【专科】: -
【应用场景】: -
【研究设计】: -"
an in vitro analysis of implant site preparation and placement protocols on implant accuracy in robot assisted procedures,An In Vitro Analysis of Implant Site Preparation and Placement Protocols on Implant Accuracy in Robot-Assisted Procedures.,Dentistry journal,journalArticle,JYU5QBGN,Wang 等 - 2025 - An In Vitro Analysis of Implant Site Preparation and Placement Protocols on Implant Accuracy in Robo.pdf,EXCLUDE,"证据片段中仅提及""3D reconstruction techniques""和""3D printed""等泛化描述，未出现任何具名的第三方非牙科3D软件（如Mimics、3D Slicer、Geomagic等）被该研究自己使用；CBCT为影像设备，3D打印机为制造设备，均非3D数据处理软件。",-,-,-,-,"【判定】: EXCLUDE
【判定理由】: 证据片段中仅提及""3D reconstruction techniques""和""3D printed""等泛化描述，未出现任何具名的第三方非牙科3D软件（如Mimics、3D Slicer、Geomagic等）被该研究自己使用；CBCT为影像设备，3D打印机为制造设备，均非3D数据处理软件。
【软件】: -
【专科】: -
【应用场景】: -
【研究设计】: -"
development of an experimental model for assessment of palatal tissue decomposition by intraoral scanner,Development of an experimental model for assessment of palatal tissue decomposition by intraoral scanner.,Forensic science international,journalArticle,QX8DEXZK,Mikó 等 - 2025 - Development of an experimental model for assessment of palatal tissue decomposition by intraoral sca.pdf,EXCLUDE,证据片段中仅提及使用 Emerald S 口内扫描仪（Planmeca，牙科专用设备/软件）及迭代最近点算法（iterative closest point algorithm），未出现任何具名的第三方非牙科3D软件被该研究自己使用。,-,-,-,-,"【判定】: EXCLUDE
【判定理由】: 证据片段中仅提及使用 Emerald S 口内扫描仪（Planmeca，牙科专用设备/软件）及迭代最近点算法（iterative closest point algorithm），未出现任何具名的第三方非牙科3D软件被该研究自己使用。
【软件】: -
【专科】: -
【应用场景】: -
【研究设计】: -"
advances in digital restorative dentistry evaluation of clinical outcome parameters of cad cam and 3d printed inlays onlays and veneers scoping review,"Advances in Digital Restorative Dentistry: Evaluation of Clinical Outcome Parameters of CAD/CAM and 3D-Printed Inlays, Onlays, and Veneers-Scoping Review.",International journal of dentistry,journalArticle,LIQ8K4QS,Basheer和Peeran - 2026 - Advances in Digital Restorative Dentistry Evaluation of Clinical Outcome Parameters of CADCAM and.pdf,EXCLUDE,"该文献为 scoping review（""This scoping review aimed to map and synthesize current evidence""），属于综述类型，不符合原创研究/技术说明/病例报告的纳入要求；且证据片段中未出现该研究自身使用的具名第三方非牙科3D软件。",-,-,-,-,"【判定】: EXCLUDE
【判定理由】: 该文献为 scoping review（""This scoping review aimed to map and synthesize current evidence""），属于综述类型，不符合原创研究/技术说明/病例报告的纳入要求；且证据片段中未出现该研究自身使用的具名第三方非牙科3D软件。
【软件】: -
【专科】: -
【应用场景】: -
【研究设计】: -"
predicting site specific alveolar bone remodeling in class iii decompensation a preliminary study based on a data driven rbf framework,Predicting site-specific alveolar bone remodeling in class III decompensation: a preliminary study based on a data-driven RBF framework.,BMC oral health,journalArticle,WY9YT5C5,Li 等 - 2026 - Predicting site-specific alveolar bone remodeling in class III decompensation a preliminary study b.pdf,EXCLUDE,"证据片段仅显示该研究使用自研的 RBF 神经网络框架（""a data-driven framework using a radial basis function (RBF) neural network""），未出现任何具名的第三方非牙科3D软件被该研究自己使用。",-,-,-,-,"【判定】: EXCLUDE
【判定理由】: 证据片段仅显示该研究使用自研的 RBF 神经网络框架（""a data-driven framework using a radial basis function (RBF) neural network""），未出现任何具名的第三方非牙科3D软件被该研究自己使用。
【软件】: -
【专科】: -
【应用场景】: -
【研究设计】: -"
effect of distal cantilever and anterior implant diameter on framework and cortical bone stress in a peek based all on four mandibular prosthesis,Effect of distal cantilever and anterior implant diameter on framework and cortical bone stress in a PEEK-based All-on-Four mandibular prosthesis.,Frontiers in dental medicine,journalArticle,BG353LUQ,Rodrigues 等 - 2026 - Effect of distal cantilever and anterior implant diameter on framework and cortical bone stress in a.pdf,INCLUDE,"该研究自身在材料与方法中使用具名第三方非牙科3D软件进行有限元分析，原文明确写道""A meshless multi-pass adaptive analysis approach was employed using Sim Solid software (24, 25)""。",SimSolid,Implantology,Biomechanical analysis and simulation,computational,"【判定】: INCLUDE
【判定理由】: 该研究自身在材料与方法中使用具名第三方非牙科3D软件进行有限元分析，原文明确写道""A meshless multi-pass adaptive analysis approach was employed using Sim Solid software (24, 25)""。
【软件】: SimSolid
【专科】: Implantology
【应用场景】: Biomechanical analysis and simulation
【研究设计】: computational"
role of 3d printing in post op rehabilitation of palatal bone loss by mucormycosis a survey,Role of 3D Printing in Post-op Rehabilitation of Palatal Bone Loss by Mucormycosis: A Survey.,Cureus,journalArticle,6VNYBPW6,Gaikwad 等 - 2022 - Role of 3D Printing in Post-op Rehabilitation of Palatal Bone Loss by Mucormycosis A Survey.pdf,EXCLUDE,"该文献为问卷调查（survey），研究自身未使用任何具名第三方非牙科3D软件，证据片段仅泛泛提及""3D printing""及""3D modeling, printing, and manufacturing""，无具体软件名。",-,-,-,-,"【判定】: EXCLUDE
【判定理由】: 该文献为问卷调查（survey），研究自身未使用任何具名第三方非牙科3D软件，证据片段仅泛泛提及""3D printing""及""3D modeling, printing, and manufacturing""，无具体软件名。
【软件】: -
【专科】: -
【应用场景】: -
【研究设计】: -"
detecting mandible fractures in cbct scans using a 3 stage neural network,Detecting Mandible Fractures in CBCT Scans Using a 3-Stage Neural Network.,Journal of dental research,journalArticle,UVGSTG9C,van Nistelrooij 等 - 2024 - Detecting Mandible Fractures in CBCT Scans Using a 3-Stage Neural Network..pdf,INCLUDE,"证据片段显示该研究自身在数据标注中使用具名第三方非牙科3D软件：""segmented slice by slice ... using ITK-SNAP (version 3.6.0)""。",ITK-SNAP,Oral and Maxillofacial Surgery,Image segmentation and 3D reconstruction,computational,"【判定】: INCLUDE
【判定理由】: 证据片段显示该研究自身在数据标注中使用具名第三方非牙科3D软件：""segmented slice by slice ... using ITK-SNAP (version 3.6.0)""。
【软件】: ITK-SNAP
【专科】: Oral and Maxillofacial Surgery
【应用场景】: Image segmentation and 3D reconstruction
【研究设计】: computational"
electrical impedance myography method of measuring anisotropic tongue tissue,Electrical impedance myography method of measuring anisotropic tongue tissue.,Physiological measurement,journalArticle,A2PX5EWK,Luo 等 - 2023 - Electrical impedance myography method of measuring anisotropic tongue tissue.pdf,EXCLUDE,"证据片段仅提及""Finite-element method (FEM) simulations""，未出现任何具名的第三方非牙科3D软件（如 COMSOL、ANSYS 等），无法确认该研究自身使用了具名软件。",-,-,-,-,"【判定】: EXCLUDE
【判定理由】: 证据片段仅提及""Finite-element method (FEM) simulations""，未出现任何具名的第三方非牙科3D软件（如 COMSOL、ANSYS 等），无法确认该研究自身使用了具名软件。
【软件】: -
【专科】: -
【应用场景】: -
【研究设计】: -"
fit and retention of complete denture bases part ii conventional impressions versus digital scans a clinical controlled crossover study,Fit and retention of complete denture bases: Part II - conventional impressions versus digital scans: A clinical controlled crossover study.,The Journal of prosthetic dentistry,journalArticle,W29E6BQZ,Chebib 等 - 2024 - Fit and retention of complete denture bases Part II - conventional impressions versus digital scans.pdf,INCLUDE,"该研究自身在材料与方法中使用具名第三方非牙科3D软件进行3D数据分析，证据片段明确提到""The scans of each denture base were imported into an analytic software program (Geomagic Control X 2020; 3D systems)""。",Geomagic Control X,Prosthodontics,3D data analysis and accuracy assessment,clinical,"【判定】: INCLUDE
【判定理由】: 该研究自身在材料与方法中使用具名第三方非牙科3D软件进行3D数据分析，证据片段明确提到""The scans of each denture base were imported into an analytic software program (Geomagic Control X 2020; 3D systems)""。
【软件】: Geomagic Control X
【专科】: Prosthodontics
【应用场景】: 3D data analysis and accuracy assessment
【研究设计】: clinical"
guided full mouth implant rehabilitation in atrophic alveolar ridges using ttphil all tilt protocol a case report with three years follow up,Guided Full Mouth Implant Rehabilitation in Atrophic Alveolar Ridges Using TTPHIL ALL TILT? Protocol: A Case Report With Three Years Follow-Up.,Cureus,journalArticle,V32JAIQC,Nag 等 - 2023 - Guided Full Mouth Implant Rehabilitation in Atrophic Alveolar Ridges Using TTPHIL ALL TILT® Protocol.pdf,EXCLUDE,"证据片段仅泛泛提及""digital implant planning software""和""CAD/CAM""，未给出任何具名的第三方非牙科3D软件名称，无法确认该研究自身使用了符合标准的软件。",-,-,-,-,"【判定】: EXCLUDE
【判定理由】: 证据片段仅泛泛提及""digital implant planning software""和""CAD/CAM""，未给出任何具名的第三方非牙科3D软件名称，无法确认该研究自身使用了符合标准的软件。
【软件】: -
【专科】: -
【应用场景】: -
【研究设计】: -"
a novel technique to retrieve cement retained implant supported prosthesis with digital imaging a technical report,A Novel Technique to Retrieve Cement Retained Implant Supported Prosthesis with Digital Imaging: A Technical Report.,"Journal of dentistry (Shiraz, Iran)",journalArticle,6MA2TRFI,Raju 等 - 2025 - A Novel Technique to Retrieve Cement Retained Implant Supported Prosthesis with Digital Imaging A T.pdf,EXCLUDE,"证据片段中唯一具名的软件为 ""Exocad software (Dental CAD 3.0 Galway)""，属于牙科专用软件；其余提及的 TRIOS、Medit I700、Shining 3D 均为扫描仪/打印机硬件，未使用任何具名的第三方非牙科3D软件。",-,-,-,-,"【判定】: EXCLUDE
【判定理由】: 证据片段中唯一具名的软件为 ""Exocad software (Dental CAD 3.0 Galway)""，属于牙科专用软件；其余提及的 TRIOS、Medit I700、Shining 3D 均为扫描仪/打印机硬件，未使用任何具名的第三方非牙科3D软件。
【软件】: -
【专科】: -
【应用场景】: -
【研究设计】: -"
biologic and esthetic outcome of cad cam custom ceramic implant abutment a clinical report,Biologic and Esthetic Outcome of CAD/CAM Custom Ceramic Implant Abutment: A Clinical Report.,Maedica,journalArticle,6HK2FTWY,Valsan 等 - 2021 - Biologic and Esthetic Outcome of CADCAM Custom Ceramic Implant Abutment A Clinical Report..pdf,EXCLUDE,"证据片段显示该研究仅使用了牙科专用软件""exocad design soft (exocad GmbH)""进行设计，未使用任何具名的第三方非牙科3D软件。",-,-,-,-,"【判定】: EXCLUDE
【判定理由】: 证据片段显示该研究仅使用了牙科专用软件""exocad design soft (exocad GmbH)""进行设计，未使用任何具名的第三方非牙科3D软件。
【软件】: -
【专科】: -
【应用场景】: -
【研究设计】: -"
comparison of the accuracy of implant position for two implants supported fixed dental prosthesis using static and dynamic computer assisted implant surgery a randomized controlled clinical trial,Comparison of the accuracy of implant position for two-implants supported fixed dental prosthesis using static and dynamic computer-assisted implant surgery: A  randomized controlled clinical trial.,Clinical implant dentistry and related research,journalArticle,D4M6PMD4,Yimarj 等 - 2020 - Comparison of the accuracy of implant position for two-implants supported fixed dental prosthesis us.pdf,EXCLUDE,该研究使用的软件为 coDiagnostiX（牙科专用种植规划软件）和 Iris-100（动态CAIS专用软件），均属牙科专用软件；文中仅提及 G*Power 统计软件，不属于用于3D数据处理/分析/建模/测量的非牙科3D软件。,-,-,-,-,"【判定】: EXCLUDE
【判定理由】: 该研究使用的软件为 coDiagnostiX（牙科专用种植规划软件）和 Iris-100（动态CAIS专用软件），均属牙科专用软件；文中仅提及 G*Power 统计软件，不属于用于3D数据处理/分析/建模/测量的非牙科3D软件。
【软件】: -
【专科】: -
【应用场景】: -
【研究设计】: -"
dual scalable osteogenic microtissue engineering via gelma microsphere inspired mechanical training and autonomous assembling of dental pulp stem cell,Dual scalable osteogenic microtissue engineering via GelMA microsphere-inspired mechanical training and autonomous assembling of dental pulp stem cell.,International journal of biological macromolecules,journalArticle,B7MT2857,Wang 等 - 2024 - Dual scalable osteogenic microtissue engineering via GelMA microsphere-inspired mechanical training.pdf,EXCLUDE,"抽取的证据片段中仅出现 CRediT 作者贡献声明中的 ""Software"" 一词（如 ""Zhuoran Wang: ... Software, Formal analysis""），并非该研究在材料与方法中使用某个具名第三方非牙科3D软件的描述，无任何具名软件被该研究自身使用。",-,-,-,-,"【判定】: EXCLUDE
【判定理由】: 抽取的证据片段中仅出现 CRediT 作者贡献声明中的 ""Software"" 一词（如 ""Zhuoran Wang: ... Software, Formal analysis""），并非该研究在材料与方法中使用某个具名第三方非牙科3D软件的描述，无任何具名软件被该研究自身使用。
【软件】: -
【专科】: -
【应用场景】: -
【研究设计】: -"
cad cam denture teeth made on cast metal removable partial denture frameworks,CAD-CAM denture teeth made on cast metal removable partial denture frameworks.,The Journal of prosthetic dentistry,journalArticle,YY79UAZM,Muralidharan 等 - 2024 - CAD-CAM denture teeth made on cast metal removable partial denture frameworks.pdf,EXCLUDE,"证据片段中出现的具名软件为""design software program (3Shape A/S)""，属于牙科专用软件，不符合""第三方非牙科3D软件""的纳入标准。",-,-,-,-,"【判定】: EXCLUDE
【判定理由】: 证据片段中出现的具名软件为""design software program (3Shape A/S)""，属于牙科专用软件，不符合""第三方非牙科3D软件""的纳入标准。
【软件】: -
【专科】: -
【应用场景】: -
【研究设计】: -"
assessment of 3d facial scan integration in 3d digital workflows using radiographic markers and the iterative closest point algorithm,Assessment of 3D facial scan integration in 3D digital workflows using radiographic markers and the iterative closest point algorithm.,Journal of prosthodontics : official journal of the American College of Prosthodontists,journalArticle,P4CN4M7Y,Elshewy 等 - 2026 - Assessment of 3D facial scan integration in 3D digital workflows using radiographic markers and the.pdf,EXCLUDE,"证据片段显示该研究仅使用牙科专用软件 Exocad（""integrated with the standard tessellation language (STL) files from the facial scans in Exocad software""），未使用任何具名的第三方非牙科3D软件。",-,-,-,-,"【判定】: EXCLUDE
【判定理由】: 证据片段显示该研究仅使用牙科专用软件 Exocad（""integrated with the standard tessellation language (STL) files from the facial scans in Exocad software""），未使用任何具名的第三方非牙科3D软件。
【软件】: -
【专科】: -
【应用场景】: -
【研究设计】: -"
oral cancer diagnosis using an optimized inceptionv3 model powered by the aquila metaheuristic algorithm,Oral Cancer Diagnosis Using an Optimized InceptionV3 Model Powered by the Aquila Metaheuristic Algorithm.,Asian Pacific journal of cancer prevention : APJCP,journalArticle,VBYALYIQ,journal.pdf.pdf,EXCLUDE,该研究使用自研/自建的 InceptionV3 深度学习模型与 Aquila 优化算法，未使用任何具名第三方非牙科3D软件；抽取的软件证据片段仅为 AHRQ 患者结局登记指南的无关文本。,-,-,-,-,"【判定】: EXCLUDE
【判定理由】: 该研究使用自研/自建的 InceptionV3 深度学习模型与 Aquila 优化算法，未使用任何具名第三方非牙科3D软件；抽取的软件证据片段仅为 AHRQ 患者结局登记指南的无关文本。
【软件】: -
【专科】: -
【应用场景】: -
【研究设计】: -"
efficacy of ai enabled software in automatic segmentation for orthognathic surgery,Efficacy of Ai Enabled Software in Automatic Segmentation for Orthognathic Surgery.,Journal of maxillofacial and oral surgery,journalArticle,7LLG4STI,Claus 等 - 2026 - Efficacy of Ai Enabled Software in Automatic Segmentation for Orthognathic Surgery.pdf,EXCLUDE,"证据片段仅提及该研究使用""an AI-based deep learning platform""进行分割与对齐，未出现任何具名的第三方非牙科3D软件（如Mimics、3D Slicer等），属于自研/专有AI平台。",-,-,-,-,"【判定】: EXCLUDE
【判定理由】: 证据片段仅提及该研究使用""an AI-based deep learning platform""进行分割与对齐，未出现任何具名的第三方非牙科3D软件（如Mimics、3D Slicer等），属于自研/专有AI平台。
【软件】: -
【专科】: -
【应用场景】: -
【研究设计】: -"
spontaneous dental implant macro migration in low density bone an 8 year case report,Spontaneous dental implant macro-migration in low-density bone: An 8-year case report.,Clinical advances in periodontics,journalArticle,BBL5YC5J,Tsai 等 - 2026 - Spontaneous dental implant macro‐migration in low‐density bone An 8‐year case report.pdf,INCLUDE,"该研究自身在材料与方法中使用""open-source software (Fiji/ImageJ, version 1.53, National Institutes of Health, Bethesda, MD, USA)""进行影像配准与迁移量化分析。",Fiji/ImageJ,Implantology,3D data analysis and accuracy assessment,case_report,"【判定】: INCLUDE
【判定理由】: 该研究自身在材料与方法中使用""open-source software (Fiji/ImageJ, version 1.53, National Institutes of Health, Bethesda, MD, USA)""进行影像配准与迁移量化分析。
【软件】: Fiji/ImageJ
【专科】: Implantology
【应用场景】: 3D data analysis and accuracy assessment
【研究设计】: case_report"
tissue engineering current technology for facial reconstruction,Tissue Engineering: Current Technology for Facial Reconstruction.,Facial plastic surgery : FPS,journalArticle,XUFU4743,Fenberg 等 - 2023 - Tissue Engineering Current Technology for Facial Reconstruction.pdf,EXCLUDE,"该文献为综述（摘要及正文明确写明 ""In this review, we highlight the current state of tissue engineering in facial reconstruction""），且证据片段中未出现任何该研究自身使用的具名第三方非牙科3D软件。",-,-,-,-,"【判定】: EXCLUDE
【判定理由】: 该文献为综述（摘要及正文明确写明 ""In this review, we highlight the current state of tissue engineering in facial reconstruction""），且证据片段中未出现任何该研究自身使用的具名第三方非牙科3D软件。
【软件】: -
【专科】: -
【应用场景】: -
【研究设计】: -"
evaluation of one and two step impression techniques and vertical marginal misfit in fixed prothesis,Evaluation of One- and Two-Step Impression Techniques and Vertical Marginal Misfit in Fixed Prothesis.,International journal of dentistry,journalArticle,DGRF9TWB,Radfar 等 - 2023 - Evaluation of One- and Two-Step Impression Techniques and Vertical Marginal Misfit in Fixed Prothesi-1.pdf,EXCLUDE,"证据片段中仅提及""CAD/CAM system""和""Carl Zeiss AxioVision Microscopic Imaging Software""（显微镜成像软件）及""SPSS 19""（统计软件），未出现任何具名的第三方非牙科三维（3D）软件用于3D数据处理、分析、建模或测量。",-,-,-,-,"【判定】: EXCLUDE
【判定理由】: 证据片段中仅提及""CAD/CAM system""和""Carl Zeiss AxioVision Microscopic Imaging Software""（显微镜成像软件）及""SPSS 19""（统计软件），未出现任何具名的第三方非牙科三维（3D）软件用于3D数据处理、分析、建模或测量。
【软件】: -
【专科】: -
【应用场景】: -
【研究设计】: -"
experimental study on dimensional variations of 3d printed dental models based on printing orientation,Experimental study on dimensional variations of 3D printed dental models based on printing orientation.,Clinical case reports,journalArticle,JH94FFYH,Perlea 等 - 2024 - Experimental study on dimensional variations of 3D printed dental models based on printing orientati.pdf,EXCLUDE,"证据片段中出现的具名软件为 ""Phrozen 3D Slice Software""（切片软件）和 ""IBM SPSS Statistics""（统计分析），前者属牙科/3D打印专用切片软件，后者非3D数据处理软件；文中""dedicated software""未具名，无任何具名的第三方非牙科3D软件被该研究自己用于3D数据处理、分析、建模或测量。",-,-,-,-,"【判定】: EXCLUDE
【判定理由】: 证据片段中出现的具名软件为 ""Phrozen 3D Slice Software""（切片软件）和 ""IBM SPSS Statistics""（统计分析），前者属牙科/3D打印专用切片软件，后者非3D数据处理软件；文中""dedicated software""未具名，无任何具名的第三方非牙科3D软件被该研究自己用于3D数据处理、分析、建模或测量。
【软件】: -
【专科】: -
【应用场景】: -
【研究设计】: -"
combination of cad cam technologies and conventional processing in the fabrication of a maxillary obturator prosthesis a clinical report,Combination of CAD/CAM technologies and conventional processing in the fabrication of a maxillary obturator prosthesis: a clinical report.,Journal of medicine and life,journalArticle,UAI78VW7,Saadellaoui 等 - 2024 - Combination of CADCAM technologies and conventional processing in the fabrication of a maxillary ob.pdf,EXCLUDE,"证据片段仅提及""Using dental CAD software""进行设计，未给出任何具名的第三方非牙科3D软件名称，且所用为牙科CAD软件。",-,-,-,-,"【判定】: EXCLUDE
【判定理由】: 证据片段仅提及""Using dental CAD software""进行设计，未给出任何具名的第三方非牙科3D软件名称，且所用为牙科CAD软件。
【软件】: -
【专科】: -
【应用场景】: -
【研究设计】: -"
dental microfracture detection using wavelet features and machine learning,Dental microfracture detection using wavelet features and machine learning.,Proceedings of SPIE--the International Society for Optical Engineering,journalArticle,GYAL5HZT,Vicory 等 - 2021 - Dental microfracture detection using wavelet features and machine learning..pdf,EXCLUDE,"该研究仅使用自研算法（""we compute the inverse wavelet pyramid""、""train and run a U-Net""），未使用任何具名的第三方非牙科3D软件；证据中出现的 Bruker Skyscan 1172 为 microCT 成像设备而非3D处理软件。",-,-,-,-,"【判定】: EXCLUDE
【判定理由】: 该研究仅使用自研算法（""we compute the inverse wavelet pyramid""、""train and run a U-Net""），未使用任何具名的第三方非牙科3D软件；证据中出现的 Bruker Skyscan 1172 为 microCT 成像设备而非3D处理软件。
【软件】: -
【专科】: -
【应用场景】: -
【研究设计】: -"
comparison of the reproducibility of maxillary position transfer with a mechanical facebow and those with facial scanning and cone beam computed tomography based on a method of model orientation using anatomical landmarks,"Comparison of the reproducibility of maxillary position transfer with a mechanical facebow and those with facial scanning and cone beam computed  tomography, based on a method of model orientation using anatomical landmarks.",Journal of prosthodontics : official journal of the American College of Prosthodontists,journalArticle,NJJRVPS5,Wang 等 - 2026 - Comparison of the reproducibility of maxillary position transfer with a mechanical facebow and those.pdf,INCLUDE,"该研究自身在材料与方法中使用 Geomagic Wrap 处理扫描数据，原文为 ""the scanned data were exported in standard tessellation language (STL) format and then modified using Geomagic Wrap (version 2018.1; 3D system)""。",Geomagic Wrap,Prosthodontics,3D data analysis and accuracy assessment,clinical,"【判定】: INCLUDE
【判定理由】: 该研究自身在材料与方法中使用 Geomagic Wrap 处理扫描数据，原文为 ""the scanned data were exported in standard tessellation language (STL) format and then modified using Geomagic Wrap (version 2018.1; 3D system)""。
【软件】: Geomagic Wrap
【专科】: Prosthodontics
【应用场景】: 3D data analysis and accuracy assessment
【研究设计】: clinical"
computer guided versus freehand dental implant surgery randomized controlled clinical trial,Computer guided versus freehand dental implant surgery: Randomized controlled clinical trial.,The Saudi dental journal,journalArticle,4EVUG7GP,Mahmoud 等 - 2024 - Computer guided versus freehand dental implant surgery Randomized controlled clinical trial..pdf,EXCLUDE,"证据片段中仅出现""G-power software""（用于样本量计算）和泛泛提及的""3D implant design software""，未出现任何具名的第三方非牙科3D软件被该研究自己用于3D数据处理、分析、建模或测量。",-,-,-,-,"【判定】: EXCLUDE
【判定理由】: 证据片段中仅出现""G-power software""（用于样本量计算）和泛泛提及的""3D implant design software""，未出现任何具名的第三方非牙科3D软件被该研究自己用于3D数据处理、分析、建模或测量。
【软件】: -
【专科】: -
【应用场景】: -
【研究设计】: -"
complete arch accuracy of seven intraoral scanners measured by the virtual fit method,Complete-arch accuracy of seven intraoral scanners measured by the virtual-fit method.,Journal of dentistry,journalArticle,NYVN7TZY,Borbola 等 - 2024 - Complete-arch accuracy of seven intraoral scanners measured by the virtual-fit method..pdf,EXCLUDE,"证据片段仅泛泛提及 ""CAD-CAM""、""CAD-based restoration design"" 等流程性描述，未出现任何该研究自身使用的具名第三方非牙科3D软件（如 Mimics、Geomagic、CloudCompare 等）。",-,-,-,-,"【判定】: EXCLUDE
【判定理由】: 证据片段仅泛泛提及 ""CAD-CAM""、""CAD-based restoration design"" 等流程性描述，未出现任何该研究自身使用的具名第三方非牙科3D软件（如 Mimics、Geomagic、CloudCompare 等）。
【软件】: -
【专科】: -
【应用场景】: -
【研究设计】: -"
effect of saliva on accuracy of digital dental implant transfer using two different materials of intraoral scan bodies with different exposed lengths,Effect of saliva on accuracy of digital dental implant transfer using two different materials of intraoral scan bodies with different exposed lengths.,BMC oral health,journalArticle,CYV65U6X,Tawfik 等 - 2024 - Effect of saliva on accuracy of digital dental implant transfer using two different materials of int.pdf,EXCLUDE,"证据片段中出现的具名软件为牙科专用软件（""Exocad Dental CAD""、""Exocad design software""）及统计软件（""IBM SPSS""），未见该研究自身使用任何具名的第三方非牙科3D软件。",-,-,-,-,"【判定】: EXCLUDE
【判定理由】: 证据片段中出现的具名软件为牙科专用软件（""Exocad Dental CAD""、""Exocad design software""）及统计软件（""IBM SPSS""），未见该研究自身使用任何具名的第三方非牙科3D软件。
【软件】: -
【专科】: -
【应用场景】: -
【研究设计】: -"
position of digitally guided implants in completely edentulous maxillae by using a modified double scan and overlap of three digital surface protocol,Position of digitally guided implants in completely edentulous maxillae by using a modified double-scan and overlap of three digital surface protocol.,The Journal of prosthetic dentistry,journalArticle,RXN9D6EM,Troncoso-Pazos 等 - 2025 - Position of digitally guided implants in completely edentulous maxillae by using a modified double-s.pdf,EXCLUDE,"证据片段中唯一具名的软件为 ""Blue Sky Plan v14.0; Blue Sky Bio LLC""，属于牙科专用种植规划软件，不符合""非牙科3D软件""的纳入标准；STATA 仅用于统计功效计算，非3D数据处理。",-,-,-,-,"【判定】: EXCLUDE
【判定理由】: 证据片段中唯一具名的软件为 ""Blue Sky Plan v14.0; Blue Sky Bio LLC""，属于牙科专用种植规划软件，不符合""非牙科3D软件""的纳入标准；STATA 仅用于统计功效计算，非3D数据处理。
【软件】: -
【专科】: -
【应用场景】: -
【研究设计】: -"
evaluation of retentive forces in three types of removable partial denture framework materials an in vitro study,Evaluation of Retentive Forces in Three Types of Removable Partial Denture Framework Materials: An In Vitro Study.,Cureus,journalArticle,WZ6Q7HD6,Kakai - 2024 - Evaluation of Retentive Forces in Three Types of Removable Partial Denture Framework Materials An I.pdf,EXCLUDE,"证据片段仅泛泛提及""CAD/CAM software""和""CAD/CAM workflow""，未给出任何具名的第三方非牙科3D软件名称，无法确认该研究自身使用了符合纳入标准的具名软件。",-,-,-,-,"【判定】: EXCLUDE
【判定理由】: 证据片段仅泛泛提及""CAD/CAM software""和""CAD/CAM workflow""，未给出任何具名的第三方非牙科3D软件名称，无法确认该研究自身使用了符合纳入标准的具名软件。
【软件】: -
【专科】: -
【应用场景】: -
【研究设计】: -"
three dimensional soft tissue landmark detection with marching cube algorithm,Three-dimensional soft tissue landmark detection with marching cube algorithm.,Scientific reports,journalArticle,VMWZNNZZ,Lee 等 - 2023 - Three-dimensional soft tissue landmark detection with marching cube algorithm..pdf,EXCLUDE,"证据片段中仅提及""INVIVO6,7, DOLPHIN 3D9, and MIMICS10""等软件，但均出现在引言中泛泛引用他人研究（带参考文献编号），该研究自身使用的是自研的""marching cube algorithm (Program S)""，未使用具名第三方非牙科3D软件。",-,-,-,-,"【判定】: EXCLUDE
【判定理由】: 证据片段中仅提及""INVIVO6,7, DOLPHIN 3D9, and MIMICS10""等软件，但均出现在引言中泛泛引用他人研究（带参考文献编号），该研究自身使用的是自研的""marching cube algorithm (Program S)""，未使用具名第三方非牙科3D软件。
【软件】: -
【专科】: -
【应用场景】: -
【研究设计】: -"
accuracy of the implant replica positions on the complete edentulous additive manufactured cast,Accuracy of the Implant Replica Positions on the Complete Edentulous Additive Manufactured Cast.,Journal of prosthodontics : official journal of the American College of Prosthodontists,journalArticle,BP8J829M,Olea-Vielba 等 - 2020 - Accuracy of the Implant Replica Positions on the Complete Edentulous Additive Manufactured Cast..pdf,EXCLUDE,"该研究使用的软件为牙科专用软件（""a dental software program (Dental System; 3Shape, Copenhagen, Denmark)"" 及 ""CAD software program (Model Builder, Dental System; 3Shape)""），证据片段中未出现任何该研究自身使用的具名第三方非牙科3D软件。",-,-,-,-,"【判定】: EXCLUDE
【判定理由】: 该研究使用的软件为牙科专用软件（""a dental software program (Dental System; 3Shape, Copenhagen, Denmark)"" 及 ""CAD software program (Model Builder, Dental System; 3Shape)""），证据片段中未出现任何该研究自身使用的具名第三方非牙科3D软件。
【软件】: -
【专科】: -
【应用场景】: -
【研究设计】: -"
accuracy of removable partial denture frameworks fabricated using conventional and digital technologies,Accuracy of Removable Partial Denture Frameworks Fabricated Using Conventional and Digital Technologies.,The European journal of prosthodontics and restorative dentistry,journalArticle,DQJNXGDK,Muehlemann和Özcan - 2022 - Accuracy of Removable Partial Denture Frameworks Fabricated Using Conventional and Digital Technolog.pdf,EXCLUDE,"证据片段中出现的软件为""SilaPart CAD; Siladent""，属于牙科专用RPD设计软件，且其余设备（CNC铣床、3D打印机、激光熔融机）均为制造设备而非具名第三方非牙科3D软件，不符合纳入标准第2条。",-,-,-,-,"【判定】: EXCLUDE
【判定理由】: 证据片段中出现的软件为""SilaPart CAD; Siladent""，属于牙科专用RPD设计软件，且其余设备（CNC铣床、3D打印机、激光熔融机）均为制造设备而非具名第三方非牙科3D软件，不符合纳入标准第2条。
【软件】: -
【专科】: -
【应用场景】: -
【研究设计】: -"
accuracy of intraoral optical scan versus stereophotogrammetry for complete arch digital implant impression an in vitro study,Accuracy of intraoral optical scan versus stereophotogrammetry for complete-arch digital implant impression: An in vitro study.,Journal of prosthodontic research,journalArticle,K8EJXEIE,Pozzi 等 - 2024 - Accuracy of intraoral optical scan versus stereophotogrammetry for complete-arch digital implant imp.pdf,INCLUDE,"该研究自身在方法中使用具名第三方非牙科3D软件进行数据处理，原文明确写道 ""The 60 test STL files were aligned to the reference scan with dedicated software (Geomagic Studio 12, 3DSystems, Rock Hill, SC, USA)""。",Geomagic Studio 12,Prosthodontics,3D data analysis and accuracy assessment,in_vitro,"【判定】: INCLUDE
【判定理由】: 该研究自身在方法中使用具名第三方非牙科3D软件进行数据处理，原文明确写道 ""The 60 test STL files were aligned to the reference scan with dedicated software (Geomagic Studio 12, 3DSystems, Rock Hill, SC, USA)""。
【软件】: Geomagic Studio 12
【专科】: Prosthodontics
【应用场景】: 3D data analysis and accuracy assessment
【研究设计】: in_vitro"
marginal fit of single crown and three unit fixed dental prostheses fabricated from digital and conventional impressions an in vitro cross sectional study,Marginal Fit of Single-Crown and Three-Unit Fixed Dental Prostheses Fabricated From Digital and Conventional Impressions: An In Vitro Cross-Sectional Study.,Cureus,journalArticle,HHKHSLXV,Maundu 等 - 2024 - Marginal Fit of Single-Crown and Three-Unit Fixed Dental Prostheses Fabricated From Digital and Conv.pdf,EXCLUDE,证据片段中仅提及牙科专用设备/软件（如 Dental Wings、Medit、Carestream 等口内扫描仪及 CAD-CAM 技术），未出现该研究自身使用的具名第三方非牙科3D软件。,-,-,-,-,"【判定】: EXCLUDE
【判定理由】: 证据片段中仅提及牙科专用设备/软件（如 Dental Wings、Medit、Carestream 等口内扫描仪及 CAD-CAM 技术），未出现该研究自身使用的具名第三方非牙科3D软件。
【软件】: -
【专科】: -
【应用场景】: -
【研究设计】: -"
transforming smiles a case study on monolithic zirconia prosthetic solutions,Transforming Smiles: A Case Study on Monolithic Zirconia Prosthetic Solutions.,Cureus,journalArticle,RTU23HSH,Dhamande 等 - 2024 - Transforming Smiles A Case Study on Monolithic Zirconia Prosthetic Solutions.pdf,EXCLUDE,"证据片段显示该研究仅使用牙科专用软件""exocad DentalCAD 3.0 Galway""进行设计（""using exocad software""），未使用任何具名的第三方非牙科3D软件。",-,-,-,-,"【判定】: EXCLUDE
【判定理由】: 证据片段显示该研究仅使用牙科专用软件""exocad DentalCAD 3.0 Galway""进行设计（""using exocad software""），未使用任何具名的第三方非牙科3D软件。
【软件】: -
【专科】: -
【应用场景】: -
【研究设计】: -"
outcomes that may affect implant and prosthesis survival and complications in maxillary fixed prosthesis supported by four or six implants a systematic review and meta analysis,Outcomes that may affect implant and prosthesis survival and complications in maxillary fixed prosthesis supported by four or six implants: A systematic review  and meta-analysis.,Heliyon,journalArticle,3354J7WB,Sharaf 等 - 2024 - Outcomes that may affect implant and prosthesis survival and complications in maxillary fixed prosth.pdf,EXCLUDE,"该文献为系统综述与meta分析（""A systematic review and meta-analysis""），属于排除的文献类型；且证据片段中仅泛泛提及""CAD/CAM milled framework""，未显示该研究自身使用任何具名第三方非牙科3D软件。",-,-,-,-,"【判定】: EXCLUDE
【判定理由】: 该文献为系统综述与meta分析（""A systematic review and meta-analysis""），属于排除的文献类型；且证据片段中仅泛泛提及""CAD/CAM milled framework""，未显示该研究自身使用任何具名第三方非牙科3D软件。
【软件】: -
【专科】: -
【应用场景】: -
【研究设计】: -"
the effects of different implant crown restorative materials on the detection of proximal caries of adjacent teeth in cone beam computed tomography cbct scans using various machines metal artifact reduction mar algorithm and exposure protocols,"The effects of different implant crown restorative materials on the detection of proximal caries of adjacent teeth in cone-beam computed tomography (CBCT) scans  using various machines, metal artifact-reduction (MAR) algorithm, and exposure  protocols.",Journal of clinical and experimental dentistry,journalArticle,IUPVDC4R,Morcos 等 - 2026 - The effects of different implant crown restorative materials on the detection of proximal caries of.pdf,EXCLUDE,"证据片段中唯一具名软件为 ""Invivo 7 software (Osteoid Inc., Santa Clara, California, USA) was used to display images for evaluation""，属牙科专用影像软件，且仅用于显示图像；SPSS 为统计分析软件，非3D数据处理软件，故不满足纳入标准。",-,-,-,-,"【判定】: EXCLUDE
【判定理由】: 证据片段中唯一具名软件为 ""Invivo 7 software (Osteoid Inc., Santa Clara, California, USA) was used to display images for evaluation""，属牙科专用影像软件，且仅用于显示图像；SPSS 为统计分析软件，非3D数据处理软件，故不满足纳入标准。
【软件】: -
【专科】: -
【应用场景】: -
【研究设计】: -"
mammalian molar complexity follows simple predictable patterns,"Mammalian molar complexity follows simple, predictable patterns.",Proceedings of the National Academy of Sciences of the United States of America,journalArticle,YAVXYAP6,"Selig 等 - 2021 - Mammalian molar complexity follows simple, predictable patterns.pdf",EXCLUDE,该研究主题为哺乳动物磨牙形态演化（进化生物学），不属于口腔医学任一学科；且证据中使用的 MorphoTester 为牙科形态测量专用工具，Avizo 虽为非牙科3D软件但主题不符纳入标准。,-,-,-,-,"【判定】: EXCLUDE
【判定理由】: 该研究主题为哺乳动物磨牙形态演化（进化生物学），不属于口腔医学任一学科；且证据中使用的 MorphoTester 为牙科形态测量专用工具，Avizo 虽为非牙科3D软件但主题不符纳入标准。
【软件】: -
【专科】: -
【应用场景】: -
【研究设计】: -"
comparison of three automated measurements of ventricular volumes of the brain,Comparison of Three Automated Measurements of Ventricular Volumes of the Brain.,Journal of imaging informatics in medicine,journalArticle,XHU4USIM,Zhang 等 - 2026 - Comparison of Three Automated Measurements of Ventricular Volumes of the Brain..pdf,EXCLUDE,"该研究主题为脑室体积测量（神经影像/神经科学），不属于口腔医学任一学科，摘要与证据片段均围绕""ventricular volume""""brain-science research""""neuroimaging""展开，无任何口腔医学相关内容。",-,-,-,-,"【判定】: EXCLUDE
【判定理由】: 该研究主题为脑室体积测量（神经影像/神经科学），不属于口腔医学任一学科，摘要与证据片段均围绕""ventricular volume""""brain-science research""""neuroimaging""展开，无任何口腔医学相关内容。
【软件】: -
【专科】: -
【应用场景】: -
【研究设计】: -"
artificial intelligence applications and ethical challenges in oral and maxillo facial cosmetic surgery a narrative review,Artificial intelligence applications and ethical challenges in oral and maxillo-facial cosmetic surgery: a narrative review.,Maxillofacial plastic and reconstructive surgery,journalArticle,ILHEJVS5,Rokhshad 等 - 2023 - Artificial intelligence applications and ethical challenges in oral and maxillo-facial cosmetic surg.pdf,EXCLUDE,"该文献为叙述性综述（题名及摘要明确为 ""a narrative review""），不符合纳入标准中原创研究/技术说明/病例报告的要求；且证据片段中未显示该研究自身使用任何具名第三方非牙科3D软件。",-,-,-,-,"【判定】: EXCLUDE
【判定理由】: 该文献为叙述性综述（题名及摘要明确为 ""a narrative review""），不符合纳入标准中原创研究/技术说明/病例报告的要求；且证据片段中未显示该研究自身使用任何具名第三方非牙科3D软件。
【软件】: -
【专科】: -
【应用场景】: -
【研究设计】: -"
towards a complete 3d morphable model of the human head,Towards a Complete 3D Morphable Model of the Human Head.,IEEE transactions on pattern analysis and machine intelligence,journalArticle,3XS3ZJW7,Ploumpis 等 - 2021 - Towards a Complete 3D Morphable Model of the Human Head..pdf,EXCLUDE,"该研究属于计算机视觉领域的3D形变模型（3DMM）构建，主题不属于口腔医学任一学科；证据片段仅提及""3D Morphable Models (3DMMs) have many applications in computer vision, computer graphics, biometrics, and medical imaging""，未涉及口腔医学应用，且未使用具名第三方非牙科3D软件。",-,-,-,-,"【判定】: EXCLUDE
【判定理由】: 该研究属于计算机视觉领域的3D形变模型（3DMM）构建，主题不属于口腔医学任一学科；证据片段仅提及""3D Morphable Models (3DMMs) have many applications in computer vision, computer graphics, biometrics, and medical imaging""，未涉及口腔医学应用，且未使用具名第三方非牙科3D软件。
【软件】: -
【专科】: -
【应用场景】: -
【研究设计】: -"
evaluation of the accuracy trueness precision and processing time of different 3 dimensional cad software programs and algorithms for virtual cast alignment,"Evaluation of the accuracy (trueness, precision) and processing time of different 3-dimensional CAD software programs and algorithms for virtual cast alignment.",Journal of dentistry,journalArticle,9792KQV4,"Piedra-Cascón 等 - 2025 - Evaluation of the accuracy (trueness, precision) and processing time of different 3-dimensional CAD-1.pdf",EXCLUDE,摘要中列出的软件（Blender for Dental、BlueSkyPlan、Dental CAD App (Exocad)、Medit Design、NemoSmile、Meshmixer）中，除 Meshmixer 外均为牙科专用软件，而 Meshmixer 仅作为被评估对象之一，且证据片段中未提供该研究自身使用具名第三方非牙科3D软件进行3D数据处理/分析/建模/测量的具体方法学描述。,-,-,-,-,"【判定】: EXCLUDE
【判定理由】: 摘要中列出的软件（Blender for Dental、BlueSkyPlan、Dental CAD App (Exocad)、Medit Design、NemoSmile、Meshmixer）中，除 Meshmixer 外均为牙科专用软件，而 Meshmixer 仅作为被评估对象之一，且证据片段中未提供该研究自身使用具名第三方非牙科3D软件进行3D数据处理/分析/建模/测量的具体方法学描述。
【软件】: -
【专科】: -
【应用场景】: -
【研究设计】: -"
maxillomandibular relationship record methods for computer engineered complete dentures a scoping review,Maxillomandibular relationship record methods for computer-engineered complete dentures: a scoping review.,Clinical oral investigations,journalArticle,KBUGU87N,Ribeiro 等 - 2024 - Maxillomandibular relationship record methods for computer-engineered complete dentures a scoping r.pdf,EXCLUDE,"该文献为 scoping review（""The purpose of this scoping review was to identify different methods...""），属于综述类，不符合原创研究/技术说明/病例报告的纳入类型要求。",-,-,-,-,"【判定】: EXCLUDE
【判定理由】: 该文献为 scoping review（""The purpose of this scoping review was to identify different methods...""），属于综述类，不符合原创研究/技术说明/病例报告的纳入类型要求。
【软件】: -
【专科】: -
【应用场景】: -
【研究设计】: -"
does the fixture thread depth affect the accuracy of implant placement during fully guided immediate implant placement a human cadaver study,Does the fixture thread depth affect the accuracy of implant placement during fully guided immediate implant placement?: A human cadaver study.,Clinical oral implants research,journalArticle,EB4NSAMK,Song 等 - 2023 - Does the fixture thread depth affect the accuracy of implant placement during fully guided immediate-1.pdf,EXCLUDE,"证据片段中出现的具名软件为 R2GATE Planning（Megagen）和 exoCAD，前者为牙科专用规划软件，后者为牙科CAD软件，均不属于""非牙科3D软件""；未发现该研究自身使用任何具名第三方非牙科3D软件。",-,-,-,-,"【判定】: EXCLUDE
【判定理由】: 证据片段中出现的具名软件为 R2GATE Planning（Megagen）和 exoCAD，前者为牙科专用规划软件，后者为牙科CAD软件，均不属于""非牙科3D软件""；未发现该研究自身使用任何具名第三方非牙科3D软件。
【软件】: -
【专科】: -
【应用场景】: -
【研究设计】: -"
development a computer aided diagnosis system for dental caries detection applying radiographic images,Development a computer-aided diagnosis system for dental caries detection applying radiographic images.,Computers in biology and medicine,journalArticle,G4CC4PWM,Mehri Shervedani 等 - 2025 - Development a computer-aided diagnosis system for dental caries detection applying radiographic imag.pdf,EXCLUDE,"证据片段仅显示该研究使用自研的计算机辅助诊断系统（""This study develops an intelligent computer-aided diagnosis (CAD) system""），采用 Sauvola 阈值法和 Canny 边缘检测等自编图像处理方法，未提及任何具名的第三方非牙科3D软件。",-,-,-,-,"【判定】: EXCLUDE
【判定理由】: 证据片段仅显示该研究使用自研的计算机辅助诊断系统（""This study develops an intelligent computer-aided diagnosis (CAD) system""），采用 Sauvola 阈值法和 Canny 边缘检测等自编图像处理方法，未提及任何具名的第三方非牙科3D软件。
【软件】: -
【专科】: -
【应用场景】: -
【研究设计】: -"
contemporary evidence of cad cam in dentistry a systematic review,Contemporary Evidence of CAD-CAM in Dentistry: A Systematic Review.,Cureus,journalArticle,85BGAWNV,Chruściel-Nogalska 等 - 2017 - OPEN-SOURCE SOFTWARE IN DENTISTRY A SYSTEMATIC REVIEW.PDF,EXCLUDE,"该文献为系统综述（题名 ""A Systematic Review""），且抽取的软件证据片段均来自被引用的另一篇综述（""OPEN-SOURCE SOFTWARE IN DENTISTRY: A SYSTEMATIC REVIEW""），并非该研究自身使用软件。",-,-,-,-,"【判定】: EXCLUDE
【判定理由】: 该文献为系统综述（题名 ""A Systematic Review""），且抽取的软件证据片段均来自被引用的另一篇综述（""OPEN-SOURCE SOFTWARE IN DENTISTRY: A SYSTEMATIC REVIEW""），并非该研究自身使用软件。
【软件】: -
【专科】: -
【应用场景】: -
【研究设计】: -"
rehabilitation of the severely atrophic maxilla with subperiosteal implants a biomechanical and decision analysis of material and configuration choices,Rehabilitation of the Severely Atrophic Maxilla with Subperiosteal Implants: A Biomechanical and Decision Analysis of Material and Configuration Choices.,"Biomimetics (Basel, Switzerland)",journalArticle,G42JR78G,Türk 等 - 2026 - Rehabilitation of the Severely Atrophic Maxilla with Subperiosteal Implants A Biomechanical and Dec.pdf,EXCLUDE,"证据片段仅泛泛提及""Finite element analysis (FEA) has become an established computational tool""，未出现任何该研究自身使用的具名第三方非牙科3D软件（如 ANSYS、ABAQUS、Mimics 等）。",-,-,-,-,"【判定】: EXCLUDE
【判定理由】: 证据片段仅泛泛提及""Finite element analysis (FEA) has become an established computational tool""，未出现任何该研究自身使用的具名第三方非牙科3D软件（如 ANSYS、ABAQUS、Mimics 等）。
【软件】: -
【专科】: -
【应用场景】: -
【研究设计】: -"
automatic femoral articular cartilage segmentation using deep learning in three dimensional ultrasound images of the knee,Automatic femoral articular cartilage segmentation using deep learning in three-dimensional ultrasound images of the knee.,Osteoarthritis and cartilage open,journalArticle,BBG7VQM6,du Toit 等 - 2022 - Automatic femoral articular cartilage segmentation using deep learning in three-dimensional ultrasou.pdf,EXCLUDE,"该研究主题为膝关节股骨关节软骨的超声分割，不属于口腔医学任一学科；且其方法为自研的""modified U-Net algorithm""，未使用具名第三方非牙科3D软件。",-,-,-,-,"【判定】: EXCLUDE
【判定理由】: 该研究主题为膝关节股骨关节软骨的超声分割，不属于口腔医学任一学科；且其方法为自研的""modified U-Net algorithm""，未使用具名第三方非牙科3D软件。
【软件】: -
【专科】: -
【应用场景】: -
【研究设计】: -"
wheelchair control system using infrared sensors and tongue movements,Wheelchair control system using infrared sensors and tongue movements.,Disability and rehabilitation. Assistive technology,journalArticle,ZYAUY7FB,Rouhi和Kiani - 2026 - Wheelchair control system using infrared sensors and tongue movements.pdf,EXCLUDE,"该研究主题为轮椅控制系统（辅助技术），不属于口腔医学任一学科；虽然证据片段提到""a curved-shaped construct was designed in SolidWorks""，但主题不符合纳入标准第1条。",-,-,-,-,"【判定】: EXCLUDE
【判定理由】: 该研究主题为轮椅控制系统（辅助技术），不属于口腔医学任一学科；虽然证据片段提到""a curved-shaped construct was designed in SolidWorks""，但主题不符合纳入标准第1条。
【软件】: -
【专科】: -
【应用场景】: -
【研究设计】: -"
comparison of stereolithography stl and polygon file format ply for intraoral scans from chairside to archive,Comparison of stereolithography (STL) and polygon file format (PLY) for intraoral scans: From chairside to archive.,Journal of dentistry,journalArticle,5MX98NQ5,Doan 等 - 2026 - Comparison of stereolithography (STL) and polygon file format (PLY) for intraoral scans From chairs.pdf,INCLUDE,"该研究自身在方法中使用具名第三方非牙科3D软件处理3D数据，原文明确写道 ""Original STL files were converted into PLY and then reconverted into STL using four open-source tools: Trimesh, PyMeshLab, Blender 3.6, and Blender 4.4.""",Blender; PyMeshLab; Trimesh,Prosthodontics,3D data analysis and accuracy assessment,computational,"【判定】: INCLUDE
【判定理由】: 该研究自身在方法中使用具名第三方非牙科3D软件处理3D数据，原文明确写道 ""Original STL files were converted into PLY and then reconverted into STL using four open-source tools: Trimesh, PyMeshLab, Blender 3.6, and Blender 4.4.""
【软件】: Blender; PyMeshLab; Trimesh
【专科】: Prosthodontics
【应用场景】: 3D data analysis and accuracy assessment
【研究设计】: computational"
how to avoid errors when using navigation to place implants a narrative review,How to Avoid Errors When Using Navigation to Place Implants - A Narrative Review.,Journal of oral and maxillofacial surgery : official journal of the American Association of Oral and Maxillofacial Surgeons,journalArticle,57ACGEMQ,Block - 2023 - How to Avoid Errors When Using Navigation to Place Implants – A Narrative Review.pdf,EXCLUDE,"该文献为叙述性综述（题名明确为 ""A Narrative Review""），不符合原创研究/技术说明/病例报告的纳入类型；且证据片段中未出现该研究自身使用的任何具名第三方非牙科3D软件。",-,-,-,-,"【判定】: EXCLUDE
【判定理由】: 该文献为叙述性综述（题名明确为 ""A Narrative Review""），不符合原创研究/技术说明/病例报告的纳入类型；且证据片段中未出现该研究自身使用的任何具名第三方非牙科3D软件。
【软件】: -
【专科】: -
【应用场景】: -
【研究设计】: -"
surgical performance of dental students using computer assisted dynamic navigation and freehand approaches,Surgical performance of dental students using computer-assisted dynamic navigation and freehand approaches.,European journal of dental education : official journal of the Association for Dental Education in Europe,journalArticle,XTJBTC8L,Zhong 等 - 2024 - Surgical performance of dental students using computer‐assisted dynamic navigation and freehand appr.pdf,EXCLUDE,证据片段中出现的软件为 G*power（用于样本量计算）、SPSS（用于统计分析）以及 Dcarer 动态种植导航精度分析软件（牙科专用），均非用于3D数据处理、分析、建模或测量的具名第三方非牙科3D软件。,-,-,-,-,"【判定】: EXCLUDE
【判定理由】: 证据片段中出现的软件为 G*power（用于样本量计算）、SPSS（用于统计分析）以及 Dcarer 动态种植导航精度分析软件（牙科专用），均非用于3D数据处理、分析、建模或测量的具名第三方非牙科3D软件。
【软件】: -
【专科】: -
【应用场景】: -
【研究设计】: -"
novel design of additive manufactured hollow porous implants,Novel design of additive manufactured hollow porous implants.,Dental materials : official publication of the Academy of Dental Materials,journalArticle,4IAWUJZW,Huang 等 - 2020 - Novel design of additive manufactured hollow porous implants.pdf,EXCLUDE,"证据片段仅泛泛提及""Finite element method (FEM) has been adopted...""及他人研究（如""Lin et al. [38] adopted...""），未出现该研究自身使用的任何具名第三方非牙科3D软件名称。",-,-,-,-,"【判定】: EXCLUDE
【判定理由】: 证据片段仅泛泛提及""Finite element method (FEM) has been adopted...""及他人研究（如""Lin et al. [38] adopted...""），未出现该研究自身使用的任何具名第三方非牙科3D软件名称。
【软件】: -
【专科】: -
【应用场景】: -
【研究设计】: -"
ldfsam localization distillation enhanced feature prompting sam for medical image segmentation,LDFSAM: Localization Distillation-Enhanced Feature Prompting SAM for Medical Image Segmentation.,Journal of imaging,journalArticle,82PIARU2,Zhao 等 - 2026 - LDFSAM Localization Distillation-Enhanced Feature Prompting SAM for Medical Image Segmentation..pdf,EXCLUDE,"该研究提出的是自研框架 LDFSAM（""we propose the Localization Distillation-Enhanced Feature Prompting SAM (LDFSAM), a novel framework""），证据片段中未出现任何该研究自己使用的具名第三方非牙科3D软件。",-,-,-,-,"【判定】: EXCLUDE
【判定理由】: 该研究提出的是自研框架 LDFSAM（""we propose the Localization Distillation-Enhanced Feature Prompting SAM (LDFSAM), a novel framework""），证据片段中未出现任何该研究自己使用的具名第三方非牙科3D软件。
【软件】: -
【专科】: -
【应用场景】: -
【研究设计】: -"
mechanical and fatigue resistance of restorations supported by welded framework and realized using computer aided designed prosthetic shells in vitro pilot study,Mechanical and fatigue resistance of restorations supported by welded-framework and realized using computer-aided designed prosthetic shells: In vitro pilot  study.,"Proceedings of the Institution of Mechanical Engineers. Part H, Journal of engineering in medicine",journalArticle,TRIBXY82,Albiero 等 - 2024 - Mechanical and fatigue resistance of restorations supported by welded-framework and realized using c.pdf,EXCLUDE,"证据片段中仅提及""CAD/CAM""和""stereolithographic 3D printer""等泛化术语，未出现任何具名的第三方非牙科3D软件（如 Mimics、3D Slicer、Geomagic 等）被该研究自己使用。",-,-,-,-,"【判定】: EXCLUDE
【判定理由】: 证据片段中仅提及""CAD/CAM""和""stereolithographic 3D printer""等泛化术语，未出现任何具名的第三方非牙科3D软件（如 Mimics、3D Slicer、Geomagic 等）被该研究自己使用。
【软件】: -
【专科】: -
【应用场景】: -
【研究设计】: -"
geometric plane alignment as a methodological requirement for accurate angular measurement in three dimensional craniofacial imaging,Geometric plane alignment as a methodological requirement for accurate angular measurement in three-dimensional craniofacial imaging.,BMC oral health,journalArticle,AY6279X7,Nahir - 2026 - Geometric plane alignment as a methodological requirement for accurate angular measurement in three-.pdf,INCLUDE,"该研究自身在材料与方法中使用 Horos (v3.3.6) 进行CT影像的Frankfort水平面对齐与多平面重建，如证据片段所述 ""The image series was aligned to the Frankfort Horizontal Plane in Horos (v3.3.6) to obtain sagittal, axial, and coronal multiplanar reconstruction (MPR) views""。",Horos,Oral and Maxillofacial Surgery,Morphological and phenotypic analysis,in_vitro,"【判定】: INCLUDE
【判定理由】: 该研究自身在材料与方法中使用 Horos (v3.3.6) 进行CT影像的Frankfort水平面对齐与多平面重建，如证据片段所述 ""The image series was aligned to the Frankfort Horizontal Plane in Horos (v3.3.6) to obtain sagittal, axial, and coronal multiplanar reconstruction (MPR) views""。
【软件】: Horos
【专科】: Oral and Maxillofacial Surgery
【应用场景】: Morphological and phenotypic analysis
【研究设计】: in_vitro"
accuracy of dynamic implant navigation surgery performed by a novice operator,Accuracy of dynamic implant navigation surgery performed by a novice operator.,International journal of computerized dentistry,journalArticle,IY73GF7C,Marques-Guasch 等 - 2022 - Accuracy of dynamic implant navigation surgery performed by a novice operator..pdf,EXCLUDE,"证据片段中仅提及牙科专用导航系统""X-Guide® d-CAIS system""，未出现任何该研究自身使用的具名第三方非牙科3D软件（如Mimics、3D Slicer等）。",-,-,-,-,"【判定】: EXCLUDE
【判定理由】: 证据片段中仅提及牙科专用导航系统""X-Guide® d-CAIS system""，未出现任何该研究自身使用的具名第三方非牙科3D软件（如Mimics、3D Slicer等）。
【软件】: -
【专科】: -
【应用场景】: -
【研究设计】: -"
fracture resistance of zirconia restorations with four different framework designs,Fracture Resistance of Zirconia Restorations with Four Different Framework Designs.,Frontiers in dentistry,journalArticle,YSA8JNNX,Tavakolizadeh 等 - 2023 - Fracture Resistance of Zirconia Restorations with Four Different Framework Designs.pdf,EXCLUDE,"证据片段显示该研究仅使用了牙科专用软件""EXOCAD software (EXOCAD Dental CAD, Darmstadt, Germany)""进行框架设计，未使用任何具名的第三方非牙科3D软件。",-,-,-,-,"【判定】: EXCLUDE
【判定理由】: 证据片段显示该研究仅使用了牙科专用软件""EXOCAD software (EXOCAD Dental CAD, Darmstadt, Germany)""进行框架设计，未使用任何具名的第三方非牙科3D软件。
【软件】: -
【专科】: -
【应用场景】: -
【研究设计】: -"
effect of printing technology layer height and orientation on assessment of 3d printed models,"Effect of printing technology, layer height, and orientation on assessment of 3D-printed models.",Journal of the World federation of orthodontists,journalArticle,K9R7DQR7,"ElShebiny 等 - 2024 - Effect of printing technology, layer height, and orientation on assessment of 3D-printed models..pdf",INCLUDE,"该研究自身在材料与方法中使用""the metrology software (Geomagic Control, version 2015.1.1; 3D Systems, Rock Hill, SC)""进行3D叠加与偏差分析，Geomagic 属非牙科3D软件。",Geomagic Control,Orthodontics,3D data analysis and accuracy assessment,in_vitro,"【判定】: INCLUDE
【判定理由】: 该研究自身在材料与方法中使用""the metrology software (Geomagic Control, version 2015.1.1; 3D Systems, Rock Hill, SC)""进行3D叠加与偏差分析，Geomagic 属非牙科3D软件。
【软件】: Geomagic Control
【专科】: Orthodontics
【应用场景】: 3D data analysis and accuracy assessment
【研究设计】: in_vitro"
tooth on a chip to engineer early dental epithelial mesenchymal interaction,Tooth-on-a-chip to engineer early dental epithelial-mesenchymal interaction.,Materials today. Bio,journalArticle,M36F8LGA,Huang 等 - 2025 - Tooth-on-a-chip to engineer early dental epithelial-mesenchymal interaction.pdf,EXCLUDE,"证据片段中仅提及""computer-aided designs""和""ImageJ""用于3D重建，但ImageJ并非具名的第三方非牙科三维（3D）软件，且""computer-aided designs""未指明具体软件名称；该研究主要使用自研微流控芯片装置，未使用纳入标准要求的具名第三方非牙科3D软件。",-,-,-,-,"【判定】: EXCLUDE
【判定理由】: 证据片段中仅提及""computer-aided designs""和""ImageJ""用于3D重建，但ImageJ并非具名的第三方非牙科三维（3D）软件，且""computer-aided designs""未指明具体软件名称；该研究主要使用自研微流控芯片装置，未使用纳入标准要求的具名第三方非牙科3D软件。
【软件】: -
【专科】: -
【应用场景】: -
【研究设计】: -"
quantification of facial symmetry in orthognathic surgery a novel approach integrating 3d contour maps and hyper dimensional computing,Quantification of facial symmetry in orthognathic surgery: A novel approach integrating 3D contour maps and hyper-dimensional computing.,Computers in biology and medicine,journalArticle,6RQD493M,Ho 等 - 2024 - Quantification of facial symmetry in orthognathic surgery A novel approach integrating 3D contour m.pdf,EXCLUDE,"证据片段中唯一具名的软件是 ""ProPlan CMF 3.0 software (Materialise, Leuven, Belgium)""，该软件为牙科/颌面外科专用软件，不属于非牙科3D软件；研究未使用任何具名的第三方非牙科3D软件。",-,-,-,-,"【判定】: EXCLUDE
【判定理由】: 证据片段中唯一具名的软件是 ""ProPlan CMF 3.0 software (Materialise, Leuven, Belgium)""，该软件为牙科/颌面外科专用软件，不属于非牙科3D软件；研究未使用任何具名的第三方非牙科3D软件。
【软件】: -
【专科】: -
【应用场景】: -
【研究设计】: -"
patient satisfaction and accuracy of partial denture frameworks fabricated using conventional and digital techniques,Patient Satisfaction and Accuracy of Partial Denture Frameworks Fabricated using Conventional and Digital Techniques.,The European journal of prosthodontics and restorative dentistry,journalArticle,YZMQLB2M,Muehlemann - 2024 - Patient Satisfaction and Accuracy of Partial Denture Frameworks Fabricated using Conventional and Di.pdf,EXCLUDE,"证据片段中仅提及 ""Silapart CAD / CAM software"" 用于设计 RPD 支架，该软件为牙科专用 CAD/CAM 软件，不属于具名的第三方非牙科3D软件；未发现该研究自身使用任何非牙科3D软件。",-,-,-,-,"【判定】: EXCLUDE
【判定理由】: 证据片段中仅提及 ""Silapart CAD / CAM software"" 用于设计 RPD 支架，该软件为牙科专用 CAD/CAM 软件，不属于具名的第三方非牙科3D软件；未发现该研究自身使用任何非牙科3D软件。
【软件】: -
【专科】: -
【应用场景】: -
【研究设计】: -"
impact of the superimposition reference area on intraoral scanning accuracy in a partially dentate maxilla,Impact of the superimposition reference area on intraoral scanning accuracy in a partially dentate maxilla.,The Journal of prosthetic dentistry,journalArticle,3FJVJNIB,Negm 等 - 2024 - Impact of the superimposition reference area on intraoral scanning accuracy in a partially dentate m.pdf,INCLUDE,"该研究自身在材料与方法中使用具名第三方非牙科3D软件进行3D分析，原文为""Accuracy was assessed by using a 3D analysis program (Geomagic Control X; 3D systems)""。",Geomagic Control X,Prosthodontics,3D data analysis and accuracy assessment,in_vitro,"【判定】: INCLUDE
【判定理由】: 该研究自身在材料与方法中使用具名第三方非牙科3D软件进行3D分析，原文为""Accuracy was assessed by using a 3D analysis program (Geomagic Control X; 3D systems)""。
【软件】: Geomagic Control X
【专科】: Prosthodontics
【应用场景】: 3D data analysis and accuracy assessment
【研究设计】: in_vitro"
comparative evaluation of two different types of abutments in relation to post prosthetic bone resorption and periodontal pocket depth a randomized controlled clinical trial with a one year follow up,Comparative Evaluation of Two Different Types of Abutments in Relation to Post-prosthetic Bone Resorption and Periodontal Pocket Depth: A Randomized  Controlled Clinical Trial With a One-Year Follow-Up.,Cureus,journalArticle,CPLBN7P8,Almodalal 等 - 2022 - Comparative Evaluation of Two Different Types of Abutments in Relation to Post-prosthetic Bone Resor.pdf,EXCLUDE,"证据中仅提及""G*Power software""用于样本量计算，以及泛泛的""computer designing software""/""computer manufacturing software""，未出现任何具名的第三方非牙科3D软件被该研究自己用于3D数据处理、分析、建模或测量。",-,-,-,-,"【判定】: EXCLUDE
【判定理由】: 证据中仅提及""G*Power software""用于样本量计算，以及泛泛的""computer designing software""/""computer manufacturing software""，未出现任何具名的第三方非牙科3D软件被该研究自己用于3D数据处理、分析、建模或测量。
【软件】: -
【专科】: -
【应用场景】: -
【研究设计】: -"
prosthetic rehabilitation of untailored defects using patient specific implants,Prosthetic rehabilitation of untailored defects using patient-specific implants.,Dental research journal,journalArticle,YKE5IFLZ,Kondaka 等 - 2022 - Prosthetic rehabilitation of untailored defects using patient-specific implants.pdf,EXCLUDE,"证据片段仅提及""three-dimensional computed tomography data""和""Virtual designing of the patient-specific implants""，但未出现任何具名的第三方非牙科3D软件名称，无法确认该研究自身使用了符合标准的软件。",-,-,-,-,"【判定】: EXCLUDE
【判定理由】: 证据片段仅提及""three-dimensional computed tomography data""和""Virtual designing of the patient-specific implants""，但未出现任何具名的第三方非牙科3D软件名称，无法确认该研究自身使用了符合标准的软件。
【软件】: -
【专科】: -
【应用场景】: -
【研究设计】: -"
digitally driven optimization of intraoral water jet parameters for plaque removal a personalized 3d guided orthogonal study,Digitally-driven optimization of intraoral water jet parameters for plaque removal: a personalized 3D-guided orthogonal study.,BMC oral health,journalArticle,BIJ37P6U,Guo 等 - 2026 - Digitally-driven optimization of intraoral water jet parameters for plaque removal a personalized 3.pdf,INCLUDE,"该研究自身在材料与方法中使用具名第三方非牙科3D软件，原文明确写道""design software (Rhinoceros 7.0...)""和""3D analysis software (Geomagic Wrap 2021...)""用于""digital modeling and evaluation""，且""3D image analysis was performed using Geomagic Wrap 2021 software""。",Rhinoceros 7.0; Geomagic Wrap 2021,Preventive Dentistry,Digital design and manufacturing,clinical,"【判定】: INCLUDE
【判定理由】: 该研究自身在材料与方法中使用具名第三方非牙科3D软件，原文明确写道""design software (Rhinoceros 7.0...)""和""3D analysis software (Geomagic Wrap 2021...)""用于""digital modeling and evaluation""，且""3D image analysis was performed using Geomagic Wrap 2021 software""。
【软件】: Rhinoceros 7.0; Geomagic Wrap 2021
【专科】: Preventive Dentistry
【应用场景】: Digital design and manufacturing
【研究设计】: clinical"
lateral stress distribution analysis on hafnium metal bar for implant superstructure a finite element analysis,Lateral stress distribution analysis on hafnium metal bar for implant superstructure- A finite element analysis.,Journal of oral biology and craniofacial research,journalArticle,KJ67GB6M,Meghna 等 - 2026 - Lateral stress distribution analysis on hafnium metal bar for implant superstructure- A finite eleme.pdf,EXCLUDE,"抽取的证据片段仅泛泛提及""finite element analysis (FEA)""，未出现任何具名的第三方非牙科3D软件（如 ANSYS、ABAQUS、Mimics 等）被该研究自己使用。",-,-,-,-,"【判定】: EXCLUDE
【判定理由】: 抽取的证据片段仅泛泛提及""finite element analysis (FEA)""，未出现任何具名的第三方非牙科3D软件（如 ANSYS、ABAQUS、Mimics 等）被该研究自己使用。
【软件】: -
【专科】: -
【应用场景】: -
【研究设计】: -"
the effect of try in paste shade and framework design on the color characteristics of dental zirconia restorations,The Effect of Try-in Paste Shade and Framework Design on the Color Characteristics of Dental Zirconia Restorations.,"Journal of dentistry (Shiraz, Iran)",journalArticle,TRMPEJLZ,Mohammadi 等 - 2025 - The Effect of Try-in Paste Shade and Framework Design on the Color Characteristics of Dental Zirconi.pdf,EXCLUDE,"证据片段显示该研究仅使用牙科专用软件 ""ExoCAD software (ExoCAD Dental CAD, Darmstadt, Germany)"" 进行框架设计，未使用任何具名的第三方非牙科3D软件。",-,-,-,-,"【判定】: EXCLUDE
【判定理由】: 证据片段显示该研究仅使用牙科专用软件 ""ExoCAD software (ExoCAD Dental CAD, Darmstadt, Germany)"" 进行框架设计，未使用任何具名的第三方非牙科3D软件。
【软件】: -
【专科】: -
【应用场景】: -
【研究设计】: -"
digitization accuracy and scannability of different prosthodontic materials an in vitro trial,Digitization accuracy and scannability of different prosthodontic materials: An in vitro trial.,The Journal of prosthetic dentistry,journalArticle,CLB66PI4,Emam 等 - 2023 - Digitization accuracy and scannability of different prosthodontic materials An in vitro trial..pdf,EXCLUDE,"证据片段中仅提及使用牙科专用设计软件""exocad DentalCAD; exocad GmbH""，以及""a nonmetrology grade software program""（未具名），未出现任何该研究自己使用的具名第三方非牙科3D软件。",-,-,-,-,"【判定】: EXCLUDE
【判定理由】: 证据片段中仅提及使用牙科专用设计软件""exocad DentalCAD; exocad GmbH""，以及""a nonmetrology grade software program""（未具名），未出现任何该研究自己使用的具名第三方非牙科3D软件。
【软件】: -
【专科】: -
【应用场景】: -
【研究设计】: -"
the accuracy of a novel image guided hybrid robotic system for dental implant placement an in vitro study,The accuracy of a novel image-guided hybrid robotic system for dental implant placement: An in vitro study.,The international journal of medical robotics + computer assisted surgery : MRCAS,journalArticle,NV8EMBKE,Tao 等 - 2023 - The accuracy of a novel image‐guided hybrid robotic system for dental implant placement An in vitro.pdf,EXCLUDE,"证据片段显示该研究使用的是自研的牙科专用规划与导航软件（""Dental‐Helper planning software""、""BeiDou‐SNS""），其开发基于 Qt、IGSTK、ITK、VTK 等工具包，但未使用任何具名的第三方非牙科3D软件进行3D数据处理、分析、建模或测量。",-,-,-,-,"【判定】: EXCLUDE
【判定理由】: 证据片段显示该研究使用的是自研的牙科专用规划与导航软件（""Dental‐Helper planning software""、""BeiDou‐SNS""），其开发基于 Qt、IGSTK、ITK、VTK 等工具包，但未使用任何具名的第三方非牙科3D软件进行3D数据处理、分析、建模或测量。
【软件】: -
【专科】: -
【应用场景】: -
【研究设计】: -"
comparison of load bearing capacity of ceramic crowns with zirconia or polyetherketoneketone frameworks,Comparison of load bearing capacity of ceramic crowns with zirconia or polyetherketoneketone frameworks.,International journal of computerized dentistry,journalArticle,6XR3HJFC,2023 - Comparison of load bearing capacity of ceramic crowns with zirconia or polyetherketoneketone framewo.pdf,EXCLUDE,"证据片段中仅泛泛提及""CAD/CAM systems""和""CAD/CAM materials""，未出现任何该研究自身使用的具名第三方非牙科3D软件（如Mimics、3D Slicer、Geomagic等）。",-,-,-,-,"【判定】: EXCLUDE
【判定理由】: 证据片段中仅泛泛提及""CAD/CAM systems""和""CAD/CAM materials""，未出现任何该研究自身使用的具名第三方非牙科3D软件（如Mimics、3D Slicer、Geomagic等）。
【软件】: -
【专科】: -
【应用场景】: -
【研究设计】: -"
point of care additive manufacturing state of the art and adoption in spanish hospitals during pre to post covid 19 era,Point-of-care additive manufacturing: state of the art and adoption in Spanish hospitals during pre to post COVID-19 era.,3D printing in medicine,journalArticle,Z5PQ77JM,Valls-Esteve 等 - 2024 - Point-of-care additive manufacturing state of the art and adoption in Spanish hospitals during pre.pdf,EXCLUDE,"该文献为问卷调查研究，报告的是西班牙各医院使用软件的情况（如""approximately 41% (n = 9) of the hospitals used an open-source software (3D Slicer...)""），而非该研究自身在材料与方法中使用具名第三方非牙科3D软件；且主题为医疗3D打印在医院的采用情况，非口腔医学任一学科。",-,-,-,-,"【判定】: EXCLUDE
【判定理由】: 该文献为问卷调查研究，报告的是西班牙各医院使用软件的情况（如""approximately 41% (n = 9) of the hospitals used an open-source software (3D Slicer...)""），而非该研究自身在材料与方法中使用具名第三方非牙科3D软件；且主题为医疗3D打印在医院的采用情况，非口腔医学任一学科。
【软件】: -
【专科】: -
【应用场景】: -
【研究设计】: -"
clinical implementation of an eu mdr compliant point of care manufacturing framework for patient specific 3d printed peek implants in craniomaxillofacial reconstruction,Clinical implementation of an EU MDR-compliant point-of-care manufacturing framework for patient-specific 3D-printed PEEK implants in craniomaxillofacial  reconstruction.,3D printing in medicine,journalArticle,W3DKWQAN,Sharma 等 - 2026 - Clinical implementation of an EU MDR-compliant point-of-care manufacturing framework for patient-spe.pdf,EXCLUDE,抽取的证据片段仅涉及监管框架、质量管理体系与PEEK材料挤出3D打印流程，未出现任何该研究自身使用的具名第三方非牙科3D软件（如Mimics、Geomagic等）。,-,-,-,-,"【判定】: EXCLUDE
【判定理由】: 抽取的证据片段仅涉及监管框架、质量管理体系与PEEK材料挤出3D打印流程，未出现任何该研究自身使用的具名第三方非牙科3D软件（如Mimics、Geomagic等）。
【软件】: -
【专科】: -
【应用场景】: -
【研究设计】: -"
radiographic evaluation of vertical and horizontal fit in single implant crowns fabricated by cad cam systems a retrospective study,Radiographic Evaluation of Vertical and Horizontal Fit in Single Implant Crowns Fabricated by CAD/CAM Systems: A Retrospective Study.,Journal of long-term effects of medical implants,journalArticle,AE9VV4ZR,Sri 等 - 2021 - Radiographic Evaluation of Vertical and Horizontal Fit in Single Implant Crowns Fabricated by CADCA.pdf,EXCLUDE,"证据片段中仅泛泛提及""using 3D software""及""CAD/CAM systems""，未出现任何具名的第三方非牙科3D软件被该研究自身使用；该研究为回顾性X线片评估，未涉及具体3D软件操作。",-,-,-,-,"【判定】: EXCLUDE
【判定理由】: 证据片段中仅泛泛提及""using 3D software""及""CAD/CAM systems""，未出现任何具名的第三方非牙科3D软件被该研究自身使用；该研究为回顾性X线片评估，未涉及具体3D软件操作。
【软件】: -
【专科】: -
【应用场景】: -
【研究设计】: -"
combining coaxial electrospinning and 3d printing design of biodegradable bilayered membranes with dual drug delivery capability for periodontitis treatment,Combining Coaxial Electrospinning and 3D Printing: Design of Biodegradable Bilayered Membranes with Dual Drug Delivery Capability for Periodontitis  Treatment.,ACS applied bio materials,journalArticle,N6CQF3L9,Dos Santos 等 - 2022 - Combining Coaxial Electrospinning and 3D Printing Design of Biodegradable Bilayered Membranes with.pdf,INCLUDE,"该研究自身在材料与方法中使用具名第三方非牙科3D软件处理3D数据，原文明确写道""a honeycomb-like 3D model ... was designed using CAD software before printing, and the nozzle toolpath (G-code) was prepared with the use of Cura 3D software""。",Cura 3D,Periodontology,Digital design and manufacturing,in_vitro,"【判定】: INCLUDE
【判定理由】: 该研究自身在材料与方法中使用具名第三方非牙科3D软件处理3D数据，原文明确写道""a honeycomb-like 3D model ... was designed using CAD software before printing, and the nozzle toolpath (G-code) was prepared with the use of Cura 3D software""。
【软件】: Cura 3D
【专科】: Periodontology
【应用场景】: Digital design and manufacturing
【研究设计】: in_vitro"
from clinic to community an interpretable artificial intelligence framework for enamel caries detection to support public health dentistry,From Clinic to Community: An Interpretable Artificial Intelligence Framework for Enamel Caries Detection to Support Public Health Dentistry.,European journal of dentistry,journalArticle,MEP5889Y,Ashi - 2026 - From Clinic to Community An Interpretable Artificial Intelligence Framework for Enamel Caries Detec.pdf,EXCLUDE,该研究仅使用自研的深度学习模型（Modified EfficientNetB0、Modified MobileNetV2 及注意力融合机制、Grad-CAM），证据片段中未出现任何该研究自己使用的具名第三方非牙科3D软件。,-,-,-,-,"【判定】: EXCLUDE
【判定理由】: 该研究仅使用自研的深度学习模型（Modified EfficientNetB0、Modified MobileNetV2 及注意力融合机制、Grad-CAM），证据片段中未出现任何该研究自己使用的具名第三方非牙科3D软件。
【软件】: -
【专科】: -
【应用场景】: -
【研究设计】: -"
in vitro study of surface properties and microbial adhesion of various dental polymers fabricated by different manufacturing techniques after thermocycling,In vitro study of surface properties and microbial adhesion of various dental polymers fabricated by different manufacturing techniques after thermocycling.,Clinical oral investigations,journalArticle,HMQZ576Q,Wei 等 - 2022 - In vitro study of surface properties and microbial adhesion of various dental polymers fabricated by.pdf,EXCLUDE,"证据片段仅提及 CAD/CAM 制造工艺及材料名称（如 ""CAD/CAM denture polymer""），未出现任何该研究自身使用的具名第三方非牙科3D软件。",-,-,-,-,"【判定】: EXCLUDE
【判定理由】: 证据片段仅提及 CAD/CAM 制造工艺及材料名称（如 ""CAD/CAM denture polymer""），未出现任何该研究自身使用的具名第三方非牙科3D软件。
【软件】: -
【专科】: -
【应用场景】: -
【研究设计】: -"
deep learning for automatic segmentation of the inferior alveolar nerve using a hybrid cnn transformer framework,Deep learning for automatic segmentation of the inferior alveolar nerve using a hybrid CNN-transformer framework.,Scientific reports,journalArticle,JNXPDRMH,Lim 等 - 2026 - Deep learning for automatic segmentation of the inferior alveolar nerve using a hybrid CNN–transform.pdf,EXCLUDE,"该研究仅使用自研的混合 CNN-transformer 框架（""built upon the nnU-Net framework""），属于自研算法/代码，证据片段中未出现任何具名的第三方非牙科3D软件被该研究自己使用。",-,-,-,-,"【判定】: EXCLUDE
【判定理由】: 该研究仅使用自研的混合 CNN-transformer 框架（""built upon the nnU-Net framework""），属于自研算法/代码，证据片段中未出现任何具名的第三方非牙科3D软件被该研究自己使用。
【软件】: -
【专科】: -
【应用场景】: -
【研究设计】: -"
maxillary all on 6 treatment using zygomatic implants bone loss evaluation by cbct 3 year follow up,Maxillary All-on-6 Treatment Using Zygomatic Implants. Bone Loss Evaluation by CBCT: 3-Year Follow-up.,The International journal of prosthodontics,journalArticle,BC97IGVS,Mokhtar 等 - 2023 - Maxillary All-on-six treatment using zygomatic implants. Bone loss evaluation by cone beam compute.pdf,EXCLUDE,"证据片段仅提及 ""CAD/CAM–milled framework"" 和 ""Bone loss evaluation for six implants was performed using CBCT""，未出现任何具名的第三方非牙科3D软件被该研究自己使用。",-,-,-,-,"【判定】: EXCLUDE
【判定理由】: 证据片段仅提及 ""CAD/CAM–milled framework"" 和 ""Bone loss evaluation for six implants was performed using CBCT""，未出现任何具名的第三方非牙科3D软件被该研究自己使用。
【软件】: -
【专科】: -
【应用场景】: -
【研究设计】: -"
research on fatigued driving detection method by integrating lightweight yolov5s and facial 3d keypoints,Research on Fatigued-Driving Detection Method by Integrating Lightweight YOLOv5s and Facial 3D Keypoints.,"Sensors (Basel, Switzerland)",journalArticle,B4YJSKC8,Ran 等 - 2023 - Research on Fatigued-Driving Detection Method by Integrating Lightweight YOLOv5s and Facial 3D Keypo.pdf,EXCLUDE,该研究主题为疲劳驾驶检测，不属于口腔医学任一学科；且其使用的是自研改进的 YOLOv5s 与 Attention Mesh 关键点提取方法，未使用具名第三方非牙科3D软件。,-,-,-,-,"【判定】: EXCLUDE
【判定理由】: 该研究主题为疲劳驾驶检测，不属于口腔医学任一学科；且其使用的是自研改进的 YOLOv5s 与 Attention Mesh 关键点提取方法，未使用具名第三方非牙科3D软件。
【软件】: -
【专科】: -
【应用场景】: -
【研究设计】: -"
analysis of the mandibular canal course using unsupervised machine learning algorithm,Analysis of the mandibular canal course using unsupervised machine learning algorithm.,PloS one,journalArticle,TADKGI4W,Kim 等 - 2021 - Analysis of the mandibular canal course using unsupervised machine learning algorithm.-1.pdf,EXCLUDE,该研究自身使用的三维测量软件为 Ondemand3D（Cybermed Inc.），属牙科专用软件；其余软件证据为 R/RStudio 统计编程环境，非三维数据处理软件，且 R 相关片段多出现在参考文献中。,-,-,-,-,"【判定】: EXCLUDE
【判定理由】: 该研究自身使用的三维测量软件为 Ondemand3D（Cybermed Inc.），属牙科专用软件；其余软件证据为 R/RStudio 统计编程环境，非三维数据处理软件，且 R 相关片段多出现在参考文献中。
【软件】: -
【专科】: -
【应用场景】: -
【研究设计】: -"
evaluation of novel 3d printed and conventional thermoplastic stereotactic high precision patient fixation masks for radiotherapy,Evaluation of novel 3D-printed and conventional thermoplastic stereotactic high-precision patient fixation masks for radiotherapy.,Strahlentherapie und Onkologie : Organ der Deutschen Rontgengesellschaft ... [et al],journalArticle,QV6A5YTS,Miron 等 - 2022 - Evaluation of novel 3D-printed and conventional thermoplastic stereotactic high-precision patient fi.pdf,EXCLUDE,该研究主题为放疗用立体定向固定面罩，不属于口腔医学任一学科；且证据中使用的 Mimics、3-matic、NX 等软件服务于颅脑放疗固定，而非口腔医学应用。,-,-,-,-,"【判定】: EXCLUDE
【判定理由】: 该研究主题为放疗用立体定向固定面罩，不属于口腔医学任一学科；且证据中使用的 Mimics、3-matic、NX 等软件服务于颅脑放疗固定，而非口腔医学应用。
【软件】: -
【专科】: -
【应用场景】: -
【研究设计】: -"
us guided percutaneous microwave ablation mwa of submandibular gland a new minimal invasive and effective treatment for refractory sialorrhea and treatment response evaluation with contrast enhanced imaging techniques,US-guided percutaneous microwave ablation (MWA) of submandibular gland: A new minimal invasive and effective treatment for refractory sialorrhea and treatment  response evaluation with contrast-enhanced imaging techniques.,Clinical hemorheology and microcirculation,journalArticle,TRUZ9T77,Zhang 等 - 2021 - US-guided percutaneous microwave ablation (MWA) of submandibular gland A new minimal invasive and e.pdf,EXCLUDE,"该研究使用的是具名的第三方软件 ""Demetics Ablation Surgery Planning & Evaluation System""，但其原始开发领域为牙科/医学消融手术规划，并非纳入标准所要求的""非牙科3D软件""（如 Mimics、3D Slicer、Geomagic 等）。",-,-,-,-,"【判定】: EXCLUDE
【判定理由】: 该研究使用的是具名的第三方软件 ""Demetics Ablation Surgery Planning & Evaluation System""，但其原始开发领域为牙科/医学消融手术规划，并非纳入标准所要求的""非牙科3D软件""（如 Mimics、3D Slicer、Geomagic 等）。
【软件】: -
【专科】: -
【应用场景】: -
【研究设计】: -"
making the most of single sensor information a novel fusion approach for 3d face recognition using region covariance descriptors and gaussian mixture models,Making the Most of Single Sensor Information: A Novel Fusion Approach for 3D Face Recognition Using Region Covariance Descriptors and Gaussian Mixture Models.,"Sensors (Basel, Switzerland)",journalArticle,M34352PG,Križaj 等 - 2022 - Making the Most of Single Sensor Information A Novel Fusion Approach for 3D Face Recognition Using.pdf,EXCLUDE,该研究主题为3D人脸识别（face recognition），不属于口腔医学任一学科；且证据片段中仅描述自研框架（RCM_GMM_SVM）与算法（如ICP、GMM、SVM），未提及任何具名第三方非牙科3D软件被该研究自己使用。,-,-,-,-,"【判定】: EXCLUDE
【判定理由】: 该研究主题为3D人脸识别（face recognition），不属于口腔医学任一学科；且证据片段中仅描述自研框架（RCM_GMM_SVM）与算法（如ICP、GMM、SVM），未提及任何具名第三方非牙科3D软件被该研究自己使用。
【软件】: -
【专科】: -
【应用场景】: -
【研究设计】: -"
effect of coping materials zirconia or polyetheretherketone with different techniques of fabrication on vertical marginal gap and fracture resistance of posterior crowns with composite veneering,Effect of coping materials zirconia or polyetheretherketone with different techniques of fabrication on vertical marginal gap and fracture resistance of  posterior crowns with composite veneering.,BMC oral health,journalArticle,JAQHE7HD,Emam和Metwally - 2023 - Effect of coping materials zirconia or polyetheretherketone with different techniques of fabrication.pdf,EXCLUDE,"证据片段中唯一具名的软件为 ""ImageJ 1.53t""（用于图像分析测量边缘间隙），但 ImageJ 属于图像分析软件而非三维（3D）软件，且证据中未出现任何具名的第三方非牙科3D软件被该研究自身使用。",-,-,-,-,"【判定】: EXCLUDE
【判定理由】: 证据片段中唯一具名的软件为 ""ImageJ 1.53t""（用于图像分析测量边缘间隙），但 ImageJ 属于图像分析软件而非三维（3D）软件，且证据中未出现任何具名的第三方非牙科3D软件被该研究自身使用。
【软件】: -
【专科】: -
【应用场景】: -
【研究设计】: -"
microtomography to traditional dental radiograph projecting 3 dimensional initial proximal caries lesion annotations for enhanced radiographic delineation,Microtomography to traditional dental radiograph: projecting 3-dimensional initial proximal caries lesion annotations for enhanced radiographic delineation.,Dento maxillo facial radiology,journalArticle,DVXNMRWM,Gonzalez-Valenzuela 等 - 2025 - Microtomography to traditional dental radiograph projecting 3-dimensional initial proximal caries l-1.pdf,EXCLUDE,"该研究使用自研算法（""an algorithm developed in-house""、""Algorithm 1: Automated caries annotation based on micro-CT features""）进行标注，唯一具名软件 Elastix 仅用于刚性配准（""Rigid registration: Align simulated radiograph with actual radiograph using Elastixa software""），且 Elastix 为医学图像配准软件而非三维数据处理/分析/建模/测量软件，不符合纳入标准第2条。",-,-,-,-,"【判定】: EXCLUDE
【判定理由】: 该研究使用自研算法（""an algorithm developed in-house""、""Algorithm 1: Automated caries annotation based on micro-CT features""）进行标注，唯一具名软件 Elastix 仅用于刚性配准（""Rigid registration: Align simulated radiograph with actual radiograph using Elastixa software""），且 Elastix 为医学图像配准软件而非三维数据处理/分析/建模/测量软件，不符合纳入标准第2条。
【软件】: -
【专科】: -
【应用场景】: -
【研究设计】: -"
fatigue threshold r curves for dental lithium disilicate glass ceramics,Fatigue Threshold R-Curves for Dental Lithium Disilicate Glass-Ceramics.,Journal of dental research,journalArticle,72SRX4TH,Lubauer 等 - 2023 - Fatigue Threshold R-Curves for Dental Lithium Disilicate Glass–Ceramics.pdf,EXCLUDE,"证据片段仅涉及牙科陶瓷材料的力学疲劳测试（如""Knoop indentation""、""fatigue parameter n""），未出现任何该研究自身使用的具名第三方非牙科3D软件；摘要及方法中亦无3D软件相关描述。",-,-,-,-,"【判定】: EXCLUDE
【判定理由】: 证据片段仅涉及牙科陶瓷材料的力学疲劳测试（如""Knoop indentation""、""fatigue parameter n""），未出现任何该研究自身使用的具名第三方非牙科3D软件；摘要及方法中亦无3D软件相关描述。
【软件】: -
【专科】: -
【应用场景】: -
【研究设计】: -"
accuracy assessment of dynamic navigation during implant placement a systematic review and meta analysis of clinical studies in the last 10 years,Accuracy assessment of dynamic navigation during implant placement: A systematic review and meta-analysis of clinical studies in the last 10 years.,Journal of dentistry,journalArticle,3KAXK8L7,Yu 等 - 2023 - Accuracy assessment of dynamic navigation during implant placement A systematic review and meta-ana.pdf,EXCLUDE,"该文献为系统综述与meta分析（题名及摘要明确为""A systematic review and meta-analysis""），属于排除的文献类型；且证据片段中提及的软件（如SimPlant）均为引用他人历史研究，非该研究自身使用。",-,-,-,-,"【判定】: EXCLUDE
【判定理由】: 该文献为系统综述与meta分析（题名及摘要明确为""A systematic review and meta-analysis""），属于排除的文献类型；且证据片段中提及的软件（如SimPlant）均为引用他人历史研究，非该研究自身使用。
【软件】: -
【专科】: -
【应用场景】: -
【研究设计】: -"
network toxicology combined with molecular docking technology to explore the molecular mechanism of amatoxin causing liver injury,Network toxicology combined with molecular docking technology to explore the molecular mechanism of amatoxin causing liver injury.,Scientific reports,journalArticle,422HCDHQ,Wang 等 - 2025 - Network toxicology combined with molecular docking technology to explore the molecular mechanism of.pdf,EXCLUDE,该研究主题为毒理学/肝脏损伤（amatoxin 致肝损伤的分子机制），不属于口腔医学任一学科；且所用工具（ProTox-3.0、ADMETlab 2.0、Cytoscape 等）为毒理/生物信息学平台，非用于3D数据处理建模的非牙科3D软件。,-,-,-,-,"【判定】: EXCLUDE
【判定理由】: 该研究主题为毒理学/肝脏损伤（amatoxin 致肝损伤的分子机制），不属于口腔医学任一学科；且所用工具（ProTox-3.0、ADMETlab 2.0、Cytoscape 等）为毒理/生物信息学平台，非用于3D数据处理建模的非牙科3D软件。
【软件】: -
【专科】: -
【应用场景】: -
【研究设计】: -"
increased deformations are dispensable for cell mechanoresponse in engineered bone analogs mimicking aging bone marrow,Increased deformations are dispensable for cell mechanoresponse in engineered bone analogs mimicking aging bone marrow.,,preprint,P5U2KFAM,Regner 等 - 2023 - Increased deformations are dispensable for cell mechanoresponse in engineered bone analogs mimicking.pdf,EXCLUDE,"该研究主题为骨力学/骨组织工程（骨衰老与骨髓力学响应），不属于口腔医学任一学科；且证据中仅见""Compression data was entered into MATLAB""用于力学数据处理，未涉及口腔3D数据处理、分析、建模或测量。",-,-,-,-,"【判定】: EXCLUDE
【判定理由】: 该研究主题为骨力学/骨组织工程（骨衰老与骨髓力学响应），不属于口腔医学任一学科；且证据中仅见""Compression data was entered into MATLAB""用于力学数据处理，未涉及口腔3D数据处理、分析、建模或测量。
【软件】: -
【专科】: -
【应用场景】: -
【研究设计】: -"
validation of 2d lateral cephalometric analysis using artificial intelligence processed low dose cone beam computed tomography,Validation of 2D lateral cephalometric analysis using artificial intelligence-processed low-dose cone beam computed tomography.,Heliyon,journalArticle,UEIY9979,Chung - 2024 - Validation of 2D lateral cephalometric analysis using artificial intelligence-processed low-dose con.pdf,EXCLUDE,"证据片段仅泛泛提及""the accompanying software""及自研的深度学习/迭代重建算法（如""convolutional neura""、""Deep neural networks (DNN)""），未出现任何该研究自己使用的具名第三方非牙科3D软件。",-,-,-,-,"【判定】: EXCLUDE
【判定理由】: 证据片段仅泛泛提及""the accompanying software""及自研的深度学习/迭代重建算法（如""convolutional neura""、""Deep neural networks (DNN)""），未出现任何该研究自己使用的具名第三方非牙科3D软件。
【软件】: -
【专科】: -
【应用场景】: -
【研究设计】: -"
additively custom made 3d printed subperiosteal implants for the rehabilitation of the severely atrophic maxilla a case report,Additively custom-made 3D-printed subperiosteal implants for the rehabilitation of the severely atrophic maxilla (a case report).,Clinical case reports,journalArticle,ZMBXPSMH,Arshad 等 - 2023 - Additively custom-made 3D-printed subperiosteal implants for the rehabilitation of the severely atro.pdf,EXCLUDE,证据片段中仅提及 CAD/CAM 等泛化术语及牙科临床材料（如 Alginate、Luralite），未出现该研究自身使用的任何具名第三方非牙科3D软件（如 Mimics、Geomagic 等）。,-,-,-,-,"【判定】: EXCLUDE
【判定理由】: 证据片段中仅提及 CAD/CAM 等泛化术语及牙科临床材料（如 Alginate、Luralite），未出现该研究自身使用的任何具名第三方非牙科3D软件（如 Mimics、Geomagic 等）。
【软件】: -
【专科】: -
【应用场景】: -
【研究设计】: -"
a 3 dimensional scaffolding system recapitulates the hierarchical osteon structure,A 3-Dimensional Scaffolding System Recapitulates the Hierarchical Osteon Structure.,ACS omega,journalArticle,H9R2SL24,Li 等 - 2024 - A 3-Dimensional Scaffolding System Recapitulates the Hierarchical Osteon Structure..pdf,EXCLUDE,"该研究主题为骨组织工程（osteon scaffolding），不属于口腔医学任一学科；且证据中仅出现 ""3D reconstruction using Imaris 9.0""，Imaris 属生物成像/显微分析软件，且主题与口腔医学无关。",-,-,-,-,"【判定】: EXCLUDE
【判定理由】: 该研究主题为骨组织工程（osteon scaffolding），不属于口腔医学任一学科；且证据中仅出现 ""3D reconstruction using Imaris 9.0""，Imaris 属生物成像/显微分析软件，且主题与口腔医学无关。
【软件】: -
【专科】: -
【应用场景】: -
【研究设计】: -"
transformation trees documentation of multimodal image registration,Transformation trees - Documentation of multimodal image registration.,Computers in biology and medicine,journalArticle,DK5KVWF5,Tomaka 等 - 2025 - Transformation trees — Documentation of multimodal image registration.pdf,EXCLUDE,"证据片段显示该研究使用并实现了自研的 ""dpVision software""（""This approach has been implemented in the dpVision software""），属于自研程序，未使用任何具名的第三方非牙科3D软件。",-,-,-,-,"【判定】: EXCLUDE
【判定理由】: 证据片段显示该研究使用并实现了自研的 ""dpVision software""（""This approach has been implemented in the dpVision software""），属于自研程序，未使用任何具名的第三方非牙科3D软件。
【软件】: -
【专科】: -
【应用场景】: -
【研究设计】: -"
3d markerless tracking of speech movements with submillimeter accuracy,3D markerless tracking of speech movements with submillimeter accuracy.,,preprint,AZVQHWIR,Lovell 等 - 2025 - 3D markerless tracking of speech movements with submillimeter accuracy.-1.pdf,EXCLUDE,"该研究主题为言语运动追踪（speech movements），不属于口腔医学任一学科；且其自身使用的是自研流程（SPIGA、CoTracker、SAM2 等机器学习模型），证据中""All codes used in our pipeline were written in Python""表明未使用具名第三方非牙科3D软件进行3D数据处理。",-,-,-,-,"【判定】: EXCLUDE
【判定理由】: 该研究主题为言语运动追踪（speech movements），不属于口腔医学任一学科；且其自身使用的是自研流程（SPIGA、CoTracker、SAM2 等机器学习模型），证据中""All codes used in our pipeline were written in Python""表明未使用具名第三方非牙科3D软件进行3D数据处理。
【软件】: -
【专科】: -
【应用场景】: -
【研究设计】: -"
three dimensional printing in cardiothoracic surgery workflow and clinical applications,Three-Dimensional Printing in Cardiothoracic Surgery: Workflow and Clinical Applications.,Cureus,journalArticle,26QBFLTE,Jenkinson 等 - 2025 - Three-Dimensional Printing in Cardiothoracic Surgery Workflow and Clinical Applications.pdf,EXCLUDE,该文献为技术报告，主题为心胸外科（cardiothoracic surgery）的3D打印工作流程，不属于口腔医学任一学科；且证据中仅提及 Horos 等影像查看软件，未体现口腔医学应用。,-,-,-,-,"【判定】: EXCLUDE
【判定理由】: 该文献为技术报告，主题为心胸外科（cardiothoracic surgery）的3D打印工作流程，不属于口腔医学任一学科；且证据中仅提及 Horos 等影像查看软件，未体现口腔医学应用。
【软件】: -
【专科】: -
【应用场景】: -
【研究设计】: -"
research on non cohesive jet formed by zr based amorphous alloys,Research on non-cohesive jet formed by Zr-based amorphous alloys.,Scientific reports,journalArticle,RXEJVUD3,Shi 等 - 2023 - Research on non-cohesive jet formed by Zr-based amorphous alloys..pdf,EXCLUDE,该研究主题为Zr基非晶合金聚能射流形成，属于材料/爆炸力学领域，不属于口腔医学任一学科；虽使用了Autodyn、ANSYS等非牙科3D软件，但主题不符纳入标准。,-,-,-,-,"【判定】: EXCLUDE
【判定理由】: 该研究主题为Zr基非晶合金聚能射流形成，属于材料/爆炸力学领域，不属于口腔医学任一学科；虽使用了Autodyn、ANSYS等非牙科3D软件，但主题不符纳入标准。
【软件】: -
【专科】: -
【应用场景】: -
【研究设计】: -"
a multi center study of transformer based cnns for multiple sclerosis lesion segmentation on 3d flair mri,A multi-center study of transformer-based CNNs for multiple sclerosis lesion segmentation on 3D FLAIR MRI.,Neuroradiology,journalArticle,V424MXPT,Saadh 等 - 2025 - A multi-center study of transformer-based CNNs for multiple sclerosis lesion segmentation on 3D FLAI.pdf,EXCLUDE,"该研究主题为多发性硬化（MS）病灶的MRI分割，属于神经影像学而非口腔医学；且其使用的方法是自研的Transformer-CNN框架，证据片段中仅提及""U-Net and DeepLabV3""作为对比基准，未使用任何具名第三方非牙科3D软件。",-,-,-,-,"【判定】: EXCLUDE
【判定理由】: 该研究主题为多发性硬化（MS）病灶的MRI分割，属于神经影像学而非口腔医学；且其使用的方法是自研的Transformer-CNN框架，证据片段中仅提及""U-Net and DeepLabV3""作为对比基准，未使用任何具名第三方非牙科3D软件。
【软件】: -
【专科】: -
【应用场景】: -
【研究设计】: -"
teeth microcracks research towards multi modal imaging,Teeth Microcracks Research: Towards Multi-Modal Imaging.,"Bioengineering (Basel, Switzerland)",journalArticle,EIHBUK4U,Dumbryte 等 - 2023 - Teeth Microcracks Research Towards Multi-Modal Imaging..pdf,EXCLUDE,"该文献为perspective综述性文章（摘要自述""This perspective is an overview of the recent advances""），且证据片段中仅泛泛提及""specialized software""或""commercial 3D visualization software""，未指明该研究自身使用的具名第三方非牙科3D软件。",-,-,-,-,"【判定】: EXCLUDE
【判定理由】: 该文献为perspective综述性文章（摘要自述""This perspective is an overview of the recent advances""），且证据片段中仅泛泛提及""specialized software""或""commercial 3D visualization software""，未指明该研究自身使用的具名第三方非牙科3D软件。
【软件】: -
【专科】: -
【应用场景】: -
【研究设计】: -"
facial masculinization surgery using polyetheretherketone alloplasty statistical shape modeling based implant designs,Facial Masculinization Surgery Using Polyetheretherketone Alloplasty: Statistical Shape Modeling-based Implant Designs.,Plastic and reconstructive surgery. Global open,journalArticle,GX5AGF6V,Van Der Wel 等 - 2024 - Facial Masculinization Surgery Using Polyetheretherketone Alloplasty Statistical Shape Modeling–bas.pdf,INCLUDE,"该研究自身在材料与方法中使用 MATLAB 进行统计形状建模，原文明确写道 ""we studied the shape variation of these skulls using a method called statistical shape modeling with an algorithm implemented in MATLAB""。",MATLAB,Oral and Maxillofacial Surgery,Digital design and manufacturing,case_report,"【判定】: INCLUDE
【判定理由】: 该研究自身在材料与方法中使用 MATLAB 进行统计形状建模，原文明确写道 ""we studied the shape variation of these skulls using a method called statistical shape modeling with an algorithm implemented in MATLAB""。
【软件】: MATLAB
【专科】: Oral and Maxillofacial Surgery
【应用场景】: Digital design and manufacturing
【研究设计】: case_report"
scanning accuracy and scanning area discrepancies of intraoral digital scans acquired at varying scanning distances and angulations among 4 different intraoral scanners,Scanning accuracy and scanning area discrepancies of intraoral digital scans acquired at varying scanning distances and angulations among 4 different  intraoral scanners.,The Journal of prosthetic dentistry,journalArticle,KL633SZT,Button 等 - 2024 - Scanning accuracy and scanning area discrepancies of intraoral digital scans acquired at varying sca.pdf,EXCLUDE,"该研究仅使用牙科专用软件（Medit Link, Medit Design App）进行扫描面积和精度分析，证据中""Each STL file was imported into a CAD software program (Medit Link, Medit Design App, v.3.0.3; Medit)""，未使用任何具名的第三方非牙科3D软件。",-,-,-,-,"【判定】: EXCLUDE
【判定理由】: 该研究仅使用牙科专用软件（Medit Link, Medit Design App）进行扫描面积和精度分析，证据中""Each STL file was imported into a CAD software program (Medit Link, Medit Design App, v.3.0.3; Medit)""，未使用任何具名的第三方非牙科3D软件。
【软件】: -
【专科】: -
【应用场景】: -
【研究设计】: -"
shaping the 4d frontier in maxillofacial surgery with facemesh evolution,Shaping the 4D frontier in maxillofacial surgery with faceMesh evolution.,"Journal of stomatology, oral and maxillofacial surgery",journalArticle,ZP63E7VD,Grillo 等 - 2024 - Shaping the 4D frontier in maxillofacial surgery with faceMesh evolution.pdf,EXCLUDE,"该研究使用的是自研的 Python 算法及 Google 的 MediaPipe/FaceMesh 深度学习库（""The provided code exemplifies the utilization of the MediaPipe library""），属于自研代码/深度学习模型，未使用任何具名的第三方非牙科三维软件。",-,-,-,-,"【判定】: EXCLUDE
【判定理由】: 该研究使用的是自研的 Python 算法及 Google 的 MediaPipe/FaceMesh 深度学习库（""The provided code exemplifies the utilization of the MediaPipe library""），属于自研代码/深度学习模型，未使用任何具名的第三方非牙科三维软件。
【软件】: -
【专科】: -
【应用场景】: -
【研究设计】: -"
ct based three dimensional morphometric analysis of the bony palate and hard palatal mucosa in female orthognathic surgery candidates,CT-based three-dimensional morphometric analysis of the bony palate and hard palatal mucosa in female orthognathic surgery candidates.,Frontiers in oral health,journalArticle,CD6KF4YY,Suzuki 等 - 2026 - CT-based three-dimensional morphometric analysis of the bony palate and hard palatal mucosa in femal.pdf,INCLUDE,"该研究自身在方法中使用具名第三方非牙科3D软件，原文明确写道""Linear distances and areas were measured using medical image-processing software (Mimics 27.0, Materialise, Belgium)""，用于腭部黏膜厚度及骨性腭形态的三维测量。",Mimics,Orthodontics,Morphological and phenotypic analysis,clinical,"【判定】: INCLUDE
【判定理由】: 该研究自身在方法中使用具名第三方非牙科3D软件，原文明确写道""Linear distances and areas were measured using medical image-processing software (Mimics 27.0, Materialise, Belgium)""，用于腭部黏膜厚度及骨性腭形态的三维测量。
【软件】: Mimics
【专科】: Orthodontics
【应用场景】: Morphological and phenotypic analysis
【研究设计】: clinical"
segmentation of spinal rootlets across mri contrasts with rootletseg,Segmentation of spinal rootlets across MRI contrasts with RootletSeg.,Scientific reports,journalArticle,FS95B6WA,Krejčí 等 - 2026 - Segmentation of spinal rootlets across MRI contrasts with RootletSeg.pdf,EXCLUDE,"该研究主题为脊髓神经根分割（spinal rootlets segmentation），不属于口腔医学任一学科；且其自研深度学习模型 RootletSeg 属于自研算法，证据中仅提及 ""implemented in the sct_deepseg function as part of Spinal Cord Toolbox (SCT)""，无具名第三方非牙科3D软件被该研究自身使用。",-,-,-,-,"【判定】: EXCLUDE
【判定理由】: 该研究主题为脊髓神经根分割（spinal rootlets segmentation），不属于口腔医学任一学科；且其自研深度学习模型 RootletSeg 属于自研算法，证据中仅提及 ""implemented in the sct_deepseg function as part of Spinal Cord Toolbox (SCT)""，无具名第三方非牙科3D软件被该研究自身使用。
【软件】: -
【专科】: -
【应用场景】: -
【研究设计】: -"
computed tomography guided 3d printed patient specific regional anesthesia,Computed tomography-guided 3D printed patient-specific regional anesthesia.,Journal of dental anesthesia and pain medicine,journalArticle,5BDCAEWD,Jundt 等 - 2020 - Computed tomography-guided 3D printed patient-specific regional anesthesia..pdf,EXCLUDE,"证据片段仅提及""3D Rendering""和""designed using the needle hub diameter""，未出现任何具名的第三方非牙科3D软件名称，无法确认该研究自身使用了符合标准的软件。",-,-,-,-,"【判定】: EXCLUDE
【判定理由】: 证据片段仅提及""3D Rendering""和""designed using the needle hub diameter""，未出现任何具名的第三方非牙科3D软件名称，无法确认该研究自身使用了符合标准的软件。
【软件】: -
【专科】: -
【应用场景】: -
【研究设计】: -"
dllnet an attention based deep learning method for dental landmark localization on high resolution 3d digital dental models,DLLNet: An Attention-Based Deep Learning Method for Dental Landmark Localization on High-Resolution 3D Digital Dental Models.,Medical image computing and computer-assisted intervention : MICCAI ... International Conference on Medical Image Computing and Computer-Assisted  Intervention,journalArticle,64V4MY8B,Lang 等 - 2021 - DLLNet An Attention-Based Deep Learning Method for Dental Landmark Localization on High-Resolution.pdf,EXCLUDE,"该研究提出的是自研的端到端深度学习框架（""We propose an end-to-end learning framework""），证据片段中未出现任何该研究自己使用的具名第三方非牙科3D软件，仅提及自建网络及被引方法（如 PointNet++、MeshSegNet）。",-,-,-,-,"【判定】: EXCLUDE
【判定理由】: 该研究提出的是自研的端到端深度学习框架（""We propose an end-to-end learning framework""），证据片段中未出现任何该研究自己使用的具名第三方非牙科3D软件，仅提及自建网络及被引方法（如 PointNet++、MeshSegNet）。
【软件】: -
【专科】: -
【应用场景】: -
【研究设计】: -"
comparison of internal fit of metal ceramic crowns in cad cam and lost wax techniques in all fabrication stages through replica weighting triple scanning and scanning electron microscope,"Comparison of internal fit of metal-ceramic crowns in CAD/CAM and lost-wax techniques in all fabrication stages through replica weighting, triple scanning,  and scanning electron microscope.",Clinical and experimental dental research,journalArticle,FZ2D9GS2,Sadr 等 - 2022 - Comparison of internal fit of metal-ceramic crowns in CADCAM and lost-wax techniques in all fabrica.pdf,EXCLUDE,"证据片段中仅提及""triple scanning""、""replica weighting""和""scanning electron microscopy""等测量方法，未出现任何具名的第三方非牙科3D软件（如Mimics、Geomagic等）被该研究自己使用。",-,-,-,-,"【判定】: EXCLUDE
【判定理由】: 证据片段中仅提及""triple scanning""、""replica weighting""和""scanning electron microscopy""等测量方法，未出现任何具名的第三方非牙科3D软件（如Mimics、Geomagic等）被该研究自己使用。
【软件】: -
【专科】: -
【应用场景】: -
【研究设计】: -"
quantitative craniofacial analysis and generation of human induced pluripotent stem cells for muenke syndrome a case report,Quantitative Craniofacial Analysis and Generation of Human Induced Pluripotent Stem Cells for Muenke Syndrome: A Case Report.,Journal of developmental biology,journalArticle,RN75DXBK,Kidwai 等 - 2021 - Quantitative Craniofacial Analysis and Generation of Human Induced Pluripotent Stem Cells for Muenke.pdf,EXCLUDE,"证据片段中出现的具名软件为 Invivo 5.4（Anatomage）和 MorphoJ，其中 Invivo 5.4 属牙科专用软件，而 MorphoJ 为几何形态测量学专用软件，均不属于""原始开发领域不在牙科""的第三方非牙科3D软件（如 Mimics、3D Slicer、Geomagic 等）。",-,-,-,-,"【判定】: EXCLUDE
【判定理由】: 证据片段中出现的具名软件为 Invivo 5.4（Anatomage）和 MorphoJ，其中 Invivo 5.4 属牙科专用软件，而 MorphoJ 为几何形态测量学专用软件，均不属于""原始开发领域不在牙科""的第三方非牙科3D软件（如 Mimics、3D Slicer、Geomagic 等）。
【软件】: -
【专科】: -
【应用场景】: -
【研究设计】: -"
influence of intraoral scanners operators and data processing on dimensional accuracy of dental casts for unsupervised clinical machine learning an in vitro comparative study,"Influence of Intraoral Scanners, Operators, and Data Processing on Dimensional Accuracy of Dental Casts for Unsupervised Clinical Machine Learning: An In Vitro  Comparative Study.",International journal of dentistry,journalArticle,QNT8ENQE,"Farook 等 - 2023 - Influence of Intraoral Scanners, Operators, and Data Processing on Dimensional Accuracy of Dental Ca.pdf",INCLUDE,"该研究自身在方法中使用具名第三方非牙科3D软件进行数据处理，原文明确写道""extruding the native scan files to a 0.5 mm inner thickness against the 'normal' axis in CAD (Meshmixer; Autodesk Inc.)""。",Meshmixer,Prosthodontics,3D data analysis and accuracy assessment,in_vitro,"【判定】: INCLUDE
【判定理由】: 该研究自身在方法中使用具名第三方非牙科3D软件进行数据处理，原文明确写道""extruding the native scan files to a 0.5 mm inner thickness against the 'normal' axis in CAD (Meshmixer; Autodesk Inc.)""。
【软件】: Meshmixer
【专科】: Prosthodontics
【应用场景】: 3D data analysis and accuracy assessment
【研究设计】: in_vitro"
rehabilitation strategies and occlusal vertical dimension considerations in the management of worn dentitions consensus statement from ssrd sepes and prosec conference on minimally invasive restorations,"Rehabilitation Strategies and Occlusal Vertical Dimension Considerations in the Management of Worn Dentitions: Consensus Statement From SSRD, SEPES, and PROSEC  Conference on Minimally Invasive Restorations.",Journal of esthetic and restorative dentistry : official publication of the American Academy of Esthetic Dentistry ... [et al.],journalArticle,WQXIQTTD,Ioannidis 等 - 2025 - Rehabilitation Strategies and Occlusal Vertical Dimension Considerations in the Management of Worn D.pdf,EXCLUDE,"该文献为共识声明（Consensus Statement），属于综述/专家共识类非原创研究类型，摘要明确说明""Two systematic reviews were conducted before the conference""并基于证据与专家意见形成共识声明，不符合纳入标准第3条。",-,-,-,-,"【判定】: EXCLUDE
【判定理由】: 该文献为共识声明（Consensus Statement），属于综述/专家共识类非原创研究类型，摘要明确说明""Two systematic reviews were conducted before the conference""并基于证据与专家意见形成共识声明，不符合纳入标准第3条。
【软件】: -
【专科】: -
【应用场景】: -
【研究设计】: -"
device trueness in passivity and misfit of cad cam frameworks conventional versus printed casts,Device trueness in passivity and misfit of CAD-CAM frameworks: Conventional versus printed casts.,The Journal of prosthetic dentistry,journalArticle,DK5FUG8T,Pereira 等 - 2025 - Device trueness in passivity and misfit of CAD-CAM frameworks Conventional versus printed casts..pdf,EXCLUDE,"证据片段中出现的软件为 ""Zirkozahn.Modellier; Zirkozahn""，属于牙科专用软件，且未出现任何具名的第三方非牙科3D软件被该研究自己使用。",-,-,-,-,"【判定】: EXCLUDE
【判定理由】: 证据片段中出现的软件为 ""Zirkozahn.Modellier; Zirkozahn""，属于牙科专用软件，且未出现任何具名的第三方非牙科3D软件被该研究自己使用。
【软件】: -
【专科】: -
【应用场景】: -
【研究设计】: -"
hybrid prosthesis versus overdenture effect of biohpp prosthetic design rehabilitating edentulous mandible,Hybrid Prosthesis versus Overdenture: Effect of BioHPP Prosthetic Design Rehabilitating Edentulous Mandible.,International journal of dentistry,journalArticle,CW5GQWLK,Al-Asad 等 - 2023 - Hybrid Prosthesis versus Overdenture Effect of BioHPP Prosthetic Design Rehabilitating Edentulous M.pdf,EXCLUDE,"证据片段中仅提及""randomly allocated into each group using computer software""和""CAD–CAM""技术，未出现任何具名的第三方非牙科3D软件（如Mimics、3D Slicer、Geomagic等）被该研究自己使用。",-,-,-,-,"【判定】: EXCLUDE
【判定理由】: 证据片段中仅提及""randomly allocated into each group using computer software""和""CAD–CAM""技术，未出现任何具名的第三方非牙科3D软件（如Mimics、3D Slicer、Geomagic等）被该研究自己使用。
【软件】: -
【专科】: -
【应用场景】: -
【研究设计】: -"
traditional and artificial intelligent methods in predicting maxillofacial soft tissue morphology after orthognathic surgery a narrative review,Traditional and Artificial Intelligent Methods in Predicting Maxillofacial Soft Tissue Morphology After Orthognathic Surgery: A Narrative Review.,International journal of dentistry,journalArticle,CMEY6TXK,Wang 等 - 2025 - Traditional and Artificial Intelligent Methods in Predicting Maxillofacial Soft Tissue Morphology Af.pdf,EXCLUDE,"该文献为叙述性综述（题名及摘要明确为 ""A Narrative Review""），不符合原创研究/技术说明/病例报告的纳入类型；且证据片段中提及的软件（如 Dolphin Imaging）仅为泛泛讨论他人软件，并非该研究自身使用。",-,-,-,-,"【判定】: EXCLUDE
【判定理由】: 该文献为叙述性综述（题名及摘要明确为 ""A Narrative Review""），不符合原创研究/技术说明/病例报告的纳入类型；且证据片段中提及的软件（如 Dolphin Imaging）仅为泛泛讨论他人软件，并非该研究自身使用。
【软件】: -
【专科】: -
【应用场景】: -
【研究设计】: -"
systematic scoping review of mandibular bone tissue engineering,Systematic scoping review of mandibular bone tissue engineering.,The British journal of oral & maxillofacial surgery,journalArticle,F92WZXMG,Basyuni 等 - 2020 - Systematic scoping review of mandibular bone tissue engineering..pdf,EXCLUDE,"该文献为""scoping systematic review""（范围系统综述），属于排除的文献类型；且证据片段中未出现任何该研究自身使用的具名第三方非牙科3D软件。",-,-,-,-,"【判定】: EXCLUDE
【判定理由】: 该文献为""scoping systematic review""（范围系统综述），属于排除的文献类型；且证据片段中未出现任何该研究自身使用的具名第三方非牙科3D软件。
【软件】: -
【专科】: -
【应用场景】: -
【研究设计】: -"
influence of digital technologies and framework design on the load to fracture of co cr posterior fixed partial denture frameworks,Influence of Digital Technologies and Framework Design on the Load to Fracture of Co-Cr Posterior Fixed Partial Denture Frameworks.,Journal of prosthodontics : official journal of the American College of Prosthodontists,journalArticle,N8MVKDJM,Tobar 等 - 2022 - Influence of Digital Technologies and Framework Design on the Load to Fracture of Co‐Cr Posterior Fi.pdf,EXCLUDE,"证据片段中出现的软件为 G*Program 3.1.9.4（统计功效分析软件）及 DWOS Lava Edition（牙科专用 CAD 软件），均非""具名的第三方非牙科三维（3D）软件""；且未见该研究自身使用任何非牙科3D软件处理3D数据。",-,-,-,-,"【判定】: EXCLUDE
【判定理由】: 证据片段中出现的软件为 G*Program 3.1.9.4（统计功效分析软件）及 DWOS Lava Edition（牙科专用 CAD 软件），均非""具名的第三方非牙科三维（3D）软件""；且未见该研究自身使用任何非牙科3D软件处理3D数据。
【软件】: -
【专科】: -
【应用场景】: -
【研究设计】: -"
translucent monolithic zirconia titanium supported fp1 full arch prosthesis a novel proof of concept to address esthetic functional and biologic challenges,"Translucent monolithic zirconia titanium-supported FP1 full-arch prosthesis: A novel proof of concept to address esthetic, functional, and biologic challenges.",Journal of esthetic and restorative dentistry : official publication of the American Academy of Esthetic Dentistry ... [et al.],journalArticle,J9YVQLRA,Pelekanos 等 - 2024 - Translucent monolithic zirconia titanium‐supported FP1.pdf,EXCLUDE,证据片段中出现的具名软件为 SmileCloud 与 Dental System（3Shape），均属牙科专用软件（数字微笑设计与 CAD/CAM 牙科设计），未出现该研究自身使用的具名第三方非牙科3D软件。,-,-,-,-,"【判定】: EXCLUDE
【判定理由】: 证据片段中出现的具名软件为 SmileCloud 与 Dental System（3Shape），均属牙科专用软件（数字微笑设计与 CAD/CAM 牙科设计），未出现该研究自身使用的具名第三方非牙科3D软件。
【软件】: -
【专科】: -
【应用场景】: -
【研究设计】: -"
the effect of a convergent transmucosal neck on soft tissues and radiographic outcomes a 1 year follow up randomized controlled trial,The effect of a convergent transmucosal neck on soft tissues and radiographic outcomes: a 1-year follow-up randomized controlled trial.,Clinical oral investigations,journalArticle,VKJI7KQU,Morón-Conejo 等 - 2023 - The effect of a convergent transmucosal neck on soft tissues and radiographic outcomes a 1-year fol.pdf,EXCLUDE,该研究自身使用的软件为 Image J（图像分析）和 OraCheck（Cyfex，牙科专用口内扫描分析软件），证据片段中未出现任何具名的第三方非牙科3D软件被该研究自己使用。,-,-,-,-,"【判定】: EXCLUDE
【判定理由】: 该研究自身使用的软件为 Image J（图像分析）和 OraCheck（Cyfex，牙科专用口内扫描分析软件），证据片段中未出现任何具名的第三方非牙科3D软件被该研究自己使用。
【软件】: -
【专科】: -
【应用场景】: -
【研究设计】: -"
polyetheretherketone versus titanium cad cam framework for implant supported fixed complete dentures a retrospective study with up to 5 year follow up,Polyetheretherketone versus titanium CAD-CAM framework for implant-supported fixed complete dentures: a retrospective study with up to 5-year follow-up.,Journal of prosthodontic research,journalArticle,EF2ZZ3Y3,Wang 等 - 2022 - Polyetheretherketone versus titanium CAD-CAM framework for implant-supported fixed complete dentures.pdf,EXCLUDE,"证据片段中仅泛泛提及""CAD-CAM""作为框架加工方式（如""CAD-CAM PEEK framework""），未出现任何该研究自身使用的具名第三方非牙科3D软件名称。",-,-,-,-,"【判定】: EXCLUDE
【判定理由】: 证据片段中仅泛泛提及""CAD-CAM""作为框架加工方式（如""CAD-CAM PEEK framework""），未出现任何该研究自身使用的具名第三方非牙科3D软件名称。
【软件】: -
【专科】: -
【应用场景】: -
【研究设计】: -"
laser induced fluorescence with 2 d hilbert transform edge detection algorithm and 3d fluorescence images for white spot early recognition,Laser induced fluorescence with 2-D Hilbert transform edge detection algorithm and 3D fluorescence images for white spot early recognition.,"Spectrochimica acta. Part A, Molecular and biomolecular spectroscopy",journalArticle,VYNX95B3,El-Sharkawy和Elbasuney - 2020 - Laser induced fluorescence with 2-D Hilbert transform edge detection algorithm and 3D fluorescence i.pdf,EXCLUDE,"证据片段中唯一具名软件为 ""HSAnalysis2XL software [SOC 710 courtesy of surfaceoptics.com]""，这是高光谱成像系统自带的专用分析软件，并非原始开发领域在牙科之外的第三方非牙科3D软件（如 Mimics、3D Slicer、Geomagic 等），且该研究主要依赖自编的 2D Hilbert transform 算法。",-,-,-,-,"【判定】: EXCLUDE
【判定理由】: 证据片段中唯一具名软件为 ""HSAnalysis2XL software [SOC 710 courtesy of surfaceoptics.com]""，这是高光谱成像系统自带的专用分析软件，并非原始开发领域在牙科之外的第三方非牙科3D软件（如 Mimics、3D Slicer、Geomagic 等），且该研究主要依赖自编的 2D Hilbert transform 算法。
【软件】: -
【专科】: -
【应用场景】: -
【研究设计】: -"
marginal gap and screw loosening in cad cam materials for implant supported fixed partial dentures an in vitro study,Marginal Gap and Screw Loosening in CAD/CAM Materials for Implant-Supported Fixed Partial Dentures: An In Vitro Study.,The International journal of oral & maxillofacial implants,journalArticle,NJ8D3IDG,Aldakhili 等 - 2025 - Marginal Gap and Screw Loosening in CADCAM Materials for Implant-Supported Fixed Partial Dentures.pdf,EXCLUDE,"证据片段中仅出现牙科专用软件/设备（如 ""TRIOS 3E4 scanner""、""PrograMill PM7; Ivoclar""、""Ceramill CAD/CAM; Amann Girrbach""）及统计软件 ""SPSS""，未出现任何该研究自身使用的具名第三方非牙科3D软件。",-,-,-,-,"【判定】: EXCLUDE
【判定理由】: 证据片段中仅出现牙科专用软件/设备（如 ""TRIOS 3E4 scanner""、""PrograMill PM7; Ivoclar""、""Ceramill CAD/CAM; Amann Girrbach""）及统计软件 ""SPSS""，未出现任何该研究自身使用的具名第三方非牙科3D软件。
【软件】: -
【专科】: -
【应用场景】: -
【研究设计】: -"
artificial intelligence in dentistry a review,Artificial intelligence in dentistry-A review.,Frontiers in dental medicine,journalArticle,2PWCH3UQ,Ding 等 - 2023 - Artificial intelligence in dentistry-A review..pdf,EXCLUDE,"该文献为综述（题名""Artificial intelligence in dentistry-A review.""），且证据片段仅泛泛提及AI软件/程序（如""algorithmic research (software)""、""ELIZA""、""AlphaGo""），未显示该研究自身在材料与方法中使用具名第三方非牙科3D软件。",-,-,-,-,"【判定】: EXCLUDE
【判定理由】: 该文献为综述（题名""Artificial intelligence in dentistry-A review.""），且证据片段仅泛泛提及AI软件/程序（如""algorithmic research (software)""、""ELIZA""、""AlphaGo""），未显示该研究自身在材料与方法中使用具名第三方非牙科3D软件。
【软件】: -
【专科】: -
【应用场景】: -
【研究设计】: -"
ai driven dynamic orthodontic treatment management personalized progress tracking and adjustments a narrative review,AI-driven dynamic orthodontic treatment management: personalized progress tracking and adjustments-a narrative review.,Frontiers in dental medicine,journalArticle,JSX3JNRG,Guo和Shao - 2025 - AI-driven dynamic orthodontic treatment management personalized progress tracking and adjustments-a.pdf,EXCLUDE,"该文献为叙述性综述（题名及摘要明确为 ""a narrative review""），属于被排除的文献类型；且证据片段中仅泛泛提及 AI 模型（如 ""iMeshSegNet + PointNet-Reg""、""PointCNN + 3D U-Net""）为被引他人研究，未显示该研究自身使用具名第三方非牙科3D软件。",-,-,-,-,"【判定】: EXCLUDE
【判定理由】: 该文献为叙述性综述（题名及摘要明确为 ""a narrative review""），属于被排除的文献类型；且证据片段中仅泛泛提及 AI 模型（如 ""iMeshSegNet + PointNet-Reg""、""PointCNN + 3D U-Net""）为被引他人研究，未显示该研究自身使用具名第三方非牙科3D软件。
【软件】: -
【专科】: -
【应用场景】: -
【研究设计】: -"
zirconia cad cam machining vibrations related to zirconia blank shape and initial digital nesting,Zirconia CAD/CAM machining vibrations related to zirconia blank shape and initial digital nesting.,International journal of computerized dentistry,journalArticle,EKHK6Z2C,2023 - Zirconia CADCAM machining vibrations related to zirconia blank shape and initial digital nesting.pdf,EXCLUDE,"证据片段中仅提及""CAD/CAM milling unit""、""manufacturers' designated software""等泛泛表述，未出现任何具名的第三方非牙科3D软件（如Mimics、Geomagic等）被该研究自己使用；振动测量使用的是VB-8200振动计，非3D软件。",-,-,-,-,"【判定】: EXCLUDE
【判定理由】: 证据片段中仅提及""CAD/CAM milling unit""、""manufacturers' designated software""等泛泛表述，未出现任何具名的第三方非牙科3D软件（如Mimics、Geomagic等）被该研究自己使用；振动测量使用的是VB-8200振动计，非3D软件。
【软件】: -
【专科】: -
【应用场景】: -
【研究设计】: -"
zygoplanner a three stage graphics based framework for optimal preoperative planning of zygomatic implant placement,ZygoPlanner: A three-stage graphics-based framework for optimal preoperative planning of zygomatic implant placement.,Medical image analysis,journalArticle,9KLIBGLL,Li 等 - 2025 - ZygoPlanner A three-stage graphics-based framework for optimal preoperative planning of zygomatic i.pdf,EXCLUDE,"证据片段显示该研究提出的是自研框架""ZygoPlanner""，并声明""The source code is available at https://github.com/Haitao-Lee/auto_zygomatic_implantation""，属于自研算法/代码，未提及使用任何具名第三方非牙科3D软件。",-,-,-,-,"【判定】: EXCLUDE
【判定理由】: 证据片段显示该研究提出的是自研框架""ZygoPlanner""，并声明""The source code is available at https://github.com/Haitao-Lee/auto_zygomatic_implantation""，属于自研算法/代码，未提及使用任何具名第三方非牙科3D软件。
【软件】: -
【专科】: -
【应用场景】: -
【研究设计】: -"
suspended tissue open microfluidic patterning stomp,Suspended Tissue Open Microfluidic Patterning (STOMP).,,preprint,WKLA7YYF,Haack 等 - 2025 - Suspended Tissue Open Microfluidic Patterning (STOMP)..pdf,EXCLUDE,该文献主题为组织工程/微流控芯片（STOMP），摘要与证据片段均未涉及口腔医学；且证据片段中未出现任何该研究自身使用的具名第三方非牙科3D软件。,-,-,-,-,"【判定】: EXCLUDE
【判定理由】: 该文献主题为组织工程/微流控芯片（STOMP），摘要与证据片段均未涉及口腔医学；且证据片段中未出现任何该研究自身使用的具名第三方非牙科3D软件。
【软件】: -
【专科】: -
【应用场景】: -
【研究设计】: -"
in vitro comparison of five desktop scanners and an industrial scanner in the evaluation of an intraoral scanner accuracy,In vitro comparison of five desktop scanners and an industrial scanner in the evaluation of an intraoral scanner accuracy.,Journal of dentistry,journalArticle,ABQTSUVS,Borbola 等 - 2023 - In vitro comparison of five desktop scanners and an industrial scanner in the evaluation of an intra.pdf,EXCLUDE,"证据片段中仅提及""ATOS Core (Carl Zeiss GOM Metrology GmbH, Germany)""等扫描仪硬件及""best-fit algorithm""、""iterative closest point algorithm""等通用算法，未出现该研究自身使用的具名第三方非牙科3D软件（如GOM Inspect、Geomagic等）。",-,-,-,-,"【判定】: EXCLUDE
【判定理由】: 证据片段中仅提及""ATOS Core (Carl Zeiss GOM Metrology GmbH, Germany)""等扫描仪硬件及""best-fit algorithm""、""iterative closest point algorithm""等通用算法，未出现该研究自身使用的具名第三方非牙科3D软件（如GOM Inspect、Geomagic等）。
【软件】: -
【专科】: -
【应用场景】: -
【研究设计】: -"
rehabilitation of a patient with temporomandibular joint disorder and misocclusion requiring full mouth reconstruction based on the multidisciplinary approach a clinical case,"Rehabilitation of a Patient with Temporomandibular Joint Disorder and Misocclusion Requiring Full Mouth Reconstruction, Based on the Multidisciplinary  Approach: A Clinical Case.",European journal of dentistry,journalArticle,3NXYCN68,Dzalaeva 等 - 2021 - Rehabilitation of a Patient with Temporomandibular Joint Disorder and Misocclusion Requiring Full Mo-1.pdf,EXCLUDE,证据片段中仅提及在牙合架（articulator）中分析模型以重现下颌运动的三维模型，未出现任何具名的第三方非牙科3D软件被该研究自己使用。,-,-,-,-,"【判定】: EXCLUDE
【判定理由】: 证据片段中仅提及在牙合架（articulator）中分析模型以重现下颌运动的三维模型，未出现任何具名的第三方非牙科3D软件被该研究自己使用。
【软件】: -
【专科】: -
【应用场景】: -
【研究设计】: -"
automatic segmentation of the spinal cord nerve rootlets,Automatic segmentation of the spinal cord nerve rootlets.,"Imaging neuroscience (Cambridge, Mass.)",journalArticle,GXEXPHPL,Valošek 等 - 2024 - Automatic segmentation of the spinal cord nerve rootlets..pdf,EXCLUDE,"该研究主题为脊髓神经根分割，不属于口腔医学任一学科；且其使用的方法是自研的3D多类卷积神经网络（""train a 3D multi-class convolutional neural network""），未使用具名第三方非牙科3D软件。",-,-,-,-,"【判定】: EXCLUDE
【判定理由】: 该研究主题为脊髓神经根分割，不属于口腔医学任一学科；且其使用的方法是自研的3D多类卷积神经网络（""train a 3D multi-class convolutional neural network""），未使用具名第三方非牙科3D软件。
【软件】: -
【专科】: -
【应用场景】: -
【研究设计】: -"
development of 3d in vitro mineralized bone model to reproduce dental implants osseointegration process,Development of 3D in vitro mineralized bone model to reproduce dental implants osseointegration process.,Biofabrication,journalArticle,RBJV9U6L,Shayya 等 - 2026 - Development of 3D in vitro mineralized bone model to reproduce dental implants osseointegration proc.pdf,INCLUDE,"该研究自身在材料与方法中使用非牙科3D软件进行建模，证据片段明确写道""The scaffold was designed using AutoDesk Fusion software""。",Autodesk Fusion,Implantology,Digital design and manufacturing,in_vitro,"【判定】: INCLUDE
【判定理由】: 该研究自身在材料与方法中使用非牙科3D软件进行建模，证据片段明确写道""The scaffold was designed using AutoDesk Fusion software""。
【软件】: Autodesk Fusion
【专科】: Implantology
【应用场景】: Digital design and manufacturing
【研究设计】: in_vitro"
automated artificial intelligence driven 3 dimensional craniofacial superimposition for clinically useful treatment outcomes in growing patients a multicenter study,Automated artificial intelligence-driven 3-dimensional craniofacial superimposition for clinically useful treatment outcomes in growing patients: A  multicenter study.,"American journal of orthodontics and dentofacial orthopedics : official publication of the American Association of Orthodontists, its constituent  societies, and the American Board of Orthodontics",journalArticle,I8JFM7AT,Huang 等 - 2026 - Automated artificial intelligence–driven 3-dimensional craniofacial superimposition for clinically u.pdf,EXCLUDE,"证据片段仅提及""fully automated, open-source segmentation and registration workflow""和""AI-driven open-source tools""，未出现任何具名的第三方非牙科3D软件（如 3D Slicer、Mimics 等），无法确认该研究自身使用了具名第三方软件。",-,-,-,-,"【判定】: EXCLUDE
【判定理由】: 证据片段仅提及""fully automated, open-source segmentation and registration workflow""和""AI-driven open-source tools""，未出现任何具名的第三方非牙科3D软件（如 3D Slicer、Mimics 等），无法确认该研究自身使用了具名第三方软件。
【软件】: -
【专科】: -
【应用场景】: -
【研究设计】: -"
automated 3 d computer aided measurement of the bony orbit evaluation of correlations among volume depth and surface area,"Automated 3-D Computer-Aided Measurement of the Bony Orbit: Evaluation of Correlations among Volume, Depth, and Surface Area.",Journal of personalized medicine,journalArticle,KR5U5D8V,"Kontio 等 - 2024 - Automated 3-D Computer-Aided Measurement of the Bony Orbit Evaluation of Correlations among Volume,.pdf",EXCLUDE,"证据片段仅显示作者单位包含""Disior""公司及自研的""automated CT segmentation algorithm""，未出现任何该研究自己使用的具名第三方非牙科3D软件（如 Mimics、3D Slicer 等）。",-,-,-,-,"【判定】: EXCLUDE
【判定理由】: 证据片段仅显示作者单位包含""Disior""公司及自研的""automated CT segmentation algorithm""，未出现任何该研究自己使用的具名第三方非牙科3D软件（如 Mimics、3D Slicer 等）。
【软件】: -
【专科】: -
【应用场景】: -
【研究设计】: -"
a novel approach for determining instantaneous centers of rotation of the mandible with an intraoral scanner a preliminary study,A novel approach for determining instantaneous centers of rotation of the mandible with an intraoral scanner: A preliminary study.,PloS one,journalArticle,7GANPVVG,Safrany-Fark 等 - 2023 - A novel approach for determining instantaneous centers of rotation of the mandible with an intraoral.pdf,INCLUDE,"摘要与全文中明确写道""Blender software was used to align the meshes during the post-scan digital workflow""，即该研究自身在扫描后数字化流程中使用 Blender 进行网格对齐。",Blender,Prosthodontics,3D data analysis and accuracy assessment,clinical,"【判定】: INCLUDE
【判定理由】: 摘要与全文中明确写道""Blender software was used to align the meshes during the post-scan digital workflow""，即该研究自身在扫描后数字化流程中使用 Blender 进行网格对齐。
【软件】: Blender
【专科】: Prosthodontics
【应用场景】: 3D data analysis and accuracy assessment
【研究设计】: clinical"
a new mesoscopic parameter inverse analysis method of hydraulic concrete based on the svr hgwo intelligent algorithm,A New Mesoscopic Parameter Inverse Analysis Method of Hydraulic Concrete Based on the SVR-HGWO Intelligent Algorithm.,"Materials (Basel, Switzerland)",journalArticle,JGJ3BDPX,Zhu 等 - 2025 - A New Mesoscopic Parameter Inverse Analysis Method of Hydraulic Concrete Based on the SVR-HGWO Intel.pdf,EXCLUDE,该文献主题为水工混凝土细观参数反演（hydraulic concrete mesoscopic parameter inversion），不属于口腔医学任一学科；且证据片段中仅涉及自研的 SVR-HGWO 算法，未使用任何具名第三方非牙科3D软件。,-,-,-,-,"【判定】: EXCLUDE
【判定理由】: 该文献主题为水工混凝土细观参数反演（hydraulic concrete mesoscopic parameter inversion），不属于口腔医学任一学科；且证据片段中仅涉及自研的 SVR-HGWO 算法，未使用任何具名第三方非牙科3D软件。
【软件】: -
【专科】: -
【应用场景】: -
【研究设计】: -"
learn2talk 3d talking face learns from 2d talking face,Learn2Talk: 3D Talking Face Learns From 2D Talking Face.,IEEE transactions on visualization and computer graphics,journalArticle,DTTVRJ3T,Zhuang 等 - 2025 - Learn2Talk 3D Talking Face Learns From 2D Talking Face..pdf,EXCLUDE,该文献为计算机图形学领域的3D说话人脸动画研究，主题不属于口腔医学任一学科；且证据片段中未出现该研究自身在材料与方法中使用具名第三方非牙科3D软件的内容。,-,-,-,-,"【判定】: EXCLUDE
【判定理由】: 该文献为计算机图形学领域的3D说话人脸动画研究，主题不属于口腔医学任一学科；且证据片段中未出现该研究自身在材料与方法中使用具名第三方非牙科3D软件的内容。
【软件】: -
【专科】: -
【应用场景】: -
【研究设计】: -"
three dimensional in vitro model of bone metastases of neuroblastoma as a tool for pharmacological evaluations,Three-dimensional in vitro model of bone metastases of neuroblastoma as a tool for pharmacological evaluations.,Nanotheranostics,journalArticle,LXMJULLQ,Aveic 等 - 2024 - Three-dimensional in vitro model of bone metastases of neuroblastoma as a tool for pharmacological e.pdf,EXCLUDE,该研究主题为神经母细胞瘤骨转移的体外3D模型用于药理学评价，不属于口腔医学任一学科；且证据中仅出现Fiji ImageJ（图像分析）和GraphPad Prism（统计），未使用具名第三方非牙科3D软件进行3D数据处理、分析、建模或测量。,-,-,-,-,"【判定】: EXCLUDE
【判定理由】: 该研究主题为神经母细胞瘤骨转移的体外3D模型用于药理学评价，不属于口腔医学任一学科；且证据中仅出现Fiji ImageJ（图像分析）和GraphPad Prism（统计），未使用具名第三方非牙科3D软件进行3D数据处理、分析、建模或测量。
【软件】: -
【专科】: -
【应用场景】: -
【研究设计】: -"
weakly supervised low dose computed tomography denoising based on generative adversarial networks,Weakly supervised low-dose computed tomography denoising based on generative adversarial networks.,Quantitative imaging in medicine and surgery,journalArticle,V4USF3XY,Liao 等 - 2024 - Weakly supervised low-dose computed tomography denoising based on generative adversarial networks.pdf,EXCLUDE,"该研究提出的是自研的生成对抗网络框架（""we propose a LDCT denoising network (DNCNN)""），证据片段中未出现任何具名的第三方非牙科3D软件被该研究自己使用；且主题为CT去噪，不属于口腔医学。",-,-,-,-,"【判定】: EXCLUDE
【判定理由】: 该研究提出的是自研的生成对抗网络框架（""we propose a LDCT denoising network (DNCNN)""），证据片段中未出现任何具名的第三方非牙科3D软件被该研究自己使用；且主题为CT去噪，不属于口腔医学。
【软件】: -
【专科】: -
【应用场景】: -
【研究设计】: -"
vt 3dcapsnet visual tempos 3d capsule network for video based facial expression recognition,VT-3DCapsNet: Visual tempos 3D-Capsule network for video-based facial expression recognition.,PloS one,journalArticle,J5E8FSNA,Li 等 - 2024 - VT-3DCapsNet Visual tempos 3D-Capsule network for video-based facial expression recognition..pdf,EXCLUDE,"该研究提出自研的 VT-3DCapsNet 框架（""we propose a visual tempos 3D-CapsNet framework(VT-3DCapsNet)""），仅使用自编代码与模型（""Our code and models are available at https://github.com/shmtu-lz/vt-3dCapsNet.git""），未使用任何具名第三方非牙科3D软件。",-,-,-,-,"【判定】: EXCLUDE
【判定理由】: 该研究提出自研的 VT-3DCapsNet 框架（""we propose a visual tempos 3D-CapsNet framework(VT-3DCapsNet)""），仅使用自编代码与模型（""Our code and models are available at https://github.com/shmtu-lz/vt-3dCapsNet.git""），未使用任何具名第三方非牙科3D软件。
【软件】: -
【专科】: -
【应用场景】: -
【研究设计】: -"
a systematic approach of data collection and analysis in medical imaging research,A Systematic Approach of Data Collection and Analysis in Medical Imaging Research.,Asian Pacific journal of cancer prevention : APJCP,journalArticle,PMW9788C,K N 等 - 2021 - A Systematic Approach of Data Collection and Analysis in Medical Imaging Research..pdf,EXCLUDE,"证据片段中仅泛泛提及""automated software (CADe)""，未给出任何具名的第三方非牙科3D软件，且该研究主题为结肠CT影像分析，不属于口腔医学。",-,-,-,-,"【判定】: EXCLUDE
【判定理由】: 证据片段中仅泛泛提及""automated software (CADe)""，未给出任何具名的第三方非牙科3D软件，且该研究主题为结肠CT影像分析，不属于口腔医学。
【软件】: -
【专科】: -
【应用场景】: -
【研究设计】: -"
a potential method for sex estimation of human skeletons using deep learning and three dimensional surface scanning,A potential method for sex estimation of human skeletons using deep learning and three-dimensional surface scanning.,International journal of legal medicine,journalArticle,BA257B5Q,Cao 等 - 2021 - A potential method for sex estimation of human skeletons using deep learning and three-dimensional s.pdf,EXCLUDE,"该文献主题为法医人类学中的骨盆性别估计（""pelvic sex estimation""），不属于口腔医学任一学科；且证据片段中出现的 VGSTUDIO MAX 来自另一篇关于牙槽骨再生的文献，并非本研究自身使用。",-,-,-,-,"【判定】: EXCLUDE
【判定理由】: 该文献主题为法医人类学中的骨盆性别估计（""pelvic sex estimation""），不属于口腔医学任一学科；且证据片段中出现的 VGSTUDIO MAX 来自另一篇关于牙槽骨再生的文献，并非本研究自身使用。
【软件】: -
【专科】: -
【应用场景】: -
【研究设计】: -"
the 3d theory of osseointegration material topography and time as interdependent determinants of bone implant integration,"The 3D theory of osseointegration: material, topography, and time as interdependent determinants of bone-implant integration.",International journal of implant dentistry,journalArticle,UKMQES7K,"Ogawa 等 - 2025 - The 3D theory of osseointegration material, topography, and time as interdependent determinants of.pdf",EXCLUDE,"该文献为综述（摘要明确为""This review introduces the 3D Theory of Osseointegration""），不符合原创研究/技术说明/病例报告的纳入类型；且证据片段中仅泛泛提及""software algorithms""影响Sa值，未显示该研究自身使用任何具名第三方非牙科3D软件。",-,-,-,-,"【判定】: EXCLUDE
【判定理由】: 该文献为综述（摘要明确为""This review introduces the 3D Theory of Osseointegration""），不符合原创研究/技术说明/病例报告的纳入类型；且证据片段中仅泛泛提及""software algorithms""影响Sa值，未显示该研究自身使用任何具名第三方非牙科3D软件。
【软件】: -
【专科】: -
【应用场景】: -
【研究设计】: -"
pressure based finite element analysis of setup distance in clear aligner canine retraction comparing bodily and tipping movements,Pressure-based finite element analysis of setup distance in clear aligner canine retraction comparing bodily and tipping movements.,Scientific reports,journalArticle,IYKJ62I6,Kim 等 - 2026 - Pressure-based finite element analysis of setup distance in clear aligner canine retraction comparin.pdf,EXCLUDE,"证据片段仅显示该研究构建了三维有限元模型（""Three-dimensional finite element models were constructed""），但未提及任何具名的第三方非牙科3D软件（如 Mimics、ANSYS、ABAQUS 等）被该研究自己使用。",-,-,-,-,"【判定】: EXCLUDE
【判定理由】: 证据片段仅显示该研究构建了三维有限元模型（""Three-dimensional finite element models were constructed""），但未提及任何具名的第三方非牙科3D软件（如 Mimics、ANSYS、ABAQUS 等）被该研究自己使用。
【软件】: -
【专科】: -
【应用场景】: -
【研究设计】: -"
three dimensional evaluation of maxillofacial symmetry improvement following orthognathic surgery in patients with asymmetrical jaw deformities,Three-dimensional evaluation of maxillofacial symmetry improvement following orthognathic surgery in patients with asymmetrical jaw deformities.,Oral and maxillofacial surgery,journalArticle,TIDGASTP,Zheng 等 - 2024 - Three-dimensional evaluation of maxillofacial symmetry improvement following orthognathic surgery in.pdf,EXCLUDE,"该研究自己使用的软件为 ""PROPLAN CMF, ver.3.0.1, Materialise""，属于牙科/颌面外科专用软件，不符合""非牙科3D软件""的纳入标准；SPSS 仅用于统计分析而非3D数据处理。",-,-,-,-,"【判定】: EXCLUDE
【判定理由】: 该研究自己使用的软件为 ""PROPLAN CMF, ver.3.0.1, Materialise""，属于牙科/颌面外科专用软件，不符合""非牙科3D软件""的纳入标准；SPSS 仅用于统计分析而非3D数据处理。
【软件】: -
【专科】: -
【应用场景】: -
【研究设计】: -"
a systematic review of research on guided access cavity preparation endodontic treatment dentin preservation perspectives,A Systematic Review of Research on Guided Access Cavity Preparation Endodontic Treatment: Dentin Preservation Perspectives.,"Clinical, cosmetic and investigational dentistry",journalArticle,EH5DZEUW,Muryani 等 - 2025 - A Systematic Review of Research on Guided Access Cavity Preparation Endodontic Treatment Dentin Pre.pdf,EXCLUDE,"该文献题名与摘要明确为 ""A Systematic Review""，属于系统综述，不符合纳入标准第3条（排除综述/系统综述）；且证据片段中的软件（如 coDiagnostiX、Blue Sky Plan、Navident）均为被综述的他人研究所用，非该研究自身使用。",-,-,-,-,"【判定】: EXCLUDE
【判定理由】: 该文献题名与摘要明确为 ""A Systematic Review""，属于系统综述，不符合纳入标准第3条（排除综述/系统综述）；且证据片段中的软件（如 coDiagnostiX、Blue Sky Plan、Navident）均为被综述的他人研究所用，非该研究自身使用。
【软件】: -
【专科】: -
【应用场景】: -
【研究设计】: -"
a dual branch deep learning framework with explainability for dental caries classification using intra oral photographs and radiographs,A Dual-Branch Deep Learning Framework with Explainability for Dental Caries Classification Using Intra-Oral Photographs and Radiographs.,Journal of imaging,journalArticle,4VSIKKF2,Ren和Chen - 2026 - A Dual-Branch Deep Learning Framework with Explainability for Dental Caries Classification Using Int.pdf,EXCLUDE,"该研究仅提出并使用自研的深度学习框架（""DBAttNet, a dual-branch attention network""）及自编增强策略，证据片段中未出现任何具名第三方非牙科3D软件被该研究自身使用。",-,-,-,-,"【判定】: EXCLUDE
【判定理由】: 该研究仅提出并使用自研的深度学习框架（""DBAttNet, a dual-branch attention network""）及自编增强策略，证据片段中未出现任何具名第三方非牙科3D软件被该研究自身使用。
【软件】: -
【专科】: -
【应用场景】: -
【研究设计】: -"
fractured full arch tooth supported zirconia bridge thin design surface damage and excessive cement layer thickness,"Fractured Full-Arch Tooth-Supported Zirconia Bridge: Thin Design, Surface Damage, and Excessive Cement Layer Thickness.",Reports (MDPI),journalArticle,JANGC8LD,"Tribst 等 - 2026 - Fractured Full-Arch Tooth-Supported Zirconia Bridge Thin Design, Surface Damage, and Excessive Ceme.pdf",INCLUDE,"该研究自身将原始 STL 文件导入 Rhinoceros 软件进行桥体设计检查，原文为 ""The digital file was imported into a Computer-Aided Design (CAD) software (Rhinoceros, Version 5.0, Robert McNeel & Associates, 2012), where a detailed inspection of the bridge design was conducted.""",Rhinoceros,Prosthodontics,3D data analysis and accuracy assessment,case_report,"【判定】: INCLUDE
【判定理由】: 该研究自身将原始 STL 文件导入 Rhinoceros 软件进行桥体设计检查，原文为 ""The digital file was imported into a Computer-Aided Design (CAD) software (Rhinoceros, Version 5.0, Robert McNeel & Associates, 2012), where a detailed inspection of the bridge design was conducted.""
【软件】: Rhinoceros
【专科】: Prosthodontics
【应用场景】: 3D data analysis and accuracy assessment
【研究设计】: case_report"
next generation oral delivery systems phytosomal hinokitiol tablets via regemat 3d bioprinter based 3d printing for enhanced bioavailability,Next-Generation Oral Delivery Systems: Phytosomal Hinokitiol Tablets via REGEMAT 3D Bioprinter-Based 3D Printing for Enhanced Bioavailability.,Scientifica,journalArticle,SPCXVCQA,Asar 等 - 2025 - Next-Generation Oral Delivery Systems Phytosomal Hinokitiol Tablets via REGEMAT 3D Bioprinter-Based.pdf,EXCLUDE,该研究主题为药物制剂（3D打印口服片剂），不属于口腔医学任一学科；且所用软件（REGEMAT 3D Designer、Desmond、PKsolver 等）均非用于口腔3D数据处理。,-,-,-,-,"【判定】: EXCLUDE
【判定理由】: 该研究主题为药物制剂（3D打印口服片剂），不属于口腔医学任一学科；且所用软件（REGEMAT 3D Designer、Desmond、PKsolver 等）均非用于口腔3D数据处理。
【软件】: -
【专科】: -
【应用场景】: -
【研究设计】: -"
influence of different education approaches on the implantation performance of dental practitioners in aesthetic zone,Influence of different education approaches on the implantation performance of dental practitioners in aesthetic zone.,Journal of dental education,journalArticle,ZPHWMMKX,Wu 等 - 2023 - Influence of different education approaches on the implantation performance of dental practitioners.pdf,INCLUDE,"该研究自身在方法中使用""3D analysis software (Geomagic Studio, Raindrop, USA)""对植入与规划种植体位置进行叠加比较，Geomagic Studio 为非牙科第三方3D软件。",Geomagic Studio,Implantology,3D data analysis and accuracy assessment,educational,"【判定】: INCLUDE
【判定理由】: 该研究自身在方法中使用""3D analysis software (Geomagic Studio, Raindrop, USA)""对植入与规划种植体位置进行叠加比较，Geomagic Studio 为非牙科第三方3D软件。
【软件】: Geomagic Studio
【专科】: Implantology
【应用场景】: 3D data analysis and accuracy assessment
【研究设计】: educational"
synergistic angio osteogenic effects of copper releasing 3d biocomposite scaffolds a step toward vascularized bone regeneration,Synergistic Angio-Osteogenic Effects of Copper-Releasing 3D Biocomposite Scaffolds: A Step Toward Vascularized Bone Regeneration.,,preprint,UH7K4N37,Baghaei 等 - 2025 - Synergistic Angio-Osteogenic Effects of Copper-Releasing 3D Biocomposite Scaffolds A Step Toward Va.pdf,EXCLUDE,"证据片段中仅提及""Multiplanar reconstructions were generated and analyzed in three orthogonal planes""，未出现任何具名的第三方非牙科3D软件；其余片段涉及接触角、失重降解及参考文献，均无软件使用证据。",-,-,-,-,"【判定】: EXCLUDE
【判定理由】: 证据片段中仅提及""Multiplanar reconstructions were generated and analyzed in three orthogonal planes""，未出现任何具名的第三方非牙科3D软件；其余片段涉及接触角、失重降解及参考文献，均无软件使用证据。
【软件】: -
【专科】: -
【应用场景】: -
【研究设计】: -"
virtual tumor mapping and margin control with 3 d planning and navigation,Virtual tumor mapping and margin control with 3-D planning and navigation.,Innovative surgical sciences,journalArticle,LHESLXK6,Steybe 等 - 2024 - Virtual tumor mapping and margin control with 3-D planning and navigation..pdf,EXCLUDE,"该文献为综述（摘要明确写明 ""This review article gives an overview of current technologies and future directions""），且证据片段中仅泛泛提及 ""intraoral scanners"" 及其附带软件，未指明该研究自身使用的具名第三方非牙科3D软件。",-,-,-,-,"【判定】: EXCLUDE
【判定理由】: 该文献为综述（摘要明确写明 ""This review article gives an overview of current technologies and future directions""），且证据片段中仅泛泛提及 ""intraoral scanners"" 及其附带软件，未指明该研究自身使用的具名第三方非牙科3D软件。
【软件】: -
【专科】: -
【应用场景】: -
【研究设计】: -"
assessment of chatgpt performance in orbital mri reporting with multimetric evaluation of transformer based language models,Assessment of ChatGPT performance in orbital MRI reporting with multimetric evaluation of transformer based language models.,Scientific reports,journalArticle,CNFZ2T2N,Tel 等 - 2025 - Assessment of ChatGPT performance in orbital MRI reporting with multimetric evaluation of transforme.pdf,EXCLUDE,"该研究自身并未使用具名第三方非牙科3D软件，3D Slicer 仅在讨论中作为""external tools such as MONAI Label (Linux Foundation AI), 3D Slicer (Brigham and Women's Hospital, USA) or nnU-Net""被泛泛提及，且研究主题为眼眶MRI报告，不属于口腔医学。",-,-,-,-,"【判定】: EXCLUDE
【判定理由】: 该研究自身并未使用具名第三方非牙科3D软件，3D Slicer 仅在讨论中作为""external tools such as MONAI Label (Linux Foundation AI), 3D Slicer (Brigham and Women's Hospital, USA) or nnU-Net""被泛泛提及，且研究主题为眼眶MRI报告，不属于口腔医学。
【软件】: -
【专科】: -
【应用场景】: -
【研究设计】: -"
semi automated three dimensional analysis of maxillary anomalies in patients with muenke syndrome saethre chotzen syndrome or tcf12 related craniosynostosis a retrospective study,"Semi-automated three-dimensional analysis of maxillary anomalies in patients with Muenke syndrome, Saethre-Chotzen syndrome or TCF12-related craniosynostosis: A  retrospective study.",Journal of cranio-maxillo-facial surgery : official publication of the European Association for Cranio-Maxillo-Facial Surgery,journalArticle,QJG6B55I,"Choi 等 - 2025 - Semi-automated three-dimensional analysis of maxillary anomalies in patients with Muenke syndrome, S.pdf",INCLUDE,"该研究自身在方法中使用具名第三方非牙科3D软件进行3D数据处理，原文明确写道 ""The symmetry analysis of the maxilla was performed with the use of custom-made software created with MATLAB (MATLAB, 2023a; The Mathworks, Inc., Natick, Massachusetts, USA).""",MATLAB,Orthodontics,3D data analysis and accuracy assessment,clinical,"【判定】: INCLUDE
【判定理由】: 该研究自身在方法中使用具名第三方非牙科3D软件进行3D数据处理，原文明确写道 ""The symmetry analysis of the maxilla was performed with the use of custom-made software created with MATLAB (MATLAB, 2023a; The Mathworks, Inc., Natick, Massachusetts, USA).""
【软件】: MATLAB
【专科】: Orthodontics
【应用场景】: 3D data analysis and accuracy assessment
【研究设计】: clinical"
optimization of smoothing parameter for block matching and 3d filtering algorithm in low dose chest and abdominal computed tomography images,Optimization of smoothing parameter for block matching and 3D filtering algorithm in low-dose chest and abdominal computed tomography images.,"Applied radiation and isotopes : including data, instrumentation and methods for use in agriculture, industry and medicine",journalArticle,EJ9XFDS7,Park 等 - 2024 - Optimization of smoothing parameter for block matching and 3D filtering algorithm in low-dose chest.pdf,EXCLUDE,该研究主题为低剂量胸部与腹部CT图像去噪（BM3D算法参数优化），不属于口腔医学任一学科；且证据片段中未见该研究自身使用任何具名第三方非牙科3D软件。,-,-,-,-,"【判定】: EXCLUDE
【判定理由】: 该研究主题为低剂量胸部与腹部CT图像去噪（BM3D算法参数优化），不属于口腔医学任一学科；且证据片段中未见该研究自身使用任何具名第三方非牙科3D软件。
【软件】: -
【专科】: -
【应用场景】: -
【研究设计】: -"
marginal gap of three dimensional printed full arch frameworks supported by all on four and all on six implant designs,Marginal gap of three-dimensional printed full-arch frameworks supported by all-on-four and all-on-six implant designs.,Journal of Indian Prosthodontic Society,journalArticle,S3UIDDAH,Silva 等 - 2025 - Marginal gap of three-dimensional printed full-arch frameworks supported by all-on-four and all-on-s.pdf,EXCLUDE,该研究仅使用了牙科专用CAD软件（Ceramill Mind; Amann Girrbach）进行设计，以及SPSS和G*Power等统计软件，未使用任何具名的第三方非牙科3D软件。,-,-,-,-,"【判定】: EXCLUDE
【判定理由】: 该研究仅使用了牙科专用CAD软件（Ceramill Mind; Amann Girrbach）进行设计，以及SPSS和G*Power等统计软件，未使用任何具名的第三方非牙科3D软件。
【软件】: -
【专科】: -
【应用场景】: -
【研究设计】: -"
an open source restraint system for magnetic resonance imaging in awake rats,An Open-Source Restraint System for Magnetic Resonance Imaging in Awake Rats.,eNeuro,journalArticle,SFC8ABM6,Quansah Amissah 等 - 2026 - An Open-Source Restraint System for Magnetic Resonance Imaging in Awake Rats.pdf,EXCLUDE,该研究主题为清醒大鼠fMRI的磁共振成像固定系统，不属于口腔医学任一学科；且所用软件（RABIES、MATLAB、SPSS）均非用于口腔3D数据处理。,-,-,-,-,"【判定】: EXCLUDE
【判定理由】: 该研究主题为清醒大鼠fMRI的磁共振成像固定系统，不属于口腔医学任一学科；且所用软件（RABIES、MATLAB、SPSS）均非用于口腔3D数据处理。
【软件】: -
【专科】: -
【应用场景】: -
【研究设计】: -"
monitoring the calibration of in office 3d printers,Monitoring the Calibration of In-Office 3D Printers.,Dentistry journal,journalArticle,YZQT6Z4B,Mukherjee 等 - 2023 - Monitoring the Calibration of In-Office 3D Printers..pdf,EXCLUDE,"该研究仅使用切片软件 Chitubox（""Slicing software (Chitubox, Shenzhen, China) for designing""），属于牙科/3D打印专用软件，未使用任何具名的第三方非牙科3D软件。",-,-,-,-,"【判定】: EXCLUDE
【判定理由】: 该研究仅使用切片软件 Chitubox（""Slicing software (Chitubox, Shenzhen, China) for designing""），属于牙科/3D打印专用软件，未使用任何具名的第三方非牙科3D软件。
【软件】: -
【专科】: -
【应用场景】: -
【研究设计】: -"
cmri2spec cine mri sequence to spectrogram synthesis via a pairwise heterogeneous translator,CMRI2SPEC: CINE MRI SEQUENCE TO SPECTROGRAM SYNTHESIS VIA A PAIRWISE HETEROGENEOUS TRANSLATOR.,"Proceedings of the ... IEEE International Conference on Acoustics, Speech, and Signal Processing. ICASSP (Conference)",journalArticle,FGBX8XQ4,Liu 等 - 2022 - CMRI2SPEC CINE MRI SEQUENCE TO SPECTROGRAM SYNTHESIS VIA A PAIRWISE HETEROGENEOUS TRANSLATOR..pdf,EXCLUDE,该研究属于语音合成/多模态表征学习领域，摘要与证据片段均围绕 cine MRI 到 spectrogram 的转换网络（3D CNN encoder、deconvolutional layers），未涉及口腔医学主题，也未使用任何具名第三方非牙科3D软件。,-,-,-,-,"【判定】: EXCLUDE
【判定理由】: 该研究属于语音合成/多模态表征学习领域，摘要与证据片段均围绕 cine MRI 到 spectrogram 的转换网络（3D CNN encoder、deconvolutional layers），未涉及口腔医学主题，也未使用任何具名第三方非牙科3D软件。
【软件】: -
【专科】: -
【应用场景】: -
【研究设计】: -"
fepse 3 nanosheets integrated cryogenic 3d printed multifunctional calcium phosphate scaffolds for synergistic therapy of osteosarcoma,FePSe(3) -Nanosheets-Integrated Cryogenic-3D-Printed Multifunctional Calcium Phosphate Scaffolds for Synergistic Therapy of Osteosarcoma.,"Small (Weinheim an der Bergstrasse, Germany)",journalArticle,CF4DWYCA,Xu 等 - 2023 - FePSe3 ‐Nanosheets‐Integrated Cryogenic‐3D‐Printed Multifunctional Calcium Phosphate Scaf.pdf,EXCLUDE,该研究主题为骨肉瘤治疗与骨缺损修复的支架材料，不属于口腔医学任一学科；且证据中仅出现 ImageJ 用于免疫组化定量分析，无具名第三方非牙科3D软件用于3D数据处理。,-,-,-,-,"【判定】: EXCLUDE
【判定理由】: 该研究主题为骨肉瘤治疗与骨缺损修复的支架材料，不属于口腔医学任一学科；且证据中仅出现 ImageJ 用于免疫组化定量分析，无具名第三方非牙科3D软件用于3D数据处理。
【软件】: -
【专科】: -
【应用场景】: -
【研究设计】: -"
text guided inpainting for aesthetic prediction in orthofacial surgery a patient centered ai approach,Text-Guided Inpainting for Aesthetic Prediction in Orthofacial Surgery: A Patient-Centered AI Approach.,"Medicina (Kaunas, Lithuania)",journalArticle,DDDBP7D4,Abbate 等 - 2025 - Text-Guided Inpainting for Aesthetic Prediction in Orthofacial Surgery A Patient-Centered AI Approa.pdf,EXCLUDE,"该研究仅使用生成式AI平台 DALL-E2 进行文本引导的图像修复，证据片段中""a side-view photo was taken...The photos were then imported into the DALL-E2 platform""表明其未使用任何具名的第三方非牙科三维（3D）软件进行3D数据处理、分析、建模或测量。",-,-,-,-,"【判定】: EXCLUDE
【判定理由】: 该研究仅使用生成式AI平台 DALL-E2 进行文本引导的图像修复，证据片段中""a side-view photo was taken...The photos were then imported into the DALL-E2 platform""表明其未使用任何具名的第三方非牙科三维（3D）软件进行3D数据处理、分析、建模或测量。
【软件】: -
【专科】: -
【应用场景】: -
【研究设计】: -"
age related changes in the parotid gland a computed tomography based radiomics study,Age-related changes in the parotid gland: a computed tomography-based radiomics study.,Quantitative imaging in medicine and surgery,journalArticle,JB6FVHV7,Lin 等 - 2026 - Age-related changes in the parotid gland a computed tomography-based radiomics study.pdf,INCLUDE,"该研究自身在方法中使用具名第三方非牙科3D软件进行分割与质控，原文明确写道""segmented automatically on CT images using the TotalSegmentator deep learning model (8) implemented in 3D Slicer""以及""double-checked manually using 3D Slicer (version 5.6.2)""。",3D Slicer,Oral and Maxillofacial Radiology,Image segmentation and 3D reconstruction,computational,"【判定】: INCLUDE
【判定理由】: 该研究自身在方法中使用具名第三方非牙科3D软件进行分割与质控，原文明确写道""segmented automatically on CT images using the TotalSegmentator deep learning model (8) implemented in 3D Slicer""以及""double-checked manually using 3D Slicer (version 5.6.2)""。
【软件】: 3D Slicer
【专科】: Oral and Maxillofacial Radiology
【应用场景】: Image segmentation and 3D reconstruction
【研究设计】: computational"
predictive modelling of metabolic syndrome in ghanaian diabetic patients an ensemble machine learning approach,Predictive modelling of metabolic syndrome in Ghanaian diabetic patients: an ensemble machine learning approach.,Journal of diabetes and metabolic disorders,journalArticle,BRBZAMYJ,Acheampong 等 - 2024 - Predictive modelling of metabolic syndrome in Ghanaian diabetic patients an ensemble machine learni.pdf,EXCLUDE,"该研究主题为加纳糖尿病患者代谢综合征的机器学习预测模型，不属于口腔医学任一学科；证据片段中仅提及""Statistical analysis was performed in R version 4.3.3""及BORUTA算法等，无任何具名第三方非牙科3D软件用于3D数据处理。",-,-,-,-,"【判定】: EXCLUDE
【判定理由】: 该研究主题为加纳糖尿病患者代谢综合征的机器学习预测模型，不属于口腔医学任一学科；证据片段中仅提及""Statistical analysis was performed in R version 4.3.3""及BORUTA算法等，无任何具名第三方非牙科3D软件用于3D数据处理。
【软件】: -
【专科】: -
【应用场景】: -
【研究设计】: -"
feasibility study and material selection for powder bed fusion process in printing of denture clasps,Feasibility study and material selection for powder-bed fusion process in printing of denture clasps.,Computers in biology and medicine,journalArticle,26HSVAMX,Ma 等 - 2023 - Feasibility study and material selection for powder-bed fusion process in printing of denture clasps.pdf,INCLUDE,"该研究自身在方法中使用""reverse engineering software (Geomagic Studio 2014, 3D Systems, US)""和""preparation software (Magics 21.0, Materialise, Belgium)""进行3D数据处理与建模。",Geomagic Studio 2014; Magics 21.0,Prosthodontics,Digital design and manufacturing,in_vitro,"【判定】: INCLUDE
【判定理由】: 该研究自身在方法中使用""reverse engineering software (Geomagic Studio 2014, 3D Systems, US)""和""preparation software (Magics 21.0, Materialise, Belgium)""进行3D数据处理与建模。
【软件】: Geomagic Studio 2014; Magics 21.0
【专科】: Prosthodontics
【应用场景】: Digital design and manufacturing
【研究设计】: in_vitro"
efficacy and safety of low concentration whitestrips for extrinsic tooth discoloration a randomized controlled trial,Efficacy and safety of low-concentration whitestrips for extrinsic tooth discoloration: a randomized controlled trial.,Frontiers in oral health,journalArticle,7LAYD684,Wang 等 - 2026 - Efficacy and safety of low-concentration whitestrips for extrinsic tooth discoloration a randomized.pdf,EXCLUDE,"证据片段中仅出现统计软件""SAS9.4 and python3.6.6 were used as statistic software""，不属于具名第三方非牙科三维（3D）软件，且未用于3D数据处理、分析、建模或测量。",-,-,-,-,"【判定】: EXCLUDE
【判定理由】: 证据片段中仅出现统计软件""SAS9.4 and python3.6.6 were used as statistic software""，不属于具名第三方非牙科三维（3D）软件，且未用于3D数据处理、分析、建模或测量。
【软件】: -
【专科】: -
【应用场景】: -
【研究设计】: -"
is a standardised severity index needed in unicoronal craniosynostosis challenges in developing an objective metric,Is a standardised severity index needed in unicoronal craniosynostosis? Challenges in developing an objective metric.,Child's nervous system : ChNS : official journal of the International Society for Pediatric Neurosurgery,journalArticle,7P53GXNZ,van der Straeten 等 - 2026 - Is a standardised severity index needed in unicoronal craniosynostosis Challenges in developing an.pdf,INCLUDE,"该研究自身在方法中使用 3D Slicer 进行颅骨分割（""Each skull was segmented using 3DSlicer [34] by using the thresholding tool""），并使用 Meshmixer 修复网格（""Large holes were manually restored using Meshmixer""）。",3D Slicer; Meshmixer,Oral and Maxillofacial Surgery,Image segmentation and 3D reconstruction,computational,"【判定】: INCLUDE
【判定理由】: 该研究自身在方法中使用 3D Slicer 进行颅骨分割（""Each skull was segmented using 3DSlicer [34] by using the thresholding tool""），并使用 Meshmixer 修复网格（""Large holes were manually restored using Meshmixer""）。
【软件】: 3D Slicer; Meshmixer
【专科】: Oral and Maxillofacial Surgery
【应用场景】: Image segmentation and 3D reconstruction
【研究设计】: computational"
influence of splinting scan bodies or incorporating three dimensionally printed scan aids on the trueness of complete arch digital scans,Influence of splinting scan bodies or incorporating three-dimensionally printed scan aids on the trueness of complete arch digital scans.,The Journal of prosthetic dentistry,journalArticle,YCBI9HI4,Bader Eddin和Önöral - 2024 - Influence of splinting scan bodies or incorporating three-dimensionally printed scan aids on the tru.pdf,INCLUDE,"该研究自身在材料与方法中使用具名第三方非牙科3D软件 SolidWorks 进行扫描辅助装置和定制扫描杆的虚拟设计（""the custom scan bodies with a lateral extension were virtually designed (SolidWorks; Dassault Systèmes)""）。",SolidWorks,Prosthodontics,Digital design and manufacturing,in_vitro,"【判定】: INCLUDE
【判定理由】: 该研究自身在材料与方法中使用具名第三方非牙科3D软件 SolidWorks 进行扫描辅助装置和定制扫描杆的虚拟设计（""the custom scan bodies with a lateral extension were virtually designed (SolidWorks; Dassault Systèmes)""）。
【软件】: SolidWorks
【专科】: Prosthodontics
【应用场景】: Digital design and manufacturing
【研究设计】: in_vitro"
fractional flow reserve measurement using dynamic ct perfusion imaging in patients with coronary artery disease,Fractional flow reserve measurement using dynamic CT perfusion imaging in patients with coronary artery disease.,Radiology advances,journalArticle,SY9W9NT6,So 等 - 2024 - Fractional flow reserve measurement using dynamic CT perfusion imaging in patients with coronary art-1.pdf,EXCLUDE,"该研究主题为冠状动脉疾病（CAD）的血流储备分数测量，不属于口腔医学任一学科；且其使用的是""An in-house software based on the CT-DAI algorithm""，属于自研算法，未使用具名第三方非牙科3D软件。",-,-,-,-,"【判定】: EXCLUDE
【判定理由】: 该研究主题为冠状动脉疾病（CAD）的血流储备分数测量，不属于口腔医学任一学科；且其使用的是""An in-house software based on the CT-DAI algorithm""，属于自研算法，未使用具名第三方非牙科3D软件。
【软件】: -
【专科】: -
【应用场景】: -
【研究设计】: -"
how the geometry of the scan body affects the accuracy of digital impressions in implant supported prosthesis in vitro study,How the geometry of the scan body affects the accuracy of digital impressions in implant supported prosthesis. In vitro study.,Journal of clinical and experimental dentistry,journalArticle,38T2278K,Alvarez 等 - 2022 - How the geometry of the scan body affects the accuracy of digital impressions in implant supported p.pdf,EXCLUDE,"该研究自身使用的是牙科专用软件 ""Exocad (DentalDB 1.0 5585)"" 进行扫描处理与 best fit，而 Geomagic Qualify 仅在讨论中作为他人可用的方法被泛泛提及（""There are others methods, like Geomagic Qualify ®software""），并非该研究自己使用。",-,-,-,-,"【判定】: EXCLUDE
【判定理由】: 该研究自身使用的是牙科专用软件 ""Exocad (DentalDB 1.0 5585)"" 进行扫描处理与 best fit，而 Geomagic Qualify 仅在讨论中作为他人可用的方法被泛泛提及（""There are others methods, like Geomagic Qualify ®software""），并非该研究自己使用。
【软件】: -
【专科】: -
【应用场景】: -
【研究设计】: -"
point annotation supervision for robust 3d pulmonary infection segmentation by ct based cascading deep learning,Point-annotation supervision for robust 3D pulmonary infection segmentation by CT-based cascading deep learning.,Computers in biology and medicine,journalArticle,ID72PB6W,Chu 等 - 2025 - Point-annotation supervision for robust 3D pulmonary infection segmentation by CT-based cascading de.pdf,EXCLUDE,"该研究主题为肺部感染CT分割（pulmonary infection segmentation），不属于口腔医学任一学科；且证据片段中仅涉及自研的""cascading point-annotation framework""深度学习框架，未使用任何具名第三方非牙科3D软件。",-,-,-,-,"【判定】: EXCLUDE
【判定理由】: 该研究主题为肺部感染CT分割（pulmonary infection segmentation），不属于口腔医学任一学科；且证据片段中仅涉及自研的""cascading point-annotation framework""深度学习框架，未使用任何具名第三方非牙科3D软件。
【软件】: -
【专科】: -
【应用场景】: -
【研究设计】: -"
mechanical performance and fracture behavior of fixed dental prostheses under bending loads an in vitro comparative study,Mechanical Performance and Fracture Behavior of Fixed Dental Prostheses Under Bending Loads: An In Vitro Comparative Study.,Dentistry journal,journalArticle,RK8ATZV8,Boanca 等 - 2026 - Mechanical Performance and Fracture Behavior of Fixed Dental Prostheses Under Bending Loads An In V.pdf,EXCLUDE,"证据片段中仅提及""CAD/CAM""技术及""GraphPad Prism""统计软件，未出现任何具名的第三方非牙科三维软件被该研究自身用于3D数据处理、分析或测量。",-,-,-,-,"【判定】: EXCLUDE
【判定理由】: 证据片段中仅提及""CAD/CAM""技术及""GraphPad Prism""统计软件，未出现任何具名的第三方非牙科三维软件被该研究自身用于3D数据处理、分析或测量。
【软件】: -
【专科】: -
【应用场景】: -
【研究设计】: -"
pva based formulations as a design technology platform for orally disintegrating film matrices,PVA-based formulations as a design-technology platform for orally disintegrating film matrices.,International journal of pharmaceutics,journalArticle,QFUV2EYX,Kozakiewicz-Latała 等 - 2024 - PVA-based formulations as a design-technology platform for orally disintegrating film matrices.pdf,EXCLUDE,该文献属于药学领域的口腔崩解膜制剂研究，主题不属于口腔医学任一学科；且所用软件（TinkerCad、Ultimaker Cura、Netzsch Proteus、Diffrac.Eva）为药学制剂设计与表征用途，非口腔医学3D数据处理。,-,-,-,-,"【判定】: EXCLUDE
【判定理由】: 该文献属于药学领域的口腔崩解膜制剂研究，主题不属于口腔医学任一学科；且所用软件（TinkerCad、Ultimaker Cura、Netzsch Proteus、Diffrac.Eva）为药学制剂设计与表征用途，非口腔医学3D数据处理。
【软件】: -
【专科】: -
【应用场景】: -
【研究设计】: -"
soft tissue response and determination of underlying risk drivers for recession and mucositis after amsji implantation in the maxilla,Soft Tissue Response and Determination of Underlying Risk Drivers for Recession and Mucositis after AMSJI Implantation in the Maxilla.,The International journal of oral & maxillofacial implants,journalArticle,429UEHTD,Van Den Borre 等 - 2024 - Soft Tissue Response and Determination of Underlying Risk Drivers for Recession and Mucositis after.pdf,EXCLUDE,"证据片段中出现的具名软件为 ""Materialise Medical 24.0""（Materialise 属牙科/医疗专用软件，且该片段描述的是设计流程而非本研究自身方法），而 ""RStudio"" 仅用于统计分析，不属于三维数据处理/建模/测量软件。",-,-,-,-,"【判定】: EXCLUDE
【判定理由】: 证据片段中出现的具名软件为 ""Materialise Medical 24.0""（Materialise 属牙科/医疗专用软件，且该片段描述的是设计流程而非本研究自身方法），而 ""RStudio"" 仅用于统计分析，不属于三维数据处理/建模/测量软件。
【软件】: -
【专科】: -
【应用场景】: -
【研究设计】: -"
the preparation properties and applications of polyphenol hydrogels for the treatment of oral diseases a comprehensive overview,"The preparation, properties, and applications of polyphenol hydrogels for the treatment of oral diseases: A comprehensive overview.",International journal of biological macromolecules,journalArticle,7YN5KX6Y,"Wang 等 - 2025 - The preparation, properties, and applications of polyphenol hydrogels for the treatment of oral dise.pdf",EXCLUDE,"该文献为综述（题名含""A comprehensive overview""，摘要称""This article systematically reviews""），不符合原创研究/技术说明/病例报告的纳入类型；且证据片段中未出现任何该研究自身使用的具名第三方非牙科3D软件。",-,-,-,-,"【判定】: EXCLUDE
【判定理由】: 该文献为综述（题名含""A comprehensive overview""，摘要称""This article systematically reviews""），不符合原创研究/技术说明/病例报告的纳入类型；且证据片段中未出现任何该研究自身使用的具名第三方非牙科3D软件。
【软件】: -
【专科】: -
【应用场景】: -
【研究设计】: -"
piezoelectricity promotes 3d printed bto tcp composite scaffolds with excellent osteogenic performance,Piezoelectricity Promotes 3D-Printed BTO/β-TCP Composite Scaffolds with Excellent Osteogenic Performance.,ACS applied bio materials,journalArticle,MAQ97ENE,Li 等 - 2025 - Piezoelectricity Promotes 3D-Printed BTOβ-TCP Composite Scaffolds with Excellent Osteogenic Perform-1.pdf,EXCLUDE,"证据片段中唯一具名的第三方软件为 ImageJ，但其仅用于""analyze and quantify the number of living (green) and dead (red) cells""，属于二维细胞荧光图像计数，并非用于3D数据的处理、分析、建模或测量；该研究的3D打印支架设计未提及使用任何具名第三方非牙科3D软件。",-,-,-,-,"【判定】: EXCLUDE
【判定理由】: 证据片段中唯一具名的第三方软件为 ImageJ，但其仅用于""analyze and quantify the number of living (green) and dead (red) cells""，属于二维细胞荧光图像计数，并非用于3D数据的处理、分析、建模或测量；该研究的3D打印支架设计未提及使用任何具名第三方非牙科3D软件。
【软件】: -
【专科】: -
【应用场景】: -
【研究设计】: -"
development of motion detection algorithm using 3d sensors for patient monitoring support service system,Development of Motion Detection Algorithm Using 3d Sensors for Patient Monitoring Support Service System.,Studies in health technology and informatics,journalArticle,52UZVT8F,Mukai 等 - 2025 - Development of Motion Detection Algorithm Using 3d Sensors for Patient Monitoring Support Service Sy.pdf,EXCLUDE,"证据片段显示该研究仅""present an algorithm for detecting dangerous motions""并""use the point cloud data generated by the 3D sensors""，未提及任何具名的第三方非牙科3D软件；且主题为住院患者跌倒/拔管监测，不属于口腔医学。",-,-,-,-,"【判定】: EXCLUDE
【判定理由】: 证据片段显示该研究仅""present an algorithm for detecting dangerous motions""并""use the point cloud data generated by the 3D sensors""，未提及任何具名的第三方非牙科3D软件；且主题为住院患者跌倒/拔管监测，不属于口腔医学。
【软件】: -
【专科】: -
【应用场景】: -
【研究设计】: -"
profiling gingival inflammation in a 3d oral tissue model reveals early features of disease progression,Profiling Gingival Inflammation in a 3D Oral Tissue Model Reveals Early Features of Disease Progression.,,preprint,32DJ6HUZ,Adelfio 等 - 2026 - Profiling Gingival Inflammation in a 3D Oral Tissue Model Reveals Early Features of Disease Progress.pdf,EXCLUDE,证据片段中出现的软件（SoftMax Pro7、xPonent、Belysa、IDEAS、MATLAB）均用于免疫测定数据分析、流式数据处理或统计计算，未涉及任何具名第三方非牙科三维（3D）软件用于3D数据处理、分析、建模或测量。,-,-,-,-,"【判定】: EXCLUDE
【判定理由】: 证据片段中出现的软件（SoftMax Pro7、xPonent、Belysa、IDEAS、MATLAB）均用于免疫测定数据分析、流式数据处理或统计计算，未涉及任何具名第三方非牙科三维（3D）软件用于3D数据处理、分析、建模或测量。
【软件】: -
【专科】: -
【应用场景】: -
【研究设计】: -"
smart nerves sprout and assemble in an extracellular matrix based 3d nerve in a chip microfluidic model,"""Smart"" Nerves Sprout and Assemble in an Extracellular Matrix-Based 3D Nerve-in-a-Chip Microfluidic Model.","Small (Weinheim an der Bergstrasse, Germany)",journalArticle,H3WTZHNB,Rao 等 - 2025 - Smart Nerves Sprout and Assemble in an Extracellular Matrix‐Based 3D Nerve‐in‐a‐Chip Microfluidic.pdf,EXCLUDE,该研究主题为神经再生（nerve regeneration）的微流控芯片模型，不属于口腔医学任一学科；且证据中出现的 AutoCAD 仅用于设计微流控模具，并非用于口腔3D数据处理。,-,-,-,-,"【判定】: EXCLUDE
【判定理由】: 该研究主题为神经再生（nerve regeneration）的微流控芯片模型，不属于口腔医学任一学科；且证据中出现的 AutoCAD 仅用于设计微流控模具，并非用于口腔3D数据处理。
【软件】: -
【专科】: -
【应用场景】: -
【研究设计】: -"
the effect of framework fabrication technique on the fit accuracy of full arch screw retained implant supported prostheses,The effect of framework fabrication technique on the fit accuracy of full arch screw retained implant supported prostheses.,The Saudi dental journal,journalArticle,6A72YUEN,AlRasheed和AlWazzan - 2022 - The effect of framework fabrication technique on the fit accuracy of full arch screw retained implan.pdf,EXCLUDE,证据片段中仅泛泛提及 CAD/CAM 技术及 CNC 铣削设备，未出现该研究自身使用的任何具名第三方非牙科3D软件（如 Mimics、Geomagic 等）。,-,-,-,-,"【判定】: EXCLUDE
【判定理由】: 证据片段中仅泛泛提及 CAD/CAM 技术及 CNC 铣削设备，未出现该研究自身使用的任何具名第三方非牙科3D软件（如 Mimics、Geomagic 等）。
【软件】: -
【专科】: -
【应用场景】: -
【研究设计】: -"
use of continuous glucose monitoring to stratify individuals without diabetes,Use of continuous glucose monitoring to stratify individuals without diabetes.,Communications medicine,journalArticle,QHVZQG93,Sugimoto 等 - 2026 - Use of continuous glucose monitoring to stratify individuals without diabetes..pdf,EXCLUDE,该研究主题为连续血糖监测与代谢功能分析，不属于口腔医学任一学科；且证据中仅提及 TensorFlow 等自研建模工具，未涉及口腔医学相关应用。,-,-,-,-,"【判定】: EXCLUDE
【判定理由】: 该研究主题为连续血糖监测与代谢功能分析，不属于口腔医学任一学科；且证据中仅提及 TensorFlow 等自研建模工具，未涉及口腔医学相关应用。
【软件】: -
【专科】: -
【应用场景】: -
【研究设计】: -"
stain color translation of multi domain oscc histopathology images using attention gated cgan,Stain color translation of multi-domain OSCC histopathology images using attention gated cGAN.,Computerized medical imaging and graphics : the official journal of the Computerized Medical Imaging Society,journalArticle,5H3UUD33,Barua 等 - 2023 - Stain color translation of multi-domain OSCC histopathology images using attention gated cGAN..pdf,EXCLUDE,"该研究提出的是自研的 attention gated cGAN 染色归一化方法（""a method was proposed with a motivation to reduce the inter and intra-variation of OSCC H&E stain histopathology""），证据片段中未出现该研究自身使用的具名第三方非牙科3D软件，仅提及被引方法（Macenko、Reinhard、Vahadane、STST）作对比。",-,-,-,-,"【判定】: EXCLUDE
【判定理由】: 该研究提出的是自研的 attention gated cGAN 染色归一化方法（""a method was proposed with a motivation to reduce the inter and intra-variation of OSCC H&E stain histopathology""），证据片段中未出现该研究自身使用的具名第三方非牙科3D软件，仅提及被引方法（Macenko、Reinhard、Vahadane、STST）作对比。
【软件】: -
【专科】: -
【应用场景】: -
【研究设计】: -"
performance of rigid and soft transfer templates using viscous and fluid resin based composites in the attachment bonding process of clear aligners,Performance of Rigid and Soft Transfer Templates Using Viscous and Fluid Resin-Based Composites in the Attachment Bonding Process of Clear Aligners.,International journal of dentistry,journalArticle,7ECMK5KU,Valeri 等 - 2022 - Performance of Rigid and Soft Transfer Templates Using Viscous and Fluid Resin‐Based Composites in t.pdf,INCLUDE,"该研究自身在材料与方法中使用了 MATLAB 进行三维数据分析，证据片段明确写道""All numerical analysis and data processing have been carried out in Matlab""，用于比较模型点云的三维差异。",MATLAB,Orthodontics,3D data analysis and accuracy assessment,in_vitro,"【判定】: INCLUDE
【判定理由】: 该研究自身在材料与方法中使用了 MATLAB 进行三维数据分析，证据片段明确写道""All numerical analysis and data processing have been carried out in Matlab""，用于比较模型点云的三维差异。
【软件】: MATLAB
【专科】: Orthodontics
【应用场景】: 3D data analysis and accuracy assessment
【研究设计】: in_vitro"
role of three dimensional computed tomography with humeral subtraction in assessing anteromedial facet coronoid fractures,Role of three-dimensional computed tomography with humeral subtraction in assessing anteromedial facet coronoid fractures.,JSES international,journalArticle,XB4GLBKZ,Awad 等 - 2025 - Role of three-dimensional computed tomography with humeral subtraction in assessing anteromedial fac.pdf,EXCLUDE,"该研究主题为肘部冠突骨折的影像学评估，属于骨科而非口腔医学；且证据片段中仅提及""3D reconstruction""和""humeral subtraction""，未出现任何具名的第三方非牙科3D软件。",-,-,-,-,"【判定】: EXCLUDE
【判定理由】: 该研究主题为肘部冠突骨折的影像学评估，属于骨科而非口腔医学；且证据片段中仅提及""3D reconstruction""和""humeral subtraction""，未出现任何具名的第三方非牙科3D软件。
【软件】: -
【专科】: -
【应用场景】: -
【研究设计】: -"
pulse gated noncontrast thoracic magnetic resonance angiography for acute aortic dissection with transient ischemic attack a case report,Pulse-gated noncontrast thoracic magnetic resonance angiography for acute aortic dissection with transient ischemic attack: A case report.,eNeurologicalSci,journalArticle,X9BII49A,Bo 等 - 2021 - Pulse-gated noncontrast thoracic magnetic resonance angiography for acute aortic dissection with tra.pdf,EXCLUDE,该文献主题为主动脉夹层的磁共振血管成像病例报告，不属于口腔医学任一学科；且抽取的软件相关片段仅涉及英文润色服务（Editage）和参考文献，未提及任何具名第三方非牙科3D软件。,-,-,-,-,"【判定】: EXCLUDE
【判定理由】: 该文献主题为主动脉夹层的磁共振血管成像病例报告，不属于口腔医学任一学科；且抽取的软件相关片段仅涉及英文润色服务（Editage）和参考文献，未提及任何具名第三方非牙科3D软件。
【软件】: -
【专科】: -
【应用场景】: -
【研究设计】: -"
synthesizing audio from tongue motion during speech using tagged mri via transformer,Synthesizing Audio from Tongue Motion During Speech Using Tagged MRI Via Transformer.,Proceedings of SPIE--the International Society for Optical Engineering,journalArticle,EQH4FGIN,Liu 等 - 2023 - Synthesizing Audio from Tongue Motion During Speech Using Tagged MRI Via Transformer..pdf,EXCLUDE,"该研究仅使用自研的编码器-解码器网络（""our encoder is based on 3D convolutional spatial modeling and transformer-based temporal modeling""），未使用任何具名的第三方非牙科3D软件；且主题为语音合成，不属于口腔医学。",-,-,-,-,"【判定】: EXCLUDE
【判定理由】: 该研究仅使用自研的编码器-解码器网络（""our encoder is based on 3D convolutional spatial modeling and transformer-based temporal modeling""），未使用任何具名的第三方非牙科3D软件；且主题为语音合成，不属于口腔医学。
【软件】: -
【专科】: -
【应用场景】: -
【研究设计】: -"
assessment of maxillary sinus variations post lefort a systematic review,Assessment of Maxillary Sinus Variations Post-LeFort: A Systematic Review.,World journal of plastic surgery,journalArticle,BTIQEUJ7,Eshghpour 等 - 2023 - Assessment of Maxillary Sinus Variations Post-LeFort A Systematic Review..pdf,EXCLUDE,"该文献为系统综述（题名含 ""A Systematic Review""，摘要为系统检索与PICO分析），属于排除的文献类型；且证据中仅出现 EndNote Basic® 文献管理软件，并非用于3D数据处理/分析/建模/测量的具名第三方非牙科3D软件。",-,-,-,-,"【判定】: EXCLUDE
【判定理由】: 该文献为系统综述（题名含 ""A Systematic Review""，摘要为系统检索与PICO分析），属于排除的文献类型；且证据中仅出现 EndNote Basic® 文献管理软件，并非用于3D数据处理/分析/建模/测量的具名第三方非牙科3D软件。
【软件】: -
【专科】: -
【应用场景】: -
【研究设计】: -"
intaglio surface adaptation of removable partial denture framework fabricated by various data acquisition techniques and fabrication approaches,Intaglio Surface Adaptation of Removable Partial Denture Framework Fabricated by Various Data Acquisition Techniques and Fabrication Approaches.,European journal of dentistry,journalArticle,2Y9I2C6I,Limpiwatana和Nagaviroj - 2024 - Intaglio Surface Adaptation of Removable Partial Denture Framework Fabricated by Various Data Acquis.pdf,EXCLUDE,"证据片段仅泛泛提及""metrology software""和""CAD software""，未给出任何具名的第三方非牙科3D软件名称，无法确认该研究自身使用了具名软件。",-,-,-,-,"【判定】: EXCLUDE
【判定理由】: 证据片段仅泛泛提及""metrology software""和""CAD software""，未给出任何具名的第三方非牙科3D软件名称，无法确认该研究自身使用了具名软件。
【软件】: -
【专科】: -
【应用场景】: -
【研究设计】: -"
quantitative and qualitative evaluation of precision in dental 3d facial scanning across handheld fixed multicamera and smartphone depth sensing systems,"Quantitative and qualitative evaluation of precision in dental 3D facial scanning across handheld, fixed multicamera, and smartphone depth-sensing systems.",The Journal of prosthetic dentistry,journalArticle,3SRFQXMZ,"Hwang 等 - 2026 - Quantitative and qualitative evaluation of precision in dental 3D facial scanning across handheld, f.pdf",INCLUDE,"该研究自身在材料与方法中使用逆向工程软件 Geomagic Control X 进行扫描数据叠加分析（""Scan data were superimposed using the best-fit algorithm in reverse engineering software program (Geomagic control X)""），并使用 Meshmixer 设计模具（""a mold was designed in a CAD software program (Meshmixer; Autodesk)""）。",Geomagic Control X; Meshmixer,Prosthodontics,3D data analysis and accuracy assessment,in_vitro,"【判定】: INCLUDE
【判定理由】: 该研究自身在材料与方法中使用逆向工程软件 Geomagic Control X 进行扫描数据叠加分析（""Scan data were superimposed using the best-fit algorithm in reverse engineering software program (Geomagic control X)""），并使用 Meshmixer 设计模具（""a mold was designed in a CAD software program (Meshmixer; Autodesk)""）。
【软件】: Geomagic Control X; Meshmixer
【专科】: Prosthodontics
【应用场景】: 3D data analysis and accuracy assessment
【研究设计】: in_vitro"
three dimensional simultaneous t1 and t2 relaxation times and quantitative susceptibility mapping at 3 t a multicenter validation study,Three-dimensional simultaneous T1 and T2* relaxation times and quantitative susceptibility mapping at 3?T: A multicenter validation study.,Magnetic resonance imaging,journalArticle,2SQISMYK,Fujita 等 - 2024 - Three-dimensional simultaneous T1 and T2 relaxation times and quantitative susceptibility mapping a.pdf,EXCLUDE,该研究主题为脑部MRI定量参数成像（T1、T2*、QSM），不属于口腔医学任一学科；且证据中仅提及FSL（脑影像专用工具）及MRI扫描仪软硬件平台，无口腔医学相关内容。,-,-,-,-,"【判定】: EXCLUDE
【判定理由】: 该研究主题为脑部MRI定量参数成像（T1、T2*、QSM），不属于口腔医学任一学科；且证据中仅提及FSL（脑影像专用工具）及MRI扫描仪软硬件平台，无口腔医学相关内容。
【软件】: -
【专科】: -
【应用场景】: -
【研究设计】: -"
effects of incremental mandibular advancement on upper airways morphology and anatomical structures a preliminary ct scan study on body donors,Effects of incremental mandibular advancement on upper airways morphology and anatomical structures: a preliminary CT scan study on body donors.,Scientific reports,journalArticle,YYJF9M92,Lodolo 等 - 2026 - Effects of incremental mandibular advancement on upper airways morphology and anatomical structures.pdf,EXCLUDE,"抽取的证据片段中仅泛泛提及""segmentation criteria""""standardised segmentation procedures""，未出现任何具名的第三方非牙科3D软件（如 Mimics、3D Slicer 等）被该研究自己使用。",-,-,-,-,"【判定】: EXCLUDE
【判定理由】: 抽取的证据片段中仅泛泛提及""segmentation criteria""""standardised segmentation procedures""，未出现任何具名的第三方非牙科3D软件（如 Mimics、3D Slicer 等）被该研究自己使用。
【软件】: -
【专科】: -
【应用场景】: -
【研究设计】: -"
enhanced osteogenic differentiation of hmscs using bmp zif 8 loaded gelma nanocomposite hydrogels with controlled bmp 2 release,Enhanced Osteogenic Differentiation of hMSCs Using BMP@ZIF-8-Loaded GelMA Nanocomposite Hydrogels with Controlled BMP-2 Release.,ACS omega,journalArticle,96RWRVSA,Yuan 等 - 2025 - Enhanced Osteogenic Differentiation of hMSCs Using BMP@ZIF-8-Loaded GelMA Nanocomposite Hydrogels wi.pdf,EXCLUDE,"证据片段中唯一具名的软件是 ""GraphPad Prism 9""，用于统计分析（""The software used for this analysis was GraphPad Prism 9""），并非用于3D数据的处理、分析、建模或测量，不符合纳入标准第2条。",-,-,-,-,"【判定】: EXCLUDE
【判定理由】: 证据片段中唯一具名的软件是 ""GraphPad Prism 9""，用于统计分析（""The software used for this analysis was GraphPad Prism 9""），并非用于3D数据的处理、分析、建模或测量，不符合纳入标准第2条。
【软件】: -
【专科】: -
【应用场景】: -
【研究设计】: -"
mapping the response of human osteocytes in native matrix to mechanical loading using rna sequencing,Mapping the Response of Human Osteocytes in Native Matrix to Mechanical Loading Using RNA Sequencing.,JBMR plus,journalArticle,NPSWWC9K,Zhang 等 - 2023 - Mapping the Response of Human Osteocytes in Native Matrix to Mechanical Loading Using RNA Sequencing-1.pdf,EXCLUDE,该研究为口腔颌面部骨组织的分子生物学/RNA测序研究，证据片段中出现的软件（Sickle、HiSat2、samtools、featureCount、edgeR、R2平台、GraphPad Prism）均为生物信息学或统计软件，而非用于3D数据处理、分析、建模或测量的第三方非牙科3D软件。,-,-,-,-,"【判定】: EXCLUDE
【判定理由】: 该研究为口腔颌面部骨组织的分子生物学/RNA测序研究，证据片段中出现的软件（Sickle、HiSat2、samtools、featureCount、edgeR、R2平台、GraphPad Prism）均为生物信息学或统计软件，而非用于3D数据处理、分析、建模或测量的第三方非牙科3D软件。
【软件】: -
【专科】: -
【应用场景】: -
【研究设计】: -"
exploring the potential applications of intraoral scanners in the treatment of cleft lip and palate deformity a scoping review of literature,Exploring the potential applications of intraoral scanners in the treatment of cleft lip and palate deformity-A scoping review of literature.,Journal of the World federation of orthodontists,journalArticle,K6IJXMXU,Sennimalai 等 - 2024 - Exploring the potential applications of intraoral scanners in the treatment of cleft lip and palate.pdf,EXCLUDE,"该文献为scoping review（摘要明确""scoping review aimed to explore""），属于综述类型，不符合原创研究要求；且证据中仅出现Endnote Online等文献管理软件，无该研究自身使用的具名第三方非牙科3D软件。",-,-,-,-,"【判定】: EXCLUDE
【判定理由】: 该文献为scoping review（摘要明确""scoping review aimed to explore""），属于综述类型，不符合原创研究要求；且证据中仅出现Endnote Online等文献管理软件，无该研究自身使用的具名第三方非牙科3D软件。
【软件】: -
【专科】: -
【应用场景】: -
【研究设计】: -"
unsupervised clustering of single lead electrocardiograms associates with prevalent and incident heart failure in coronary artery disease,Unsupervised clustering of single-lead electrocardiograms associates with prevalent and incident heart failure in coronary artery disease.,European heart journal. Digital health,journalArticle,4PQG6Z6K,Madrid 等 - 2025 - Unsupervised clustering of single-lead electrocardiograms associates with prevalent and incident hea-1.pdf,EXCLUDE,"该文献主题为冠状动脉疾病与心力衰竭的心电图聚类分析，不属于口腔医学任一学科；且证据片段中仅提及""unsupervised clustering algorithm""和""SVM based allocation""，未使用任何具名第三方非牙科3D软件。",-,-,-,-,"【判定】: EXCLUDE
【判定理由】: 该文献主题为冠状动脉疾病与心力衰竭的心电图聚类分析，不属于口腔医学任一学科；且证据片段中仅提及""unsupervised clustering algorithm""和""SVM based allocation""，未使用任何具名第三方非牙科3D软件。
【软件】: -
【专科】: -
【应用场景】: -
【研究设计】: -"
error assessment and correction for extrusion based bioprinting using computer vision method,Error assessment and correction for extrusion-based bioprinting using computer vision method.,International journal of bioprinting,journalArticle,TT85BQ7Z,Liu 等 - 2022 - Error assessment and correction for extrusion- based bioprinting using computer vision method.pdf,EXCLUDE,该研究属于生物打印（bioprinting）领域，主题不属于口腔医学任一学科；且其使用的是自研图像算法（如 Sobel operator、自编 correction algorithm），未使用具名第三方非牙科3D软件。,-,-,-,-,"【判定】: EXCLUDE
【判定理由】: 该研究属于生物打印（bioprinting）领域，主题不属于口腔医学任一学科；且其使用的是自研图像算法（如 Sobel operator、自编 correction algorithm），未使用具名第三方非牙科3D软件。
【软件】: -
【专科】: -
【应用场景】: -
【研究设计】: -"
a comparison of the fusion model of deep learning neural networks with human observation for lung nodule detection and classification,A comparison of the fusion model of deep learning neural networks with human observation for lung nodule detection and classification.,The British journal of radiology,journalArticle,TF7HXSLG,Gürsoy Çoruh 等 - 2021 - A comparison of the fusion model of deep learning neural networks with human observation for lung no.pdf,EXCLUDE,该研究主题为肺结节检测与分类，不属于口腔医学任一学科；且证据中仅出现 RStudio、IBM SPSS 等统计软件，未使用具名第三方非牙科3D软件进行3D数据处理。,-,-,-,-,"【判定】: EXCLUDE
【判定理由】: 该研究主题为肺结节检测与分类，不属于口腔医学任一学科；且证据中仅出现 RStudio、IBM SPSS 等统计软件，未使用具名第三方非牙科3D软件进行3D数据处理。
【软件】: -
【专科】: -
【应用场景】: -
【研究设计】: -"
a review of three dimensional facial asymmetry analysis methods,A Review of Three-Dimensional Facial Asymmetry Analysis Methods,SYMMETRY-BASEL,journalArticle,JYUV2HQ3,Zhu 等 - 2022 - A Review of Three-Dimensional Facial Asymmetry Analysis Methods.pdf,EXCLUDE,"该文献题名与摘要明确为综述（""This review summarizes the methods of three-dimensional facial asymmetry analysis""），属于被排除的文献类型；且证据片段中仅泛泛提及 ICP 算法与 Meshmonk 程序，未显示该研究自身使用具名第三方非牙科3D软件。",-,-,-,-,"【判定】: EXCLUDE
【判定理由】: 该文献题名与摘要明确为综述（""This review summarizes the methods of three-dimensional facial asymmetry analysis""），属于被排除的文献类型；且证据片段中仅泛泛提及 ICP 算法与 Meshmonk 程序，未显示该研究自身使用具名第三方非牙科3D软件。
【软件】: -
【专科】: -
【应用场景】: -
【研究设计】: -"
evaluation and comparison of interocclusal registration accuracy using digital intraoral scanners and conventional methods an in vivo study,Evaluation and Comparison of Interocclusal Registration Accuracy Using Digital Intraoral Scanners and Conventional Methods: An In Vivo Study.,Cureus,journalArticle,WMML49PQ,Sandeep 等 - 2025 - Evaluation and Comparison of Interocclusal Registration Accuracy Using Digital Intraoral Scanners an.pdf,EXCLUDE,"证据片段仅提到""superimposed using a best-fit alignment algorithm in three-dimensional (3D) evaluation software""，未给出任何具名的第三方非牙科3D软件名称；所用设备（3Shape Trios 3、Medit i500、Dentium Rainbow）均为牙科专用扫描仪。",-,-,-,-,"【判定】: EXCLUDE
【判定理由】: 证据片段仅提到""superimposed using a best-fit alignment algorithm in three-dimensional (3D) evaluation software""，未给出任何具名的第三方非牙科3D软件名称；所用设备（3Shape Trios 3、Medit i500、Dentium Rainbow）均为牙科专用扫描仪。
【软件】: -
【专科】: -
【应用场景】: -
【研究设计】: -"
individual retrieval based on oral cavity point cloud data and correntropy based registration algorithm,Individual retrieval based on oral cavity point cloud data and correntropy-based registration algorithm,IET IMAGE PROCESSING,journalArticle,FU2MQQTY,Cui 等 - 2020 - Individual retrieval based on oral cavity point cloud data and correntropy‐based registration algori.pdf,EXCLUDE,"该研究提出的是自研的基于correntropy的配准算法（""the authors present a novel individual retrieval method...correntropy-based registration algorithm""），证据片段中未出现任何该研究自己使用的具名第三方非牙科3D软件。",-,-,-,-,"【判定】: EXCLUDE
【判定理由】: 该研究提出的是自研的基于correntropy的配准算法（""the authors present a novel individual retrieval method...correntropy-based registration algorithm""），证据片段中未出现任何该研究自己使用的具名第三方非牙科3D软件。
【软件】: -
【专科】: -
【应用场景】: -
【研究设计】: -"
three dimensional accuracy of in office aligner therapy a retrospective comparison between planned and achieved tooth positions,Three-dimensional accuracy of in-office aligner therapy: a retrospective comparison between planned and achieved tooth positions,JOURNAL OF DENTISTRY,journalArticle,WN2IRATQ,De Souza 等 - 2026 - Three-dimensional accuracy of in-office aligner therapy a retrospective comparison between planned.pdf,INCLUDE,"该研究自身在方法中使用""freely available Slicer CMF software (version 4.11)""对T1和T2 STL模型进行三维叠加与偏差量化，属于具名第三方非牙科3D软件。",3D Slicer (Slicer CMF),Orthodontics,3D data analysis and accuracy assessment,clinical,"【判定】: INCLUDE
【判定理由】: 该研究自身在方法中使用""freely available Slicer CMF software (version 4.11)""对T1和T2 STL模型进行三维叠加与偏差量化，属于具名第三方非牙科3D软件。
【软件】: 3D Slicer (Slicer CMF)
【专科】: Orthodontics
【应用场景】: 3D data analysis and accuracy assessment
【研究设计】: clinical"
the mechanosensing and global dna methylation of human osteoblasts on mew fibers,The Mechanosensing and Global DNA Methylation of Human Osteoblasts on MEW Fibers.,"Nanomaterials (Basel, Switzerland)",journalArticle,GDR8KPPZ,Han 等 - 2021 - The Mechanosensing and Global DNA Methylation of Human Osteoblasts on MEW Fibers..pdf,INCLUDE,"该研究自身在材料与方法中使用 ImageJ/Fiji 软件进行形态学分析，原文明确写道 ""The ﬁber diameter and pore size were calculated using ImageJ software"" 以及 ""vinculin staining images (>15 cells) were processed and analyzed in Fiji-ImageJ software""。",ImageJ; Fiji,Oral and Maxillofacial Surgery,Morphological and phenotypic analysis,in_vitro,"【判定】: INCLUDE
【判定理由】: 该研究自身在材料与方法中使用 ImageJ/Fiji 软件进行形态学分析，原文明确写道 ""The ﬁber diameter and pore size were calculated using ImageJ software"" 以及 ""vinculin staining images (>15 cells) were processed and analyzed in Fiji-ImageJ software""。
【软件】: ImageJ; Fiji
【专科】: Oral and Maxillofacial Surgery
【应用场景】: Morphological and phenotypic analysis
【研究设计】: in_vitro"
a digital mental health app incorporating wearable biosensing for teachers of children on the autism spectrum to support emotion regulation protocol for a pilot randomized controlled trial,A Digital Mental Health App Incorporating Wearable Biosensing for Teachers of Children on the Autism Spectrum to Support Emotion Regulation: Protocol for a  Pilot Randomized Controlled Trial.,JMIR research protocols,journalArticle,36ZV2VQ4,Palermo 等 - 2023 - A Digital Mental Health App Incorporating Wearable Biosensing for Teachers of Children on the Autism.pdf,EXCLUDE,该文献为研究方案（Protocol for a Pilot Randomized Controlled Trial），属于研究方案类型，且证据片段中未出现任何具名第三方非牙科3D软件，主题也非口腔医学。,-,-,-,-,"【判定】: EXCLUDE
【判定理由】: 该文献为研究方案（Protocol for a Pilot Randomized Controlled Trial），属于研究方案类型，且证据片段中未出现任何具名第三方非牙科3D软件，主题也非口腔医学。
【软件】: -
【专科】: -
【应用场景】: -
【研究设计】: -"
symptom appraisal help seeking and perceived barriers to healthcare seeking in uganda an exploratory study among women with potential symptoms of breast and cervical cancer,"Symptom appraisal, help-seeking and perceived barriers to healthcare seeking in Uganda: an exploratory study among women with potential symptoms of breast and  cervical cancer.",BMJ open,journalArticle,2DLU5YV6,"Mwaka 等 - 2021 - Symptom appraisal, help-seeking and perceived barriers to healthcare seeking in Uganda an explorato-1.pdf",EXCLUDE,该文献主题为乌干达女性乳腺癌与宫颈癌症状认知及就医行为的质性研究，不属于口腔医学任一学科；且证据片段中未出现任何具名第三方非牙科3D软件。,-,-,-,-,"【判定】: EXCLUDE
【判定理由】: 该文献主题为乌干达女性乳腺癌与宫颈癌症状认知及就医行为的质性研究，不属于口腔医学任一学科；且证据片段中未出现任何具名第三方非牙科3D软件。
【软件】: -
【专科】: -
【应用场景】: -
【研究设计】: -"
three dimensional finite element analysis of stress distribution in a tooth restored with full coverage machined polymer crown,Three-Dimensional Finite Element Analysis of Stress Distribution in a Tooth Restored with Full Coverage Machined Polymer Crown,APPLIED SCIENCES-BASEL,journalArticle,HI8MENLK,Syed 等 - 2021 - Three-Dimensional Finite Element Analysis of Stress Distribution in a Tooth Restored with Full Cover.pdf,EXCLUDE,"证据片段仅泛泛提及""an interactive image processing software""和""a finite element analysis software""，未给出任何具名的第三方非牙科3D软件名称，无法确认该研究自身使用了具名软件。",-,-,-,-,"【判定】: EXCLUDE
【判定理由】: 证据片段仅泛泛提及""an interactive image processing software""和""a finite element analysis software""，未给出任何具名的第三方非牙科3D软件名称，无法确认该研究自身使用了具名软件。
【软件】: -
【专科】: -
【应用场景】: -
【研究设计】: -"
virtual reality and 3d printing in head and neck cancer an educational experience,Virtual reality and 3D printing in head and neck cancer: an educational experience,FRONTIERS IN ONCOLOGY,journalArticle,SJNPSVRX,Ferretti 等 - 2026 - Virtual reality and 3D printing in head and neck cancer an educational experience.pdf,EXCLUDE,"证据片段仅提及使用 VR 头显设备 ""Meta Quest Pro"" 及 3D 打印技术，未出现任何具名的第三方非牙科三维软件（如 Mimics、3D Slicer、Geomagic 等）被该研究自身用于 3D 数据处理、分析或建模。",-,-,-,-,"【判定】: EXCLUDE
【判定理由】: 证据片段仅提及使用 VR 头显设备 ""Meta Quest Pro"" 及 3D 打印技术，未出现任何具名的第三方非牙科三维软件（如 Mimics、3D Slicer、Geomagic 等）被该研究自身用于 3D 数据处理、分析或建模。
【软件】: -
【专科】: -
【应用场景】: -
【研究设计】: -"
cone beam computed tomography image features under intelligent three dimensional reconstruction algorithm in the evaluation of intraoperative and postoperative curative effect of dental pulp disease using root canal therapy,Cone-Beam Computed Tomography Image Features under Intelligent Three-Dimensional Reconstruction Algorithm in the Evaluation of Intraoperative and Postoperative Curative Effect of Dental Pulp Disease Using Root Canal Therapy,SCIENTIFIC PROGRAMMING,journalArticle,WBXSL778,Zhao 等 - 2022 - Cone-Beam Computed Tomography Image Features under Intelligent Three-Dimensional Reconstruction Algo.pdf,EXCLUDE,"证据片段显示该研究仅使用自研算法（""based on the regridding model in the algorithm""、""improved level set algorithm""）进行CBCT图像重建与分割，未提及任何具名的第三方非牙科3D软件。",-,-,-,-,"【判定】: EXCLUDE
【判定理由】: 证据片段显示该研究仅使用自研算法（""based on the regridding model in the algorithm""、""improved level set algorithm""）进行CBCT图像重建与分割，未提及任何具名的第三方非牙科3D软件。
【软件】: -
【专科】: -
【应用场景】: -
【研究设计】: -"
smartphone based 3d surface imaging a new frontier in digital breast assessment smartphone based breast assessment,Smartphone-Based 3D Surface Imaging: A New Frontier in Digital Breast Assessment? Smartphone-Based Breast Assessment,JOURNAL OF CLINICAL MEDICINE,journalArticle,AF6884LP,Chrobot 等 - 2025 - Smartphone-Based 3D Surface Imaging A New Frontier in Digital Breast Assessment Smartphone-Based B.pdf,EXCLUDE,该研究主题为乳房重建术后的三维表面成像评估，不属于口腔医学任一学科；尽管使用了 CloudCompare 的 ICP 算法，但主题不符合纳入标准第1条。,-,-,-,-,"【判定】: EXCLUDE
【判定理由】: 该研究主题为乳房重建术后的三维表面成像评估，不属于口腔医学任一学科；尽管使用了 CloudCompare 的 ICP 算法，但主题不符合纳入标准第1条。
【软件】: -
【专科】: -
【应用场景】: -
【研究设计】: -"
wear at the implant framework interface between titanium implant platform and the additively manufactured titanium and cobalt chromium frameworks,Wear at the implant-framework interface between titanium implant platform and the additively manufactured titanium and cobalt-chromium frameworks,JOURNAL OF PROSTHODONTICS-IMPLANT ESTHETIC AND RECONSTRUCTIVE DENTISTRY,journalArticle,4CWA53IE,Revilla‐León 等 - 2024 - Wear at the implant–framework interface between titanium implant platform and the additively manufac-1.pdf,INCLUDE,"该研究自身在材料与方法中使用具名第三方非牙科3D软件，原文明确写道 ""The DICOM files ... were converted into STL by using a reverse engineering software program (GOM Inspect; Carl Zeiss Industrielle Messtechnik GmbH)""，用于3D数据处理与磨损分析。",GOM Inspect,Prosthodontics,3D data analysis and accuracy assessment,in_vitro,"【判定】: INCLUDE
【判定理由】: 该研究自身在材料与方法中使用具名第三方非牙科3D软件，原文明确写道 ""The DICOM files ... were converted into STL by using a reverse engineering software program (GOM Inspect; Carl Zeiss Industrielle Messtechnik GmbH)""，用于3D数据处理与磨损分析。
【软件】: GOM Inspect
【专科】: Prosthodontics
【应用场景】: 3D data analysis and accuracy assessment
【研究设计】: in_vitro"
diva a 3d virtual reality platform improves undergraduate craniofacial trauma education,"DIVA, a 3D virtual reality platform, improves undergraduate craniofacial trauma education",JOURNAL OF STOMATOLOGY ORAL AND MAXILLOFACIAL SURGERY,journalArticle,CM5ESAGD,"Bouaoud 等 - 2021 - DIVA, a 3D virtual reality platform, improves undergraduate craniofacial trauma education..pdf",INCLUDE,"该研究自身在方法中使用具名第三方非牙科3D软件 Avizo 进行CT三维重建，原文为""3D reconstructions from CT-scan using Avizo (ThermoFisher Scientific, Waltham, MA, USA)""。",Avizo,Oral and Maxillofacial Surgery,Image segmentation and 3D reconstruction,educational,"【判定】: INCLUDE
【判定理由】: 该研究自身在方法中使用具名第三方非牙科3D软件 Avizo 进行CT三维重建，原文为""3D reconstructions from CT-scan using Avizo (ThermoFisher Scientific, Waltham, MA, USA)""。
【软件】: Avizo
【专科】: Oral and Maxillofacial Surgery
【应用场景】: Image segmentation and 3D reconstruction
【研究设计】: educational"
development and application of digital maxillofacial surgery system based on mixed reality technology,Development and Application of Digital Maxillofacial Surgery System Based on Mixed Reality Technology,FRONTIERS IN SURGERY,journalArticle,2667PQ7L,Yang 等 - 2022 - Development and Application of Digital Maxillofacial Surgery System Based on Mixed Reality Technolog.pdf,EXCLUDE,"证据片段中仅提到""based on open source SDK and development tools""自研系统，以及使用""3DMeshMetric""进行误差分析，但3DMeshMetric并非具名的第三方非牙科3D软件（如Mimics、3D Slicer等），且无其他具名第三方非牙科3D软件被该研究自身使用。",-,-,-,-,"【判定】: EXCLUDE
【判定理由】: 证据片段中仅提到""based on open source SDK and development tools""自研系统，以及使用""3DMeshMetric""进行误差分析，但3DMeshMetric并非具名的第三方非牙科3D软件（如Mimics、3D Slicer等），且无其他具名第三方非牙科3D软件被该研究自身使用。
【软件】: -
【专科】: -
【应用场景】: -
【研究设计】: -"
a high throughput framework for predicting three dimensional structural mechanical relationships of human cranial bones using a deep learning based method,A high-throughput framework for predicting three-dimensional structural-mechanical relationships of human cranial bones using a deep learning-based method,JOURNAL OF THE MECHANICAL BEHAVIOR OF BIOMEDICAL MATERIALS,journalArticle,VC56Q29E,Guo 等 - 2025 - A high-throughput framework for predicting three-dimensional structural-mechanical relationships of.pdf,EXCLUDE,"该研究使用自编的 MATLAB 和 Python 脚本进行分割与重建（""two custom MATLAB and Python scripts were employed to perform automatic threshold segmentation, 3D reconstruction""），并采用自建 U-Net 深度学习网络，未使用具名的第三方非牙科3D软件。",-,-,-,-,"【判定】: EXCLUDE
【判定理由】: 该研究使用自编的 MATLAB 和 Python 脚本进行分割与重建（""two custom MATLAB and Python scripts were employed to perform automatic threshold segmentation, 3D reconstruction""），并采用自建 U-Net 深度学习网络，未使用具名的第三方非牙科3D软件。
【软件】: -
【专科】: -
【应用场景】: -
【研究设计】: -"
digital analysis of tooth sizes among individuals with different malocclusions a study using three dimensional digital dental models,Digital analysis of tooth sizes among individuals with different malocclusions: A study using three-dimensional digital dental models,SCIENCE PROGRESS,journalArticle,4A8X2JVE,Karadede Ünal和Dellaloğlu - 2021 - Digital analysis of tooth sizes among individuals with different malocclusions A study using three-.pdf,EXCLUDE,"该研究仅使用牙科专用软件""3Shape Ortho Analyzer (3Shape A/S Copenhagen, Denmark) software was used for making the necessary tooth size measurements""，未使用任何具名的第三方非牙科3D软件。",-,-,-,-,"【判定】: EXCLUDE
【判定理由】: 该研究仅使用牙科专用软件""3Shape Ortho Analyzer (3Shape A/S Copenhagen, Denmark) software was used for making the necessary tooth size measurements""，未使用任何具名的第三方非牙科3D软件。
【软件】: -
【专科】: -
【应用场景】: -
【研究设计】: -"
neural network based image analysis of co localized microorganisms and human cells on implant materials,Neural network-based image analysis of co-localized microorganisms and human cells on implant materials,SCIENTIFIC REPORTS,journalArticle,9EM2RZG2,Debener 等 - 2025 - Neural network-based image analysis of co-localized microorganisms and human cells on implant materi.pdf,EXCLUDE,"该研究使用的是自研的两个 custom Cellpose 模型（""a workflow-based on two custom Cellpose models""），属于自建深度学习模型/程序，未使用具名的第三方非牙科3D软件进行3D数据处理、分析、建模或测量。",-,-,-,-,"【判定】: EXCLUDE
【判定理由】: 该研究使用的是自研的两个 custom Cellpose 模型（""a workflow-based on two custom Cellpose models""），属于自建深度学习模型/程序，未使用具名的第三方非牙科3D软件进行3D数据处理、分析、建模或测量。
【软件】: -
【专科】: -
【应用场景】: -
【研究设计】: -"
mastery learning in preclinical endodontics using customized 3d printed tooth models for deliberate practice an application of educational design research,Mastery Learning in Preclinical Endodontics Using Customized 3D-Printed Tooth Models for Deliberate Practice: An Application of Educational Design Research,JOURNAL OF ENDODONTICS,journalArticle,JZW3UU8Y,Tawasinchanadech 等 - 2024 - Mastery Learning in Preclinical Endodontics Using Customized 3D-Printed Tooth Models for Deliberate.pdf,EXCLUDE,"证据片段仅提到""procured editable STL files for 3D tooth models from www.cgtrader.com and initially modified them""，未指明使用任何具名的第三方非牙科3D软件；其余片段涉及树脂材料、统计分析和参考文献，均无相关软件使用证据。",-,-,-,-,"【判定】: EXCLUDE
【判定理由】: 证据片段仅提到""procured editable STL files for 3D tooth models from www.cgtrader.com and initially modified them""，未指明使用任何具名的第三方非牙科3D软件；其余片段涉及树脂材料、统计分析和参考文献，均无相关软件使用证据。
【软件】: -
【专科】: -
【应用场景】: -
【研究设计】: -"
surface roughness and preload loss of implant supported screw retained three unit framework fabricated by different techniques,Surface roughness and preload loss of implant-supported screw retained three-unit framework fabricated by different techniques,FRONTIERS IN MATERIALS,journalArticle,Y3QHHC7Y,Alsaif 等 - 2026 - Surface roughness and preload loss of implant-supported screw retained three-unit framework fabricat.pdf,EXCLUDE,"证据片段中唯一具名的软件为 ""GraphPad Instat program""，仅用于样本量/功效计算，并非用于3D数据的处理、分析、建模或测量；其余提及的 CAD/CAM、SLM 等均为制造技术而非具名第三方非牙科3D软件。",-,-,-,-,"【判定】: EXCLUDE
【判定理由】: 证据片段中唯一具名的软件为 ""GraphPad Instat program""，仅用于样本量/功效计算，并非用于3D数据的处理、分析、建模或测量；其余提及的 CAD/CAM、SLM 等均为制造技术而非具名第三方非牙科3D软件。
【软件】: -
【专科】: -
【应用场景】: -
【研究设计】: -"
oral squamous cell carcinoma diagnosis in digitized histological images using convolutional neural network,Oral squamous cell carcinoma diagnosis in digitized histological images using convolutional neural network,JOURNAL OF DENTAL SCIENCES,journalArticle,IV8L8YFF,Oya 等 - 2023 - Oral squamous cell carcinoma diagnosis in digitized histological images using convolutional neural n.pdf,EXCLUDE,该研究仅使用自研的卷积神经网络（EfficientNet B0、Grad-CAM）进行图像分类，证据片段中未出现任何具名的第三方非牙科3D软件被该研究自己使用。,-,-,-,-,"【判定】: EXCLUDE
【判定理由】: 该研究仅使用自研的卷积神经网络（EfficientNet B0、Grad-CAM）进行图像分类，证据片段中未出现任何具名的第三方非牙科3D软件被该研究自己使用。
【软件】: -
【专科】: -
【应用场景】: -
【研究设计】: -"
optimising fused filament fabrication surface roughness for a dental implant,Optimising fused filament fabrication surface roughness for a dental implant,MATERIALS AND MANUFACTURING PROCESSES,journalArticle,BVNKQ2N3,Kechagias和Zaoutsos - 2023 - Optimising fused filament fabrication surface roughness for a dental implant.pdf,EXCLUDE,"证据片段中出现的软件（3D Builder、MakerBot）均为牙科/3D打印相关或非第三方非牙科3D分析软件，且""3D Builder""仅用于展示STL文件，未体现该研究自身使用具名第三方非牙科3D软件进行3D数据处理、分析、建模或测量。",-,-,-,-,"【判定】: EXCLUDE
【判定理由】: 证据片段中出现的软件（3D Builder、MakerBot）均为牙科/3D打印相关或非第三方非牙科3D分析软件，且""3D Builder""仅用于展示STL文件，未体现该研究自身使用具名第三方非牙科3D软件进行3D数据处理、分析、建模或测量。
【软件】: -
【专科】: -
【应用场景】: -
【研究设计】: -"
ai augmented 3d craniofacial reconstruction for enhanced surgical planning a novel integration of depth augmented vision transformers and meshcnn for structural fidelity,AI-Augmented 3D Craniofacial Reconstruction for Enhanced Surgical Planning: A Novel Integration of Depth-Augmented Vision Transformers and MeshCNN for Structural Fidelity,EGYPTIAN INFORMATICS JOURNAL,journalArticle,WJM7WVUX,Vishal 等 - 2025 - AI-Augmented 3D Craniofacial Reconstruction for Enhanced Surgical Planning A Novel Integration of D.pdf,EXCLUDE,"该研究仅使用自研AI框架（""3D U-Net-based segmentation""、""Depth-augmented Vision Transformers (DA-ViT)""、""MeshCNN""），未使用任何具名的第三方非牙科3D软件。",-,-,-,-,"【判定】: EXCLUDE
【判定理由】: 该研究仅使用自研AI框架（""3D U-Net-based segmentation""、""Depth-augmented Vision Transformers (DA-ViT)""、""MeshCNN""），未使用任何具名的第三方非牙科3D软件。
【软件】: -
【专科】: -
【应用场景】: -
【研究设计】: -"
3d surface closed mesh clipping based on polygonal partitioning for surgical planning,3D Surface-Closed Mesh Clipping Based on Polygonal Partitioning for Surgical Planning,IEEE TRANSACTIONS ON VISUALIZATION AND COMPUTER GRAPHICS,journalArticle,KVJZEMMH,Gong和Chen - 2024 - 3D Surface-Closed Mesh Clipping Based on Polygonal Partitioning for Surgical Planning.pdf,EXCLUDE,"该研究提出的是自研的网格裁剪算法（""we propose a mesh clipping algorithm for surgical planning based on polygonal convex partitioning""），并自行开发了手术规划软件（""surgical planning software with the function of mesh clipping has been developed""），证据片段中未出现任何具名的第三方非牙科3D软件被该研究自己使用。",-,-,-,-,"【判定】: EXCLUDE
【判定理由】: 该研究提出的是自研的网格裁剪算法（""we propose a mesh clipping algorithm for surgical planning based on polygonal convex partitioning""），并自行开发了手术规划软件（""surgical planning software with the function of mesh clipping has been developed""），证据片段中未出现任何具名的第三方非牙科3D软件被该研究自己使用。
【软件】: -
【专科】: -
【应用场景】: -
【研究设计】: -"
early stage stability and degradation of patient specific biodegradable 3d printed implants for critical mandibular reconstruction,Early-stage stability and degradation of patient-specific biodegradable 3D-printed implants for critical mandibular reconstruction,DENTAL MATERIALS,journalArticle,JDYAQ7WP,Wang 等 - 2026 - Early-stage stability and degradation of patient-specific biodegradable 3D-printed implants for crit.pdf,EXCLUDE,"证据片段仅提及""finite element–based topology optimization""和""Finite element analysis""，但未出现任何具名的第三方非牙科3D软件（如ANSYS、ABAQUS等）被该研究自己使用。",-,-,-,-,"【判定】: EXCLUDE
【判定理由】: 证据片段仅提及""finite element–based topology optimization""和""Finite element analysis""，但未出现任何具名的第三方非牙科3D软件（如ANSYS、ABAQUS等）被该研究自己使用。
【软件】: -
【专科】: -
【应用场景】: -
【研究设计】: -"
comparative analysis of five ai platforms for mandibular canal segmentation on cbct images,Comparative analysis of five AI platforms for mandibular canal segmentation on CBCT images,JOURNAL OF DENTISTRY,journalArticle,4PBV2R5L,Shujaat 等 - 2026 - Comparative analysis of five AI platforms for mandibular canal segmentation on CBCT images.pdf,INCLUDE,"该研究自身在方法中使用五个AI分割平台，其中明确包含具名第三方非牙科3D软件""3D Slicer (open-source, USA)""，用于CBCT下颌管分割。",3D Slicer,Oral and Maxillofacial Radiology,Image segmentation and 3D reconstruction,computational,"【判定】: INCLUDE
【判定理由】: 该研究自身在方法中使用五个AI分割平台，其中明确包含具名第三方非牙科3D软件""3D Slicer (open-source, USA)""，用于CBCT下颌管分割。
【软件】: 3D Slicer
【专科】: Oral and Maxillofacial Radiology
【应用场景】: Image segmentation and 3D reconstruction
【研究设计】: computational"
segref3d a versatile open source platform for artificial intelligence assisted segmentation and three dimensional reconstruction in morphological research,SegRef3D: A Versatile Open-Source Platform for Artificial Intelligence-Assisted Segmentation and Three-Dimensional Reconstruction in Morphological Research,INTERNATIONAL JOURNAL OF IMAGING SYSTEMS AND TECHNOLOGY,journalArticle,HFJYHS9W,Muro 等 - 2026 - SegRef3D  A Versatile Open‐Source Platform for Artifi.pdf,EXCLUDE,"该研究开发并使用自研软件""SegRef3D""（""we developed SegRef3D, a tool integrating the Segment Anything Model 2""），属于自研算法/程序，证据片段中未出现任何具名的第三方非牙科3D软件被该研究自己使用。",-,-,-,-,"【判定】: EXCLUDE
【判定理由】: 该研究开发并使用自研软件""SegRef3D""（""we developed SegRef3D, a tool integrating the Segment Anything Model 2""），属于自研算法/程序，证据片段中未出现任何具名的第三方非牙科3D软件被该研究自己使用。
【软件】: -
【专科】: -
【应用场景】: -
【研究设计】: -"
three dimensional facial volume analysis using algorithm based personalized aesthetic templates,Three-dimensional facial volume analysis using algorithm-based personalized aesthetic templates,INTERNATIONAL JOURNAL OF ORAL AND MAXILLOFACIAL SURGERY,journalArticle,R7BP6AWA,Tuin 等 - 2020 - Three-dimensional facial volume analysis using algorithm-based personalized aesthetic templates.pdf,INCLUDE,"该研究自身在材料与方法中使用 Meshmixer 3D software 设计标准化美学模板（""a standardized template ... was designed using Meshmixer 3D software""），并使用 MATLAB v2017a 进行自动标志点检测（""located on every 3D image using the MATLAB v2017a ... automatic landmark detection program""）。",Meshmixer; MATLAB,Oral and Maxillofacial Surgery,3D data analysis and accuracy assessment,clinical,"【判定】: INCLUDE
【判定理由】: 该研究自身在材料与方法中使用 Meshmixer 3D software 设计标准化美学模板（""a standardized template ... was designed using Meshmixer 3D software""），并使用 MATLAB v2017a 进行自动标志点检测（""located on every 3D image using the MATLAB v2017a ... automatic landmark detection program""）。
【软件】: Meshmixer; MATLAB
【专科】: Oral and Maxillofacial Surgery
【应用场景】: 3D data analysis and accuracy assessment
【研究设计】: clinical"
maxillary reconstruction using subperiosteal dental implants a clinical report,Maxillary reconstruction using subperiosteal dental implants: A clinical report,JOURNAL OF PROSTHODONTICS-IMPLANT ESTHETIC AND RECONSTRUCTIVE DENTISTRY,journalArticle,BZKU394G,Machine和Nadjmi - 2025 - Maxillary reconstruction using subperiosteal dental implants A clinical report.pdf,EXCLUDE,"证据片段仅泛泛提及""digital and CAD-CAM technology""和""Virtual planning of prosthesis""，未出现任何具名的第三方非牙科3D软件被该研究自己使用。",-,-,-,-,"【判定】: EXCLUDE
【判定理由】: 证据片段仅泛泛提及""digital and CAD-CAM technology""和""Virtual planning of prosthesis""，未出现任何具名的第三方非牙科3D软件被该研究自己使用。
【软件】: -
【专科】: -
【应用场景】: -
【研究设计】: -"
accuracy of different impression techniques for multiunit implant restoration a qualitative in vitro study,Accuracy of different impression techniques for multiunit implant restoration: A qualitative in vitro study,JOURNAL OF PROSTHETIC DENTISTRY,journalArticle,TXP7BVWJ,Ismail和Alhajj - 2020 - Accuracy of different impression techniques for multiunit implant restoration A qualitative in vitr.pdf,EXCLUDE,"证据片段中唯一具名的软件是统计分析软件""IBM SPSS Statistics, v22.0; IBM Corp""，属于统计分析工具而非用于3D数据处理/分析/建模/测量的非牙科3D软件；CAD-CAM框架由第三方（Cagenix Inc）制作，研究自身未使用具名第三方非牙科3D软件。",-,-,-,-,"【判定】: EXCLUDE
【判定理由】: 证据片段中唯一具名的软件是统计分析软件""IBM SPSS Statistics, v22.0; IBM Corp""，属于统计分析工具而非用于3D数据处理/分析/建模/测量的非牙科3D软件；CAD-CAM框架由第三方（Cagenix Inc）制作，研究自身未使用具名第三方非牙科3D软件。
【软件】: -
【专科】: -
【应用场景】: -
【研究设计】: -"
toothnroll an r package for landmarking measuring and mapping dental tissues of hominoid anterior teeth,"Toothnroll: An R Package for Landmarking, Measuring, and Mapping Dental Tissues of Hominoid Anterior Teeth",AMERICAN JOURNAL OF BIOLOGICAL ANTHROPOLOGY,journalArticle,CES5463F,"Profico 等 - 2025 - Toothnroll  An R Package for Landmarking, Measuring, and Mapping Dental Tissues of Hominoid.pdf",EXCLUDE,"该研究自身开发了 R 包 Toothnroll（""The R code and runnable examples are freely distributed in the R-package Toothnroll""），属于自研程序；虽然使用了 Avizo 7.0 进行分割，但 Avizo 仅用于样本制备，且该研究主题为人类学牙齿形态学，不属于口腔医学任一学科。",-,-,-,-,"【判定】: EXCLUDE
【判定理由】: 该研究自身开发了 R 包 Toothnroll（""The R code and runnable examples are freely distributed in the R-package Toothnroll""），属于自研程序；虽然使用了 Avizo 7.0 进行分割，但 Avizo 仅用于样本制备，且该研究主题为人类学牙齿形态学，不属于口腔医学任一学科。
【软件】: -
【专科】: -
【应用场景】: -
【研究设计】: -"
an in vitro study of the reproducibility of the drilling access of digitalized surgical guides generated via three different implant planning software programs,An In Vitro Study of the Reproducibility of the Drilling Access of Digitalized Surgical Guides Generated via Three Different Implant Planning Software Programs,APPLIED SCIENCES-BASEL,journalArticle,YHMC9EU4,Visuttiwattanakorn和Phatthanagowit - 2022 - An In Vitro Study of the Reproducibility of the Drilling Access of Digitalized Surgical Guides Gener.pdf,EXCLUDE,"该研究仅使用了 Implant Studio、coDiagnostiX、Blue Sky Plan 三个牙科专用种植规划软件（""three different software programs, including Implant Studio... coDiagnostiX... and Blue Sky Plan""），未使用任何具名的第三方非牙科3D软件。",-,-,-,-,"【判定】: EXCLUDE
【判定理由】: 该研究仅使用了 Implant Studio、coDiagnostiX、Blue Sky Plan 三个牙科专用种植规划软件（""three different software programs, including Implant Studio... coDiagnostiX... and Blue Sky Plan""），未使用任何具名的第三方非牙科3D软件。
【软件】: -
【专科】: -
【应用场景】: -
【研究设计】: -"
suitability and trueness of the removable partial denture framework fabricating by polyether ether ketone with cad cam technology,Suitability and Trueness of the Removable Partial Denture Framework Fabricating by Polyether Ether Ketone with CAD-CAM Technology,POLYMERS,journalArticle,46W9JXVL,Zhao 等 - 2024 - Suitability and Trueness of the Removable Partial Denture Framework Fabricating by Polyether Ether K.pdf,EXCLUDE,"抽取的证据片段仅泛泛提及""CAD-CAM technology""和""three-dimensional image overlay method""，未出现任何具名的第三方非牙科3D软件（如 Geomagic、Mimics 等）被该研究自己使用。",-,-,-,-,"【判定】: EXCLUDE
【判定理由】: 抽取的证据片段仅泛泛提及""CAD-CAM technology""和""three-dimensional image overlay method""，未出现任何具名的第三方非牙科3D软件（如 Geomagic、Mimics 等）被该研究自己使用。
【软件】: -
【专科】: -
【应用场景】: -
【研究设计】: -"
biomechanical effect of implant thickness and screw diameter on cfr peek subperiosteal implants a three dimensional finite element analysis,Biomechanical effect of implant thickness and screw diameter on CFR-PEEK subperiosteal implants: a three-dimensional finite element analysis,SCIENTIFIC REPORTS,journalArticle,FIMEVJK3,Etik和Keskin Yalcin - 2026 - Biomechanical effect of implant thickness and screw diameter on CFR-PEEK subperiosteal implants a t.pdf,EXCLUDE,"抽取的证据片段仅泛泛提及""three-dimensional finite element analysis (FEA)""及""CAD/CAM""，未出现任何该研究自身使用的具名第三方非牙科3D软件（如 Mimics、ANSYS、ABAQUS 等）。",-,-,-,-,"【判定】: EXCLUDE
【判定理由】: 抽取的证据片段仅泛泛提及""three-dimensional finite element analysis (FEA)""及""CAD/CAM""，未出现任何该研究自身使用的具名第三方非牙科3D软件（如 Mimics、ANSYS、ABAQUS 等）。
【软件】: -
【专科】: -
【应用场景】: -
【研究设计】: -"
a discrete event simulation method for performance analysis of an additive manufacturing in the dental clinic,A discrete event simulation method for performance analysis of an additive manufacturing in the dental clinic,INTERNATIONAL JOURNAL OF ADVANCED MANUFACTURING TECHNOLOGY,journalArticle,QSRSEXXN,Kamali 等 - 2022 - A discrete event simulation method for performance analysis of an additive manufacturing in the dent.pdf,EXCLUDE,"该研究使用的是 Arena 软件进行离散事件仿真（""simulated in Arena software""），Arena 是仿真建模软件，并非用于3D数据的处理、分析、建模或测量，不符合纳入标准第2条。",-,-,-,-,"【判定】: EXCLUDE
【判定理由】: 该研究使用的是 Arena 软件进行离散事件仿真（""simulated in Arena software""），Arena 是仿真建模软件，并非用于3D数据的处理、分析、建模或测量，不符合纳入标准第2条。
【软件】: -
【专科】: -
【应用场景】: -
【研究设计】: -"
effect of various printing parameters on the accuracy trueness and precision of 3d printed partial denture framework,Effect of various printing parameters on the accuracy (trueness and precision) of 3D-printed partial denture framework,JOURNAL OF THE MECHANICAL BEHAVIOR OF BIOMEDICAL MATERIALS,journalArticle,EBNEIKEM,Grymak 等 - 2023 - Effect of various printing parameters on the accuracy (trueness and precision) of 3D-printed partial.pdf,INCLUDE,"该研究自身在数据分析中使用具名第三方非牙科软件，证据片段明确写道 ""Data was statistically analysed using Shapiro-Wilk and Kruskal-Wallis tests, one-way ANOVA and T- test (SPSS Version 29) and MATLAB (R2022b)""，其中 MATLAB 用于3D偏差数据的计算分析。",MATLAB,Prosthodontics,3D data analysis and accuracy assessment,in_vitro,"【判定】: INCLUDE
【判定理由】: 该研究自身在数据分析中使用具名第三方非牙科软件，证据片段明确写道 ""Data was statistically analysed using Shapiro-Wilk and Kruskal-Wallis tests, one-way ANOVA and T- test (SPSS Version 29) and MATLAB (R2022b)""，其中 MATLAB 用于3D偏差数据的计算分析。
【软件】: MATLAB
【专科】: Prosthodontics
【应用场景】: 3D data analysis and accuracy assessment
【研究设计】: in_vitro"
open access segmentations of intraoperative brain tumor ultrasound images,Open access segmentations of intraoperative brain tumor ultrasound images,MEDICAL PHYSICS,journalArticle,Q9P7VA83,Behboodi 等 - 2024 - Open access segmentations of intraoperative brain tumor ultrasound images.pdf,EXCLUDE,"该文献主题为神经外科脑肿瘤超声图像分割数据集（""segmentations of tumor tissues, sulci, falx cerebri, and resection cavity""），不属于口腔医学任一学科；且证据片段中未出现任何该研究自身使用的具名第三方非牙科3D软件。",-,-,-,-,"【判定】: EXCLUDE
【判定理由】: 该文献主题为神经外科脑肿瘤超声图像分割数据集（""segmentations of tumor tissues, sulci, falx cerebri, and resection cavity""），不属于口腔医学任一学科；且证据片段中未出现任何该研究自身使用的具名第三方非牙科3D软件。
【软件】: -
【专科】: -
【应用场景】: -
【研究设计】: -"
usct uncertainty regularized symmetric consistency learning for semi supervised teeth segmentation in cbct,USCT: Uncertainty-regularized symmetric consistency learning for semi-supervised teeth segmentation in CBCT,BIOMEDICAL SIGNAL PROCESSING AND CONTROL,journalArticle,H25H88EY,Jing 等 - 2024 - USCT Uncertainty-regularized symmetric consistency learning for semi-supervised teeth segmentation.pdf,EXCLUDE,"该研究提出的是自研的对称一致性半监督分割网络（""we propose a symmetric consistent semi-supervised segmentation network by uncertainty regularization""），证据片段中未出现任何具名的第三方非牙科3D软件被该研究自己使用。",-,-,-,-,"【判定】: EXCLUDE
【判定理由】: 该研究提出的是自研的对称一致性半监督分割网络（""we propose a symmetric consistent semi-supervised segmentation network by uncertainty regularization""），证据片段中未出现任何具名的第三方非牙科3D软件被该研究自己使用。
【软件】: -
【专科】: -
【应用场景】: -
【研究设计】: -"
3d modeling of the frontal sinus as a contribution tool for human identification a case report,3D modeling of the frontal sinus as a contribution tool for human identification - a case report,INTERNATIONAL JOURNAL OF LEGAL MEDICINE,journalArticle,BCQSD5UJ,Gabolli 等 - 2026 - 3D modeling of the frontal sinus as a contribution tool for human identification - a case report.pdf,EXCLUDE,"证据片段仅泛泛提及""open-source software""和""3D modeling""，未出现任何具名的第三方非牙科3D软件（如Mimics、3D Slicer等）被该研究自己使用。",-,-,-,-,"【判定】: EXCLUDE
【判定理由】: 证据片段仅泛泛提及""open-source software""和""3D modeling""，未出现任何具名的第三方非牙科3D软件（如Mimics、3D Slicer等）被该研究自己使用。
【软件】: -
【专科】: -
【应用场景】: -
【研究设计】: -"
subtractive versus additive indirect manufacturing techniques of digitally designed partial dentures,Subtractive versus additive indirect manufacturing techniques of digitally designed partial dentures,JOURNAL OF ADVANCED PROSTHODONTICS,journalArticle,TI4JGF9N,Snosi 等 - 2021 - Subtractive versus additive indirect manufacturing techniques of digitally designed partial dentures.pdf,INCLUDE,"该研究自身在材料与方法中使用""Geomagic Control X software""进行""Comparative 3D analysis...to measure the accuracy of the fabricated frameworks""，Geomagic 为非牙科第三方3D软件。",Geomagic Control X,Prosthodontics,3D data analysis and accuracy assessment,in_vitro,"【判定】: INCLUDE
【判定理由】: 该研究自身在材料与方法中使用""Geomagic Control X software""进行""Comparative 3D analysis...to measure the accuracy of the fabricated frameworks""，Geomagic 为非牙科第三方3D软件。
【软件】: Geomagic Control X
【专科】: Prosthodontics
【应用场景】: 3D data analysis and accuracy assessment
【研究设计】: in_vitro"
development and validation of a robotic system for milling individualized jawbone cavities in oral and maxillofacial surgery,Development and validation of a robotic system for milling individualized jawbone cavities in oral and maxillofacial surgery,JOURNAL OF DENTISTRY,journalArticle,WWG3SIDR,Liu 等 - 2024 - Development and validation of a robotic system for milling individualized jawbone cavities in oral a.pdf,EXCLUDE,"证据片段中该研究自己使用的软件为""Dental Navi 3.0.0, Yakebot Technology Ltd., China""，属于牙科专用机器人导航软件，未出现任何具名的第三方非牙科3D软件被该研究自身使用。",-,-,-,-,"【判定】: EXCLUDE
【判定理由】: 证据片段中该研究自己使用的软件为""Dental Navi 3.0.0, Yakebot Technology Ltd., China""，属于牙科专用机器人导航软件，未出现任何具名的第三方非牙科3D软件被该研究自身使用。
【软件】: -
【专科】: -
【应用场景】: -
【研究设计】: -"
workflow for the creation of 3d stereoscopic models of supra and infratentorial brain venous anatomy and their integration in a virtual reality environment,Workflow for the Creation of 3D Stereoscopic Models of Supra- and Infratentorial Brain Venous Anatomy and their Integration in a Virtual Reality Environment,NEUROINFORMATICS,journalArticle,XLKXHVXY,Carbone 等 - 2025 - Workflow for the Creation of 3D Stereoscopic Models of Supra- and Infratentorial Brain Venous Anatom.pdf,EXCLUDE,"该研究主题为脑静脉系统的3D解剖模型与VR教学，不属于口腔医学任一学科；且证据中仅泛泛提及""using open-source software""，未出现任何具名的第三方非牙科3D软件。",-,-,-,-,"【判定】: EXCLUDE
【判定理由】: 该研究主题为脑静脉系统的3D解剖模型与VR教学，不属于口腔医学任一学科；且证据中仅泛泛提及""using open-source software""，未出现任何具名的第三方非牙科3D软件。
【软件】: -
【专科】: -
【应用场景】: -
【研究设计】: -"
three dimensional 3d printing in dental practice applications areas of interest and level of evidence,"Three-dimensional (3D) printing in dental practice: Applications, areas of interest, and level of evidence",CLINICAL ORAL INVESTIGATIONS,journalArticle,783IKDYJ,"Balhaddad 等 - 2023 - Three-dimensional (3D) printing in dental practice Applications, areas of interest, and level of ev.pdf",EXCLUDE,"该文献为范围综述（""The aim of this review to overview three-dimensional (3D) printing technologies""），属于排除的文献类型；且证据片段中未出现该研究自身使用的任何具名第三方非牙科3D软件。",-,-,-,-,"【判定】: EXCLUDE
【判定理由】: 该文献为范围综述（""The aim of this review to overview three-dimensional (3D) printing technologies""），属于排除的文献类型；且证据片段中未出现该研究自身使用的任何具名第三方非牙科3D软件。
【软件】: -
【专科】: -
【应用场景】: -
【研究设计】: -"
three dimensional dental image segmentation and classification using deep learning with tunicate swarm algorithm,Three-dimensional dental image segmentation and classification using deep learning with tunicate swarm algorithm,EXPERT SYSTEMS,journalArticle,RSZLELIR,Awari 等 - 2024 - Three‐dimensional dental image segmentation and classification using deep learning with tunicate swa.pdf,EXCLUDE,"证据片段显示该研究仅使用自研深度学习模型（""U-Net segmentation""、""DenseNet-169 model""、""tunicate swarm algorithm""），未使用任何具名的第三方非牙科3D软件。",-,-,-,-,"【判定】: EXCLUDE
【判定理由】: 证据片段显示该研究仅使用自研深度学习模型（""U-Net segmentation""、""DenseNet-169 model""、""tunicate swarm algorithm""），未使用任何具名的第三方非牙科3D软件。
【软件】: -
【专科】: -
【应用场景】: -
【研究设计】: -"
effect of data size on tooth numbering performance via artificial intelligence using panoramic radiographs,Effect of data size on tooth numbering performance via artificial intelligence using panoramic radiographs,ORAL RADIOLOGY,journalArticle,J7MWBCZY,Gülüm 等 - 2023 - Effect of data size on tooth numbering performance via artificial intelligence using panoramic radio.pdf,EXCLUDE,"证据片段仅显示该研究使用 YOLOv4 算法（自研/深度学习模型）进行牙齿编号，未出现任何具名的第三方非牙科3D软件被该研究自己使用；片段中""software""仅出现在作者贡献声明中，非软件使用证据。",-,-,-,-,"【判定】: EXCLUDE
【判定理由】: 证据片段仅显示该研究使用 YOLOv4 算法（自研/深度学习模型）进行牙齿编号，未出现任何具名的第三方非牙科3D软件被该研究自己使用；片段中""software""仅出现在作者贡献声明中，非软件使用证据。
【软件】: -
【专科】: -
【应用场景】: -
【研究设计】: -"
corticotomy depth as a modulator of orthodontic tooth movement and pdl stress a finite element study,Corticotomy Depth as a Modulator of Orthodontic Tooth Movement and PDL Stress-A Finite Element Study,MATERIALS,journalArticle,9QEYAAGH,Kuc 等 - 2025 - Corticotomy Depth as a Modulator of Orthodontic Tooth Movement and PDL Stress—A Finite Element Study.pdf,EXCLUDE,抽取的证据片段仅包含题名、作者、摘要及引言内容，未出现任何该研究自身使用的具名第三方非牙科3D软件（如 ANSYS、ABAQUS 等）的原文证据。,-,-,-,-,"【判定】: EXCLUDE
【判定理由】: 抽取的证据片段仅包含题名、作者、摘要及引言内容，未出现任何该研究自身使用的具名第三方非牙科3D软件（如 ANSYS、ABAQUS 等）的原文证据。
【软件】: -
【专科】: -
【应用场景】: -
【研究设计】: -"
artificial intelligence in detecting and segmenting vertical misfit of prosthesis in radiographic images of dental implants a cross sectional analysis,Artificial Intelligence in Detecting and Segmenting Vertical Misfit of Prosthesis in Radiographic Images of Dental Implants: A Cross-Sectional Analysis,CLINICAL ORAL IMPLANTS RESEARCH,journalArticle,9MTJQ34Q,Fasih 等 - 2025 - Artificial Intelligence in Detecting and Segmenting Vertical Misfit of Prosthesis in Radiographic Im.pdf,EXCLUDE,该研究仅使用自研深度学习模型（ResNet-50、U-Net）及 Python/TensorFlow 编程实现，证据片段中未出现任何具名的第三方非牙科3D软件被该研究自身使用（Roboflow 为标注平台，非3D处理软件）。,-,-,-,-,"【判定】: EXCLUDE
【判定理由】: 该研究仅使用自研深度学习模型（ResNet-50、U-Net）及 Python/TensorFlow 编程实现，证据片段中未出现任何具名的第三方非牙科3D软件被该研究自身使用（Roboflow 为标注平台，非3D处理软件）。
【软件】: -
【专科】: -
【应用场景】: -
【研究设计】: -"
computer aided design and additively manufactured resin bonded framework to retain an existing ceramic crown as the interim restoration after extraction a dental technique,Computer-aided design and additively manufactured resin-bonded framework to retain an existing ceramic crown as the interim restoration after extraction: A dental technique,JOURNAL OF PROSTHETIC DENTISTRY,journalArticle,6KII8UX6,Chun 等 - 2024 - Computer-aided design and additively manufactured resin-bonded framework to retain an existing ceram.pdf,EXCLUDE,该研究仅使用了牙科专用软件（exocad Dental 3.0 Galway）和3D打印软件（Vida HD; EnvisionTEC），证据片段中未出现任何具名的第三方非牙科3D软件被该研究自身使用。,-,-,-,-,"【判定】: EXCLUDE
【判定理由】: 该研究仅使用了牙科专用软件（exocad Dental 3.0 Galway）和3D打印软件（Vida HD; EnvisionTEC），证据片段中未出现任何具名的第三方非牙科3D软件被该研究自身使用。
【软件】: -
【专科】: -
【应用场景】: -
【研究设计】: -"
three dimensional evaluation of zygomaticomaxillary complex displacement and rotational centre in adults induced by maxillary skeletal expander analysed with cbct and heuristic search algorithm,"Three-Dimensional Evaluation of Zygomaticomaxillary Complex Displacement and Rotational Centre in Adults Induced by Maxillary Skeletal Expander, Analysed With CBCT and Heuristic Search Algorithm",ORTHODONTICS & CRANIOFACIAL RESEARCH,journalArticle,ANTXG7HM,Hu 等 - 2026 - Three‐Dimensional Evaluation of Zygomaticomaxillary Complex Displacement and Rotational Centre in Ad.pdf,EXCLUDE,"证据片段仅显示该研究使用自研的""heuristic search algorithm""（启发式搜索算法）处理3D重建模型，未提及任何具名的第三方非牙科3D软件（如Mimics、3D Slicer等）。",-,-,-,-,"【判定】: EXCLUDE
【判定理由】: 证据片段仅显示该研究使用自研的""heuristic search algorithm""（启发式搜索算法）处理3D重建模型，未提及任何具名的第三方非牙科3D软件（如Mimics、3D Slicer等）。
【软件】: -
【专科】: -
【应用场景】: -
【研究设计】: -"
flexible allyl modified gelatin photoclick resin tailored for volumetric bioprinting of matrices for soft tissue engineering,Flexible Allyl-Modified Gelatin Photoclick Resin Tailored for Volumetric Bioprinting of Matrices for Soft Tissue Engineering,ADVANCED HEALTHCARE MATERIALS,journalArticle,NY8FFRL4,Cianciosi 等 - 2023 - Flexible Allyl‐Modified Gelatin Photoclick Resin Tailored for Volumetric Bioprinting of Matrices for.pdf,EXCLUDE,"该研究主题为软组织工程的体积生物打印，不属于口腔医学任一学科；且证据中仅提及""built-in software function (Readily 3D SA)""，并非具名第三方非牙科3D软件。",-,-,-,-,"【判定】: EXCLUDE
【判定理由】: 该研究主题为软组织工程的体积生物打印，不属于口腔医学任一学科；且证据中仅提及""built-in software function (Readily 3D SA)""，并非具名第三方非牙科3D软件。
【软件】: -
【专科】: -
【应用场景】: -
【研究设计】: -"
does printing orientation matter in polyjet 3d printed teeth for endodontics a micro ct analysis,Does Printing Orientation Matter in PolyJet 3D Printed Teeth for Endodontics? A Micro-CT Analysis,JOURNAL OF FUNCTIONAL BIOMATERIALS,journalArticle,K9ID822E,Barbosa 等 - 2025 - Does Printing Orientation Matter in PolyJet 3D Printed Teeth for Endodontics A Micro-CT Analysis.pdf,INCLUDE,"该研究自身在材料与方法中使用 MeshLab（""The STL models were imported into MeshLab software (version 2021.10...)""）进行根管形态的定性分析，MeshLab 为具名的第三方非牙科3D软件。",MeshLab,Endodontics,Morphological and phenotypic analysis,in_vitro,"【判定】: INCLUDE
【判定理由】: 该研究自身在材料与方法中使用 MeshLab（""The STL models were imported into MeshLab software (version 2021.10...)""）进行根管形态的定性分析，MeshLab 为具名的第三方非牙科3D软件。
【软件】: MeshLab
【专科】: Endodontics
【应用场景】: Morphological and phenotypic analysis
【研究设计】: in_vitro"
three dimensional thermophotonic image optimization modalities of truncated correlation photothermal coherence tomography,Three-dimensional thermophotonic image optimization modalities of truncated correlation photothermal coherence tomography,JOURNAL OF BIOPHOTONICS,journalArticle,5V3UD9KJ,Welch 等 - 2022 - Three‐dimensional thermophotonic image optimization modalities of truncated correlation photothermal.pdf,EXCLUDE,"证据片段仅描述该研究自研的 TC-PCT/eTC-PCT 算法与 LIOP 通道（""The TC-PCT and eTC-PCT algorithms and the LIOP channel are used to produce three-dimensional reconstructions""），未提及任何具名的第三方非牙科3D软件。",-,-,-,-,"【判定】: EXCLUDE
【判定理由】: 证据片段仅描述该研究自研的 TC-PCT/eTC-PCT 算法与 LIOP 通道（""The TC-PCT and eTC-PCT algorithms and the LIOP channel are used to produce three-dimensional reconstructions""），未提及任何具名的第三方非牙科3D软件。
【软件】: -
【专科】: -
【应用场景】: -
【研究设计】: -"
effect of different impression techniques on marginal integrity of cad cam milled all on four mandibular frameworks an in vitro study,Effect of different impression techniques on marginal integrity of CAD-CAM milled all-on-four mandibular frameworks: an in vitro study,BMC ORAL HEALTH,journalArticle,GKQDU4CQ,Mahmoud 等 - 2025 - Effect of different impression techniques on marginal integrity of CAD-CAM milled all-on-four mandib.pdf,EXCLUDE,证据片段中出现的具名软件为 Exocad（DentalCad）和 Blue Sky Plan，均属牙科专用软件；Medit i-700 与 Medit T-Series 为牙科扫描设备，未出现任何该研究自身使用的具名第三方非牙科3D软件。,-,-,-,-,"【判定】: EXCLUDE
【判定理由】: 证据片段中出现的具名软件为 Exocad（DentalCad）和 Blue Sky Plan，均属牙科专用软件；Medit i-700 与 Medit T-Series 为牙科扫描设备，未出现任何该研究自身使用的具名第三方非牙科3D软件。
【软件】: -
【专科】: -
【应用场景】: -
【研究设计】: -"
three dimensional evaluation of the effects of bionator and forsus appliances on oropharyngeal airway volume in patients with mandibular retrognathia,Three-dimensional evaluation of the effects of Bionator and Forsus appliances on oropharyngeal airway volume in patients with mandibular retrognathia,CRANIO-THE JOURNAL OF CRANIOMANDIBULAR & SLEEP PRACTICE,journalArticle,29Y6WKV5,Meriç和Karadede - 2023 - Three-dimensional evaluation of the effects of Bionator and Forsus appliances on oropharyngeal airwa.pdf,EXCLUDE,"该研究仅使用牙科专用软件 Dolphin 3D software 进行气道测量，证据中虽提及 ImageJ，但 ImageJ 为二维图像分析软件而非三维软件，且未用于3D数据处理；不满足""具名第三方非牙科三维软件""的纳入标准。",-,-,-,-,"【判定】: EXCLUDE
【判定理由】: 该研究仅使用牙科专用软件 Dolphin 3D software 进行气道测量，证据中虽提及 ImageJ，但 ImageJ 为二维图像分析软件而非三维软件，且未用于3D数据处理；不满足""具名第三方非牙科三维软件""的纳入标准。
【软件】: -
【专科】: -
【应用场景】: -
【研究设计】: -"
accurate prediction of melt electrowritten laydown patterns from simple geometrical considerations,Accurate Prediction of Melt Electrowritten Laydown Patterns from Simple Geometrical Considerations,ADVANCED MATERIALS TECHNOLOGIES,journalArticle,8B5C3WBK,Hrynevich 等 - 2020 - Accurate Prediction of Melt Electrowritten Laydown Patterns from Simple Geometrical Considerations.pdf,EXCLUDE,该研究主题为熔融静电纺丝（MEW）增材制造技术，不属于口腔医学任一学科；且证据片段中仅提及自研几何模型与G-code，未使用任何具名第三方非牙科3D软件。,-,-,-,-,"【判定】: EXCLUDE
【判定理由】: 该研究主题为熔融静电纺丝（MEW）增材制造技术，不属于口腔医学任一学科；且证据片段中仅提及自研几何模型与G-code，未使用任何具名第三方非牙科3D软件。
【软件】: -
【专科】: -
【应用场景】: -
【研究设计】: -"
three dimensional hemisided analysis of the pharyngeal airway a novel technical strategy to evaluate asymmetric remodeling after orthognathic surgery,Three-Dimensional Hemisided Analysis of the Pharyngeal Airway: A Novel Technical Strategy to Evaluate Asymmetric Remodeling After Orthognathic Surgery,JOURNAL OF CRANIOFACIAL SURGERY,journalArticle,E84ZXP9F,Kikuta 等 - 2025 - Three-Dimensional Hemisided Analysis of the Pharyngeal Airway A Novel Technical Strategy to Evaluat.pdf,EXCLUDE,"证据片段显示该研究仅使用牙科专用软件进行分割：""Segmentation of the pharyngeal airway was performed using the sinus/airway tool of Dolphin 3D Imaging software""，Dolphin 3D Imaging 属牙科专用软件，未使用任何具名第三方非牙科3D软件。",-,-,-,-,"【判定】: EXCLUDE
【判定理由】: 证据片段显示该研究仅使用牙科专用软件进行分割：""Segmentation of the pharyngeal airway was performed using the sinus/airway tool of Dolphin 3D Imaging software""，Dolphin 3D Imaging 属牙科专用软件，未使用任何具名第三方非牙科3D软件。
【软件】: -
【专科】: -
【应用场景】: -
【研究设计】: -"
augmented reality presentation system of skeleton image based on biomedical features,Augmented reality presentation system of skeleton image based on biomedical features,VIRTUAL REALITY,journalArticle,C5PC5D7P,Sun 等 - 2024 - Augmented reality presentation system of skeleton image based on biomedical features.pdf,EXCLUDE,证据片段仅泛泛提及传统重建算法（如FBP、FDK、ART、SART）及自研的特征提取匹配算法，未出现任何该研究自身使用的具名第三方非牙科3D软件。,-,-,-,-,"【判定】: EXCLUDE
【判定理由】: 证据片段仅泛泛提及传统重建算法（如FBP、FDK、ART、SART）及自研的特征提取匹配算法，未出现任何该研究自身使用的具名第三方非牙科3D软件。
【软件】: -
【专科】: -
【应用场景】: -
【研究设计】: -"
a tooth segmentation method based on multiple geometric feature learning,A Tooth Segmentation Method Based on Multiple Geometric Feature Learning,HEALTHCARE,journalArticle,J44Q7MX9,Ma 等 - 2022 - A Tooth Segmentation Method Based on Multiple Geometric Feature Learning..pdf,EXCLUDE,"该研究提出的是自研的深度学习分割算法（""a tooth segmentation method based on multiple geometric feature learning is proposed in this paper""），使用 T-Net、MLP、ECA 等自建模块，证据片段中未出现任何具名的第三方非牙科3D软件被该研究自己使用。",-,-,-,-,"【判定】: EXCLUDE
【判定理由】: 该研究提出的是自研的深度学习分割算法（""a tooth segmentation method based on multiple geometric feature learning is proposed in this paper""），使用 T-Net、MLP、ECA 等自建模块，证据片段中未出现任何具名的第三方非牙科3D软件被该研究自己使用。
【软件】: -
【专科】: -
【应用场景】: -
【研究设计】: -"
automated analysis of three dimensional cbct images taken in natural head position that combines facial profile processing and multiple deep learning models,Automated analysis of three-dimensional CBCT images taken in natural head position that combines facial profile processing and multiple deep-learning models,COMPUTER METHODS AND PROGRAMS IN BIOMEDICINE,journalArticle,NB6F7YE9,Ahn 等 - 2022 - Automated analysis of three-dimensional CBCT images taken in natural head position that combines fac.pdf,EXCLUDE,"证据片段显示该研究""applying Mask-RCNN, a trained decentralized convolutional neural network""，即使用自研深度学习模型，且对比测量使用的是""a commercial dental program""（牙科专用软件），未使用具名第三方非牙科3D软件。",-,-,-,-,"【判定】: EXCLUDE
【判定理由】: 证据片段显示该研究""applying Mask-RCNN, a trained decentralized convolutional neural network""，即使用自研深度学习模型，且对比测量使用的是""a commercial dental program""（牙科专用软件），未使用具名第三方非牙科3D软件。
【软件】: -
【专科】: -
【应用场景】: -
【研究设计】: -"
a 3d printed customizable platform for multiplex dynamic biofilm studies,A 3D-Printed Customizable Platform for Multiplex Dynamic Biofilm Studies,ADVANCED MATERIALS TECHNOLOGIES,journalArticle,K9WWSFHG,Dhall 等 - 2022 - A 3D-Printed Customizable Platform for Multiplex Dynamic Biofilm Studies..pdf,EXCLUDE,"证据片段中仅泛泛提及""Computer Aided Design software""和自编的""Python""程序/GUI，未出现任何该研究自身使用的具名第三方非牙科3D软件（如Mimics、3D Slicer、Geomagic等）。",-,-,-,-,"【判定】: EXCLUDE
【判定理由】: 证据片段中仅泛泛提及""Computer Aided Design software""和自编的""Python""程序/GUI，未出现任何该研究自身使用的具名第三方非牙科3D软件（如Mimics、3D Slicer、Geomagic等）。
【软件】: -
【专科】: -
【应用场景】: -
【研究设计】: -"
clinical validation of the virtual splint registration workflow for craniomaxillofacial surgery,Clinical validation of the virtual splint registration workflow for craniomaxillofacial surgery,INTERNATIONAL JOURNAL OF ORAL AND MAXILLOFACIAL SURGERY,journalArticle,FGNMQN65,Sabelis 等 - 2025 - Clinical validation of the virtual splint registration workflow for craniomaxillofacial surgery.pdf,EXCLUDE,"证据片段仅提及""Dedicated orthognathic surgery software""和""navigation software""等泛称，未出现任何具名的第三方非牙科3D软件（如Mimics、3D Slicer等）被该研究自己使用。",-,-,-,-,"【判定】: EXCLUDE
【判定理由】: 证据片段仅提及""Dedicated orthognathic surgery software""和""navigation software""等泛称，未出现任何具名的第三方非牙科3D软件（如Mimics、3D Slicer等）被该研究自己使用。
【软件】: -
【专科】: -
【应用场景】: -
【研究设计】: -"
2d to 3d predicting three dimensional 3d cephalometric measurements from two conventional x ray images,2D-to-3D: Predicting three-dimensional (3D) cephalometric measurements from two conventional X-ray images,JOURNAL OF OROFACIAL ORTHOPEDICS-FORTSCHRITTE DER KIEFERORTHOPADIE,journalArticle,Q3UWJ9BC,Gupta 等 - 2025 - 2D-to-3D Predicting three-dimensional (3D) cephalometric measurements from two conventional X-ray i.pdf,INCLUDE,"该研究自身在方法中使用 MATLAB 进行三维标志点预测与头影测量计算，证据原文为 ""An image registration-based method was implemented using the MATLAB (MathWorks, Natick, MA, USA) programming language for the prediction of 3D landmarks and computation of cephalometric measurements.""",MATLAB,Orthodontics,Morphological and phenotypic analysis,computational,"【判定】: INCLUDE
【判定理由】: 该研究自身在方法中使用 MATLAB 进行三维标志点预测与头影测量计算，证据原文为 ""An image registration-based method was implemented using the MATLAB (MathWorks, Natick, MA, USA) programming language for the prediction of 3D landmarks and computation of cephalometric measurements.""
【软件】: MATLAB
【专科】: Orthodontics
【应用场景】: Morphological and phenotypic analysis
【研究设计】: computational"
enhancing preclinical dental education through a vr based digital platform for inlay tooth preparation,Enhancing preclinical dental education through a VR-based digital platform for inlay tooth preparation,BMC MEDICAL EDUCATION,journalArticle,9S2FY68J,Sun 等 - 2025 - Enhancing preclinical dental education through a VR-based digital platform for inlay tooth preparati.pdf,EXCLUDE,"证据片段显示该研究使用 ""IntelliJ IDEA, Visual Studio, and Unity"" 开发平台，这些是通用软件开发工具而非用于3D数据处理、分析、建模或测量的具名第三方非牙科3D软件，不符合纳入标准第2条。",-,-,-,-,"【判定】: EXCLUDE
【判定理由】: 证据片段显示该研究使用 ""IntelliJ IDEA, Visual Studio, and Unity"" 开发平台，这些是通用软件开发工具而非用于3D数据处理、分析、建模或测量的具名第三方非牙科3D软件，不符合纳入标准第2条。
【软件】: -
【专科】: -
【应用场景】: -
【研究设计】: -"
flexural strength and mode of failure of interim implant supported fixed dental prostheses following different conversion techniques and structural reinforcement,Flexural strength and mode of failure of interim implant- supported fixed dental prostheses following different conversion techniques and structural reinforcement,JOURNAL OF PROSTHETIC DENTISTRY,journalArticle,6YK2IBH7,Breitman 等 - 2025 - Flexural strength and mode of failure of interim implant-supported fixed dental prostheses following.pdf,EXCLUDE,"证据片段中唯一具名的软件为""G*Power version 3.1.9.7""，仅用于样本量功效分析，并非用于3D数据的处理、分析、建模或测量；其余提及的CAD-CAM为制造工艺而非具名第三方非牙科3D软件。",-,-,-,-,"【判定】: EXCLUDE
【判定理由】: 证据片段中唯一具名的软件为""G*Power version 3.1.9.7""，仅用于样本量功效分析，并非用于3D数据的处理、分析、建模或测量；其余提及的CAD-CAM为制造工艺而非具名第三方非牙科3D软件。
【软件】: -
【专科】: -
【应用场景】: -
【研究设计】: -"
comparing the trueness of 3d printing and conventional casting for removable partial denture metal framework fabrication in different mandibular major connectors designs an in vitro study,Comparing the trueness of 3D printing and conventional casting for removable partial denture metal framework fabrication in different mandibular major connectors designs: An in vitro study,JOURNAL OF PROSTHETIC DENTISTRY,journalArticle,8F9WEIIK,Sasithornvechakul 等 - 2026 - Comparing the trueness of 3D printing and conventional casting for removable partial denture metal f.pdf,INCLUDE,"该研究自身在材料与方法中使用 Geomagic Control X 软件进行三维叠加与间隙测量（""All metal frameworks were scanned and superimposed with the definitive casts with the Geomagic Control X software program""），Geomagic 为非牙科三维软件。",Geomagic Control X,Prosthodontics,3D data analysis and accuracy assessment,in_vitro,"【判定】: INCLUDE
【判定理由】: 该研究自身在材料与方法中使用 Geomagic Control X 软件进行三维叠加与间隙测量（""All metal frameworks were scanned and superimposed with the definitive casts with the Geomagic Control X software program""），Geomagic 为非牙科三维软件。
【软件】: Geomagic Control X
【专科】: Prosthodontics
【应用场景】: 3D data analysis and accuracy assessment
【研究设计】: in_vitro"
trueness and marginal fit of implant supported complete arch fixed prosthesis frameworks made of high performance polymers and titanium an explorative in vitro study,Trueness and marginal fit of implant-supported complete-arch fixed prosthesis frameworks made of high-performance polymers and titanium: An explorative in-vitro study,JOURNAL OF DENTISTRY,journalArticle,X8S8V6W9,Abou-Ayash 等 - 2021 - Trueness and marginal fit of implant-supported complete-arch fixed prosthesis frameworks made of hig-1.pdf,EXCLUDE,"抽取的证据片段仅提及使用""a laboratory scanner""和""an industrial light scanner""进行扫描，以及""CAD""设计，但未出现任何具名的第三方非牙科3D软件（如 Geomagic、GOM Inspect、PolyWorks 等）被该研究自己用于3D数据处理、分析或测量。",-,-,-,-,"【判定】: EXCLUDE
【判定理由】: 抽取的证据片段仅提及使用""a laboratory scanner""和""an industrial light scanner""进行扫描，以及""CAD""设计，但未出现任何具名的第三方非牙科3D软件（如 Geomagic、GOM Inspect、PolyWorks 等）被该研究自己用于3D数据处理、分析或测量。
【软件】: -
【专科】: -
【应用场景】: -
【研究设计】: -"
effect of palatal vault depth on the trueness of metal laser sintered and cast cobalt chromium removable partial denture frameworks,Effect of Palatal Vault Depth on the Trueness of Metal Laser-Sintered and Cast Cobalt-Chromium Removable Partial Denture Frameworks,JOURNAL OF PROSTHODONTICS-IMPLANT ESTHETIC AND RECONSTRUCTIVE DENTISTRY,journalArticle,ZF4BBLEI,Hamed 等 - 2023 - Effect of Palatal Vault Depth on the Trueness of Metal Laser-Sintered and Cast Cobalt-Chromium Remov.pdf,EXCLUDE,"证据片段中仅泛泛提及""CAD software""和""superimposing software""，未给出任何具名的第三方非牙科3D软件名称，无法确认该研究自身使用了具名软件。",-,-,-,-,"【判定】: EXCLUDE
【判定理由】: 证据片段中仅泛泛提及""CAD software""和""superimposing software""，未给出任何具名的第三方非牙科3D软件名称，无法确认该研究自身使用了具名软件。
【软件】: -
【专科】: -
【应用场景】: -
【研究设计】: -"
comparison of marginal and internal fit of 10 unit fixed dental prostheses fabricated from cobalt chromium alloys or zirconia ceramics using digital workflows,Comparison of marginal and internal fit of 10-unit fixed dental prostheses fabricated from cobalt chromium alloys or zirconia ceramics using digital workflows,JOURNAL OF PROSTHETIC DENTISTRY,journalArticle,4WH6LK8R,Hupe 等 - 2025 - Comparison of marginal and internal fit of 10-unit fixed dental prostheses fabricated from cobalt ch.pdf,EXCLUDE,"证据片段中唯一具名的软件是 ""Dental System 2020; 3Shape A/S""，属于牙科专用 CAD 软件，不符合""第三方非牙科3D软件""的纳入标准；其余片段仅泛泛提及 CAD-CAM 或 IOS，未指明该研究自身使用的具名非牙科3D软件。",-,-,-,-,"【判定】: EXCLUDE
【判定理由】: 证据片段中唯一具名的软件是 ""Dental System 2020; 3Shape A/S""，属于牙科专用 CAD 软件，不符合""第三方非牙科3D软件""的纳入标准；其余片段仅泛泛提及 CAD-CAM 或 IOS，未指明该研究自身使用的具名非牙科3D软件。
【软件】: -
【专科】: -
【应用场景】: -
【研究设计】: -"
sex and age biological variation of the mandible in a portuguese population a forensic and medico legal approaches with three dimensional analysis,Sex and age biological variation of the mandible in a Portuguese population- a forensic and medico-legal approaches with three-dimensional analysis,SCIENCE & JUSTICE,journalArticle,7YA2AMRR,Coelho 等 - 2021 - Sex and age biological variation of the mandible in a Portuguese population- a forensic and medico-l.pdf,INCLUDE,"证据片段明确显示该研究自身使用了具名第三方非牙科3D软件：""CBCT were imported into Mimics Innovation Suite 17.0 software (Materialise, Leuven, Belgium) and reconstructed to generate 3D craniofacial images.""",Mimics Innovation Suite,Forensic Dentistry,Image segmentation and 3D reconstruction,computational,"【判定】: INCLUDE
【判定理由】: 证据片段明确显示该研究自身使用了具名第三方非牙科3D软件：""CBCT were imported into Mimics Innovation Suite 17.0 software (Materialise, Leuven, Belgium) and reconstructed to generate 3D craniofacial images.""
【软件】: Mimics Innovation Suite
【专科】: Forensic Dentistry
【应用场景】: Image segmentation and 3D reconstruction
【研究设计】: computational"
utilization of tenting pole abutments for the reconstruction of severely resorbed alveolar bone technical considerations and case series reports,Utilization of Tenting Pole Abutments for the Reconstruction of Severely Resorbed Alveolar Bone: Technical Considerations and Case Series Reports,JOURNAL OF CLINICAL MEDICINE,journalArticle,XRZSYJ46,Sohn 等 - 2024 - Utilization of Tenting Pole Abutments for the Reconstruction of Severely Resorbed Alveolar Bone Tec.pdf,EXCLUDE,"抽取的证据片段仅涉及病例报告、手术技术与随访描述，未出现任何该研究自身使用的具名第三方非牙科3D软件（如片段中仅有""tenting pole abutment""""vertical tenting device""等器械描述）。",-,-,-,-,"【判定】: EXCLUDE
【判定理由】: 抽取的证据片段仅涉及病例报告、手术技术与随访描述，未出现任何该研究自身使用的具名第三方非牙科3D软件（如片段中仅有""tenting pole abutment""""vertical tenting device""等器械描述）。
【软件】: -
【专科】: -
【应用场景】: -
【研究设计】: -"
volume change of masticatory muscles by skeletal class iii orthognathic surgery with and without facial asymmetry a cross sectional and longitudinal study,Volume Change of Masticatory Muscles by Skeletal Class III Orthognathic Surgery with and Without Facial Asymmetry: A Cross-Sectional and Longitudinal Study,JOURNAL OF CLINICAL MEDICINE,journalArticle,SDFXVAB9,Arima 等 - 2026 - Volume Change of Masticatory Muscles by Skeletal Class III Orthognathic Surgery with and Without Fac.pdf,EXCLUDE,"证据片段中明确使用的三维软件为 ""SimPlant OMS software (Dental Version 14.0: Materialise Software, Leuven, Belgium)""，属于牙科专用软件；其余提及的 G*Power 仅用于样本量计算，非3D数据处理软件。",-,-,-,-,"【判定】: EXCLUDE
【判定理由】: 证据片段中明确使用的三维软件为 ""SimPlant OMS software (Dental Version 14.0: Materialise Software, Leuven, Belgium)""，属于牙科专用软件；其余提及的 G*Power 仅用于样本量计算，非3D数据处理软件。
【软件】: -
【专科】: -
【应用场景】: -
【研究设计】: -"
is additive manufacturing of dental zirconia comparable to subtractive methods when considering printing orientation and layer thickness a systematic review and meta analysis,Is Additive Manufacturing of Dental Zirconia Comparable to Subtractive Methods When Considering Printing Orientation and Layer Thickness? A Systematic Review and Meta-Analysis,JOURNAL OF ESTHETIC AND RESTORATIVE DENTISTRY,journalArticle,TUK7DSEX,Ruggiero 等 - 2025 - Is Additive Manufacturing of Dental Zirconia Comparable to Subtractive Methods When Considering Prin.pdf,EXCLUDE,"该文献为系统综述与Meta分析（题名及摘要明确为""A Systematic Review and Meta-Analysis""），属于被排除的文献类型；且证据片段中出现的软件（Microsoft Excel、WebPlotDigitizer、Review Manager）均为数据处理/统计工具，并非用于3D数据处理、分析、建模或测量的非牙科3D软件。",-,-,-,-,"【判定】: EXCLUDE
【判定理由】: 该文献为系统综述与Meta分析（题名及摘要明确为""A Systematic Review and Meta-Analysis""），属于被排除的文献类型；且证据片段中出现的软件（Microsoft Excel、WebPlotDigitizer、Review Manager）均为数据处理/统计工具，并非用于3D数据处理、分析、建模或测量的非牙科3D软件。
【软件】: -
【专科】: -
【应用场景】: -
【研究设计】: -"
augmented reality assisted surgical exposure of an impacted tooth a pilot study,Augmented Reality-Assisted Surgical Exposure of an Impacted Tooth: A Pilot Study,APPLIED SCIENCES-BASEL,journalArticle,FVXUA272,Macrì 等 - 2023 - Augmented Reality-Assisted Surgical Exposure of an Impacted Tooth A Pilot Study.pdf,EXCLUDE,"证据中唯一具名软件为 ""VisLab 20.10.1AR software""，但该软件是本研究用于AR配准追踪的专用AR软件，并非原始开发领域在牙科之外的第三方非牙科3D软件（如 Mimics、3D Slicer、Geomagic 等），不符合纳入标准第2条。",-,-,-,-,"【判定】: EXCLUDE
【判定理由】: 证据中唯一具名软件为 ""VisLab 20.10.1AR software""，但该软件是本研究用于AR配准追踪的专用AR软件，并非原始开发领域在牙科之外的第三方非牙科3D软件（如 Mimics、3D Slicer、Geomagic 等），不符合纳入标准第2条。
【软件】: -
【专科】: -
【应用场景】: -
【研究设计】: -"
an in vitro evaluation of bond strength and failure behavior between 3d printed cobalt chromium alloy and different types of denture base resins,An in vitro evaluation of bond strength and failure behavior between 3D-printed cobalt-chromium alloy and different types of denture base resins,JOURNAL OF DENTISTRY,journalArticle,GZCR8ZD9,Kim 等 - 2024 - An in vitro evaluation of bond strength and failure behavior between 3D-printed cobalt-chromium allo.pdf,INCLUDE,"该研究在材料与方法中明确使用""CAD software (Autodesk Meshmixer version 3.5; Autodesk, Inc., San Rafael, CA) was used to design a disk-shaped specimen""以及""slicing software (Magics version 25.0; materialise NV)""进行3D建模与数据处理。",Autodesk Meshmixer; Magics,Prosthodontics,Digital design and manufacturing,in_vitro,"【判定】: INCLUDE
【判定理由】: 该研究在材料与方法中明确使用""CAD software (Autodesk Meshmixer version 3.5; Autodesk, Inc., San Rafael, CA) was used to design a disk-shaped specimen""以及""slicing software (Magics version 25.0; materialise NV)""进行3D建模与数据处理。
【软件】: Autodesk Meshmixer; Magics
【专科】: Prosthodontics
【应用场景】: Digital design and manufacturing
【研究设计】: in_vitro"
three dimensional evaluation of the transfer accuracy of a bracket jig fabricated using computer aided design and manufacturing to the anterior dentition an in vitro study,Three-dimensional evaluation of the transfer accuracy of a bracket jig fabricated using computer-aided design and manufacturing to the anterior dentition: An in vitro study,KOREAN JOURNAL OF ORTHODONTICS,journalArticle,E962PLRC,Park 等 - 2021 - Three-dimensional evaluation of the transfer accuracy of a bracket jig fabricated using computer-aid.pdf,EXCLUDE,"证据片段仅提及""3D digital superimposition (best-fit algorithm)""和""CAD/CAM""，未出现任何具名的第三方非牙科3D软件（如Mimics、Geomagic等）被该研究自己使用。",-,-,-,-,"【判定】: EXCLUDE
【判定理由】: 证据片段仅提及""3D digital superimposition (best-fit algorithm)""和""CAD/CAM""，未出现任何具名的第三方非牙科3D软件（如Mimics、Geomagic等）被该研究自己使用。
【软件】: -
【专科】: -
【应用场景】: -
【研究设计】: -"
lrvrg a local region based variational region growing algorithm for fast mandible segmentation from cbct images,LRVRG: a local region-based variational region growing algorithm for fast mandible segmentation from CBCT images,ORAL RADIOLOGY,journalArticle,VJ7NSKC3,Jiang 等 - 2021 - LRVRG a local region-based variational region growing algorithm for fast mandible segmentation from.pdf,EXCLUDE,"该研究提出并使用自研算法""a local region-based variational region growing algorithm""（LRVRG）进行下颌骨分割，证据片段中仅提及自研算法与""Marching Cubes algorithm""，未使用任何具名的第三方非牙科3D软件。",-,-,-,-,"【判定】: EXCLUDE
【判定理由】: 该研究提出并使用自研算法""a local region-based variational region growing algorithm""（LRVRG）进行下颌骨分割，证据片段中仅提及自研算法与""Marching Cubes algorithm""，未使用任何具名的第三方非牙科3D软件。
【软件】: -
【专科】: -
【应用场景】: -
【研究设计】: -"
revolutionizing dental implant research a systematic review on three dimensional in vitro models,Revolutionizing Dental Implant Research: A Systematic Review on Three-Dimensional In Vitro Models,TISSUE ENGINEERING PART C-METHODS,journalArticle,6Q7XWKSI,Shayya 等 - 2024 - Revolutionizing Dental Implant Research A Systematic Review on Three-Dimensional In Vitro Mo.pdf,EXCLUDE,"该文献为系统综述（题名及摘要明确为""A Systematic Review""），属于被排除的文献类型；且证据片段中未出现任何该研究自身使用的具名第三方非牙科3D软件。",-,-,-,-,"【判定】: EXCLUDE
【判定理由】: 该文献为系统综述（题名及摘要明确为""A Systematic Review""），属于被排除的文献类型；且证据片段中未出现任何该研究自身使用的具名第三方非牙科3D软件。
【软件】: -
【专科】: -
【应用场景】: -
【研究设计】: -"
relationship between maxillofacial asymmetry and cranial base morphology in patients with jaw deformities a three dimensional computed tomography analysis,Relationship between maxillofacial asymmetry and cranial base morphology in patients with jaw deformities: a three-dimensional computed tomography analysis,JOURNAL OF STOMATOLOGY ORAL AND MAXILLOFACIAL SURGERY,journalArticle,ZKMI2LI4,Maung 等 - 2026 - Relationship between maxillofacial asymmetry and cranial base morphology in patients with jaw deform.pdf,EXCLUDE,"证据片段显示该研究使用的是""image processing software (PROPLAN CMF ver.3.0.1, Materialize)""，PROPLAN CMF 是牙科/颌面外科专用软件，不属于非牙科3D软件；其余软件（SPSS、G*Power）为统计分析软件，非3D处理软件。",-,-,-,-,"【判定】: EXCLUDE
【判定理由】: 证据片段显示该研究使用的是""image processing software (PROPLAN CMF ver.3.0.1, Materialize)""，PROPLAN CMF 是牙科/颌面外科专用软件，不属于非牙科3D软件；其余软件（SPSS、G*Power）为统计分析软件，非3D处理软件。
【软件】: -
【专科】: -
【应用场景】: -
【研究设计】: -"
a three year prospective study comparing stereolithography printed models to classical impression and plaster cast models in orthodontic therapy a 3d objectification approach,A Three-Year Prospective Study Comparing Stereolithography Printed Models to Classical Impression and Plaster Cast Models in Orthodontic Therapy: A 3D Objectification Approach,APPLIED SCIENCES-BASEL,journalArticle,UEHCEHSN,Nocar 等 - 2023 - A Three-Year Prospective Study Comparing Stereolithography Printed Models to Classical Impression an.pdf,EXCLUDE,"证据片段仅提及""best-fit algorithm""、""iterative closest point (ICP) algorithm""等算法及通用""software tools""，未出现任何该研究自己使用的具名第三方非牙科3D软件（如Geomagic、CloudCompare等）。",-,-,-,-,"【判定】: EXCLUDE
【判定理由】: 证据片段仅提及""best-fit algorithm""、""iterative closest point (ICP) algorithm""等算法及通用""software tools""，未出现任何该研究自己使用的具名第三方非牙科3D软件（如Geomagic、CloudCompare等）。
【软件】: -
【专科】: -
【应用场景】: -
【研究设计】: -"
automatic three dimensional facial symmetry reference plane construction based on facial planar reflective symmetry net,Automatic three-dimensional facial symmetry reference plane construction based on facial planar reflective symmetry net,JOURNAL OF DENTISTRY,journalArticle,M7P5EH6Q,Zhu 等 - 2024 - Automatic three-dimensional facial symmetry reference plane construction based on facial planar refl.pdf,EXCLUDE,"该研究自行开发了深度学习模型 FPRS-Net（""we explored the feature representation of point clouds""、""establishing a facial planar reflective symmetry net (FPRS-Net)""），属于自研算法/代码，证据片段中未出现任何该研究自己使用的具名第三方非牙科3D软件。",-,-,-,-,"【判定】: EXCLUDE
【判定理由】: 该研究自行开发了深度学习模型 FPRS-Net（""we explored the feature representation of point clouds""、""establishing a facial planar reflective symmetry net (FPRS-Net)""），属于自研算法/代码，证据片段中未出现任何该研究自己使用的具名第三方非牙科3D软件。
【软件】: -
【专科】: -
【应用场景】: -
【研究设计】: -"
tomographic similarity scan with a computed modified absolute mandibular midsagittal plane for precise and objective localization of mandibular asymmetry,Tomographic similarity scan with a computed modified absolute mandibular midsagittal plane for precise and objective localization of mandibular asymmetry,COMPUTERS IN BIOLOGY AND MEDICINE,journalArticle,5EV82UG8,Mangal 等 - 2021 - Tomographic similarity scan with a computed modified absolute mandibular midsagittal plane for preci.pdf,INCLUDE,"该研究自身在材料与方法中使用 MATLAB 进行数据处理，证据片段明确写道 ""the values were exported, along with the landmark coordinates, for further processing by a custom program in MATLAB 2019b (MathWorks, Natick, MA, USA)""。",MATLAB,Oral and Maxillofacial Surgery,Image segmentation and 3D reconstruction,computational,"【判定】: INCLUDE
【判定理由】: 该研究自身在材料与方法中使用 MATLAB 进行数据处理，证据片段明确写道 ""the values were exported, along with the landmark coordinates, for further processing by a custom program in MATLAB 2019b (MathWorks, Natick, MA, USA)""。
【软件】: MATLAB
【专科】: Oral and Maxillofacial Surgery
【应用场景】: Image segmentation and 3D reconstruction
【研究设计】: computational"
inter and intraindividual variability in virtual single tooth implant positioning,Inter- and intraindividual variability in virtual single-tooth implant positioning,CLINICAL ORAL IMPLANTS RESEARCH,journalArticle,NUN2T7K6,Raabe 等 - 2024 - Inter‐ and intraindividual variability in virtual single‐tooth implant positioning.pdf,EXCLUDE,"证据片段中仅提及""specialized software planning""和""a software algorithm""，未出现任何具名的第三方非牙科3D软件；所出现的具名产品（TRIOS 3、3Shape、3D Accuitomo）均为牙科专用设备/软件。",-,-,-,-,"【判定】: EXCLUDE
【判定理由】: 证据片段中仅提及""specialized software planning""和""a software algorithm""，未出现任何具名的第三方非牙科3D软件；所出现的具名产品（TRIOS 3、3Shape、3D Accuitomo）均为牙科专用设备/软件。
【软件】: -
【专科】: -
【应用场景】: -
【研究设计】: -"
integration of imaging modalities in digital dental workflows possibilities limitations and potential future developments,"Integration of imaging modalities in digital dental workflows - possibilities, limitations, and potential future developments",DENTOMAXILLOFACIAL RADIOLOGY,journalArticle,U6NMXLSS,"Shujaat 等 - 2021 - Integration of imaging modalities in digital dental workflows - possibilities, limitations, and pote-1.pdf",EXCLUDE,"该文献为综述性文章，讨论数字牙科工作流程中影像链的整合、可能性与局限，证据片段中仅泛泛提及""CAD-CAM software programs""、""3D planning software programs""等，未指明该研究自身使用了任何具名的第三方非牙科3D软件。",-,-,-,-,"【判定】: EXCLUDE
【判定理由】: 该文献为综述性文章，讨论数字牙科工作流程中影像链的整合、可能性与局限，证据片段中仅泛泛提及""CAD-CAM software programs""、""3D planning software programs""等，未指明该研究自身使用了任何具名的第三方非牙科3D软件。
【软件】: -
【专科】: -
【应用场景】: -
【研究设计】: -"
toothformer a region adaptive and axis aware transformer network for precise 3d cbct tooth segmentation,ToothFormer: A Region-Adaptive and Axis-Aware Transformer Network for Precise 3D CBCT Tooth Segmentation,IEEE ACCESS,journalArticle,I7Y67RM9,Wang 等 - 2026 - ToothFormer A Region-Adaptive and Axis-Aware Transformer Network for Precise 3D CBCT Tooth Segmenta.pdf,EXCLUDE,"该研究提出的是自研的 ToothFormer transformer 网络（""This paper proposes a transformer-based approach, ToothFormer""），证据片段中未出现任何该研究自己使用的具名第三方非牙科3D软件。",-,-,-,-,"【判定】: EXCLUDE
【判定理由】: 该研究提出的是自研的 ToothFormer transformer 网络（""This paper proposes a transformer-based approach, ToothFormer""），证据片段中未出现任何该研究自己使用的具名第三方非牙科3D软件。
【软件】: -
【专科】: -
【应用场景】: -
【研究设计】: -"
emerging technologies in the treatment of orbital floor fractures a systematic review,Emerging Technologies in the Treatment of Orbital Floor Fractures: A Systematic Review,MEDICINA-LITHUANIA,journalArticle,J9FU9DVK,Helgers 等 - 2025 - Emerging Technologies in the Treatment of Orbital Floor Fractures A Systematic Review..pdf,EXCLUDE,"该文献为系统综述（题名及摘要明确为 ""A Systematic Review""，采用 PRISMA 2020 指南），属于排除的文献类型；且证据片段中仅提及 ""reference management software Endnote 21.4""，并非用于3D数据处理/分析/建模/测量的非牙科3D软件。",-,-,-,-,"【判定】: EXCLUDE
【判定理由】: 该文献为系统综述（题名及摘要明确为 ""A Systematic Review""，采用 PRISMA 2020 指南），属于排除的文献类型；且证据片段中仅提及 ""reference management software Endnote 21.4""，并非用于3D数据处理/分析/建模/测量的非牙科3D软件。
【软件】: -
【专科】: -
【应用场景】: -
【研究设计】: -"
modeling fracture in multilayered teeth using the finite volume based phase field method,Modeling fracture in multilayered teeth using the finite volume-based phase field method,JOURNAL OF THE MECHANICAL BEHAVIOR OF BIOMEDICAL MATERIALS,journalArticle,WBCEDXET,Yang 等 - 2024 - Modeling fracture in multilayered teeth using the finite volume-based phase field method.pdf,INCLUDE,"该研究自身在方法中使用开源软件 OpenFOAM 实现基于有限体积的相场断裂模型，证据原文为 ""implements a phase-field model for fracture based on FVM in the open-source software OpenFOAM""，并用其内置 cfMesh 工具生成复杂几何模型。",OpenFOAM; cfMesh,Oral and Maxillofacial Surgery,Biomechanical analysis and simulation,computational,"【判定】: INCLUDE
【判定理由】: 该研究自身在方法中使用开源软件 OpenFOAM 实现基于有限体积的相场断裂模型，证据原文为 ""implements a phase-field model for fracture based on FVM in the open-source software OpenFOAM""，并用其内置 cfMesh 工具生成复杂几何模型。
【软件】: OpenFOAM; cfMesh
【专科】: Oral and Maxillofacial Surgery
【应用场景】: Biomechanical analysis and simulation
【研究设计】: computational"
custom design of a temporomandibular joint prosthesis a kinematic approach evaluated by finite element analysis,Custom design of a temporomandibular joint prosthesis: A kinematic approach evaluated by finite element analysis,JOURNAL OF PROSTHETIC DENTISTRY,journalArticle,AN2LBDKB,Mejía Rodríguez 等 - 2025 - Custom design of a temporomandibular joint prosthesis A kinematic approach evaluated by finite elem.pdf,EXCLUDE,"证据片段仅提及""computer-aided design (CAD) casts were created""和有限元分析，但未出现任何具名的第三方非牙科3D软件名称（如Mimics、3D Slicer、ANSYS等），无法确认该研究自身使用了符合标准的具名软件。",-,-,-,-,"【判定】: EXCLUDE
【判定理由】: 证据片段仅提及""computer-aided design (CAD) casts were created""和有限元分析，但未出现任何具名的第三方非牙科3D软件名称（如Mimics、3D Slicer、ANSYS等），无法确认该研究自身使用了符合标准的具名软件。
【软件】: -
【专科】: -
【应用场景】: -
【研究设计】: -"
personalized 3d printed tdm zro2 scaffolds laden with ipsc derived sox9 sclerotomal progenitors for functional osteochondral regeneration,Personalized 3D-printed TDM/ZrO2 scaffolds laden with iPSC-derived SOX9+sclerotomal progenitors for functional osteochondral regeneration,INTERNATIONAL JOURNAL OF BIOPRINTING,journalArticle,WVHHNQX4,Dong 等 - 2025 - Personalized 3D-printed TDMZrO2 scaffolds laden with iPSC-derived SOX9+sclerotomal progenitors for.pdf,EXCLUDE,"证据片段中出现的软件为 ""Jade software""（用于XRD数据分析）和未具名的 ""evaluation software""，均非具名的第三方非牙科三维（3D）软件；其余片段仅提及3D打印系统与micro-CT重建，未显示该研究自身使用了符合纳入标准的具名非牙科3D软件。",-,-,-,-,"【判定】: EXCLUDE
【判定理由】: 证据片段中出现的软件为 ""Jade software""（用于XRD数据分析）和未具名的 ""evaluation software""，均非具名的第三方非牙科三维（3D）软件；其余片段仅提及3D打印系统与micro-CT重建，未显示该研究自身使用了符合纳入标准的具名非牙科3D软件。
【软件】: -
【专科】: -
【应用场景】: -
【研究设计】: -"
accuracy of face scan based virtual facebow records a comparison between two registration methods,Accuracy of face scan-based virtual facebow records: A comparison between two registration methods,JOURNAL OF PROSTHODONTICS-IMPLANT ESTHETIC AND RECONSTRUCTIVE DENTISTRY,journalArticle,U2VNRQWT,Hertanto 等 - 2026 - Accuracy of face scan‐based virtual facebow records A comparison between two registration methods.pdf,EXCLUDE,"该研究使用 Exocad 进行叠加配准（""Superimpositions were completed in Exocad""），而 Exocad 属于牙科专用软件；其余软件证据仅为自编 Python 脚本（""using a Python script to measure linear and angular deviations""），不构成具名第三方非牙科3D软件。",-,-,-,-,"【判定】: EXCLUDE
【判定理由】: 该研究使用 Exocad 进行叠加配准（""Superimpositions were completed in Exocad""），而 Exocad 属于牙科专用软件；其余软件证据仅为自编 Python 脚本（""using a Python script to measure linear and angular deviations""），不构成具名第三方非牙科3D软件。
【软件】: -
【专科】: -
【应用场景】: -
【研究设计】: -"
3d printing of a patient specific biomodel and cutting guide for metatarsal reconstruction with an osteocutaneous scip flap using open source software a case report,3D Printing of a Patient-Specific Biomodel and Cutting Guide for Metatarsal Reconstruction With an Osteocutaneous SCIP Flap Using Open-Source Software: A Case Report,MICROSURGERY,journalArticle,PGQJVZ2Y,Obaíd 等 - 2026 - 3D Printing of a Patient‐Specific Biomodel and Cutting Guide for Metatarsal Reconstruction With an O.pdf,EXCLUDE,"证据片段仅泛泛提及""CAD/CAM using open-source software""和""free, open-source software""，未给出任何具名的第三方非牙科3D软件名称，无法确认该研究自身使用了具体具名软件。",-,-,-,-,"【判定】: EXCLUDE
【判定理由】: 证据片段仅泛泛提及""CAD/CAM using open-source software""和""free, open-source software""，未给出任何具名的第三方非牙科3D软件名称，无法确认该研究自身使用了具体具名软件。
【软件】: -
【专科】: -
【应用场景】: -
【研究设计】: -"
influence of the surgical method used for lip closure on the shape of the maxillary arch a retrospective 3d analysis of plaster models,Influence of the surgical method used for lip closure on the shape of the maxillary arch: a retrospective 3D analysis of plaster models,HEAD & FACE MEDICINE,journalArticle,9MIU7DNB,Buckova 等 - 2025 - Influence of the surgical method used for lip closure on the shape of the maxillary arch a retrospe.pdf,EXCLUDE,"该研究的3D分析基于""our self-developed customized software application (SMP)""，即自研软件；唯一具名软件OnyxCeph3™为牙科专用软件，且证据中未出现任何该研究自己使用的具名第三方非牙科3D软件。",-,-,-,-,"【判定】: EXCLUDE
【判定理由】: 该研究的3D分析基于""our self-developed customized software application (SMP)""，即自研软件；唯一具名软件OnyxCeph3™为牙科专用软件，且证据中未出现任何该研究自己使用的具名第三方非牙科3D软件。
【软件】: -
【专科】: -
【应用场景】: -
【研究设计】: -"
top down design and fabrication with digital technology of removable partial dentures incorporating custom abutments a dental technique,Top-down design and fabrication with digital technology of removable partial dentures incorporating custom abutments: A dental technique,JOURNAL OF PROSTHETIC DENTISTRY,journalArticle,FQVDPA8S,Oh 等 - 2023 - Top-down design and fabrication with digital technology of removable partial dentures incorporating.pdf,EXCLUDE,"证据片段中唯一具名的软件是 ""Dental System; 3Shape A/S""，属于牙科专用软件，且其余仅泛称 ""CAD software program""，未出现任何具名的第三方非牙科3D软件。",-,-,-,-,"【判定】: EXCLUDE
【判定理由】: 证据片段中唯一具名的软件是 ""Dental System; 3Shape A/S""，属于牙科专用软件，且其余仅泛称 ""CAD software program""，未出现任何具名的第三方非牙科3D软件。
【软件】: -
【专科】: -
【应用场景】: -
【研究设计】: -"
comparing direct measurements and three dimensional 3d scans for evaluating facial soft tissue,Comparing Direct Measurements and Three-Dimensional (3D) Scans for Evaluating Facial Soft Tissue,SENSORS,journalArticle,4KMVHT4D,Boris Gašparović 等 - 2023 - Comparing Direct Measurements and Three-Dimensional (3D) Scans for Evaluating Facial Soft Tissue.pdf,EXCLUDE,"证据片段中该研究自己使用的软件为 ""Bellus3D software and Arc scanner (Bellus 3D, version 1.6.2, Bellus3D, Inc., Campbell, CA, USA)""，属于牙科/面部扫描专用软件，而非原始开发领域不在牙科的非牙科3D软件；其余提及的 ""IBM SPSS Statistics"" 为统计软件，不用于3D数据处理、分析、建模或测量。",-,-,-,-,"【判定】: EXCLUDE
【判定理由】: 证据片段中该研究自己使用的软件为 ""Bellus3D software and Arc scanner (Bellus 3D, version 1.6.2, Bellus3D, Inc., Campbell, CA, USA)""，属于牙科/面部扫描专用软件，而非原始开发领域不在牙科的非牙科3D软件；其余提及的 ""IBM SPSS Statistics"" 为统计软件，不用于3D数据处理、分析、建模或测量。
【软件】: -
【专科】: -
【应用场景】: -
【研究设计】: -"
a comparative study of bone remodeling around hydroxyapatite coated and novel radial functionally graded dental implants using finite element simulation,A comparative study of bone remodeling around hydroxyapatite-coated and novel radial functionally graded dental implants using finite element simulation,MEDICAL ENGINEERING & PHYSICS,journalArticle,K8IC6T9C,Jafari 等 - 2022 - A comparative study of bone remodeling around hydroxyapatite-coated and novel radial functionally gr.pdf,EXCLUDE,"证据片段仅提及""simulated by the finite element method""和""bone remodeling algorithm""，未出现任何具名的第三方非牙科3D软件（如 ANSYS、ABAQUS、Mimics 等）被该研究自己使用。",-,-,-,-,"【判定】: EXCLUDE
【判定理由】: 证据片段仅提及""simulated by the finite element method""和""bone remodeling algorithm""，未出现任何具名的第三方非牙科3D软件（如 ANSYS、ABAQUS、Mimics 等）被该研究自己使用。
【软件】: -
【专科】: -
【应用场景】: -
【研究设计】: -"
digital three dimensional assessment of free gingival graft remodeling over 12 months,Digital three-dimensional assessment of free gingival graft remodeling over 12 months,JOURNAL OF DENTISTRY,journalArticle,YLELC4FZ,César Neto 等 - 2024 - Digital three-dimensional assessment of free gingival graft remodeling over 12 months..pdf,EXCLUDE,"证据片段中仅提到使用了""digital imaging software (Swissmeda software/Smop, Swissmeda, Zurich, Switzerland)""进行叠加，该软件为牙科专用软件，未出现任何具名的第三方非牙科3D软件被该研究自己使用。",-,-,-,-,"【判定】: EXCLUDE
【判定理由】: 证据片段中仅提到使用了""digital imaging software (Swissmeda software/Smop, Swissmeda, Zurich, Switzerland)""进行叠加，该软件为牙科专用软件，未出现任何具名的第三方非牙科3D软件被该研究自己使用。
【软件】: -
【专科】: -
【应用场景】: -
【研究设计】: -"
ai driven automation of occlusal surface design in digital prosthodontics a clinically validated workflow,AI-driven automation of occlusal surface design in digital prosthodontics: a clinically validated workflow,BMC ORAL HEALTH,journalArticle,PWK5Z86Q,Du 等 - 2026 - AI-driven automation of occlusal surface design in digital prosthodontics a clinically validated wo.pdf,EXCLUDE,"证据片段仅显示该研究开发了自研的 AI 框架（""a fully automated AI framework""、""Dimension Elevator Module""、""attention-guided fusion network""），未提及任何具名的第三方非牙科3D软件被该研究自己使用；文中出现的 CAD/CAM 仅为泛泛提及。",-,-,-,-,"【判定】: EXCLUDE
【判定理由】: 证据片段仅显示该研究开发了自研的 AI 框架（""a fully automated AI framework""、""Dimension Elevator Module""、""attention-guided fusion network""），未提及任何具名的第三方非牙科3D软件被该研究自己使用；文中出现的 CAD/CAM 仅为泛泛提及。
【软件】: -
【专科】: -
【应用场景】: -
【研究设计】: -"
in vivo assessment of sed a novel biomechanical indicator for periodontal tissue remodeling in clear aligner therapy,In Vivo Assessment of SED: A Novel Biomechanical Indicator for Periodontal Tissue Remodeling in Clear Aligner Therapy,ANNALS OF BIOMEDICAL ENGINEERING,journalArticle,EC9P5DI3,Liu 等 - 2026 - In Vivo Assessment of SED A Novel Biomechanical Indicator for Periodontal Tissue Remodeling in Clea.pdf,EXCLUDE,"证据片段仅提及该研究采用""three-dimensional finite element modeling (FEM)""和""finite element analysis (FEA)""，但未出现任何具名的第三方非牙科3D软件（如 ANSYS、ABAQUS、Mimics 等）被该研究自己使用。",-,-,-,-,"【判定】: EXCLUDE
【判定理由】: 证据片段仅提及该研究采用""three-dimensional finite element modeling (FEM)""和""finite element analysis (FEA)""，但未出现任何具名的第三方非牙科3D软件（如 ANSYS、ABAQUS、Mimics 等）被该研究自己使用。
【软件】: -
【专科】: -
【应用场景】: -
【研究设计】: -"
automatic multi class classification of 3d relationships between the mandibular third molar and canal on cone beam computed tomography using a geometry aware network,Automatic multi-class classification of 3D relationships between the mandibular third molar and canal on cone-beam computed tomography using a geometry-aware network,DENTOMAXILLOFACIAL RADIOLOGY,journalArticle,9CQF4EX6,Kim 等 - 2026 - Automatic multi-class classification of 3D relationships between the mandibular third molar and cana.pdf,EXCLUDE,"该研究仅使用自研的深度学习网络（""modified mAttUNet""和""proposed DenseAttNet""）进行分割与分类，证据片段中未出现任何具名的第三方非牙科3D软件被该研究自己使用。",-,-,-,-,"【判定】: EXCLUDE
【判定理由】: 该研究仅使用自研的深度学习网络（""modified mAttUNet""和""proposed DenseAttNet""）进行分割与分类，证据片段中未出现任何具名的第三方非牙科3D软件被该研究自己使用。
【软件】: -
【专科】: -
【应用场景】: -
【研究设计】: -"
shape adaptive magnetic field assisted batch polishing of three dimensional surfaces,Shape-adaptive magnetic field-assisted batch polishing of three-dimensional surfaces,PRECISION ENGINEERING-JOURNAL OF THE INTERNATIONAL SOCIETIES FOR PRECISION ENGINEERING AND NANOTECHNOLOGY,journalArticle,QLD6QTJK,Wang 等 - 2022 - Shape-adaptive magnetic field-assisted batch polishing of three-dimensional surfaces.pdf,EXCLUDE,该研究主题为精密抛光技术（非口腔医学），且证据中出现的 ANSYS MAXWELL 用于磁场分布仿真，MATLAB 用于自研算法，均不涉及口腔医学3D数据处理。,-,-,-,-,"【判定】: EXCLUDE
【判定理由】: 该研究主题为精密抛光技术（非口腔医学），且证据中出现的 ANSYS MAXWELL 用于磁场分布仿真，MATLAB 用于自研算法，均不涉及口腔医学3D数据处理。
【软件】: -
【专科】: -
【应用场景】: -
【研究设计】: -"
estimation of coronary artery movement using a non rigid registration with global local structure preservation,Estimation of coronary artery movement using a non-rigid registration with global-local structure preservation,COMPUTERS IN BIOLOGY AND MEDICINE,journalArticle,SWW7KEJ8,Xu 等 - 2022 - Estimation of coronary artery movement using a non-rigid registration with global-local structure pr.pdf,EXCLUDE,该研究主题为冠状动脉运动估计（心血管领域），不属于口腔医学任一学科；且其方法为自研的点集配准算法，证据片段中未出现任何具名第三方非牙科3D软件。,-,-,-,-,"【判定】: EXCLUDE
【判定理由】: 该研究主题为冠状动脉运动估计（心血管领域），不属于口腔医学任一学科；且其方法为自研的点集配准算法，证据片段中未出现任何具名第三方非牙科3D软件。
【软件】: -
【专科】: -
【应用场景】: -
【研究设计】: -"
a micro ct integrated 3d simulation framework reveals fluid transport mechanisms and void dynamics in root canal biomaterials,A micro-CT-integrated 3D simulation framework reveals fluid transport mechanisms and void dynamics in root canal biomaterials,SCIENTIFIC REPORTS,journalArticle,6DBVHM5M,Raoof 等 - 2026 - A micro-CT-integrated 3D simulation framework reveals fluid transport mechanisms and void dynamics i.pdf,INCLUDE,"该研究自身在材料与方法中使用具名第三方非牙科3D软件进行3D数据处理，原文明确""Micro-CT datasets were imported into Fiji (ImageJ) and segmented using a semi-automated thresholding protocol""，且""3D visualisation and void volume quantification were performed using the 3D Viewer plugin""。",Fiji (ImageJ),Endodontics,Image segmentation and 3D reconstruction,computational,"【判定】: INCLUDE
【判定理由】: 该研究自身在材料与方法中使用具名第三方非牙科3D软件进行3D数据处理，原文明确""Micro-CT datasets were imported into Fiji (ImageJ) and segmented using a semi-automated thresholding protocol""，且""3D visualisation and void volume quantification were performed using the 3D Viewer plugin""。
【软件】: Fiji (ImageJ)
【专科】: Endodontics
【应用场景】: Image segmentation and 3D reconstruction
【研究设计】: computational"
implications of three dimensional cell culture in cancer therapeutic research,Implications of Three-Dimensional Cell Culture in Cancer Therapeutic Research,FRONTIERS IN ONCOLOGY,journalArticle,HGZFPPWP,Poornima 等 - 2022 - Implications of Three-Dimensional Cell Culture in Cancer Therapeutic Research..pdf,EXCLUDE,"该文献为综述（题名""Implications of Three-Dimensional Cell Culture in Cancer Therapeutic Research""，摘要为泛泛综述性论述），且主题属于肿瘤学而非口腔医学；证据片段中亦无该研究自身使用的具名第三方非牙科3D软件。",-,-,-,-,"【判定】: EXCLUDE
【判定理由】: 该文献为综述（题名""Implications of Three-Dimensional Cell Culture in Cancer Therapeutic Research""，摘要为泛泛综述性论述），且主题属于肿瘤学而非口腔医学；证据片段中亦无该研究自身使用的具名第三方非牙科3D软件。
【软件】: -
【专科】: -
【应用场景】: -
【研究设计】: -"
development of multi physics calculation method in lead cooled fast reactor code system mosasaur,Development of multi-physics calculation method in lead cooled fast reactor code system MOSASAUR,NUCLEAR ENGINEERING AND TECHNOLOGY,journalArticle,56EZEDCR,Zhang 等 - 2025 - Development of multi-physics calculation method in lead cooled fast reactor code system MOSASAUR.pdf,EXCLUDE,该文献主题为铅冷快堆多物理场计算方法（核工程），不属于口腔医学任一学科；证据片段中仅涉及自研软件包 MOSASAUR，未使用任何具名第三方非牙科3D软件。,-,-,-,-,"【判定】: EXCLUDE
【判定理由】: 该文献主题为铅冷快堆多物理场计算方法（核工程），不属于口腔医学任一学科；证据片段中仅涉及自研软件包 MOSASAUR，未使用任何具名第三方非牙科3D软件。
【软件】: -
【专科】: -
【应用场景】: -
【研究设计】: -"
guided surgery with 3d printed device a case report,Guided Surgery with 3D Printed Device: A Case Report,JOURNAL OF ORAL IMPLANTOLOGY,journalArticle,UZEPFW5V,De Sales 等 - 2021 - Guided Surgery with 3D Printed Device A Case Report.pdf,EXCLUDE,"证据片段中该研究自己使用的软件为""ImplantViewer""（""After virtual planning using ImplantViewer""），属于牙科专用种植规划软件，未出现任何具名的第三方非牙科3D软件。",-,-,-,-,"【判定】: EXCLUDE
【判定理由】: 证据片段中该研究自己使用的软件为""ImplantViewer""（""After virtual planning using ImplantViewer""），属于牙科专用种植规划软件，未出现任何具名的第三方非牙科3D软件。
【软件】: -
【专科】: -
【应用场景】: -
【研究设计】: -"
a new method to evaluate trueness and precision of digital and conventional impression techniques for complete dental arch,A New Method to Evaluate Trueness and Precision of Digital and Conventional Impression Techniques for Complete Dental Arch,APPLIED SCIENCES-BASEL,journalArticle,4SX8KTJM,Seo和Kim - 2021 - A New Method to Evaluate Trueness and Precision of Digital and Conventional Impression Techniques fo.pdf,INCLUDE,"该研究自身在方法中使用具名第三方非牙科3D软件""geometric inspection software (Geomagic Control X, 3D systems, Rocky Hill, CT, USA) was used to compute the centroid of each cylinder""进行三维测量分析。",Geomagic Control X,Prosthodontics,3D data analysis and accuracy assessment,in_vitro,"【判定】: INCLUDE
【判定理由】: 该研究自身在方法中使用具名第三方非牙科3D软件""geometric inspection software (Geomagic Control X, 3D systems, Rocky Hill, CT, USA) was used to compute the centroid of each cylinder""进行三维测量分析。
【软件】: Geomagic Control X
【专科】: Prosthodontics
【应用场景】: 3D data analysis and accuracy assessment
【研究设计】: in_vitro"
advances in the resection and reconstruction of midfacial tumors through computer assisted surgery,Advances in the Resection and Reconstruction of Midfacial Tumors Through Computer Assisted Surgery,FRONTIERS IN ONCOLOGY,journalArticle,EXVEHKU3,Wilkat 等 - 2021 - Advances in the Resection and Reconstruction of Midfacial Tumors Through Computer Assisted Surgery..pdf,EXCLUDE,"抽取的证据片段中仅泛泛提及""Computer assisted surgery (CAS)""和""navigation""，未出现任何该研究自身使用的具名第三方非牙科3D软件名称（如Mimics、3D Slicer等）。",-,-,-,-,"【判定】: EXCLUDE
【判定理由】: 抽取的证据片段中仅泛泛提及""Computer assisted surgery (CAS)""和""navigation""，未出现任何该研究自身使用的具名第三方非牙科3D软件名称（如Mimics、3D Slicer等）。
【软件】: -
【专科】: -
【应用场景】: -
【研究设计】: -"
in vivo evaluation of artificial intelligence driven remote monitoring technology for tracking tooth movement and reconstruction of 3 dimensional digital models during orthodontic treatment,In-vivo evaluation of Artificial Intelligence Driven Remote Monitoring technology for tracking tooth movement and reconstruction of 3-dimensional digital models during orthodontic treatment,AMERICAN JOURNAL OF ORTHODONTICS AND DENTOFACIAL ORTHOPEDICS,journalArticle,FFCB7QN3,Homsi 等 - 2023 - In-vivo evaluation of Artificial Intelligence Driven Remote Monitoring technology for tracking tooth.pdf,INCLUDE,"该研究自身在方法中使用 Geomagic Control-X 2020 进行模型偏差比较，原文为 ""The global deviation between the reconstructed digital models from the DM and iTero scans was compared at each time point using Geomagic Control-X 2020 (3D Systems, Rock Hill, SC)""。",Geomagic Control-X 2020,Orthodontics,3D data analysis and accuracy assessment,clinical,"【判定】: INCLUDE
【判定理由】: 该研究自身在方法中使用 Geomagic Control-X 2020 进行模型偏差比较，原文为 ""The global deviation between the reconstructed digital models from the DM and iTero scans was compared at each time point using Geomagic Control-X 2020 (3D Systems, Rock Hill, SC)""。
【软件】: Geomagic Control-X 2020
【专科】: Orthodontics
【应用场景】: 3D data analysis and accuracy assessment
【研究设计】: clinical"
a web based rendering application for communicating dental conditions,A Web-Based Rendering Application for Communicating Dental Conditions,HEALTHCARE,journalArticle,7WWWDUCV,Spangler 等 - 2021 - A Web-Based Rendering Application for Communicating Dental Conditions..pdf,EXCLUDE,证据片段仅描述自研的 web 渲染管线（SculptorHD）及 UV 映射、mesh、texture 等通用概念，未出现任何该研究自己使用的具名第三方非牙科3D软件（如 Mimics、Blender、MeshLab 等）。,-,-,-,-,"【判定】: EXCLUDE
【判定理由】: 证据片段仅描述自研的 web 渲染管线（SculptorHD）及 UV 映射、mesh、texture 等通用概念，未出现任何该研究自己使用的具名第三方非牙科3D软件（如 Mimics、Blender、MeshLab 等）。
【软件】: -
【专科】: -
【应用场景】: -
【研究设计】: -"
the cnn model aided the study of the clinical value hidden in the implant images,The CNN model aided the study of the clinical value hidden in the implant images,JOURNAL OF APPLIED CLINICAL MEDICAL PHYSICS,journalArticle,G5QKVLPU,Huang 等 - 2023 - The CNN model aided the study of the clinical value hidden in the implant images.pdf,EXCLUDE,"该研究仅使用自研的 CNN 模型（""We constructed our CNN model based on VGG-16""）和 Grad-CAM 算法，测量所用软件为 ""Onevolume Viewer software""，属于牙科/医学影像专用软件，证据片段中未出现任何具名的第三方非牙科3D软件被该研究自己使用。",-,-,-,-,"【判定】: EXCLUDE
【判定理由】: 该研究仅使用自研的 CNN 模型（""We constructed our CNN model based on VGG-16""）和 Grad-CAM 算法，测量所用软件为 ""Onevolume Viewer software""，属于牙科/医学影像专用软件，证据片段中未出现任何具名的第三方非牙科3D软件被该研究自己使用。
【软件】: -
【专科】: -
【应用场景】: -
【研究设计】: -"
effect of industrial scanner and framework material interaction on the marginal gaps of cad cam complete arch implant frameworks,Effect of industrial scanner and framework material interaction on the marginal gaps of CAD-CAM complete arch implant frameworks,JOURNAL OF PROSTHETIC DENTISTRY,journalArticle,YUDAP2TL,Yilmaz 等 - 2023 - Effect of industrial scanner and framework material interaction on the marginal gaps of CAD-CAM comp.pdf,EXCLUDE,"证据片段仅提及""industrial structured-light scanner""和""industrial computed tomography scanner""等通用设备类型，未出现任何具名的第三方非牙科3D软件（如Mimics、Geomagic等）被该研究自己使用。",-,-,-,-,"【判定】: EXCLUDE
【判定理由】: 证据片段仅提及""industrial structured-light scanner""和""industrial computed tomography scanner""等通用设备类型，未出现任何具名的第三方非牙科3D软件（如Mimics、Geomagic等）被该研究自己使用。
【软件】: -
【专科】: -
【应用场景】: -
【研究设计】: -"
accuracy of soft tissue prediction in skeletal type iii relationship using a computer aided three dimensional surgical simulation planning program,Accuracy of Soft Tissue Prediction in Skeletal Type III Relationship Using a Computer-Aided Three-Dimensional Surgical Simulation Planning Program,APPLIED SCIENCES-BASEL,journalArticle,Y7AJ5J7V,Chantaraaumporn 等 - 2023 - Accuracy of Soft Tissue Prediction in Skeletal Type III Relationship Using a Computer-Aided Three-Di.pdf,EXCLUDE,"该研究仅使用 Simplant O&O 软件进行软组织预测分析，而 Simplant O&O 属于牙科专用软件（用于种植及颌面手术规划），不符合""具名的第三方非牙科3D软件""要求。",-,-,-,-,"【判定】: EXCLUDE
【判定理由】: 该研究仅使用 Simplant O&O 软件进行软组织预测分析，而 Simplant O&O 属于牙科专用软件（用于种植及颌面手术规划），不符合""具名的第三方非牙科3D软件""要求。
【软件】: -
【专科】: -
【应用场景】: -
【研究设计】: -"
force driven model for automated clear aligner staging design based on stepwise tooth displacement and rotation in 3d space,Force-Driven Model for Automated Clear Aligner Staging Design Based on Stepwise Tooth Displacement and Rotation in 3D Space,BIOENGINEERING-BASEL,journalArticle,7SPMCGS2,Yang和Cheng - 2025 - Force-Driven Model for Automated Clear Aligner Staging Design Based on Stepwise Tooth Displacement a.pdf,EXCLUDE,"证据片段显示该研究仅将算法用 C++ 实现并集成到自研的 WebGL-based SmarteeCheck3.0 软件中（""The algorithm was implemented in C++ and incorporated into the WebGL-based SmarteeCheck3.0 software""），未使用任何具名的第三方非牙科3D软件。",-,-,-,-,"【判定】: EXCLUDE
【判定理由】: 证据片段显示该研究仅将算法用 C++ 实现并集成到自研的 WebGL-based SmarteeCheck3.0 软件中（""The algorithm was implemented in C++ and incorporated into the WebGL-based SmarteeCheck3.0 software""），未使用任何具名的第三方非牙科3D软件。
【软件】: -
【专科】: -
【应用场景】: -
【研究设计】: -"
a digital workflow for pair matching of maxillary anterior teeth using a 3d segmentation technique for esthetic implant restorations,A digital workflow for pair matching of maxillary anterior teeth using a 3D segmentation technique for esthetic implant restorations,SCIENTIFIC REPORTS,journalArticle,MZH3CXYR,Choi 等 - 2022 - A digital workflow for pair matching of maxillary anterior teeth using a 3D segmentation technique f.pdf,EXCLUDE,"证据片段仅泛泛提及""digital slicewise DICOM segmentation""和""processing software""，未出现任何具名的第三方非牙科3D软件（如 Mimics、3D Slicer 等）被该研究自己使用。",-,-,-,-,"【判定】: EXCLUDE
【判定理由】: 证据片段仅泛泛提及""digital slicewise DICOM segmentation""和""processing software""，未出现任何具名的第三方非牙科3D软件（如 Mimics、3D Slicer 等）被该研究自己使用。
【软件】: -
【专科】: -
【应用场景】: -
【研究设计】: -"
video based craniomaxillofacial disease screening system,Video-based craniomaxillofacial disease screening system,DISPLAYS,journalArticle,TYPEDT2Z,Zhang 等 - 2024 - Video-based craniomaxillofacial disease screening system.pdf,EXCLUDE,"证据片段仅提及""3D reconstruction""和自研的""background algorithms""及""WeChat mini-program""，未出现任何具名的第三方非牙科3D软件被该研究自己使用。",-,-,-,-,"【判定】: EXCLUDE
【判定理由】: 证据片段仅提及""3D reconstruction""和自研的""background algorithms""及""WeChat mini-program""，未出现任何具名的第三方非牙科3D软件被该研究自己使用。
【软件】: -
【专科】: -
【应用场景】: -
【研究设计】: -"
mineralized osteoblast derived exosomes and 3d printed ceramic based scaffolds for enhanced bone healing a preclinical exploration,Mineralized osteoblast-derived exosomes and 3D-printed ceramic-based scaffolds for enhanced bone healing: A preclinical exploration,ACTA BIOMATERIALIA,journalArticle,S3XDHQ38,Guerrero 等 - 2025 - Mineralized osteoblast-derived exosomes and 3D-printed ceramic-based scaffolds for enhanced bone hea.pdf,EXCLUDE,"该研究使用的具名软件为 nTopology（""Gyroid scaffolds were designed by nTopology v.3 software""），属于牙科/骨科支架设计专用软件，且其余软件（NTA、Fragpipe、GraphPad Prism、NRecon、CTAn）均非第三方非牙科3D建模/分析软件，不符合纳入标准第2条。",-,-,-,-,"【判定】: EXCLUDE
【判定理由】: 该研究使用的具名软件为 nTopology（""Gyroid scaffolds were designed by nTopology v.3 software""），属于牙科/骨科支架设计专用软件，且其余软件（NTA、Fragpipe、GraphPad Prism、NRecon、CTAn）均非第三方非牙科3D建模/分析软件，不符合纳入标准第2条。
【软件】: -
【专科】: -
【应用场景】: -
【研究设计】: -"
toward quieter dental devices transient cfd simulation of airflow and noise in air turbine handpieces,Toward Quieter Dental Devices: Transient CFD Simulation of Airflow and Noise in Air Turbine Handpieces,APPLIED SCIENCES-BASEL,journalArticle,FUMHC8Y2,Yamada 等 - 2025 - Toward Quieter Dental Devices Transient CFD Simulation of Airflow and Noise in Air Turbine Handpiec.pdf,EXCLUDE,"证据片段仅显示该研究使用自研的 CFD 框架（""a novel framework that combines the immersed boundary and building cube methods""）进行仿真，未提及任何具名的第三方非牙科3D软件被该研究自己使用。",-,-,-,-,"【判定】: EXCLUDE
【判定理由】: 证据片段仅显示该研究使用自研的 CFD 框架（""a novel framework that combines the immersed boundary and building cube methods""）进行仿真，未提及任何具名的第三方非牙科3D软件被该研究自己使用。
【软件】: -
【专科】: -
【应用场景】: -
【研究设计】: -"
3d printed drug loaded composite scaffolds to promote osteogenesis and antibacterial activity,3D-Printed Drug-Loaded Composite Scaffolds to Promote Osteogenesis and Antibacterial Activity,ACS APPLIED POLYMER MATERIALS,journalArticle,HF33Z57F,Cheng 等 - 2022 - 3D-Printed Drug-Loaded Composite Scaffolds to Promote Osteogenesis and Antibacterial Activity.pdf,EXCLUDE,"证据片段中仅提及""CAD software was used to design the scaffold material""和""Origin Pro 9.0 software""，未出现任何具名的第三方非牙科3D软件（如 Mimics、3D Slicer、Geomagic 等）被该研究自己使用。",-,-,-,-,"【判定】: EXCLUDE
【判定理由】: 证据片段中仅提及""CAD software was used to design the scaffold material""和""Origin Pro 9.0 software""，未出现任何具名的第三方非牙科3D软件（如 Mimics、3D Slicer、Geomagic 等）被该研究自己使用。
【软件】: -
【专科】: -
【应用场景】: -
【研究设计】: -"
numerical and machine aided experimental models for simulating the 3d compliance of a toothbrush,Numerical and Machine-Aided Experimental Models for Simulating the 3D Compliance of a Toothbrush,MACHINES,journalArticle,QV2TI6LM,Cirelli 等 - 2023 - Numerical and Machine-Aided Experimental Models for Simulating the 3D Compliance of a Toothbrush.pdf,EXCLUDE,"证据片段仅提及使用 Microscribe GX2（三维坐标测量机）和泛指的""CAD environment""，未出现任何具名的第三方非牙科3D软件（如 Mimics、SolidWorks、ANSYS 等）被该研究自己使用。",-,-,-,-,"【判定】: EXCLUDE
【判定理由】: 证据片段仅提及使用 Microscribe GX2（三维坐标测量机）和泛指的""CAD environment""，未出现任何具名的第三方非牙科3D软件（如 Mimics、SolidWorks、ANSYS 等）被该研究自己使用。
【软件】: -
【专科】: -
【应用场景】: -
【研究设计】: -"
low profile electromagnetic field sensors in the measurement and modelling of three dimensional jaw kinematics and occlusal loading,Low-Profile Electromagnetic Field Sensors in the Measurement and Modelling of Three-Dimensional Jaw Kinematics and Occlusal Loading,ANNALS OF BIOMEDICAL ENGINEERING,journalArticle,ARSEKXEW,Woodford 等 - 2021 - Low-Profile Electromagnetic Field Sensors in the Measurement and Modelling of Three-Dimensional Jaw.pdf,EXCLUDE,证据片段仅提及使用口内扫描仪（intra-oral scanner）和电磁传感器系统（DMD system）获取数据，未出现任何具名的第三方非牙科3D软件（如Mimics、ANSYS、Geomagic等）被该研究自己使用；有限元建模部分未在提供的证据中指明所用软件。,-,-,-,-,"【判定】: EXCLUDE
【判定理由】: 证据片段仅提及使用口内扫描仪（intra-oral scanner）和电磁传感器系统（DMD system）获取数据，未出现任何具名的第三方非牙科3D软件（如Mimics、ANSYS、Geomagic等）被该研究自己使用；有限元建模部分未在提供的证据中指明所用软件。
【软件】: -
【专科】: -
【应用场景】: -
【研究设计】: -"
effect of preparation designs and cad cam materials on step stress fatigue survival of premolar partial coverage restorations an in vitro study with fractographic analysis,Effect of preparation designs and CAD-CAM materials on step-stress fatigue survival of premolar partial coverage restorations: An in-vitro study with fractographic analysis,DENTAL MATERIALS,journalArticle,F6AW7R93,Nasr 等 - 2025 - Effect of preparation designs and CAD-CAM materials on step-stress fatigue survival of premolar part.pdf,EXCLUDE,"证据片段仅泛泛提及""CAD software was used to create digital models""，未给出任何具名的第三方非牙科3D软件名称，无法确认该研究自身使用了符合标准的软件。",-,-,-,-,"【判定】: EXCLUDE
【判定理由】: 证据片段仅泛泛提及""CAD software was used to create digital models""，未给出任何具名的第三方非牙科3D软件名称，无法确认该研究自身使用了符合标准的软件。
【软件】: -
【专科】: -
【应用场景】: -
【研究设计】: -"
optimization of print parameters for batch and continuous manufacturing of three dimensional 3d printed dosage forms using artificial intelligence and machine learning,Optimization of print parameters for batch and continuous manufacturing of three-dimensional (3D) printed dosage forms using artificial intelligence and machine learning,DRUG DELIVERY AND TRANSLATIONAL RESEARCH,journalArticle,9NQ8BFIU,Chitnis 等 - 2026 - Optimization of print parameters for batch and continuous manufacturing of three-dimensional (3D) pr.pdf,EXCLUDE,该研究主题为药物3D打印剂型（printlets）的参数优化，不属于口腔医学任一学科；且证据中出现的软件（Tinkercad、Prusa Slicer、Creality Slicer）为3D打印/切片软件，非用于口腔3D数据处理分析。,-,-,-,-,"【判定】: EXCLUDE
【判定理由】: 该研究主题为药物3D打印剂型（printlets）的参数优化，不属于口腔医学任一学科；且证据中出现的软件（Tinkercad、Prusa Slicer、Creality Slicer）为3D打印/切片软件，非用于口腔3D数据处理分析。
【软件】: -
【专科】: -
【应用场景】: -
【研究设计】: -"
accuracy and surface roughness of co cr partial denture frameworks with different fabrication methods,Accuracy and surface roughness of Co-Cr partial denture frameworks with different fabrication methods,JOURNAL OF PROSTHETIC DENTISTRY,journalArticle,C4T4CYED,Heiba 等 - 2024 - Accuracy and surface roughness of Co-Cr partial denture frameworks with different digital fabricatio.pdf,INCLUDE,"该研究自身在材料与方法中使用""Geomagic Control X software program was used to measure the accuracy of the fabricated frameworks""，Geomagic 系列为非牙科三维软件，用于3D数据测量分析。",Geomagic Control X,Prosthodontics,3D data analysis and accuracy assessment,in_vitro,"【判定】: INCLUDE
【判定理由】: 该研究自身在材料与方法中使用""Geomagic Control X software program was used to measure the accuracy of the fabricated frameworks""，Geomagic 系列为非牙科三维软件，用于3D数据测量分析。
【软件】: Geomagic Control X
【专科】: Prosthodontics
【应用场景】: 3D data analysis and accuracy assessment
【研究设计】: in_vitro"
the effect of the digital manufacturing technique of cantilevered implant supported frameworks on abutment screw preload,The effect of the digital manufacturing technique of cantilevered implant-supported frameworks on abutment screw preload,JOURNAL OF ADVANCED PROSTHODONTICS,journalArticle,IIQPEHZZ,Altuwaijri 等 - 2022 - The effect of the digital manufacturing technique of cantilevered implant-supported frameworks on ab.pdf,EXCLUDE,"证据片段中出现的软件为 ""Ceramill Mind software (Amann Girrbach AG)""，属于牙科专用 CAD 软件，且扫描仪 ""CERamill Map 300"" 亦为牙科专用设备，未出现任何具名的第三方非牙科3D软件被该研究自己使用。",-,-,-,-,"【判定】: EXCLUDE
【判定理由】: 证据片段中出现的软件为 ""Ceramill Mind software (Amann Girrbach AG)""，属于牙科专用 CAD 软件，且扫描仪 ""CERamill Map 300"" 亦为牙科专用设备，未出现任何具名的第三方非牙科3D软件被该研究自己使用。
【软件】: -
【专科】: -
【应用场景】: -
【研究设计】: -"
recent advances in 3d models of the nervous system for neural regeneration research and drug development,Recent advances in 3D models of the nervous system for neural regeneration research and drug development,ACTA BIOMATERIALIA,journalArticle,TJ6WXLRY,Zhu 等 - 2025 - Recent advances in 3D models of the nervous system for neural regeneration research and drug develop.pdf,EXCLUDE,"该文献为综述（摘要明确为""This review examines state-of-the-art 3D models...""），且主题为神经系统3D模型与药物开发，不属于口腔医学；证据片段中亦无该研究自身使用的具名第三方非牙科3D软件。",-,-,-,-,"【判定】: EXCLUDE
【判定理由】: 该文献为综述（摘要明确为""This review examines state-of-the-art 3D models...""），且主题为神经系统3D模型与药物开发，不属于口腔医学；证据片段中亦无该研究自身使用的具名第三方非牙科3D软件。
【软件】: -
【专科】: -
【应用场景】: -
【研究设计】: -"
advancements in microfluidic organ on a chip for oral medicine,Advancements in Microfluidic Organ-on-a-chip for Oral Medicine,INTERNATIONAL DENTAL JOURNAL,journalArticle,QIEFEE8C,Fan 等 - 2025 - Advancements in Microfluidic Organ-on-a-chip for Oral Medicine.pdf,EXCLUDE,"该文献为综述（摘要明确为""This review highlights the development of this fast-growing technology""），且证据片段中未出现该研究自身使用的任何具名第三方非牙科3D软件。",-,-,-,-,"【判定】: EXCLUDE
【判定理由】: 该文献为综述（摘要明确为""This review highlights the development of this fast-growing technology""），且证据片段中未出现该研究自身使用的任何具名第三方非牙科3D软件。
【软件】: -
【专科】: -
【应用场景】: -
【研究设计】: -"
computational evaluation of stress distribution in endocrown restored immature mandibular molars a finite element approach,Computational Evaluation of Stress Distribution in Endocrown-Restored Immature Mandibular Molars: A Finite Element Approach,APPLIED SCIENCES-BASEL,journalArticle,HSRHKBRU,Akgol 等 - 2026 - Computational Evaluation of Stress Distribution in Endocrown-Restored Immature Mandibular Molars A.pdf,EXCLUDE,"抽取的证据片段仅显示该研究进行了三维有限元分析（""A three-dimensional finite element analysis (FEA) was performed""），但未出现任何具名的第三方非牙科3D软件（如 Mimics、ANSYS、ABAQUS 等）被该研究自己使用的原文证据。",-,-,-,-,"【判定】: EXCLUDE
【判定理由】: 抽取的证据片段仅显示该研究进行了三维有限元分析（""A three-dimensional finite element analysis (FEA) was performed""），但未出现任何具名的第三方非牙科3D软件（如 Mimics、ANSYS、ABAQUS 等）被该研究自己使用的原文证据。
【软件】: -
【专科】: -
【应用场景】: -
【研究设计】: -"
enhancing bone tissue engineering with 3d printed polycaprolactone scaffolds integrated with tragacanth gum bioactive glass,Enhancing bone tissue engineering with 3D-Printed polycaprolactone scaffolds integrated with tragacanth gum/bioactive glass,MATERIALS TODAY BIO,journalArticle,8B728BRE,Janmohammadi 等 - 2023 - Enhancing bone tissue engineering with 3D-Printed polycaprolactone scaffolds integrated with tragaca.pdf,EXCLUDE,"证据片段中仅提及""CAD-based model""和""software design""等泛泛表述，未出现任何具名的第三方非牙科3D软件（如 Mimics、3D Slicer、Geomagic 等）；GraphPad Prism 和 OriginPro 为统计/绘图软件，非3D数据处理软件。",-,-,-,-,"【判定】: EXCLUDE
【判定理由】: 证据片段中仅提及""CAD-based model""和""software design""等泛泛表述，未出现任何具名的第三方非牙科3D软件（如 Mimics、3D Slicer、Geomagic 等）；GraphPad Prism 和 OriginPro 为统计/绘图软件，非3D数据处理软件。
【软件】: -
【专科】: -
【应用场景】: -
【研究设计】: -"
influence of framework material on stress fatigue and stability of all on four system components biomechanical evaluation with finite element analysis,"Influence of Framework Material on Stress, Fatigue, and Stability of “All-on-Four” System Components-Biomechanical Evaluation with Finite Element Analysis",JOURNAL OF FUNCTIONAL BIOMATERIALS,journalArticle,5LFW4IMR,"Popovic Grubac 等 - 2026 - Influence of Framework Material on Stress, Fatigue, and Stability of “All-on-Four” System Components.pdf",INCLUDE,"该研究自身在材料与方法中使用具名第三方非牙科3D软件进行建模，原文明确写道""In CAD (computer-aided design) software (Geomagic Design X, 3D Systems, Rock Hill, SC, USA), a restoration has been scanned into the model""。",Geomagic Design X,Prosthodontics,Biomechanical analysis and simulation,computational,"【判定】: INCLUDE
【判定理由】: 该研究自身在材料与方法中使用具名第三方非牙科3D软件进行建模，原文明确写道""In CAD (computer-aided design) software (Geomagic Design X, 3D Systems, Rock Hill, SC, USA), a restoration has been scanned into the model""。
【软件】: Geomagic Design X
【专科】: Prosthodontics
【应用场景】: Biomechanical analysis and simulation
【研究设计】: computational"
three dimensional quantitative analysis of maxillary arch morphology across sagittal and vertical skeletal patterns,Three-Dimensional Quantitative Analysis of Maxillary Arch Morphology Across Sagittal and Vertical Skeletal Patterns,APPLIED SCIENCES-BASEL,journalArticle,X4EJBTIQ,Al-Eryani 等 - 2026 - Three-Dimensional Quantitative Analysis of Maxillary Arch Morphology Across Sagittal and Vertical Sk.pdf,EXCLUDE,"证据片段中仅出现 G*Power（样本量计算）和 AudaxCeph（头影测量专用软件），前者非3D软件，后者为牙科专用软件；摘要提到""validated automated algorithm""属自研算法，未使用任何具名的第三方非牙科3D软件。",-,-,-,-,"【判定】: EXCLUDE
【判定理由】: 证据片段中仅出现 G*Power（样本量计算）和 AudaxCeph（头影测量专用软件），前者非3D软件，后者为牙科专用软件；摘要提到""validated automated algorithm""属自研算法，未使用任何具名的第三方非牙科3D软件。
【软件】: -
【专科】: -
【应用场景】: -
【研究设计】: -"
deep learning driven segmentation of maxillary impacted canine on cone beam computed tomography images,Deep learning driven segmentation of maxillary impacted canine on cone beam computed tomography images,SCIENTIFIC REPORTS,journalArticle,PKJDLVCU,Swaity 等 - 2024 - Deep learning driven segmentation of maxillary impacted canine on cone beam computed tomography imag.pdf,EXCLUDE,"该研究仅使用自研的 CNN 模型及在线云平台 ""Virtual patient creator""（Relu, Leuven, Belgium）进行分割，证据片段中未出现任何具名的第三方非牙科3D软件被该研究自己使用。",-,-,-,-,"【判定】: EXCLUDE
【判定理由】: 该研究仅使用自研的 CNN 模型及在线云平台 ""Virtual patient creator""（Relu, Leuven, Belgium）进行分割，证据片段中未出现任何具名的第三方非牙科3D软件被该研究自己使用。
【软件】: -
【专科】: -
【应用场景】: -
【研究设计】: -"
sfi ensemble sugeno fuzzy integral based ensemble of cnn models with meta heuristic fuzzy measures for mouth and oral disease detection,SFI-ensemble: Sugeno fuzzy integral-based ensemble of CNN models with meta-heuristic fuzzy measures for mouth and oral disease detection,ARTIFICIAL IN℡LIGENCE REVIEW,journalArticle,P2QVBDUM,Asif 等 - 2025 - SFI-ensemble Sugeno fuzzy integral-based ensemble of CNN models with meta-heuristic fuzzy measures.pdf,EXCLUDE,该研究仅使用自研的深度学习集成框架（SFI-Ensemble）及四个CNN模型（DenseNet121、MobileNetV1、DenseNet169、ResNet101V2），证据片段中未出现任何具名的第三方非牙科3D软件被该研究自己使用。,-,-,-,-,"【判定】: EXCLUDE
【判定理由】: 该研究仅使用自研的深度学习集成框架（SFI-Ensemble）及四个CNN模型（DenseNet121、MobileNetV1、DenseNet169、ResNet101V2），证据片段中未出现任何具名的第三方非牙科3D软件被该研究自己使用。
【软件】: -
【专科】: -
【应用场景】: -
【研究设计】: -"
use of advanced artificial intelligence in forensic medicine forensic anthropology and clinical anatomy,"Use of Advanced Artificial Intelligence in Forensic Medicine, Forensic Anthropology and Clinical Anatomy",HEALTHCARE,journalArticle,XIPF9RSI,"Thurzo 等 - 2021 - Use of Advanced Artificial Intelligence in Forensic Medicine, Forensic Anthropology and Clinical Ana.pdf",EXCLUDE,"证据片段仅描述自研的 3D CNN 算法工作流（""implementing three-dimensional convolutional neural network (3D CNN) algorithms""），未提及任何具名的第三方非牙科3D软件被该研究自己使用。",-,-,-,-,"【判定】: EXCLUDE
【判定理由】: 证据片段仅描述自研的 3D CNN 算法工作流（""implementing three-dimensional convolutional neural network (3D CNN) algorithms""），未提及任何具名的第三方非牙科3D软件被该研究自己使用。
【软件】: -
【专科】: -
【应用场景】: -
【研究设计】: -"
biomimetic 3d printed gyroid scaffolds with versatile bioactive coatings for complex craniomaxillofacial bone regeneration,Biomimetic 3D-printed gyroid scaffolds with versatile bioactive coatings for complex craniomaxillofacial bone regeneration,BIOMEDICAL MATERIALS,journalArticle,BBL9T48I,Tourbier 等 - 2026 - Biomimetic 3D-printed gyroid scaffolds with versatile bioactive coatings for complex craniomaxillofa.pdf,EXCLUDE,"证据片段中仅泛泛提及""computer-aided design (CAD)""，未出现任何具名的第三方非牙科3D软件（如 Mimics、Geomagic、SolidWorks 等）被该研究自己使用。",-,-,-,-,"【判定】: EXCLUDE
【判定理由】: 证据片段中仅泛泛提及""computer-aided design (CAD)""，未出现任何具名的第三方非牙科3D软件（如 Mimics、Geomagic、SolidWorks 等）被该研究自己使用。
【软件】: -
【专科】: -
【应用场景】: -
【研究设计】: -"
adaptive point learning with uncertainty quantification to generate margin lines on prepared teeth,Adaptive Point Learning with Uncertainty Quantification to Generate Margin Lines on Prepared Teeth,APPLIED SCIENCES-BASEL,journalArticle,FUZY7784,Alsheghri 等 - 2024 - Adaptive Point Learning with Uncertainty Quantification to Generate Margin Lines on Prepared Teeth.pdf,EXCLUDE,"该研究仅提出并训练自研的深度学习模型（""adaptive point learning inspired by the AdaPointTr model""），证据片段中未出现任何该研究自己使用的具名第三方非牙科3D软件，仅泛泛提及""commercial software""和""dental software""。",-,-,-,-,"【判定】: EXCLUDE
【判定理由】: 该研究仅提出并训练自研的深度学习模型（""adaptive point learning inspired by the AdaPointTr model""），证据片段中未出现任何该研究自己使用的具名第三方非牙科3D软件，仅泛泛提及""commercial software""和""dental software""。
【软件】: -
【专科】: -
【应用场景】: -
【研究设计】: -"
three dimensional finite element analysis of zygomatic and pterygoid implants for the rehabilitation of severely atrophic maxilla,Three-dimensional finite element analysis of zygomatic and pterygoid implants for the rehabilitation of severely atrophic maxilla,JOURNAL OF CRANIO-MAXILLOFACIAL SURGERY,journalArticle,QYXA5YVP,Mostafa 等 - 2026 - Three-dimensional finite element analysis of zygomatic and pterygoid implants for the rehabilitation.pdf,EXCLUDE,证据片段仅提及使用CBCT数据和有限元分析（FEA）建模，但未出现任何具名的第三方非牙科3D软件（如Mimics、ANSYS、ABAQUS等）被该研究自己使用。,-,-,-,-,"【判定】: EXCLUDE
【判定理由】: 证据片段仅提及使用CBCT数据和有限元分析（FEA）建模，但未出现任何具名的第三方非牙科3D软件（如Mimics、ANSYS、ABAQUS等）被该研究自己使用。
【软件】: -
【专科】: -
【应用场景】: -
【研究设计】: -"
study on fracture behavior of molars based on three dimensional high precision computerized tomography scanning and numerical simulation,Study on fracture behavior of molars based on three-dimensional high-precision computerized tomography scanning and numerical simulation,INTERNATIONAL JOURNAL FOR NUMERICAL METHODS IN BIOMEDICAL ENGINEERING,journalArticle,CL73C5HV,Feng 等 - 2022 - Study on fracture behavior of molars based on three‐dimensional high‐precision computerized tomograp.pdf,EXCLUDE,"证据片段显示该研究使用""RFPA3D developed on the basis of the finite element method and damage mechanics""及自研的""RFPA-CT""方法，属于自研算法/程序，未使用任何具名的第三方非牙科3D软件。",-,-,-,-,"【判定】: EXCLUDE
【判定理由】: 证据片段显示该研究使用""RFPA3D developed on the basis of the finite element method and damage mechanics""及自研的""RFPA-CT""方法，属于自研算法/程序，未使用任何具名的第三方非牙科3D软件。
【软件】: -
【专科】: -
【应用场景】: -
【研究设计】: -"
guidance on biomaterials for periodontal tissue regeneration fabrication methods materials and biological considerations,"Guidance on biomaterials for periodontal tissue regeneration: Fabrication methods, materials and biological considerations",DENTAL MATERIALS,journalArticle,PKH8V7FJ,"Fischer 等 - 2025 - Guidance on biomaterials for periodontal tissue regeneration Fabrication methods, materials and bio.pdf",EXCLUDE,"该文献为 Academy of Dental Materials 的指导性综述（""provides guidance for performing chemical, structural, and mechanical characterization""），属综述/指南类，非原创研究；且证据片段中未出现该研究自身使用的具名第三方非牙科3D软件（仅提及 Biorender 绘图及 CAD 泛称）。",-,-,-,-,"【判定】: EXCLUDE
【判定理由】: 该文献为 Academy of Dental Materials 的指导性综述（""provides guidance for performing chemical, structural, and mechanical characterization""），属综述/指南类，非原创研究；且证据片段中未出现该研究自身使用的具名第三方非牙科3D软件（仅提及 Biorender 绘图及 CAD 泛称）。
【软件】: -
【专科】: -
【应用场景】: -
【研究设计】: -"
chatios improving automatic 3 dimensional tooth segmentation via gpt 4v and multimodal pre training,ChatIOS: Improving automatic 3-dimensional tooth segmentation via GPT-4V and multimodal pre-training,JOURNAL OF DENTISTRY,journalArticle,HWDWK85G,Wu 等 - 2025 - ChatIOS Improving automatic 3-dimensional tooth segmentation via GPT-4V and multimodal pre-training.pdf,EXCLUDE,"该研究提出的是自研框架""ChatIOS""，整合GPT-4V与多模态预训练以增强深度学习分割算法，证据片段中未出现任何该研究自身使用的具名第三方非牙科3D软件（如Mimics、3D Slicer、Geomagic等），仅涉及自建深度学习模型与GPT-4V。",-,-,-,-,"【判定】: EXCLUDE
【判定理由】: 该研究提出的是自研框架""ChatIOS""，整合GPT-4V与多模态预训练以增强深度学习分割算法，证据片段中未出现任何该研究自身使用的具名第三方非牙科3D软件（如Mimics、3D Slicer、Geomagic等），仅涉及自建深度学习模型与GPT-4V。
【软件】: -
【专科】: -
【应用场景】: -
【研究设计】: -"
motion correction for separate mandibular and cranial movements in cone beam ct reconstructions,Motion correction for separate mandibular and cranial movements in cone beam CT reconstructions,MEDICAL PHYSICS,journalArticle,DA9LWSBD,Birklein 等 - 2023 - Motion correction for separate mandibular and cranial movements in cone beam CT reconstructions.pdf,EXCLUDE,"证据片段显示该研究""segment cranium and mandible in the projection images using a deep neural network""，即使用自研深度学习算法，未提及任何具名第三方非牙科3D软件。",-,-,-,-,"【判定】: EXCLUDE
【判定理由】: 证据片段显示该研究""segment cranium and mandible in the projection images using a deep neural network""，即使用自研深度学习算法，未提及任何具名第三方非牙科3D软件。
【软件】: -
【专科】: -
【应用场景】: -
【研究设计】: -"
identifying sources of error in computer navigated total knee arthroplasty using sensitivity analyses in knee models,Identifying Sources of Error in Computer-Navigated Total Knee Arthroplasty Using Sensitivity Analyses in Knee Models,JOURNAL OF ARTHROPLASTY,journalArticle,KJI2CQKC,Luo 等 - 2025 - Identifying Sources of Error in Computer-Navigated Total Knee Arthroplasty Using Sensitivity Analyse.pdf,EXCLUDE,"该研究主题为全膝关节置换术（骨科），不属于口腔医学任一学科；虽然证据片段显示使用了 SolidWorks（""a hemispherical acetabulum was modeled using SolidWorks""），但主题不符合纳入标准第1条。",-,-,-,-,"【判定】: EXCLUDE
【判定理由】: 该研究主题为全膝关节置换术（骨科），不属于口腔医学任一学科；虽然证据片段显示使用了 SolidWorks（""a hemispherical acetabulum was modeled using SolidWorks""），但主题不符合纳入标准第1条。
【软件】: -
【专科】: -
【应用场景】: -
【研究设计】: -"
a graph neural network framework for mapping histological topology in oral mucosal tissue,A graph neural network framework for mapping histological topology in oral mucosal tissue,BMC BIOINFORMATICS,journalArticle,VW2QVI5W,Nair 等 - 2022 - A graph neural network framework for mapping histological topology in oral mucosal tissue..pdf,EXCLUDE,"证据片段仅涉及自研的卷积神经网络与图神经网络流程（""a two stage machine learning pipeline for generating a cell-graph""），未提及该研究自身使用任何具名的第三方非牙科3D软件。",-,-,-,-,"【判定】: EXCLUDE
【判定理由】: 证据片段仅涉及自研的卷积神经网络与图神经网络流程（""a two stage machine learning pipeline for generating a cell-graph""），未提及该研究自身使用任何具名的第三方非牙科3D软件。
【软件】: -
【专科】: -
【应用场景】: -
【研究设计】: -"
development of a preliminary diagnostic tool for the segmentation of benign jaw lesions in cbct images using nnu net v2 an artificial intelligence based approach,Development of a Preliminary Diagnostic Tool for the Segmentation of Benign Jaw Lesions in CBCT Images Using nnU-Net v2: An Artificial Intelligence-Based Approach,JOURNAL OF IMAGING INFORMATICS IN MEDICINE,journalArticle,M5KL88SX,Basar 等 - 2026 - Development of a Preliminary Diagnostic Tool for the Segmentation of Benign Jaw Lesions in CBCT Imag.pdf,EXCLUDE,"该研究仅使用自研/自建的深度学习模型 nnU-Net v2（""This study evaluated the nnU-Net v2 algorithm for 3D segmentation of jaw lesions""），属于自研算法/代码，未使用任何具名的第三方非牙科3D软件。",-,-,-,-,"【判定】: EXCLUDE
【判定理由】: 该研究仅使用自研/自建的深度学习模型 nnU-Net v2（""This study evaluated the nnU-Net v2 algorithm for 3D segmentation of jaw lesions""），属于自研算法/代码，未使用任何具名的第三方非牙科3D软件。
【软件】: -
【专科】: -
【应用场景】: -
【研究设计】: -"
hybrid photometric geometric 3d reconstruction framework for manufacturing oriented assessment of tablet surface cqas under pat rtrt,Hybrid Photometric-Geometric 3D Reconstruction Framework for Manufacturing-Oriented Assessment of Tablet Surface CQAs under PAT/RTRT,AAPS PHARMSCITECH,journalArticle,TPS8WUC4,Sukpornsawan 等 - 2026 - Hybrid Photometric-Geometric 3D Reconstruction Framework for Manufacturing-Oriented Assessment of Ta.pdf,EXCLUDE,该文献研究的是药片（tablet）表面质量属性，属于制药领域而非口腔医学；且证据片段中未出现任何该研究自身使用的具名第三方非牙科3D软件。,-,-,-,-,"【判定】: EXCLUDE
【判定理由】: 该文献研究的是药片（tablet）表面质量属性，属于制药领域而非口腔医学；且证据片段中未出现任何该研究自身使用的具名第三方非牙科3D软件。
【软件】: -
【专科】: -
【应用场景】: -
【研究设计】: -"
spatiotemporal mechanical stimuli from dental crypt during tooth development an integrated experimental and computational study,Spatiotemporal mechanical stimuli from dental crypt during tooth development: An integrated experimental and computational study,EXTREME MECHANICS LETTERS,journalArticle,A3GV56C7,Kehl 等 - 2026 - Spatiotemporal mechanical stimuli from dental crypt during tooth development An integrated experime.pdf,EXCLUDE,"证据片段仅提及""Voxel-based finite element models derived from micro-CT data""和""digital volume correlation (DVC)""等方法，未出现任何具名的第三方非牙科3D软件（如Mimics、ANSYS、ABAQUS等）被该研究自己使用。",-,-,-,-,"【判定】: EXCLUDE
【判定理由】: 证据片段仅提及""Voxel-based finite element models derived from micro-CT data""和""digital volume correlation (DVC)""等方法，未出现任何具名的第三方非牙科3D软件（如Mimics、ANSYS、ABAQUS等）被该研究自己使用。
【软件】: -
【专科】: -
【应用场景】: -
【研究设计】: -"
injectable and 3d printed hydrogels state of the art platform for bone regeneration in dentistry,Injectable and 3D-printed hydrogels: State-of-the-art platform for bone regeneration in dentistry,INORGANIC CHEMISTRY COMMUNICATIONS,journalArticle,NCZWT798,Budi 等 - 2024 - Injectable and 3D-printed hydrogels State-of-the-art platform for bone regeneration in dentistry.pdf,EXCLUDE,"该文献为综述（""This study reviews hydrogel-related dental bone tissue engineering""），不符合原创研究/技术说明/病例报告的纳入类型要求；且证据片段中未出现该研究自身使用的任何具名第三方非牙科3D软件。",-,-,-,-,"【判定】: EXCLUDE
【判定理由】: 该文献为综述（""This study reviews hydrogel-related dental bone tissue engineering""），不符合原创研究/技术说明/病例报告的纳入类型要求；且证据片段中未出现该研究自身使用的任何具名第三方非牙科3D软件。
【软件】: -
【专科】: -
【应用场景】: -
【研究设计】: -"
dose titration of solid dosage forms via fdm 3d printed mini tablets,Dose Titration of Solid Dosage Forms via FDM 3D-Printed Mini-Tablets,PHARMACEUTICS,journalArticle,WRE7G4MD,Guluzar Gorkem Buyukgoz 等 - 2022 - Dose Titration of Solid Dosage Forms via FDM 3D-Printed Mini-Tablets.pdf,EXCLUDE,该研究主题为药学领域的3D打印片剂剂量滴定，不属于口腔医学任一学科；且证据中使用的 Autodesk Fusion 360 用于片剂设计，与口腔医学无关。,-,-,-,-,"【判定】: EXCLUDE
【判定理由】: 该研究主题为药学领域的3D打印片剂剂量滴定，不属于口腔医学任一学科；且证据中使用的 Autodesk Fusion 360 用于片剂设计，与口腔医学无关。
【软件】: -
【专科】: -
【应用场景】: -
【研究设计】: -"
precise point set registration based on feature fusion,Precise Point Set Registration Based on Feature Fusion,COMPUTER JOURNAL,journalArticle,U3JKMSXD,Liu 等 - 2021 - Precise Point Set Registration Based on Feature Fusion.pdf,EXCLUDE,"证据片段仅显示该研究提出了自研的""feature fusion based algorithm""和""automatic extraction method""，未提及任何具名的第三方非牙科3D软件被该研究自身使用。",-,-,-,-,"【判定】: EXCLUDE
【判定理由】: 证据片段仅显示该研究提出了自研的""feature fusion based algorithm""和""automatic extraction method""，未提及任何具名的第三方非牙科3D软件被该研究自身使用。
【软件】: -
【专科】: -
【应用场景】: -
【研究设计】: -"
feature extraction for margin lines using region growing with a dynamic weight function in a one point bidirectional path search,Feature extraction for margin lines using region growing with a dynamic weight function in a one-point bidirectional path search,JOURNAL OF COMPUTATIONAL DESIGN AND ENGINEERING,journalArticle,GK77S9CY,Shin 等 - 2022 - Feature extraction for margin lines using region growing with a dynamic weight function in a one-poi.pdf,EXCLUDE,"该研究提出的是自研的双向路径搜索算法（""we propose a bidirectional path-search algorithm using a single input point""），仅与商业牙科CAD系统作对比，未使用任何具名的第三方非牙科3D软件。",-,-,-,-,"【判定】: EXCLUDE
【判定理由】: 该研究提出的是自研的双向路径搜索算法（""we propose a bidirectional path-search algorithm using a single input point""），仅与商业牙科CAD系统作对比，未使用任何具名的第三方非牙科3D软件。
【软件】: -
【专科】: -
【应用场景】: -
【研究设计】: -"
transverse maxillary correction leaf expander vs rapid maxillary expansion appliances a systematic review and meta analysis,Transverse Maxillary Correction: Leaf Expander vs. Rapid Maxillary Expansion Appliances-A Systematic Review and Meta-Analysis,CHILDREN-BASEL,journalArticle,A42J5F8W,Caramaschi 等 - 2026 - Transverse Maxillary Correction Leaf Expander vs. Rapid Maxillary Expansion Appliances-A Systematic.pdf,EXCLUDE,"该文献为系统综述与Meta分析（""A systematic review was conducted in accordance with PRISMA 2020 guidelines""），属于排除的文献类型；且证据中仅出现统计软件""R 4.3.1""，非牙科3D软件，三维分割分析仅为引用他人研究（""Ugolini et al. evaluated palatal morphological changes using digital intraoral scans and three-dimensional segmentation analysis""）。",-,-,-,-,"【判定】: EXCLUDE
【判定理由】: 该文献为系统综述与Meta分析（""A systematic review was conducted in accordance with PRISMA 2020 guidelines""），属于排除的文献类型；且证据中仅出现统计软件""R 4.3.1""，非牙科3D软件，三维分割分析仅为引用他人研究（""Ugolini et al. evaluated palatal morphological changes using digital intraoral scans and three-dimensional segmentation analysis""）。
【软件】: -
【专科】: -
【应用场景】: -
【研究设计】: -"
three dimensional complementary breast ultrasound 3d cbus improving 3d spatial resolution uniformity with orthogonal images,Three-dimensional complementary breast ultrasound (3D CBUS): Improving 3D spatial resolution uniformity with orthogonal images,MEDICAL PHYSICS,journalArticle,9B9AU6TU,Park 等 - 2025 - Three‐dimensional complementary breast ultrasound (3D CBUS) Improving 3D spatial resolution uniform.pdf,EXCLUDE,"该文献主题为乳腺超声三维成像（breast ultrasound），不属于口腔医学任一学科；证据片段中仅提及""custom software modules""等自研软件，未出现任何具名第三方非牙科3D软件。",-,-,-,-,"【判定】: EXCLUDE
【判定理由】: 该文献主题为乳腺超声三维成像（breast ultrasound），不属于口腔医学任一学科；证据片段中仅提及""custom software modules""等自研软件，未出现任何具名第三方非牙科3D软件。
【软件】: -
【专科】: -
【应用场景】: -
【研究设计】: -"
does crown root and bone visualization in a clear aligner virtual setup impact treatment decisions,"Does crown, root, and bone visualization in a clear aligner virtual setup impact treatment decisions?",AMERICAN JOURNAL OF ORTHODONTICS AND DENTOFACIAL ORTHOPEDICS,journalArticle,AULZ2CKN,"Tüfekçi 等 - 2024 - Does crown, root, and bone visualization in a clear aligner virtual setup impact treatment decisions.pdf",EXCLUDE,"证据中该研究自己使用的软件为""3D Predict aligner system""（牙科专用正畸软件）和""REDCap""（数据采集平台，非3D软件），未使用任何具名的第三方非牙科3D软件。",-,-,-,-,"【判定】: EXCLUDE
【判定理由】: 证据中该研究自己使用的软件为""3D Predict aligner system""（牙科专用正畸软件）和""REDCap""（数据采集平台，非3D软件），未使用任何具名的第三方非牙科3D软件。
【软件】: -
【专科】: -
【应用场景】: -
【研究设计】: -"
preclinical 3d printed laboratory simulation of deep caries and the exposed pulp reduced student anxiety and stress while increasing confidence and knowledge in vital pulp treatment,"Preclinical 3D-printed laboratory simulation of deep caries and the exposed pulp reduced student anxiety and stress, while increasing confidence and knowledge in vital pulp treatment",INTERNATIONAL ENDODONTIC JOURNAL,journalArticle,NM44QWCY,Chevalier 等 - 2022 - Preclinical 3D-printed laboratory simulation of deep caries and the exposed pulp reduced student anx.pdf,EXCLUDE,"抽取的软件相关证据片段仅为参考文献列表（如 ""Spielberger, C.D. (1983) Manual for the state-trait inventory STAI""），未出现该研究自身在材料与方法中使用的任何具名第三方非牙科3D软件。",-,-,-,-,"【判定】: EXCLUDE
【判定理由】: 抽取的软件相关证据片段仅为参考文献列表（如 ""Spielberger, C.D. (1983) Manual for the state-trait inventory STAI""），未出现该研究自身在材料与方法中使用的任何具名第三方非牙科3D软件。
【软件】: -
【专科】: -
【应用场景】: -
【研究设计】: -"
oral ct image processing based on oral ct image filtering algorithm,Oral CT Image Processing Based on Oral CT Image Filtering Algorithm,COMPUTATIONAL IN℡LIGENCE AND NEUROSCIENCE,journalArticle,J5XU7G3J,Yang 等 - 2022 - Oral CT Image Processing Based on Oral CT Image Filtering Algorithm.pdf,EXCLUDE,"证据片段仅描述该研究自研的小波与双边滤波算法（如""the CT image is filtered by wavelet and bilateral filtering algorithm""），未出现任何具名的第三方非牙科3D软件被该研究自己使用。",-,-,-,-,"【判定】: EXCLUDE
【判定理由】: 证据片段仅描述该研究自研的小波与双边滤波算法（如""the CT image is filtered by wavelet and bilateral filtering algorithm""），未出现任何具名的第三方非牙科3D软件被该研究自己使用。
【软件】: -
【专科】: -
【应用场景】: -
【研究设计】: -"
digitally fabricated dentures for full mouth rehabilitation with zirconia polyetheretherketone and selective laser melted ti 6al 4v material,"Digitally Fabricated Dentures for Full Mouth Rehabilitation with Zirconia, Polyetheretherketone and Selective Laser Melted Ti-6Al-4V Material",INTERNATIONAL JOURNAL OF ENVIRONMENTAL RESEARCH AND PUBLIC HEALTH,journalArticle,9TZHBXIG,"Lee和Chen - 2022 - Digitally Fabricated Dentures for Full Mouth Rehabilitation with Zirconia, Polyetheretherketone and.pdf",EXCLUDE,"证据片段中该研究自己使用的设计软件为 ""CAD software (Exocad DentalCAD, exocad GmbH, Darmstadt, Germany)""，属于牙科专用软件，不符合""具名第三方非牙科3D软件""的纳入标准。",-,-,-,-,"【判定】: EXCLUDE
【判定理由】: 证据片段中该研究自己使用的设计软件为 ""CAD software (Exocad DentalCAD, exocad GmbH, Darmstadt, Germany)""，属于牙科专用软件，不符合""具名第三方非牙科3D软件""的纳入标准。
【软件】: -
【专科】: -
【应用场景】: -
【研究设计】: -"
identifying lymph nodes and their statuses from pretreatment computer tomography images of patients with head and neck cancer using a clinical data driven deep learning algorithm,Identifying Lymph Nodes and Their Statuses from Pretreatment Computer Tomography Images of Patients with Head and Neck Cancer Using a Clinical-Data-Driven Deep Learning Algorithm,CANCERS,journalArticle,9H75HRKJ,Huang 等 - 2023 - Identifying Lymph Nodes and Their Statuses from Pretreatment Computer Tomography Images of Patients.pdf,EXCLUDE,"该研究仅使用自研的深度学习模型（""We chose a 3D UNet model trained for semantic segmentation""），未使用任何具名的第三方非牙科3D软件。",-,-,-,-,"【判定】: EXCLUDE
【判定理由】: 该研究仅使用自研的深度学习模型（""We chose a 3D UNet model trained for semantic segmentation""），未使用任何具名的第三方非牙科3D软件。
【软件】: -
【专科】: -
【应用场景】: -
【研究设计】: -"
clinical evaluation of a one piece polyetheretherketone removable partial denture fabricated using a novel digital workflow a self controlled clinical trial,Clinical evaluation of a one-piece polyetheretherketone removable partial denture fabricated using a novel digital workflow: A self-controlled clinical trial,JOURNAL OF PROSTHODONTICS-IMPLANT ESTHETIC AND RECONSTRUCTIVE DENTISTRY,journalArticle,D9FTATP8,Yoon 等 - 2024 - Clinical evaluation of a one-piece polyetheretherketone removable partial denture fabricated using a.pdf,EXCLUDE,"证据片段仅泛泛提及 ""CAD-CAM technology"" 和 ""3D deviation analysis""，未出现任何该研究自身使用的具名第三方非牙科3D软件（如 Mimics、Geomagic 等）。",-,-,-,-,"【判定】: EXCLUDE
【判定理由】: 证据片段仅泛泛提及 ""CAD-CAM technology"" 和 ""3D deviation analysis""，未出现任何该研究自身使用的具名第三方非牙科3D软件（如 Mimics、Geomagic 等）。
【软件】: -
【专科】: -
【应用场景】: -
【研究设计】: -"
hierarchical chitin nanocrystal based 3d printed dual layer membranes hydrogels a dual drug delivery nano platform for periodontal tissue regeneration,Hierarchical Chitin Nanocrystal-Based 3D Printed Dual-Layer Membranes Hydrogels: A Dual Drug Delivery Nano-Platform for Periodontal Tissue Regeneration,ACS NANO,journalArticle,977YT8IH,Dos Santos 等 - 2024 - Hierarchical Chitin Nanocrystal-Based 3D Printed Dual-Layer Membranes Hydrogels A Dual Drug Deliver.pdf,EXCLUDE,"证据中仅出现泛称的""CAD software""和图像分析软件""ImageJ""，未给出任何具名的第三方非牙科3D软件（如 SolidWorks、Rhinoceros 等）名称，不满足纳入标准第2条。",-,-,-,-,"【判定】: EXCLUDE
【判定理由】: 证据中仅出现泛称的""CAD software""和图像分析软件""ImageJ""，未给出任何具名的第三方非牙科3D软件（如 SolidWorks、Rhinoceros 等）名称，不满足纳入标准第2条。
【软件】: -
【专科】: -
【应用场景】: -
【研究设计】: -"
assessment of temperature effects on photopolymer resin dental prosthetics fabricated by stereolithography using optical coherence tomography,Assessment of temperature effects on photopolymer resin dental prosthetics fabricated by stereolithography using optical coherence tomography,OPTICS AND LASER TECHNOLOGY,journalArticle,PCL6JTNN,Amrin Luna 等 - 2024 - Assessment of temperature effects on photopolymer resin dental prosthetics fabricated by stereolitho.pdf,EXCLUDE,"证据片段中提及的软件（如 Model Builder、surface matching software）均出现在对他人研究（Rungrojwittayakul et al.）的描述中，而非该研究自身使用；该研究自身仅开发了""a surface analysis algorithm""用于分析，未使用具名第三方非牙科3D软件。",-,-,-,-,"【判定】: EXCLUDE
【判定理由】: 证据片段中提及的软件（如 Model Builder、surface matching software）均出现在对他人研究（Rungrojwittayakul et al.）的描述中，而非该研究自身使用；该研究自身仅开发了""a surface analysis algorithm""用于分析，未使用具名第三方非牙科3D软件。
【软件】: -
【专科】: -
【应用场景】: -
【研究设计】: -"
nanobiotechnological approaches for breast cancer management drug delivery systems and 3d in vitro models,Nanobiotechnological approaches for breast cancer Management: Drug delivery systems and 3D In-Vitro models,COORDINATION CHEMISTRY REVIEWS,journalArticle,ILRPW2I6,Abolhassani 等 - 2024 - Nanobiotechnological approaches for breast cancer Management Drug delivery systems and 3D In-Vitro.pdf,EXCLUDE,"该文献为综述（文中自述""In the first section of this review article""及""This review focuses on...""），主题为乳腺癌纳米技术与3D模型，不属于口腔医学，且证据片段中未出现任何该研究自身使用的具名第三方非牙科3D软件。",-,-,-,-,"【判定】: EXCLUDE
【判定理由】: 该文献为综述（文中自述""In the first section of this review article""及""This review focuses on...""），主题为乳腺癌纳米技术与3D模型，不属于口腔医学，且证据片段中未出现任何该研究自身使用的具名第三方非牙科3D软件。
【软件】: -
【专科】: -
【应用场景】: -
【研究设计】: -"
a novel artificial intelligence based approach for quantitative assessment of angiogenesis in the ex ovo cam model,A Novel Artificial Intelligence-Based Approach for Quantitative Assessment of Angiogenesis in the Ex Ovo CAM Model,CANCERS,journalArticle,9RG8ZHBS,Faihs 等 - 2022 - A Novel Artificial Intelligence-Based Approach for Quantitative Assessment of Angiogenesis in the Ex.pdf,EXCLUDE,该研究主题为 CAM 模型血管生成定量评估，不属于口腔医学任一学科；且所用软件 ImageJ、ImageScope、AngioTool、IKOSA 均非牙科三维软件，主题与纳入标准不符。,-,-,-,-,"【判定】: EXCLUDE
【判定理由】: 该研究主题为 CAM 模型血管生成定量评估，不属于口腔医学任一学科；且所用软件 ImageJ、ImageScope、AngioTool、IKOSA 均非牙科三维软件，主题与纳入标准不符。
【软件】: -
【专科】: -
【应用场景】: -
【研究设计】: -"
fully automated mandibular condyle segmentation more detailed extraction with hybrid customized sam,Fully Automated Mandibular Condyle Segmentation: More Detailed Extraction With Hybrid Customized SAM,INTERNATIONAL JOURNAL OF IMAGING SYSTEMS AND TECHNOLOGY,journalArticle,I7Y42AG2,Huang 等 - 2025 - Fully Automated Mandibular Condyle Segmentation More Detailed Extraction With Hybrid Customized sp.pdf,EXCLUDE,"该研究仅提出并使用了自研的深度学习框架（""a novel framework for condylar segmentation by adapting the 'Segmentation Anything Model' (SAM)""），属于自研算法/模型，未使用任何具名的第三方非牙科3D软件。",-,-,-,-,"【判定】: EXCLUDE
【判定理由】: 该研究仅提出并使用了自研的深度学习框架（""a novel framework for condylar segmentation by adapting the 'Segmentation Anything Model' (SAM)""），属于自研算法/模型，未使用任何具名的第三方非牙科3D软件。
【软件】: -
【专科】: -
【应用场景】: -
【研究设计】: -"
assessment of all in focus image quality in shape from focus technique,Assessment of All-in-focus Image Quality in Shape-from-focus Technique,SENSORS AND MATERIALS,journalArticle,KS6SA2QE,Onogi和Nakajima - 2023 - Assessment of All-in-focus Image Quality in Shape-from-focus Technique.pdf,EXCLUDE,"证据片段中未出现任何该研究自身使用的具名第三方非牙科3D软件，仅泛泛提及""CAD models""及自研SFF方法，无具体软件名。",-,-,-,-,"【判定】: EXCLUDE
【判定理由】: 证据片段中未出现任何该研究自身使用的具名第三方非牙科3D软件，仅泛泛提及""CAD models""及自研SFF方法，无具体软件名。
【软件】: -
【专科】: -
【应用场景】: -
【研究设计】: -"
the effect of functionally graded materials on bone remodeling around osseointegrated trans femoral prostheses,The effect of functionally graded materials on bone remodeling around osseointegrated trans-femoral prostheses,JOURNAL OF THE MECHANICAL BEHAVIOR OF BIOMEDICAL MATERIALS,journalArticle,V4SM7JXW,Ghaziani 等 - 2021 - The effect of functionally graded materials on bone remodeling around osseointegrated trans-femoral.pdf,EXCLUDE,该研究主题为经股骨骨整合假体的骨重塑，属于骨科/生物力学领域，而非口腔医学任一学科；摘要及证据片段中均未涉及口腔相关解剖结构或治疗。,-,-,-,-,"【判定】: EXCLUDE
【判定理由】: 该研究主题为经股骨骨整合假体的骨重塑，属于骨科/生物力学领域，而非口腔医学任一学科；摘要及证据片段中均未涉及口腔相关解剖结构或治疗。
【软件】: -
【专科】: -
【应用场景】: -
【研究设计】: -"
a three dimensional printed polycaprolactone biphasic calcium phosphate scaffold combined with adipose derived stem cells cultured in xenogeneic serum free media for the treatment of bone defects,A Three-Dimensional Printed Polycaprolactone-Biphasic-Calcium-Phosphate Scaffold Combined with Adipose-Derived Stem Cells Cultured in Xenogeneic Serum-Free Media for the Treatment of Bone Defects,JOURNAL OF FUNCTIONAL BIOMATERIALS,journalArticle,ZAPEW5KM,Supphaprasitt 等 - 2022 - A Three-Dimensional Printed Polycaprolactone-Biphasic-Calcium-Phosphate Scaffold Combined with Adipo.pdf,INCLUDE,"该研究自身在材料与方法中使用具名第三方非牙科3D软件进行支架设计，原文为""designed in a grid pattern ... using 3D Slicer Software (ideaMaker version 4.1.0.4990, Raise-3D Technologies Inc., Irvine, CA, USA)""。",3D Slicer; ideaMaker,Oral and Maxillofacial Surgery,Digital design and manufacturing,in_vitro,"【判定】: INCLUDE
【判定理由】: 该研究自身在材料与方法中使用具名第三方非牙科3D软件进行支架设计，原文为""designed in a grid pattern ... using 3D Slicer Software (ideaMaker version 4.1.0.4990, Raise-3D Technologies Inc., Irvine, CA, USA)""。
【软件】: 3D Slicer; ideaMaker
【专科】: Oral and Maxillofacial Surgery
【应用场景】: Digital design and manufacturing
【研究设计】: in_vitro"
biofabrication of an in vitro bone model for gaucher disease,Biofabrication of an in-vitro bone model for Gaucher disease,BIOFABRICATION,journalArticle,QHQCR9ID,Banerjee 等 - 2023 - Biofabrication of an in-vitro bone model for Gaucher disease.pdf,EXCLUDE,"抽取的软件相关证据片段中未出现任何具名的第三方非牙科3D软件，仅涉及生物打印与细胞培养方法（如""aspiration-assisted freeform bioprinting""），无3D数据处理/分析/建模软件的使用证据。",-,-,-,-,"【判定】: EXCLUDE
【判定理由】: 抽取的软件相关证据片段中未出现任何具名的第三方非牙科3D软件，仅涉及生物打印与细胞培养方法（如""aspiration-assisted freeform bioprinting""），无3D数据处理/分析/建模软件的使用证据。
【软件】: -
【专科】: -
【应用场景】: -
【研究设计】: -"
cartilage repair unleashing prp s potential in organoid models,Cartilage repair: unleashing PRP's potential in organoid models,CYTOTECHNOLOGY,journalArticle,IE7RDNAX,Golshan 等 - 2025 - Cartilage repair unleashing PRP's potential in organoid models..pdf,EXCLUDE,"该文献为综述（摘要明确 ""this review aims to enhance chondrogenesis...""），且证据片段中未出现任何该研究自身使用的具名第三方非牙科3D软件。",-,-,-,-,"【判定】: EXCLUDE
【判定理由】: 该文献为综述（摘要明确 ""this review aims to enhance chondrogenesis...""），且证据片段中未出现任何该研究自身使用的具名第三方非牙科3D软件。
【软件】: -
【专科】: -
【应用场景】: -
【研究设计】: -"
a novel artificial intelligence powered tool for automated root canal segmentation in single rooted teeth on cone beam computed tomography,A novel artificial intelligence-powered tool for automated root canal segmentation in single-rooted teeth on cone-beam computed tomography,INTERNATIONAL ENDODONTIC JOURNAL,journalArticle,MBMSHJXN,Santos-Junior 等 - 2025 - A novel artificial intelligence-powered tool for automated root canal segmentation in single-rooted.pdf,EXCLUDE,"该研究使用自研的基于卷积神经网络（CNN）的AI工具进行根管分割，证据中仅提及""Virtual Patient Creator platform""用于手动分割建立ground truth，未显示使用任何具名的第三方非牙科3D软件（如Mimics、3D Slicer等）进行3D数据处理。",-,-,-,-,"【判定】: EXCLUDE
【判定理由】: 该研究使用自研的基于卷积神经网络（CNN）的AI工具进行根管分割，证据中仅提及""Virtual Patient Creator platform""用于手动分割建立ground truth，未显示使用任何具名的第三方非牙科3D软件（如Mimics、3D Slicer等）进行3D数据处理。
【软件】: -
【专科】: -
【应用场景】: -
【研究设计】: -"
a 3d in vitro model of the human dentine interface shows long range osteoinduction from the dentine surface,A 3D In-vitro model of the human dentine interface shows long-range osteoinduction from the dentine surface,INTERNATIONAL JOURNAL OF ORAL SCIENCE,journalArticle,9RK8X4SA,Macalester 等 - 2024 - A 3D In-vitro model of the human dentine interface shows long-range osteoinduction from the dentine.pdf,INCLUDE,"证据片段显示该研究自己使用了非牙科3D软件：""STL ﬁles were generated using Autodesk Inventor and sliced using the BioX on-board slicer""，其中 Autodesk Inventor 为具名第三方非牙科3D建模软件，用于生成3D打印模型文件。",Autodesk Inventor,Oral and Maxillofacial Surgery,Digital design and manufacturing,in_vitro,"【判定】: INCLUDE
【判定理由】: 证据片段显示该研究自己使用了非牙科3D软件：""STL ﬁles were generated using Autodesk Inventor and sliced using the BioX on-board slicer""，其中 Autodesk Inventor 为具名第三方非牙科3D建模软件，用于生成3D打印模型文件。
【软件】: Autodesk Inventor
【专科】: Oral and Maxillofacial Surgery
【应用场景】: Digital design and manufacturing
【研究设计】: in_vitro"
precision of a hand held 3d surface scanner in dry and wet skeletal surfaces an ex vivo study,Precision of a Hand-Held 3D Surface Scanner in Dry and Wet Skeletal Surfaces: An Ex Vivo Study,DIAGNOSTICS,journalArticle,CWY7AMZN,Probst 等 - 2022 - Precision of a Hand-Held 3D Surface Scanner in Dry and Wet Skeletal Surfaces An Ex Vivo Study..pdf,INCLUDE,"该研究自身使用工业扫描仪 Artec Space Spider 及配套软件 Artec Studio 12 进行骨骼表面扫描与3D模型生成，证据片段明确记载 ""scanned ... using the structured-light 3D scanner Artec Space Spider (Artec3D, Luxembourg, Software: Artec Studio 12, Version 12.1.6.16)""。",Artec Studio,Oral and Maxillofacial Surgery,3D data analysis and accuracy assessment,in_vitro,"【判定】: INCLUDE
【判定理由】: 该研究自身使用工业扫描仪 Artec Space Spider 及配套软件 Artec Studio 12 进行骨骼表面扫描与3D模型生成，证据片段明确记载 ""scanned ... using the structured-light 3D scanner Artec Space Spider (Artec3D, Luxembourg, Software: Artec Studio 12, Version 12.1.6.16)""。
【软件】: Artec Studio
【专科】: Oral and Maxillofacial Surgery
【应用场景】: 3D data analysis and accuracy assessment
【研究设计】: in_vitro"
effect of platform design of dental implant abutment on loosening and fatigue performance,Effect of platform design of dental implant abutment on loosening and fatigue performance,ENGINEERING FAILURE ANALYSIS,journalArticle,WS7EVNAT,Sun 等 - 2025 - Effect of platform design of dental implant abutment on loosening and fatigue performance.pdf,INCLUDE,"该研究自身在方法中使用具名第三方非牙科3D软件：""a 3D model was created using SolidWorks software"" 并 ""imported into Ansys Workbench software for FEA""。",SolidWorks; ANSYS Workbench,Implantology,Biomechanical analysis and simulation,computational,"【判定】: INCLUDE
【判定理由】: 该研究自身在方法中使用具名第三方非牙科3D软件：""a 3D model was created using SolidWorks software"" 并 ""imported into Ansys Workbench software for FEA""。
【软件】: SolidWorks; ANSYS Workbench
【专科】: Implantology
【应用场景】: Biomechanical analysis and simulation
【研究设计】: computational"
in vitro comparison of internal and marginal adaptation between printed and milled onlays,In Vitro Comparison of Internal and Marginal Adaptation between Printed and Milled Onlays,MATERIALS,journalArticle,NF7ZX4PJ,Cantó-Navés 等 - 2023 - In Vitro Comparison of Internal and Marginal Adaptation between Printed and Milled Onlays.pdf,EXCLUDE,"证据片段中仅出现牙科专用软件""proprietary dental CAD software (Exocad Galway, Exocad GmbH)""及""a specific software was used to measure""，未提及任何具名的第三方非牙科3D软件被该研究自己使用。",-,-,-,-,"【判定】: EXCLUDE
【判定理由】: 证据片段中仅出现牙科专用软件""proprietary dental CAD software (Exocad Galway, Exocad GmbH)""及""a specific software was used to measure""，未提及任何具名的第三方非牙科3D软件被该研究自己使用。
【软件】: -
【专科】: -
【应用场景】: -
【研究设计】: -"
direct ink writing with dental composites a paradigm shift toward sustainable chair side production,Direct ink writing with dental composites: A paradigm shift toward sustainable chair-side production,DENTAL MATERIALS,journalArticle,68LCNUVN,Tseng 等 - 2024 - Direct ink writing with dental composites A paradigm shift toward sustainable chair-side production.pdf,INCLUDE,"该研究自身在方法中使用 CloudCompare（""the images were imported into the open-source software CloudCompare (version 2.12.4) as individual 3D point clouds""）进行3D点云配准与偏差分析，并使用了 Ultimaker Cura 生成 G-code。",CloudCompare; Ultimaker Cura,Prosthodontics,3D data analysis and accuracy assessment,in_vitro,"【判定】: INCLUDE
【判定理由】: 该研究自身在方法中使用 CloudCompare（""the images were imported into the open-source software CloudCompare (version 2.12.4) as individual 3D point clouds""）进行3D点云配准与偏差分析，并使用了 Ultimaker Cura 生成 G-code。
【软件】: CloudCompare; Ultimaker Cura
【专科】: Prosthodontics
【应用场景】: 3D data analysis and accuracy assessment
【研究设计】: in_vitro"
digital application of three dimensional diagnosis and treatment with a virtual articulator,Digital application of three-dimensional diagnosis and treatment with a virtual articulator,JOURNAL OF ESTHETIC AND RESTORATIVE DENTISTRY,journalArticle,59C32I24,Lee 等 - 2024 - Digital application of three‐dimensional diagnosis and treatment with a virtual articulator.pdf,EXCLUDE,"证据片段中出现的具名软件为 R2GATE（MegaGEN）和 Raydent splint design/Raydent studio（Ray），二者均为牙科专用软件（种植/修复设计），不符合""第三方非牙科3D软件""的要求。",-,-,-,-,"【判定】: EXCLUDE
【判定理由】: 证据片段中出现的具名软件为 R2GATE（MegaGEN）和 Raydent splint design/Raydent studio（Ray），二者均为牙科专用软件（种植/修复设计），不符合""第三方非牙科3D软件""的要求。
【软件】: -
【专科】: -
【应用场景】: -
【研究设计】: -"
etched 3d printed polycaprolactone constructs functionalized with reduced graphene oxide for enhanced attachment of dental pulp derived stem cells,Etched 3D-Printed Polycaprolactone Constructs Functionalized with Reduced Graphene Oxide for Enhanced Attachment of Dental Pulp-Derived Stem Cells,PHARMACEUTICS,journalArticle,DCJH8XKA,Bow 等 - 2021 - Etched 3D-Printed Polycaprolactone Constructs Functionalized with Reduced Graphene Oxide for Enhance.pdf,INCLUDE,"该研究自身在材料与方法中使用 Autodesk Inventor CAD 软件设计支架结构，原文为""PCL and rGO-PCL lattice structures were designed in Autodesk Inventor CAD software""。",Autodesk Inventor,Regenerative Dentistry / Tissue Engineering (口腔再生医学/组织工程),Digital design and manufacturing,in_vitro,"【判定】: INCLUDE
【判定理由】: 该研究自身在材料与方法中使用 Autodesk Inventor CAD 软件设计支架结构，原文为""PCL and rGO-PCL lattice structures were designed in Autodesk Inventor CAD software""。
【软件】: Autodesk Inventor
【专科】: Regenerative Dentistry / Tissue Engineering (口腔再生医学/组织工程)
【应用场景】: Digital design and manufacturing
【研究设计】: in_vitro"
fracture strength of different veneers on polyetheretherketone peek frameworks in implant supported single crowns,Fracture strength of different veneers on polyetheretherketone (PEEK) frameworks in implant-supported single crowns,AMERICAN JOURNAL OF DENTISTRY,journalArticle,R7TJEP7M,Tekin 等 - 2022 - Fracture strength of different veneers on polyetheretherketone (PEEK) frameworks in implant-supporte.pdf,EXCLUDE,"证据片段中仅提及""CAD-CAM system""这一泛称，未出现任何具名的第三方非牙科3D软件（如Mimics、3D Slicer、Geomagic等），且所用材料均为牙科CAD-CAM材料（如IPS e.max CAD、Lava Ultimate）。",-,-,-,-,"【判定】: EXCLUDE
【判定理由】: 证据片段中仅提及""CAD-CAM system""这一泛称，未出现任何具名的第三方非牙科3D软件（如Mimics、3D Slicer、Geomagic等），且所用材料均为牙科CAD-CAM材料（如IPS e.max CAD、Lava Ultimate）。
【软件】: -
【专科】: -
【应用场景】: -
【研究设计】: -"
deep reinforcement learning for efficient registration between intraoral scan meshes and ct images,Deep reinforcement learning for efficient registration between intraoral-scan meshes and CT images,PATTERN RECOGNITION,journalArticle,3RU3YSFY,Choi 等 - 2025 - Deep reinforcement learning for efficient registration between intraoral-scan meshes and CT images.pdf,EXCLUDE,证据片段仅显示该研究提出并使用了自研的深度强化学习（DRL）框架与图卷积网络进行配准，未提及任何具名的第三方非牙科3D软件（如Mimics、3D Slicer等）被该研究自身使用。,-,-,-,-,"【判定】: EXCLUDE
【判定理由】: 证据片段仅显示该研究提出并使用了自研的深度强化学习（DRL）框架与图卷积网络进行配准，未提及任何具名的第三方非牙科3D软件（如Mimics、3D Slicer等）被该研究自身使用。
【软件】: -
【专科】: -
【应用场景】: -
【研究设计】: -"
clinical applications of polyetheretherketone in removable dental prostheses accuracy characteristics and performance,"Clinical Applications of Polyetheretherketone in Removable Dental Prostheses: Accuracy, Characteristics, and Performance",POLYMERS,journalArticle,SA5CK9Q5,"Liu 等 - 2022 - Clinical Applications of Polyetheretherketone in Removable Dental Prostheses Accuracy, Characterist.pdf",EXCLUDE,"该文献为综述（""The present article comprehensively reviews various applications of PEEK in removable dental prostheses""），且证据片段中未出现该研究自身使用的具名第三方非牙科3D软件，仅泛泛提及""digital methods using 3D software""。",-,-,-,-,"【判定】: EXCLUDE
【判定理由】: 该文献为综述（""The present article comprehensively reviews various applications of PEEK in removable dental prostheses""），且证据片段中未出现该研究自身使用的具名第三方非牙科3D软件，仅泛泛提及""digital methods using 3D software""。
【软件】: -
【专科】: -
【应用场景】: -
【研究设计】: -"
prosthesis repair of oral implants based on artificial intelligenc e finite element analysis,Prosthesis repair of oral implants based on artificial intelligenc`e finite element analysis,SLAS TECHNOLOGY,journalArticle,CKG49MIJ,Sun - 2024 - Prosthesis repair of oral implants based on artificial intelligenc`e finite element analysis.pdf,EXCLUDE,"证据片段仅描述该研究自研的""AI-FEA""框架（""An AI-powered model creation module... Utilizing deep learning approaches""），未提及任何具名的第三方非牙科3D软件被该研究自己使用。",-,-,-,-,"【判定】: EXCLUDE
【判定理由】: 证据片段仅描述该研究自研的""AI-FEA""框架（""An AI-powered model creation module... Utilizing deep learning approaches""），未提及任何具名的第三方非牙科3D软件被该研究自己使用。
【软件】: -
【专科】: -
【应用场景】: -
【研究设计】: -"
tip torque rotations how accurately do digital superimposition software packages quantify tooth movement,"TIP, TORQUE & ROTATIONS: How accurately do digital superimposition software packages quantify tooth movement?",PROGRESS IN ORTHODONTICS,journalArticle,7IYSLJJL,"Adel 等 - 2022 - TIP, TORQUE & ROTATIONS How accurately do digital superimposition software packages quantify tooth.pdf",EXCLUDE,"证据片段仅泛泛提及""three different 3D digital model registration software""及""a tooth movement software""，未给出任何具名的第三方非牙科3D软件名称，无法确认该研究自身使用了符合纳入标准的具名软件。",-,-,-,-,"【判定】: EXCLUDE
【判定理由】: 证据片段仅泛泛提及""three different 3D digital model registration software""及""a tooth movement software""，未给出任何具名的第三方非牙科3D软件名称，无法确认该研究自身使用了符合纳入标准的具名软件。
【软件】: -
【专科】: -
【应用场景】: -
【研究设计】: -"
development and optimization of 3d printed orally dissolving films of vitamin d3 using a quality by design approach,Development and Optimization of 3D-Printed Orally Dissolving Films of Vitamin D3 Using a Quality by Design Approach,JOURNAL OF PHARMACEUTICAL INNOVATION,journalArticle,JG3WXI76,Dule 等 - 2026 - Development and Optimization of 3D-Printed Orally Dissolving Films of Vitamin D3 Using a Quality by.pdf,EXCLUDE,该研究主题为3D打印口腔溶解膜的药物递送，不属于口腔医学任一学科；且所用软件为Design Expert（统计优化软件）和CAD模板，未使用具名第三方非牙科3D软件进行3D数据处理。,-,-,-,-,"【判定】: EXCLUDE
【判定理由】: 该研究主题为3D打印口腔溶解膜的药物递送，不属于口腔医学任一学科；且所用软件为Design Expert（统计优化软件）和CAD模板，未使用具名第三方非牙科3D软件进行3D数据处理。
【软件】: -
【专科】: -
【应用场景】: -
【研究设计】: -"
hierarchical 2d to 3d micro nano histology of human dental caries lesions using light x ray and electron microscopy,"Hierarchical 2D to 3D micro/nano-histology of human dental caries lesions using light, X-ray and electron microscopy",MATERIALS & DESIGN,journalArticle,VXGSB6P7,"Besnard 等 - 2022 - Hierarchical 2D to 3D micronano-histology of human dental caries lesions using light, X-ray and ele.pdf",EXCLUDE,"证据片段中仅提及成像设备（如""FIB-SEM Tescan Lyra 3""）及图像处理操作（""fast Fourier transform (FFT), AI filtering, shading correction""），未出现任何该研究自身使用的具名第三方非牙科3D软件。",-,-,-,-,"【判定】: EXCLUDE
【判定理由】: 证据片段中仅提及成像设备（如""FIB-SEM Tescan Lyra 3""）及图像处理操作（""fast Fourier transform (FFT), AI filtering, shading correction""），未出现任何该研究自身使用的具名第三方非牙科3D软件。
【软件】: -
【专科】: -
【应用场景】: -
【研究设计】: -"
the evolution of jaw kinematic analysis from early observations to latest technologies,The Evolution of Jaw Kinematic Analysis: From Early Observations to Latest Technologies,APPLIED SCIENCES-BASEL,journalArticle,FSAV72S8,Wintergerst 等 - 2026 - The Evolution of Jaw Kinematic Analysis From Early Observations to Latest Technologies.pdf,EXCLUDE,"该文献为综述（""This review aims to provide a historically structured overview of methods used in jaw kinematic analysis""），属于排除的文献类型；且证据片段中未出现任何该研究自身使用的具名第三方非牙科3D软件。",-,-,-,-,"【判定】: EXCLUDE
【判定理由】: 该文献为综述（""This review aims to provide a historically structured overview of methods used in jaw kinematic analysis""），属于排除的文献类型；且证据片段中未出现任何该研究自身使用的具名第三方非牙科3D软件。
【软件】: -
【专科】: -
【应用场景】: -
【研究设计】: -"
moprp multiobjective optimization on preoperative robot placement for robot assisted dental implant surgery,MOPRP: Multiobjective optimization on preoperative robot placement for robot-assisted dental implant surgery,ADVANCES IN MECHANICAL ENGINEERING,journalArticle,DNYZB3K8,Wang 等 - 2025 - MOPRP Multiobjective optimization on preoperative robot placement for robot-assisted dental implant.pdf,INCLUDE,"证据片段明确显示该研究自身使用了 MATLAB 进行实现，原文为 ""MOPRP is programmed through MATLAB, and the multiobjective genetic algorithm (GA) is adopted""。",MATLAB,Implantology,Surgical planning and precise implementation,computational,"【判定】: INCLUDE
【判定理由】: 证据片段明确显示该研究自身使用了 MATLAB 进行实现，原文为 ""MOPRP is programmed through MATLAB, and the multiobjective genetic algorithm (GA) is adopted""。
【软件】: MATLAB
【专科】: Implantology
【应用场景】: Surgical planning and precise implementation
【研究设计】: computational"
comparison of cbct radiation doses with conventional radiographs in tmj imaging using monte carlo simulations,Comparison of CBCT radiation doses with conventional radiographs in TMJ imaging using Monte Carlo simulations,RADIATION AND ENVIRONMENTAL BIOPHYSICS,journalArticle,2YP4TDQT,Yeşim Deniz 等 - 2024 - Comparison of CBCT radiation doses with conventional radiographs in TMJ imaging using Monte Carlo si.pdf,EXCLUDE,该研究仅使用 PCXMC 2.0 软件进行蒙特卡洛剂量模拟计算，PCXMC 是放射剂量计算专用软件，不属于用于3D数据处理、分析、建模或测量的非牙科三维软件；且证据中未出现任何符合纳入标准的具名第三方非牙科3D软件。,-,-,-,-,"【判定】: EXCLUDE
【判定理由】: 该研究仅使用 PCXMC 2.0 软件进行蒙特卡洛剂量模拟计算，PCXMC 是放射剂量计算专用软件，不属于用于3D数据处理、分析、建模或测量的非牙科三维软件；且证据中未出现任何符合纳入标准的具名第三方非牙科3D软件。
【软件】: -
【专科】: -
【应用场景】: -
【研究设计】: -"
deep learning based approach automated gingival inflammation grading model using gingival removal strategy,Deep learning based approach: automated gingival inflammation grading model using gingival removal strategy,SCIENTIFIC REPORTS,journalArticle,DEFPLRRS,Wen 等 - 2024 - Deep learning based approach automated gingival inflammation grading model using gingival removal s.pdf,EXCLUDE,"该研究仅使用自研深度学习模型（DenseNet、改进的U-Net）和TensorFlow框架，证据中""the model was created with TensorFlow 2.0""及""improved U-Net models were used""表明未使用具名的第三方非牙科3D软件进行3D数据处理。",-,-,-,-,"【判定】: EXCLUDE
【判定理由】: 该研究仅使用自研深度学习模型（DenseNet、改进的U-Net）和TensorFlow框架，证据中""the model was created with TensorFlow 2.0""及""improved U-Net models were used""表明未使用具名的第三方非牙科3D软件进行3D数据处理。
【软件】: -
【专科】: -
【应用场景】: -
【研究设计】: -"
color three dimensional imaging based on patterned illumination using a negative pinhole array,Color three-dimensional imaging based on patterned illumination using a negative pinhole array,OPTICS EXPRESS,journalArticle,PKG7FRXM,Kim 等 - 2021 - Color three-dimensional imaging based on patterned illumination using a negative pinhole array..pdf,EXCLUDE,"该研究属于光学工程领域的3D成像方法开发，仅以牙科石膏模型作为成像样本（""molded dental plaster""），主题不属于口腔医学任一学科；且证据中未显示该研究自身使用任何具名第三方非牙科3D软件，仅提及自研的""3D reconstruction algorithm""。",-,-,-,-,"【判定】: EXCLUDE
【判定理由】: 该研究属于光学工程领域的3D成像方法开发，仅以牙科石膏模型作为成像样本（""molded dental plaster""），主题不属于口腔医学任一学科；且证据中未显示该研究自身使用任何具名第三方非牙科3D软件，仅提及自研的""3D reconstruction algorithm""。
【软件】: -
【专科】: -
【应用场景】: -
【研究设计】: -"
deapir efficient and enhanced dental arch guided panoramic image reconstruction from cbct data,DeAPIR: Efficient and Enhanced Dental Arch-Guided Panoramic Image Reconstruction from CBCT Data,APPLIED SCIENCES-BASEL,journalArticle,KFG4F76J,Fawad和Moon - 2023 - DeAPIR Efficient and Enhanced Dental Arch-Guided Panoramic Image Reconstruction from CBCT Data.pdf,EXCLUDE,"证据片段中仅提及""compared to the results obtained from BlueSky and OpenInventor""作为对比，且该研究自身方法为自研框架（""we propose a novel framework""），未显示其自身在材料与方法中使用任何具名第三方非牙科3D软件。",-,-,-,-,"【判定】: EXCLUDE
【判定理由】: 证据片段中仅提及""compared to the results obtained from BlueSky and OpenInventor""作为对比，且该研究自身方法为自研框架（""we propose a novel framework""），未显示其自身在材料与方法中使用任何具名第三方非牙科3D软件。
【软件】: -
【专科】: -
【应用场景】: -
【研究设计】: -"
minimizing inconsistencies in gray values in small field of view dental computed tomography by modulating reconstruction filter intensity simulation study,Minimizing inconsistencies in gray values in small field-of-view dental computed tomography by modulating reconstruction filter intensity: simulation study,JOURNAL OF INSTRUMENTATION,journalArticle,AXGUCU7Q,Kim 等 - 2024 - Minimizing inconsistencies in gray values in small field-of-view dental computed tomography by modul.pdf,EXCLUDE,"证据片段仅显示该研究通过模拟（simulation）调制重建滤波器强度来改善灰度值一致性，未提及任何具名的第三方非牙科3D软件被该研究自身使用；关键词中""computer-aided software""为泛泛提及，非具体软件名。",-,-,-,-,"【判定】: EXCLUDE
【判定理由】: 证据片段仅显示该研究通过模拟（simulation）调制重建滤波器强度来改善灰度值一致性，未提及任何具名的第三方非牙科3D软件被该研究自身使用；关键词中""computer-aided software""为泛泛提及，非具体软件名。
【软件】: -
【专科】: -
【应用场景】: -
【研究设计】: -"
the impact of mixed reality training method on novice trainees of dental implants an in vitro study,The impact of mixed reality training method on novice trainees of dental implants: an in vitro study,BMC ORAL HEALTH,journalArticle,S22NI99I,Wang 等 - 2025 - The impact of mixed reality training method on novice trainees of dental implants an in vitro study.pdf,EXCLUDE,"证据片段仅提及该研究自建的""MR navigation dental implant training system""及其软件模块，以及牙科专用设备/软件（3Shape D2000、CBCT），未出现任何具名的第三方非牙科3D软件被该研究自己使用。",-,-,-,-,"【判定】: EXCLUDE
【判定理由】: 证据片段仅提及该研究自建的""MR navigation dental implant training system""及其软件模块，以及牙科专用设备/软件（3Shape D2000、CBCT），未出现任何具名的第三方非牙科3D软件被该研究自己使用。
【软件】: -
【专科】: -
【应用场景】: -
【研究设计】: -"
advantages of deep learning with convolutional neural network in detecting disc displacement of the temporomandibular joint in magnetic resonance imaging,Advantages of deep learning with convolutional neural network in detecting disc displacement of the temporomandibular joint in magnetic resonance imaging,SCIENTIFIC REPORTS,journalArticle,JURF9NTK,Lee 等 - 2022 - Advantages of deep learning with convolutional neural network in detecting disc displacement of the.pdf,EXCLUDE,"证据片段中仅出现 IBM SPSS、R、Python 等统计/编程工具，且该研究为自研卷积神经网络算法（""A deep learning algorithm with a convolutional neural network was developed""），未使用任何具名的第三方非牙科3D软件进行3D数据处理、分析、建模或测量。",-,-,-,-,"【判定】: EXCLUDE
【判定理由】: 证据片段中仅出现 IBM SPSS、R、Python 等统计/编程工具，且该研究为自研卷积神经网络算法（""A deep learning algorithm with a convolutional neural network was developed""），未使用任何具名的第三方非牙科3D软件进行3D数据处理、分析、建模或测量。
【软件】: -
【专科】: -
【应用场景】: -
【研究设计】: -"
noninvasive three dimensional in situ and in vivo characterization of bioprinted hydrogel scaffolds using the x ray propagation based imaging technique,Noninvasive Three-Dimensional In Situ and In Vivo Characterization of Bioprinted Hydrogel Scaffolds Using the X-ray Propagation-Based Imaging Technique,ACS APPLIED MATERIALS & INTERFACES,journalArticle,CDF2J78D,Ning 等 - 2021 - Noninvasive Three-Dimensional In Situ and In Vivo Characterization of Bioprinted Hydrogel Scaffolds.pdf,EXCLUDE,该研究主题为水凝胶支架的生物打印与同步辐射成像，属于再生医学/材料领域，不属于口腔医学任一学科；且证据中仅出现 Avizo 9.1 用于支架3D重建，但主题不符合口腔医学要求。,-,-,-,-,"【判定】: EXCLUDE
【判定理由】: 该研究主题为水凝胶支架的生物打印与同步辐射成像，属于再生医学/材料领域，不属于口腔医学任一学科；且证据中仅出现 Avizo 9.1 用于支架3D重建，但主题不符合口腔医学要求。
【软件】: -
【专科】: -
【应用场景】: -
【研究设计】: -"
fracture resistance of posterior tooth supported cantilever fixed dental prostheses of different zirconia generations and framework thicknesses an in vitro study,Fracture Resistance of Posterior Tooth-Supported Cantilever Fixed Dental Prostheses of Different Zirconia Generations and Framework Thicknesses: An In Vitro Study,MATERIALS,journalArticle,CR3SB4FK,Klotz 等 - 2024 - Fracture Resistance of Posterior Tooth-Supported Cantilever Fixed Dental Prostheses of Different Zir.pdf,EXCLUDE,"证据片段仅提及 ""cFDPs were fabricated using the CAD/CAM approach"" 及材料品牌（IPS e.max ZirCAD），未出现任何该研究自己使用的具名第三方非牙科3D软件。",-,-,-,-,"【判定】: EXCLUDE
【判定理由】: 证据片段仅提及 ""cFDPs were fabricated using the CAD/CAM approach"" 及材料品牌（IPS e.max ZirCAD），未出现任何该研究自己使用的具名第三方非牙科3D软件。
【软件】: -
【专科】: -
【应用场景】: -
【研究设计】: -"
evaluation of the methods for determining accuracy of fit and precision of rpd framework in digital 3d printed milled and conventional rpds a systematic review,"Evaluation of the methods for determining accuracy of fit and precision of RPD framework in Digital (3D printed, milled) and conventional RPDs - a systematic review",BMC ORAL HEALTH,journalArticle,6EQBH5FS,Chaturvedi 等 - 2024 - Evaluation of the methods for determining accuracy of fit and precision of RPD framework in Digital.pdf,EXCLUDE,"该文献为系统综述（""This systematic review aimed to evaluate the methods...""），且证据片段中仅泛泛提及""3D digital analyses using a software""和""surface matching software program""，未指明任何具名第三方非牙科3D软件。",-,-,-,-,"【判定】: EXCLUDE
【判定理由】: 该文献为系统综述（""This systematic review aimed to evaluate the methods...""），且证据片段中仅泛泛提及""3D digital analyses using a software""和""surface matching software program""，未指明任何具名第三方非牙科3D软件。
【软件】: -
【专科】: -
【应用场景】: -
【研究设计】: -"
evaluation of trueness and precision of removable partial denture metal frameworks manufactured with digital technology and different materials,Evaluation of trueness and precision of removable partial denture metal frameworks manufactured with digital technology and different materials,JOURNAL OF ADVANCED PROSTHODONTICS,journalArticle,ATX75SMI,Ciocca 等 - 2023 - Evaluation of trueness and precision of removable partial denture metal frameworks manufactured with.pdf,EXCLUDE,"证据片段中仅提及牙科专用软件（如 ""3D dental modeling software""）和口内扫描仪（""Trios; 3Shape""），未出现该研究自身使用的具名第三方非牙科3D软件。",-,-,-,-,"【判定】: EXCLUDE
【判定理由】: 证据片段中仅提及牙科专用软件（如 ""3D dental modeling software""）和口内扫描仪（""Trios; 3Shape""），未出现该研究自身使用的具名第三方非牙科3D软件。
【软件】: -
【专科】: -
【应用场景】: -
【研究设计】: -"
engineering 3d printed strontium titanium scaffold integrated highly bioactive serum exosomes for critical bone defects by osteogenesis and angiogenesis,Engineering 3D-Printed Strontium-Titanium Scaffold-Integrated Highly Bioactive Serum Exosomes for Critical Bone Defects by Osteogenesis and Angiogenesis,ACS APPLIED MATERIALS & INTERFACES,journalArticle,ZVIVQ3U8,Liu 等 - 2023 - Engineering 3D-Printed Strontium-Titanium Scaffold-Integrated Highly Bioactive Serum Exosomes for Cr-1.pdf,EXCLUDE,证据片段中出现的具名软件为 Image-Pro Plus 6.0（图像分析）及 Cutadapt、Bowtie、edgeR（测序分析），均非用于3D数据处理/分析/建模/测量的第三方非牙科3D软件；3D打印部分使用的是 EBM S12 系统（Arcam AB），属增材制造设备而非3D软件。,-,-,-,-,"【判定】: EXCLUDE
【判定理由】: 证据片段中出现的具名软件为 Image-Pro Plus 6.0（图像分析）及 Cutadapt、Bowtie、edgeR（测序分析），均非用于3D数据处理/分析/建模/测量的第三方非牙科3D软件；3D打印部分使用的是 EBM S12 系统（Arcam AB），属增材制造设备而非3D软件。
【软件】: -
【专科】: -
【应用场景】: -
【研究设计】: -"
primary exploration of the clinical application of 3d printed complete dentures,Primary Exploration of the Clinical Application of 3D-Printed Complete Dentures,INTERNATIONAL JOURNAL OF PROSTHODONTICS,journalArticle,PV2RKASC,Liu 等 - 2022 - Primary Exploration of the Clinical Application of 3D-Printed Complete Dentures.pdf,EXCLUDE,"该研究使用的软件为牙科专用软件（""3Shape Dental System software""、""DentalScan software""、""AccuWare software""），SPSS 仅用于统计分析而非3D数据处理，未使用任何具名的第三方非牙科3D软件。",-,-,-,-,"【判定】: EXCLUDE
【判定理由】: 该研究使用的软件为牙科专用软件（""3Shape Dental System software""、""DentalScan software""、""AccuWare software""），SPSS 仅用于统计分析而非3D数据处理，未使用任何具名的第三方非牙科3D软件。
【软件】: -
【专科】: -
【应用场景】: -
【研究设计】: -"
automated classification of sagittal vertical and transverse malocclusions from 3d intraoral scans via a multi head cnn framework,"Automated classification of sagittal, vertical, and transverse malocclusions from 3D intraoral scans via a multi-head CNN framework",ODONTOLOGY,journalArticle,ASA8N7WW,"Balel 等 - 2026 - Automated classification of sagittal, vertical, and transverse malocclusions from 3D intraoral scans.pdf",EXCLUDE,"该研究仅使用自研的多头CNN深度学习框架（""A shared-backbone, multi-head architecture was designed""），证据片段中未出现任何具名的第三方非牙科3D软件被该研究自己使用。",-,-,-,-,"【判定】: EXCLUDE
【判定理由】: 该研究仅使用自研的多头CNN深度学习框架（""A shared-backbone, multi-head architecture was designed""），证据片段中未出现任何具名的第三方非牙科3D软件被该研究自己使用。
【软件】: -
【专科】: -
【应用场景】: -
【研究设计】: -"
a novel methodology for detecting separated endodontic instruments using a combination of algorithms in post processing cbct software,A novel methodology for detecting separated endodontic instruments using a combination of algorithms in post-processing CBCT software,SCIENTIFIC REPORTS,journalArticle,4U5H6G63,Estrela 等 - 2025 - A novel methodology for detecting separated endodontic instruments using a combination of algorithms.pdf,EXCLUDE,"抽取的软件证据片段（Geomagic Studio 2013、Face Scan 3D 等）均来自另一篇关于面部不对称三维叠加的研究，与本文题名/摘要所述的使用 CBCT 后处理软件检测分离根管器械的研究不符；且摘要中仅提及""CBCT post-processing software""和""artifact suppression algorithm combined with a color map algorithm""，未给出任何具名的第三方非牙科3D软件。",-,-,-,-,"【判定】: EXCLUDE
【判定理由】: 抽取的软件证据片段（Geomagic Studio 2013、Face Scan 3D 等）均来自另一篇关于面部不对称三维叠加的研究，与本文题名/摘要所述的使用 CBCT 后处理软件检测分离根管器械的研究不符；且摘要中仅提及""CBCT post-processing software""和""artifact suppression algorithm combined with a color map algorithm""，未给出任何具名的第三方非牙科3D软件。
【软件】: -
【专科】: -
【应用场景】: -
【研究设计】: -"
facial surface tracing approach to reduce the observation errors in 3d curvilinear landmark annotations on cone beam computed tomography images,Facial surface tracing approach to reduce the observation errors in 3D curvilinear landmark annotations on cone-beam computed tomography images,JOURNAL OF DENTISTRY,journalArticle,ZZBMKRSQ,Mangal 等 - 2026 - Facial surface tracing approach to reduce the observation errors in 3D curvilinear landmark annotati.pdf,EXCLUDE,"证据片段显示该研究使用自研的""3D−FAST algorithm""（""The 3D−FAST algorithm comprises four sequential steps""），采用 Otsu 阈值法与 marching cubes 算法等自编流程，未提及任何具名的第三方非牙科3D软件被该研究自己使用。",-,-,-,-,"【判定】: EXCLUDE
【判定理由】: 证据片段显示该研究使用自研的""3D−FAST algorithm""（""The 3D−FAST algorithm comprises four sequential steps""），采用 Otsu 阈值法与 marching cubes 算法等自编流程，未提及任何具名的第三方非牙科3D软件被该研究自己使用。
【软件】: -
【专科】: -
【应用场景】: -
【研究设计】: -"
implant position accuracy using dynamic computer assisted implant surgery cais combined with augmented reality a randomized controlled clinical trial,Implant position accuracy using dynamic computer-assisted implant surgery (CAIS) combined with augmented reality: A randomized controlled clinical trial,JOURNAL OF DENTAL SCIENCES,journalArticle,G8SSCC6I,Arunjaroensuk 等 - 2024 - Implant position accuracy using dynamic computer-assisted implant surgery (CAIS) combined with augme.pdf,EXCLUDE,"证据片段中仅提及""3D implant planning software""和""G*power version 3.1 software""（统计软件），未出现任何具名的第三方非牙科3D软件被该研究自己使用。",-,-,-,-,"【判定】: EXCLUDE
【判定理由】: 证据片段中仅提及""3D implant planning software""和""G*power version 3.1 software""（统计软件），未出现任何具名的第三方非牙科3D软件被该研究自己使用。
【软件】: -
【专科】: -
【应用场景】: -
【研究设计】: -"
a novel method of 3d printing locating guide for abutment screw removal in cement retained implant supported prostheses,A novel method of 3D printing locating guide for abutment screw removal in cement- retained implant-supported prostheses,JOURNAL OF DENTAL SCIENCES,journalArticle,ZFERNRSM,Jiali Yu 等 - 2022 - A novel method of 3D printing locating guide for abutment screw removal in cement-retained implant-s.pdf,INCLUDE,"该研究自身在材料与方法中使用具名第三方非牙科3D软件进行设计，原文为""The abutment screw locating guide was designed with a 3D design software (Materialise, Leuven, Belgium)""。",Materialise,Implantology,Surgical planning and precise implementation,in_vitro,"【判定】: INCLUDE
【判定理由】: 该研究自身在材料与方法中使用具名第三方非牙科3D软件进行设计，原文为""The abutment screw locating guide was designed with a 3D design software (Materialise, Leuven, Belgium)""。
【软件】: Materialise
【专科】: Implantology
【应用场景】: Surgical planning and precise implementation
【研究设计】: in_vitro"
validation of a biomechanical injury and disease assessment platform applying an inertial based biosensor and axis vector computation,Validation of a Biomechanical Injury and Disease Assessment Platform Applying an Inertial-Based Biosensor and Axis Vector Computation,ELECTRONICS,journalArticle,5R8DUV5Q,Kim 等 - 2023 - Validation of a Biomechanical Injury and Disease Assessment Platform Applying an Inertial-Based Bios-1.pdf,EXCLUDE,"该研究主题为基于IMU的生物力学运动追踪算法验证，不属于口腔医学任一学科；且证据中仅见""All the data processing was implemented in a commercial programming and computing platform (MATLAB...)""，无口腔医学相关内容。",-,-,-,-,"【判定】: EXCLUDE
【判定理由】: 该研究主题为基于IMU的生物力学运动追踪算法验证，不属于口腔医学任一学科；且证据中仅见""All the data processing was implemented in a commercial programming and computing platform (MATLAB...)""，无口腔医学相关内容。
【软件】: -
【专科】: -
【应用场景】: -
【研究设计】: -"
a comprehensive narrative review exploring the current landscape of digital complete denture technology and advancements,A comprehensive narrative review exploring the current landscape of digital complete denture technology and advancements,HELIYON,journalArticle,UF76VYHR,Park - 2025 - A comprehensive narrative review exploring the current landscape of digital complete denture technol.pdf,EXCLUDE,"该文献为综述（""This review article comprehensively discusses...""），且证据片段中未出现该研究自身使用的具名第三方非牙科3D软件，仅泛泛提及 CAD/CAM、3D 打印等概念。",-,-,-,-,"【判定】: EXCLUDE
【判定理由】: 该文献为综述（""This review article comprehensively discusses...""），且证据片段中未出现该研究自身使用的具名第三方非牙科3D软件，仅泛泛提及 CAD/CAM、3D 打印等概念。
【软件】: -
【专科】: -
【应用场景】: -
【研究设计】: -"
ai assisted preoperative surgical planning for dental implant,AI-assisted preoperative surgical planning for dental implant,JOURNAL OF TRANSLATIONAL MEDICINE,journalArticle,8E7MJ7MS,Chen 等 - 2025 - AI-assisted preoperative surgical planning for dental implant.pdf,EXCLUDE,"该研究仅自建 3D-CNN 深度学习模型（""we construct a 3D-CNN-based deep learning model""），证据片段中提及的 U-Net 等均为被引他人研究，未使用任何具名第三方非牙科3D软件。",-,-,-,-,"【判定】: EXCLUDE
【判定理由】: 该研究仅自建 3D-CNN 深度学习模型（""we construct a 3D-CNN-based deep learning model""），证据片段中提及的 U-Net 等均为被引他人研究，未使用任何具名第三方非牙科3D软件。
【软件】: -
【专科】: -
【应用场景】: -
【研究设计】: -"
gender estimation from morphometric measurements of mandibular lingula by using machine learning algorithms and artificial neural networks,Gender Estimation from Morphometric Measurements of Mandibular Lingula by Using Machine Learning Algorithms and Artificial Neural Networks,JOURNAL OF BIG DATA,journalArticle,HFHUWPGM,Şenol 等 - 2024 - Gender Estimation from Morphometric Measurements of Mandibular Lingula by Using Machine Learning Alg.pdf,EXCLUDE,该研究仅使用 RadiAnt DICOM Viewer 进行三维重建与测量，而 RadiAnt 是 DICOM 查看器，不属于纳入标准所列的具名第三方非牙科三维软件（如 Mimics、3D Slicer、Geomagic 等）；其余软件为 scikit-learn、Python、Minitab，均非三维处理软件。,-,-,-,-,"【判定】: EXCLUDE
【判定理由】: 该研究仅使用 RadiAnt DICOM Viewer 进行三维重建与测量，而 RadiAnt 是 DICOM 查看器，不属于纳入标准所列的具名第三方非牙科三维软件（如 Mimics、3D Slicer、Geomagic 等）；其余软件为 scikit-learn、Python、Minitab，均非三维处理软件。
【软件】: -
【专科】: -
【应用场景】: -
【研究设计】: -"
additively manufactured devices with varying designs and sizes for acquiring initial intraoral implant scans,Additively manufactured devices with varying designs and sizes for acquiring initial intraoral implant scans,JOURNAL OF PROSTHODONTICS-IMPLANT ESTHETIC AND RECONSTRUCTIVE DENTISTRY,journalArticle,6CTFUQY4,Guirao 等 - 2023 - Additively manufactured devices with varying designs and sizes for acquiring initial intraoral impla.pdf,EXCLUDE,"证据片段中出现的具名软件为 ""PreForm; Formlabs""，属于3D打印机的切片/打印软件，且该研究使用的是牙科专用材料与打印流程，未使用纳入标准要求的具名第三方非牙科三维软件进行3D数据处理、分析、建模或测量。",-,-,-,-,"【判定】: EXCLUDE
【判定理由】: 证据片段中出现的具名软件为 ""PreForm; Formlabs""，属于3D打印机的切片/打印软件，且该研究使用的是牙科专用材料与打印流程，未使用纳入标准要求的具名第三方非牙科三维软件进行3D数据处理、分析、建模或测量。
【软件】: -
【专科】: -
【应用场景】: -
【研究设计】: -"
accuracy of 3 calibration methods of computer assisted dynamic navigation for implant placement an in vitro study,Accuracy of 3 calibration methods of computer-assisted dynamic navigation for implant placement: An in vitro study,JOURNAL OF PROSTHETIC DENTISTRY,journalArticle,89NYGYEU,Pei 等 - 2024 - Accuracy of 3 calibration methods of computer-assisted dynamic navigation for implant placement An.pdf,EXCLUDE,证据片段中出现的具名软件为 G*Power（样本量计算）、IBM SPSS（统计分析）和 OriginPro（绘图），均非用于3D数据处理、分析、建模或测量的非牙科3D软件；该研究自身未使用任何符合标准的第三方非牙科3D软件。,-,-,-,-,"【判定】: EXCLUDE
【判定理由】: 证据片段中出现的具名软件为 G*Power（样本量计算）、IBM SPSS（统计分析）和 OriginPro（绘图），均非用于3D数据处理、分析、建模或测量的非牙科3D软件；该研究自身未使用任何符合标准的第三方非牙科3D软件。
【软件】: -
【专科】: -
【应用场景】: -
【研究设计】: -"
three dimensional correlation method for non invasive blood glucose monitoring with optical coherence tomography,Three-dimensional correlation method for non-invasive blood glucose monitoring with optical coherence tomography,OPTICS AND LASERS IN ENGINEERING,journalArticle,29X9ZLAU,Su 等 - 2025 - Three-dimensional correlation method for non-invasive blood glucose monitoring with optical coherenc.pdf,EXCLUDE,"该研究主题为光学相干断层扫描无创血糖监测，不属于口腔医学任一学科；且证据中仅提及""a post-processing algorithm realized in Matlab""，属于自研算法实现，未使用具名第三方非牙科3D软件进行3D数据处理。",-,-,-,-,"【判定】: EXCLUDE
【判定理由】: 该研究主题为光学相干断层扫描无创血糖监测，不属于口腔医学任一学科；且证据中仅提及""a post-processing algorithm realized in Matlab""，属于自研算法实现，未使用具名第三方非牙科3D软件进行3D数据处理。
【软件】: -
【专科】: -
【应用场景】: -
【研究设计】: -"
development and evaluation of a low cost open source nasometer,Development and Evaluation of a Low-Cost Open-Source Nasometer,SENSORS,journalArticle,B6P9N33F,Wang 等 - 2026 - Development and Evaluation of a Low-Cost Open-Source Nasometer.pdf,EXCLUDE,"该研究开发的是自研开源移动应用（""developed using Flutter (Dart)""），其3D打印部件仅涉及硬件制造，证据片段中未出现任何该研究自身使用的具名第三方非牙科3D软件（如 Mimics、Geomagic 等）用于3D数据处理、分析或测量。",-,-,-,-,"【判定】: EXCLUDE
【判定理由】: 该研究开发的是自研开源移动应用（""developed using Flutter (Dart)""），其3D打印部件仅涉及硬件制造，证据片段中未出现任何该研究自身使用的具名第三方非牙科3D软件（如 Mimics、Geomagic 等）用于3D数据处理、分析或测量。
【软件】: -
【专科】: -
【应用场景】: -
【研究设计】: -"
three dimensional hard and soft tissue healing at implants with a modified neck design an in vivo preclinical study,Three-Dimensional Hard and Soft Tissue Healing at Implants With A Modified Neck Design: An In Vivo Preclinical Study,CLINICAL IMPLANT DENTISTRY AND RELATED RESEARCH,journalArticle,8GLIISG6,Palombo 等 - 2025 - Three‐Dimensional Hard and Soft Tissue Healing at Implants With A Modified Neck Design An In Vivo P.pdf,INCLUDE,"该研究自身在材料与方法中使用 Gom Inspect 进行 STL-DICOM 匹配与叠加分析（""Superimposition was performed using dedicated software (Gom Inspect, Gom GmbH)""），Gom Inspect 为具名第三方非牙科3D软件。",Gom Inspect,Implantology,3D data analysis and accuracy assessment,in_vitro,"【判定】: INCLUDE
【判定理由】: 该研究自身在材料与方法中使用 Gom Inspect 进行 STL-DICOM 匹配与叠加分析（""Superimposition was performed using dedicated software (Gom Inspect, Gom GmbH)""），Gom Inspect 为具名第三方非牙科3D软件。
【软件】: Gom Inspect
【专科】: Implantology
【应用场景】: 3D data analysis and accuracy assessment
【研究设计】: in_vitro"
modeling periodontal host microbe interactions using vascularized gingival connective tissue equivalents,Modeling periodontal host-microbe interactions using vascularized gingival connective tissue equivalents,BIOFABRICATION,journalArticle,34Y6HBAL,Makkar 等 - 2023 - Modeling periodontal host-microbe interactions using vascularized gingival connective tissue equival.pdf,EXCLUDE,"证据中出现的具名软件为 Imaris（""All the z-stack images were processed using Imaris software""）和 STRING，Imaris 属生物成像/显微图像分析软件而非纳入标准列举的非牙科三维（3D）数据处理软件，且该研究为组织工程/生物学实验，未使用任何具名第三方非牙科3D软件进行3D数据处理、分析、建模或测量。",-,-,-,-,"【判定】: EXCLUDE
【判定理由】: 证据中出现的具名软件为 Imaris（""All the z-stack images were processed using Imaris software""）和 STRING，Imaris 属生物成像/显微图像分析软件而非纳入标准列举的非牙科三维（3D）数据处理软件，且该研究为组织工程/生物学实验，未使用任何具名第三方非牙科3D软件进行3D数据处理、分析、建模或测量。
【软件】: -
【专科】: -
【应用场景】: -
【研究设计】: -"
the effect on the performance of a dynamic navigation system of superimposing a standard tessellation language stl file obtained with an intraoral scan on a cone beam computer tomograph cbct an experimental in vitro study,The effect on the performance of a dynamic navigation system of superimposing a standard tessellation language (STL) file obtained with an intraoral scan on a cone beam computer tomograph (CBCT). An experimental in vitro study,JOURNAL OF DENTISTRY,journalArticle,WI52KM9V,Jorba-García 等 - 2024 - The effect on the performance of a dynamic navigation system of superimposing a standard tessellatio.pdf,EXCLUDE,"证据片段中仅提及使用""Navident® dynamic navigation system""这一牙科专用动态导航系统，未出现任何具名的第三方非牙科3D软件（如Mimics、3D Slicer、Geomagic等）被该研究自身使用。",-,-,-,-,"【判定】: EXCLUDE
【判定理由】: 证据片段中仅提及使用""Navident® dynamic navigation system""这一牙科专用动态导航系统，未出现任何具名的第三方非牙科3D软件（如Mimics、3D Slicer、Geomagic等）被该研究自身使用。
【软件】: -
【专科】: -
【应用场景】: -
【研究设计】: -"
quantitative evaluation of changes in three dimensional ct density distributions in pulmonary alveolar proteinosis after gm csf inhalation,Quantitative Evaluation of Changes in Three-Dimensional CT Density Distributions in Pulmonary Alveolar Proteinosis after GM-CSF Inhalation,RESPIRATION,journalArticle,WET3NHPF,Oda 等 - 2023 - Quantitative Evaluation of Changes in Three-Dimensional CT Density Distributions in Pulmonary Alveol-1.pdf,EXCLUDE,该研究主题为肺肺泡蛋白沉积症的CT密度分析，不属于口腔医学任一学科；且其使用的 U-Net (R231) 模型及自编 Python 程序属于自研算法，未使用具名第三方非牙科3D软件。,-,-,-,-,"【判定】: EXCLUDE
【判定理由】: 该研究主题为肺肺泡蛋白沉积症的CT密度分析，不属于口腔医学任一学科；且其使用的 U-Net (R231) 模型及自编 Python 程序属于自研算法，未使用具名第三方非牙科3D软件。
【软件】: -
【专科】: -
【应用场景】: -
【研究设计】: -"
geometric learning and statistical modeling for surgical outcomes evaluation in craniosynostosis using 3d photogrammetry,Geometric learning and statistical modeling for surgical outcomes evaluation in craniosynostosis using 3D photogrammetry,COMPUTER METHODS AND PROGRAMS IN BIOMEDICINE,journalArticle,STPAGHYV,Elkhill 等 - 2023 - Geometric learning and statistical modeling for surgical outcomes evaluation in craniosynostosis usi.pdf,EXCLUDE,"证据片段显示该研究提出的是""a novel geometric convolutional neural network based on Chebyshev polynomials""等自研算法/深度学习模型，未提及使用任何具名第三方非牙科3D软件。",-,-,-,-,"【判定】: EXCLUDE
【判定理由】: 证据片段显示该研究提出的是""a novel geometric convolutional neural network based on Chebyshev polynomials""等自研算法/深度学习模型，未提及使用任何具名第三方非牙科3D软件。
【软件】: -
【专科】: -
【应用场景】: -
【研究设计】: -"
effect of manufacturing type and aging on the fit of metal frameworks an in vitro micro ct study,Effect of manufacturing type and aging on the fit of metal frameworks: an in vitro Micro-CT study,CLINICAL ORAL INVESTIGATIONS,journalArticle,D4Y88T8X,Kızılırmak 等 - 2025 - Effect of manufacturing type and aging on the fit of metal frameworks an in vitro Micro-CT study..pdf,EXCLUDE,"证据片段中唯一具名软件为 ""ExoCAD software""（牙科专用设计软件），而 ""G* Power Software"" 仅用于样本量计算，不属于3D数据处理/分析/建模/测量软件；未出现任何具名的第三方非牙科3D软件被该研究自身使用。",-,-,-,-,"【判定】: EXCLUDE
【判定理由】: 证据片段中唯一具名软件为 ""ExoCAD software""（牙科专用设计软件），而 ""G* Power Software"" 仅用于样本量计算，不属于3D数据处理/分析/建模/测量软件；未出现任何具名的第三方非牙科3D软件被该研究自身使用。
【软件】: -
【专科】: -
【应用场景】: -
【研究设计】: -"
a hybrid computational method for the simulation of ultrasonic wave reflection at the bone implant interface,A hybrid computational method for the simulation of ultrasonic wave reflection at the bone-implant interface,JOURNAL OF THE ACOUSTICAL SOCIETY OF AMERICA,journalArticle,YA33UVLN,Moisan 等 - 2025 - A hybrid computational method for the simulation of ultrasonic wave reflection at the bone-implant i.pdf,EXCLUDE,"证据片段中唯一具名的软件是""the open-source SIMSONIC software""，但该软件是声学/超声FDTD仿真软件，且研究核心为自研混合计算模型（FDTD耦合半解析方法），未使用纳入标准要求的具名第三方非牙科三维（3D）数据处理/分析/建模/测量软件。",-,-,-,-,"【判定】: EXCLUDE
【判定理由】: 证据片段中唯一具名的软件是""the open-source SIMSONIC software""，但该软件是声学/超声FDTD仿真软件，且研究核心为自研混合计算模型（FDTD耦合半解析方法），未使用纳入标准要求的具名第三方非牙科三维（3D）数据处理/分析/建模/测量软件。
【软件】: -
【专科】: -
【应用场景】: -
【研究设计】: -"
bone implant osseointegration monitoring using electro mechanical impedance technique and convolutional neural network a numerical study,Bone-Implant Osseointegration Monitoring Using Electro-mechanical Impedance Technique and Convolutional Neural Network: A Numerical Study,JOURNAL OF NONDESTRUCTIVE EVALUATION,journalArticle,BXT93NMY,Truong 等 - 2024 - Bone-Implant Osseointegration Monitoring Using Electro-mechanical Impedance Technique and Convolutio.pdf,EXCLUDE,证据片段仅显示该研究开发了自研的1D CNN模型并进行3D数值建模，未提及任何具名的第三方非牙科3D软件（如COMSOL、ABAQUS等）被该研究自己使用。,-,-,-,-,"【判定】: EXCLUDE
【判定理由】: 证据片段仅显示该研究开发了自研的1D CNN模型并进行3D数值建模，未提及任何具名的第三方非牙科3D软件（如COMSOL、ABAQUS等）被该研究自己使用。
【软件】: -
【专科】: -
【应用场景】: -
【研究设计】: -"
a novel method for testing accuracy of bite registration using intraoral scanners,A novel method for testing accuracy of bite registration using intraoral scanners,KOREAN JOURNAL OF ORTHODONTICS,journalArticle,HTYKXD2Z,Kakali和Halazonetis - 2023 - A novel method for testing accuracy of bite registration using intraoral scanners.pdf,EXCLUDE,"证据片段中唯一具名的软件为 ""Viewbox software""，但该软件是牙科专用软件（用于咬合配准分析），不属于非牙科3D软件；其余具名项（Medit i500、Primescan、Trios 4）为口内扫描仪硬件，非软件。",-,-,-,-,"【判定】: EXCLUDE
【判定理由】: 证据片段中唯一具名的软件为 ""Viewbox software""，但该软件是牙科专用软件（用于咬合配准分析），不属于非牙科3D软件；其余具名项（Medit i500、Primescan、Trios 4）为口内扫描仪硬件，非软件。
【软件】: -
【专科】: -
【应用场景】: -
【研究设计】: -"
three dimensional reconstruction of porous polymer films from fib sem nanotomography data using random forests,Three-dimensional reconstruction of porous polymer films from FIB-SEM nanotomography data using random forests,JOURNAL OF MICROSCOPY,journalArticle,WMCPUUSX,RÖding 等 - 2021 - Three-dimensional reconstruction of porous polymer films from FIB-SEM nanotomography data using rand.pdf,EXCLUDE,"该研究主题为多孔聚合物薄膜（药用控释包衣）的FIB-SEM三维重建，不属于口腔医学任一学科；且其分割方法为自研的""scale-space features and a random forest classifier""，未使用具名第三方非牙科3D软件。",-,-,-,-,"【判定】: EXCLUDE
【判定理由】: 该研究主题为多孔聚合物薄膜（药用控释包衣）的FIB-SEM三维重建，不属于口腔医学任一学科；且其分割方法为自研的""scale-space features and a random forest classifier""，未使用具名第三方非牙科3D软件。
【软件】: -
【专科】: -
【应用场景】: -
【研究设计】: -"
clinical factors influencing implant positioning by guided surgery using a nonmetal sleeve template in the partially edentulous ridge multiple regression analysis of a prospective cohort,Clinical factors influencing implant positioning by guided surgery using a nonmetal sleeve template in the partially edentulous ridge: Multiple regression analysis of a prospective cohort,CLINICAL ORAL IMPLANTS RESEARCH,journalArticle,XUN6KXA3,Park 等 - 2020 - Clinical factors influencing implant positioning by guided surgery using a nonmetal sleeve template.pdf,INCLUDE,"该研究自身在材料与方法中使用具名第三方非牙科3D软件进行3D数据检查与测量，原文明确写道""Preoperative and postoperative data sets were loaded in three-di-mensional inspection software (Geomagic Verify, 3D Systems)""。",Geomagic Verify,Implantology,3D data analysis and accuracy assessment,clinical,"【判定】: INCLUDE
【判定理由】: 该研究自身在材料与方法中使用具名第三方非牙科3D软件进行3D数据检查与测量，原文明确写道""Preoperative and postoperative data sets were loaded in three-di-mensional inspection software (Geomagic Verify, 3D Systems)""。
【软件】: Geomagic Verify
【专科】: Implantology
【应用场景】: 3D data analysis and accuracy assessment
【研究设计】: clinical"
3d bioprinting of patient derived cardiac tissue models for studying congenital heart disease,3D-bioprinting of patient-derived cardiac tissue models for studying congenital heart disease,FRONTIERS IN CARDIOVASCULAR MEDICINE,journalArticle,JX2LCMGD,Wolfe 等 - 2023 - 3D-bioprinting of patient-derived cardiac tissue models for studying congenital heart disease.pdf,EXCLUDE,该文献主题为先天性心脏病的3D生物打印心脏组织模型，不属于口腔医学任一学科，违反纳入标准第1条。,-,-,-,-,"【判定】: EXCLUDE
【判定理由】: 该文献主题为先天性心脏病的3D生物打印心脏组织模型，不属于口腔医学任一学科，违反纳入标准第1条。
【软件】: -
【专科】: -
【应用场景】: -
【研究设计】: -"
fractal analysis of the mandible cortical bone correlation among fractal dimension values obtained by two processing methods from periapical radiograph and micro computed tomography with cone beam computed tomography,Fractal analysis of the mandible cortical bone: correlation among fractal dimension values obtained by two processing methods from periapical radiograph and micro-computed tomography with cone-beam computed tomography,RADIATION AND ENVIRONMENTAL BIOPHYSICS,journalArticle,K7WNNJK9,de Oliveira Loures 等 - 2023 - Fractal analysis of the mandible cortical bone correlation among fractal dimension values obtained.pdf,EXCLUDE,证据片段中出现的软件（SOPRO Imaging、Scanco software、µCT Evaluation Program、GraphPad Prism）均为牙科影像采集软件、设备配套软件或统计软件，未出现任何具名的第三方非牙科3D软件被该研究自己用于3D数据处理、分析、建模或测量。,-,-,-,-,"【判定】: EXCLUDE
【判定理由】: 证据片段中出现的软件（SOPRO Imaging、Scanco software、µCT Evaluation Program、GraphPad Prism）均为牙科影像采集软件、设备配套软件或统计软件，未出现任何具名的第三方非牙科3D软件被该研究自己用于3D数据处理、分析、建模或测量。
【软件】: -
【专科】: -
【应用场景】: -
【研究设计】: -"
accuracy of guided implant surgery obtained using 3d printed surgical guides an in vitro comparison of four evaluation methods,Accuracy of guided implant surgery obtained using 3D-printed surgical guides - An in vitro comparison of four evaluation methods,INTERNATIONAL JOURNAL OF COMPUTERIZED DENTISTRY,journalArticle,2TPBCDEY,Herstell 等 - 2022 - Accuracy of guided implant surgery obtained using 3D-printed surgical guides - An in vitro compariso.pdf,EXCLUDE,"证据片段中仅出现牙科专用软件（如 ""CAD software (Cerec 5.2.2 RC1; Sirona Dental Systems)""）及泛泛提及的 ""implant planning software""、""CAD software""，未出现该研究自身使用的具名第三方非牙科3D软件。",-,-,-,-,"【判定】: EXCLUDE
【判定理由】: 证据片段中仅出现牙科专用软件（如 ""CAD software (Cerec 5.2.2 RC1; Sirona Dental Systems)""）及泛泛提及的 ""implant planning software""、""CAD software""，未出现该研究自身使用的具名第三方非牙科3D软件。
【软件】: -
【专科】: -
【应用场景】: -
【研究设计】: -"
survival analysis up to 8 years of 304 anatomical contour implant supported zirconia crowns fabricated with a fully digital cast free workflow and directly screwed on external hexagonal implant connections without the interposition of a ti base a multicentric retrospective study,Survival Analysis up to 8 Years of 304 Anatomical-Contour Implant-Supported Zirconia Crowns Fabricated with a Fully Digital Cast-Free Workflow and Directly Screwed on External Hexagonal Implant Connections Without the Interposition of a Ti-Base: A Multicentric Retrospective Study,INTERNATIONAL JOURNAL OF ORAL & MAXILLOFACIAL IMPLANTS,journalArticle,PI7Y4QGT,Schmitz 等 - 2024 - Survival Analysis up to 8 Years of 304 Anatomic-Contour Implant Zirconia Crowns Fabricated with a Fu.pdf,EXCLUDE,"该研究使用的设计软件为牙科专用软件""Dental System, 3Shape""，统计软件""Medcalc 12.1""不属于3D数据处理/分析/建模/测量软件，均不符合纳入标准。",-,-,-,-,"【判定】: EXCLUDE
【判定理由】: 该研究使用的设计软件为牙科专用软件""Dental System, 3Shape""，统计软件""Medcalc 12.1""不属于3D数据处理/分析/建模/测量软件，均不符合纳入标准。
【软件】: -
【专科】: -
【应用场景】: -
【研究设计】: -"
feasibility of augmented reality using dental arch based registration applied to navigation in mandibular distraction osteogenesis a phantom experiment,Feasibility of augmented reality using dental arch-based registration applied to navigation in mandibular distraction osteogenesis: a phantom experiment,BMC ORAL HEALTH,journalArticle,3TF24KAM,He 等 - 2024 - Feasibility of augmented reality using dental arch-based registration applied to navigation in mandi.pdf,EXCLUDE,"证据片段中唯一具名的软件为 ""Proplan CMF 3.0""，属于牙科/颌面外科专用软件，不符合""非牙科3D软件""要求；其余片段仅泛泛提及 ""software"" 或 ""CAD/CAM""，未指明该研究自身使用的具名第三方非牙科3D软件。",-,-,-,-,"【判定】: EXCLUDE
【判定理由】: 证据片段中唯一具名的软件为 ""Proplan CMF 3.0""，属于牙科/颌面外科专用软件，不符合""非牙科3D软件""要求；其余片段仅泛泛提及 ""software"" 或 ""CAD/CAM""，未指明该研究自身使用的具名第三方非牙科3D软件。
【软件】: -
【专科】: -
【应用场景】: -
【研究设计】: -"
impact of framework material cantilever design and wing configuration on stress distribution in patient specific additively manufactured subperiosteal jaw implants a 3d finite element analysis,"Impact of framework material, cantilever design, and wing configuration on stress distribution in patient specific additively manufactured subperiosteal jaw implants: a 3D finite element analysis",BMC ORAL HEALTH,journalArticle,RYA4IC44,"Canko和Doganay Ozyilmaz - 2025 - Impact of framework material, cantilever design, and wing configuration on stress distribution in pa.pdf",EXCLUDE,"抽取的证据片段中仅泛泛提及""finite element analysis (FEA)""和""CAD/CAM""，未出现任何该研究自身使用的具名第三方非牙科3D软件（如ANSYS、ABAQUS、Mimics等）。",-,-,-,-,"【判定】: EXCLUDE
【判定理由】: 抽取的证据片段中仅泛泛提及""finite element analysis (FEA)""和""CAD/CAM""，未出现任何该研究自身使用的具名第三方非牙科3D软件（如ANSYS、ABAQUS、Mimics等）。
【软件】: -
【专科】: -
【应用场景】: -
【研究设计】: -"
evolving strategies and materials for scaffold development in regenerative dentistry,Evolving Strategies and Materials for Scaffold Development in Regenerative Dentistry,APPLIED SCIENCES-BASEL,journalArticle,QQXSPG3Y,Gašparovič 等 - 2024 - Evolving Strategies and Materials for Scaffold Development in Regenerative Dentistry.pdf,EXCLUDE,"该文献为综述（摘要明确 ""This review provides a concise overview of the evolution of scaffold strategies in regenerative dentistry""），不符合原创研究/技术说明/病例报告的纳入类型；且证据片段中未出现该研究自身使用的具名第三方非牙科3D软件。",-,-,-,-,"【判定】: EXCLUDE
【判定理由】: 该文献为综述（摘要明确 ""This review provides a concise overview of the evolution of scaffold strategies in regenerative dentistry""），不符合原创研究/技术说明/病例报告的纳入类型；且证据片段中未出现该研究自身使用的具名第三方非牙科3D软件。
【软件】: -
【专科】: -
【应用场景】: -
【研究设计】: -"
a customised 3d u net model for bifid mandibular canal segmentation and detection on cbct a diagnostic accuracy study,A customised 3D U-Net model for bifid mandibular canal segmentation and detection on CBCT: a diagnostic accuracy study,BMC ORAL HEALTH,journalArticle,567Q4TW9,Aboseif 等 - 2026 - A customised 3D U-Net model for bifid mandibular canal segmentation and detection on CBCT a diagnos.pdf,EXCLUDE,"该研究仅使用自研的定制化 3D U-Net 模型（""A customised 3D U-Net architecture was utilised via the MONAI framework""），属于自研算法/代码，未使用任何具名的第三方非牙科3D软件。",-,-,-,-,"【判定】: EXCLUDE
【判定理由】: 该研究仅使用自研的定制化 3D U-Net 模型（""A customised 3D U-Net architecture was utilised via the MONAI framework""），属于自研算法/代码，未使用任何具名的第三方非牙科3D软件。
【软件】: -
【专科】: -
【应用场景】: -
【研究设计】: -"
a novel approach to craniofacial analysis using automated 3d landmarking of the skull,A novel approach to craniofacial analysis using automated 3D landmarking of the skull,SCIENTIFIC REPORTS,journalArticle,22IDN6AX,Wilke 等 - 2024 - A novel approach to craniofacial analysis using automated 3D landmarking of the skull.pdf,INCLUDE,"该研究自身在材料与方法中使用 3D Slicer 处理 CBCT 数据，原文明确写道 ""The DICOM images obtained from the CBCT were processed in the free software 3D Slicer32""，并用于颅面骨三维重建与形态分析。",3D Slicer,Oral and Maxillofacial Radiology,Image segmentation and 3D reconstruction,computational,"【判定】: INCLUDE
【判定理由】: 该研究自身在材料与方法中使用 3D Slicer 处理 CBCT 数据，原文明确写道 ""The DICOM images obtained from the CBCT were processed in the free software 3D Slicer32""，并用于颅面骨三维重建与形态分析。
【软件】: 3D Slicer
【专科】: Oral and Maxillofacial Radiology
【应用场景】: Image segmentation and 3D reconstruction
【研究设计】: computational"
time efficiency and cost analysis between digital and conventional workflows for the fabrication of fixed dental prostheses a systematic review,Time efficiency and cost analysis between digital and conventional workflows for the fabrication of fixed dental prostheses: A systematic review,JOURNAL OF PROSTHETIC DENTISTRY,journalArticle,NBQGIJYQ,Bessadet 等 - 2025 - Time efficiency and cost analysis between digital and conventional workflows for the fabrication of.pdf,EXCLUDE,"该文献为系统综述（""A systematic review was performed following the Preferred Reporting Items for Systematic Reviews and Meta-Analysis Protocol""），属于排除的文献类型；且证据片段中仅泛泛提及""a CAD software program is used""，未指明任何具名第三方非牙科3D软件。",-,-,-,-,"【判定】: EXCLUDE
【判定理由】: 该文献为系统综述（""A systematic review was performed following the Preferred Reporting Items for Systematic Reviews and Meta-Analysis Protocol""），属于排除的文献类型；且证据片段中仅泛泛提及""a CAD software program is used""，未指明任何具名第三方非牙科3D软件。
【软件】: -
【专科】: -
【应用场景】: -
【研究设计】: -"
deep learning based automated diagnosis of temporomandibular joint anterior disc displacement and its clinical application,Deep learning-based automated diagnosis of temporomandibular joint anterior disc displacement and its clinical application,FRONTIERS IN PHYSIOLOGY,journalArticle,4BUYS2B2,Yu 等 - 2024 - Deep learning-based automated diagnosis of temporomandibular joint anterior disc displacement and it.pdf,EXCLUDE,"证据片段显示该研究仅""constructed four deep-learning models based on the ResNet101_vd framework""，属于自研深度学习模型/代码，未使用任何具名第三方非牙科3D软件。",-,-,-,-,"【判定】: EXCLUDE
【判定理由】: 证据片段显示该研究仅""constructed four deep-learning models based on the ResNet101_vd framework""，属于自研深度学习模型/代码，未使用任何具名第三方非牙科3D软件。
【软件】: -
【专科】: -
【应用场景】: -
【研究设计】: -"
a personalized automated system of 3d facial soft tissue landmarks annotation based on deep learning and computer vision,A personalized automated system of 3D facial soft tissue landmarks annotation based on deep learning and computer vision,BMC ORAL HEALTH,journalArticle,XC63D9X7,Wu 等 - 2025 - A personalized automated system of 3D facial soft tissue landmarks annotation based on deep learning.pdf,EXCLUDE,"该研究基于深度学习和计算机视觉构建自研自动化标注系统，证据中仅出现""3DSlicer""用于人工标注（""imported into 3DSlicer version 5.6.2""）及""3dMD software""（牙科/面部专用），核心方法为自研算法，未使用具名第三方非牙科3D软件进行3D数据处理、分析、建模或测量。",-,-,-,-,"【判定】: EXCLUDE
【判定理由】: 该研究基于深度学习和计算机视觉构建自研自动化标注系统，证据中仅出现""3DSlicer""用于人工标注（""imported into 3DSlicer version 5.6.2""）及""3dMD software""（牙科/面部专用），核心方法为自研算法，未使用具名第三方非牙科3D软件进行3D数据处理、分析、建模或测量。
【软件】: -
【专科】: -
【应用场景】: -
【研究设计】: -"
ml based tooth shade assessment to prevent metamerism in different clinic lights,ML-based tooth shade assessment to prevent metamerism in different clinic lights,LASERS IN MEDICAL SCIENCE,journalArticle,KLN2JNA2,Karcioglu 等 - 2025 - ML-based tooth shade assessment to prevent metamerism in different clinic lights..pdf,EXCLUDE,"抽取到的软件相关证据片段仅为参考文献列表（如 ""Varghese KG (2023) A smartphone application...""、""Basavanna RS... (2013) Shade selection""），未显示该研究自身在材料与方法中使用任何具名的第三方非牙科3D软件。",-,-,-,-,"【判定】: EXCLUDE
【判定理由】: 抽取到的软件相关证据片段仅为参考文献列表（如 ""Varghese KG (2023) A smartphone application...""、""Basavanna RS... (2013) Shade selection""），未显示该研究自身在材料与方法中使用任何具名的第三方非牙科3D软件。
【软件】: -
【专科】: -
【应用场景】: -
【研究设计】: -"
mrcm uctransnet automatic and accurate 3d tooth segmentation network from cone beam ct images,MRCM-UCTransNet: Automatic and Accurate 3D Tooth Segmentation Network From Cone-Beam CT Images,INTERNATIONAL JOURNAL OF IMAGING SYSTEMS AND TECHNOLOGY,journalArticle,LSI9SW78,Wen 等 - 2024 - MRCM ‐ UCTransN.pdf,EXCLUDE,"该研究提出的是自研网络 MRCM-UCTransNet（""this study proposes an MRCM-UCTransNet""），证据片段中未出现任何该研究自己使用的具名第三方非牙科3D软件，仅涉及自建深度学习模型。",-,-,-,-,"【判定】: EXCLUDE
【判定理由】: 该研究提出的是自研网络 MRCM-UCTransNet（""this study proposes an MRCM-UCTransNet""），证据片段中未出现任何该研究自己使用的具名第三方非牙科3D软件，仅涉及自建深度学习模型。
【软件】: -
【专科】: -
【应用场景】: -
【研究设计】: -"
the development of a functional human small intestinal epithelium model for drug absorption,The development of a functional human small intestinal epithelium model for drug absorption,SCIENCE ADVANCES,journalArticle,DUNG6UUV,Kwon 等 - 2021 - The development of a functional human small intestinal epithelium model for drug absorption.pdf,EXCLUDE,该文献主题为肠道上皮细胞模型与药物吸收，不属于口腔医学任一学科；且证据中出现的软件（FlowJo、ZEN、FV1000）均非用于3D数据处理/建模/测量的第三方非牙科3D软件。,-,-,-,-,"【判定】: EXCLUDE
【判定理由】: 该文献主题为肠道上皮细胞模型与药物吸收，不属于口腔医学任一学科；且证据中出现的软件（FlowJo、ZEN、FV1000）均非用于3D数据处理/建模/测量的第三方非牙科3D软件。
【软件】: -
【专科】: -
【应用场景】: -
【研究设计】: -"
comparison of marginal accuracy in two different materials used in provisional crown and bridge an in vitro experimental study,Comparison of marginal accuracy in two different materials used in provisional crown and bridge - an in vitro experimental study,JOURNAL OF THE PAKISTAN MEDICAL ASSOCIATION,journalArticle,R8CJZGFR,Javed 等 - 2023 - Comparison of marginal accuracy in two different materials used in provisional crown & bridge – an i.pdf,INCLUDE,"该研究自身在材料与方法中使用具名第三方非牙科3D软件进行测量，原文明确写道""the software (ImageJ, Version 1.52a, NIH, USA)""用于图像校准与边缘差异测量。",ImageJ,Prosthodontics,3D data analysis and accuracy assessment,in_vitro,"【判定】: INCLUDE
【判定理由】: 该研究自身在材料与方法中使用具名第三方非牙科3D软件进行测量，原文明确写道""the software (ImageJ, Version 1.52a, NIH, USA)""用于图像校准与边缘差异测量。
【软件】: ImageJ
【专科】: Prosthodontics
【应用场景】: 3D data analysis and accuracy assessment
【研究设计】: in_vitro"
differential diagnosis of okc and sbc on panoramic radiographs leveraging deep learning algorithms,Differential Diagnosis of OKC and SBC on Panoramic Radiographs: Leveraging Deep Learning Algorithms,DIAGNOSTICS,journalArticle,Q7NK8ADB,Sim 等 - 2024 - Differential Diagnosis of OKC and SBC on Panoramic Radiographs Leveraging Deep Learning Algorithms..pdf,EXCLUDE,"该研究仅使用自研深度学习算法（Inception-ResNet-V2）进行诊断，虽提及""labeled using MATLAB 2023b""，但MATLAB在此仅用于数据标注而非3D数据处理/分析/建模/测量，且证据中无任何具名第三方非牙科3D软件被用于3D数据处理。",-,-,-,-,"【判定】: EXCLUDE
【判定理由】: 该研究仅使用自研深度学习算法（Inception-ResNet-V2）进行诊断，虽提及""labeled using MATLAB 2023b""，但MATLAB在此仅用于数据标注而非3D数据处理/分析/建模/测量，且证据中无任何具名第三方非牙科3D软件被用于3D数据处理。
【软件】: -
【专科】: -
【应用场景】: -
【研究设计】: -"
a tmps designed personalized mandibular scaffolds with optimized sla parameters and mechanical properties,A TMPS-designed personalized mandibular scaffolds with optimized SLA parameters and mechanical properties,FRONTIERS IN MATERIALS,journalArticle,HPU3KI8B,Zheng 等 - 2022 - A TMPS-designed personalized mandibular scaffolds with optimized SLA parameters and mechanical prope.pdf,EXCLUDE,"证据片段仅泛泛提及""reverse engineering techniques""和""computer-aided design (CAD)""，未出现任何该研究自己使用的具名第三方非牙科3D软件名称。",-,-,-,-,"【判定】: EXCLUDE
【判定理由】: 证据片段仅泛泛提及""reverse engineering techniques""和""computer-aided design (CAD)""，未出现任何该研究自己使用的具名第三方非牙科3D软件名称。
【软件】: -
【专科】: -
【应用场景】: -
【研究设计】: -"
inferior alveolar canal automatic detection with deep learning cnns on cbcts development of a novel model and release of open source dataset and algorithm,Inferior Alveolar Canal Automatic Detection with Deep Learning CNNs on CBCTs: Development of a Novel Model and Release of Open-Source Dataset and Algorithm,APPLIED SCIENCES-BASEL,journalArticle,TUE7JTLY,Di Bartolomeo 等 - 2023 - Inferior Alveolar Canal Automatic Detection with Deep Learning CNNs on CBCTs Development of a Novel.pdf,EXCLUDE,"该研究仅开发并使用自研的卷积神经网络（CNN）算法进行下牙槽神经管分割，证据片段中仅提及""convolutional neural networks (CNNs)""和""open-source software""，未出现任何具名的第三方非牙科3D软件被该研究自己使用。",-,-,-,-,"【判定】: EXCLUDE
【判定理由】: 该研究仅开发并使用自研的卷积神经网络（CNN）算法进行下牙槽神经管分割，证据片段中仅提及""convolutional neural networks (CNNs)""和""open-source software""，未出现任何具名的第三方非牙科3D软件被该研究自己使用。
【软件】: -
【专科】: -
【应用场景】: -
【研究设计】: -"
masticatory simulators based on oral physiology in food research a systematic review,Masticatory simulators based on oral physiology in food research: A systematic review,JOURNAL OF TEXTURE STUDIES,journalArticle,8XAHIZWN,Guo 等 - 2024 - Masticatory simulators based on oral physiology in food research A systematic review.pdf,EXCLUDE,"该文献为系统综述（题名含""A systematic review""，摘要自述""This review mainly discusses...""），且证据片段中出现的软件（如 BioPak、BITE Master II）均为被引他人研究，非该研究自身使用。",-,-,-,-,"【判定】: EXCLUDE
【判定理由】: 该文献为系统综述（题名含""A systematic review""，摘要自述""This review mainly discusses...""），且证据片段中出现的软件（如 BioPak、BITE Master II）均为被引他人研究，非该研究自身使用。
【软件】: -
【专科】: -
【应用场景】: -
【研究设计】: -"
trans vnet transformer based tooth semantic segmentation in cbct images,Trans-VNet: Transformer-based tooth semantic segmentation in CBCT images,BIOMEDICAL SIGNAL PROCESSING AND CONTROL,journalArticle,LRPW5FSM,Wang 等 - 2024 - Trans-VNet Transformer-based tooth semantic segmentation in CBCT images.pdf,EXCLUDE,"该研究提出的是自研的 Trans-VNet 框架（""we present a novel transformer-based framework""），属于自研算法/代码，证据片段中未出现任何该研究自己使用的具名第三方非牙科3D软件。",-,-,-,-,"【判定】: EXCLUDE
【判定理由】: 该研究提出的是自研的 Trans-VNet 框架（""we present a novel transformer-based framework""），属于自研算法/代码，证据片段中未出现任何该研究自己使用的具名第三方非牙科3D软件。
【软件】: -
【专科】: -
【应用场景】: -
【研究设计】: -"
effect of attachment flash on clear aligner force delivery an in vitro study,Effect of attachment flash on clear aligner force delivery: an in vitro study,BMC ORAL HEALTH,journalArticle,9VYQRD5N,Kiong 等 - 2024 - Effect of attachment flash on clear aligner force delivery an in vitro study..pdf,INCLUDE,"该研究自身在材料与方法中使用具名第三方非牙科3D软件处理3D数据，如""edited in the Autodesk Meshmixer version 3.5 software""及""image processing toolbox in MATLAB""。",Autodesk Meshmixer; MATLAB,Orthodontics,3D data analysis and accuracy assessment,in_vitro,"【判定】: INCLUDE
【判定理由】: 该研究自身在材料与方法中使用具名第三方非牙科3D软件处理3D数据，如""edited in the Autodesk Meshmixer version 3.5 software""及""image processing toolbox in MATLAB""。
【软件】: Autodesk Meshmixer; MATLAB
【专科】: Orthodontics
【应用场景】: 3D data analysis and accuracy assessment
【研究设计】: in_vitro"
in vivo comparison of customized zirconia barriers in guided bone regeneration an experimental study,In vivo comparison of customized zirconia barriers in guided bone regeneration: An experimental study,HELIYON,journalArticle,UCGNAILE,Tuncludemir 等 - 2024 - In vivo comparison of customized zirconia barriers in guided bone regeneration An experimental stud.pdf,EXCLUDE,"证据片段仅泛泛提及""designed using a 3D software system and transferred to the CAD/CAM software system in stl""，未给出任何具名的第三方非牙科3D软件名称，无法确认使用了符合纳入标准的具名软件。",-,-,-,-,"【判定】: EXCLUDE
【判定理由】: 证据片段仅泛泛提及""designed using a 3D software system and transferred to the CAD/CAM software system in stl""，未给出任何具名的第三方非牙科3D软件名称，无法确认使用了符合纳入标准的具名软件。
【软件】: -
【专科】: -
【应用场景】: -
【研究设计】: -"
structurally tuned drug release from hybrid manufactured tablets via overprinting and overmolding,Structurally tuned drug release from hybrid manufactured tablets via overprinting and overmolding,INTERNATIONAL JOURNAL OF PHARMACEUTICS,journalArticle,4EGT3E2C,Xu 等 - 2025 - Structurally tuned drug release from hybrid manufactured tablets via overprinting and overmolding.pdf,EXCLUDE,"该研究主题为药物片剂的口腔外制药领域（""personalized oral dosage forms""指口服剂型而非口腔医学），不属于口腔医学任一学科；且所用软件 SolidWorks 2018 用于片剂3D设计，与口腔医学无关。",-,-,-,-,"【判定】: EXCLUDE
【判定理由】: 该研究主题为药物片剂的口腔外制药领域（""personalized oral dosage forms""指口服剂型而非口腔医学），不属于口腔医学任一学科；且所用软件 SolidWorks 2018 用于片剂3D设计，与口腔医学无关。
【软件】: -
【专科】: -
【应用场景】: -
【研究设计】: -"
numerical simulations on periprosthetic bone remodeling a systematic review,Numerical simulations on periprosthetic bone remodeling: a systematic review,COMPUTER METHODS AND PROGRAMS IN BIOMEDICINE,journalArticle,VD3UIIH6,Mirulla 等 - 2021 - Numerical simulations on periprosthetic bone remodeling a systematic review.pdf,EXCLUDE,"该文献为系统综述（""a systematic review""），明确排除综述类文献；且证据片段中未出现该研究自身使用的任何具名第三方非牙科3D软件。",-,-,-,-,"【判定】: EXCLUDE
【判定理由】: 该文献为系统综述（""a systematic review""），明确排除综述类文献；且证据片段中未出现该研究自身使用的任何具名第三方非牙科3D软件。
【软件】: -
【专科】: -
【应用场景】: -
【研究设计】: -"
large scale open source three dimensional growth curves for clinical facial assessment and objective description of facial dysmorphism,Large-scale open-source three-dimensional growth curves for clinical facial assessment and objective description of facial dysmorphism,SCIENTIFIC REPORTS,journalArticle,V2T3FF6J,Matthews 等 - 2021 - Large-scale open-source three-dimensional growth curves for clinical facial assessment and objective.pdf,EXCLUDE,"证据片段显示该研究使用的是开源实现""MeshMonk""进行非刚性图像配准，属于自研/开源代码工具，未提及任何具名的第三方非牙科3D软件（如 Mimics、3D Slicer 等）。",-,-,-,-,"【判定】: EXCLUDE
【判定理由】: 证据片段显示该研究使用的是开源实现""MeshMonk""进行非刚性图像配准，属于自研/开源代码工具，未提及任何具名的第三方非牙科3D软件（如 Mimics、3D Slicer 等）。
【软件】: -
【专科】: -
【应用场景】: -
【研究设计】: -"
patient specific reference model estimation for orthognathic surgical planning,Patient-specific reference model estimation for orthognathic surgical planning,INTERNATIONAL JOURNAL OF COMPUTER ASSISTED RADIOLOGY AND SURGERY,journalArticle,YA9MSA57,Fang 等 - 2024 - Patient-specific reference model estimation for orthognathic surgical planning..pdf,EXCLUDE,"证据片段显示该研究使用自研的深度查询网络（DQN）和自监督学习框架进行参考模型估计，如""we have created a self-supervised learning framework""和""the DQN generates an initial estimated reference bony points""，未使用任何具名第三方非牙科3D软件。",-,-,-,-,"【判定】: EXCLUDE
【判定理由】: 证据片段显示该研究使用自研的深度查询网络（DQN）和自监督学习框架进行参考模型估计，如""we have created a self-supervised learning framework""和""the DQN generates an initial estimated reference bony points""，未使用任何具名第三方非牙科3D软件。
【软件】: -
【专科】: -
【应用场景】: -
【研究设计】: -"
chairside vs prefabricated sealing socket abutments for posterior immediate implants a randomized clinical trial,Chairside vs Prefabricated Sealing Socket Abutments for Posterior Immediate Implants: A Randomized Clinical Trial,CLINICAL IMPLANT DENTISTRY AND RELATED RESEARCH,journalArticle,QM47ETB9,Gnusins 等 - 2025 - Chairside vs Prefabricated Sealing Socket Abutments for Posterior Immediate Implants A Randomized C.pdf,EXCLUDE,"证据片段中出现的具名软件为 ""3Shape Implant Studio""（牙科专用种植规划软件）和 ""SMOP""（Swissmeda AG，牙科/口腔手术规划软件），均属牙科专用软件，未使用任何具名的第三方非牙科3D软件。",-,-,-,-,"【判定】: EXCLUDE
【判定理由】: 证据片段中出现的具名软件为 ""3Shape Implant Studio""（牙科专用种植规划软件）和 ""SMOP""（Swissmeda AG，牙科/口腔手术规划软件），均属牙科专用软件，未使用任何具名的第三方非牙科3D软件。
【软件】: -
【专科】: -
【应用场景】: -
【研究设计】: -"
blood vessel on a chip examines the biomechanics of microvasculature,Blood vessel-on-a-chip examines the biomechanics of microvasculature,SOFT MATTER,journalArticle,7XQRAIBP,Salipante 等 - 2021 - Blood vessel-on-a-chip examines the biomechanics of microvasculature.pdf,EXCLUDE,该研究主题为血管芯片生物力学，不属于口腔医学任一学科；且证据中 Autodesk Inventor 仅用于制作微流控平台的模具，与口腔医学无关。,-,-,-,-,"【判定】: EXCLUDE
【判定理由】: 该研究主题为血管芯片生物力学，不属于口腔医学任一学科；且证据中 Autodesk Inventor 仅用于制作微流控平台的模具，与口腔医学无关。
【软件】: -
【专科】: -
【应用场景】: -
【研究设计】: -"
accuracy of dicom dicom vs dicom stl protocols in computer guided surgery a human clinical study,Accuracy of DICOM-DICOM vs. DICOM-STL Protocols in Computer-Guided Surgery: A Human Clinical Study,JOURNAL OF CLINICAL MEDICINE,journalArticle,9EGJ5B29,D'Addazio 等 - 2022 - Accuracy of DICOM-DICOM vs. DICOM-STL Protocols in Computer-Guided Surgery A Human Clinical Study..pdf,EXCLUDE,抽取的证据片段仅涉及DICOM/CBCT数据、立体光刻导板和CAD-CAM等泛泛概念，未出现任何该研究自身使用的具名第三方非牙科3D软件（如Mimics、3D Slicer、Geomagic等）。,-,-,-,-,"【判定】: EXCLUDE
【判定理由】: 抽取的证据片段仅涉及DICOM/CBCT数据、立体光刻导板和CAD-CAM等泛泛概念，未出现任何该研究自身使用的具名第三方非牙科3D软件（如Mimics、3D Slicer、Geomagic等）。
【软件】: -
【专科】: -
【应用场景】: -
【研究设计】: -"
biomechanical analysis of all on 4 implant supported framework using different materials across various clinical practice,Biomechanical analysis of All-on-4 implant supported framework using different materials across various clinical practice,BMC ORAL HEALTH,journalArticle,ZMQU8EMV,Chen 等 - 2025 - Biomechanical analysis of All-on-4 implant supported framework using different materials across vari.pdf,EXCLUDE,"证据片段仅泛泛提及""using simulation software""和""Mechanical analysis software""，未给出任何具名的第三方非牙科3D软件名称，无法确认该研究自身使用了具体具名软件。",-,-,-,-,"【判定】: EXCLUDE
【判定理由】: 证据片段仅泛泛提及""using simulation software""和""Mechanical analysis software""，未给出任何具名的第三方非牙科3D软件名称，无法确认该研究自身使用了具体具名软件。
【软件】: -
【专科】: -
【应用场景】: -
【研究设计】: -"
the effect of common dental fixtures on treatment planning and delivery for head and neck intensity modulated proton therapy,The effect of common dental fixtures on treatment planning and delivery for head and neck intensity modulated proton therapy,JOURNAL OF APPLIED CLINICAL MEDICAL PHYSICS,journalArticle,9QILX753,Hu 等 - 2023 - The effect of common dental fixtures on treatment planning and delivery for head and neck intensity.pdf,EXCLUDE,该研究主题为头颈部质子治疗计划中牙科修复体对剂量分布的影响，属于放射治疗/医学物理领域，而非口腔医学任一学科；且所用软件 Eclipse 为放射治疗计划系统，并非用于3D数据处理、分析、建模或测量的非牙科3D软件。,-,-,-,-,"【判定】: EXCLUDE
【判定理由】: 该研究主题为头颈部质子治疗计划中牙科修复体对剂量分布的影响，属于放射治疗/医学物理领域，而非口腔医学任一学科；且所用软件 Eclipse 为放射治疗计划系统，并非用于3D数据处理、分析、建模或测量的非牙科3D软件。
【软件】: -
【专科】: -
【应用场景】: -
【研究设计】: -"
triple layered platform utilizing electrospun nanofibers and 3d printed sodium alginate based hydrogel for effective topical treatment of rheumatoid arthritis,Triple-layered platform utilizing electrospun nanofibers and 3D-printed sodium alginate-based hydrogel for effective topical treatment of rheumatoid arthritis,INTERNATIONAL JOURNAL OF BIOLOGICAL MACROMOLECULES,journalArticle,HRNKHTE6,Elshabrawy 等 - 2024 - Triple-layered platform utilizing electrospun nanofibers and 3D-printed sodium alginate-based hydrog.pdf,EXCLUDE,"该研究主题为类风湿关节炎的透皮治疗平台，不属于口腔医学任一学科；且证据中仅提及""open-source image analysis software""未具名，3D打印使用BIO X生物打印机而非具名第三方非牙科3D软件。",-,-,-,-,"【判定】: EXCLUDE
【判定理由】: 该研究主题为类风湿关节炎的透皮治疗平台，不属于口腔医学任一学科；且证据中仅提及""open-source image analysis software""未具名，3D打印使用BIO X生物打印机而非具名第三方非牙科3D软件。
【软件】: -
【专科】: -
【应用场景】: -
【研究设计】: -"
evaluation of the retentive forces from removable partial denture clasps manufactured by the digital method,Evaluation of the Retentive Forces from Removable Partial Denture Clasps Manufactured by the Digital Method,APPLIED SCIENCES-BASEL,journalArticle,TZGXEUSU,Anes 等 - 2023 - Evaluation of the Retentive Forces from Removable Partial Denture Clasps Manufactured by the Digital.pdf,INCLUDE,"该研究自身在材料与方法中使用 Autodesk Meshmixer 进行三维设计，原文为 ""In the Autodesk Meshmixer program (2017, version 3.5.474), a 3D-printed resin block measuring 9 × 20 × 40 mm was designed""。",Autodesk Meshmixer,Prosthodontics,Digital design and manufacturing,in_vitro,"【判定】: INCLUDE
【判定理由】: 该研究自身在材料与方法中使用 Autodesk Meshmixer 进行三维设计，原文为 ""In the Autodesk Meshmixer program (2017, version 3.5.474), a 3D-printed resin block measuring 9 × 20 × 40 mm was designed""。
【软件】: Autodesk Meshmixer
【专科】: Prosthodontics
【应用场景】: Digital design and manufacturing
【研究设计】: in_vitro"
patient specific virtual surgical planning for tongue reconstruction evaluating hyperelastic inverse fem with four simulated tongue cancer cases,Patient-specific virtual surgical planning for tongue reconstruction: evaluating hyperelastic inverse FEM with four simulated tongue cancer cases,PHYSICS IN MEDICINE AND BIOLOGY,journalArticle,5GKX37T6,Isazadeh 等 - 2025 - Patient-specific virtual surgical planning for tongue reconstruction evaluating hyperelastic invers.pdf,EXCLUDE,"证据片段仅显示该研究开发了自研算法（""Hyperelastic inverse finite element method (hiFEM) was developed by integrating an Ogden hyperelastic constitutive model into a predecessor algorithm""），未出现任何具名的第三方非牙科3D软件被该研究自己使用。",-,-,-,-,"【判定】: EXCLUDE
【判定理由】: 证据片段仅显示该研究开发了自研算法（""Hyperelastic inverse finite element method (hiFEM) was developed by integrating an Ogden hyperelastic constitutive model into a predecessor algorithm""），未出现任何具名的第三方非牙科3D软件被该研究自己使用。
【软件】: -
【专科】: -
【应用场景】: -
【研究设计】: -"
computer aided orthognathic surgery a general method for designing and manufacturing personalized cutting repositioning templates,Computer Aided Orthognathic Surgery: A General Method for Designing and Manufacturing Personalized Cutting/Repositioning Templates,APPLIED SCIENCES-BASEL,journalArticle,B2M3DARR,Di Brigida 等 - 2022 - Computer Aided Orthognathic Surgery A General Method for Designing and Manufacturing Personalized C.pdf,EXCLUDE,抽取的证据片段仅泛泛提及 CAD/CAM、Reverse Engineering、Virtual Surgery Planning 等概念，未出现任何该研究自身使用的具名第三方非牙科3D软件（如 Mimics、Geomagic 等）的具体名称。,-,-,-,-,"【判定】: EXCLUDE
【判定理由】: 抽取的证据片段仅泛泛提及 CAD/CAM、Reverse Engineering、Virtual Surgery Planning 等概念，未出现任何该研究自身使用的具名第三方非牙科3D软件（如 Mimics、Geomagic 等）的具体名称。
【软件】: -
【专科】: -
【应用场景】: -
【研究设计】: -"
relationship between medial meniscus extrusion and cartilage measurements in the knee by fully automatic three dimensional mri analysis,Relationship between medial meniscus extrusion and cartilage measurements in the knee by fully automatic three-dimensional MRI analysis,BMC MUSCULOSKELETAL DISORDERS,journalArticle,V8QWI6T2,Aoki 等 - 2020 - Relationship between medial meniscus extrusion and cartilage measurements in the knee by fully autom.pdf,EXCLUDE,"该研究主题为膝关节软骨与半月板的MRI分析，不属于口腔医学任一学科；且其使用的是自研神经网络软件（""We constructed a neural network for the software""），未使用具名第三方非牙科3D软件。",-,-,-,-,"【判定】: EXCLUDE
【判定理由】: 该研究主题为膝关节软骨与半月板的MRI分析，不属于口腔医学任一学科；且其使用的是自研神经网络软件（""We constructed a neural network for the software""），未使用具名第三方非牙科3D软件。
【软件】: -
【专科】: -
【应用场景】: -
【研究设计】: -"
a multivariate logistic regression analysis of risk factors for peri implant bone loss,A Multivariate Logistic Regression Analysis of Risk Factors for Peri-implant Bone Loss,INTERNATIONAL JOURNAL OF ORAL & MAXILLOFACIAL IMPLANTS,journalArticle,RFT3JZXH,Liang 等 - 2025 - A Multivariate Logistic Regression Analysis of Risk Factors for Peri-implant Bone Loss..pdf,EXCLUDE,"题名与摘要为""Risk Factors for Peri-implant Bone Loss""的统计分析研究，而抽取的软件证据片段（""The 3D Slicer free, open-source software was used for the analysis""）来自另一篇关于上唇形态测量学的文献，与本研究无关，本研究自身未使用任何具名第三方非牙科3D软件。",-,-,-,-,"【判定】: EXCLUDE
【判定理由】: 题名与摘要为""Risk Factors for Peri-implant Bone Loss""的统计分析研究，而抽取的软件证据片段（""The 3D Slicer free, open-source software was used for the analysis""）来自另一篇关于上唇形态测量学的文献，与本研究无关，本研究自身未使用任何具名第三方非牙科3D软件。
【软件】: -
【专科】: -
【应用场景】: -
【研究设计】: -"
principles of interdisciplinary orthodontic and restorative treatment,Principles of interdisciplinary orthodontic and restorative treatment,BRITISH DENTAL JOURNAL,journalArticle,IF7WG7DS,Khosravi和Ramos Jr - 2024 - Principles of interdisciplinary orthodontic and restorative treatment.pdf,EXCLUDE,"该文献为综述性文章（""this article provides an overview of the principles and framework""），且证据片段中提及的软件（ClinCheck、Spark Approver、ExoCad、Digital Smile Design 等）均为牙科专用软件或仅在泛泛讨论中列举，并非该研究自身在材料与方法中使用具名第三方非牙科3D软件。",-,-,-,-,"【判定】: EXCLUDE
【判定理由】: 该文献为综述性文章（""this article provides an overview of the principles and framework""），且证据片段中提及的软件（ClinCheck、Spark Approver、ExoCad、Digital Smile Design 等）均为牙科专用软件或仅在泛泛讨论中列举，并非该研究自身在材料与方法中使用具名第三方非牙科3D软件。
【软件】: -
【专科】: -
【应用场景】: -
【研究设计】: -"
precise sparse view dental crown reconstruction via 3d gaussian neural fields,Precise sparse-view dental crown reconstruction via 3D Gaussian neural fields,BIOMEDICAL SIGNAL PROCESSING AND CONTROL,journalArticle,YTX9I6KD,Chen 等 - 2026 - Precise sparse-view dental crown reconstruction via 3D Gaussian neural fields.pdf,EXCLUDE,"该研究提出的是自研方法""DGNF-DC method, a sparse view dental crown accurate reconstruction framework based on a three-dimensional Gaussian neural field""，证据片段中未出现任何该研究自己使用的具名第三方非牙科3D软件。",-,-,-,-,"【判定】: EXCLUDE
【判定理由】: 该研究提出的是自研方法""DGNF-DC method, a sparse view dental crown accurate reconstruction framework based on a three-dimensional Gaussian neural field""，证据片段中未出现任何该研究自己使用的具名第三方非牙科3D软件。
【软件】: -
【专科】: -
【应用场景】: -
【研究设计】: -"
two experimental methods to integrate intra oral scans into 3d stereophotogrammetric facial images,Two experimental methods to integrate intra-oral scans into 3D stereophotogrammetric facial images,CLINICAL ORAL INVESTIGATIONS,journalArticle,ZJFKXSSM,Schobben 等 - 2025 - Two experimental methods to integrate intra-oral scans into 3D stereophotogrammetric facial images..pdf,EXCLUDE,"抽取的证据片段仅泛泛描述""superimposing a 3D stereophotogrammetric extra-oral image on a soft tissue model obtained from a CBCT image""等融合流程，未出现任何该研究自身使用的具名第三方非牙科3D软件名称。",-,-,-,-,"【判定】: EXCLUDE
【判定理由】: 抽取的证据片段仅泛泛描述""superimposing a 3D stereophotogrammetric extra-oral image on a soft tissue model obtained from a CBCT image""等融合流程，未出现任何该研究自身使用的具名第三方非牙科3D软件名称。
【软件】: -
【专科】: -
【应用场景】: -
【研究设计】: -"
polysaccharide protein microparticles based scaffolds to recover soft tissue loss in mild periodontitis,Polysaccharide-protein microparticles based-scaffolds to recover soft tissue loss in mild periodontitis,INTERNATIONAL JOURNAL OF PHARMACEUTICS,journalArticle,9ZT8GFB8,Ruggeri 等 - 2023 - Polysaccharide-protein microparticles based-scaffolds to recover soft tissue loss in mild periodonti-1.pdf,EXCLUDE,"抽取的软件相关片段中仅提及 ""SasView application"" 用于数据分析，但该软件为小角散射数据分析软件，且证据中未见其用于3D数据的处理、分析、建模或测量；其余片段仅涉及动物实验与参考文献。",-,-,-,-,"【判定】: EXCLUDE
【判定理由】: 抽取的软件相关片段中仅提及 ""SasView application"" 用于数据分析，但该软件为小角散射数据分析软件，且证据中未见其用于3D数据的处理、分析、建模或测量；其余片段仅涉及动物实验与参考文献。
【软件】: -
【专科】: -
【应用场景】: -
【研究设计】: -"
ai initiated second opinions a framework for advanced caries treatment planning,AI-initiated second opinions: a framework for advanced caries treatment planning,BMC ORAL HEALTH,journalArticle,3SM4ML53,Dascalu 等 - 2024 - AI-initiated second opinions a framework for advanced caries treatment planning..pdf,EXCLUDE,"证据片段仅显示该研究开发并使用自研 AI 模型（""We developed an AI model to predict pulp status""），未提及任何具名的第三方非牙科3D软件被该研究自身使用。",-,-,-,-,"【判定】: EXCLUDE
【判定理由】: 证据片段仅显示该研究开发并使用自研 AI 模型（""We developed an AI model to predict pulp status""），未提及任何具名的第三方非牙科3D软件被该研究自身使用。
【软件】: -
【专科】: -
【应用场景】: -
【研究设计】: -"
development of a multicellular 3d bioprinted microtissue model of human periodontal ligament alveolar bone biointerface towards a pre clinical model of periodontal diseases and personalized periodontal tissue engineering,Development of a multicellular 3D-bioprinted microtissue model of human periodontal ligament-alveolar bone biointerface: Towards a pre-clinical model of periodontal diseases and personalized periodontal tissue engineering,GENES & DISEASES,journalArticle,UBMKKMB9,Vurat 等 - 2022 - Development of a multicellular 3D-bioprinted microtissue model of human periodontal ligament-alveola.pdf,EXCLUDE,"证据片段中仅出现 ""Computer-Aided Design (CAD) software"" 和 ""Slic3r software""，CAD 为通用泛称而非具名第三方软件，Slic3r 为3D打印切片软件而非用于3D数据处理/分析/建模/测量的非牙科3D软件；其余软件（GraphPad Prism）为统计软件，不符合纳入标准。",-,-,-,-,"【判定】: EXCLUDE
【判定理由】: 证据片段中仅出现 ""Computer-Aided Design (CAD) software"" 和 ""Slic3r software""，CAD 为通用泛称而非具名第三方软件，Slic3r 为3D打印切片软件而非用于3D数据处理/分析/建模/测量的非牙科3D软件；其余软件（GraphPad Prism）为统计软件，不符合纳入标准。
【软件】: -
【专科】: -
【应用场景】: -
【研究设计】: -"
torque loss survival and strain distribution of implant supported prostheses with zirconia and cobalt chromium hybrid abutments,"Torque Loss, Survival, and Strain Distribution of Implant-Supported Prostheses with Zirconia and Cobalt-Chromium Hybrid Abutments",MEDICINA-LITHUANIA,journalArticle,R2YYAV9G,"Rodrigues 等 - 2025 - Torque Loss, Survival, and Strain Distribution of Implant-Supported Prostheses with Zirconia and Cob.pdf",EXCLUDE,证据片段中出现的具名软件（Ceramill M-Plant、Ceramill Motion 2、Davis 8.0）中，Ceramill 系列为牙科专用 CAD/CAM 系统，而 Davis 8.0 属于数字图像相关（DIC）应变分析软件，并非用于3D数据的处理、分析、建模或测量，不符合纳入标准第2条。,-,-,-,-,"【判定】: EXCLUDE
【判定理由】: 证据片段中出现的具名软件（Ceramill M-Plant、Ceramill Motion 2、Davis 8.0）中，Ceramill 系列为牙科专用 CAD/CAM 系统，而 Davis 8.0 属于数字图像相关（DIC）应变分析软件，并非用于3D数据的处理、分析、建模或测量，不符合纳入标准第2条。
【软件】: -
【专科】: -
【应用场景】: -
【研究设计】: -"
digital science platform an interactive web application and database of osteological material for anatomy education,Digital science platform: an interactive web application and database of osteological material for anatomy education,BMC MEDICAL EDUCATION,journalArticle,NHTJCU8E,Regulski 等 - 2022 - Digital science platform an interactive web application and database of osteological material for a.pdf,EXCLUDE,该研究主题为解剖学教育（BMC Medical Education），不属于口腔医学任一学科；且证据中仅提及自研的 VisNow 平台与网页应用，未使用具名第三方非牙科3D软件。,-,-,-,-,"【判定】: EXCLUDE
【判定理由】: 该研究主题为解剖学教育（BMC Medical Education），不属于口腔医学任一学科；且证据中仅提及自研的 VisNow 平台与网页应用，未使用具名第三方非牙科3D软件。
【软件】: -
【专科】: -
【应用场景】: -
【研究设计】: -"
accuracy of facial skeletal surfaces segmented from ct and cbct radiographs,Accuracy of facial skeletal surfaces segmented from CT and CBCT radiographs,SCIENTIFIC REPORTS,journalArticle,TXLBAMRE,Ghamri 等 - 2023 - Accuracy of facial skeletal surfaces segmented from CT and CBCT radiographs..pdf,INCLUDE,"该研究自身在材料与方法中使用具名第三方非牙科3D软件处理3D数据，如""post-processed in the Artec Studio 16 software""及""imported in Viewbox 4 software""。",Artec Studio; Viewbox 4,Oral and Maxillofacial Radiology,3D data analysis and accuracy assessment,in_vitro,"【判定】: INCLUDE
【判定理由】: 该研究自身在材料与方法中使用具名第三方非牙科3D软件处理3D数据，如""post-processed in the Artec Studio 16 software""及""imported in Viewbox 4 software""。
【软件】: Artec Studio; Viewbox 4
【专科】: Oral and Maxillofacial Radiology
【应用场景】: 3D data analysis and accuracy assessment
【研究设计】: in_vitro"
efficacy of submucosal polydeoxyribonucleotide injection after impacted mandibular third molar extraction a randomized controlled trial,Efficacy of Submucosal Polydeoxyribonucleotide Injection after Impacted Mandibular Third Molar Extraction: A Randomized Controlled Trial,YONSEI MEDICAL JOURNAL,journalArticle,RHIDMTCI,Kim 等 - 2026 - Efficacy of Submucosal Polydeoxyribonucleotide Injection after Impacted Mandibular Third Molar Extra.pdf,INCLUDE,"该研究自身在方法中使用具名第三方非牙科3D软件处理3D面部扫描数据，原文明确写道""Scans were exported as STL files and imported into the dental application software Materialise MIMICS 21.0""以及""The STL files were imported into the software Materialise 3-matic version 18.0 for superimposition""。",Materialise MIMICS 21.0; Materialise 3-matic version 18.0,Oral and Maxillofacial Surgery,3D data analysis and accuracy assessment,clinical,"【判定】: INCLUDE
【判定理由】: 该研究自身在方法中使用具名第三方非牙科3D软件处理3D面部扫描数据，原文明确写道""Scans were exported as STL files and imported into the dental application software Materialise MIMICS 21.0""以及""The STL files were imported into the software Materialise 3-matic version 18.0 for superimposition""。
【软件】: Materialise MIMICS 21.0; Materialise 3-matic version 18.0
【专科】: Oral and Maxillofacial Surgery
【应用场景】: 3D data analysis and accuracy assessment
【研究设计】: clinical"
3d printing of metal organic framework incorporated porous scaffolds to promote osteogenic differentiation and bone regeneration,3D printing of metal-organic framework incorporated porous scaffolds to promote osteogenic differentiation and bone regeneration,NANOSCALE,journalArticle,4FBLMYQK,Zhong 等 - 2020 - 3D printing of metal-organic framework incorporated porous scaffolds to promote osteogenic different.pdf,EXCLUDE,该研究仅使用 SCANCO Medical visualizer software（牙科/骨专用 Micro-CT 自带软件）进行重建分析，证据中未出现任何具名的第三方非牙科3D软件被该研究自己使用。,-,-,-,-,"【判定】: EXCLUDE
【判定理由】: 该研究仅使用 SCANCO Medical visualizer software（牙科/骨专用 Micro-CT 自带软件）进行重建分析，证据中未出现任何具名的第三方非牙科3D软件被该研究自己使用。
【软件】: -
【专科】: -
【应用场景】: -
【研究设计】: -"
microstructure and mechanical properties of co cr alloy fabricated by selective laser melting technology for removable partial denture frameworks,Microstructure and Mechanical Properties of Co-Cr Alloy Fabricated by Selective Laser Melting Technology for Removable Partial Denture Frameworks,JOURNAL OF MATERIALS ENGINEERING AND PERFORMANCE,journalArticle,DHQBWA35,Dimitriadis 等 - 2023 - Microstructure and Mechanical Properties of Co-Cr Alloy Fabricated by Selective Laser Melting Techno.pdf,INCLUDE,"该研究自身在材料与方法中使用具名第三方非牙科3D软件进行建模，原文明确写道""the specimens were designed by CAD software (Siemens NX 12 software)""，且""Design of the Co-Cr specimens with Siemens NX 12 software""。",Siemens NX 12,Prosthodontics,Digital design and manufacturing,in_vitro,"【判定】: INCLUDE
【判定理由】: 该研究自身在材料与方法中使用具名第三方非牙科3D软件进行建模，原文明确写道""the specimens were designed by CAD software (Siemens NX 12 software)""，且""Design of the Co-Cr specimens with Siemens NX 12 software""。
【软件】: Siemens NX 12
【专科】: Prosthodontics
【应用场景】: Digital design and manufacturing
【研究设计】: in_vitro"
osteomatrix as a personalized 3d tissue specific invasion test bed for oral carcinoma,Osteomatrix as a personalized 3D tissue-specific invasion test-bed for oral carcinoma,BIOMATERIALS SCIENCE,journalArticle,FC9UPLQ5,Sukanya 等 - 2023 - Osteomatrix as a personalized 3D tissue-specific invasion test-bed for oral carcinoma.pdf,EXCLUDE,证据片段中出现的具名软件为 FlowJo（流式细胞术分析）、ImageJ（图像分析）和 GraphPad Prism（统计分析），均非用于3D数据处理、分析、建模或测量的非牙科三维软件，不符合纳入标准第2条。,-,-,-,-,"【判定】: EXCLUDE
【判定理由】: 证据片段中出现的具名软件为 FlowJo（流式细胞术分析）、ImageJ（图像分析）和 GraphPad Prism（统计分析），均非用于3D数据处理、分析、建模或测量的非牙科三维软件，不符合纳入标准第2条。
【软件】: -
【专科】: -
【应用场景】: -
【研究设计】: -"
transforming surgical planning and procedures through the synergistic use of additive manufacturing advanced materials and artificial intelligence challenges and opportunities,"Transforming surgical planning and procedures through the synergistic use of additive manufacturing, advanced materials and artificial intelligence: challenges and opportunities",MATERIALS HORIZONS,journalArticle,Q4WEAUUG,"Tripathi 等 - 2025 - Transforming surgical planning and procedures through the synergistic use of additive manufacturing,.pdf",EXCLUDE,"该文献为综述（摘要明确 ""this review explores...""），且证据片段仅为作者简介中泛泛提及 ""medical image processing software""，未显示该研究自身使用任何具名第三方非牙科3D软件。",-,-,-,-,"【判定】: EXCLUDE
【判定理由】: 该文献为综述（摘要明确 ""this review explores...""），且证据片段仅为作者简介中泛泛提及 ""medical image processing software""，未显示该研究自身使用任何具名第三方非牙科3D软件。
【软件】: -
【专科】: -
【应用场景】: -
【研究设计】: -"
efficient tooth gingival margin line reconstruction via adversarial learning,Efficient tooth gingival margin line reconstruction via adversarial learning,BIOMEDICAL SIGNAL PROCESSING AND CONTROL,journalArticle,IU4TXBBS,Tian 等 - 2022 - Efficient tooth gingival margin line reconstruction via adversarial learning.pdf,EXCLUDE,"证据片段仅显示该研究提出""a deep adversarial network-driven gingival margin line reconstruction (GMLR) framework""，属于自研深度学习网络/算法，未出现任何具名第三方非牙科3D软件被该研究自己使用。",-,-,-,-,"【判定】: EXCLUDE
【判定理由】: 证据片段仅显示该研究提出""a deep adversarial network-driven gingival margin line reconstruction (GMLR) framework""，属于自研深度学习网络/算法，未出现任何具名第三方非牙科3D软件被该研究自己使用。
【软件】: -
【专科】: -
【应用场景】: -
【研究设计】: -"
feasibility of a hybrid semd vmi nmar framework for metal artifact reduction in dental computed tomography simulation study,Feasibility of a hybrid SEMD-VMI-NMAR framework for metal artifact reduction in dental computed tomography: simulation study,JOURNAL OF INSTRUMENTATION,journalArticle,SMP7ULWB,Shin 等 - 2026 - Feasibility of a hybrid SEMD-VMI-NMAR framework for metal artifact reduction in dental computed tomo.pdf,EXCLUDE,证据片段仅描述了自研的 SEMD-VMI-NMAR 框架及滤波反投影（FBP）重建流程，未出现任何具名的第三方非牙科3D软件被该研究自己使用。,-,-,-,-,"【判定】: EXCLUDE
【判定理由】: 证据片段仅描述了自研的 SEMD-VMI-NMAR 框架及滤波反投影（FBP）重建流程，未出现任何具名的第三方非牙科3D软件被该研究自己使用。
【软件】: -
【专科】: -
【应用场景】: -
【研究设计】: -"
a 3d co culture system inspired by fracture healing cell interactions for bone tissue engineering,A 3D Co-Culture System Inspired by Fracture Healing Cell Interactions for Bone Tissue Engineering,ADVANCED HEALTHCARE MATERIALS,journalArticle,B7TAIWTK,Wu 等 - 2025 - A 3D Co‐Culture System Inspired by Fracture Healing Cell Interactions for Bone Tissue Engineering.pdf,EXCLUDE,"该研究主题为骨组织工程（骨折愈合细胞相互作用），不属于口腔医学任一学科；虽然证据片段显示使用了""Materialise Magics software 24.0""和""ImageJ software""，但主题不符合纳入标准第1条。",-,-,-,-,"【判定】: EXCLUDE
【判定理由】: 该研究主题为骨组织工程（骨折愈合细胞相互作用），不属于口腔医学任一学科；虽然证据片段显示使用了""Materialise Magics software 24.0""和""ImageJ software""，但主题不符合纳入标准第1条。
【软件】: -
【专科】: -
【应用场景】: -
【研究设计】: -"
traditional 2d and 3d workflows what is better for aesthetic rehabilitation of superior anterior teeth,"Traditional, 2D and 3D Workflows: What Is Better for Aesthetic Rehabilitation of Superior Anterior Teeth?",APPLIED SCIENCES-BASEL,journalArticle,WJH5GAGS,"Zotti 等 - 2023 - Traditional, 2D and 3D Workflows What Is Better for Aesthetic Rehabilitation of Superior Anterior T.pdf",EXCLUDE,"该研究仅使用 Keynote（Apple Inc.）进行 2D 美学分析与微笑设计，证据片段中""Keynote software (version 11.1) was used to perform digital aesthetic analysis and smile planning""，Keynote 并非三维（3D）软件，且未使用任何具名的第三方非牙科3D软件进行3D数据处理。",-,-,-,-,"【判定】: EXCLUDE
【判定理由】: 该研究仅使用 Keynote（Apple Inc.）进行 2D 美学分析与微笑设计，证据片段中""Keynote software (version 11.1) was used to perform digital aesthetic analysis and smile planning""，Keynote 并非三维（3D）软件，且未使用任何具名的第三方非牙科3D软件进行3D数据处理。
【软件】: -
【专科】: -
【应用场景】: -
【研究设计】: -"
self organized vascularized microtissue based on the human microvascular unit for tissue repair and regeneration,Self-Organized Vascularized Microtissue Based on the Human Microvascular Unit for Tissue Repair and Regeneration,ACS APPLIED MATERIALS & INTERFACES,journalArticle,GPMMUGAQ,Gao 等 - 2025 - Self-Organized Vascularized Microtissue Based on the Human Microvascular Unit for Tissue Repair and.pdf,EXCLUDE,该研究主题为血管化微组织用于组织修复与再生，不属于口腔医学任一学科；且证据中出现的 CTVox、CTAn、GraphPad Prism 均非口腔医学3D数据处理软件，其中 GraphPad Prism 仅用于统计分析。,-,-,-,-,"【判定】: EXCLUDE
【判定理由】: 该研究主题为血管化微组织用于组织修复与再生，不属于口腔医学任一学科；且证据中出现的 CTVox、CTAn、GraphPad Prism 均非口腔医学3D数据处理软件，其中 GraphPad Prism 仅用于统计分析。
【软件】: -
【专科】: -
【应用场景】: -
【研究设计】: -"
development of a statistical shape model and assessment of anatomical shape variations in the hemipelvis,Development of a Statistical Shape Model and Assessment of Anatomical Shape Variations in the Hemipelvis,JOURNAL OF CLINICAL MEDICINE,journalArticle,GT3HSR5N,van Veldhuizen 等 - 2023 - Development of a Statistical Shape Model and Assessment of Anatomical Shape Variations in the Hemipe.pdf,EXCLUDE,"该研究主题为骨盆（hemipelvis）形态的统计形状模型，属于骨科/骨盆外科领域，而非口腔医学任一学科；证据片段中仅提及""CT scans of 200 patients...were used to obtain segmentations""及自研的迭代最近点算法与主成分分析，未涉及口腔医学应用。",-,-,-,-,"【判定】: EXCLUDE
【判定理由】: 该研究主题为骨盆（hemipelvis）形态的统计形状模型，属于骨科/骨盆外科领域，而非口腔医学任一学科；证据片段中仅提及""CT scans of 200 patients...were used to obtain segmentations""及自研的迭代最近点算法与主成分分析，未涉及口腔医学应用。
【软件】: -
【专科】: -
【应用场景】: -
【研究设计】: -"
metal organic framework incorporated three dimensional 3d bio printable hydrogels to facilitate bone repair preparation and in vitro bioactivity analysis,Metal Organic Framework-Incorporated Three-Dimensional (3D) Bio-Printable Hydrogels to Facilitate Bone Repair: Preparation and In Vitro Bioactivity Analysis,GELS,journalArticle,JSU2KA77,Choi 等 - 2023 - Metal Organic Framework-Incorporated Three-Dimensional (3D) Bio-Printable Hydrogels to Facilitate Bo.pdf,INCLUDE,该研究自身在材料与方法中使用具名第三方非牙科3D软件 OnShape 进行建模，证据原文为“The models for bio-printing were designed using an online computer-aided design (CAD) software called Onshape”。,OnShape,Oral and Maxillofacial Surgery,Digital design and manufacturing,in_vitro,"【判定】: INCLUDE
【判定理由】: 该研究自身在材料与方法中使用具名第三方非牙科3D软件 OnShape 进行建模，证据原文为“The models for bio-printing were designed using an online computer-aided design (CAD) software called Onshape”。
【软件】: OnShape
【专科】: Oral and Maxillofacial Surgery
【应用场景】: Digital design and manufacturing
【研究设计】: in_vitro"
ginger extract release from 3d printed calcium phosphate scaffolds for bone regeneration,Ginger extract release from 3D printed calcium phosphate scaffolds for bone regeneration,BIOMATERIALS ADVANCES,journalArticle,FEHPJQNB,Bose 等 - 2026 - Ginger extract release from 3D printed calcium phosphate scaffolds for bone regeneration.pdf,EXCLUDE,"证据片段中唯一具名的软件是 ""ImageJ software""，用于 ""RGB analysis and area measurement""，但 ImageJ 属于图像分析软件而非三维（3D）软件，且未用于3D数据的处理、分析、建模或测量；GraphPad Prism 亦非3D软件。",-,-,-,-,"【判定】: EXCLUDE
【判定理由】: 证据片段中唯一具名的软件是 ""ImageJ software""，用于 ""RGB analysis and area measurement""，但 ImageJ 属于图像分析软件而非三维（3D）软件，且未用于3D数据的处理、分析、建模或测量；GraphPad Prism 亦非3D软件。
【软件】: -
【专科】: -
【应用场景】: -
【研究设计】: -"
deep absolute phase recovery from single frequency phase map for handheld 3d measurement,Deep absolute phase recovery from single- frequency phase map for handheld 3D measurement,OPTICS COMMUNICATIONS,journalArticle,3BAYRGI4,Bai 等 - 2022 - Deep absolute phase recovery from single- frequency phase map for handheld 3D measurement.pdf,EXCLUDE,"该研究提出的是自研的轻量级深度卷积神经网络（""A lightweight DCNN takes one wrapped phase-map as input and outputs the fringe order map""），属于自研算法/代码，未使用任何具名的第三方非牙科3D软件；且主题为光学三维测量，不属于口腔医学。",-,-,-,-,"【判定】: EXCLUDE
【判定理由】: 该研究提出的是自研的轻量级深度卷积神经网络（""A lightweight DCNN takes one wrapped phase-map as input and outputs the fringe order map""），属于自研算法/代码，未使用任何具名的第三方非牙科3D软件；且主题为光学三维测量，不属于口腔医学。
【软件】: -
【专科】: -
【应用场景】: -
【研究设计】: -"
simple and cost effective generation of 3d cell sheets and spheroids using curvature controlled paraffin wax substrates,Simple and Cost-Effective Generation of 3D Cell Sheets and Spheroids Using Curvature-Controlled Paraffin Wax Substrates,NANO CONVERGENCE,journalArticle,TT3FFFAV,Kim 等 - 2024 - Simple and Cost-Effective Generation of 3D Cell Sheets and Spheroids Using Curvature-Controlled Para.pdf,EXCLUDE,该研究主题为使用石蜡膜生成3D细胞片与球体，属于组织工程/细胞生物学，不属于口腔医学任一学科；且证据中仅出现 ImageJ（图像分析软件），未体现使用具名第三方非牙科3D软件进行3D数据处理、分析、建模或测量。,-,-,-,-,"【判定】: EXCLUDE
【判定理由】: 该研究主题为使用石蜡膜生成3D细胞片与球体，属于组织工程/细胞生物学，不属于口腔医学任一学科；且证据中仅出现 ImageJ（图像分析软件），未体现使用具名第三方非牙科3D软件进行3D数据处理、分析、建模或测量。
【软件】: -
【专科】: -
【应用场景】: -
【研究设计】: -"
a robust registration algorithm based on salient object detection,A robust registration algorithm based on salient object detection,MULTIMEDIA TOOLS AND APPLICATIONS,journalArticle,HIGYUZZD,Yao 等 - 2022 - A robust registration algorithm based on salient object detection.pdf,EXCLUDE,该文献属于计算机视觉领域的点云配准算法研究，主题不属于口腔医学；且证据片段中未出现任何该研究自身使用的具名第三方非牙科3D软件，仅提出自研配准算法。,-,-,-,-,"【判定】: EXCLUDE
【判定理由】: 该文献属于计算机视觉领域的点云配准算法研究，主题不属于口腔医学；且证据片段中未出现任何该研究自身使用的具名第三方非牙科3D软件，仅提出自研配准算法。
【软件】: -
【专科】: -
【应用场景】: -
【研究设计】: -"
temporal modulation of dna methylation and gene expression in monolayer and 3d spheroids of dental pulp stem cells during osteogenic differentiation a comparative study,Temporal Modulation of DNA Methylation and Gene Expression in Monolayer and 3D Spheroids of Dental Pulp Stem Cells during Osteogenic Differentiation: A Comparative Study,TISSUE ENGINEERING AND REGENERATIVE MEDICINE,journalArticle,RAR7M36P,Raik 等 - 2022 - Temporal Modulation of DNA Methylation and Gene Expression in Monolayer and 3D Spheroids of Dental P.pdf,EXCLUDE,"证据片段中出现的具名软件为 ""BioEdit""（序列分析）和 ""GraphPad Prism 6""（统计分析），二者均非三维（3D）软件；micro-CT 仅提及设备 ""Phoenix Nanotom S""，未涉及具名第三方非牙科3D软件用于3D数据处理、分析、建模或测量。",-,-,-,-,"【判定】: EXCLUDE
【判定理由】: 证据片段中出现的具名软件为 ""BioEdit""（序列分析）和 ""GraphPad Prism 6""（统计分析），二者均非三维（3D）软件；micro-CT 仅提及设备 ""Phoenix Nanotom S""，未涉及具名第三方非牙科3D软件用于3D数据处理、分析、建模或测量。
【软件】: -
【专科】: -
【应用场景】: -
【研究设计】: -"
in fiber bragg sensor measurements assess fluid effects on strain in the periodontal space of an ex vivo swine incisor complex under mechanical loading,In-fiber Bragg sensor measurements assess fluid effects on strain in the periodontal space of an ex-vivo swine incisor complex under mechanical loading,JOURNAL OF BIOMECHANICS,journalArticle,BIUPRBSD,Armijo 等 - 2023 - In-fiber Bragg sensor measurements assess fluid effects on strain in the periodontal space of an ex-.pdf,INCLUDE,"该研究自身在方法中使用 ""Matlab (MathWorks, Natick, MA) software was used to convert shifts in Bragg wavelength to microstrain""，属于具名第三方非牙科3D软件用于数据处理。",MATLAB,Orthodontics,Biomechanical analysis and simulation,in_vitro,"【判定】: INCLUDE
【判定理由】: 该研究自身在方法中使用 ""Matlab (MathWorks, Natick, MA) software was used to convert shifts in Bragg wavelength to microstrain""，属于具名第三方非牙科3D软件用于数据处理。
【软件】: MATLAB
【专科】: Orthodontics
【应用场景】: Biomechanical analysis and simulation
【研究设计】: in_vitro"
novel standardized method for inducing medication related osteonecrosis of the jaw in rats and precise quantitative assessment of pathological outcomes,Novel standardized method for inducing medication-related osteonecrosis of the jaw in rats and precise quantitative assessment of pathological outcomes,ODONTOLOGY,journalArticle,A88G5IRI,Hanada 等 - 2025 - Novel standardized method for inducing medication-related osteonecrosis of the jaw in rats and preci.pdf,EXCLUDE,"该研究自身使用的三维分析软件为 TRI/3D-BON-FCS64（""The acquired images were processed and analyzed using the TRI/3D-BON-FCS64 software""），这是牙科/骨形态计量专用软件，不属于非牙科3D软件；其余软件（ImageJ、G*Power、SPSS）也非三维建模/分析类非牙科3D软件。",-,-,-,-,"【判定】: EXCLUDE
【判定理由】: 该研究自身使用的三维分析软件为 TRI/3D-BON-FCS64（""The acquired images were processed and analyzed using the TRI/3D-BON-FCS64 software""），这是牙科/骨形态计量专用软件，不属于非牙科3D软件；其余软件（ImageJ、G*Power、SPSS）也非三维建模/分析类非牙科3D软件。
【软件】: -
【专科】: -
【应用场景】: -
【研究设计】: -"
a rare coeliacomesenteric trunk arising from the aorta and a hepatophrenic trunk giving rise to an accessory left hepatic artery proposal of a new classification system for hepatic arterial variations,A Rare Coeliacomesenteric Trunk Arising from the Aorta and a Hepatophrenic Trunk Giving Rise to an Accessory Left Hepatic Artery: Proposal of a New Classification System for Hepatic Arterial Variations,BRATISLAVA MEDICAL JOURNAL,journalArticle,58D6XU47,Cakir 等 - 2026 - A Rare Coeliacomesenteric Trunk Arising from the Aorta and a Hepatophrenic Trunk Giving Rise to an A.pdf,EXCLUDE,该研究主题为肝动脉变异（腹部血管解剖），不属于口腔医学任一学科；虽使用 Vitrea 软件进行三维重建，但主题不符合纳入标准第1条。,-,-,-,-,"【判定】: EXCLUDE
【判定理由】: 该研究主题为肝动脉变异（腹部血管解剖），不属于口腔医学任一学科；虽使用 Vitrea 软件进行三维重建，但主题不符合纳入标准第1条。
【软件】: -
【专科】: -
【应用场景】: -
【研究设计】: -"
trueness of the apical and middle root portion segments of 3d printed removable die and alveolar cast designs manufactured using stereolithographic 3d printing,Trueness of the apical and middle root portion segments of 3D-printed removable die and alveolar cast designs manufactured using stereolithographic 3D printing,JOURNAL OF PROSTHODONTICS-IMPLANT ESTHETIC AND RECONSTRUCTIVE DENTISTRY,journalArticle,PGF7LT48,Azpiazu-Flores 等 - 2026 - Trueness of the apical and middle root portion segments of 3D-printed removable die and alveolar cas.pdf,INCLUDE,"该研究自身在材料与方法中使用非牙科3D计量软件进行3D数据比对分析，原文明确写道""their respective standard tessellation language files were aligned and compared to master reference files in a metrology-grade computer program (Geomagic Control X; 3D systems, Rock Hill, NC)""。",Geomagic Control X,Prosthodontics,3D data analysis and accuracy assessment,in_vitro,"【判定】: INCLUDE
【判定理由】: 该研究自身在材料与方法中使用非牙科3D计量软件进行3D数据比对分析，原文明确写道""their respective standard tessellation language files were aligned and compared to master reference files in a metrology-grade computer program (Geomagic Control X; 3D systems, Rock Hill, NC)""。
【软件】: Geomagic Control X
【专科】: Prosthodontics
【应用场景】: 3D data analysis and accuracy assessment
【研究设计】: in_vitro"
a retrospective cohort study on scan quality of implant scanbodies matched with cad libraries,A Retrospective Cohort Study on Scan Quality of Implant Scanbodies Matched With CAD Libraries,CLINICAL IMPLANT DENTISTRY AND RELATED RESEARCH,journalArticle,7XTL6VPY,Boz和Akca - 2025 - A Retrospective Cohort Study on Scan Quality of Implant Scanbodies Matched With CAD Libraries.pdf,EXCLUDE,"证据片段中仅提及""dental CAD software""这一泛称，未出现任何具名的第三方非牙科3D软件被该研究自己使用；且该研究使用的是牙科CAD软件进行SB库匹配。",-,-,-,-,"【判定】: EXCLUDE
【判定理由】: 证据片段中仅提及""dental CAD software""这一泛称，未出现任何具名的第三方非牙科3D软件被该研究自己使用；且该研究使用的是牙科CAD软件进行SB库匹配。
【软件】: -
【专科】: -
【应用场景】: -
【研究设计】: -"
ph responsive polydopamine coated mesoporous silica nanoplatform integrated into 3d printed pla nha scaffolds for synergistic bone regeneration,pH-responsive polydopamine-coated mesoporous silica nanoplatform integrated into 3D-printed PLA/nHA scaffolds for synergistic bone regeneration,INTERNATIONAL JOURNAL OF BIOPRINTING,journalArticle,5Q98LR84,Xu 等 - 2026 - pH-responsive polydopamine-coated mesoporous silica nanoplatform integrated into 3D-printed PLAnHA.pdf,INCLUDE,"该研究自身在材料与方法中使用具名第三方非牙科3D软件 ""Analyze software (14.0, AnalyzeDirect, USA)"" 对Micro-CT重建数据进行定量分析。",Analyze,Oral and Maxillofacial Surgery,3D data analysis and accuracy assessment,in_vitro,"【判定】: INCLUDE
【判定理由】: 该研究自身在材料与方法中使用具名第三方非牙科3D软件 ""Analyze software (14.0, AnalyzeDirect, USA)"" 对Micro-CT重建数据进行定量分析。
【软件】: Analyze
【专科】: Oral and Maxillofacial Surgery
【应用场景】: 3D data analysis and accuracy assessment
【研究设计】: in_vitro"
3d printing for tissue organ regeneration in china,3D printing for tissue/organ regeneration in China,BIO-DESIGN AND MANUFACTURING,journalArticle,6FE3CE5K,He 等 - 2025 - 3D printing for tissueorgan regeneration in China.pdf,EXCLUDE,"该文献为综述（摘要明确为 ""this review brings together a cohort of leading young scientists""），且证据片段中未出现任何该研究自身使用的具名第三方非牙科3D软件。",-,-,-,-,"【判定】: EXCLUDE
【判定理由】: 该文献为综述（摘要明确为 ""this review brings together a cohort of leading young scientists""），且证据片段中未出现任何该研究自身使用的具名第三方非牙科3D软件。
【软件】: -
【专科】: -
【应用场景】: -
【研究设计】: -"
tissue surface adaptation and retention of digital obturator after one year of use,Tissue surface adaptation and retention of digital obturator after one year of use,BMC ORAL HEALTH,journalArticle,MTZIVEQB,Khalaf 等 - 2024 - Tissue surface adaptation and retention of digital obturator after one year of use..pdf,INCLUDE,"该研究自身在方法中使用 ""A color map of the scanned reference and digital obturator was made using Geomagic software to evaluate the accuracy of fit""，Geomagic 为非牙科第三方3D软件，用于3D数据比对与测量。",Geomagic,Prosthodontics,3D data analysis and accuracy assessment,in_vitro,"【判定】: INCLUDE
【判定理由】: 该研究自身在方法中使用 ""A color map of the scanned reference and digital obturator was made using Geomagic software to evaluate the accuracy of fit""，Geomagic 为非牙科第三方3D软件，用于3D数据比对与测量。
【软件】: Geomagic
【专科】: Prosthodontics
【应用场景】: 3D data analysis and accuracy assessment
【研究设计】: in_vitro"
an innovative tooth on chip microfluidic device emulating the structure and physiology of the dental pulp tissue,An Innovative “Tooth-On-Chip” Microfluidic Device Emulating the Structure and Physiology of the Dental Pulp Tissue,ADVANCED HEALTHCARE MATERIALS,journalArticle,CQM5FTNI,Cordiale 等 - 2026 - An Innovative “Tooth-On-Chip” Microfluidic Device Emulating the Structure and Physiology of the Dent.pdf,INCLUDE,"该研究在实验部分明确使用 AutoCAD 绘制微流控装置布局（""The 'tooth-on-chip' microfluidic device layout was drawn using computer-aided design (CAD) software (AutoCAD, AutoDesk Inc.)""），AutoCAD 为具名的第三方非牙科3D软件，用于3D建模设计。",AutoCAD,Endodontics,Digital design and manufacturing,in_vitro,"【判定】: INCLUDE
【判定理由】: 该研究在实验部分明确使用 AutoCAD 绘制微流控装置布局（""The 'tooth-on-chip' microfluidic device layout was drawn using computer-aided design (CAD) software (AutoCAD, AutoDesk Inc.)""），AutoCAD 为具名的第三方非牙科3D软件，用于3D建模设计。
【软件】: AutoCAD
【专科】: Endodontics
【应用场景】: Digital design and manufacturing
【研究设计】: in_vitro"
establishment and validation of an efficient method for the 3d culture of osteoclasts in vitro,Establishment and validation of an efficient method for the 3D culture of osteoclasts in vitro,JOURNAL OF DENTISTRY,journalArticle,22UQETPW,Faqeer 等 - 2024 - Establishment and validation of an efficient method for the 3D culture of osteoclasts in vitro..pdf,EXCLUDE,全文抽取的软件相关证据片段中未出现任何具名的第三方非牙科3D软件，研究仅涉及胶原和GelMA水凝胶的3D细胞培养方法，无3D软件处理、分析或测量内容。,-,-,-,-,"【判定】: EXCLUDE
【判定理由】: 全文抽取的软件相关证据片段中未出现任何具名的第三方非牙科3D软件，研究仅涉及胶原和GelMA水凝胶的3D细胞培养方法，无3D软件处理、分析或测量内容。
【软件】: -
【专科】: -
【应用场景】: -
【研究设计】: -"
the link between abutment configuration and marginal bone loss in subcrestally placed posterior implant supported restorations,The link between abutment configuration and marginal bone loss in subcrestally placed posterior implant-supported restorations,JOURNAL OF PROSTHETIC DENTISTRY,journalArticle,JILIPTM5,Nam 等 - 2025 - The link between abutment configuration and marginal bone loss in subcrestally placed posterior impl.pdf,INCLUDE,"该研究自身在材料与方法中使用 AutoCAD 2024 测量种植体肩台与首个骨-种植体接触点之间的距离（""Marginal bone levels were assessed by measuring the distance between the implant shoulder and the first bone-to-implant contact using a CAD program (AutoCAD 2024; Autodesk)""）。",AutoCAD,Implantology,3D data analysis and accuracy assessment,clinical,"【判定】: INCLUDE
【判定理由】: 该研究自身在材料与方法中使用 AutoCAD 2024 测量种植体肩台与首个骨-种植体接触点之间的距离（""Marginal bone levels were assessed by measuring the distance between the implant shoulder and the first bone-to-implant contact using a CAD program (AutoCAD 2024; Autodesk)""）。
【软件】: AutoCAD
【专科】: Implantology
【应用场景】: 3D data analysis and accuracy assessment
【研究设计】: clinical"
3d models for oral inflammation using gingival fibroblasts lipopolysaccharides and hypoxia,"3D models for oral inflammation using gingival fibroblasts, lipopolysaccharides and hypoxia",SCIENTIFIC REPORTS,journalArticle,99SWF2CI,"Agger 等 - 2026 - 3D models for oral inflammation using gingival fibroblasts, lipopolysaccharides and hypoxia.pdf",EXCLUDE,证据片段仅涉及生物学实验（缺氧、LPS刺激、基因表达、细胞因子分泌等），未出现任何具名的第三方非牙科3D软件被该研究自身使用。,-,-,-,-,"【判定】: EXCLUDE
【判定理由】: 证据片段仅涉及生物学实验（缺氧、LPS刺激、基因表达、细胞因子分泌等），未出现任何具名的第三方非牙科3D软件被该研究自身使用。
【软件】: -
【专科】: -
【应用场景】: -
【研究设计】: -"
innovative approach to computer aided measurement of unilateral cleft lip and palate models using onyxceph3,Innovative Approach to Computer-Aided Measurement of Unilateral Cleft Lip and Palate Models Using OnyxCeph3?,APPLIED SCIENCES-BASEL,journalArticle,TJ9ACC3S,Buehling 等 - 2025 - Innovative Approach to Computer-Aided Measurement of Unilateral Cleft Lip and Palate Models Using On.pdf,EXCLUDE,"该研究仅使用牙科专用软件 OnyxCeph3™（""the analysis software OnyxCeph3™ (Image Instruments® GmbH, Chemnitz, Germany)""），未使用任何具名的第三方非牙科3D软件。",-,-,-,-,"【判定】: EXCLUDE
【判定理由】: 该研究仅使用牙科专用软件 OnyxCeph3™（""the analysis software OnyxCeph3™ (Image Instruments® GmbH, Chemnitz, Germany)""），未使用任何具名的第三方非牙科3D软件。
【软件】: -
【专科】: -
【应用场景】: -
【研究设计】: -"
factors influencing craniofaciadental changes in skeletal class iii orthognathic surgery by using machine learning,Factors influencing craniofaciadental changes in skeletal Class III orthognathic surgery by using machine learning,JOURNAL OF DENTAL SCIENCES,journalArticle,XCI3WWY4,Abdillah 等 - 2025 - Factors influencing craniofaciadental changes in skeletal Class III orthognathic surgery by using ma.pdf,EXCLUDE,"该研究使用的是牙科专用软件 WEBCEPH（""analyzed using WEBCEPH digital cephalometric analysis software""），以及 SPSS 和 Python 用于统计分析/机器学习，均不属于具名的第三方非牙科三维（3D）软件，且未涉及3D数据的处理、分析、建模或测量。",-,-,-,-,"【判定】: EXCLUDE
【判定理由】: 该研究使用的是牙科专用软件 WEBCEPH（""analyzed using WEBCEPH digital cephalometric analysis software""），以及 SPSS 和 Python 用于统计分析/机器学习，均不属于具名的第三方非牙科三维（3D）软件，且未涉及3D数据的处理、分析、建模或测量。
【软件】: -
【专科】: -
【应用场景】: -
【研究设计】: -"
evaluating surgical approaches for hemimandibular hyperplasia associated with osteochondroma a systematic literature review,Evaluating Surgical Approaches for Hemimandibular Hyperplasia Associated with Osteochondroma: A Systematic Literature Review,JOURNAL OF CLINICAL MEDICINE,journalArticle,FUT7TPXZ,Almeida 等 - 2024 - Evaluating Surgical Approaches for Hemimandibular Hyperplasia Associated with Osteochondroma A Syst.pdf,EXCLUDE,"该文献为系统综述（题名及摘要明确为""A Systematic Literature Review""），属于排除的文献类型；且证据片段中提及的3D软件相关内容均为引用他人研究（如""Si et al. (2023) demonstrated the application of a 3D-printed cutting guide""），并非该研究自身使用。",-,-,-,-,"【判定】: EXCLUDE
【判定理由】: 该文献为系统综述（题名及摘要明确为""A Systematic Literature Review""），属于排除的文献类型；且证据片段中提及的3D软件相关内容均为引用他人研究（如""Si et al. (2023) demonstrated the application of a 3D-printed cutting guide""），并非该研究自身使用。
【软件】: -
【专科】: -
【应用场景】: -
【研究设计】: -"
artificial intelligence performance in maxillary canine impaction a systematic review,Artificial intelligence performance in maxillary canine impaction: a systematic review,EUROPEAN JOURNAL OF MEDICAL RESEARCH,journalArticle,J59JBZ9K,Assiri 等 - 2026 - Artificial intelligence performance in maxillary canine impaction a systematic review.pdf,EXCLUDE,"该文献为系统综述（""This systematic review evaluates the literature""），且证据片段中仅泛泛提及他人研究使用的AI模型（""U-Net, ResNet50, SqueezeNet, and Fast R-CNN""），未显示该研究自身使用任何具名第三方非牙科3D软件。",-,-,-,-,"【判定】: EXCLUDE
【判定理由】: 该文献为系统综述（""This systematic review evaluates the literature""），且证据片段中仅泛泛提及他人研究使用的AI模型（""U-Net, ResNet50, SqueezeNet, and Fast R-CNN""），未显示该研究自身使用任何具名第三方非牙科3D软件。
【软件】: -
【专科】: -
【应用场景】: -
【研究设计】: -"
dynamic navigation for prosthetically driven zygomatic implant placement in extensive maxillary defects results of a prospective case series,Dynamic navigation for prosthetically driven zygomatic implant placement in extensive maxillary defects: Results of a prospective case series,CLINICAL IMPLANT DENTISTRY AND RELATED RESEARCH,journalArticle,JYJSMM4M,Wang 等 - 2022 - Dynamic navigation for prosthetically driven zygomatic implant placement in extensive maxillary defe.pdf,EXCLUDE,"证据片段中仅泛泛提及""Software was used to virtually plan""和""Computer-aided design and computer-aided manufacture""，未出现任何具名的第三方非牙科3D软件名称。",-,-,-,-,"【判定】: EXCLUDE
【判定理由】: 证据片段中仅泛泛提及""Software was used to virtually plan""和""Computer-aided design and computer-aided manufacture""，未出现任何具名的第三方非牙科3D软件名称。
【软件】: -
【专科】: -
【应用场景】: -
【研究设计】: -"
effect of different surface treatments on the bond strength of milled polyetheretherketone posts,Effect of different surface treatments on the bond strength of milled polyetheretherketone posts,JOURNAL OF PROSTHETIC DENTISTRY,journalArticle,8CQXSRJC,Attia 等 - 2022 - Effect of different surface treatments on the bond strength of milled polyetheretherketone posts.pdf,EXCLUDE,该研究仅使用牙科专用 CAD-CAM 系统（CEREC Primescan Software v.9; Dentsply Sirona）进行设计与制作，证据中未出现任何具名的第三方非牙科3D软件被该研究自己使用。,-,-,-,-,"【判定】: EXCLUDE
【判定理由】: 该研究仅使用牙科专用 CAD-CAM 系统（CEREC Primescan Software v.9; Dentsply Sirona）进行设计与制作，证据中未出现任何具名的第三方非牙科3D软件被该研究自己使用。
【软件】: -
【专科】: -
【应用场景】: -
【研究设计】: -"
iteration of tumor organoids in drug development simplification and integration,Iteration of Tumor Organoids in Drug Development: Simplification and Integration,PHARMACEUTICALS,journalArticle,R9QBMTFF,Zhao 等 - 2025 - Iteration of Tumor Organoids in Drug Development Simplification and Integration.pdf,EXCLUDE,"该文献为综述（摘要明确 ""This review highlights the 'Organoid plus and minus' framework""），且主题为肿瘤类器官药物开发，不属于口腔医学；证据片段中亦无该研究自身使用的具名第三方非牙科3D软件。",-,-,-,-,"【判定】: EXCLUDE
【判定理由】: 该文献为综述（摘要明确 ""This review highlights the 'Organoid plus and minus' framework""），且主题为肿瘤类器官药物开发，不属于口腔医学；证据片段中亦无该研究自身使用的具名第三方非牙科3D软件。
【软件】: -
【专科】: -
【应用场景】: -
【研究设计】: -"
the relevance of intraoral scanner ios for periodontal diagnosis a scoping review,The relevance of intraoral scanner (IOS) for periodontal diagnosis: A scoping review,JOURNAL OF DENTISTRY,journalArticle,QFG24RI9,Caron 等 - 2025 - The relevance of intraoral scanner (IOS) for periodontal diagnosis A scoping review.pdf,EXCLUDE,"该文献为 scoping review（摘要明确 ""The aim of this scoping review was to map the literature...""），属于综述类型，不符合原创研究/技术说明/病例报告的纳入要求；且证据片段中仅泛泛提及 ""Software analysis enhanced the interpretation of IOS data"" 和 ""the requirement for appropriate matching software""，未指明该研究自身使用的具名第三方非牙科3D软件。",-,-,-,-,"【判定】: EXCLUDE
【判定理由】: 该文献为 scoping review（摘要明确 ""The aim of this scoping review was to map the literature...""），属于综述类型，不符合原创研究/技术说明/病例报告的纳入要求；且证据片段中仅泛泛提及 ""Software analysis enhanced the interpretation of IOS data"" 和 ""the requirement for appropriate matching software""，未指明该研究自身使用的具名第三方非牙科3D软件。
【软件】: -
【专科】: -
【应用场景】: -
【研究设计】: -"
effect of implant number attachment type and framework material on stress distribution in mandibular overdentures a finite element analysis,"Effect of implant number, attachment type, and framework material on stress distribution in mandibular overdentures: a finite element analysis",BMC ORAL HEALTH,journalArticle,SE8L9A5N,"Saip和Yesil - 2026 - Effect of implant number, attachment type, and framework material on stress distribution in mandibul.pdf",INCLUDE,"该研究自身在方法中使用具名第三方非牙科3D软件，证据片段明确写道""DICOM data were imported into 3D Slicer (Slicer Community, 2023)""用于分割与三维重建。",3D Slicer,Prosthodontics,Image segmentation and 3D reconstruction,computational,"【判定】: INCLUDE
【判定理由】: 该研究自身在方法中使用具名第三方非牙科3D软件，证据片段明确写道""DICOM data were imported into 3D Slicer (Slicer Community, 2023)""用于分割与三维重建。
【软件】: 3D Slicer
【专科】: Prosthodontics
【应用场景】: Image segmentation and 3D reconstruction
【研究设计】: computational"
intraoral scanning versus conventional methods for obtaining full arch implant supported prostheses a systematic review with meta analysis,Intraoral Scanning Versus Conventional Methods for Obtaining Full-Arch Implant-Supported Prostheses: A Systematic Review with Meta-Analysis,APPLIED SCIENCES-BASEL,journalArticle,NZG7YSMU,Vieira 等 - 2025 - Intraoral Scanning Versus Conventional Methods for Obtaining Full-Arch Implant-Supported Prostheses.pdf,EXCLUDE,"该文献为系统综述（题名及摘要明确为 ""A Systematic Review with Meta-Analysis""），属于排除的文献类型；且证据中仅出现 ""Review Manager 7.2"" 这一用于荟萃分析的统计软件，并非用于3D数据处理、分析、建模或测量的非牙科3D软件。",-,-,-,-,"【判定】: EXCLUDE
【判定理由】: 该文献为系统综述（题名及摘要明确为 ""A Systematic Review with Meta-Analysis""），属于排除的文献类型；且证据中仅出现 ""Review Manager 7.2"" 这一用于荟萃分析的统计软件，并非用于3D数据处理、分析、建模或测量的非牙科3D软件。
【软件】: -
【专科】: -
【应用场景】: -
【研究设计】: -"
differential osteo specific invasion of patient derived cancer cells in a microfluidic co culture model,Differential osteo-specific invasion of patient-derived cancer cells in a microfluidic co-culture model,CHEMICAL ENGINEERING JOURNAL,journalArticle,BRZ6NS5I,Sukanya. 等 - 2024 - Differential osteo-specific invasion of patient-derived cancer cells in a microfluidic co-culture mo.pdf,EXCLUDE,该研究主题为口腔鳞癌细胞的微流控侵袭模型，但所用软件为 COMSOL Multiphysics、Autodesk Inventor、ImageJ、FlowJo，其中 COMSOL 与 Inventor 用于微流控芯片的流体仿真与建模，而非口腔医学3D数据的处理/分析/测量；且该研究并非口腔医学任一学科的原创研究（属生物工程/肿瘤学）。,-,-,-,-,"【判定】: EXCLUDE
【判定理由】: 该研究主题为口腔鳞癌细胞的微流控侵袭模型，但所用软件为 COMSOL Multiphysics、Autodesk Inventor、ImageJ、FlowJo，其中 COMSOL 与 Inventor 用于微流控芯片的流体仿真与建模，而非口腔医学3D数据的处理/分析/测量；且该研究并非口腔医学任一学科的原创研究（属生物工程/肿瘤学）。
【软件】: -
【专科】: -
【应用场景】: -
【研究设计】: -"
a 3d bioprinted material that recapitulates the perivascular bone marrow structure for sustained hematopoietic and cancer models,A 3D Bioprinted Material That Recapitulates the Perivascular Bone Marrow Structure for Sustained Hematopoietic and Cancer Models,POLYMERS,journalArticle,8HLZZQ59,Moore 等 - 2021 - A 3D Bioprinted Material That Recapitulates the Perivascular Bone Marrow Structure for Sustained Hem.pdf,EXCLUDE,该研究主题为3D生物打印骨髓模型，属于组织工程/材料学领域，而非口腔医学任一学科；且证据中出现的 ImageJ 仅用于二维图像测量，未体现用于3D数据处理、分析、建模或测量。,-,-,-,-,"【判定】: EXCLUDE
【判定理由】: 该研究主题为3D生物打印骨髓模型，属于组织工程/材料学领域，而非口腔医学任一学科；且证据中出现的 ImageJ 仅用于二维图像测量，未体现用于3D数据处理、分析、建模或测量。
【软件】: -
【专科】: -
【应用场景】: -
【研究设计】: -"
periodontium derived fibroblasts as a model to evaluate inflammation and pharmacological modulation of osteogenesis and osteoclast formation,Periodontium-derived fibroblasts as a model to evaluate inflammation and pharmacological modulation of osteogenesis and osteoclast formation,FRONTIERS IN CELL AND DEVELOPMENTAL BIOLOGY,journalArticle,BTMYCI59,de Vries 等 - 2026 - Periodontium-derived fibroblasts as a model to evaluate inflammation and pharmacological modulation.pdf,EXCLUDE,"证据片段中唯一出现的软件名是""Created by https://www.biorender.com/""，属于绘图工具而非用于3D数据处理/分析/建模/测量的具名第三方非牙科3D软件；其余内容均为对他人3D培养研究的讨论与引用。",-,-,-,-,"【判定】: EXCLUDE
【判定理由】: 证据片段中唯一出现的软件名是""Created by https://www.biorender.com/""，属于绘图工具而非用于3D数据处理/分析/建模/测量的具名第三方非牙科3D软件；其余内容均为对他人3D培养研究的讨论与引用。
【软件】: -
【专科】: -
【应用场景】: -
【研究设计】: -"
fabrication of multilayer heterogeneous cell assembly for pathophysiologically relevant 3d in vitro ibd disease model for high throughput drug screening,Fabrication of multilayer heterogeneous cell assembly for pathophysiologically relevant 3D in-vitro IBD disease model for high throughput drug screening,BIOFABRICATION,journalArticle,XQQ4EMYY,Kumari 等 - 2025 - Fabrication of multilayer heterogeneous cell assembly for pathophysiologically relevant 3D in-vit.pdf,EXCLUDE,该文献主题为肠道体外疾病模型与药物筛选（IBD disease model），不属于口腔医学任一学科；且证据片段中仅提及 BioRender 绘图工具，未显示该研究自身使用具名第三方非牙科3D软件进行3D数据处理。,-,-,-,-,"【判定】: EXCLUDE
【判定理由】: 该文献主题为肠道体外疾病模型与药物筛选（IBD disease model），不属于口腔医学任一学科；且证据片段中仅提及 BioRender 绘图工具，未显示该研究自身使用具名第三方非牙科3D软件进行3D数据处理。
【软件】: -
【专科】: -
【应用场景】: -
【研究设计】: -"
digital assessment of the accuracy of implant impression techniques in free end saddle partially edentulous patients a controlled clinical trial,Digital assessment of the accuracy of implant impression techniques in free end saddle partially edentulous patients. A controlled clinical trial,BMC ORAL HEALTH,journalArticle,6J23L4DI,Dohiem 等 - 2022 - Digital assessment of the accuracy of implant impression techniques in free end saddle partially ede.pdf,EXCLUDE,"证据片段仅泛泛提及""computer-aided design software""和""special 3D inspection and metrology software""，未给出任何具名的第三方非牙科3D软件名称，无法确认该研究自身使用了符合标准的具名软件。",-,-,-,-,"【判定】: EXCLUDE
【判定理由】: 证据片段仅泛泛提及""computer-aided design software""和""special 3D inspection and metrology software""，未给出任何具名的第三方非牙科3D软件名称，无法确认该研究自身使用了符合标准的具名软件。
【软件】: -
【专科】: -
【应用场景】: -
【研究设计】: -"
cmf net craniomaxillofacial landmark localization on cbct images using geometric constraint and transformer,CMF-Net: craniomaxillofacial landmark localization on CBCT images using geometric constraint and transformer,PHYSICS IN MEDICINE AND BIOLOGY,journalArticle,GY8ZSQRM,Lu 等 - 2023 - CMF-Net craniomaxillofacial landmark localization on CBCT images using geometric constraint and tra.pdf,EXCLUDE,"该研究提出自研的端到端深度学习框架 CMF-Net（""we propose a trainable end-to-end cephalometric landmark localization framework... referred to as CMF-Net""），证据片段中仅泛泛提及 U-Net、transformer 等自建网络及他人研究，未出现该研究自身使用的具名第三方非牙科3D软件。",-,-,-,-,"【判定】: EXCLUDE
【判定理由】: 该研究提出自研的端到端深度学习框架 CMF-Net（""we propose a trainable end-to-end cephalometric landmark localization framework... referred to as CMF-Net""），证据片段中仅泛泛提及 U-Net、transformer 等自建网络及他人研究，未出现该研究自身使用的具名第三方非牙科3D软件。
【软件】: -
【专科】: -
【应用场景】: -
【研究设计】: -"
automated segmentation of head ct scans for computer assisted craniomaxillofacial surgery applying a hierarchical patch based stack of convolutional neural networks,Automated segmentation of head CT scans for computer-assisted craniomaxillofacial surgery applying a hierarchical patch-based stack of convolutional neural networks,INTERNATIONAL JOURNAL OF COMPUTER ASSISTED RADIOLOGY AND SURGERY,journalArticle,YPPZ6Q53,Steybe 等 - 2022 - Automated segmentation of head CT scans for computer-assisted craniomaxillofacial surgery applying a.pdf,EXCLUDE,"该研究使用的方法是自研的深度学习网络（""based on the patchwork toolbox, using a multiscale stack of 3D convolutional neural networks""），属于自编算法/代码，未使用任何具名的第三方非牙科3D软件。",-,-,-,-,"【判定】: EXCLUDE
【判定理由】: 该研究使用的方法是自研的深度学习网络（""based on the patchwork toolbox, using a multiscale stack of 3D convolutional neural networks""），属于自编算法/代码，未使用任何具名的第三方非牙科3D软件。
【软件】: -
【专科】: -
【应用场景】: -
【研究设计】: -"
computational design of a multi epitope vaccine against porphyromonas gingivalis,Computational Design of a Multi-Epitope Vaccine Against Porphyromonas gingivalis,FRONTIERS IN IMMUNOLOGY,journalArticle,UZP59EBY,Shaker 等 - 2022 - Computational Design of a Multi-Epitope Vaccine Against Porphyromonas gingivalis..pdf,EXCLUDE,该研究为免疫信息学疫苗设计，使用的工具（Robetta、PatchDock、FireDock、Amber v.20、PSIPRED、ERRAT 等）均为分子建模/对接/模拟服务器，并非用于口腔3D数据处理、分析、建模或测量的第三方非牙科3D软件；且主题为疫苗设计而非口腔医学3D应用。,-,-,-,-,"【判定】: EXCLUDE
【判定理由】: 该研究为免疫信息学疫苗设计，使用的工具（Robetta、PatchDock、FireDock、Amber v.20、PSIPRED、ERRAT 等）均为分子建模/对接/模拟服务器，并非用于口腔3D数据处理、分析、建模或测量的第三方非牙科3D软件；且主题为疫苗设计而非口腔医学3D应用。
【软件】: -
【专科】: -
【应用场景】: -
【研究设计】: -"
fhd hybridnet a fuzzy hellinger distance guided hybrid deep learning framework for robust multiclass brain tumor classification,FHD-HybridNet: A fuzzy hellinger distance-guided hybrid deep learning framework for robust multiclass brain tumor classification,BIOMEDICAL SIGNAL PROCESSING AND CONTROL,journalArticle,2DHJ2WE8,Asif 等 - 2026 - FHD-HybridNet A fuzzy hellinger distance-guided hybrid deep learning framework for robust multiclas.pdf,EXCLUDE,"该研究主题为脑肿瘤MRI分类（""brain tumor classification from MRI images""），不属于口腔医学任一学科；且其方法为自研深度学习框架（""FHD-HybridNet""），未使用具名第三方非牙科3D软件。",-,-,-,-,"【判定】: EXCLUDE
【判定理由】: 该研究主题为脑肿瘤MRI分类（""brain tumor classification from MRI images""），不属于口腔医学任一学科；且其方法为自研深度学习框架（""FHD-HybridNet""），未使用具名第三方非牙科3D软件。
【软件】: -
【专科】: -
【应用场景】: -
【研究设计】: -"
fabrication and in vitro characterization of novel hydroxyapatite scaffolds 3d printed using polyvinyl alcohol as a thermoplastic binder,Fabrication and In Vitro Characterization of Novel Hydroxyapatite Scaffolds 3D Printed Using Polyvinyl Alcohol as a Thermoplastic Binder,INTERNATIONAL JOURNAL OF MOLECULAR SCIENCES,journalArticle,E92DLAGP,Thurzo 等 - 2022 - Fabrication and In Vitro Characterization of Novel Hydroxyapatite Scaffolds 3D Printed Using Polyvin.pdf,EXCLUDE,"证据片段中仅泛泛提及""CBCT segmentation""和""comparison of aligned segmented CBCT models""，未出现任何该研究自己使用的具名第三方非牙科3D软件名称。",-,-,-,-,"【判定】: EXCLUDE
【判定理由】: 证据片段中仅泛泛提及""CBCT segmentation""和""comparison of aligned segmented CBCT models""，未出现任何该研究自己使用的具名第三方非牙科3D软件名称。
【软件】: -
【专科】: -
【应用场景】: -
【研究设计】: -"
unsupervised learning of reference bony shapes for orthognathic surgical planning with a surface deformation network,Unsupervised learning of reference bony shapes for orthognathic surgical planning with a surface deformation network,MEDICAL PHYSICS,journalArticle,4CJX2G8D,Xiao 等 - 2021 - Unsupervised learning of reference bony shapes for orthognathic surgical planning with a surface def.pdf,EXCLUDE,"该研究仅提出并使用自研的深度学习框架（""we propose an unsupervised surface deformation network""、""SDNet""），证据片段中未出现任何该研究自己使用的具名第三方非牙科3D软件。",-,-,-,-,"【判定】: EXCLUDE
【判定理由】: 该研究仅提出并使用自研的深度学习框架（""we propose an unsupervised surface deformation network""、""SDNet""），证据片段中未出现任何该研究自己使用的具名第三方非牙科3D软件。
【软件】: -
【专科】: -
【应用场景】: -
【研究设计】: -"
automatic landmark identification for surgical 3d navigation a proposed method for marker free dental surgical navigation systems,Automatic landmark identification for surgical 3d-navigation - A proposed method for marker-free dental surgical navigation systems,BIOMEDICAL ENGINEERING-BIOMEDIZINISCHE TECHNIK,journalArticle,LZEYGM5C,Bischofberger 等 - 2022 - Automatic landmark identification for surgical 3d-navigation – A proposed method for marker-free den.pdf,INCLUDE,"该研究自身在方法中使用了具名第三方非牙科3D软件，原文明确写道 ""The proposed method was implemented in MATLAB® and validated in vitro with one artificial mandible""，并使用了 ""MATLAB® R2020a Computer Vision Toolbox"" 的函数进行三维点重建与匹配。",MATLAB,Oral and Maxillofacial Surgery,Surgical planning and precise implementation,computational,"【判定】: INCLUDE
【判定理由】: 该研究自身在方法中使用了具名第三方非牙科3D软件，原文明确写道 ""The proposed method was implemented in MATLAB® and validated in vitro with one artificial mandible""，并使用了 ""MATLAB® R2020a Computer Vision Toolbox"" 的函数进行三维点重建与匹配。
【软件】: MATLAB
【专科】: Oral and Maxillofacial Surgery
【应用场景】: Surgical planning and precise implementation
【研究设计】: computational"
in vitro and in vivo evaluation of 3d printed poly ethylene glycol dimethacrylate based photocurable hydrogel platform for bone tissue engineering,In Vitro and In Vivo Evaluation of 3D Printed Poly(Ethylene Glycol) Dimethacrylate-Based Photocurable Hydrogel Platform for Bone Tissue Engineering,MACROMOLECULAR BIOSCIENCE,journalArticle,4CX3I2NW,Unagolla 等 - 2024 - In Vitro and In Vivo Evaluation of 3D Printed Poly(Ethylene Glycol) Dimethacrylate-Based Photocurabl.pdf,EXCLUDE,该研究主题为骨组织工程（颅骨缺损修复），不属于口腔医学任一学科；且证据中使用的 Autodesk Fusion 360 虽为非牙科3D软件，但研究本身并非口腔医学研究。,-,-,-,-,"【判定】: EXCLUDE
【判定理由】: 该研究主题为骨组织工程（颅骨缺损修复），不属于口腔医学任一学科；且证据中使用的 Autodesk Fusion 360 虽为非牙科3D软件，但研究本身并非口腔医学研究。
【软件】: -
【专科】: -
【应用场景】: -
【研究设计】: -"
evaluation of different registration methods and dental restorations on the registration duration and accuracy of cone beam computed tomography data and intraoral scans a retrospective clinical study,Evaluation of different registration methods and dental restorations on the registration duration and accuracy of cone beam computed tomography data and intraoral scans: a retrospective clinical study,CLINICAL ORAL INVESTIGATIONS,journalArticle,N2Y7K34F,Piao 等 - 2022 - Evaluation of different registration methods and dental restorations on the registration duration an.pdf,EXCLUDE,"证据片段仅提及""a deep learning-based platform and four implant planning software""，未出现任何具名的第三方非牙科3D软件（如 Mimics、3D Slicer 等），且所用软件为种植规划类牙科专用软件。",-,-,-,-,"【判定】: EXCLUDE
【判定理由】: 证据片段仅提及""a deep learning-based platform and four implant planning software""，未出现任何具名的第三方非牙科3D软件（如 Mimics、3D Slicer 等），且所用软件为种植规划类牙科专用软件。
【软件】: -
【专科】: -
【应用场景】: -
【研究设计】: -"
planning system for the optimization of electric field delivery using implanted electrodes for brain tumor control,Planning system for the optimization of electric field delivery using implanted electrodes for brain tumor control,MEDICAL PHYSICS,journalArticle,6FDZK9VR,Iredale 等 - 2022 - Planning system for the optimization of electric field delivery using implanted electrodes for brain.pdf,EXCLUDE,该研究主题为脑肿瘤电场治疗规划系统，不属于口腔医学任一学科；且证据中使用的 3D Slicer 用于脑部 MRI/CT 分割与电极规划，与口腔医学无关。,-,-,-,-,"【判定】: EXCLUDE
【判定理由】: 该研究主题为脑肿瘤电场治疗规划系统，不属于口腔医学任一学科；且证据中使用的 3D Slicer 用于脑部 MRI/CT 分割与电极规划，与口腔医学无关。
【软件】: -
【专科】: -
【应用场景】: -
【研究设计】: -"
3d environment with bmp 2 releasing nanocarriers enhances osteogenic commitment of human tendon stem cells,3D environment with BMP-2-releasing nanocarriers enhances osteogenic commitment of human tendon stem cells,BIOMEDICAL MATERIALS,journalArticle,7ZKZHFDS,Lamparelli 等 - 2026 - 3D environment with BMP-2-releasing nanocarriers enhances osteogenic commitment of human tendon stem.pdf,EXCLUDE,"证据片段中出现的具名软件为 ""Creator K software""（3D打印切片软件）和 ""ImageJ software""（图像分析软件），前者为3D打印设备配套软件，后者为通用二维图像分析软件，均不属于纳入标准所要求的""具名第三方非牙科三维（3D）软件""（如 Mimics、3D Slicer、Geomagic 等用于3D数据处理、分析、建模或测量的软件）。",-,-,-,-,"【判定】: EXCLUDE
【判定理由】: 证据片段中出现的具名软件为 ""Creator K software""（3D打印切片软件）和 ""ImageJ software""（图像分析软件），前者为3D打印设备配套软件，后者为通用二维图像分析软件，均不属于纳入标准所要求的""具名第三方非牙科三维（3D）软件""（如 Mimics、3D Slicer、Geomagic 等用于3D数据处理、分析、建模或测量的软件）。
【软件】: -
【专科】: -
【应用场景】: -
【研究设计】: -"
reconstructing dietary ecology of extinct strepsirrhines primates mammalia with new approaches for characterizing and analyzing tooth shape,"Reconstructing dietary ecology of extinct strepsirrhines (Primates, Mammalia) with new approaches for characterizing and analyzing tooth shape",PALEOBIOLOGY,journalArticle,JTQCYKPI,"Fulwood 等 - 2021 - Reconstructing dietary ecology of extinct strepsirrhines (Primates, Mammalia) with new approaches fo.pdf",EXCLUDE,该研究主题为灵长类（strepsirrhines）牙齿形态与食性重建，属于古生物学/进化生物学，不属于口腔医学任一学科；且证据片段中仅提及自研的ariaDNE指标与牙齿分割算法，未使用具名第三方非牙科3D软件。,-,-,-,-,"【判定】: EXCLUDE
【判定理由】: 该研究主题为灵长类（strepsirrhines）牙齿形态与食性重建，属于古生物学/进化生物学，不属于口腔医学任一学科；且证据片段中仅提及自研的ariaDNE指标与牙齿分割算法，未使用具名第三方非牙科3D软件。
【软件】: -
【专科】: -
【应用场景】: -
【研究设计】: -"
marginal and internal fit of three unit zirconia fixed dental prostheses effects of prosthesis design cement space and zirconia type,"Marginal and internal fit of three-unit zirconia fixed dental prostheses: Effects of prosthesis design, cement space, and zirconia type",JOURNAL OF PROSTHODONTIC RESEARCH,journalArticle,D5VQSNCE,Suzuki 等 - 2020 - Marginal and internal fit of three-unit zirconia fixed dental prostheses Effects of prosthesis desi.pdf,EXCLUDE,"证据片段中出现的软件为 CAD 软件（S-WAVE Dental System Premium, Shofu）、CAM 软件（GO2dental, Shofu）及图像处理软件（Adobe Photoshop CS、Optimas 6.5），其中 S-WAVE 与 GO2dental 均为牙科专用软件，Photoshop 与 Optimas 并非三维（3D）软件，均不符合""具名的第三方非牙科三维软件""要求。",-,-,-,-,"【判定】: EXCLUDE
【判定理由】: 证据片段中出现的软件为 CAD 软件（S-WAVE Dental System Premium, Shofu）、CAM 软件（GO2dental, Shofu）及图像处理软件（Adobe Photoshop CS、Optimas 6.5），其中 S-WAVE 与 GO2dental 均为牙科专用软件，Photoshop 与 Optimas 并非三维（3D）软件，均不符合""具名的第三方非牙科三维软件""要求。
【软件】: -
【专科】: -
【应用场景】: -
【研究设计】: -"
geometric and dosimetric impact of 3d generative adversarial network based metal artifact reduction algorithm on vmat and impt for the head and neck region,Geometric and dosimetric impact of 3D generative adversarial network-based metal artifact reduction algorithm on VMAT and IMPT for the head and neck region,RADIATION ONCOLOGY,journalArticle,HTI9YI8V,Nakamura 等 - 2021 - Geometric and dosimetric impact of 3D generative adversarial network-based metal artifact reduction.pdf,EXCLUDE,"该研究主题为头颈部放疗（VMAT/IMPT）中的金属伪影校正，不属于口腔医学任一学科；且其核心方法为自研的3D GAN模型，证据中仅提及""all statistical analyses were performed using the R (version 3.6.1) package""，R为统计分析软件而非用于3D数据处理/建模/测量的具名第三方非牙科3D软件。",-,-,-,-,"【判定】: EXCLUDE
【判定理由】: 该研究主题为头颈部放疗（VMAT/IMPT）中的金属伪影校正，不属于口腔医学任一学科；且其核心方法为自研的3D GAN模型，证据中仅提及""all statistical analyses were performed using the R (version 3.6.1) package""，R为统计分析软件而非用于3D数据处理/建模/测量的具名第三方非牙科3D软件。
【软件】: -
【专科】: -
【应用场景】: -
【研究设计】: -"
automated condylar seating assessment using a deep learning based three step approach,Automated condylar seating assessment using a deep learning-based three-step approach,CLINICAL ORAL INVESTIGATIONS,journalArticle,UEXGMEK7,Berends 等 - 2024 - Automated condylar seating assessment using a deep learning-based three-step approach..pdf,EXCLUDE,"该研究仅使用自研的深度学习算法（""three different 3D U-Nets were utilized""、""segmentation module, ray-casting and feed-forward neural network (FFNN)""），未使用任何具名的第三方非牙科3D软件。",-,-,-,-,"【判定】: EXCLUDE
【判定理由】: 该研究仅使用自研的深度学习算法（""three different 3D U-Nets were utilized""、""segmentation module, ray-casting and feed-forward neural network (FFNN)""），未使用任何具名的第三方非牙科3D软件。
【软件】: -
【专科】: -
【应用场景】: -
【研究设计】: -"
biomechanics of the tooth cervical region investigated using 3d digital image correlation micro ct and finite element analysis,"Biomechanics of the tooth cervical region investigated using 3D digital image correlation, micro CT, and finite element analysis",SCIENTIFIC REPORTS,journalArticle,HN62NC7A,"Elnatan 等 - 2026 - Biomechanics of the tooth cervical region investigated using 3D digital image correlation, micro CT,.pdf",EXCLUDE,证据片段仅提及该研究使用 3D-DIC 系统、micro-CT 和有限元分析（FEA），但未出现任何具名的第三方非牙科3D软件（如 Mimics、ANSYS、ABAQUS 等）被该研究自己使用。,-,-,-,-,"【判定】: EXCLUDE
【判定理由】: 证据片段仅提及该研究使用 3D-DIC 系统、micro-CT 和有限元分析（FEA），但未出现任何具名的第三方非牙科3D软件（如 Mimics、ANSYS、ABAQUS 等）被该研究自己使用。
【软件】: -
【专科】: -
【应用场景】: -
【研究设计】: -"
material discriminating chromatic x ray stationary intraoral computed tomography technology,Material-discriminating chromatic X-ray stationary intraoral computed tomography technology,APPLIED OPTICS,journalArticle,T5ULN7W4,Zhao 等 - 2025 - Material-discriminating chromatic X-ray stationary intraoral computed tomography technology.pdf,EXCLUDE,"证据片段仅提及该研究使用自研的""adaptive steepest descent projection onto convex sets (ASD-POCS) algorithm""进行图像重建与材料分解，未出现任何具名的第三方非牙科3D软件。",-,-,-,-,"【判定】: EXCLUDE
【判定理由】: 证据片段仅提及该研究使用自研的""adaptive steepest descent projection onto convex sets (ASD-POCS) algorithm""进行图像重建与材料分解，未出现任何具名的第三方非牙科3D软件。
【软件】: -
【专科】: -
【应用场景】: -
【研究设计】: -"
zirconia endocrown with intracanal extension and zi posts on maxillary molars in silico study,Zirconia endocrown with intracanal extension and zi posts on maxillary molars: in silico study,QUINTESSENCE INTERNATIONAL,journalArticle,KY63Y6R9,2025 - Zirconia endocrown with intracanal extension and zirconia posts on maxillary molars in silico study.pdf,INCLUDE,"该研究自身在材料与方法中使用具名第三方非牙科3D软件进行建模与分析，原文明确写道""Modeling software (Rhinoceros 4.0) and analysis programs (VRMesh Studio, VirtualGrid; and Algor Fempro, Algor) were used to construct and design models""。",Rhinoceros 4.0; VRMesh Studio; Algor Fempro,Prosthodontics,Biomechanical analysis and simulation,computational,"【判定】: INCLUDE
【判定理由】: 该研究自身在材料与方法中使用具名第三方非牙科3D软件进行建模与分析，原文明确写道""Modeling software (Rhinoceros 4.0) and analysis programs (VRMesh Studio, VirtualGrid; and Algor Fempro, Algor) were used to construct and design models""。
【软件】: Rhinoceros 4.0; VRMesh Studio; Algor Fempro
【专科】: Prosthodontics
【应用场景】: Biomechanical analysis and simulation
【研究设计】: computational"
optimization of resin printing parameters for improved surface roughness using metaheuristic algorithms a multifaceted approach,Optimization of Resin Printing Parameters for Improved Surface Roughness Using Metaheuristic Algorithms: A Multifaceted Approach,JOURNAL OF MATERIALS ENGINEERING AND PERFORMANCE,journalArticle,QRK3VBMA,Sharma和Bharti - 2025 - Optimization of Resin Printing Parameters for Improved Surface Roughness Using Metaheuristic Algorit.pdf,INCLUDE,"该研究自身在材料与方法中使用具名第三方非牙科3D软件，原文明确写道 ""The model is initially created using Fusion 360, a CAD software""。",Fusion 360,Prosthodontics,Digital design and manufacturing,in_vitro,"【判定】: INCLUDE
【判定理由】: 该研究自身在材料与方法中使用具名第三方非牙科3D软件，原文明确写道 ""The model is initially created using Fusion 360, a CAD software""。
【软件】: Fusion 360
【专科】: Prosthodontics
【应用场景】: Digital design and manufacturing
【研究设计】: in_vitro"
biomechanical evaluation of prosthetic framework materials in subperiosteal implants a finite element analysis,Biomechanical evaluation of prosthetic framework materials in subperiosteal implants: a finite element analysis,BMC ORAL HEALTH,journalArticle,A2IQLI82,Demir和Caglar - 2025 - Biomechanical evaluation of prosthetic framework materials in subperiosteal implants a finite eleme.pdf,EXCLUDE,"证据片段仅提及""finite element analysis""和""computer-aided design (CAD), computer-aided manufacturing (CAM)""等泛泛概念，未出现任何该研究自己使用的具名第三方非牙科3D软件（如 ANSYS、ABAQUS、Mimics 等）。",-,-,-,-,"【判定】: EXCLUDE
【判定理由】: 证据片段仅提及""finite element analysis""和""computer-aided design (CAD), computer-aided manufacturing (CAM)""等泛泛概念，未出现任何该研究自己使用的具名第三方非牙科3D软件（如 ANSYS、ABAQUS、Mimics 等）。
【软件】: -
【专科】: -
【应用场景】: -
【研究设计】: -"
comparison of the accuracy of implant position among freehand implant placement static and dynamic computer assisted implant surgery in fully edentulous patients a non randomized prospective study,"Comparison of the accuracy of implant position among freehand implant placement, static and dynamic computer-assisted implant surgery in fully edentulous patients: a non- randomized prospective study",INTERNATIONAL JOURNAL OF ORAL AND MAXILLOFACIAL SURGERY,journalArticle,5B8XDKKQ,"Jaemsuwan 等 - 2023 - Comparison of the accuracy of implant position among freehand implant placement, static and dynamic.pdf",INCLUDE,"该研究自身在材料与方法中使用 Meshmixer 软件设计数字模型（""imported into Meshmixer software version 3.5.474 (Autodesk Inc., California) in order to design and create a proper digital horseshoe-shaped full-arch model""），并导出至 Netfabb Premium 2020 软件（""exported to Netfabb Premium 2020 software""）。",Meshmixer; Netfabb,Implantology,Digital design and manufacturing,in_vitro,"【判定】: INCLUDE
【判定理由】: 该研究自身在材料与方法中使用 Meshmixer 软件设计数字模型（""imported into Meshmixer software version 3.5.474 (Autodesk Inc., California) in order to design and create a proper digital horseshoe-shaped full-arch model""），并导出至 Netfabb Premium 2020 软件（""exported to Netfabb Premium 2020 software""）。
【软件】: Meshmixer; Netfabb
【专科】: Implantology
【应用场景】: Digital design and manufacturing
【研究设计】: in_vitro"
evaluating a preclinical orthodontic training using haptic enhanced vr simulation system a longitudinal study,Evaluating a preclinical orthodontic training using haptic-enhanced VR simulation system: a longitudinal study,BMC MEDICAL EDUCATION,journalArticle,TAIBSVUD,Liu 等 - 2025 - Evaluating a preclinical orthodontic training using haptic-enhanced VR simulation system a longitud.pdf,EXCLUDE,"证据片段显示该研究使用的是南京医科大学自行设计开发的虚拟训练软件（""the virtual orthodontic training system ... is designed and developed by Nanjing Medical University""），属于自研程序，未使用任何具名的第三方非牙科3D软件。",-,-,-,-,"【判定】: EXCLUDE
【判定理由】: 证据片段显示该研究使用的是南京医科大学自行设计开发的虚拟训练软件（""the virtual orthodontic training system ... is designed and developed by Nanjing Medical University""），属于自研程序，未使用任何具名的第三方非牙科3D软件。
【软件】: -
【专科】: -
【应用场景】: -
【研究设计】: -"
automatic and standardized reporting of perioperative mris in patients with central nervous system tumors,Automatic and standardized reporting of perioperative MRIs in patients with central nervous system tumors,FRONTIERS IN NEUROLOGY,journalArticle,QW9W4XKJ,Bouget 等 - 2026 - Automatic and standardized reporting of perioperative MRIs in patients with central nervous system t.pdf,EXCLUDE,该研究主题为中枢神经系统肿瘤的MRI自动分割与报告，不属于口腔医学任一学科；且其使用自研的Attention U-Net/DenseNet架构，未使用具名第三方非牙科3D软件。,-,-,-,-,"【判定】: EXCLUDE
【判定理由】: 该研究主题为中枢神经系统肿瘤的MRI自动分割与报告，不属于口腔医学任一学科；且其使用自研的Attention U-Net/DenseNet架构，未使用具名第三方非牙科3D软件。
【软件】: -
【专科】: -
【应用场景】: -
【研究设计】: -"
clinical efficacy of maxillary digital removable partial dentures based on direct intraoral scanning and selective laser melting technology a double blind randomized controlled crossover clinical trial,Clinical efficacy of maxillary digital removable partial dentures based on direct intraoral scanning and selective laser melting technology: a double-blind randomized controlled crossover clinical trial,JOURNAL OF DENTISTRY,journalArticle,F998RIHV,Zhu 等 - 2025 - Clinical efficacy of maxillary digital removable partial dentures based on direct intraoral scanning.pdf,INCLUDE,"该研究自身在材料与方法中使用 Geomagic Studio 进行三维扫描数据的配准与偏差值计算，原文为""a computer fitting calculation was performed to determine the deviation value in Geomagic Studio (Geomagic Studio 2014, Geomagic Inc., NC, USA)""。",Geomagic Studio,Prosthodontics,3D data analysis and accuracy assessment,clinical,"【判定】: INCLUDE
【判定理由】: 该研究自身在材料与方法中使用 Geomagic Studio 进行三维扫描数据的配准与偏差值计算，原文为""a computer fitting calculation was performed to determine the deviation value in Geomagic Studio (Geomagic Studio 2014, Geomagic Inc., NC, USA)""。
【软件】: Geomagic Studio
【专科】: Prosthodontics
【应用场景】: 3D data analysis and accuracy assessment
【研究设计】: clinical"
rankl neutralisation prevents osteoclast activation in a human in vitro ameloblastoma bone model,RANKL neutralisation prevents osteoclast activation in a human in vitro ameloblastoma-bone model,JOURNAL OF TISSUE ENGINEERING,journalArticle,BPXF2FW7,Pape 等 - 2022 - RANKL neutralisation prevents osteoclast activation in a human in vitro ameloblastoma-bone model..pdf,EXCLUDE,证据片段中出现的软件为 Zeiss ZEN、Fiji ImageJ、Image Lab、GraphPad Prism，均为图像分析或统计软件，并非用于3D数据处理、分析、建模或测量的具名第三方非牙科3D软件。,-,-,-,-,"【判定】: EXCLUDE
【判定理由】: 证据片段中出现的软件为 Zeiss ZEN、Fiji ImageJ、Image Lab、GraphPad Prism，均为图像分析或统计软件，并非用于3D数据处理、分析、建模或测量的具名第三方非牙科3D软件。
【软件】: -
【专科】: -
【应用场景】: -
【研究设计】: -"
accuracy of intraoral scanning methods for maxillary kennedy class i arch,Accuracy of intraoral scanning methods for maxillary Kennedy class I arch,JOURNAL OF DENTAL SCIENCES,journalArticle,UBSHIVXV,Chang 等 - 2023 - Accuracy of intraoral scanning methods for maxillary Kennedy class I arch.pdf,EXCLUDE,"证据片段中该研究自己使用的软件为 Exocad（""superimposed using Exocad computer-aided design software""），属于牙科专用CAD软件，不符合""具名第三方非牙科3D软件""的要求。",-,-,-,-,"【判定】: EXCLUDE
【判定理由】: 证据片段中该研究自己使用的软件为 Exocad（""superimposed using Exocad computer-aided design software""），属于牙科专用CAD软件，不符合""具名第三方非牙科3D软件""的要求。
【软件】: -
【专科】: -
【应用场景】: -
【研究设计】: -"
self organization of the hematopoietic vascular niche and emergent innate immunity on a chip,Self-organization of the hematopoietic vascular niche and emergent innate immunity on a chip,CELL STEM CELL,journalArticle,HJWH77MB,Georgescu 等 - 2024 - Self-organization of the hematopoietic vascular niche and emergent innate immunity on a chip.pdf,EXCLUDE,该文献主题为造血血管龛的微生理系统/器官芯片，属于生物工程与免疫学，不属于口腔医学任一学科；且证据片段中未出现该研究自身使用的具名第三方非牙科3D软件。,-,-,-,-,"【判定】: EXCLUDE
【判定理由】: 该文献主题为造血血管龛的微生理系统/器官芯片，属于生物工程与免疫学，不属于口腔医学任一学科；且证据片段中未出现该研究自身使用的具名第三方非牙科3D软件。
【软件】: -
【专科】: -
【应用场景】: -
【研究设计】: -"
direct inkjet writing type 1 bovine collagen tricalcium phosphate scaffolds for bone regeneration,Direct inkjet writing type 1 bovine collagen/β-tricalcium phosphate scaffolds for bone regeneration,JOURNAL OF BIOMEDICAL MATERIALS RESEARCH PART B-APPLIED BIOMATERIALS,journalArticle,KT7GJAGK,Cabrera Pereira 等 - 2024 - Direct inkjet writing type 1 bovine collagenβ-tricalcium phosphate scaffolds for bone regeneration..pdf,EXCLUDE,该研究使用自建的直接喷墨写入（DIW）打印机和 RoboCAD 5.0 设计软件，但 RoboCAD 属于专用打印软件而非具名第三方非牙科3D软件；且主题为骨组织工程支架，不属于口腔医学任一学科。,-,-,-,-,"【判定】: EXCLUDE
【判定理由】: 该研究使用自建的直接喷墨写入（DIW）打印机和 RoboCAD 5.0 设计软件，但 RoboCAD 属于专用打印软件而非具名第三方非牙科3D软件；且主题为骨组织工程支架，不属于口腔医学任一学科。
【软件】: -
【专科】: -
【应用场景】: -
【研究设计】: -"
an application framework of 3d assessment image registration accuracy and untouched surface area in canal instrumentation laboratory research with micro computed tomography,An application framework of 3D assessment image registration accuracy and untouched surface area in canal instrumentation laboratory research with micro-computed tomography,CLINICAL ORAL INVESTIGATIONS,journalArticle,52HGP6QH,Lui 等 - 2023 - An application framework of 3D assessment image registration accuracy and untouched surface area in.pdf,INCLUDE,"该研究自身在方法中使用具名第三方非牙科3D软件，原文明确写道""Elastix registration, surface registration, manual registration, and DataViewer registration techniques were used to align the pre- and post-operative datasets""以及""The customized MeVisLab framework was created to investigate the registration accuracy""。",Elastix; MeVisLab,Endodontics,3D data analysis and accuracy assessment,in_vitro,"【判定】: INCLUDE
【判定理由】: 该研究自身在方法中使用具名第三方非牙科3D软件，原文明确写道""Elastix registration, surface registration, manual registration, and DataViewer registration techniques were used to align the pre- and post-operative datasets""以及""The customized MeVisLab framework was created to investigate the registration accuracy""。
【软件】: Elastix; MeVisLab
【专科】: Endodontics
【应用场景】: 3D data analysis and accuracy assessment
【研究设计】: in_vitro"
structural composition of antibacterial zinc doped geopolymers,Structural composition of antibacterial zinc-doped geopolymers,DALTON TRANSACTIONS,journalArticle,PIJCZ274,Kang和Ye - 2023 - Structural composition of antibacterial zinc-doped geopolymers.pdf,EXCLUDE,该文献主题为抗菌锌掺杂地质聚合物的结构组成研究，属于材料科学领域，不属于口腔医学任一学科；且证据片段中未出现任何具名第三方非牙科3D软件被该研究自身使用。,-,-,-,-,"【判定】: EXCLUDE
【判定理由】: 该文献主题为抗菌锌掺杂地质聚合物的结构组成研究，属于材料科学领域，不属于口腔医学任一学科；且证据片段中未出现任何具名第三方非牙科3D软件被该研究自身使用。
【软件】: -
【专科】: -
【应用场景】: -
【研究设计】: -"
automatic prediction of depth of invasion in oral tongue squamous cell carcinoma using a multimodal regression network fusing prior text and anatomical knowledge,Automatic prediction of depth of invasion in oral tongue squamous cell carcinoma using a multimodal regression network fusing prior text and anatomical knowledge,MEDICAL IMAGE ANALYSIS,journalArticle,Y5SI9D7I,Xu 等 - 2026 - Automatic prediction of depth of invasion in oral tongue squamous cell carcinoma using a multimodal.pdf,EXCLUDE,该研究使用 3D nnUNet 和 Elastix 等自研/开源算法进行分割与配准，证据中未出现任何具名的第三方非牙科3D软件（如 Mimics、3D Slicer 等）被该研究自己用于3D数据处理。,-,-,-,-,"【判定】: EXCLUDE
【判定理由】: 该研究使用 3D nnUNet 和 Elastix 等自研/开源算法进行分割与配准，证据中未出现任何具名的第三方非牙科3D软件（如 Mimics、3D Slicer 等）被该研究自己用于3D数据处理。
【软件】: -
【专科】: -
【应用场景】: -
【研究设计】: -"
effect of implant shape and length on the accuracy of robot assisted immediate implant surgery an in vitro study,Effect of implant shape and length on the accuracy of robot-assisted immediate implant surgery: An in vitro study,CLINICAL ORAL IMPLANTS RESEARCH,journalArticle,KG6ATNQX,Wang 等 - 2024 - Effect of implant shape and length on the accuracy of robot-assisted immediate implant surgery An i.pdf,EXCLUDE,"证据片段中出现的软件为机器人规划软件 RemebotDent（""imported into the robot planning software RemebotDent""）和 NNT Viewer，均属牙科/影像专用软件，未见该研究自身使用任何具名的第三方非牙科3D软件。",-,-,-,-,"【判定】: EXCLUDE
【判定理由】: 证据片段中出现的软件为机器人规划软件 RemebotDent（""imported into the robot planning software RemebotDent""）和 NNT Viewer，均属牙科/影像专用软件，未见该研究自身使用任何具名的第三方非牙科3D软件。
【软件】: -
【专科】: -
【应用场景】: -
【研究设计】: -"
biomaterialomics data science driven pathways to develop fourth generation biomaterials,Biomaterialomics: Data science-driven pathways to develop fourth-generation biomaterials,ACTA BIOMATERIALIA,journalArticle,7ANUKW4R,Basu 等 - 2022 - Biomaterialomics Data science-driven pathways to develop fourth-generation biomaterials.pdf,EXCLUDE,"该文献为概念性综述（题名""Biomaterialomics: Data science-driven pathways...""，摘要通篇阐述概念框架），且证据片段中仅泛泛提及""finite element models""、""micro-CT-based 3D microstructural analysis""等建模策略，未显示该研究自身使用任何具名的第三方非牙科3D软件。",-,-,-,-,"【判定】: EXCLUDE
【判定理由】: 该文献为概念性综述（题名""Biomaterialomics: Data science-driven pathways...""，摘要通篇阐述概念框架），且证据片段中仅泛泛提及""finite element models""、""micro-CT-based 3D microstructural analysis""等建模策略，未显示该研究自身使用任何具名的第三方非牙科3D软件。
【软件】: -
【专科】: -
【应用场景】: -
【研究设计】: -"
highfold med2 an enhanced boltz 2 model for accurate structure prediction of n methylated and d amino acid cyclic peptides,HighFold-MeD2: An Enhanced Boltz-2 Model for Accurate Structure Prediction of N-Methylated and d-Amino Acid Cyclic Peptides,JOURNAL OF CHEMICAL INFORMATION AND MODELING,journalArticle,CJ4X3HIL,Cao 等 - 2026 - HighFold-MeD2 An Enhanced Boltz-2 Model for Accurate Structure Prediction of N-Methylated and d-Ami.pdf,EXCLUDE,"该研究主题为环肽三维结构预测（化学信息学/药物设计），不属于口腔医学任一学科；且证据片段显示其使用自研的 HighFold-MeD2 深度学习框架（""the present study introduces HighFold-MeD2""），未使用具名第三方非牙科3D软件。",-,-,-,-,"【判定】: EXCLUDE
【判定理由】: 该研究主题为环肽三维结构预测（化学信息学/药物设计），不属于口腔医学任一学科；且证据片段显示其使用自研的 HighFold-MeD2 深度学习框架（""the present study introduces HighFold-MeD2""），未使用具名第三方非牙科3D软件。
【软件】: -
【专科】: -
【应用场景】: -
【研究设计】: -"
patient reported outcomes and framework fit accuracy of removable partial dentures fabricated using digital techniques a systematic review and meta analysis,Patient-reported outcomes and framework fit accuracy of removable partial dentures fabricated using digital techniques: A systematic review and meta-analysis,JOURNAL OF PROSTHODONTICS-IMPLANT ESTHETIC AND RECONSTRUCTIVE DENTISTRY,journalArticle,CVJSTDZ9,Almufleh 等 - 2024 - Patient-reported outcomes and framework fit accuracy of removable partial dentures fabricated using.pdf,EXCLUDE,"该文献为系统综述与meta分析（""This review aimed to summarize the evidence...A random-effects model was used to analyze the data""），属于排除的文献类型；且证据片段中仅出现检索策略词（如""CAD CAM""、""3D print*""），无该研究自身使用的具名第三方非牙科3D软件。",-,-,-,-,"【判定】: EXCLUDE
【判定理由】: 该文献为系统综述与meta分析（""This review aimed to summarize the evidence...A random-effects model was used to analyze the data""），属于排除的文献类型；且证据片段中仅出现检索策略词（如""CAD CAM""、""3D print*""），无该研究自身使用的具名第三方非牙科3D软件。
【软件】: -
【专科】: -
【应用场景】: -
【研究设计】: -"
engineering materials and devices for the prevention diagnosis and treatment of covid 19 and infectious diseases,"Engineering Materials and Devices for the Prevention, Diagnosis, and Treatment of COVID-19 and Infectious Diseases",NANOMATERIALS,journalArticle,T5PIL2ZE,"Soto 等 - 2023 - Engineering Materials and Devices for the Prevention, Diagnosis, and Treatment of COVID-19 and Infec.pdf",EXCLUDE,"该文献为综述（摘要明确 ""This review discusses various approaches...""），且证据片段中未出现该研究自身使用的具名第三方非牙科3D软件，仅泛泛提及 ""three-dimensional (3D) printing"" 与 ""computer-aided design (CAD) models""。",-,-,-,-,"【判定】: EXCLUDE
【判定理由】: 该文献为综述（摘要明确 ""This review discusses various approaches...""），且证据片段中未出现该研究自身使用的具名第三方非牙科3D软件，仅泛泛提及 ""three-dimensional (3D) printing"" 与 ""computer-aided design (CAD) models""。
【软件】: -
【专科】: -
【应用场景】: -
【研究设计】: -"
improving accuracy and efficiency of the machined peek denture based on nsga ii integrated gabp neural network,Improving accuracy and efficiency of the machined PEEK denture based on NSGA-II integrated GABP neural network,DENTAL MATERIALS,journalArticle,XTXGD7BC,Jia 等 - 2024 - Improving accuracy and efficiency of the machined PEEK denture based on NSGA-II integrated GABP neur.pdf,EXCLUDE,"证据片段显示该研究仅使用自研算法（""NSGA-II integrated GABP neural network algorithm""）并在 MATLAB 上实现（""The algorithm was implemented on MATLAB R2022a""），MATLAB 属于数值计算平台而非用于3D数据处理/分析/建模/测量的具名第三方非牙科3D软件，不符合纳入标准第2条。",-,-,-,-,"【判定】: EXCLUDE
【判定理由】: 证据片段显示该研究仅使用自研算法（""NSGA-II integrated GABP neural network algorithm""）并在 MATLAB 上实现（""The algorithm was implemented on MATLAB R2022a""），MATLAB 属于数值计算平台而非用于3D数据处理/分析/建模/测量的具名第三方非牙科3D软件，不符合纳入标准第2条。
【软件】: -
【专科】: -
【应用场景】: -
【研究设计】: -"
dentalarch ai based arch shape detection in orthodontics,DentalArch: AI-Based Arch Shape Detection in Orthodontics,APPLIED SCIENCES-BASEL,journalArticle,EZJLMVRU,Tamayo-Quintero 等 - 2024 - DentalArch AI-Based Arch Shape Detection in Orthodontics.pdf,INCLUDE,"该研究自身在方法中使用具名第三方非牙科3D软件 MeshLab 进行测量，原文为""Three trained evaluators then measured mesiodistal and arch widths using MeshLab""。",MeshLab,Orthodontics,3D data analysis and accuracy assessment,computational,"【判定】: INCLUDE
【判定理由】: 该研究自身在方法中使用具名第三方非牙科3D软件 MeshLab 进行测量，原文为""Three trained evaluators then measured mesiodistal and arch widths using MeshLab""。
【软件】: MeshLab
【专科】: Orthodontics
【应用场景】: 3D data analysis and accuracy assessment
【研究设计】: computational"
optimized design of a tooth simulating screw for enhanced accuracy in robot assisted implant placement in completely edentulous jaws,Optimized design of a tooth-simulating screw for enhanced accuracy in robot-assisted implant placement in completely edentulous jaws,JOURNAL OF PROSTHETIC DENTISTRY,journalArticle,6V6YHWRX,Wang 等 - 2025 - Optimized design of a tooth-simulating screw for enhanced accuracy in robot-assisted implant placeme.pdf,EXCLUDE,"证据片段中仅提及""a robotic planning software program""和""YakeRobot Technology Ltd""，未出现任何具名的第三方非牙科3D软件（如Mimics、3D Slicer等）被该研究自己使用。",-,-,-,-,"【判定】: EXCLUDE
【判定理由】: 证据片段中仅提及""a robotic planning software program""和""YakeRobot Technology Ltd""，未出现任何具名的第三方非牙科3D软件（如Mimics、3D Slicer等）被该研究自己使用。
【软件】: -
【专科】: -
【应用场景】: -
【研究设计】: -"
complete 3d kinematics parameters of the temporo mandibular joints using in vivo data fusion,Complete 3D Kinematics Parameters of the Temporo-Mandibular Joints Using in Vivo Data Fusion,IRBM,journalArticle,27GSFABH,Bescond 等 - 2023 - Complete 3D Kinematics Parameters of the Temporo-Mandibular Joints Using in Vivo Data Fusion.pdf,INCLUDE,"该研究自身在材料与方法中使用 Amira 4.0 进行三维骨模型重建（""three-dimensional (3D) bone models were reconstructed in Amira 4.0""），并使用 Matlab 进行数据处理（""a custom-made Matlab® procedure was used""）。",Amira; MATLAB,Oral and Maxillofacial Surgery,Biomechanical analysis and simulation,clinical,"【判定】: INCLUDE
【判定理由】: 该研究自身在材料与方法中使用 Amira 4.0 进行三维骨模型重建（""three-dimensional (3D) bone models were reconstructed in Amira 4.0""），并使用 Matlab 进行数据处理（""a custom-made Matlab® procedure was used""）。
【软件】: Amira; MATLAB
【专科】: Oral and Maxillofacial Surgery
【应用场景】: Biomechanical analysis and simulation
【研究设计】: clinical"
accuracy of immediately placed implants using surgical guides from different 3 dimensional printers an in vitro study,Accuracy of immediately placed implants using surgical guides from different 3-dimensional printers: An in vitro study,CLINICAL IMPLANT DENTISTRY AND RELATED RESEARCH,journalArticle,G3QQG2SA,Pitman 等 - 2024 - Accuracy of immediately placed implants using surgical guides from different 3-dimensional printers.pdf,EXCLUDE,"该研究仅使用牙科专用软件 CoDiagnostix®（""imported into CoDiagnostix® implant planning software""）进行规划与精度评估，未使用任何具名的第三方非牙科3D软件；SPSS 仅用于统计分析，不属于3D数据处理软件。",-,-,-,-,"【判定】: EXCLUDE
【判定理由】: 该研究仅使用牙科专用软件 CoDiagnostix®（""imported into CoDiagnostix® implant planning software""）进行规划与精度评估，未使用任何具名的第三方非牙科3D软件；SPSS 仅用于统计分析，不属于3D数据处理软件。
【软件】: -
【专科】: -
【应用场景】: -
【研究设计】: -"
smartphone and tablet based 3d scanner for anthropometric assessments in adults a systematic review of reliability validity and accuracy,"Smartphone and tablet-based 3D scanner for anthropometric assessments in adults: a systematic review of reliability, validity, and accuracy",BIOMEDICAL ENGINEERING ONLINE,journalArticle,MW6S9KL4,Scataglini 等 - 2025 - Smartphone and tablet-based 3D scanner for anthropometric assessments in adults a systematic review.pdf,EXCLUDE,"该文献为系统综述（摘要明确为""a systematic review""），且证据片段仅涉及数据库检索策略，未显示该研究自身使用任何具名第三方非牙科3D软件。",-,-,-,-,"【判定】: EXCLUDE
【判定理由】: 该文献为系统综述（摘要明确为""a systematic review""），且证据片段仅涉及数据库检索策略，未显示该研究自身使用任何具名第三方非牙科3D软件。
【软件】: -
【专科】: -
【应用场景】: -
【研究设计】: -"
advances in neoteric modular tissue engineering strategies for regenerative dentistry,Advances in neoteric modular tissue engineering strategies for regenerative dentistry,JOURNAL OF SCIENCE-ADVANCED MATERIALS AND DEVICES,journalArticle,DZH7NH4V,Banerjee 等 - 2022 - Advances in neoteric modular tissue engineering strategies for regenerative dentistry.pdf,EXCLUDE,"该文献为综述（""This review compiles the neoteric scaffold-less strategies...""），且证据片段中未出现任何该研究自身使用的具名第三方非牙科3D软件。",-,-,-,-,"【判定】: EXCLUDE
【判定理由】: 该文献为综述（""This review compiles the neoteric scaffold-less strategies...""），且证据片段中未出现任何该研究自身使用的具名第三方非牙科3D软件。
【软件】: -
【专科】: -
【应用场景】: -
【研究设计】: -"
biomechanical analysis of different pacifiers and their effects on the upper jaw and tongue,Biomechanical Analysis of Different Pacifiers and Their Effects on the Upper Jaw and Tongue,APPLIED SCIENCES-BASEL,journalArticle,QAQKMGUW,Levrini 等 - 2025 - Biomechanical Analysis of Different Pacifiers and Their Effects on the Upper Jaw and Tongue.pdf,EXCLUDE,"证据片段仅显示该研究使用""Finite Element Analysis (FEA) mathematical models""进行分析，但未提及任何具名的第三方非牙科3D软件（如ANSYS、ABAQUS等），仅泛泛描述方法。",-,-,-,-,"【判定】: EXCLUDE
【判定理由】: 证据片段仅显示该研究使用""Finite Element Analysis (FEA) mathematical models""进行分析，但未提及任何具名的第三方非牙科3D软件（如ANSYS、ABAQUS等），仅泛泛描述方法。
【软件】: -
【专科】: -
【应用场景】: -
【研究设计】: -"
3d engineered human gingiva fabricated with electrospun collagen scaffolds provides a platform for in vitro analysis of gingival seal to abutment materials,3D engineered human gingiva fabricated with electrospun collagen scaffolds provides a platform for in vitro analysis of gingival seal to abutment materials,PLOS ONE,journalArticle,GEREGG8M,Sakulpaptong 等 - 2022 - 3D engineered human gingiva fabricated with electrospun collagen scaffolds provides a platform for i.pdf,EXCLUDE,"证据片段中出现的具名软件为 ImageJ（""The area of each sample was measured using ImageJ software""）和 Leica Application Suite，但 ImageJ 仅用于二维面积测量而非3D数据处理，且 Leica Application Suite 为显微镜厂商专用软件，均不满足""非牙科三维（3D）软件用于3D数据处理、分析、建模或测量""的纳入标准。",-,-,-,-,"【判定】: EXCLUDE
【判定理由】: 证据片段中出现的具名软件为 ImageJ（""The area of each sample was measured using ImageJ software""）和 Leica Application Suite，但 ImageJ 仅用于二维面积测量而非3D数据处理，且 Leica Application Suite 为显微镜厂商专用软件，均不满足""非牙科三维（3D）软件用于3D数据处理、分析、建模或测量""的纳入标准。
【软件】: -
【专科】: -
【应用场景】: -
【研究设计】: -"
deep learning based automatic measurement of the distance between the maxillary sinus and maxillary posterior teeth on cbct images,Deep-Learning-Based Automatic Measurement of the Distance Between the Maxillary Sinus and Maxillary Posterior Teeth on CBCT Images,INTERNATIONAL ENDODONTIC JOURNAL,journalArticle,3NFN4EA2,Li 等 - 2026 - Deep‐Learning‐Based Automatic Measurement of the Distance Between the Maxillary Sinus and Maxillary.pdf,EXCLUDE,"该研究使用自建的 U-Net CBAM 深度学习模型和自研 3D 点云算法（""A segmentation model...based on the U-Net convolutional block attention (CBAM) architecture was trained""），证据片段中未出现任何具名的第三方非牙科3D软件被该研究自己使用。",-,-,-,-,"【判定】: EXCLUDE
【判定理由】: 该研究使用自建的 U-Net CBAM 深度学习模型和自研 3D 点云算法（""A segmentation model...based on the U-Net convolutional block attention (CBAM) architecture was trained""），证据片段中未出现任何具名的第三方非牙科3D软件被该研究自己使用。
【软件】: -
【专科】: -
【应用场景】: -
【研究设计】: -"
automated planning of mandible reconstruction with fibula free flap based on shape completion and morphometric descriptors,Automated planning of mandible reconstruction with fibula free flap based on shape completion and morphometric descriptors,MEDICAL IMAGE ANALYSIS,journalArticle,9WHDZH6I,Guo 等 - 2025 - Automated planning of mandible reconstruction with fibula free flap based on shape completion and mo.pdf,EXCLUDE,"证据片段显示该研究""employ a convolutional neural network with shape prior""和""a deep learning-based method""，属于自研算法/深度学习模型，未提及使用任何具名第三方非牙科3D软件。",-,-,-,-,"【判定】: EXCLUDE
【判定理由】: 证据片段显示该研究""employ a convolutional neural network with shape prior""和""a deep learning-based method""，属于自研算法/深度学习模型，未提及使用任何具名第三方非牙科3D软件。
【软件】: -
【专科】: -
【应用场景】: -
【研究设计】: -"
the influence of radiographic marker registration versus a markerless trace registration method on the implant placement accuracy achieved by dynamic computer assisted implant surgery an in vitro study,The influence of radiographic marker registration versus a markerless trace registration method on the implant placement accuracy achieved by dynamic computer-assisted implant surgery. An in-vitro study,JOURNAL OF DENTISTRY,journalArticle,EY5PW2ZD,Jorba-García 等 - 2024 - The influence of radiographic marker registration versus a markerless trace registration method on t.pdf,EXCLUDE,"抽取的证据片段仅泛泛提及""the software to provide real-time feedback""及dCAIS系统，未出现任何具名的第三方非牙科3D软件（如Mimics、3D Slicer等）被该研究自己使用。",-,-,-,-,"【判定】: EXCLUDE
【判定理由】: 抽取的证据片段仅泛泛提及""the software to provide real-time feedback""及dCAIS系统，未出现任何具名的第三方非牙科3D软件（如Mimics、3D Slicer等）被该研究自己使用。
【软件】: -
【专科】: -
【应用场景】: -
【研究设计】: -"
prediction of orthognathic surgery plan from 3d cephalometric analysis via deep learning,Prediction of orthognathic surgery plan from 3D cephalometric analysis via deep learning,BMC ORAL HEALTH,journalArticle,AUL932PG,Cheng 等 - 2023 - Prediction of orthognathic surgery plan from 3D cephalometric analysis via deep learning.pdf,EXCLUDE,"该研究仅使用自研的深度学习模型（""A regression neural network named VSP transformer was developed based on Transformer architecture""），其使用的 Proplan CMF 为牙科/颌面专用软件，不属于具名的第三方非牙科3D软件。",-,-,-,-,"【判定】: EXCLUDE
【判定理由】: 该研究仅使用自研的深度学习模型（""A regression neural network named VSP transformer was developed based on Transformer architecture""），其使用的 Proplan CMF 为牙科/颌面专用软件，不属于具名的第三方非牙科3D软件。
【软件】: -
【专科】: -
【应用场景】: -
【研究设计】: -"
deep learning based prediction of mandibular growth trend in children with anterior crossbite using cephalometric radiographs,Deep learning-based prediction of mandibular growth trend in children with anterior crossbite using cephalometric radiographs,BMC ORAL HEALTH,journalArticle,NPX3F9WI,Zhang 等 - 2023 - Deep learning-based prediction of mandibular growth trend in children with anterior crossbite using.pdf,EXCLUDE,"该研究仅使用自研深度学习模型（""A deep convolutional neural network (CNN) model was constructed based on the algorithm ResNet50""），且所用软件 Dolphin 为牙科专用软件，不符合""具名第三方非牙科3D软件""的纳入标准。",-,-,-,-,"【判定】: EXCLUDE
【判定理由】: 该研究仅使用自研深度学习模型（""A deep convolutional neural network (CNN) model was constructed based on the algorithm ResNet50""），且所用软件 Dolphin 为牙科专用软件，不符合""具名第三方非牙科3D软件""的纳入标准。
【软件】: -
【专科】: -
【应用场景】: -
【研究设计】: -"
patch based convolutional neural networks for automatic landmark detection of 3d facial images in clinical settings,Patch-based convolutional neural networks for automatic landmark detection of 3D facial images in clinical settings,EUROPEAN JOURNAL OF ORTHODONTICS,journalArticle,UQQICCU6,Al-Baker 等 - 2024 - Patch-based convolutional neural networks for automatic landmark detection of 3D facial images in cl.pdf,EXCLUDE,"证据片段中唯一具名软件为 ""Di3DView software""，但该软件为牙科/面部三维摄影专用软件，不属于非牙科3D软件；该研究核心方法为自研 ""2.5D patch-based CNN architecture""，未使用具名第三方非牙科3D软件。",-,-,-,-,"【判定】: EXCLUDE
【判定理由】: 证据片段中唯一具名软件为 ""Di3DView software""，但该软件为牙科/面部三维摄影专用软件，不属于非牙科3D软件；该研究核心方法为自研 ""2.5D patch-based CNN architecture""，未使用具名第三方非牙科3D软件。
【软件】: -
【专科】: -
【应用场景】: -
【研究设计】: -"
skin viscoelasticity as a predictor of optimal facial prosthesis design using 4d facial expression modeling,Skin viscoelasticity as a predictor of optimal facial prosthesis design using 4D facial expression modeling,JOURNAL OF PROSTHETIC DENTISTRY,journalArticle,NFEQYJAL,Yamada 等 - 2026 - Skin viscoelasticity as a predictor of optimal facial prosthesis design using 4D facial expression m.pdf,EXCLUDE,"证据片段中唯一具名的软件是""IBM SPSS Statistics, v28""，属于统计分析软件而非用于3D数据处理、分析、建模或测量的非牙科3D软件；文中提及的4D建模技术均为引用他人研究（如Matsuoka et al），该研究自身未使用具名第三方非牙科3D软件。",-,-,-,-,"【判定】: EXCLUDE
【判定理由】: 证据片段中唯一具名的软件是""IBM SPSS Statistics, v28""，属于统计分析软件而非用于3D数据处理、分析、建模或测量的非牙科3D软件；文中提及的4D建模技术均为引用他人研究（如Matsuoka et al），该研究自身未使用具名第三方非牙科3D软件。
【软件】: -
【专科】: -
【应用场景】: -
【研究设计】: -"
radiomic biomarkers of locoregional recurrence prognostic insights from oral cavity squamous cell carcinoma preoperative ct scans,Radiomic biomarkers of locoregional recurrence: prognostic insights from oral cavity squamous cell carcinoma preoperative CT scans,FRONTIERS IN ONCOLOGY,journalArticle,2TSB6AS5,Ling 等 - 2024 - Radiomic biomarkers of locoregional recurrence prognostic insights from oral cavity squamous cell c.pdf,EXCLUDE,"证据片段中唯一具名的软件是 ""Varian Medical System Eclipse software environment""，用于ROI勾画，属于放射治疗专用软件而非非牙科3D软件；其余分析使用 ""R stats, glmulti package"" 等统计工具，未使用纳入标准要求的具名第三方非牙科3D软件。",-,-,-,-,"【判定】: EXCLUDE
【判定理由】: 证据片段中唯一具名的软件是 ""Varian Medical System Eclipse software environment""，用于ROI勾画，属于放射治疗专用软件而非非牙科3D软件；其余分析使用 ""R stats, glmulti package"" 等统计工具，未使用纳入标准要求的具名第三方非牙科3D软件。
【软件】: -
【专科】: -
【应用场景】: -
【研究设计】: -"
a low cost wireless bite force measurement device,A Low-Cost Wireless Bite Force Measurement Device,MATERIALS,journalArticle,B8ZTR89F,De Pasquale 等 - 2022 - A Low-Cost Wireless Bite Force Measurement Device..pdf,INCLUDE,"该研究自身在材料与方法中使用具名第三方非牙科3D软件进行设计，原文明确写道 ""A custom-made ergonomic interface ... was designed with commercial CAD software (AutoCAD, Autodesk Inc., San Rafael, CA, USA)""。",AutoCAD,Oral and Maxillofacial Surgery,Digital design and manufacturing,technical_note,"【判定】: INCLUDE
【判定理由】: 该研究自身在材料与方法中使用具名第三方非牙科3D软件进行设计，原文明确写道 ""A custom-made ergonomic interface ... was designed with commercial CAD software (AutoCAD, Autodesk Inc., San Rafael, CA, USA)""。
【软件】: AutoCAD
【专科】: Oral and Maxillofacial Surgery
【应用场景】: Digital design and manufacturing
【研究设计】: technical_note"
unveiling the power of artificial intelligence for image based diagnosis and treatment in endodontics an ally or adversary,Unveiling the power of artificial intelligence for image-based diagnosis and treatment in endodontics: An ally or adversary?,INTERNATIONAL ENDODONTIC JOURNAL,journalArticle,CD63K8E4,Fontenele和Jacobs - 2025 - Unveiling the power of artificial intelligence for image‐based diagnosis and treatment in endodontic.pdf,EXCLUDE,"该文献为叙述性综述（""Through a narrative review, the article explores AI's use...""），且证据片段中仅泛泛提及AI算法与分割，未显示该研究自身使用任何具名第三方非牙科3D软件。",-,-,-,-,"【判定】: EXCLUDE
【判定理由】: 该文献为叙述性综述（""Through a narrative review, the article explores AI's use...""），且证据片段中仅泛泛提及AI算法与分割，未显示该研究自身使用任何具名第三方非牙科3D软件。
【软件】: -
【专科】: -
【应用场景】: -
【研究设计】: -"
assessment of occlusal contacts recorded with the medit intraoral scanner vs exocad software,Assessment of Occlusal Contacts Recorded with the Medit Intraoral Scanner vs. Exocad Software,JOURNAL OF CLINICAL MEDICINE,journalArticle,NDU69W2E,Vladutu 等 - 2025 - Assessment of Occlusal Contacts Recorded with the Medit Intraoral Scanner vs. Exocad Software.pdf,EXCLUDE,该研究仅使用牙科专用软件（Medit Link、Medit Occlusion Analyzer、Exocad）及 Adobe Photoshop CS6（二维图像处理，非三维软件），证据中未出现任何具名的第三方非牙科三维软件被该研究自身使用。,-,-,-,-,"【判定】: EXCLUDE
【判定理由】: 该研究仅使用牙科专用软件（Medit Link、Medit Occlusion Analyzer、Exocad）及 Adobe Photoshop CS6（二维图像处理，非三维软件），证据中未出现任何具名的第三方非牙科三维软件被该研究自身使用。
【软件】: -
【专科】: -
【应用场景】: -
【研究设计】: -"
digital image correlation in dental materials and related research a review,Digital image correlation in dental materials and related research: A review,DENTAL MATERIALS,journalArticle,5DBUDE5I,Yoon 等 - 2021 - Digital image correlation in dental materials and related research A review..pdf,EXCLUDE,"该文献为综述（题名含 ""A review""，摘要明确为 ""review paper""），不符合原创研究/技术说明/病例报告的纳入类型；且证据片段中的软件（如 GOM、Vic-3D）均为被引他人研究（如 Tanasic et al.、Clelland et al.）所使用，非该研究自身使用。",-,-,-,-,"【判定】: EXCLUDE
【判定理由】: 该文献为综述（题名含 ""A review""，摘要明确为 ""review paper""），不符合原创研究/技术说明/病例报告的纳入类型；且证据片段中的软件（如 GOM、Vic-3D）均为被引他人研究（如 Tanasic et al.、Clelland et al.）所使用，非该研究自身使用。
【软件】: -
【专科】: -
【应用场景】: -
【研究设计】: -"
the preliminary in vitro study and application of deep learning algorithm in cone beam computed tomography image implant recognition,The preliminary in vitro study and application of deep learning algorithm in cone beam computed tomography image implant recognition,SCIENTIFIC REPORTS,journalArticle,D47HL2MJ,Ou-Yang 等 - 2023 - The preliminary in vitro study and application of deep learning algorithm in cone beam computed tomo.pdf,EXCLUDE,"该研究仅使用自研的深度学习算法（如 ResNet152V2）和自编应用软件（""conjunction with PyQt5, this study has created an application""），未使用任何具名的第三方非牙科3D软件进行3D数据处理、分析或建模。",-,-,-,-,"【判定】: EXCLUDE
【判定理由】: 该研究仅使用自研的深度学习算法（如 ResNet152V2）和自编应用软件（""conjunction with PyQt5, this study has created an application""），未使用任何具名的第三方非牙科3D软件进行3D数据处理、分析或建模。
【软件】: -
【专科】: -
【应用场景】: -
【研究设计】: -"
3d printed indirect bonding trays transfer accuracy of bar vs shell design in a prospective randomized clinical trial,"3D printed indirect bonding trays: transfer accuracy of bar vs shell design in a prospective, randomized clinical trial",ANGLE ORTHODONTIST,journalArticle,X6MQB5ZG,"Karabiber和Eglenen - 2024 - 3D printed indirect bonding trays transfer accuracy of bar vs shell design in a prospective, random.pdf",INCLUDE,"该研究自身在材料与方法中使用""open source GOM inspect software (GOM GmbH, Braunschweig, Germany)""进行三维模型比对测量，GOM Inspect 为非牙科第三方3D软件。",GOM Inspect,Orthodontics,3D data analysis and accuracy assessment,clinical,"【判定】: INCLUDE
【判定理由】: 该研究自身在材料与方法中使用""open source GOM inspect software (GOM GmbH, Braunschweig, Germany)""进行三维模型比对测量，GOM Inspect 为非牙科第三方3D软件。
【软件】: GOM Inspect
【专科】: Orthodontics
【应用场景】: 3D data analysis and accuracy assessment
【研究设计】: clinical"
machine learning models for differentiating benign and malignant breast masses integrating automated breast volume scanning intra tumoral peri tumoral features and clinical information,"Machine-learning models for differentiating benign and malignant breast masses: Integrating automated breast volume scanning intra-tumoral, peri-tumoral features, and clinical information",DIGITAL HEALTH,journalArticle,QIULYBZU,Dai 等 - 2025 - Machine-learning models for differentiating benign and malignant breast masses Integrating automate.pdf,EXCLUDE,"该研究主题为乳腺肿块良恶性鉴别（breast masses），不属于口腔医学任一学科；尽管证据片段显示其自身使用了 ITK-SNAP（""The ITK-SNAP software (version 3.8.0) was used to manually delineate the ROI""），但主题不符纳入标准第1条。",-,-,-,-,"【判定】: EXCLUDE
【判定理由】: 该研究主题为乳腺肿块良恶性鉴别（breast masses），不属于口腔医学任一学科；尽管证据片段显示其自身使用了 ITK-SNAP（""The ITK-SNAP software (version 3.8.0) was used to manually delineate the ROI""），但主题不符纳入标准第1条。
【软件】: -
【专科】: -
【应用场景】: -
【研究设计】: -"
comparison of accuracy of fit of three unit fixed ceramic cobalt chromium dental prostheses fabricated by three different techniques,Comparison of Accuracy of Fit of Three-Unit Fixed Ceramic Cobalt-Chromium Dental Prostheses Fabricated by Three Different Techniques,INTERNATIONAL JOURNAL OF PROSTHODONTICS,journalArticle,RMPM2EHR,Daou - 2021 - Comparison of Accuracy of Fit of Three-Unit Fixed Ceramic Cobalt-Chromium Dental Prostheses Fabricat.pdf,EXCLUDE,"证据片段中出现的具名软件（Ceramill map 400、Ceramill Mind、Ceramill Match 2）均为牙科专用CAD/CAM软件，而Image J与SPSS仅用于测量和统计分析，不属于""用于3D数据的处理、分析、建模或测量""的非牙科3D软件。",-,-,-,-,"【判定】: EXCLUDE
【判定理由】: 证据片段中出现的具名软件（Ceramill map 400、Ceramill Mind、Ceramill Match 2）均为牙科专用CAD/CAM软件，而Image J与SPSS仅用于测量和统计分析，不属于""用于3D数据的处理、分析、建模或测量""的非牙科3D软件。
【软件】: -
【专科】: -
【应用场景】: -
【研究设计】: -"
quantitative 3d imaging of the cranial microvascular environment at single cell resolution,Quantitative 3D imaging of the cranial microvascular environment at single-cell resolution,NATURE COMMUNICATIONS,journalArticle,B74HA57S,Rindone 等 - 2021 - Quantitative 3D imaging of the cranial microvascular environment at single-cell resolution.pdf,EXCLUDE,该研究主题为颅骨微血管环境的3D成像，属于骨生物学/颅面骨骼研究，而非口腔医学任一学科；且证据中仅提及 Imaris（生物成像专用软件）和 GraphPad Prism、XiT，未使用纳入标准要求的具名第三方非牙科3D软件。,-,-,-,-,"【判定】: EXCLUDE
【判定理由】: 该研究主题为颅骨微血管环境的3D成像，属于骨生物学/颅面骨骼研究，而非口腔医学任一学科；且证据中仅提及 Imaris（生物成像专用软件）和 GraphPad Prism、XiT，未使用纳入标准要求的具名第三方非牙科3D软件。
【软件】: -
【专科】: -
【应用场景】: -
【研究设计】: -"
a modified deep learning model in the classification of post covid 19 lung disease and a comparative study on iranian and international databases,A modified deep learning model in the classification of post-COVID-19 lung disease and a comparative study on Iranian and international databases,INTERNATIONAL JOURNAL OF RADIATION RESEARCH,journalArticle,N4DE7DW7,Cheraghi 等 - 2024 - A modified deep learning model in the classification of post-COVID-19 lung disease and a comparative.pdf,EXCLUDE,"该研究主题为COVID-19肺部疾病分类，不属于口腔医学任一学科；且其使用的是自研深度学习模型（""3D U-net, Capsule network, and Mask R-CNN""），未使用具名第三方非牙科3D软件。",-,-,-,-,"【判定】: EXCLUDE
【判定理由】: 该研究主题为COVID-19肺部疾病分类，不属于口腔医学任一学科；且其使用的是自研深度学习模型（""3D U-net, Capsule network, and Mask R-CNN""），未使用具名第三方非牙科3D软件。
【软件】: -
【专科】: -
【应用场景】: -
【研究设计】: -"
a hybrid approach combining dual energy and inpainting methods for metal artifact reduction in dentomaxillofacial cbct a proof of concept phantom study,A Hybrid Approach Combining Dual-Energy and Inpainting Methods for Metal Artifact Reduction in Dentomaxillofacial CBCT: A Proof-of-Concept Phantom Study,ANNALS OF BIOMEDICAL ENGINEERING,journalArticle,E8EEWYKI,Jayakody 等 - 2025 - A Hybrid Approach Combining Dual-Energy and Inpainting Methods for Metal Artifact Reduction in Dento.pdf,INCLUDE,"该研究自身在材料与方法中使用 MATLAB 求解其材料分解算法，证据原文为 ""A Gauss-Newton method with 200 iterations developed with MATLAB R2022b (MathWorks, Natick, MA) was used to solve this non-linear inverse problem""。",MATLAB,Oral and Maxillofacial Radiology,Image segmentation and 3D reconstruction,in_vitro,"【判定】: INCLUDE
【判定理由】: 该研究自身在材料与方法中使用 MATLAB 求解其材料分解算法，证据原文为 ""A Gauss-Newton method with 200 iterations developed with MATLAB R2022b (MathWorks, Natick, MA) was used to solve this non-linear inverse problem""。
【软件】: MATLAB
【专科】: Oral and Maxillofacial Radiology
【应用场景】: Image segmentation and 3D reconstruction
【研究设计】: in_vitro"
protease responsive protein hydrogel enabling spatiotemporal clo2 release for precision treatment of intracellular infections and periodontitis,Protease-responsive protein hydrogel enabling spatiotemporal ClO2 release for precision treatment of intracellular infections and periodontitis,MATERIALS & DESIGN,journalArticle,DFBH82QS,Huang 等 - 2025 - Protease-responsive protein hydrogel enabling spatiotemporal ClO2 release for precision treatment of.pdf,INCLUDE,"该研究自身在方法中使用 Mimics Medical 21.0 进行三维重建与牙槽骨缺损评估（""Three-dimensional reconstruction was then performed using Mimics Medical 21.0 software""），Mimics 为具名第三方非牙科3D软件。",Mimics Medical 21.0,Periodontology,Image segmentation and 3D reconstruction,in_vitro,"【判定】: INCLUDE
【判定理由】: 该研究自身在方法中使用 Mimics Medical 21.0 进行三维重建与牙槽骨缺损评估（""Three-dimensional reconstruction was then performed using Mimics Medical 21.0 software""），Mimics 为具名第三方非牙科3D软件。
【软件】: Mimics Medical 21.0
【专科】: Periodontology
【应用场景】: Image segmentation and 3D reconstruction
【研究设计】: in_vitro"
a machine learning pipeline for cusp height prediction in worn lower molars methodological proof of concept and validation across homo,A Machine Learning Pipeline for Cusp Height Prediction in Worn Lower Molars: Methodological Proof-of-Concept and Validation Across Homo,APPLIED SCIENCES-BASEL,journalArticle,WMXWH3IN,Napolitano 等 - 2026 - A Machine Learning Pipeline for Cusp Height Prediction in Worn Lower Molars Methodological Proof-of.pdf,EXCLUDE,"证据片段仅显示该研究使用自研的机器学习流程（""we present a standardized machine learning pipeline""、""Random Forest and multiple linear regression models""），未提及任何具名的第三方非牙科3D软件被该研究自身使用。",-,-,-,-,"【判定】: EXCLUDE
【判定理由】: 证据片段仅显示该研究使用自研的机器学习流程（""we present a standardized machine learning pipeline""、""Random Forest and multiple linear regression models""），未提及任何具名的第三方非牙科3D软件被该研究自身使用。
【软件】: -
【专科】: -
【应用场景】: -
【研究设计】: -"
improved tooth crown edge smoothing method based on noise classification and fitting,Improved Tooth Crown Edge Smoothing Method Based on Noise Classification and Fitting,JOURNAL OF MEDICAL IMAGING AND HEALTH INFORMATICS,journalArticle,KMX2BFHT,Ma和Li - 2020 - Improved Tooth Crown Edge Smoothing Method Based on Noise Classification and Fitting.pdf,EXCLUDE,"证据片段仅描述该研究提出""an improved method of tooth crown edge smoothing based on noise classification and fitting""，使用改进的Laplacian平滑与最小二乘拟合等自研方法，未出现任何具名第三方非牙科3D软件被该研究自己使用。",-,-,-,-,"【判定】: EXCLUDE
【判定理由】: 证据片段仅描述该研究提出""an improved method of tooth crown edge smoothing based on noise classification and fitting""，使用改进的Laplacian平滑与最小二乘拟合等自研方法，未出现任何具名第三方非牙科3D软件被该研究自己使用。
【软件】: -
【专科】: -
【应用场景】: -
【研究设计】: -"
is all on four effective in case of partial mandibular resection a 3d finite element study,Is All-on-four effective in case of partial mandibular resection? A 3D finite element study,JOURNAL OF STOMATOLOGY ORAL AND MAXILLOFACIAL SURGERY,journalArticle,CC9R3U63,Dario 等 - 2023 - Is All-on-four effective in case of partial mandibular resection A 3D finite element study.pdf,INCLUDE,"该研究自身在材料与方法中使用具名第三方非牙科3D软件处理3D数据，证据片段明确提到""processed using Mimics version 10.01""以及""smoothed using SolidWorks software""和""model in ANSYS environment""。",Mimics; SolidWorks; ANSYS,Oral and Maxillofacial Surgery,Biomechanical analysis and simulation,computational,"【判定】: INCLUDE
【判定理由】: 该研究自身在材料与方法中使用具名第三方非牙科3D软件处理3D数据，证据片段明确提到""processed using Mimics version 10.01""以及""smoothed using SolidWorks software""和""model in ANSYS environment""。
【软件】: Mimics; SolidWorks; ANSYS
【专科】: Oral and Maxillofacial Surgery
【应用场景】: Biomechanical analysis and simulation
【研究设计】: computational"
influence of planning software and template design on the accuracy of static computer assisted implant surgery performed using guides fabricated with material extrusion technology an in vitro study,Influence of planning software and template design on the accuracy of static computer assisted implant surgery performed using guides fabricated with material extrusion technology: An in vitro study,JOURNAL OF DENTISTRY,journalArticle,JTZRXANB,Rothlauf 等 - 2023 - Influence of planning software and template design on the accuracy of static computer assisted impla.pdf,EXCLUDE,"该研究仅使用了牙科专用规划软件（""coDiagnostiX, CDX; ImplantStudio, IST""），证据片段中未出现任何由该研究自己使用的具名第三方非牙科3D软件。",-,-,-,-,"【判定】: EXCLUDE
【判定理由】: 该研究仅使用了牙科专用规划软件（""coDiagnostiX, CDX; ImplantStudio, IST""），证据片段中未出现任何由该研究自己使用的具名第三方非牙科3D软件。
【软件】: -
【专科】: -
【应用场景】: -
【研究设计】: -"
fully automated 3d segmentation of periapical lesions on cbct images using nnu net v2,Fully automated 3D segmentation of periapical lesions on CBCT images using nnU-Net v2,BMC MEDICAL IMAGING,journalArticle,KBURGWIJ,Oksuzoglu 等 - 2026 - Fully automated 3D segmentation of periapical lesions on CBCT images using nnU-Net v2.pdf,EXCLUDE,"该研究仅使用自研/自建的 nnU-Net v2 深度学习模型（""An nnU-Net v2 model, configured in the 3D full-resolution setting, was trained on 80% of the data""），未使用任何具名的第三方非牙科3D软件。",-,-,-,-,"【判定】: EXCLUDE
【判定理由】: 该研究仅使用自研/自建的 nnU-Net v2 深度学习模型（""An nnU-Net v2 model, configured in the 3D full-resolution setting, was trained on 80% of the data""），未使用任何具名的第三方非牙科3D软件。
【软件】: -
【专科】: -
【应用场景】: -
【研究设计】: -"
comparison of the accuracy of removable partial denture frameworks fabricated using conventional and digital impressions a clinical study,Comparison of the accuracy of removable partial denture frameworks fabricated using conventional and digital impressions: a clinical study,JOURNAL OF ADVANCED PROSTHODONTICS,journalArticle,37R7W5UU,Yoon 等 - 2025 - Comparison of the accuracy of removable partial denture frameworks fabricated using conventional and.pdf,EXCLUDE,证据片段中出现的具名软件为 G*Power（仅用于样本量计算）和 Dental System (3Shape)（牙科专用 CAD 软件），未出现该研究自身使用的具名第三方非牙科3D软件。,-,-,-,-,"【判定】: EXCLUDE
【判定理由】: 证据片段中出现的具名软件为 G*Power（仅用于样本量计算）和 Dental System (3Shape)（牙科专用 CAD 软件），未出现该研究自身使用的具名第三方非牙科3D软件。
【软件】: -
【专科】: -
【应用场景】: -
【研究设计】: -"
a novel probabilistic and 3d column p300 stimulus presentation paradigm for eeg based spelling systems,A novel probabilistic and 3D column P300 stimulus presentation paradigm for EEG-based spelling systems,NEURAL COMPUTING & APPLICATIONS,journalArticle,W8WPQ4EQ,Korkmaz 等 - 2023 - A novel probabilistic and 3D column P300 stimulus presentation paradigm for EEG-based spelling syste.pdf,EXCLUDE,该研究主题为EEG-based spelling system（脑机接口），不属于口腔医学任一学科；且所用软件MATLAB用于视觉刺激呈现与EEG数据处理，与牙科3D数据处理无关。,-,-,-,-,"【判定】: EXCLUDE
【判定理由】: 该研究主题为EEG-based spelling system（脑机接口），不属于口腔医学任一学科；且所用软件MATLAB用于视觉刺激呈现与EEG数据处理，与牙科3D数据处理无关。
【软件】: -
【专科】: -
【应用场景】: -
【研究设计】: -"
microstructural heterogeneity of the collagenous network in the loaded and unloaded periodontal ligament and its biomechanical implications,Microstructural heterogeneity of the collagenous network in the loaded and unloaded periodontal ligament and its biomechanical implications,JOURNAL OF STRUCTURAL BIOLOGY,journalArticle,JJD2I8Q6,Zhong 等 - 2021 - Microstructural heterogeneity of the collagenous network in the loaded and unloaded periodontal liga.pdf,EXCLUDE,"摘要与证据片段显示该研究使用""a purpose-built image processing algorithm for fiber analysis""（自研算法），图像重建使用系统内置的""filtered back projection algorithm built in the system""，未提及任何具名的第三方非牙科3D软件。",-,-,-,-,"【判定】: EXCLUDE
【判定理由】: 摘要与证据片段显示该研究使用""a purpose-built image processing algorithm for fiber analysis""（自研算法），图像重建使用系统内置的""filtered back projection algorithm built in the system""，未提及任何具名的第三方非牙科3D软件。
【软件】: -
【专科】: -
【应用场景】: -
【研究设计】: -"
study on 3d printed mxene berberine integrated scaffold for photo activated antibacterial activity and bone regeneration,Study on 3D printed MXene-berberine-integrated scaffold for photo-activated antibacterial activity and bone regeneration,JOURNAL OF MATERIALS CHEMISTRY B,journalArticle,T6EQ48WZ,Tan 等 - 2024 - Study on 3D printed MXene-berberine-integrated scaffold for photo-activated antibacterial activity a.pdf,EXCLUDE,"证据片段中仅泛泛提及""computer-aided design and manufacture, 3D printing""，未出现任何该研究自身使用的具名第三方非牙科3D软件；其余片段均为材料合成、力学测试与光热性能表征，无3D软件使用证据。",-,-,-,-,"【判定】: EXCLUDE
【判定理由】: 证据片段中仅泛泛提及""computer-aided design and manufacture, 3D printing""，未出现任何该研究自身使用的具名第三方非牙科3D软件；其余片段均为材料合成、力学测试与光热性能表征，无3D软件使用证据。
【软件】: -
【专科】: -
【应用场景】: -
【研究设计】: -"
osteogenic potential of 3d printed porous poly lactide co trimethylene carbonate scaffolds coated with mg doped hydroxyapatite,Osteogenic Potential of 3D-Printed Porous Poly(lactide-co-trimethylene carbonate) Scaffolds Coated with Mg-Doped Hydroxyapatite,ACS APPLIED MATERIALS & INTERFACES,journalArticle,33Z49IEH,Aydin 等 - 2025 - Osteogenic Potential of 3D-Printed Porous Poly(lactide-co-trimethylene carbonate) Scaffolds Coated w.pdf,EXCLUDE,该研究主题为骨组织工程支架材料（PLATMC/MgCHA），不属于口腔医学任一学科；且证据中 COMSOL、MATLAB 用于聚合物挤出流变模拟，而非口腔3D数据处理。,-,-,-,-,"【判定】: EXCLUDE
【判定理由】: 该研究主题为骨组织工程支架材料（PLATMC/MgCHA），不属于口腔医学任一学科；且证据中 COMSOL、MATLAB 用于聚合物挤出流变模拟，而非口腔3D数据处理。
【软件】: -
【专科】: -
【应用场景】: -
【研究设计】: -"
digital workflow in implant prosthodontics the critical aspects for reliable accuracy,Digital workflow in implant prosthodontics: The critical aspects for reliable accuracy,JOURNAL OF ESTHETIC AND RESTORATIVE DENTISTRY,journalArticle,EN2MHM36,Gracis 等 - 2023 - Digital workflow in implant prosthodontics The critical aspects for reliable accuracy..pdf,EXCLUDE,"该文献为综述性文章（摘要自述""a comprehensive treaty about the variables""），且证据片段中仅泛泛提及""CAD software""而未指明任何具名第三方非牙科3D软件，也无该研究自身使用软件的描述。",-,-,-,-,"【判定】: EXCLUDE
【判定理由】: 该文献为综述性文章（摘要自述""a comprehensive treaty about the variables""），且证据片段中仅泛泛提及""CAD software""而未指明任何具名第三方非牙科3D软件，也无该研究自身使用软件的描述。
【软件】: -
【专科】: -
【应用场景】: -
【研究设计】: -"
the bio restorative concept for implant supported restorations,The Bio-Restorative Concept for Implant-Supported Restorations,JOURNAL OF ESTHETIC AND RESTORATIVE DENTISTRY,journalArticle,H2NHEP4A,Pedrinaci 等 - 2024 - The Bio‐Restorative Concept for Implant‐Supported Restorations.pdf,EXCLUDE,"证据片段仅泛泛提及""digital tools are employed""及DICOM/PLY/STL等文件格式，未出现任何该研究自身使用的具名第三方非牙科3D软件名称。",-,-,-,-,"【判定】: EXCLUDE
【判定理由】: 证据片段仅泛泛提及""digital tools are employed""及DICOM/PLY/STL等文件格式，未出现任何该研究自身使用的具名第三方非牙科3D软件名称。
【软件】: -
【专科】: -
【应用场景】: -
【研究设计】: -"
reduced graphene oxide loaded with tetrahedral framework nucleic acids for combating orthodontically induced root resorption,Reduced graphene oxide loaded with tetrahedral framework nucleic acids for combating orthodontically induced root resorption,JOURNAL OF NANOBIOTECHNOLOGY,journalArticle,6LPJ3GYL,Yuan 等 - 2024 - Reduced graphene oxide loaded with tetrahedral framework nucleic acids for combating orthodontically.pdf,INCLUDE,"该研究自身在材料与方法中使用 Micro-CT 数据，并明确写道 ""Three-dimensional (3D) images were reconstructed by Mimics and Geomagic Wrap 2017 for morphological assessment""，即使用具名第三方非牙科3D软件进行三维重建与形态评估。",Mimics; Geomagic Wrap 2017,Orthodontics,Image segmentation and 3D reconstruction,computational,"【判定】: INCLUDE
【判定理由】: 该研究自身在材料与方法中使用 Micro-CT 数据，并明确写道 ""Three-dimensional (3D) images were reconstructed by Mimics and Geomagic Wrap 2017 for morphological assessment""，即使用具名第三方非牙科3D软件进行三维重建与形态评估。
【软件】: Mimics; Geomagic Wrap 2017
【专科】: Orthodontics
【应用场景】: Image segmentation and 3D reconstruction
【研究设计】: computational"
evaluating the effect of pore size for 3d printed bone scaffolds,Evaluating the effect of pore size for 3d-printed bone scaffolds,HELIYON,journalArticle,SZNPBGT5,Seehanam 等 - 2024 - Evaluating the effect of pore size for 3d-printed bone scaffolds..pdf,EXCLUDE,"该研究仅使用 nTopology 软件进行晶格设计与有限元模拟，而 nTopology 属于牙科/增材制造专用软件，不符合""具名第三方非牙科3D软件""的要求；证据中未出现 Mimics、3D Slicer、ANSYS、ABAQUS 等非牙科3D软件。",-,-,-,-,"【判定】: EXCLUDE
【判定理由】: 该研究仅使用 nTopology 软件进行晶格设计与有限元模拟，而 nTopology 属于牙科/增材制造专用软件，不符合""具名第三方非牙科3D软件""的要求；证据中未出现 Mimics、3D Slicer、ANSYS、ABAQUS 等非牙科3D软件。
【软件】: -
【专科】: -
【应用场景】: -
【研究设计】: -"
technical note automatic segmentation of ct images for ventral body composition analysis,Technical Note: Automatic segmentation of CT images for ventral body composition analysis,MEDICAL PHYSICS,journalArticle,WAYS2G79,Fu 等 - 2020 - Technical Note Automatic segmentation of CT images for ventral body composition analysis..pdf,EXCLUDE,"该研究主题为CT图像体成分分析（body composition analysis），不属于口腔医学任一学科；且其方法为自研卷积神经网络（""A convolutional neural network (CNN) model with densely connected layers was developed""），未使用具名第三方非牙科3D软件。",-,-,-,-,"【判定】: EXCLUDE
【判定理由】: 该研究主题为CT图像体成分分析（body composition analysis），不属于口腔医学任一学科；且其方法为自研卷积神经网络（""A convolutional neural network (CNN) model with densely connected layers was developed""），未使用具名第三方非牙科3D软件。
【软件】: -
【专科】: -
【应用场景】: -
【研究设计】: -"
chairside applicable ms fgelma hydrogel with enhanced osteogenesis and mechanical adaptability for alveolar ridge preservation,Chairside-applicable MS/FGelMA hydrogel with enhanced osteogenesis and mechanical adaptability for alveolar ridge preservation,JOURNAL OF BIOMATERIALS SCIENCE-POLYMER EDITION,journalArticle,U9JDHKQD,Liu 等 - 2025 - Chairside-applicable MSFGelMA hydrogel with enhanced osteogenesis and mechanical adaptability for a.pdf,EXCLUDE,证据片段中出现的具名软件为 ImageJ、MDI Jade 6.5 和 GraphPad Prism，其中 ImageJ 用于纳米颗粒粒径与孔径测量、MDI Jade 用于 XRD 分析、GraphPad Prism 用于统计分析，均非用于3D数据的处理、分析、建模或测量，不符合纳入标准第2条。,-,-,-,-,"【判定】: EXCLUDE
【判定理由】: 证据片段中出现的具名软件为 ImageJ、MDI Jade 6.5 和 GraphPad Prism，其中 ImageJ 用于纳米颗粒粒径与孔径测量、MDI Jade 用于 XRD 分析、GraphPad Prism 用于统计分析，均非用于3D数据的处理、分析、建模或测量，不符合纳入标准第2条。
【软件】: -
【专科】: -
【应用场景】: -
【研究设计】: -"
physics driven computational multispectral imaging for accurate color measurement,Physics-Driven Computational Multispectral Imaging for Accurate Color Measurement,SENSORS,journalArticle,WQ43MFDP,Yi 等 - 2025 - Physics-Driven Computational Multispectral Imaging for Accurate Color Measurement..pdf,EXCLUDE,"该研究仅提出并使用了自研的深度学习框架（""an end-to-end, physically interpretable multi-module deep learning framework (SRNet)""），证据片段中未出现任何该研究自己使用的具名第三方非牙科3D软件。",-,-,-,-,"【判定】: EXCLUDE
【判定理由】: 该研究仅提出并使用了自研的深度学习框架（""an end-to-end, physically interpretable multi-module deep learning framework (SRNet)""），证据片段中未出现任何该研究自己使用的具名第三方非牙科3D软件。
【软件】: -
【专科】: -
【应用场景】: -
【研究设计】: -"
mixed reality as a digital visualisation solution for the head and neck tumour board application creation and implementation study,Mixed Reality as a Digital Visualisation Solution for the Head and Neck Tumour Board: Application Creation and Implementation Study,CANCERS,journalArticle,TY5VT4UV,Karnatz 等 - 2024 - Mixed Reality as a Digital Visualisation Solution for the Head and Neck Tumour Board Application Cr.pdf,EXCLUDE,"证据片段仅描述""develop an MR-based software prototype""及医院信息系统（HIS）软件掩码，未提及该研究自身使用任何具名的第三方非牙科3D软件（如 Mimics、3D Slicer 等）。",-,-,-,-,"【判定】: EXCLUDE
【判定理由】: 证据片段仅描述""develop an MR-based software prototype""及医院信息系统（HIS）软件掩码，未提及该研究自身使用任何具名的第三方非牙科3D软件（如 Mimics、3D Slicer 等）。
【软件】: -
【专科】: -
【应用场景】: -
【研究设计】: -"
in vitro and in vivo accuracy of autonomous robotic vs fully guided static computer assisted implant surgery,In vitro and in vivo accuracy of autonomous robotic vs. fully guided static computer-assisted implant surgery,CLINICAL IMPLANT DENTISTRY AND RELATED RESEARCH,journalArticle,8S49AU3F,He 等 - 2024 - In vitro and in vivo accuracy of autonomous robotic vs. fully guided static computer‐assisted implan.pdf,EXCLUDE,证据片段中出现的具名软件为 STATA 14（统计）、G*Power（样本量计算）和 coDiagnostiX（牙科专用种植规划软件），DentalNavi 为机器人手术系统；未发现该研究自身使用任何具名的第三方非牙科三维软件进行3D数据处理、分析、建模或测量。,-,-,-,-,"【判定】: EXCLUDE
【判定理由】: 证据片段中出现的具名软件为 STATA 14（统计）、G*Power（样本量计算）和 coDiagnostiX（牙科专用种植规划软件），DentalNavi 为机器人手术系统；未发现该研究自身使用任何具名的第三方非牙科三维软件进行3D数据处理、分析、建模或测量。
【软件】: -
【专科】: -
【应用场景】: -
【研究设计】: -"
instantaneous center of rotation the first step to build up the digital laboratory of complex motions,"Instantaneous center of rotation, the first step to build up the digital laboratory of complex motions",PLOS ONE,journalArticle,PZLBG7A6,"Laczi 等 - 2025 - Instantaneous center of rotation, the first step to build up the digital laboratory of complex motio.pdf",EXCLUDE,"证据片段仅泛泛提及""digital three-dimensional modeling and computing methods""和""digital 3D space""，未出现任何具名的第三方非牙科3D软件（如 Mimics、MATLAB 等）被该研究自己使用。",-,-,-,-,"【判定】: EXCLUDE
【判定理由】: 证据片段仅泛泛提及""digital three-dimensional modeling and computing methods""和""digital 3D space""，未出现任何具名的第三方非牙科3D软件（如 Mimics、MATLAB 等）被该研究自己使用。
【软件】: -
【专科】: -
【应用场景】: -
【研究设计】: -"
injectable aba triblock copolyether hydrogel for dental implant mediated drug delivery,Injectable ABA Triblock Copolyether Hydrogel for Dental Implant-Mediated Drug Delivery,BIOMACROMOLECULES,journalArticle,LQVKL9I3,Baek 等 - 2026 - Injectable ABA Triblock Copolyether Hydrogel for Dental Implant-Mediated Drug Delivery.pdf,EXCLUDE,"证据片段仅提到""designed using 3D modeling software""，未给出任何具名的第三方非牙科3D软件名称；其余片段涉及GraphPad Prism（统计软件，非3D软件）及流变学数据处理，均不满足纳入标准。",-,-,-,-,"【判定】: EXCLUDE
【判定理由】: 证据片段仅提到""designed using 3D modeling software""，未给出任何具名的第三方非牙科3D软件名称；其余片段涉及GraphPad Prism（统计软件，非3D软件）及流变学数据处理，均不满足纳入标准。
【软件】: -
【专科】: -
【应用场景】: -
【研究设计】: -"
spatiotemporally orchestrated bone healing a composite scaffold system for sequential hemostasis and osteogenesis,Spatiotemporally Orchestrated Bone Healing: A Composite Scaffold System for Sequential Hemostasis and Osteogenesis,ACS APPLIED MATERIALS & INTERFACES,journalArticle,3ERPLNPN,Wang 等 - 2026 - Spatiotemporally Orchestrated Bone Healing A Composite Scaffold System for Sequential Hemostasis an.pdf,EXCLUDE,"证据片段中仅提及使用 micro-CT 系统（mCT-50, Scanco Medical）进行扫描与3D重建，未出现任何具名的第三方非牙科3D软件被该研究自己使用；且该研究主题为骨组织工程支架材料，不属于口腔医学任一学科。",-,-,-,-,"【判定】: EXCLUDE
【判定理由】: 证据片段中仅提及使用 micro-CT 系统（mCT-50, Scanco Medical）进行扫描与3D重建，未出现任何具名的第三方非牙科3D软件被该研究自己使用；且该研究主题为骨组织工程支架材料，不属于口腔医学任一学科。
【软件】: -
【专科】: -
【应用场景】: -
【研究设计】: -"
harmonization of protocols for multi species organoid platforms to study the intestinal biology of toxoplasma gondii and other protozoan infections,Harmonization of Protocols for Multi-Species Organoid Platforms to Study the Intestinal Biology of Toxoplasma gondii and Other Protozoan Infections,FRONTIERS IN CELLULAR AND INFECTION MICROBIOLOGY,journalArticle,BZ9HE4MG,Holthaus 等 - 2021 - Harmonization of Protocols for Multi-Species Organoid Platforms to Study the Intestinal Biology of T.pdf,EXCLUDE,该研究主题为肠道类器官与寄生虫感染（Toxoplasma gondii 等），不属于口腔医学任一学科；且证据中仅出现 ZEN、ImageJ、Adobe Illustrator 等图像处理软件，无用于3D数据处理/建模的非牙科3D软件。,-,-,-,-,"【判定】: EXCLUDE
【判定理由】: 该研究主题为肠道类器官与寄生虫感染（Toxoplasma gondii 等），不属于口腔医学任一学科；且证据中仅出现 ZEN、ImageJ、Adobe Illustrator 等图像处理软件，无用于3D数据处理/建模的非牙科3D软件。
【软件】: -
【专科】: -
【应用场景】: -
【研究设计】: -"
enhance stereo dic in low quality speckle pattern by cross scale stereo matching with application in dental crack detection,Enhance stereo-DIC in low quality speckle pattern by cross-scale stereo matching with application in dental crack detection,OPTICS AND LASERS IN ENGINEERING,journalArticle,JER44APL,Wu 等 - 2025 - Enhance stereo-DIC in low quality speckle pattern by cross-scale stereo matching with application in.pdf,EXCLUDE,"该研究提出并验证的是自研算法 CS-GCSGM（""a cross scale semi-global stereo matching algorithm with geometric constraints (CS-GCSGM) is proposed""），证据片段中未出现任何该研究自己使用的具名第三方非牙科3D软件。",-,-,-,-,"【判定】: EXCLUDE
【判定理由】: 该研究提出并验证的是自研算法 CS-GCSGM（""a cross scale semi-global stereo matching algorithm with geometric constraints (CS-GCSGM) is proposed""），证据片段中未出现任何该研究自己使用的具名第三方非牙科3D软件。
【软件】: -
【专科】: -
【应用场景】: -
【研究设计】: -"
dynamic navigation may be used for most implant surgery scenarios due to its satisfactory accuracy,DYNAMIC NAVIGATION MAY BE USED FOR MOST IMPLANT SURGERY SCENARIOS DUE TO ITS SATISFACTORY ACCURACY,JOURNAL OF EVIDENCE-BASED DENTAL PRACTICE,journalArticle,58D7NV25,Afrashtehfar 等 - 2022 - Dynamic navigation may be used for most implant surgery scenarios due to its satisfactory accuracy.pdf,EXCLUDE,"该文献为系统综述与meta分析（摘要明确""Ten articles met the criterion for final inclusion""、""This systematic review and meta-analysis compared...""），属于排除的文献类型；且证据片段中未出现该研究自身使用的具名第三方非牙科3D软件。",-,-,-,-,"【判定】: EXCLUDE
【判定理由】: 该文献为系统综述与meta分析（摘要明确""Ten articles met the criterion for final inclusion""、""This systematic review and meta-analysis compared...""），属于排除的文献类型；且证据片段中未出现该研究自身使用的具名第三方非牙科3D软件。
【软件】: -
【专科】: -
【应用场景】: -
【研究设计】: -"
three dimensional volumetric analysis of frontal ethmoidal cells and evaluation of influential factors a helical computed tomography study,Three-Dimensional Volumetric Analysis of Frontal Ethmoidal Cells and Evaluation of Influential Factors: A Helical Computed Tomography Study,TOMOGRAPHY,journalArticle,P8WWLP4V,Ricardo 等 - 2022 - Three-Dimensional Volumetric Analysis of Frontal Ethmoidal Cells and Evaluation of Influential Facto.pdf,INCLUDE,"该研究自身在材料与方法中使用具名第三方非牙科3D软件进行分割，原文明确写道""The DICOM images were analyzed using InVesalius version 3.1 software""。",InVesalius,Oral and Maxillofacial Radiology,Image segmentation and 3D reconstruction,clinical,"【判定】: INCLUDE
【判定理由】: 该研究自身在材料与方法中使用具名第三方非牙科3D软件进行分割，原文明确写道""The DICOM images were analyzed using InVesalius version 3.1 software""。
【软件】: InVesalius
【专科】: Oral and Maxillofacial Radiology
【应用场景】: Image segmentation and 3D reconstruction
【研究设计】: clinical"
surface roughness of high performance polymers used for fixed implant supported prostheses,Surface roughness of high-performance polymers used for fixed implant-supported prostheses,JOURNAL OF PROSTHETIC DENTISTRY,journalArticle,VTNU2Q8E,Batak 等 - 2021 - Surface roughness of high-performance polymers used for fixed implant-supported prostheses.pdf,EXCLUDE,"证据片段仅提及 CAD-CAM 材料与接触式轮廓仪测量，未出现任何该研究自身使用的具名第三方非牙科3D软件（如 ""milled from 7×8×30-mm CAD-CAM blocks"" 与 ""using a contact profilometer""）。",-,-,-,-,"【判定】: EXCLUDE
【判定理由】: 证据片段仅提及 CAD-CAM 材料与接触式轮廓仪测量，未出现任何该研究自身使用的具名第三方非牙科3D软件（如 ""milled from 7×8×30-mm CAD-CAM blocks"" 与 ""using a contact profilometer""）。
【软件】: -
【专科】: -
【应用场景】: -
【研究设计】: -"
design and implement strategy of wireless bite force device,Design and Implement Strategy of Wireless Bite Force Device,BIOENGINEERING-BASEL,journalArticle,62V28LZT,Gao 等 - 2023 - Design and Implement Strategy of Wireless Bite Force Device..pdf,EXCLUDE,"证据片段中仅提及""designed by using computer-aided design (CAD) software""，未给出任何具名的第三方非牙科3D软件名称；其余片段涉及口内扫描仪、3D打印机及参考文献，均不符合纳入标准。",-,-,-,-,"【判定】: EXCLUDE
【判定理由】: 证据片段中仅提及""designed by using computer-aided design (CAD) software""，未给出任何具名的第三方非牙科3D软件名称；其余片段涉及口内扫描仪、3D打印机及参考文献，均不符合纳入标准。
【软件】: -
【专科】: -
【应用场景】: -
【研究设计】: -"
noncarious cervical lesions in the aging population analyzed through digital scanning occlusal risk factors dimensions and morphology,"Noncarious cervical lesions in the aging population analyzed through digital scanning: occlusal risk factors, dimensions, and morphology",CLINICAL ORAL INVESTIGATIONS,journalArticle,B3ERSAXL,Branco 等 - 2023 - Noncarious cervical lesions in the aging population analyzed through digital scanning occlusal risk.pdf,INCLUDE,"该研究自身在材料与方法中使用 ImageJ 软件进行测量，原文明确写道 ""The maximum depth of each cervical wear, as well as their width in the most incisal/occlusal region were acquired using the ImageJ software v. 2.9.0 (NIH, Bethesda, USA)""。",ImageJ,Restorative Dentistry,3D data analysis and accuracy assessment,clinical,"【判定】: INCLUDE
【判定理由】: 该研究自身在材料与方法中使用 ImageJ 软件进行测量，原文明确写道 ""The maximum depth of each cervical wear, as well as their width in the most incisal/occlusal region were acquired using the ImageJ software v. 2.9.0 (NIH, Bethesda, USA)""。
【软件】: ImageJ
【专科】: Restorative Dentistry
【应用场景】: 3D data analysis and accuracy assessment
【研究设计】: clinical"
multi analytical framework to assess the in vitro swallowability of solid oral dosage forms targeting patient acceptability and adherence,Multi-Analytical Framework to Assess the In Vitro Swallowability of Solid Oral Dosage Forms Targeting Patient Acceptability and Adherence,PHARMACEUTICS,journalArticle,Z5PW9R3S,Ershad 等 - 2021 - Multi-Analytical Framework to Assess the In Vitro Swallowability of Solid Oral Dosage Forms Targetin.pdf,EXCLUDE,该研究主题为固体口服剂型（片剂）的吞咽性评估，属于药剂学/制药领域，不属于口腔医学任一学科；尽管使用了 Tinkercad、ImageJ 等非牙科3D软件，但主题不符合纳入标准第1条。,-,-,-,-,"【判定】: EXCLUDE
【判定理由】: 该研究主题为固体口服剂型（片剂）的吞咽性评估，属于药剂学/制药领域，不属于口腔医学任一学科；尽管使用了 Tinkercad、ImageJ 等非牙科3D软件，但主题不符合纳入标准第1条。
【软件】: -
【专科】: -
【应用场景】: -
【研究设计】: -"
mandibular stability and condylar changes following orthognathic surgery in mandibular hypoplasia patients associated with preoperative condylar resorption,Mandibular stability and condylar changes following orthognathic surgery in mandibular hypoplasia patients associated with preoperative condylar resorption,CLINICAL ORAL INVESTIGATIONS,journalArticle,ZPAI37L6,Wang 等 - 2022 - Mandibular stability and condylar changes following orthognathic surgery in mandibular hypoplasia pa.pdf,EXCLUDE,"证据片段中唯一具名的软件是 ""ProPlan Software (Materialise NV, Leuven, Belgium)""，属于牙科/颌面外科专用软件，不符合""非牙科3D软件""的纳入标准。",-,-,-,-,"【判定】: EXCLUDE
【判定理由】: 证据片段中唯一具名的软件是 ""ProPlan Software (Materialise NV, Leuven, Belgium)""，属于牙科/颌面外科专用软件，不符合""非牙科3D软件""的纳入标准。
【软件】: -
【专科】: -
【应用场景】: -
【研究设计】: -"
flexible multibody approaches for simulating the deflection and contact mechanics of toothbrush bristles modelling and testing,Flexible multibody approaches for simulating the deflection and contact mechanics of toothbrush bristles: modelling and testing,MULTIBODY SYSTEM DYNAMICS,journalArticle,2R6WAHXA,Cellupica 等 - 2025 - Flexible multibody approaches for simulating the deflection and contact mechanics of toothbrush bris.pdf,EXCLUDE,"证据片段仅描述该研究自行开发了两种多体建模方法（""the pseudo-rigid-body model and the discrete flexible model""），未提及使用任何具名的第三方非牙科3D软件。",-,-,-,-,"【判定】: EXCLUDE
【判定理由】: 证据片段仅描述该研究自行开发了两种多体建模方法（""the pseudo-rigid-body model and the discrete flexible model""），未提及使用任何具名的第三方非牙科3D软件。
【软件】: -
【专科】: -
【应用场景】: -
【研究设计】: -"
extraction of 3d trajectories of mandibular condyles from 2d real time mri,Extraction of 3D trajectories of mandibular condyles from 2D real-time MRI,MAGNETIC RESONANCE MATERIALS IN PHYSICS BIOLOGY AND MEDICINE,journalArticle,52XQ7XHB,Isaieva 等 - 2025 - Extraction of 3D trajectories of mandibular condyles from 2D real-time MRI..pdf,EXCLUDE,"证据片段显示该研究仅使用自研的 U-Net 卷积神经网络进行分割（""training using a U-Net convolutional neural network""），未使用任何具名的第三方非牙科3D软件。",-,-,-,-,"【判定】: EXCLUDE
【判定理由】: 证据片段显示该研究仅使用自研的 U-Net 卷积神经网络进行分割（""training using a U-Net convolutional neural network""），未使用任何具名的第三方非牙科3D软件。
【软件】: -
【专科】: -
【应用场景】: -
【研究设计】: -"
evaluation of root angulations through panoramic films using artificial intelligence,Evaluation of Root Angulations Through Panoramic Films Using Artificial Intelligence,DIAGNOSTICS,journalArticle,AAF545N2,Şevik 等 - 2026 - Evaluation of Root Angulations Through Panoramic Films Using Artificial Intelligence.pdf,EXCLUDE,"该研究自身使用的是自研的 U2-Net 深度学习算法（""Semantic segmentation of individual teeth was performed using a U2-Net encoder–decoder architecture""），3D Slicer 仅用于人工参考测量，且证据中未体现其用于3D数据处理/分析/建模。",-,-,-,-,"【判定】: EXCLUDE
【判定理由】: 该研究自身使用的是自研的 U2-Net 深度学习算法（""Semantic segmentation of individual teeth was performed using a U2-Net encoder–decoder architecture""），3D Slicer 仅用于人工参考测量，且证据中未体现其用于3D数据处理/分析/建模。
【软件】: -
【专科】: -
【应用场景】: -
【研究设计】: -"
intelligent geometry compensation for additive manufactured oral maxillary stent by genetic algorithm and backpropagation network,Intelligent geometry compensation for additive manufactured oral maxillary stent by genetic algorithm and backpropagation network,COMPUTERS IN BIOLOGY AND MEDICINE,journalArticle,QHUP7V97,Zhang 等 - 2023 - Intelligent geometry compensation for additive manufactured oral maxillary stent by genetic algorith.pdf,INCLUDE,"该研究自身在材料与方法中使用 Magics 完成建模与支撑结构生成（""The modeling of arc thin-walled parts and the generation of supporting structures were completed in the Magics""），并用 Control X 进行3D比对测量（""the original CAD model was used as the reference geometry in the Control X""）。",Magics; Control X,Prosthodontics,Digital design and manufacturing,computational,"【判定】: INCLUDE
【判定理由】: 该研究自身在材料与方法中使用 Magics 完成建模与支撑结构生成（""The modeling of arc thin-walled parts and the generation of supporting structures were completed in the Magics""），并用 Control X 进行3D比对测量（""the original CAD model was used as the reference geometry in the Control X""）。
【软件】: Magics; Control X
【专科】: Prosthodontics
【应用场景】: Digital design and manufacturing
【研究设计】: computational"
evaluation of accuracy of photogrammetry with 3d scanning and conventional impression method for craniomaxillofacial defects using a software analysis,Evaluation of accuracy of photogrammetry with 3D scanning and conventional impression method for craniomaxillofacial defects using a software analysis,TRIALS,journalArticle,64LU2QXD,Beri 等 - 2022 - Evaluation of accuracy of photogrammetry with 3D scanning and conventional impression method for cra.pdf,EXCLUDE,"证据片段中仅泛泛提及""freeware""、""The CAD software""、""a software using reverse engineering technology""，未给出任何具名的第三方非牙科3D软件名称；且该文献为研究方案（""It will be a hospital-based randomised control trial""），属排除类型。",-,-,-,-,"【判定】: EXCLUDE
【判定理由】: 证据片段中仅泛泛提及""freeware""、""The CAD software""、""a software using reverse engineering technology""，未给出任何具名的第三方非牙科3D软件名称；且该文献为研究方案（""It will be a hospital-based randomised control trial""），属排除类型。
【软件】: -
【专科】: -
【应用场景】: -
【研究设计】: -"
effect of different cad cam milling and 3d printing digital fabrication techniques on the accuracy of pmma working models and vertical marginal fit of pmma provisional dental prosthesis an in vitro study,Effect of Different CAD/CAM Milling and 3D Printing Digital Fabrication Techniques on the Accuracy of PMMA Working Models and Vertical Marginal Fit of PMMA Provisional Dental Prosthesis: An In Vitro Study,POLYMERS,journalArticle,DLN24UBD,Marina Sidhom 等 - 2022 - Effect of Different CADCAM Milling and 3D Printing Digital Fabrication Techniques on the Accuracy o.pdf,EXCLUDE,"证据片段中仅泛泛提及""CAD software was used to design the provisional prostheses""，未给出任何具名的第三方非牙科3D软件名称，无法确认该研究自身使用了符合纳入标准的具名软件。",-,-,-,-,"【判定】: EXCLUDE
【判定理由】: 证据片段中仅泛泛提及""CAD software was used to design the provisional prostheses""，未给出任何具名的第三方非牙科3D软件名称，无法确认该研究自身使用了符合纳入标准的具名软件。
【软件】: -
【专科】: -
【应用场景】: -
【研究设计】: -"
x ray microtomographic evaluation of the absolute marginal fit of fixed prostheses made from soft co cr and zirconia,X-ray microtomographic evaluation of the absolute marginal fit of fixed prostheses made from soft Co-Cr and zirconia,JOURNAL OF PROSTHETIC DENTISTRY,journalArticle,RJLY54ML,Daou - 2022 - X-ray microtomographic evaluation of the absolute marginal fit of fixed prostheses made from soft Co.pdf,EXCLUDE,证据片段中出现的软件（Ceramill Mind、Ceramill map 400、VOLEX6、Volume Player Plus）均为牙科专用CAD/CAM或配套软件，未出现任何具名的第三方非牙科3D软件被该研究自己使用。,-,-,-,-,"【判定】: EXCLUDE
【判定理由】: 证据片段中出现的软件（Ceramill Mind、Ceramill map 400、VOLEX6、Volume Player Plus）均为牙科专用CAD/CAM或配套软件，未出现任何具名的第三方非牙科3D软件被该研究自己使用。
【软件】: -
【专科】: -
【应用场景】: -
【研究设计】: -"
interpretable two stage deep learning for pediatric obstructive sleep apnea diagnosis using lateral cephalograms,Interpretable two-stage deep learning for pediatric obstructive sleep apnea diagnosis using lateral cephalograms,FRONTIERS IN PEDIATRICS,journalArticle,7XYUKH88,Zhang 等 - 2026 - Interpretable two-stage deep learning for pediatric obstructive sleep apnea diagnosis using lateral.pdf,EXCLUDE,"该研究仅使用自研深度学习框架（""We used the 2D full-resolution nnU-Net framework""）及标注工具 Labelme，未使用任何具名的第三方非牙科三维（3D）软件进行3D数据处理、分析、建模或测量。",-,-,-,-,"【判定】: EXCLUDE
【判定理由】: 该研究仅使用自研深度学习框架（""We used the 2D full-resolution nnU-Net framework""）及标注工具 Labelme，未使用任何具名的第三方非牙科三维（3D）软件进行3D数据处理、分析、建模或测量。
【软件】: -
【专科】: -
【应用场景】: -
【研究设计】: -"
explainable deep learning framework for classifying mandibular fractures on panoramic radiographs,Explainable Deep Learning Framework for Classifying Mandibular Fractures on Panoramic Radiographs,JOURNAL OF CRANIOFACIAL SURGERY,journalArticle,NZXWSQ9R,Seo 等 - 2025 - Explainable Deep Learning Framework for Classifying Mandibular Fractures on Panoramic Radiographs..pdf,EXCLUDE,"该研究仅使用自研深度学习模型（CNN）进行骨折分类，证据片段中仅提及""using MATLAB's Deep Learning and Parallel Computing Toolboxes""用于模型训练，MATLAB在此处是作为深度学习训练平台而非用于3D数据的处理、分析、建模或测量，且无任何具名第三方非牙科3D软件用于3D数据处理。",-,-,-,-,"【判定】: EXCLUDE
【判定理由】: 该研究仅使用自研深度学习模型（CNN）进行骨折分类，证据片段中仅提及""using MATLAB's Deep Learning and Parallel Computing Toolboxes""用于模型训练，MATLAB在此处是作为深度学习训练平台而非用于3D数据的处理、分析、建模或测量，且无任何具名第三方非牙科3D软件用于3D数据处理。
【软件】: -
【专科】: -
【应用场景】: -
【研究设计】: -"
microrobotics for precision biofilm diagnostics and treatment,Microrobotics for Precision Biofilm Diagnostics and Treatment,JOURNAL OF DENTAL RESEARCH,journalArticle,ZGJK5PD2,Babeer 等 - 2022 - Microrobotics for Precision Biofilm Diagnostics and Treatment.pdf,INCLUDE,"该研究自身在材料与方法中使用 SolidWorks 设计 1 mm 阴性模具（""negative molds designed in SolidWorks""），并用 MATLAB 进行纳米颗粒尺寸分析（""size invariant circle detection method implemented in MATLAB""）。",SolidWorks; MATLAB,Endodontics,Digital design and manufacturing,in_vitro,"【判定】: INCLUDE
【判定理由】: 该研究自身在材料与方法中使用 SolidWorks 设计 1 mm 阴性模具（""negative molds designed in SolidWorks""），并用 MATLAB 进行纳米颗粒尺寸分析（""size invariant circle detection method implemented in MATLAB""）。
【软件】: SolidWorks; MATLAB
【专科】: Endodontics
【应用场景】: Digital design and manufacturing
【研究设计】: in_vitro"
morphology and function dual adjustable biomimetic 4d printed scaffold for the regenerative restoration of complex bone defects,Morphology and Function Dual-Adjustable Biomimetic 4D-Printed Scaffold for the Regenerative Restoration of Complex Bone Defects,ADVANCED FUNCTIONAL MATERIALS,journalArticle,TLW8WS3P,Guo 等 - 2025 - Morphology and Function Dual‐Adjustable Biomimetic 4D‐Printed Scaffold for the Regenerative Restorat.pdf,EXCLUDE,"证据片段仅泛泛提及""the bone defect was first scanned via CT to obtain its digital 3D model""和""designed STL model""，未出现任何该研究自己使用的具名第三方非牙科3D软件（如 Mimics、3D Slicer、Geomagic 等）。",-,-,-,-,"【判定】: EXCLUDE
【判定理由】: 证据片段仅泛泛提及""the bone defect was first scanned via CT to obtain its digital 3D model""和""designed STL model""，未出现任何该研究自己使用的具名第三方非牙科3D软件（如 Mimics、3D Slicer、Geomagic 等）。
【软件】: -
【专科】: -
【应用场景】: -
【研究设计】: -"
three dimensional finite element analysis of full arch implant supported dental restorations complete vs segmented frameworks,Three-dimensional finite element analysis of full-arch implant-supported dental restorations: complete vs. segmented frameworks,FRONTIERS IN BIOENGINEERING AND BIOTECHNOLOGY,journalArticle,RLHZZQIF,Anitua 等 - 2026 - Three-dimensional finite element analysis of full-arch implant-supported dental restorations comple.pdf,EXCLUDE,"抽取的证据片段仅描述了有限元分析的方法学（如""3-D finite element analysis (FEA)""、""Cortical and trabecular bone were modeled as homogeneous, isotropic, linearly elastic materials""），但未出现任何具名的第三方非牙科3D软件（如 ANSYS、ABAQUS、Mimics 等）被该研究自己使用。",-,-,-,-,"【判定】: EXCLUDE
【判定理由】: 抽取的证据片段仅描述了有限元分析的方法学（如""3-D finite element analysis (FEA)""、""Cortical and trabecular bone were modeled as homogeneous, isotropic, linearly elastic materials""），但未出现任何具名的第三方非牙科3D软件（如 ANSYS、ABAQUS、Mimics 等）被该研究自己使用。
【软件】: -
【专科】: -
【应用场景】: -
【研究设计】: -"
three dimensional tooth model reconstruction using statistical randomization based particle swarm optimization,Three-Dimensional Tooth Model Reconstruction Using Statistical Randomization-Based Particle Swarm Optimization,APPLIED SCIENCES-BASEL,journalArticle,2M6V9TT2,Wongkhuenkaew 等 - 2021 - Three-Dimensional Tooth Model Reconstruction Using Statistical Randomization-Based Particle Swarm Op.pdf,EXCLUDE,"该研究使用自研的 statistical randomization-based particle swarm optimization (SR-PSO) 算法与 ICP 方法进行图像配准，证据中仅见""our proposed statistical randomization-based particle swarm optimization (SR-PSO) algorithm with the iterative closet point (ICP) method""，未使用任何具名第三方非牙科3D软件。",-,-,-,-,"【判定】: EXCLUDE
【判定理由】: 该研究使用自研的 statistical randomization-based particle swarm optimization (SR-PSO) 算法与 ICP 方法进行图像配准，证据中仅见""our proposed statistical randomization-based particle swarm optimization (SR-PSO) algorithm with the iterative closet point (ICP) method""，未使用任何具名第三方非牙科3D软件。
【软件】: -
【专科】: -
【应用场景】: -
【研究设计】: -"
a new deep learning algorithm for detecting spinal metastases on computed tomography images,A New Deep Learning Algorithm for Detecting Spinal Metastases on Computed Tomography Images,SPINE,journalArticle,4MS9MATQ,Motohashi 等 - 2024 - A New Deep Learning Algorithm for Detecting Spinal Metastases on Computed Tomography Images.pdf,EXCLUDE,"该研究主题为脊柱骨转移瘤的CT检测，不属于口腔医学任一学科；且其自身仅使用自研深度学习模型（""DeepLabv3+""）及标注平台 MD.ai，未使用具名第三方非牙科3D软件进行3D数据处理。",-,-,-,-,"【判定】: EXCLUDE
【判定理由】: 该研究主题为脊柱骨转移瘤的CT检测，不属于口腔医学任一学科；且其自身仅使用自研深度学习模型（""DeepLabv3+""）及标注平台 MD.ai，未使用具名第三方非牙科3D软件进行3D数据处理。
【软件】: -
【专科】: -
【应用场景】: -
【研究设计】: -"
clinical feasibility of deep learning based automatic head cbct image segmentation and landmark detection in computer aided surgical simulation for orthognathic surgery,Clinical feasibility of deep learning-based automatic head CBCT image segmentation and landmark detection in computer- aided surgical simulation for orthognathic surgery,INTERNATIONAL JOURNAL OF ORAL AND MAXILLOFACIAL SURGERY,journalArticle,MU6UNASA,Deng 等 - 2023 - Clinical feasibility of deep learning-based automatic head CBCT image segmentation and landmark dete.pdf,EXCLUDE,"该研究使用的是自研深度学习系统""SkullEngine""（""deep learning-based automatic segmentation and landmark detection, the SkullEngine""），属于自研算法/代码，证据片段中未出现任何该研究自己使用的具名第三方非牙科3D软件。",-,-,-,-,"【判定】: EXCLUDE
【判定理由】: 该研究使用的是自研深度学习系统""SkullEngine""（""deep learning-based automatic segmentation and landmark detection, the SkullEngine""），属于自研算法/代码，证据片段中未出现任何该研究自己使用的具名第三方非牙科3D软件。
【软件】: -
【专科】: -
【应用场景】: -
【研究设计】: -"
reorientation methodology for reproducible head posture in serial cone beam computed tomography images,Reorientation methodology for reproducible head posture in serial cone beam computed tomography images,SCIENTIFIC REPORTS,journalArticle,W4VK5BNE,Mangal 等 - 2023 - Reorientation methodology for reproducible head posture in serial cone beam computed tomography imag.pdf,EXCLUDE,"证据片段显示该研究""implemented and tested by Python 3.7.13""，即仅使用自编程序/代码实现算法，未使用任何具名的第三方非牙科3D软件。",-,-,-,-,"【判定】: EXCLUDE
【判定理由】: 证据片段显示该研究""implemented and tested by Python 3.7.13""，即仅使用自编程序/代码实现算法，未使用任何具名的第三方非牙科3D软件。
【软件】: -
【专科】: -
【应用场景】: -
【研究设计】: -"
randomized crossover study of immersive planning in craniomaxillofacial trauma comparing virtual reality and workstation workflows,Randomized crossover study of immersive planning in craniomaxillofacial trauma comparing virtual reality and workstation workflows,SCIENTIFIC REPORTS,journalArticle,LQZ2C4X4,Pargätzi 等 - 2026 - Randomized crossover study of immersive planning in craniomaxillofacial trauma comparing virtual rea.pdf,EXCLUDE,"证据片段仅泛泛提及""workstation-based software""和""VR-based platform""，未出现任何具名的第三方非牙科3D软件（如 Mimics、3D Slicer 等）被该研究自己使用。",-,-,-,-,"【判定】: EXCLUDE
【判定理由】: 证据片段仅泛泛提及""workstation-based software""和""VR-based platform""，未出现任何具名的第三方非牙科3D软件（如 Mimics、3D Slicer 等）被该研究自己使用。
【软件】: -
【专科】: -
【应用场景】: -
【研究设计】: -"
retracted early diagnosis of oral cancer using a hybrid arrangement of deep belief networkand combined group teaching algorithm retracted article see vol 15 2025,"RETRACTED: Early diagnosis of oral cancer using a hybrid arrangement of deep belief networkand combined group teaching algorithm (Retracted article. See vol. 15, 2025)",SCIENTIFIC REPORTS,journalArticle,PZ65JJ6U,Wenjing Wang 等 - 2023 - Early diagnosis of oral cancer using a hybrid arrangement of deep belief networkand combined group t.pdf,EXCLUDE,"该文献为撤稿文章（题名标注 RETRACTED），且研究仅使用自研的深度信念网络（DBN-CGTO）算法，证据中仅提及""all simulations ... have been performed by MATLAB environment""，MATLAB 用于算法仿真而非3D数据处理/分析/建模/测量。",-,-,-,-,"【判定】: EXCLUDE
【判定理由】: 该文献为撤稿文章（题名标注 RETRACTED），且研究仅使用自研的深度信念网络（DBN-CGTO）算法，证据中仅提及""all simulations ... have been performed by MATLAB environment""，MATLAB 用于算法仿真而非3D数据处理/分析/建模/测量。
【软件】: -
【专科】: -
【应用场景】: -
【研究设计】: -"
examining the influence of freehand pilot guided and fully guided surgical protocols on the accuracy of immediately placed implants an in vitro study,"Examining the Influence of Freehand, Pilot-Guided, and Fully Guided Surgical Protocols on the Accuracy of Immediately Placed Implants-An In Vitro Study",APPLIED SCIENCES-BASEL,journalArticle,UCYUH8Y6,"Pitman 等 - 2024 - Examining the Influence of Freehand, Pilot-Guided, and Fully Guided Surgical Protocols on the Accura.pdf",EXCLUDE,"该研究仅使用牙科专用软件 CoDiagnostix®（""was made in CoDiagnostix®""、""using the 'Treatment Evaluation' tool in CoDiagnostix®""），未使用任何具名的第三方非牙科3D软件。",-,-,-,-,"【判定】: EXCLUDE
【判定理由】: 该研究仅使用牙科专用软件 CoDiagnostix®（""was made in CoDiagnostix®""、""using the 'Treatment Evaluation' tool in CoDiagnostix®""），未使用任何具名的第三方非牙科3D软件。
【软件】: -
【专科】: -
【应用场景】: -
【研究设计】: -"
premolar and molar inclination changes following micro implant assisted maxillary skeletal expander mse a three dimensional analysis and visualization,Premolar and Molar Inclination Changes Following Micro-Implant-Assisted Maxillary Skeletal Expander (MSE): A Three-Dimensional Analysis and Visualization,APPLIED SCIENCES-BASEL,journalArticle,HPTKUJ9W,Karanxha 等 - 2022 - Premolar and Molar Inclination Changes Following Micro-Implant-Assisted Maxillary Skeletal Expander.pdf,EXCLUDE,"该研究仅使用 OnDemand3D（牙科专用软件）进行测量与三维分析，证据中""OnDemand3D software was used for the measurements""及""Graphpad 5.0 software""均非第三方非牙科3D软件。",-,-,-,-,"【判定】: EXCLUDE
【判定理由】: 该研究仅使用 OnDemand3D（牙科专用软件）进行测量与三维分析，证据中""OnDemand3D software was used for the measurements""及""Graphpad 5.0 software""均非第三方非牙科3D软件。
【软件】: -
【专科】: -
【应用场景】: -
【研究设计】: -"
on the feasibility of minimally invasive le fort i with patient specific implants proof of concept,On the feasibility of minimally invasive Le Fort I with patient-specific implants: Proof of concept,JOURNAL OF STOMATOLOGY ORAL AND MAXILLOFACIAL SURGERY,journalArticle,WGAXESY9,Hernández-Alfaro 等 - 2024 - On the feasibility of minimally invasive Le Fort I with patient-specific implants Proof of concept.pdf,EXCLUDE,"证据片段中唯一具名的软件为 ""Dolphin software (Dolphin Imaging & Management Solutions 12.09, Chatsworth, CA, USA)""，该软件属于牙科/正畸专用软件，不符合""非牙科3D软件""的纳入要求。",-,-,-,-,"【判定】: EXCLUDE
【判定理由】: 证据片段中唯一具名的软件为 ""Dolphin software (Dolphin Imaging & Management Solutions 12.09, Chatsworth, CA, USA)""，该软件属于牙科/正畸专用软件，不符合""非牙科3D软件""的纳入要求。
【软件】: -
【专科】: -
【应用场景】: -
【研究设计】: -"
comparison of three dimensional tooth movements in virtual setups using different software packages for clear aligner therapy,Comparison of three-dimensional tooth movements in virtual setups using different software packages for clear aligner therapy,BMC ORAL HEALTH,journalArticle,E2M3G8UJ,Eid 等 - 2025 - Comparison of three-dimensional tooth movements in virtual setups using different software packages.pdf,EXCLUDE,该研究使用的软件（Ortho Analyzer®、Maestro 3D Ortho Studio®、Blue Sky Plan®、ClinCheck® Pro、Medit Link）均为牙科专用软件，证据片段中未出现任何具名的第三方非牙科3D软件被该研究自身使用。,-,-,-,-,"【判定】: EXCLUDE
【判定理由】: 该研究使用的软件（Ortho Analyzer®、Maestro 3D Ortho Studio®、Blue Sky Plan®、ClinCheck® Pro、Medit Link）均为牙科专用软件，证据片段中未出现任何具名的第三方非牙科3D软件被该研究自身使用。
【软件】: -
【专科】: -
【应用场景】: -
【研究设计】: -"
icex advances in the automatic extraction and volume calculation of cranial cavities,Icex: Advances in the automatic extraction and volume calculation of cranial cavities,JOURNAL OF ANATOMY,journalArticle,49MPN24G,Buzi 等 - 2023 - Icex Advances in the automatic extraction and volume calculation of cranial cavities..pdf,EXCLUDE,"该研究使用自研的 R-based 软件工具 Icex（""we present a new R-based software tool, Icex""），属于自研程序，未使用任何具名的第三方非牙科3D软件。",-,-,-,-,"【判定】: EXCLUDE
【判定理由】: 该研究使用自研的 R-based 软件工具 Icex（""we present a new R-based software tool, Icex""），属于自研程序，未使用任何具名的第三方非牙科3D软件。
【软件】: -
【专科】: -
【应用场景】: -
【研究设计】: -"
an open source ai tool for predicting cephalometric measurements from clinical data and photographic images,An open-source AI tool for predicting cephalometric measurements from clinical data and photographic images,BMC ORAL HEALTH,journalArticle,GMX68ZMT,Zecca 等 - 2025 - An open-source AI tool for predicting cephalometric measurements from clinical data and photographic.pdf,INCLUDE,"该研究自身在材料与方法中使用 MeshMixer 软件处理口内扫描数据，原文明确写道""3D intraoral scans were obtained using the iTero scanner and analysed in STL format with MeshMixer software""。",MeshMixer,Orthodontics,Image segmentation and 3D reconstruction,computational,"【判定】: INCLUDE
【判定理由】: 该研究自身在材料与方法中使用 MeshMixer 软件处理口内扫描数据，原文明确写道""3D intraoral scans were obtained using the iTero scanner and analysed in STL format with MeshMixer software""。
【软件】: MeshMixer
【专科】: Orthodontics
【应用场景】: Image segmentation and 3D reconstruction
【研究设计】: computational"
image navigator based automated coronary magnetic resonance angiography for the detection of coronary artery stenosis,"Image navigator-based, automated coronary magnetic resonance angiography for the detection of coronary artery stenosis",JOURNAL OF CARDIOVASCULAR MAGNETIC RESONANCE,journalArticle,Z8IXXBA4,"Wood 等 - 2024 - Image navigator–based, automated coronary magnetic resonance angiography for the detection of corona.pdf",EXCLUDE,该文献为冠状动脉磁共振血管成像（CMRA）的多中心研究方案，主题属于心血管影像而非口腔医学；且证据片段中未出现任何该研究自身使用的具名第三方非牙科3D软件。,-,-,-,-,"【判定】: EXCLUDE
【判定理由】: 该文献为冠状动脉磁共振血管成像（CMRA）的多中心研究方案，主题属于心血管影像而非口腔医学；且证据片段中未出现任何该研究自身使用的具名第三方非牙科3D软件。
【软件】: -
【专科】: -
【应用场景】: -
【研究设计】: -"
accuracy of removable partial denture metal frameworks fabricated by computer aided design computer aided manufacturing method a systematic review and meta analysis,ACCURACY OF REMOVABLE PARTIAL DENTURE METAL FRAMEWORKS FABRICATED BY COMPUTER-AIDED DESIGN/COMPUTER-AIDED MANUFACTURING METHOD: A SYSTEMATIC REVIEW AND META-ANALYSIS,JOURNAL OF EVIDENCE-BASED DENTAL PRACTICE,journalArticle,WIWXEEA2,Mai 等 - 2022 - ACCURACY OF REMOVABLE PARTIAL DENTURE METAL FRAMEWORKS FABRICATED BY COMPUTER-AIDED DESIGNCOMPUTER-.pdf,EXCLUDE,"该文献为系统综述与meta分析（""This systematic review and meta-analysis aimed to investigate...""），属于排除的文献类型；且证据片段中未出现该研究自身使用的任何具名第三方非牙科3D软件。",-,-,-,-,"【判定】: EXCLUDE
【判定理由】: 该文献为系统综述与meta分析（""This systematic review and meta-analysis aimed to investigate...""），属于排除的文献类型；且证据片段中未出现该研究自身使用的任何具名第三方非牙科3D软件。
【软件】: -
【专科】: -
【应用场景】: -
【研究设计】: -"
generating tooth organoids using defined bioorthogonally cross linked hydrogels,Generating Tooth Organoids Using Defined Bioorthogonally Cross-Linked Hydrogels,ACS MACRO LETTERS,journalArticle,Y3KDF7PV,Zhang 等 - 2024 - Generating Tooth Organoids Using Defined Bioorthogonally Cross-Linked Hydrogels..pdf,EXCLUDE,"证据片段仅涉及水凝胶流变学测试与溶胀实验（如""Rheological tests confirmed the hydrogel formation""），未出现任何具名的第三方非牙科3D软件被该研究自身使用。",-,-,-,-,"【判定】: EXCLUDE
【判定理由】: 证据片段仅涉及水凝胶流变学测试与溶胀实验（如""Rheological tests confirmed the hydrogel formation""），未出现任何具名的第三方非牙科3D软件被该研究自身使用。
【软件】: -
【专科】: -
【应用场景】: -
【研究设计】: -"
three dimensional virtual planning in mandibular advancement surgery soft tissue prediction based on deep learning,Three-dimensional virtual planning in mandibular advancement surgery: Soft tissue prediction based on deep learning,JOURNAL OF CRANIO-MAXILLOFACIAL SURGERY,journalArticle,JVRN27GF,ter Horst 等 - 2021 - Three-dimensional virtual planning in mandibular advancement surgery Soft tissue prediction based o.pdf,INCLUDE,"该研究自身在方法中使用 MATLAB 处理3D照片（""all 3D photographs were ... exported to MATLAB 7.0 (MathWorks, Natick, MA, USA)""），用于3D数据的对齐与位移计算。",MATLAB,Oral and Maxillofacial Surgery,3D data analysis and accuracy assessment,computational,"【判定】: INCLUDE
【判定理由】: 该研究自身在方法中使用 MATLAB 处理3D照片（""all 3D photographs were ... exported to MATLAB 7.0 (MathWorks, Natick, MA, USA)""），用于3D数据的对齐与位移计算。
【软件】: MATLAB
【专科】: Oral and Maxillofacial Surgery
【应用场景】: 3D data analysis and accuracy assessment
【研究设计】: computational"
imaging and 3d analysis based on two or more three dimensional cbct recordings before and after orthodontic treatment and maxillofacial therapy,Imaging and 3D Analysis Based on Two or More Three-Dimensional CBCT Recordings before and after Orthodontic Treatment and Maxillofacial Therapy,APPLIED SCIENCES-BASEL,journalArticle,4BLBU3YQ,Dostalova 等 - 2024 - Imaging and 3D Analysis Based on Two or More Three-Dimensional CBCT Recordings before and after Orth.pdf,EXCLUDE,"证据片段中该研究自己使用的软件为 ""Anatomage Invivo software""（牙科专用软件）和 ""Mirror PhotoTools software""（面部扫描配套软件），均非纳入标准要求的具名第三方非牙科3D软件；Procrustes、ICP 等仅为算法方法而非具名软件。",-,-,-,-,"【判定】: EXCLUDE
【判定理由】: 证据片段中该研究自己使用的软件为 ""Anatomage Invivo software""（牙科专用软件）和 ""Mirror PhotoTools software""（面部扫描配套软件），均非纳入标准要求的具名第三方非牙科3D软件；Procrustes、ICP 等仅为算法方法而非具名软件。
【软件】: -
【专科】: -
【应用场景】: -
【研究设计】: -"
digital workflow for fabricating a patient specific detachable 3d printing model for mesiodens extraction to enhance surgical planning and dental education,Digital workflow for fabricating a patient-specific detachable 3D-printing model for mesiodens extraction to enhance surgical planning and dental education,BMC ORAL HEALTH,journalArticle,NRXIPVW4,Shin 等 - 2026 - Digital workflow for fabricating a patient-specific detachable 3D-printing model for mesiodens extra.pdf,EXCLUDE,"证据片段显示该研究使用的是牙科专用软件 ""a dental design software program (RealGUIDE version 5.3, 3DIEMME, Milan, Italy)""，属于牙科专用软件，不符合""具名第三方非牙科3D软件""的纳入标准。",-,-,-,-,"【判定】: EXCLUDE
【判定理由】: 证据片段显示该研究使用的是牙科专用软件 ""a dental design software program (RealGUIDE version 5.3, 3DIEMME, Milan, Italy)""，属于牙科专用软件，不符合""具名第三方非牙科3D软件""的纳入标准。
【软件】: -
【专科】: -
【应用场景】: -
【研究设计】: -"
robust and precise isotropic scaling registration algorithm using bi directional distance and correntropy,Robust and precise isotropic scaling registration algorithm using bi-directional distance and correntropy,PATTERN RECOGNITION LETTERS,journalArticle,BITQ8URU,Cui 等 - 2020 - Robust and precise isotropic scaling registration algorithm using bi-directional distance and corren.pdf,EXCLUDE,"该研究提出的是自研配准算法（""this paper proposes a new registration algorithm with iterative closest point""），证据片段中未出现任何该研究自己使用的具名第三方非牙科3D软件。",-,-,-,-,"【判定】: EXCLUDE
【判定理由】: 该研究提出的是自研配准算法（""this paper proposes a new registration algorithm with iterative closest point""），证据片段中未出现任何该研究自己使用的具名第三方非牙科3D软件。
【软件】: -
【专科】: -
【应用场景】: -
【研究设计】: -"
intraoral scanners for in vivo 3d imaging of the gingiva and the alveolar process,Intraoral Scanners for In Vivo 3D Imaging of the Gingiva and the Alveolar Process,JOURNAL OF CLINICAL MEDICINE,journalArticle,SXRLMTP9,Winkler 等 - 2022 - Intraoral Scanners for In Vivo 3D Imaging of the Gingiva and the Alveolar Process..pdf,EXCLUDE,"证据片段中仅提及牙科专用口内扫描仪软件（""CS 3600 (Carestream... Software CS Imaging Version 7.0.23.0.d2)"" 和 ""TRIOS 3 (3Shape... Software Version 1.4.7.5)""），未出现任何具名的第三方非牙科3D软件被该研究自己使用。",-,-,-,-,"【判定】: EXCLUDE
【判定理由】: 证据片段中仅提及牙科专用口内扫描仪软件（""CS 3600 (Carestream... Software CS Imaging Version 7.0.23.0.d2)"" 和 ""TRIOS 3 (3Shape... Software Version 1.4.7.5)""），未出现任何具名的第三方非牙科3D软件被该研究自己使用。
【软件】: -
【专科】: -
【应用场景】: -
【研究设计】: -"
the butterfly effect in oral and maxillofacial surgery understanding and applying chaos theory and complex systems principles,The butterfly effect in oral and maxillofacial surgery: Understanding and applying chaos theory and complex systems principles,JOURNAL OF CRANIO-MAXILLOFACIAL SURGERY,journalArticle,Q9W8VEJT,Grillo 等 - 2024 - The butterfly effect in oral and maxillofacial surgery Understanding and applying chaos theory and.pdf,EXCLUDE,"该文献为文献综述（""A comprehensive literature review was conducted on PubMed, Web of Science, and Google Scholar databases""），且证据片段中未出现该研究自身使用的任何具名第三方非牙科3D软件，仅泛泛提及""finite element analysis""及AI图像生成工具。",-,-,-,-,"【判定】: EXCLUDE
【判定理由】: 该文献为文献综述（""A comprehensive literature review was conducted on PubMed, Web of Science, and Google Scholar databases""），且证据片段中未出现该研究自身使用的任何具名第三方非牙科3D软件，仅泛泛提及""finite element analysis""及AI图像生成工具。
【软件】: -
【专科】: -
【应用场景】: -
【研究设计】: -"
evaluation of the marginal and internal gaps in 3d printed interim crowns using different finish line detection methods an in vitro study,Evaluation of the marginal and internal gaps in 3D-printed interim crowns using different finish line detection methods: An in vitro study,PLOS ONE,journalArticle,JL3QCSFC,Huong 等 - 2026 - Evaluation of the marginal and internal gaps in 3D-printed interim crowns using different finish lin.pdf,EXCLUDE,"证据片段中该研究自己使用的软件为 ""the CEREC InLab system and Dentbird software""，二者均为牙科专用 CAD 软件，未出现任何具名的第三方非牙科 3D 软件。",-,-,-,-,"【判定】: EXCLUDE
【判定理由】: 证据片段中该研究自己使用的软件为 ""the CEREC InLab system and Dentbird software""，二者均为牙科专用 CAD 软件，未出现任何具名的第三方非牙科 3D 软件。
【软件】: -
【专科】: -
【应用场景】: -
【研究设计】: -"
accuracy of a patient 3 dimensional virtual representation obtained from the superimposition of facial and intraoral scans guided by extraoral and intraoral scan body systems,Accuracy of a patient 3-dimensional virtual representation obtained from the superimposition of facial and intraoral scans guided by extraoral and intraoral scan body systems,JOURNAL OF PROSTHETIC DENTISTRY,journalArticle,HVA6JLX4,Revilla-León 等 - 2022 - Accuracy of a patient 3-dimensional virtual representation obtained from the superimposition of faci.pdf,INCLUDE,"该研究自身在材料与方法中使用具名第三方非牙科3D软件进行3D数据处理，原文明确写道""The patient 3-dimensional representation for each scan body system was obtained by using a computer program (Matera 2.4)""。",Matera 2.4,Prosthodontics,Image segmentation and 3D reconstruction,clinical,"【判定】: INCLUDE
【判定理由】: 该研究自身在材料与方法中使用具名第三方非牙科3D软件进行3D数据处理，原文明确写道""The patient 3-dimensional representation for each scan body system was obtained by using a computer program (Matera 2.4)""。
【软件】: Matera 2.4
【专科】: Prosthodontics
【应用场景】: Image segmentation and 3D reconstruction
【研究设计】: clinical"
development and validation of an automated algorithm for palatal rugae matching in forensic identification,Development and validation of an automated algorithm for palatal rugae matching in forensic identification,JOURNAL OF DENTISTRY,journalArticle,QQWNE6RN,Bjelopavlovic 等 - 2026 - Development and validation of an automated algorithm for palatal rugae matching in forensic identifi.pdf,INCLUDE,"该研究自身在材料与方法中使用 CloudCompare 处理3D腭皱襞扫描数据，证据片段明确写道""the 3D model of a given palatal rugae scan is loaded into the CloudCompare software""。",CloudCompare,Forensic Dentistry,3D data analysis and accuracy assessment,computational,"【判定】: INCLUDE
【判定理由】: 该研究自身在材料与方法中使用 CloudCompare 处理3D腭皱襞扫描数据，证据片段明确写道""the 3D model of a given palatal rugae scan is loaded into the CloudCompare software""。
【软件】: CloudCompare
【专科】: Forensic Dentistry
【应用场景】: 3D data analysis and accuracy assessment
【研究设计】: computational"
combining 3d multi object reconstruction with finite element analysis for accurate dental modelling and restoration,Combining 3D Multi-Object Reconstruction with Finite Element Analysis for Accurate Dental Modelling and Restoration,INTERNATIONAL DENTAL JOURNAL,journalArticle,LIFEJWBH,AlKahtani 等 - 2026 - Combining 3D Multi-Object Reconstruction with Finite Element Analysis for Accurate Dental Modelling.pdf,EXCLUDE,"抽取的证据片段仅泛泛提及""3D multi-object reconstruction""和""Finite Element Analyses (FEAs)""，未出现任何具名的第三方非牙科3D软件（如 Mimics、ANSYS、ABAQUS 等）被该研究自己使用的原文证据。",-,-,-,-,"【判定】: EXCLUDE
【判定理由】: 抽取的证据片段仅泛泛提及""3D multi-object reconstruction""和""Finite Element Analyses (FEAs)""，未出现任何具名的第三方非牙科3D软件（如 Mimics、ANSYS、ABAQUS 等）被该研究自己使用的原文证据。
【软件】: -
【专科】: -
【应用场景】: -
【研究设计】: -"
adjunctive therapies in periodontitis current concepts and the future,Adjunctive Therapies in Periodontitis: Current Concepts and the Future,JOURNAL OF PERIODONTAL RESEARCH,journalArticle,RFQCJLX7,de Molon 等 - 2026 - Adjunctive Therapies in Periodontitis Current Concepts and the Future.pdf,EXCLUDE,"该文献为叙述性综述（""This narrative review integrates two interrelated themes""），且证据片段中未出现任何该研究自身使用的具名第三方非牙科3D软件。",-,-,-,-,"【判定】: EXCLUDE
【判定理由】: 该文献为叙述性综述（""This narrative review integrates two interrelated themes""），且证据片段中未出现任何该研究自身使用的具名第三方非牙科3D软件。
【软件】: -
【专科】: -
【应用场景】: -
【研究设计】: -"
in vivo trueness and precision of full arch implant scans using intraoral scanners with three different acquisition protocols,In vivo trueness and precision of full-arch implant scans using intraoral scanners with three different acquisition protocols,JOURNAL OF DENTISTRY,journalArticle,RB2EMABN,Nedelcu 等 - 2023 - In vivo trueness and precision of full-arch implant scans using intraoral scanners with three differ.pdf,EXCLUDE,"证据片段中仅提及""proprietary dental laboratory software""（牙科专用软件）及""3D Compare Analysis""等方法学概念，未出现该研究自身使用的任何具名第三方非牙科3D软件。",-,-,-,-,"【判定】: EXCLUDE
【判定理由】: 证据片段中仅提及""proprietary dental laboratory software""（牙科专用软件）及""3D Compare Analysis""等方法学概念，未出现该研究自身使用的任何具名第三方非牙科3D软件。
【软件】: -
【专科】: -
【应用场景】: -
【研究设计】: -"
mechanical performance of chairside ceramic cad cam restorations and zirconia abutments with different internal implant connections in vitro study and finite element analysis,Mechanical Performance of Chairside Ceramic CAD/CAM Restorations and Zirconia Abutments with Different Internal Implant Connections: In Vitro Study and Finite Element Analysis,MATERIALS,journalArticle,KLM4ETUM,Giner 等 - 2021 - Mechanical Performance of Chairside Ceramic CADCAM Restorations and Zirconia Abutments with Differe.pdf,EXCLUDE,"证据片段仅提及""finite element analysis (FEA)""这一方法，未出现任何具名的第三方非牙科3D软件（如 ANSYS、ABAQUS 等）被该研究自己使用。",-,-,-,-,"【判定】: EXCLUDE
【判定理由】: 证据片段仅提及""finite element analysis (FEA)""这一方法，未出现任何具名的第三方非牙科3D软件（如 ANSYS、ABAQUS 等）被该研究自己使用。
【软件】: -
【专科】: -
【应用场景】: -
【研究设计】: -"
mechanical and biological properties of polymer materials for oral appliances produced with additive 3d printing and subtractive cad cam techniques compared to conventional methods a systematic review and meta analysis,Mechanical and biological properties of polymer materials for oral appliances produced with additive 3D printing and subtractive CAD-CAM techniques compared to conventional methods: a systematic review and meta-analysis,CLINICAL ORAL INVESTIGATIONS,journalArticle,HWUQ4VDF,Valenti 等 - 2024 - Mechanical and biological properties of polymer materials for oral appliances produced with additive.pdf,EXCLUDE,"该文献为系统综述与meta分析（题名及摘要明确为""a systematic review and meta-analysis""），属于排除的文献类型；且证据中仅出现""Stata17 statistical software""用于统计分析，并非用于3D数据处理/建模/测量的非牙科3D软件。",-,-,-,-,"【判定】: EXCLUDE
【判定理由】: 该文献为系统综述与meta分析（题名及摘要明确为""a systematic review and meta-analysis""），属于排除的文献类型；且证据中仅出现""Stata17 statistical software""用于统计分析，并非用于3D数据处理/建模/测量的非牙科3D软件。
【软件】: -
【专科】: -
【应用场景】: -
【研究设计】: -"
growth allometry and dental topography in upper triassic conodonts support trophic differentiation and molar like element function,Growth allometry and dental topography in Upper Triassic conodonts support trophic differentiation and molar-like element function,PALEOBIOLOGY,journalArticle,MZW42EWD,Kelz 等 - 2023 - Growth allometry and dental topography in Upper Triassic conodonts support trophic differentiation a.pdf,EXCLUDE,该文献研究的是三叠纪牙形石（conodonts）的生长异速生长与牙齿地形学，属于古生物学，主题不属于口腔医学任一学科。,-,-,-,-,"【判定】: EXCLUDE
【判定理由】: 该文献研究的是三叠纪牙形石（conodonts）的生长异速生长与牙齿地形学，属于古生物学，主题不属于口腔医学任一学科。
【软件】: -
【专科】: -
【应用场景】: -
【研究设计】: -"
a multimodal explainable ai framework to assist in the differential diagnosis of head and neck reactive follicular hyperplasia and follicular lymphoma an international multicentre study,A multimodal explainable ai framework to assist in the differential diagnosis of head and neck reactive follicular hyperplasia and follicular lymphoma: an international multicentre study,VIRCHOWS ARCHIV,journalArticle,IBDZN4D8,de Souza 等 - 2026 - A multimodal explainable ai framework to assist in the differential diagnosis of head and neck react.pdf,EXCLUDE,"该研究仅使用自研/自建的深度学习模型（如 ""Attention-guided U-Net + + nuclear segmentation""、""Cell Graph Neural Network (Cell-GNN)""、""XGBoost""），未使用任何具名的第三方非牙科3D软件。",-,-,-,-,"【判定】: EXCLUDE
【判定理由】: 该研究仅使用自研/自建的深度学习模型（如 ""Attention-guided U-Net + + nuclear segmentation""、""Cell Graph Neural Network (Cell-GNN)""、""XGBoost""），未使用任何具名的第三方非牙科3D软件。
【软件】: -
【专科】: -
【应用场景】: -
【研究设计】: -"
spontaneous bone regeneration achieved through one step alignment of human mesenchymal stem cell embedded collagen,Spontaneous bone regeneration achieved through one-step alignment of human mesenchymal stem cell-embedded collagen,ACTA BIOMATERIALIA,journalArticle,3TMAVBSZ,Heo 等 - 2025 - Spontaneous bone regeneration achieved through one-step alignment of human mesenchymal stem cell-emb.pdf,EXCLUDE,该研究主题为骨组织工程（颅骨缺损模型），不属于口腔医学任一学科；且证据中仅出现 ImageJ、Image-Pro Premier 等图像分析软件，未使用具名第三方非牙科3D软件进行3D数据处理、分析、建模或测量。,-,-,-,-,"【判定】: EXCLUDE
【判定理由】: 该研究主题为骨组织工程（颅骨缺损模型），不属于口腔医学任一学科；且证据中仅出现 ImageJ、Image-Pro Premier 等图像分析软件，未使用具名第三方非牙科3D软件进行3D数据处理、分析、建模或测量。
【软件】: -
【专科】: -
【应用场景】: -
【研究设计】: -"
three dimensional periodontal investigations using a prototype handheld ultrasound scanner with spatial positioning reading sensor,Three-dimensional periodontal investigations using a prototype handheld ultrasound scanner with spatial positioning reading sensor,MEDICAL ULTRASONOGRAPHY,journalArticle,MW553XBE,Chifor 等 - 2021 - Three-dimensional periodontal investigations using a prototype handheld ultrasound scanner with spat.pdf,EXCLUDE,"证据片段显示该研究""developed a handheld ultrasound scanner prototype""并""deep learning algorithms were implemented""，属于自研原型与自研算法，未使用任何具名的第三方非牙科3D软件。",-,-,-,-,"【判定】: EXCLUDE
【判定理由】: 证据片段显示该研究""developed a handheld ultrasound scanner prototype""并""deep learning algorithms were implemented""，属于自研原型与自研算法，未使用任何具名的第三方非牙科3D软件。
【软件】: -
【专科】: -
【应用场景】: -
【研究设计】: -"
direction oriented fiber guiding with a tunable tri layer 3d scaffold for periodontal regeneration,Direction-oriented fiber guiding with a tunable tri-layer-3D scaffold for periodontal regeneration,RSC ADVANCES,journalArticle,SB5HVH7V,Abraham 等 - 2024 - Direction-oriented fiber guiding with a tunable tri-layer-3D scaffold for periodontal regeneration..pdf,INCLUDE,"该研究自身在材料与方法中使用具名第三方非牙科3D软件，如""using Creo Parametric 8.0.4.0, a computer-aided modeling (CAD) of the constituent components was made""以及""VGStudio Max 2.2.6 software was used to analyze the data""。",Creo Parametric; VGStudio Max,Periodontology,Digital design and manufacturing,in_vitro,"【判定】: INCLUDE
【判定理由】: 该研究自身在材料与方法中使用具名第三方非牙科3D软件，如""using Creo Parametric 8.0.4.0, a computer-aided modeling (CAD) of the constituent components was made""以及""VGStudio Max 2.2.6 software was used to analyze the data""。
【软件】: Creo Parametric; VGStudio Max
【专科】: Periodontology
【应用场景】: Digital design and manufacturing
【研究设计】: in_vitro"
micromagnify a multiplexed expansion microscopy method for pathogens and infected tissues,MicroMagnify: A Multiplexed Expansion Microscopy Method for Pathogens and Infected Tissues,ADVANCED SCIENCE,journalArticle,UQTGLARJ,Cheng 等 - 2023 - MicroMagnify A Multiplexed Expansion Microscopy Method for Pathogens and Infected Tissues.pdf,EXCLUDE,该研究主题为微生物学/病理学的超分辨成像方法（MicroMagnify），仅在摘要中提及感染的人角膜标本，不属于口腔医学任一学科；且证据片段中未出现该研究自身使用的具名第三方非牙科3D软件。,-,-,-,-,"【判定】: EXCLUDE
【判定理由】: 该研究主题为微生物学/病理学的超分辨成像方法（MicroMagnify），仅在摘要中提及感染的人角膜标本，不属于口腔医学任一学科；且证据片段中未出现该研究自身使用的具名第三方非牙科3D软件。
【软件】: -
【专科】: -
【应用场景】: -
【研究设计】: -"
a method based on 3d affine alignment for the quantification of palatal expansion,A method based on 3D affine alignment for the quantification of palatal expansion,PLOS ONE,journalArticle,F558I89A,Maggiordomo 等 - 2022 - A method based on 3D affine alignment for the quantification of palatal expansion..pdf,INCLUDE,"摘要与全文中明确说明该研究自身将新仿射对齐技术""implemented as an extension package of the open-source MeshLab""用于3D数字模型叠加分析。",MeshLab,Orthodontics,3D data analysis and accuracy assessment,computational,"【判定】: INCLUDE
【判定理由】: 摘要与全文中明确说明该研究自身将新仿射对齐技术""implemented as an extension package of the open-source MeshLab""用于3D数字模型叠加分析。
【软件】: MeshLab
【专科】: Orthodontics
【应用场景】: 3D data analysis and accuracy assessment
【研究设计】: computational"
human bone marrow organoids for disease modeling discovery and validation of therapeutic targets in hematologic malignancies,"Human Bone Marrow Organoids for Disease Modeling, Discovery, and Validation of Therapeutic Targets in Hematologic Malignancies",CANCER DISCOVERY,journalArticle,BNP6WFER,"Khan 等 - 2023 - Human Bone Marrow Organoids for Disease Modeling, Discovery, and Validation of Therapeutic Targets i-1.pdf",EXCLUDE,该文献主题为血液系统恶性肿瘤的骨髓类器官建模，不属于口腔医学任一学科；且证据片段中未出现任何该研究自身使用的具名第三方非牙科3D软件。,-,-,-,-,"【判定】: EXCLUDE
【判定理由】: 该文献主题为血液系统恶性肿瘤的骨髓类器官建模，不属于口腔医学任一学科；且证据片段中未出现任何该研究自身使用的具名第三方非牙科3D软件。
【软件】: -
【专科】: -
【应用场景】: -
【研究设计】: -"
three dimensionally printed implant surgical guide related experience knowledge attitude and professional behaviors among 2028 dentists in china a cross sectional study,"Three-dimensionally printed implant surgical guide-related experience, knowledge, attitude, and professional behaviors among 2028 dentists in China: A cross-sectional study",JOURNAL OF PROSTHETIC DENTISTRY,journalArticle,7YM79VJK,"Muhetaer 等 - 2023 - Three-dimensionally printed implant surgical guide-related experience, knowledge, attitude, and prof.pdf",EXCLUDE,"该研究为横断面问卷调查，全文证据中仅提及""statistical software programs (PASW Statistics v18.0; SPSS Inc, R version 4.0.3)""等统计分析软件，以及泛泛提及""digital design software program""和""implant planning software programs""，未显示该研究自身在材料与方法中使用任何具名的第三方非牙科3D软件进行3D数据处理、分析、建模或测量。",-,-,-,-,"【判定】: EXCLUDE
【判定理由】: 该研究为横断面问卷调查，全文证据中仅提及""statistical software programs (PASW Statistics v18.0; SPSS Inc, R version 4.0.3)""等统计分析软件，以及泛泛提及""digital design software program""和""implant planning software programs""，未显示该研究自身在材料与方法中使用任何具名的第三方非牙科3D软件进行3D数据处理、分析、建模或测量。
【软件】: -
【专科】: -
【应用场景】: -
【研究设计】: -"
effect of different storage conditions on dimensional accuracy of 3d printed dental models,Effect of different storage conditions on dimensional accuracy of 3D-printed dental models,JOURNAL OF PROSTHODONTICS-IMPLANT ESTHETIC AND RECONSTRUCTIVE DENTISTRY,journalArticle,RZZAIR96,Alshaibani 等 - 2025 - Effect of different storage conditions on dimensional accuracy of 3D-printed dental models..pdf,INCLUDE,"该研究自身在材料与方法中使用 Geomagic Control X 进行三维数据比对，原文为""The generated STL files were imported into a 3D inspection software, Geomagic Control X (3D Systems, Rock Hill, SC. Version: 2023.1), and superimposed with the original STL files for comparison.""",Geomagic Control X,Prosthodontics,3D data analysis and accuracy assessment,in_vitro,"【判定】: INCLUDE
【判定理由】: 该研究自身在材料与方法中使用 Geomagic Control X 进行三维数据比对，原文为""The generated STL files were imported into a 3D inspection software, Geomagic Control X (3D Systems, Rock Hill, SC. Version: 2023.1), and superimposed with the original STL files for comparison.""
【软件】: Geomagic Control X
【专科】: Prosthodontics
【应用场景】: 3D data analysis and accuracy assessment
【研究设计】: in_vitro"
facial imaging to screen for fetal alcohol spectrum disorder a scoping review,Facial imaging to screen for fetal alcohol spectrum disorder: A scoping review,ALCOHOL-CLINICAL AND EXPERIMENTAL RESEARCH,journalArticle,HHE9ZNHG,Roomaney 等 - 2022 - Facial imaging to screen for fetal alcohol spectrum disorder A scoping review.pdf,EXCLUDE,"该文献为scoping review（摘要明确""this scoping review describes the current state of evidence""），属综述类，不符合原创研究要求；且证据片段中仅提及""References were managed in Zotero reference manager software""，无该研究自身使用的具名第三方非牙科3D软件。",-,-,-,-,"【判定】: EXCLUDE
【判定理由】: 该文献为scoping review（摘要明确""this scoping review describes the current state of evidence""），属综述类，不符合原创研究要求；且证据片段中仅提及""References were managed in Zotero reference manager software""，无该研究自身使用的具名第三方非牙科3D软件。
【软件】: -
【专科】: -
【应用场景】: -
【研究设计】: -"
cad cam fabricated rpd frameworks show lower fit accuracy compared to conventional casting with indirect 3d printing offering comparable results,"CAD/CAM-FABRICATED RPD FRAMEWORKS SHOW LOWER FIT ACCURACY COMPARED TO CONVENTIONAL CASTING, WITH INDIRECT 3D PRINTING OFFERING COMPARABLE RESULTS",JOURNAL OF EVIDENCE-BASED DENTAL PRACTICE,journalArticle,6TRMWJXT,"Law - 2024 - CADCAM-FABRICATED RPD FRAMEWORKS SHOW LOWER FIT ACCURACY COMPARED TO CONVENTIONAL CASTING, WITH IND.pdf",EXCLUDE,"该文献为系统综述与Meta分析（""The purpose of this systematic review and Meta-analysis is to evaluate...""），属于排除的文献类型；且证据片段中未出现该研究自身使用的任何具名第三方非牙科3D软件。",-,-,-,-,"【判定】: EXCLUDE
【判定理由】: 该文献为系统综述与Meta分析（""The purpose of this systematic review and Meta-analysis is to evaluate...""），属于排除的文献类型；且证据片段中未出现该研究自身使用的任何具名第三方非牙科3D软件。
【软件】: -
【专科】: -
【应用场景】: -
【研究设计】: -"
polymeric sustained release chlorhexidine coating on gutta percha points for prolonged intracanal antimicrobial delivery an in vitro study,Polymeric Sustained-Release Chlorhexidine Coating on Gutta-Percha Points for Prolonged Intracanal Antimicrobial Delivery: An In Vitro Study,PHARMACEUTICS,journalArticle,DKRR8WYW,Sabah 等 - 2026 - Polymeric Sustained-Release Chlorhexidine Coating on Gutta-Percha Points for Prolonged Intracanal An.pdf,EXCLUDE,证据片段中出现的软件为 ImageJ 和 NIS-Elements，ImageJ 用于将图像转换为灰度并测量抑菌圈，属于二维图像分析，而非用于3D数据的处理、分析、建模或测量；NIS-Elements 为显微镜配套软件，亦非3D软件。,-,-,-,-,"【判定】: EXCLUDE
【判定理由】: 证据片段中出现的软件为 ImageJ 和 NIS-Elements，ImageJ 用于将图像转换为灰度并测量抑菌圈，属于二维图像分析，而非用于3D数据的处理、分析、建模或测量；NIS-Elements 为显微镜配套软件，亦非3D软件。
【软件】: -
【专科】: -
【应用场景】: -
【研究设计】: -"
prosthodontic rehabilitation with all on four implant treatment combined cad cam prosthesis in an oral cancer patient a case report,Prosthodontic rehabilitation with all-on-four implant treatment combined CAD/CAM prosthesis in an oral cancer patient: a case report,BMC ORAL HEALTH,journalArticle,256P6Y8Z,Huang 等 - 2024 - Prosthodontic rehabilitation with all-on-four implant treatment combined CADCAM prosthesis in an or.pdf,EXCLUDE,"证据片段仅提及该研究使用了 ""computer-aided design and computer-assisted manufacturing (CAD/CAM)"" 及 ""Dental CAD/CAM was employed to mill custom prosthetic abutments""，未出现任何具名的第三方非牙科3D软件（如 Mimics、Geomagic、SolidWorks 等）。",-,-,-,-,"【判定】: EXCLUDE
【判定理由】: 证据片段仅提及该研究使用了 ""computer-aided design and computer-assisted manufacturing (CAD/CAM)"" 及 ""Dental CAD/CAM was employed to mill custom prosthetic abutments""，未出现任何具名的第三方非牙科3D软件（如 Mimics、Geomagic、SolidWorks 等）。
【软件】: -
【专科】: -
【应用场景】: -
【研究设计】: -"
three dimensional printed hydroxyapatite bone substitutes designed by a novel periodic minimal surface algorithm are highly osteoconductive,Three-Dimensional Printed Hydroxyapatite Bone Substitutes Designed by a Novel Periodic Minimal Surface Algorithm Are Highly Osteoconductive,3D PRINTING AND ADDITIVE MANUFACTURING,journalArticle,UKZFIWZJ,Maevskaia 等 - 2023 - Three-Dimensional Printed Hydroxyapatite Bone Substitutes Designed by a Novel Periodic Minimal Surfa.pdf,INCLUDE,"该研究自身在方法中使用具名第三方非牙科3D软件处理3D数据，如""the same STL ﬁles of the ADMS models were imported into Magics software (V21; Materialise)""。",Magics,Oral and Maxillofacial Surgery,Digital design and manufacturing,in_vitro,"【判定】: INCLUDE
【判定理由】: 该研究自身在方法中使用具名第三方非牙科3D软件处理3D数据，如""the same STL ﬁles of the ADMS models were imported into Magics software (V21; Materialise)""。
【软件】: Magics
【专科】: Oral and Maxillofacial Surgery
【应用场景】: Digital design and manufacturing
【研究设计】: in_vitro"
skeletal facial asymmetry reliability of manual and artificial intelligence driven analysis,Skeletal facial asymmetry: reliability of manual and artificial intelligence-driven analysis,DENTOMAXILLOFACIAL RADIOLOGY,journalArticle,RFPYNGAN,Kazimierczak 等 - 2024 - Skeletal facial asymmetry reliability of manual and artificial intelligence-driven analysis-1.pdf,EXCLUDE,"该研究自身使用的是 AI 平台 CephX（""CT scans were manually uploaded into a cloud-based, AI-programme database CephX""），属于牙科专用软件，证据片段中未出现该研究自己使用的具名第三方非牙科3D软件。",-,-,-,-,"【判定】: EXCLUDE
【判定理由】: 该研究自身使用的是 AI 平台 CephX（""CT scans were manually uploaded into a cloud-based, AI-programme database CephX""），属于牙科专用软件，证据片段中未出现该研究自己使用的具名第三方非牙科3D软件。
【软件】: -
【专科】: -
【应用场景】: -
【研究设计】: -"
cad cam resin composites effective components for further development,CAD-CAM resin composites: Effective components for further development,DENTAL MATERIALS,journalArticle,A8D7MDVM,Yamaguchi 等 - 2024 - CAD-CAM resin composites Effective components for further development.pdf,EXCLUDE,"证据片段仅提及""in silico multi-scale analysis, in silico nonlinear dynamic finite element analysis (FEA), and artificial intelligence (AI)""，未出现任何具名的第三方非牙科3D软件；且该文为总结性论文（""This paper summarizes the effective components""），非原创研究。",-,-,-,-,"【判定】: EXCLUDE
【判定理由】: 证据片段仅提及""in silico multi-scale analysis, in silico nonlinear dynamic finite element analysis (FEA), and artificial intelligence (AI)""，未出现任何具名的第三方非牙科3D软件；且该文为总结性论文（""This paper summarizes the effective components""），非原创研究。
【软件】: -
【专科】: -
【应用场景】: -
【研究设计】: -"
the cumulative effect of error in the digital workflow for complete arch implant supported frameworks an in vitro study,The cumulative effect of error in the digital workflow for complete-arch implant-supported frameworks: An in vitro study,CLINICAL ORAL IMPLANTS RESEARCH,journalArticle,8YNE4S72,Pan 等 - 2022 - The cumulative effect of error in the digital workflow for complete‐arch implant‐supported framework.pdf,EXCLUDE,"证据片段中仅泛泛提及""an inspection software""和""CAD-CAM technique""，未给出任何具名的第三方非牙科3D软件名称，无法确认该研究自身使用了符合标准的具名软件。",-,-,-,-,"【判定】: EXCLUDE
【判定理由】: 证据片段中仅泛泛提及""an inspection software""和""CAD-CAM technique""，未给出任何具名的第三方非牙科3D软件名称，无法确认该研究自身使用了符合标准的具名软件。
【软件】: -
【专科】: -
【应用场景】: -
【研究设计】: -"
treatment efficiency of maxillary and mandibular orovestibular tooth expansion and compression movements with the invisalign system in adolescents and adults,Treatment Efficiency of Maxillary and Mandibular Orovestibular Tooth Expansion and Compression Movements with the Invisalign? System in Adolescents and Adults,JOURNAL OF CLINICAL MEDICINE,journalArticle,Z96VKUQ8,Keilig 等 - 2024 - Treatment Efficiency of Maxillary and Mandibular Orovestibular Tooth Expansion and Compression Movem.pdf,EXCLUDE,"证据片段中该研究自身使用的软件为 ClinChecks®（""superimposed with ClinChecks® via Surface–Surface Matching Algorithm""），属牙科专用软件；提及的 ToothMeasure 亦为 Invisalign 专有软件，均非第三方非牙科3D软件。",-,-,-,-,"【判定】: EXCLUDE
【判定理由】: 证据片段中该研究自身使用的软件为 ClinChecks®（""superimposed with ClinChecks® via Surface–Surface Matching Algorithm""），属牙科专用软件；提及的 ToothMeasure 亦为 Invisalign 专有软件，均非第三方非牙科3D软件。
【软件】: -
【专科】: -
【应用场景】: -
【研究设计】: -"
marginal bone level of dental implants using computer aided design computer aided manufacturing customized abutment and prefabricated abutment a five year follow up,Marginal bone level of dental implants using computer-aided design/computer-aided manufacturing customized abutment and prefabricated abutment-A five-year follow-up,JOURNAL OF DENTAL SCIENCES,journalArticle,TGGBQBPM,Chao 等 - 2025 - Marginal bone level of dental implants using computer-aided designcomputer-aided manufacturing cust.pdf,EXCLUDE,"证据片段中仅泛泛提及""Computer-aided design/computer-aided manufacturing (CAD/CAM)""技术，未出现任何该研究自身使用的具名第三方非牙科3D软件（如 Mimics、3D Slicer、Geomagic 等）。",-,-,-,-,"【判定】: EXCLUDE
【判定理由】: 证据片段中仅泛泛提及""Computer-aided design/computer-aided manufacturing (CAD/CAM)""技术，未出现任何该研究自身使用的具名第三方非牙科3D软件（如 Mimics、3D Slicer、Geomagic 等）。
【软件】: -
【专科】: -
【应用场景】: -
【研究设计】: -"
advanced surface functionalization strategies for nanofibers in biomedical applications,Advanced surface functionalization strategies for nanofibers in biomedical applications,NEW JOURNAL OF CHEMISTRY,journalArticle,D5QJTGL2,Shabbir和Gashti - 2026 - Advanced surface functionalization strategies for nanofibers in biomedical applications.pdf,EXCLUDE,"该文献为综述（摘要明确为 ""The novelty of this review lies in systematically evaluating...""），且抽取的软件证据片段中未出现任何该研究自身使用的具名第三方非牙科3D软件。",-,-,-,-,"【判定】: EXCLUDE
【判定理由】: 该文献为综述（摘要明确为 ""The novelty of this review lies in systematically evaluating...""），且抽取的软件证据片段中未出现任何该研究自身使用的具名第三方非牙科3D软件。
【软件】: -
【专科】: -
【应用场景】: -
【研究设计】: -"
tsegnet an efficient and accurate tooth segmentation network on 3d dental model,TSegNet: An efficient and accurate tooth segmentation network on 3D dental model,MEDICAL IMAGE ANALYSIS,journalArticle,E77NGNB4,Cui 等 - 2021 - TSegNet An efficient and accurate tooth segmentation network on 3D dental model.pdf,EXCLUDE,"该研究提出的是自研的端到端学习网络 TSegNet（""we propose a novel end-to-end learning based method, called TSegNet""），证据片段中未出现任何该研究自己使用的具名第三方非牙科3D软件。",-,-,-,-,"【判定】: EXCLUDE
【判定理由】: 该研究提出的是自研的端到端学习网络 TSegNet（""we propose a novel end-to-end learning based method, called TSegNet""），证据片段中未出现任何该研究自己使用的具名第三方非牙科3D软件。
【软件】: -
【专科】: -
【应用场景】: -
【研究设计】: -"
digital workflow with open source cad cam software aimed to design a customized 3d laser printed titanium mesh for guided bone regeneration,Digital Workflow with Open-Source CAD-CAM Software Aimed to Design a Customized 3D Laser-Printed Titanium Mesh for Guided Bone Regeneration,BIOENGINEERING-BASEL,journalArticle,E3EJX7HU,Cirrincione 等 - 2025 - Digital Workflow with Open-Source CAD-CAM Software Aimed to Design a Customized 3D Laser-Printed Tit.pdf,EXCLUDE,"证据片段仅提及""an open-source CAD-CAM software""，未给出任何具名的第三方非牙科3D软件名称，无法确认该研究自身使用了符合纳入标准的具名软件。",-,-,-,-,"【判定】: EXCLUDE
【判定理由】: 证据片段仅提及""an open-source CAD-CAM software""，未给出任何具名的第三方非牙科3D软件名称，无法确认该研究自身使用了符合纳入标准的具名软件。
【软件】: -
【专科】: -
【应用场景】: -
【研究设计】: -"
a benchmark dual modality dental imaging dataset and a novel cognitively inspired pipeline for high resolution dental point cloud synthesis,A Benchmark Dual-Modality Dental Imaging Dataset and a Novel Cognitively Inspired Pipeline for High-Resolution Dental Point Cloud Synthesis,COGNITIVE COMPUTATION,journalArticle,SGT6ZTK7,Yu 等 - 2023 - A Benchmark Dual-Modality Dental Imaging Dataset and a Novel Cognitively Inspired Pipeline for High-.pdf,EXCLUDE,"证据片段仅显示该研究开发了自研的""I2DP""流程（""We develop a novel cognitive-inspired CBCT-to-intraoral scanning imaging pipeline named Image to Dental point cloud (I2DP)""），未提及任何具名的第三方非牙科3D软件被该研究自身使用。",-,-,-,-,"【判定】: EXCLUDE
【判定理由】: 证据片段仅显示该研究开发了自研的""I2DP""流程（""We develop a novel cognitive-inspired CBCT-to-intraoral scanning imaging pipeline named Image to Dental point cloud (I2DP)""），未提及任何具名的第三方非牙科3D软件被该研究自身使用。
【软件】: -
【专科】: -
【应用场景】: -
【研究设计】: -"
mandibular canal segmentation from cbct image using 3d convolutional neural network with scse attention,Mandibular Canal Segmentation From CBCT Image Using 3D Convolutional Neural Network With scSE Attention,IEEE ACCESS,journalArticle,C4RBNK8Y,Du 等 - 2022 - Mandibular Canal Segmentation From CBCT Image Using 3D Convolutional Neural Network With scSE Attent.pdf,EXCLUDE,"该研究提出的是自研的3D卷积神经网络（""a mandibular canal segmentation method based on 3D convolutional neural network""），证据片段中未出现任何该研究自己使用的具名第三方非牙科3D软件。",-,-,-,-,"【判定】: EXCLUDE
【判定理由】: 该研究提出的是自研的3D卷积神经网络（""a mandibular canal segmentation method based on 3D convolutional neural network""），证据片段中未出现任何该研究自己使用的具名第三方非牙科3D软件。
【软件】: -
【专科】: -
【应用场景】: -
【研究设计】: -"
standardization of three dimensional pose of cylindrical implants from intraoral radiographs a preliminary study,Standardization of three-dimensional pose of cylindrical implants from intraoral radiographs: a preliminary study,BMC ORAL HEALTH,journalArticle,3UWMQWHI,Cosola 等 - 2021 - Standardization of three-dimensional pose of cylindrical implants from intraoral radiographs a prel.pdf,INCLUDE,"该研究自身在方法中使用""free standalone software Osiris 4.19""获取二维坐标，并使用""MatLab 7.13, The MathWorks""运行算法，均为具名第三方非牙科3D软件。",Osiris 4.19; MATLAB,Oral and Maxillofacial Radiology,3D data analysis and accuracy assessment,computational,"【判定】: INCLUDE
【判定理由】: 该研究自身在方法中使用""free standalone software Osiris 4.19""获取二维坐标，并使用""MatLab 7.13, The MathWorks""运行算法，均为具名第三方非牙科3D软件。
【软件】: Osiris 4.19; MATLAB
【专科】: Oral and Maxillofacial Radiology
【应用场景】: 3D data analysis and accuracy assessment
【研究设计】: computational"
patient satisfaction with cad cam 3d printed complete dentures a systematic analysis of the clinical studies,Patient Satisfaction with CAD/CAM 3D-Printed Complete Dentures: A Systematic Analysis of the Clinical Studies,HEALTHCARE,journalArticle,36MGJIUJ,Alotaibi - 2025 - Patient Satisfaction with CADCAM 3D-Printed Complete Dentures A Systematic Analysis of the Clinica.pdf,EXCLUDE,"该文献为系统综述（""This systematic review compares...""），属于明确排除的文献类型；且证据片段中未出现该研究自身使用的任何具名第三方非牙科3D软件。",-,-,-,-,"【判定】: EXCLUDE
【判定理由】: 该文献为系统综述（""This systematic review compares...""），属于明确排除的文献类型；且证据片段中未出现该研究自身使用的任何具名第三方非牙科3D软件。
【软件】: -
【专科】: -
【应用场景】: -
【研究设计】: -"
biomechanics of dental implantation in the giant panda ailuropoda melanoleuca a comparative study using finite element analysis,Biomechanics of Dental Implantation in the Giant Panda (Ailuropoda melanoleuca): A Comparative Study Using Finite Element Analysis,JOURNAL OF VETERINARY DENTISTRY,journalArticle,NM8NYVD6,Long 等 - 2025 - Biomechanics of Dental Implantation in the Giant Panda ( Ailuropoda melanoleuca ) A Comparat.pdf,EXCLUDE,"证据片段仅泛泛提及""computer-aided design 3D mechanical drawing software""和""an analysis software system for finite element analysis""，未给出任何具名的第三方非牙科3D软件名称。",-,-,-,-,"【判定】: EXCLUDE
【判定理由】: 证据片段仅泛泛提及""computer-aided design 3D mechanical drawing software""和""an analysis software system for finite element analysis""，未给出任何具名的第三方非牙科3D软件名称。
【软件】: -
【专科】: -
【应用场景】: -
【研究设计】: -"
refined surgical protocol for the insertion of bioactive coated titanium microscrews in the rat tibia,Refined Surgical Protocol for the Insertion of Bioactive-coated Titanium Microscrews in the Rat Tibia,IN VIVO,journalArticle,K8X9AYTL,Vera-Becerra 等 - 2026 - Refined Surgical Protocol for the Insertion of Bioactive-coated Titanium Microscrews in the Rat Tibi.pdf,EXCLUDE,证据片段中出现的具名软件 Dragonfly 4.1 用于 micro-CT 图像重建与分析，但其原始开发领域为生物医学显微成像（非牙科3D软件），且该研究核心为动物手术方案；同时 3D 模型仅来自 MorphoSource 的 STL 文件并用于 3D 打印，未体现使用具名第三方非牙科3D软件进行3D数据处理、分析、建模或测量。,-,-,-,-,"【判定】: EXCLUDE
【判定理由】: 证据片段中出现的具名软件 Dragonfly 4.1 用于 micro-CT 图像重建与分析，但其原始开发领域为生物医学显微成像（非牙科3D软件），且该研究核心为动物手术方案；同时 3D 模型仅来自 MorphoSource 的 STL 文件并用于 3D 打印，未体现使用具名第三方非牙科3D软件进行3D数据处理、分析、建模或测量。
【软件】: -
【专科】: -
【应用场景】: -
【研究设计】: -"
three dimensional cranial suture morphometric changes in young rats during normal growth,Three-dimensional cranial suture morphometric changes in young rats during normal growth,BONE,journalArticle,IWPHXENQ,Khurelbaatar 等 - 2025 - Three-dimensional cranial suture morphometric changes in young rats during normal growth.pdf,INCLUDE,"该研究自身在方法中使用具名第三方非牙科3D软件处理μCT数据，如""imported to Mimics 25 (Materialise, Leuven, Belgium)""、""imported into SpaceClaim 2020R2 (Ansys, Inc., ...)""以及""imported into Matlab 2022b (MathWorks, ...)""。",Mimics; SpaceClaim (Ansys); MATLAB,Orthodontics,Morphological and phenotypic analysis,in_vitro,"【判定】: INCLUDE
【判定理由】: 该研究自身在方法中使用具名第三方非牙科3D软件处理μCT数据，如""imported to Mimics 25 (Materialise, Leuven, Belgium)""、""imported into SpaceClaim 2020R2 (Ansys, Inc., ...)""以及""imported into Matlab 2022b (MathWorks, ...)""。
【软件】: Mimics; SpaceClaim (Ansys); MATLAB
【专科】: Orthodontics
【应用场景】: Morphological and phenotypic analysis
【研究设计】: in_vitro"
automatic orbital segmentation using deep learning based 2d u net and accuracy evaluation a retrospective study,Automatic orbital segmentation using deep learning-based 2D U-net and accuracy evaluation: A retrospective study,JOURNAL OF CRANIO-MAXILLOFACIAL SURGERY,journalArticle,5SRGE8HN,Morita 等 - 2023 - Automatic orbital segmentation using deep learning-based 2D U-net and accuracy evaluation A retrosp.pdf,EXCLUDE,"该研究仅使用自研的深度学习模型 U-Net（""the training of DL was performed using U-Net as the DL model""），属于自建算法/代码，证据片段中未出现任何具名的第三方非牙科3D软件被该研究自己使用。",-,-,-,-,"【判定】: EXCLUDE
【判定理由】: 该研究仅使用自研的深度学习模型 U-Net（""the training of DL was performed using U-Net as the DL model""），属于自建算法/代码，证据片段中未出现任何具名的第三方非牙科3D软件被该研究自己使用。
【软件】: -
【专科】: -
【应用场景】: -
【研究设计】: -"
latest advances in augmented reality technology and its integration into the digital workflow,Latest advances in augmented reality technology and its integration into the digital workflow,INTERNATIONAL JOURNAL OF COMPUTERIZED DENTISTRY,journalArticle,243K7RNJ,Marchand 等 - 2020 - Latest advances in augmented reality technology and its integration into the digital workflow.pdf,EXCLUDE,"证据片段仅泛泛提及""Mit spezieller Software wurde ein virtuelles AR-Mock-up angefertigt""和""in ein CAD-Programm importiert""，未给出任何具名的第三方非牙科3D软件名称。",-,-,-,-,"【判定】: EXCLUDE
【判定理由】: 证据片段仅泛泛提及""Mit spezieller Software wurde ein virtuelles AR-Mock-up angefertigt""和""in ein CAD-Programm importiert""，未给出任何具名的第三方非牙科3D软件名称。
【软件】: -
【专科】: -
【应用场景】: -
【研究设计】: -"
a novel digitized method for the design and additive manufacturing of orthodontic space maintainers,A Novel Digitized Method for the Design and Additive Manufacturing of Orthodontic Space Maintainers,APPLIED SCIENCES-BASEL,journalArticle,MACLY32F,Tamburrino 等 - 2023 - A Novel Digitized Method for the Design and Additive Manufacturing of Orthodontic Space Maintainers.pdf,EXCLUDE,证据片段中提及的具名软件（3Shape、Exocad）均为牙科专用软件，且仅出现在引用他人研究（Lee [19]、Khanna et al. [20]）的语境中，未显示该研究自身使用了任何具名的第三方非牙科3D软件。,-,-,-,-,"【判定】: EXCLUDE
【判定理由】: 证据片段中提及的具名软件（3Shape、Exocad）均为牙科专用软件，且仅出现在引用他人研究（Lee [19]、Khanna et al. [20]）的语境中，未显示该研究自身使用了任何具名的第三方非牙科3D软件。
【软件】: -
【专科】: -
【应用场景】: -
【研究设计】: -"
clinical efficacy of early intervention timing for inversely impacted maxillary central incisors,Clinical efficacy of early intervention timing for inversely impacted maxillary central incisors,JOURNAL OF CLINICAL PEDIATRIC DENTISTRY,journalArticle,UYKQ4QIQ,2025 - Clinical efficacy of early intervention timing for inversely impacted maxillary central incisors.pdf,INCLUDE,"该研究自身在方法中使用""Mimics 21.0 software (Materialise, Belgium)""对CBCT数据进行三维重建与牙体积、表面积测量，属具名第三方非牙科3D软件。",Mimics,Orthodontics,Image segmentation and 3D reconstruction,clinical,"【判定】: INCLUDE
【判定理由】: 该研究自身在方法中使用""Mimics 21.0 software (Materialise, Belgium)""对CBCT数据进行三维重建与牙体积、表面积测量，属具名第三方非牙科3D软件。
【软件】: Mimics
【专科】: Orthodontics
【应用场景】: Image segmentation and 3D reconstruction
【研究设计】: clinical"
from transparent cranial windows to multifunctional smart cranial platforms,From Transparent Cranial Windows to Multifunctional Smart Cranial Platforms,ELECTRONICS,journalArticle,UEURX7WW,Yang 等 - 2022 - From Transparent Cranial Windows to Multifunctional Smart Cranial Platforms.pdf,EXCLUDE,"该文献为综述（摘要明确""we briefly reviewed the development of cranial windows""），且主题为颅窗/脑科学而非口腔医学；抽取的软件相关片段均为参考文献，未显示该研究自身使用任何具名第三方非牙科3D软件。",-,-,-,-,"【判定】: EXCLUDE
【判定理由】: 该文献为综述（摘要明确""we briefly reviewed the development of cranial windows""），且主题为颅窗/脑科学而非口腔医学；抽取的软件相关片段均为参考文献，未显示该研究自身使用任何具名第三方非牙科3D软件。
【软件】: -
【专科】: -
【应用场景】: -
【研究设计】: -"
path planning and navigation of miniature serpentine robot for bronchoscopy application,Path Planning and Navigation of Miniature Serpentine Robot for Bronchoscopy Application,MICROMACHINES,journalArticle,4WCH6H5S,Kuan 等 - 2023 - Path Planning and Navigation of Miniature Serpentine Robot for Bronchoscopy Application..pdf,EXCLUDE,"该研究主题为支气管镜机器人路径规划，不属于口腔医学任一学科；且证据片段中未出现该研究自身使用的具名第三方非牙科3D软件（仅提及""the method of reconstructing a 3D model of the bronchial tree from medical image information is not addressed""）。",-,-,-,-,"【判定】: EXCLUDE
【判定理由】: 该研究主题为支气管镜机器人路径规划，不属于口腔医学任一学科；且证据片段中未出现该研究自身使用的具名第三方非牙科3D软件（仅提及""the method of reconstructing a 3D model of the bronchial tree from medical image information is not addressed""）。
【软件】: -
【专科】: -
【应用场景】: -
【研究设计】: -"
influence of age related changes on crack growth trajectories and toughening mechanisms in human dentin,Influence of age-related changes on crack growth trajectories and toughening mechanisms in human dentin,DENTAL MATERIALS,journalArticle,6P4BE843,Maghami和Najafi - 2022 - Influence of age-related changes on crack growth trajectories and toughening mechanisms in human den.pdf,INCLUDE,"该研究自身在材料与方法中使用 MATLAB 生成微结构模型（""Using the randomization procedure in MATLAB, tubules are placed in the ITD matrix""），并使用 Abaqus 求解相场断裂问题（""We use a staggered scheme in a user-defined element subroutine (UEL) into Abaqus""）。",MATLAB; Abaqus,Oral Biology / Dental Materials（填一个：Dental Materials）,Biomechanical analysis and simulation,computational,"【判定】: INCLUDE
【判定理由】: 该研究自身在材料与方法中使用 MATLAB 生成微结构模型（""Using the randomization procedure in MATLAB, tubules are placed in the ITD matrix""），并使用 Abaqus 求解相场断裂问题（""We use a staggered scheme in a user-defined element subroutine (UEL) into Abaqus""）。
【软件】: MATLAB; Abaqus
【专科】: Oral Biology / Dental Materials（填一个：Dental Materials）
【应用场景】: Biomechanical analysis and simulation
【研究设计】: computational"
influence of screw channel angulation on the fracture resistance of zirconia abutments an in vitro study,Influence of Screw Channel Angulation on the Fracture Resistance of Zirconia Abutments: An In Vitro Study,JOURNAL OF PROSTHODONTICS-IMPLANT ESTHETIC AND RECONSTRUCTIVE DENTISTRY,journalArticle,DK37WK6Y,Garcia-Hammaker 等 - 2021 - Influence of Screw Channel Angulation on the Fracture Resistance of Zirconia Abutments An In Vitro.pdf,EXCLUDE,"该研究使用的软件为 ""NobelProcera 3D GUI"" 和 ""NobelProcera 2G Scanner""（Nobel Biocare），属于牙科专用软件，不符合""具名第三方非牙科3D软件""的纳入标准；Bluehill 2 为力学测试仪操作软件，非3D数据处理软件。",-,-,-,-,"【判定】: EXCLUDE
【判定理由】: 该研究使用的软件为 ""NobelProcera 3D GUI"" 和 ""NobelProcera 2G Scanner""（Nobel Biocare），属于牙科专用软件，不符合""具名第三方非牙科3D软件""的纳入标准；Bluehill 2 为力学测试仪操作软件，非3D数据处理软件。
【软件】: -
【专科】: -
【应用场景】: -
【研究设计】: -"
the effect of hard tissue defects on the clinical outcome of endodontic microsurgery a systematic review and meta analysis,The effect of hard tissue defects on the clinical outcome of endodontic microsurgery: a systematic review and meta-analysis,CLINICAL ORAL INVESTIGATIONS,journalArticle,HVD7DYA7,Sabeti 等 - 2023 - The effect of hard tissue defects on the clinical outcome of endodontic microsurgery a systematic r.pdf,EXCLUDE,"该文献为系统综述与meta分析（""The purpose of this systematic review was to appraise the existing literature""），属排除的文献类型；且所用软件仅为统计软件 RevMan 与文献管理软件 Zotero，并非用于3D数据处理、分析、建模或测量的具名第三方非牙科3D软件。",-,-,-,-,"【判定】: EXCLUDE
【判定理由】: 该文献为系统综述与meta分析（""The purpose of this systematic review was to appraise the existing literature""），属排除的文献类型；且所用软件仅为统计软件 RevMan 与文献管理软件 Zotero，并非用于3D数据处理、分析、建模或测量的具名第三方非牙科3D软件。
【软件】: -
【专科】: -
【应用场景】: -
【研究设计】: -"
ligand based design of novel quinoline derivatives as potential anticancer agents an in silico virtual screening approach,Ligand-Based Design of Novel Quinoline Derivatives as Potential Anticancer Agents: An In-Silico Virtual Screening Approach,MOLECULES,journalArticle,5PXEM5JA,Mkhayar 等 - 2024 - Ligand-Based Design of Novel Quinoline Derivatives as Potential Anticancer Agents An In-Silico Virt.pdf,EXCLUDE,"该文献主题为抗癌药物的计算机辅助药物设计（""Ligand-Based Design of Novel Quinoline Derivatives as Potential Anticancer Agents""），不属于口腔医学任一学科，且使用的软件（SYBYL-X、AutoDock、Discovery Studio 等）用于分子建模与对接，而非牙科3D数据处理。",-,-,-,-,"【判定】: EXCLUDE
【判定理由】: 该文献主题为抗癌药物的计算机辅助药物设计（""Ligand-Based Design of Novel Quinoline Derivatives as Potential Anticancer Agents""），不属于口腔医学任一学科，且使用的软件（SYBYL-X、AutoDock、Discovery Studio 等）用于分子建模与对接，而非牙科3D数据处理。
【软件】: -
【专科】: -
【应用场景】: -
【研究设计】: -"
a rare case of loricrin gene c 684dup mutation associated with vohwinkel syndrome in a turkish patient in silico analysis and literature review,"A rare case of LORICRIN gene c.684dup mutation associated with Vohwinkel syndrome in a Turkish patient, in silico analysis and literature review",MOLECULAR BIOLOGY REPORTS,journalArticle,7XXVP386,Yavas 等 - 2025 - A rare case of LORICRIN gene c.684dup mutation associated with Vohwinkel syndrome in a Turkish patie.pdf,EXCLUDE,该研究主题为皮肤病（Vohwinkel 综合征/LORICRIN 基因突变），不属于口腔医学任一学科；且所用软件（I-TASSER、ModRefiner、Chimera）用于蛋白质结构建模，并非牙科3D数据处理。,-,-,-,-,"【判定】: EXCLUDE
【判定理由】: 该研究主题为皮肤病（Vohwinkel 综合征/LORICRIN 基因突变），不属于口腔医学任一学科；且所用软件（I-TASSER、ModRefiner、Chimera）用于蛋白质结构建模，并非牙科3D数据处理。
【软件】: -
【专科】: -
【应用场景】: -
【研究设计】: -"
vistooth a visualization framework for tooth segmentation on panoramic radiograph,ViSTooth: a visualization framework for tooth segmentation on panoramic radiograph,JOURNAL OF VISUALIZATION,journalArticle,EX7GXGSG,Zhu 等 - 2025 - ViSTooth a visualization framework for tooth segmentation on panoramic radiograph.pdf,EXCLUDE,该研究仅使用自研的 ViSTooth 可视化框架和 Mask R-CNN 模型进行牙齿分割，证据片段中未出现任何具名的第三方非牙科3D软件被该研究自己使用。,-,-,-,-,"【判定】: EXCLUDE
【判定理由】: 该研究仅使用自研的 ViSTooth 可视化框架和 Mask R-CNN 模型进行牙齿分割，证据片段中未出现任何具名的第三方非牙科3D软件被该研究自己使用。
【软件】: -
【专科】: -
【应用场景】: -
【研究设计】: -"
influence of printing angulation on the surface roughness of additive manufactured clear silicone indices an in vitro study,Influence of printing angulation on the surface roughness of additive manufactured clear silicone indices: An in vitro study,JOURNAL OF PROSTHETIC DENTISTRY,journalArticle,7E9FRYX7,Revilla-León 等 - 2021 - Influence of printing angulation on the surface roughness of additive manufactured clear silicone in.pdf,EXCLUDE,"证据片段中仅提及牙科专用打印机软件""Perfactory Build Style Editor; EnvisionTEC""用于定义打印参数，未出现任何具名的第三方非牙科3D软件被该研究自己使用。",-,-,-,-,"【判定】: EXCLUDE
【判定理由】: 证据片段中仅提及牙科专用打印机软件""Perfactory Build Style Editor; EnvisionTEC""用于定义打印参数，未出现任何具名的第三方非牙科3D软件被该研究自己使用。
【软件】: -
【专科】: -
【应用场景】: -
【研究设计】: -"
procedure increasing the accuracy of modelling and the manufacturing of surgical templates with the use of 3d printing techniques applied in planning the procedures of reconstruction of the mandible,"Procedure Increasing the Accuracy of Modelling and the Manufacturing of Surgical Templates with the Use of 3D Printing Techniques, Applied in Planning the Procedures of Reconstruction of the Mandible",JOURNAL OF CLINICAL MEDICINE,journalArticle,6B24QV77,Turek 等 - 2021 - Procedure Increasing the Accuracy of Modelling and the Manufacturing of Surgical Templates with the.pdf,EXCLUDE,抽取的证据片段仅泛泛提及 CAD、RE、RP 等方法及 DICOM 数据，未出现任何该研究自身使用的具名第三方非牙科3D软件（如 Mimics、Geomagic 等）的原文名称。,-,-,-,-,"【判定】: EXCLUDE
【判定理由】: 抽取的证据片段仅泛泛提及 CAD、RE、RP 等方法及 DICOM 数据，未出现任何该研究自身使用的具名第三方非牙科3D软件（如 Mimics、Geomagic 等）的原文名称。
【软件】: -
【专科】: -
【应用场景】: -
【研究设计】: -"
dc yolov5 based target detection algorithm for cervical vertebral maturation,DC-YOLOv5-based target detection algorithm for cervical vertebral maturation,PHYSICAL AND ENGINEERING SCIENCES IN MEDICINE,journalArticle,JY2ZTUL8,Jiang 等 - 2024 - DC-YOLOv5-based target detection algorithm for cervical vertebral maturation..pdf,EXCLUDE,"该研究仅使用自研的 DC-YOLOv5 模型（基于 YOLOv5 优化），证据片段中软件环境仅为 ""ubuntu18.04, pytorch1.7.0, cuda10.2""，未使用任何具名的第三方非牙科3D软件进行3D数据处理、分析、建模或测量。",-,-,-,-,"【判定】: EXCLUDE
【判定理由】: 该研究仅使用自研的 DC-YOLOv5 模型（基于 YOLOv5 优化），证据片段中软件环境仅为 ""ubuntu18.04, pytorch1.7.0, cuda10.2""，未使用任何具名的第三方非牙科3D软件进行3D数据处理、分析、建模或测量。
【软件】: -
【专科】: -
【应用场景】: -
【研究设计】: -"
b onic platform for point of care 3d printing in oral and maxillofacial surgery clinical implementation and surgical impact,B-Onic Platform for Point-of-Care 3D Printing in Oral and Maxillofacial Surgery: Clinical Implementation and Surgical Impact,MEDICINA-LITHUANIA,journalArticle,ANKKID2R,Cebrián-Carretero 等 - 2026 - B-Onic Platform for Point-of-Care 3D Printing in Oral and Maxillofacial Surgery Clinical Implementa.pdf,EXCLUDE,"证据片段仅提及""B-Onic platform""及泛泛的""CAD/CAM technologies""，未出现任何该研究自身使用的具名第三方非牙科3D软件（如Mimics、3D Slicer、Geomagic等）。",-,-,-,-,"【判定】: EXCLUDE
【判定理由】: 证据片段仅提及""B-Onic platform""及泛泛的""CAD/CAM technologies""，未出现任何该研究自身使用的具名第三方非牙科3D软件（如Mimics、3D Slicer、Geomagic等）。
【软件】: -
【专科】: -
【应用场景】: -
【研究设计】: -"
three dimensional analysis of mandibular and condylar growth using artificial intelligence tools a comparison of twin block and frankel ii appliances,Three-dimensional analysis of mandibular and condylar growth using artificial intelligence tools: a comparison of twin-block and Frankel II Appliances,BMC ORAL HEALTH,journalArticle,Y5JWYY4F,Shihabi 等 - 2025 - Three-dimensional analysis of mandibular and condylar growth using artificial intelligence tools a.pdf,EXCLUDE,"该研究使用的是自研/自建算法""3D UX-Net algorithm was used to extract the 3D models""，以及""Visual Basic software was employed to develop a method""，均非具名第三方非牙科3D软件；Viewbox 为牙科专用软件。",-,-,-,-,"【判定】: EXCLUDE
【判定理由】: 该研究使用的是自研/自建算法""3D UX-Net algorithm was used to extract the 3D models""，以及""Visual Basic software was employed to develop a method""，均非具名第三方非牙科3D软件；Viewbox 为牙科专用软件。
【软件】: -
【专科】: -
【应用场景】: -
【研究设计】: -"
effectiveness of cad cam milled versus dmls titanium frameworks for hybrid denture prosthesis a narrative review,Effectiveness of CAD-CAM Milled Versus DMLS Titanium Frameworks for Hybrid Denture Prosthesis: A Narrative Review,JOURNAL OF FUNCTIONAL BIOMATERIALS,journalArticle,SUD7BUUE,Deeban - 2024 - Effectiveness of CAD-CAM Milled Versus DMLS Titanium Frameworks for Hybrid Denture Prosthesis A Nar.pdf,EXCLUDE,"该文献为叙述性综述（""This narrative review aimed to evaluate...""），且证据片段中未出现该研究自身使用的任何具名第三方非牙科3D软件。",-,-,-,-,"【判定】: EXCLUDE
【判定理由】: 该文献为叙述性综述（""This narrative review aimed to evaluate...""），且证据片段中未出现该研究自身使用的任何具名第三方非牙科3D软件。
【软件】: -
【专科】: -
【应用场景】: -
【研究设计】: -"
three dimensional assessment of condylar head position in cbct scans before and after orthognathic surgery,Three-dimensional assessment of condylar head position in CBCT scans before and after orthognathic surgery,BMC ORAL HEALTH,journalArticle,ZTHT59HZ,Schultze-Mosgau 等 - 2026 - Three-dimensional assessment of condylar head position in CBCT scans before and after orthognathic s.pdf,EXCLUDE,"该研究自身使用的软件为 IPS CaseDesigner®（""CBCT analysis was performed in IPS CaseDesigner®""），属于牙科专用软件；其余提及的 Label Studio、Python、Visual Studio Code 均非三维（3D）数据处理/分析/建模软件，不满足纳入标准。",-,-,-,-,"【判定】: EXCLUDE
【判定理由】: 该研究自身使用的软件为 IPS CaseDesigner®（""CBCT analysis was performed in IPS CaseDesigner®""），属于牙科专用软件；其余提及的 Label Studio、Python、Visual Studio Code 均非三维（3D）数据处理/分析/建模软件，不满足纳入标准。
【软件】: -
【专科】: -
【应用场景】: -
【研究设计】: -"
peptide platform for 3d printed ti implants with synergistic antibacterial and osteogenic functions to enhance osseointegration,Peptide platform for 3D-printed Ti implants with synergistic antibacterial and osteogenic functions to enhance osseointegration,MATERIALS TODAY BIO,journalArticle,LVWLQ4KG,Cui 等 - 2025 - Peptide platform for 3D-printed Ti implants with synergistic antibacterial and osteogenic functions.pdf,EXCLUDE,证据片段中出现的具名软件为 PSIPRED、PEP-FOLD（蛋白结构预测）和 Origin（释放动力学建模），均非牙科三维（3D）数据处理/分析/建模/测量软件，不符合纳入标准第2条。,-,-,-,-,"【判定】: EXCLUDE
【判定理由】: 证据片段中出现的具名软件为 PSIPRED、PEP-FOLD（蛋白结构预测）和 Origin（释放动力学建模），均非牙科三维（3D）数据处理/分析/建模/测量软件，不符合纳入标准第2条。
【软件】: -
【专科】: -
【应用场景】: -
【研究设计】: -"
reproducibility of a three dimensional skeletal based craniofacial orientation method for virtual surgical planning,Reproducibility of a three-dimensional skeletal-based craniofacial orientation method for virtual surgical planning,BRITISH JOURNAL OF ORAL & MAXILLOFACIAL SURGERY,journalArticle,2UKDGZ3I,Dos Santos 等 - 2022 - Reproducibility of a three-dimensional skeletal-based craniofacial orientation method for virtual su.pdf,EXCLUDE,"证据片段中唯一具名的软件是 ""Dolphin Imaging software version 11.95""，属于牙科专用软件（正畸/颌面影像软件），不符合""第三方非牙科3D软件""的要求。",-,-,-,-,"【判定】: EXCLUDE
【判定理由】: 证据片段中唯一具名的软件是 ""Dolphin Imaging software version 11.95""，属于牙科专用软件（正畸/颌面影像软件），不符合""第三方非牙科3D软件""的要求。
【软件】: -
【专科】: -
【应用场景】: -
【研究设计】: -"
wirelessly powered ingestible capsule for optical stimulation of the gastrointestinal tract in rodents,Wirelessly Powered Ingestible Capsule for Optical Stimulation of the Gastrointestinal Tract in Rodents,ADVANCED MATERIALS TECHNOLOGIES,journalArticle,EVEZQULA,Elsherif 等 - 2025 - Wirelessly Powered Ingestible Capsule for Optical Stimulation of the Gastrointestinal Tract in Roden.pdf,EXCLUDE,该研究主题为用于啮齿动物胃肠道光刺激的可摄入电子胶囊，不属于口腔医学任一学科；且所用软件（Ansys Electronic Desktop、Tinkercad）用于电磁建模与胶囊模具设计，与口腔3D数据处理无关。,-,-,-,-,"【判定】: EXCLUDE
【判定理由】: 该研究主题为用于啮齿动物胃肠道光刺激的可摄入电子胶囊，不属于口腔医学任一学科；且所用软件（Ansys Electronic Desktop、Tinkercad）用于电磁建模与胶囊模具设计，与口腔3D数据处理无关。
【软件】: -
【专科】: -
【应用场景】: -
【研究设计】: -"
workflow for guided implant placement based on anatomic landmarks and the cad cam fabrication of a prosthetic framework for an implant supported fixed dental prosthesis,Workflow for guided implant placement based on anatomic landmarks and the CAD-CAM fabrication of a prosthetic framework for an implant-supported fixed dental prosthesis,JOURNAL OF PROSTHETIC DENTISTRY,journalArticle,YWYMMHNG,Cuellar 等 - 2026 - Workflow for guided implant placement based on anatomic landmarks and the CAD-CAM fabrication of a p.pdf,EXCLUDE,"证据片段中仅泛泛提及 ""CAD-CAM""、""CBCT""、""virtual planning"" 等通用技术，未出现任何该研究自身使用的具名第三方非牙科3D软件（如 Mimics、3D Slicer、Geomagic 等）。",-,-,-,-,"【判定】: EXCLUDE
【判定理由】: 证据片段中仅泛泛提及 ""CAD-CAM""、""CBCT""、""virtual planning"" 等通用技术，未出现任何该研究自身使用的具名第三方非牙科3D软件（如 Mimics、3D Slicer、Geomagic 等）。
【软件】: -
【专科】: -
【应用场景】: -
【研究设计】: -"
artificial intelligence based classification and prediction of medical imaging using a novel framework of inverted and self attention deep neural network architecture,Artificial intelligence based classification and prediction of medical imaging using a novel framework of inverted and self-attention deep neural network architecture,SCIENTIFIC REPORTS,journalArticle,BSQF9HQ9,Aftab 等 - 2025 - Artificial intelligence based classification and prediction of medical imaging using a novel framewo.pdf,EXCLUDE,"该研究主题为医学影像（皮肤镜、乳腺、CT等）的深度学习分类，不属于口腔医学任一学科；且其自研IRCNN/SACNN架构，仅在""the entire simulation process was conducted on MATLAB2023b""中提及MATLAB，但主题不符口腔医学。",-,-,-,-,"【判定】: EXCLUDE
【判定理由】: 该研究主题为医学影像（皮肤镜、乳腺、CT等）的深度学习分类，不属于口腔医学任一学科；且其自研IRCNN/SACNN架构，仅在""the entire simulation process was conducted on MATLAB2023b""中提及MATLAB，但主题不符口腔医学。
【软件】: -
【专科】: -
【应用场景】: -
【研究设计】: -"
a systematic review of digital removable partial dentures part ii cad cam framework artificial teeth and denture base,"A systematic review of digital removable partial dentures. Part II: CAD/CAM framework, artificial teeth, and denture base",JOURNAL OF PROSTHODONTIC RESEARCH,journalArticle,4C8YNE69,"Takaichi 等 - 2022 - A systematic review of digital removable partial dentures. Part II CADCAM framework, artificial te.pdf",EXCLUDE,"该文献为系统综述（""We report a systematic review in accordance with the Preferred Reporting Items for Systematic Reviews and Meta-Analyses Protocols""），属于排除的文献类型；且证据片段中未出现该研究自身使用的具名第三方非牙科3D软件。",-,-,-,-,"【判定】: EXCLUDE
【判定理由】: 该文献为系统综述（""We report a systematic review in accordance with the Preferred Reporting Items for Systematic Reviews and Meta-Analyses Protocols""），属于排除的文献类型；且证据片段中未出现该研究自身使用的具名第三方非牙科3D软件。
【软件】: -
【专科】: -
【应用场景】: -
【研究设计】: -"
surgical navigation augmented reality and 3d printing for hard palate adenoid cystic carcinoma en bloc resection case report and literature review,"Surgical Navigation, Augmented Reality, and 3D Printing for Hard Palate Adenoid Cystic Carcinoma En-Bloc Resection: Case Report and Literature Review",FRONTIERS IN ONCOLOGY,journalArticle,I623BJYL,"García-Sevilla 等 - 2022 - Surgical Navigation, Augmented Reality, and 3D Printing for Hard Palate Adenoid Cystic Carcinoma En-.pdf",EXCLUDE,"证据片段仅泛泛提及""the navigation software""和""augmented reality""、""HoloLens""等，未出现该研究自身在材料与方法中使用的具名第三方非牙科3D软件（如Mimics、3D Slicer等）。",-,-,-,-,"【判定】: EXCLUDE
【判定理由】: 证据片段仅泛泛提及""the navigation software""和""augmented reality""、""HoloLens""等，未出现该研究自身在材料与方法中使用的具名第三方非牙科3D软件（如Mimics、3D Slicer等）。
【软件】: -
【专科】: -
【应用场景】: -
【研究设计】: -"
prediction of age and sex from paranasal sinus images using a deep learning network,Prediction of age and sex from paranasal sinus images using a deep learning network,MEDICINE,journalArticle,JKKFZSKB,Kim 等 - 2021 - Prediction of age and sex from paranasal sinus images using a deep learning network.pdf,EXCLUDE,该研究仅使用自建的 CNN 模型（ResNet-152 和 DenseNet-169 架构），证据片段中未出现任何具名的第三方非牙科3D软件被该研究自己使用。,-,-,-,-,"【判定】: EXCLUDE
【判定理由】: 该研究仅使用自建的 CNN 模型（ResNet-152 和 DenseNet-169 架构），证据片段中未出现任何具名的第三方非牙科3D软件被该研究自己使用。
【软件】: -
【专科】: -
【应用场景】: -
【研究设计】: -"
does adding markers increase the accuracy and efficiency of intraoral scanning of complete dentures,Does adding markers increase the accuracy and efficiency of intraoral scanning of complete dentures?,JOURNAL OF PROSTHETIC DENTISTRY,journalArticle,92NITIHK,Lu 等 - 2025 - Does adding markers increase the accuracy and efficiency of intraoral scanning of complete dentures.pdf,EXCLUDE,"证据片段中唯一具名的软件为 exocad（""aligned to the reference model using a best-fit algorithm in the exocad software program""），而 exocad 属于牙科专用软件，不符合""第三方非牙科3D软件""的纳入要求；G*Power 为统计功效软件，非3D数据处理软件。",-,-,-,-,"【判定】: EXCLUDE
【判定理由】: 证据片段中唯一具名的软件为 exocad（""aligned to the reference model using a best-fit algorithm in the exocad software program""），而 exocad 属于牙科专用软件，不符合""第三方非牙科3D软件""的纳入要求；G*Power 为统计功效软件，非3D数据处理软件。
【软件】: -
【专科】: -
【应用场景】: -
【研究设计】: -"
blunt force vs fall induced head trauma a systematic review and methodological framework,Blunt force vs. fall-induced head trauma: a systematic review and methodological framework,FORENSIC SCIENCE MEDICINE AND PATHOLOGY,journalArticle,V6GBIM4R,Calabrese 等 - 2026 - Blunt force vs. fall-induced head trauma a systematic review and methodological framework.pdf,EXCLUDE,"该文献为系统综述（""a systematic review using PubMed, Scopus and Web of Science databases has been performed""），属于排除的文献类型；且证据片段中仅泛泛提及 FEM、3D reconstruction 等技术，未显示该研究自身使用任何具名第三方非牙科3D软件。",-,-,-,-,"【判定】: EXCLUDE
【判定理由】: 该文献为系统综述（""a systematic review using PubMed, Scopus and Web of Science databases has been performed""），属于排除的文献类型；且证据片段中仅泛泛提及 FEM、3D reconstruction 等技术，未显示该研究自身使用任何具名第三方非牙科3D软件。
【软件】: -
【专科】: -
【应用场景】: -
【研究设计】: -"
mandibular extracellular vesicles mediate morphogenesis and mineralization of tooth germs in miniature swine through the mir 206 hdac4 signaling axis,Mandibular extracellular vesicles mediate morphogenesis and mineralization of tooth germs in miniature swine through the miR-206/HDAC4 signaling axis,FRONTIERS IN CELL AND DEVELOPMENTAL BIOLOGY,journalArticle,IJJPZDUJ,Cao 等 - 2026 - Mandibular extracellular vesicles mediate morphogenesis and mineralization of tooth germs in miniatu.pdf,INCLUDE,"该研究自身在方法中使用 Mimics Research 21.0 进行 micro-CT 三维重建与矿化分析，原文为 ""3D reconstructions and mineralization analyses were performed in Mimics Research 21.0 (Materialise)""。",Mimics Research 21.0,Oral and Maxillofacial Surgery,Image segmentation and 3D reconstruction,in_vitro,"【判定】: INCLUDE
【判定理由】: 该研究自身在方法中使用 Mimics Research 21.0 进行 micro-CT 三维重建与矿化分析，原文为 ""3D reconstructions and mineralization analyses were performed in Mimics Research 21.0 (Materialise)""。
【软件】: Mimics Research 21.0
【专科】: Oral and Maxillofacial Surgery
【应用场景】: Image segmentation and 3D reconstruction
【研究设计】: in_vitro"
structure aware 3d tooth modeling via prompt guided segmentation and multi view projection,Structure-Aware 3D Tooth Modeling via Prompt-Guided Segmentation and Multi-View Projection,PROCESSES,journalArticle,LYV7BI9J,Wang 等 - 2025 - Structure-Aware 3D Tooth Modeling via Prompt-Guided Segmentation and Multi-View Projection.pdf,EXCLUDE,证据片段仅显示该研究使用自研流程及 Segment Anything Model (SAM)、T-Rex2 等自建/深度学习模型，未出现任何具名的第三方非牙科3D软件被该研究自己使用。,-,-,-,-,"【判定】: EXCLUDE
【判定理由】: 证据片段仅显示该研究使用自研流程及 Segment Anything Model (SAM)、T-Rex2 等自建/深度学习模型，未出现任何具名的第三方非牙科3D软件被该研究自己使用。
【软件】: -
【专科】: -
【应用场景】: -
【研究设计】: -"
framework nucleic acid nanomaterials for central nervous system therapies design for barrier penetration targeted delivery cellular uptake and endosomal escape,"Framework Nucleic Acid Nanomaterials for Central Nervous System Therapies: Design for Barrier Penetration, Targeted Delivery, Cellular Uptake, and Endosomal Escape",ACS NANO,journalArticle,IPXV8YNC,Chen 等 - 2025 - Framework Nucleic Acid Nanomaterials for Central Nervous System Therapies Design for Barrier Penetr.pdf,EXCLUDE,"该文献为综述（摘要明确 ""This review systematically analyzes FNA design strategies""），且证据片段中未出现该研究自身使用的具名第三方非牙科3D软件，仅泛泛提及 ""computational modeling""。",-,-,-,-,"【判定】: EXCLUDE
【判定理由】: 该文献为综述（摘要明确 ""This review systematically analyzes FNA design strategies""），且证据片段中未出现该研究自身使用的具名第三方非牙科3D软件，仅泛泛提及 ""computational modeling""。
【软件】: -
【专科】: -
【应用场景】: -
【研究设计】: -"
freehand 3d ultrasound imaging toward midfacial bone surface reconstruction for intraoperative image registration,Freehand 3D ultrasound imaging toward midfacial bone surface reconstruction for intraoperative image registration,MEDICAL PHYSICS,journalArticle,AP2R48W4,Han 等 - 2025 - Freehand 3D ultrasound imaging toward midfacial bone surface reconstruction for intraoperative image.pdf,EXCLUDE,"证据片段显示该研究使用自研网络（""a short-term dense concatenate network (STDC)""、""a self-supervised Freehand 3D Ultrasound Neural Surface Reconstruction network (FUNSR)""）进行分割与重建，未提及任何具名的第三方非牙科3D软件。",-,-,-,-,"【判定】: EXCLUDE
【判定理由】: 证据片段显示该研究使用自研网络（""a short-term dense concatenate network (STDC)""、""a self-supervised Freehand 3D Ultrasound Neural Surface Reconstruction network (FUNSR)""）进行分割与重建，未提及任何具名的第三方非牙科3D软件。
【软件】: -
【专科】: -
【应用场景】: -
【研究设计】: -"
the importance of interfaces in multi material biofabricated tissue structures,The Importance of Interfaces in Multi-Material Biofabricated Tissue Structures,ADVANCED HEALTHCARE MATERIALS,journalArticle,72UG4277,Viola 等 - 2021 - The Importance of Interfaces in Multi-Material Biofabricated Tissue Structures.pdf,EXCLUDE,"该文献为综述（摘要明确""in this review, this gap is bridged by critically examining...""），且证据片段中未出现该研究自身使用的具名第三方非牙科3D软件，仅提及CAD model等泛泛内容。",-,-,-,-,"【判定】: EXCLUDE
【判定理由】: 该文献为综述（摘要明确""in this review, this gap is bridged by critically examining...""），且证据片段中未出现该研究自身使用的具名第三方非牙科3D软件，仅提及CAD model等泛泛内容。
【软件】: -
【专科】: -
【应用场景】: -
【研究设计】: -"
evaluation of the stability of the palatal rugae using the three dimensional orthodontic treatment,Evaluation of the stability of the palatal rugae using the three-dimensional orthodontic treatment,JOURNAL OF DENTISTRY,journalArticle,IUQMK852,Zhao 等 - 2022 - Evaluation of the stability of the palatal rugae using the three-dimensional superimposition techniq.pdf,EXCLUDE,"证据片段仅提到""using reverse engineering software""和""An iterative closest point (ICP) registration algorithm based on correntropy was applied""，未给出任何具名的第三方非牙科3D软件名称，且该研究主要使用自研配准算法。",-,-,-,-,"【判定】: EXCLUDE
【判定理由】: 证据片段仅提到""using reverse engineering software""和""An iterative closest point (ICP) registration algorithm based on correntropy was applied""，未给出任何具名的第三方非牙科3D软件名称，且该研究主要使用自研配准算法。
【软件】: -
【专科】: -
【应用场景】: -
【研究设计】: -"
a pointwise contextual multiscale texture operator and its application to 3d medical image segmentation,A pointwise contextual multiscale texture operator and its application to 3D medical image segmentation,AIMS MATHEMATICS,journalArticle,38ACQQKI,Gallardo 等 - 2026 - A pointwise contextual multiscale texture operator and its application to 3D medical image segmentat.pdf,EXCLUDE,"证据片段仅描述该研究提出并嵌入自研的""pointwise multiscale texture operator""与""texture-coherence-driven region-growing framework""，未出现任何具名第三方非牙科3D软件被该研究自身使用。",-,-,-,-,"【判定】: EXCLUDE
【判定理由】: 证据片段仅描述该研究提出并嵌入自研的""pointwise multiscale texture operator""与""texture-coherence-driven region-growing framework""，未出现任何具名第三方非牙科3D软件被该研究自身使用。
【软件】: -
【专科】: -
【应用场景】: -
【研究设计】: -"
osteopontin induces osteogenic differentiation by human periodontal ligament cells via calcium binding domain activin receptor like kinase alk 1 interaction,Osteopontin induces osteogenic differentiation by human periodontal ligament cells via calcium binding domain-activin receptor-like kinase (ALK-1) interaction,JOURNAL OF PERIODONTOLOGY,journalArticle,8XV2R53H,Chaikiawkeaw 等 - 2022 - Osteopontin induces osteogenic differentiation by human periodontal ligament cells via calcium bindi.pdf,EXCLUDE,"该研究为分子生物学/信号通路研究，虽提及""molecular docking software was iGEMDOCK""和""ImageJ Software""，但iGEMDOCK为分子对接软件、ImageJ为图像分析软件，均非用于3D数据的处理、分析、建模或测量（如三维重建、三维形态测量等），不符合纳入标准第2条对""3D软件用于3D数据处理""的要求。",-,-,-,-,"【判定】: EXCLUDE
【判定理由】: 该研究为分子生物学/信号通路研究，虽提及""molecular docking software was iGEMDOCK""和""ImageJ Software""，但iGEMDOCK为分子对接软件、ImageJ为图像分析软件，均非用于3D数据的处理、分析、建模或测量（如三维重建、三维形态测量等），不符合纳入标准第2条对""3D软件用于3D数据处理""的要求。
【软件】: -
【专科】: -
【应用场景】: -
【研究设计】: -"
assessing the effect of interimplant distance and angle on different impression techniques,Assessing the Effect of Interimplant Distance and Angle on Different Impression Techniques,MACHINES,journalArticle,WQU7Y7H4,Albayrak 等 - 2022 - Assessing the Effect of Interimplant Distance and Angle on Different Impression Techniques.pdf,INCLUDE,"该研究自身将印模数据导入 ""Rapidform (INUS Technology Inc., Seoul, South Korea) reverse engineering software"" 进行距离和角度测量，Rapidform 是具名的第三方非牙科3D逆向工程软件。",Rapidform,Prosthodontics,3D data analysis and accuracy assessment,in_vitro,"【判定】: INCLUDE
【判定理由】: 该研究自身将印模数据导入 ""Rapidform (INUS Technology Inc., Seoul, South Korea) reverse engineering software"" 进行距离和角度测量，Rapidform 是具名的第三方非牙科3D逆向工程软件。
【软件】: Rapidform
【专科】: Prosthodontics
【应用场景】: 3D data analysis and accuracy assessment
【研究设计】: in_vitro"
polyetheretherketone computer aided design and computer aided manufacturing framework for all on four mandibular full arch prosthesis 3 years retrospective study of peri implant soft tissue changes and ridge base relationship,Polyetheretherketone computer-aided design and computer-aided manufacturing framework for All-on-Four mandibular full-arch prosthesis: 3 Years' retrospective study of peri-implant soft tissue changes and ridge base relationship,JOURNAL OF PROSTHODONTICS-IMPLANT ESTHETIC AND RECONSTRUCTIVE DENTISTRY,journalArticle,CIW9E352,Mourad 等 - 2023 - Polyetheretherketone computer‐aided design and computer‐aided manufacturing framework for All‐on‐Fou.pdf,EXCLUDE,"证据片段中唯一具名的软件为""SPSS® software version 22""，仅用于统计分析，并非用于3D数据的处理、分析、建模或测量；文中未出现任何具名第三方非牙科3D软件被该研究自身使用。",-,-,-,-,"【判定】: EXCLUDE
【判定理由】: 证据片段中唯一具名的软件为""SPSS® software version 22""，仅用于统计分析，并非用于3D数据的处理、分析、建模或测量；文中未出现任何具名第三方非牙科3D软件被该研究自身使用。
【软件】: -
【专科】: -
【应用场景】: -
【研究设计】: -"
vertical and horizontal ridge augmentation using customized three dimensionally printed polycaprolactone mesh in atrophic posterior maxillae a case report,Vertical and Horizontal Ridge Augmentation Using Customized Three-Dimensionally Printed Polycaprolactone Mesh in Atrophic Posterior Maxillae: A Case Report,JOURNAL OF ORAL IMPLANTOLOGY,journalArticle,GT74L8L4,Park 等 - 2025 - Vertical and Horizontal Ridge Augmentation Using Customized Three-Dimensionally Printed Polycaprolac.pdf,EXCLUDE,"证据片段仅提及""Polycaprolactone meshes were virtually designed, 3D printed""，未出现任何具名的第三方非牙科3D软件名称，无法确认该研究自身使用了符合标准的软件。",-,-,-,-,"【判定】: EXCLUDE
【判定理由】: 证据片段仅提及""Polycaprolactone meshes were virtually designed, 3D printed""，未出现任何具名的第三方非牙科3D软件名称，无法确认该研究自身使用了符合标准的软件。
【软件】: -
【专科】: -
【应用场景】: -
【研究设计】: -"
multi view deep learning for mandibular landmark localization,Multi-view deep learning for mandibular landmark localization,JOURNAL OF DENTISTRY,journalArticle,XGS4APUB,Gao 等 - 2026 - Multi-view deep learning for mandibular landmark localization.pdf,EXCLUDE,该研究仅提出并验证自研的多视角堆叠沙漏卷积神经网络（MVSH-CNN），证据中未出现任何该研究自己使用的具名第三方非牙科3D软件；MeshMonk 仅作为对比方法被提及，且其本身为配准方法而非题述具名第三方3D软件。,-,-,-,-,"【判定】: EXCLUDE
【判定理由】: 该研究仅提出并验证自研的多视角堆叠沙漏卷积神经网络（MVSH-CNN），证据中未出现任何该研究自己使用的具名第三方非牙科3D软件；MeshMonk 仅作为对比方法被提及，且其本身为配准方法而非题述具名第三方3D软件。
【软件】: -
【专科】: -
【应用场景】: -
【研究设计】: -"
flame made nanoparticles for magnetic hyperthermia and mri in colorectal cancer theranostics,Flame-made nanoparticles for magnetic hyperthermia and MRI in colorectal cancer theranostics,NANOSCALE ADVANCES,journalArticle,8FPRU8TV,Zhang 等 - 2025 - Flame-made nanoparticles for magnetic hyperthermia and MRI in colorectal cancer theranostics.pdf,EXCLUDE,该文献主题为结直肠癌诊疗用磁性纳米颗粒，不属于口腔医学任一学科；且证据片段中仅涉及电镜、超声、DLS等仪器，未出现任何具名第三方非牙科3D软件。,-,-,-,-,"【判定】: EXCLUDE
【判定理由】: 该文献主题为结直肠癌诊疗用磁性纳米颗粒，不属于口腔医学任一学科；且证据片段中仅涉及电镜、超声、DLS等仪器，未出现任何具名第三方非牙科3D软件。
【软件】: -
【专科】: -
【应用场景】: -
【研究设计】: -"
analysis of craniomaxillofacial malformations in mice using three dimensional microcomputed tomography,Analysis of Craniomaxillofacial Malformations in Mice Using Three-dimensional Microcomputed Tomography,JOVE-JOURNAL OF VISUALIZED EXPERIMENTS,journalArticle,CH3DKDRH,Zan 等 - 2025 - Analysis of Craniomaxillofacial Malformations in Mice Using Three-dimensional Microcomputed Tomograp.pdf,EXCLUDE,"证据片段仅泛称""MicroCT software was used to slice...""，未给出任何具名的第三方非牙科3D软件名称（如 Mimics、3D Slicer 等），无法确认使用了符合纳入标准的具名软件。",-,-,-,-,"【判定】: EXCLUDE
【判定理由】: 证据片段仅泛称""MicroCT software was used to slice...""，未给出任何具名的第三方非牙科3D软件名称（如 Mimics、3D Slicer 等），无法确认使用了符合纳入标准的具名软件。
【软件】: -
【专科】: -
【应用场景】: -
【研究设计】: -"
mandible segmentation of dental cbct scans affected by metal artifacts using coarse to fine learning model,Mandible Segmentation of Dental CBCT Scans Affected by Metal Artifacts Using Coarse-to-Fine Learning Model,JOURNAL OF PERSONALIZED MEDICINE,journalArticle,F78S65N9,Qiu 等 - 2021 - Mandible Segmentation of Dental CBCT Scans Affected by Metal Artifacts Using Coarse-to-Fine Learning.pdf,EXCLUDE,"该研究提出的是自研的""coarse-to-fine segmentation framework based on 3D convolutional neural network and recurrent SegUnet""，属于自建深度学习模型，证据片段中未出现任何具名第三方非牙科3D软件被该研究自己使用。",-,-,-,-,"【判定】: EXCLUDE
【判定理由】: 该研究提出的是自研的""coarse-to-fine segmentation framework based on 3D convolutional neural network and recurrent SegUnet""，属于自建深度学习模型，证据片段中未出现任何具名第三方非牙科3D软件被该研究自己使用。
【软件】: -
【专科】: -
【应用场景】: -
【研究设计】: -"
predicting toxicity and bioactivity of the chemical exposome a case study for the blood exposome database,Predicting toxicity and bioactivity of the chemical exposome: a case study for the blood exposome database,JOURNAL OF CHEMINFORMATICS,journalArticle,XGLGTVCV,Dutta和Barupal - 2026 - Predicting toxicity and bioactivity of the chemical exposome a case study for the blood exposome da.pdf,EXCLUDE,"该研究主题为化学暴露组的毒性预测（cheminformatics），不属于口腔医学任一学科；且其使用的是自建深度学习模型（""we trained direct message passing neural networks (D-MPNN) models using the Chemprop framework""），并非用于3D数据处理/分析/建模/测量的具名第三方非牙科3D软件。",-,-,-,-,"【判定】: EXCLUDE
【判定理由】: 该研究主题为化学暴露组的毒性预测（cheminformatics），不属于口腔医学任一学科；且其使用的是自建深度学习模型（""we trained direct message passing neural networks (D-MPNN) models using the Chemprop framework""），并非用于3D数据处理/分析/建模/测量的具名第三方非牙科3D软件。
【软件】: -
【专科】: -
【应用场景】: -
【研究设计】: -"
c2f 3dtoothseg coarse to fine 3d tooth segmentation via intuitive single clicks,C2F-3DToothSeg: Coarse-to-fine 3D tooth segmentation via intuitive single clicks,COMPUTERS & GRAPHICS-UK,journalArticle,C8GFSH6N,Jiang 等 - 2022 - C2F-3DToothSeg Coarse-to-fine 3D tooth segmentation via intuitive single clicks.pdf,EXCLUDE,"该研究提出的是自研算法""C2F-3DToothSeg""（""This paper presents a coarse-to-fine 3D tooth segmentation algorithm, called C2F-3DToothSeg""），证据片段中未出现任何该研究自己使用的具名第三方非牙科3D软件。",-,-,-,-,"【判定】: EXCLUDE
【判定理由】: 该研究提出的是自研算法""C2F-3DToothSeg""（""This paper presents a coarse-to-fine 3D tooth segmentation algorithm, called C2F-3DToothSeg""），证据片段中未出现任何该研究自己使用的具名第三方非牙科3D软件。
【软件】: -
【专科】: -
【应用场景】: -
【研究设计】: -"
diagnosis of architectural distortion on digital breast tomosynthesis using radiomics and deep learning,Diagnosis of architectural distortion on digital breast tomosynthesis using radiomics and deep learning,FRONTIERS IN ONCOLOGY,journalArticle,3PWLRRPK,Chen 等 - 2022 - Diagnosis of architectural distortion on digital breast tomosynthesis using radiomics and deep learn.pdf,EXCLUDE,该研究主题为乳腺数字断层摄影中结构扭曲的诊断，属于肿瘤影像学而非口腔医学任一学科，不符合纳入标准第1条。,-,-,-,-,"【判定】: EXCLUDE
【判定理由】: 该研究主题为乳腺数字断层摄影中结构扭曲的诊断，属于肿瘤影像学而非口腔医学任一学科，不符合纳入标准第1条。
【软件】: -
【专科】: -
【应用场景】: -
【研究设计】: -"
design and validation of a high fidelity left atrial cardiac simulator for the study and advancement of left atrial appendage occlusion,Design and Validation of a High-Fidelity Left Atrial Cardiac Simulator for the Study and Advancement of Left Atrial Appendage Occlusion,CARDIOVASCULAR ENGINEERING AND TECHNOLOGY,journalArticle,LMQDB4W2,Mendez 等 - 2025 - Design and Validation of a High-Fidelity Left Atrial Cardiac Simulator for the Study and Advancement.pdf,EXCLUDE,该研究主题为左心耳封堵的心脏模拟器，不属于口腔医学任一学科，违反纳入标准第1条。,-,-,-,-,"【判定】: EXCLUDE
【判定理由】: 该研究主题为左心耳封堵的心脏模拟器，不属于口腔医学任一学科，违反纳入标准第1条。
【软件】: -
【专科】: -
【应用场景】: -
【研究设计】: -"
computed tomography three dimensional reconstruction algorithm in the diagnosis of periodontitis and its correlation with hypertension,Computed Tomography Three-Dimensional Reconstruction Algorithm in the Diagnosis of Periodontitis and Its Correlation with Hypertension,COMPUTATIONAL AND MATHEMATICAL METHODS IN MEDICINE,journalArticle,FLISDX7U,Xu 等 - 2022 - Computed Tomography Three-Dimensional Reconstruction Algorithm in the Diagnosis of Periodontitis and.pdf,EXCLUDE,"证据片段仅提及该研究使用自研的迭代重建（IR）算法（""Iterative reconstruction (IR) algorithm is a new infrared ray technology""），未出现任何具名的第三方非牙科3D软件被该研究自己使用。",-,-,-,-,"【判定】: EXCLUDE
【判定理由】: 证据片段仅提及该研究使用自研的迭代重建（IR）算法（""Iterative reconstruction (IR) algorithm is a new infrared ray technology""），未出现任何具名的第三方非牙科3D软件被该研究自己使用。
【软件】: -
【专科】: -
【应用场景】: -
【研究设计】: -"
mugharet el aliya affinities of an enigmatic north african aterian maxillary fragment,Mugharet el'Aliya: Affinities of an enigmatic north African Aterian maxillary fragment,AMERICAN JOURNAL OF BIOLOGICAL ANTHROPOLOGY,journalArticle,4UEZB8TK,American Journal of Biological Anthropology - 2022 - Röding - Mugharet el Aliya  Affinities of an enigmatic north African.pdf,EXCLUDE,"该研究属于古人类学/生物人类学领域（研究摩洛哥Aterian上颌骨化石的分类亲缘关系），主题不属于口腔医学任一学科；且证据片段中仅提及""geometric morphometrics""、""surface registration""和""elastic iterative closest point algorithm""等方法，未出现任何具名的第三方非牙科3D软件。",-,-,-,-,"【判定】: EXCLUDE
【判定理由】: 该研究属于古人类学/生物人类学领域（研究摩洛哥Aterian上颌骨化石的分类亲缘关系），主题不属于口腔医学任一学科；且证据片段中仅提及""geometric morphometrics""、""surface registration""和""elastic iterative closest point algorithm""等方法，未出现任何具名的第三方非牙科3D软件。
【软件】: -
【专科】: -
【应用场景】: -
【研究设计】: -"
neurosurgical management of cerebrospinal tumors in the era of artificial intelligence a scoping review,Neurosurgical Management of Cerebrospinal Tumors in the Era of Artificial Intelligence : A Scoping Review,JOURNAL OF KOREAN NEUROSURGICAL SOCIETY,journalArticle,KZA6BJGC,Agadi 等 - 2023 - Neurosurgical Management of Cerebrospinal Tumors in the Era of Artificial Intelligence  A Scoping R-1.pdf,EXCLUDE,"该文献为 scoping review（""We conducted a scoping review using the Arksey and O'Malley framework""），属于综述类型，不符合原创研究要求；且证据片段中的软件/方法（如 FEM、machine learning）均为引用他人研究（""Frisken S et al. (2019) proposed the use of a complex Finite Element Method""），非该研究自身使用。",-,-,-,-,"【判定】: EXCLUDE
【判定理由】: 该文献为 scoping review（""We conducted a scoping review using the Arksey and O'Malley framework""），属于综述类型，不符合原创研究要求；且证据片段中的软件/方法（如 FEM、machine learning）均为引用他人研究（""Frisken S et al. (2019) proposed the use of a complex Finite Element Method""），非该研究自身使用。
【软件】: -
【专科】: -
【应用场景】: -
【研究设计】: -"
current knowledge and future perspectives of exosomes as nanocarriers in diagnosis and treatment of diseases,Current Knowledge and Future Perspectives of Exosomes as Nanocarriers in Diagnosis and Treatment of Diseases,INTERNATIONAL JOURNAL OF NANOMEDICINE,journalArticle,MK2D6HAZ,Zou 等 - 2023 - Current Knowledge and Future Perspectives of Exosomes as Nanocarriers in Diagnosis and Treatment of.pdf,EXCLUDE,"该文献为综述（""This comprehensive review provides an overview of the biogenesis...""），且主题为外泌体纳米载体，不属于口腔医学；证据片段中亦无该研究自身使用的具名第三方非牙科3D软件。",-,-,-,-,"【判定】: EXCLUDE
【判定理由】: 该文献为综述（""This comprehensive review provides an overview of the biogenesis...""），且主题为外泌体纳米载体，不属于口腔医学；证据片段中亦无该研究自身使用的具名第三方非牙科3D软件。
【软件】: -
【专科】: -
【应用场景】: -
【研究设计】: -"
a tiered approach to risk assess microbiome perturbations induced by application of beauty and personal care products,A tiered approach to risk assess microbiome perturbations induced by application of beauty and personal care products,MICROBIAL RISK ANALYSIS,journalArticle,22E3LTVB,Métris 等 - 2022 - A tiered approach to risk assess microbiome perturbations induced by application of beauty and perso.pdf,EXCLUDE,"该文献为风险评估框架的综述性文章，摘要明确""propose a 3-tier framework""，且证据片段中仅泛泛提及""modelling data""和""Metagenomics""等，未出现任何该研究自身使用的具名第三方非牙科3D软件。",-,-,-,-,"【判定】: EXCLUDE
【判定理由】: 该文献为风险评估框架的综述性文章，摘要明确""propose a 3-tier framework""，且证据片段中仅泛泛提及""modelling data""和""Metagenomics""等，未出现任何该研究自身使用的具名第三方非牙科3D软件。
【软件】: -
【专科】: -
【应用场景】: -
【研究设计】: -"
enhancing panoramic dental imaging with ai driven arch surface fitting achieving improved clarity and accuracy through an optimal reconstruction zone,Enhancing panoramic dental imaging with AI-driven arch surface fitting: achieving improved clarity and accuracy through an optimal reconstruction zone,DENTOMAXILLOFACIAL RADIOLOGY,journalArticle,K24ZBIB8,Kim 等 - 2025 - Enhancing panoramic dental imaging with AI-driven arch surface fitting achieving improved clarity a.pdf,EXCLUDE,"证据片段显示该研究仅使用自研的""3D U-Net deep learning model""进行分割与重建，未提及任何具名的第三方非牙科3D软件。",-,-,-,-,"【判定】: EXCLUDE
【判定理由】: 证据片段显示该研究仅使用自研的""3D U-Net deep learning model""进行分割与重建，未提及任何具名的第三方非牙科3D软件。
【软件】: -
【专科】: -
【应用场景】: -
【研究设计】: -"
engineering osteoclast resorption units via sacrificial microgels in a bone on chip platform,Engineering osteoclast resorption units via sacrificial microgels in a bone-on-chip platform,LAB ON A CHIP,journalArticle,IA75VX32,Conceicao 等 - 2026 - Engineering osteoclast resorption units via sacrificial microgels in a bone-on-chip platform.pdf,EXCLUDE,该文献主题为骨重塑/骨芯片平台（bone-on-chip），属于骨组织工程而非口腔医学任一学科；且抽取的证据片段中未出现任何该研究自身使用的具名第三方非牙科3D软件。,-,-,-,-,"【判定】: EXCLUDE
【判定理由】: 该文献主题为骨重塑/骨芯片平台（bone-on-chip），属于骨组织工程而非口腔医学任一学科；且抽取的证据片段中未出现任何该研究自身使用的具名第三方非牙科3D软件。
【软件】: -
【专科】: -
【应用场景】: -
【研究设计】: -"
novel bisphosphonate based cathepsin k triggered compound targets the enthesis without impairing soft tissue to bone healing,Novel bisphosphonate-based cathepsin K-triggered compound targets the enthesis without impairing soft tissue-to-bone healing,FRONTIERS IN BIOENGINEERING AND BIOTECHNOLOGY,journalArticle,XNBZP7KT,Shi 等 - 2024 - Novel bisphosphonate-based cathepsin K-triggered compound targets the enthesis without impairing sof.pdf,EXCLUDE,"该研究主题为跟腱-骨愈合的生物力学与组织学研究，不属于口腔医学任一学科；且证据中出现的软件（Aivia、CurveAlign、CT-FIRE、Stata、G*Power）均非用于牙科3D数据处理，其中 CurveAlign/CT-FIRE 为胶原纤维分析工具，不满足""非牙科3D软件用于3D数据处理""的纳入标准。",-,-,-,-,"【判定】: EXCLUDE
【判定理由】: 该研究主题为跟腱-骨愈合的生物力学与组织学研究，不属于口腔医学任一学科；且证据中出现的软件（Aivia、CurveAlign、CT-FIRE、Stata、G*Power）均非用于牙科3D数据处理，其中 CurveAlign/CT-FIRE 为胶原纤维分析工具，不满足""非牙科3D软件用于3D数据处理""的纳入标准。
【软件】: -
【专科】: -
【应用场景】: -
【研究设计】: -"
recent strategies and advances in hydrogel based delivery platforms for bone regeneration,Recent Strategies and Advances in Hydrogel-Based Delivery Platforms for Bone Regeneration,NANO-MICRO LETTERS,journalArticle,T275RA9C,Wang 等 - 2025 - Recent Strategies and Advances in Hydrogel-Based Delivery Platforms for Bone Regeneration.pdf,EXCLUDE,"该文献为综述（摘要明确为 ""This review systematically summarizes...""），且证据片段中未出现任何该研究自身使用的具名第三方非牙科3D软件。",-,-,-,-,"【判定】: EXCLUDE
【判定理由】: 该文献为综述（摘要明确为 ""This review systematically summarizes...""），且证据片段中未出现任何该研究自身使用的具名第三方非牙科3D软件。
【软件】: -
【专科】: -
【应用场景】: -
【研究设计】: -"
influence of 3d printing orientations on physico mechanical properties and accuracy of additively manufactured dental ceramics,Influence of 3D printing orientations on physico-mechanical properties and accuracy of additively manufactured dental ceramics,JOURNAL OF PROSTHODONTIC RESEARCH,journalArticle,H9AU3UZX,Alghauli 等 - 2025 - Influence of 3D printing orientations on physico-mechanical properties and accuracy of additively ma.pdf,EXCLUDE,"该文献为系统综述（""This systematic review aims to assess...""），属于明确排除的文献类型；且证据片段中出现的软件（Endnote、RevMan 5.4）为文献管理/统计分析软件，并非用于3D数据处理、分析、建模或测量的非牙科3D软件。",-,-,-,-,"【判定】: EXCLUDE
【判定理由】: 该文献为系统综述（""This systematic review aims to assess...""），属于明确排除的文献类型；且证据片段中出现的软件（Endnote、RevMan 5.4）为文献管理/统计分析软件，并非用于3D数据处理、分析、建模或测量的非牙科3D软件。
【软件】: -
【专科】: -
【应用场景】: -
【研究设计】: -"
inflammatory risk and cardiovascular events in patients without obstructive coronary artery disease the orfan multicentre longitudinal cohort study,"Inflammatory risk and cardiovascular events in patients without obstructive coronary artery disease: the ORFAN multicentre, longitudinal cohort study",LANCET,journalArticle,QDF38Q6W,Chan 等 - 2024 - Inflammatory risk and cardiovascular events in patients without obstructive coronary artery disease.pdf,EXCLUDE,该文献主题为心血管疾病（冠状动脉CT血管造影与心血管事件风险），不属于口腔医学任一学科；且证据片段中未提及任何具名的第三方非牙科3D软件被该研究自身使用。,-,-,-,-,"【判定】: EXCLUDE
【判定理由】: 该文献主题为心血管疾病（冠状动脉CT血管造影与心血管事件风险），不属于口腔医学任一学科；且证据片段中未提及任何具名的第三方非牙科3D软件被该研究自身使用。
【软件】: -
【专科】: -
【应用场景】: -
【研究设计】: -"
on mechanical physical and bioactivity characteristics of material extrusion printed polyether ether ketone,"On Mechanical, Physical, and Bioactivity Characteristics of Material Extrusion Printed Polyether Ether Ketone",JOURNAL OF MATERIALS ENGINEERING AND PERFORMANCE,journalArticle,74VTAKPD,"Kumar 等 - 2023 - On Mechanical, Physical, and Bioactivity Characteristics of Material Extrusion Printed Polyether Eth.pdf",EXCLUDE,"证据片段中仅出现参考文献条目（如""Ref 12""、""Ref 52""）及对他人研究的引用，未显示该研究自身在材料与方法中使用任何具名第三方非牙科3D软件；其方法为""in-house modified ME system""与""Taguchi's statistical analysis""。",-,-,-,-,"【判定】: EXCLUDE
【判定理由】: 证据片段中仅出现参考文献条目（如""Ref 12""、""Ref 52""）及对他人研究的引用，未显示该研究自身在材料与方法中使用任何具名第三方非牙科3D软件；其方法为""in-house modified ME system""与""Taguchi's statistical analysis""。
【软件】: -
【专科】: -
【应用场景】: -
【研究设计】: -"
handheld structured light system for panoramic 3d measurement in mesoscale,Handheld structured light system for panoramic 3D measurement in mesoscale,MEASUREMENT SCIENCE AND TECHNOLOGY,journalArticle,9D8263JD,Su 等 - 2024 - Handheld structured light system for panoramic 3D measurement in mesoscale.pdf,EXCLUDE,"证据片段仅泛泛提及""oral medical modeling""作为应用背景，且该研究使用自研的""deep neural network""和""multi-threaded data processing framework""，未出现任何具名的第三方非牙科3D软件被该研究自己使用。",-,-,-,-,"【判定】: EXCLUDE
【判定理由】: 证据片段仅泛泛提及""oral medical modeling""作为应用背景，且该研究使用自研的""deep neural network""和""multi-threaded data processing framework""，未出现任何具名的第三方非牙科3D软件被该研究自己使用。
【软件】: -
【专科】: -
【应用场景】: -
【研究设计】: -"
novel anterior cranial base area for voxel based superimposition of craniofacial cbcts,Novel Anterior Cranial Base Area for Voxel-Based Superimposition of Craniofacial CBCTs,JOURNAL OF CLINICAL MEDICINE,journalArticle,FPPNK9J9,Kanavakis 等 - 2022 - Novel Anterior Cranial Base Area for Voxel-Based Superimposition of Craniofacial CBCTs..pdf,EXCLUDE,"证据片段中唯一具名的软件是""Dolphin 3D software""，而 Dolphin 3D 属于牙科专用软件（正畸/颌面影像软件），不符合""第三方非牙科3D软件""的纳入标准。",-,-,-,-,"【判定】: EXCLUDE
【判定理由】: 证据片段中唯一具名的软件是""Dolphin 3D software""，而 Dolphin 3D 属于牙科专用软件（正畸/颌面影像软件），不符合""第三方非牙科3D软件""的纳入标准。
【软件】: -
【专科】: -
【应用场景】: -
【研究设计】: -"
influence of the preparation design on the survival probability of occlusal veneers,Influence of the preparation design on the survival probability of occlusal veneers,DENTAL MATERIALS,journalArticle,W5WVZD2W,Schroeder 等 - 2022 - Influence of the preparation design on the survival probability of occlusal veneers.pdf,EXCLUDE,"证据片段仅提到 ""FEA was performed using open-source software""，未给出任何具名的第三方非牙科3D软件名称，无法确认该研究自身使用了符合纳入标准的具名软件。",-,-,-,-,"【判定】: EXCLUDE
【判定理由】: 证据片段仅提到 ""FEA was performed using open-source software""，未给出任何具名的第三方非牙科3D软件名称，无法确认该研究自身使用了符合纳入标准的具名软件。
【软件】: -
【专科】: -
【应用场景】: -
【研究设计】: -"
high precision 3d teeth reconstruction based on five view intra oral photos,High-precision 3D teeth reconstruction based on five-view intra-oral photos,DISPLAYS,journalArticle,JFWKWNYD,Wang 等 - 2025 - High-precision 3D teeth reconstruction based on five-view intra-oral photos.pdf,EXCLUDE,"该研究使用自研框架及自建模型（""an enhanced fully automated framework for 3D tooth reconstruction""），仅提及 SAM、Depth Anything 等自研/深度学习算法，证据片段中未出现任何该研究自己使用的具名第三方非牙科3D软件。",-,-,-,-,"【判定】: EXCLUDE
【判定理由】: 该研究使用自研框架及自建模型（""an enhanced fully automated framework for 3D tooth reconstruction""），仅提及 SAM、Depth Anything 等自研/深度学习算法，证据片段中未出现任何该研究自己使用的具名第三方非牙科3D软件。
【软件】: -
【专科】: -
【应用场景】: -
【研究设计】: -"
multiclass cbct image segmentation for orthodontics with deep learning,Multiclass CBCT Image Segmentation for Orthodontics with Deep Learning,JOURNAL OF DENTAL RESEARCH,journalArticle,QMGYIHYL,Wang 等 - 2021 - Multiclass CBCT Image Segmentation for Orthodontics with Deep Learning..pdf,EXCLUDE,该研究自行训练并验证了 mixed-scale dense (MS-D) convolutional neural network 进行分割，属于自研算法/代码，证据片段中未出现任何该研究自己使用的具名第三方非牙科3D软件。,-,-,-,-,"【判定】: EXCLUDE
【判定理由】: 该研究自行训练并验证了 mixed-scale dense (MS-D) convolutional neural network 进行分割，属于自研算法/代码，证据片段中未出现任何该研究自己使用的具名第三方非牙科3D软件。
【软件】: -
【专科】: -
【应用场景】: -
【研究设计】: -"
detection and localization of myocardial infarction based on multi scale resnet and attention mechanism,Detection and Localization of Myocardial Infarction Based on Multi-Scale ResNet and Attention Mechanism,FRONTIERS IN PHYSIOLOGY,journalArticle,I8RY5NYE,Cao 等 - 2022 - Detection and Localization of Myocardial Infarction Based on Multi-Scale ResNet and Attention Mechan.pdf,EXCLUDE,"该文献主题为心肌梗死的心电图检测（""Detection and Localization of Myocardial Infarction""），不属于口腔医学任一学科；且证据片段中仅涉及自研深度学习模型（""multi-scale ResNet""、""SENet model""），未使用任何具名第三方非牙科3D软件。",-,-,-,-,"【判定】: EXCLUDE
【判定理由】: 该文献主题为心肌梗死的心电图检测（""Detection and Localization of Myocardial Infarction""），不属于口腔医学任一学科；且证据片段中仅涉及自研深度学习模型（""multi-scale ResNet""、""SENet model""），未使用任何具名第三方非牙科3D软件。
【软件】: -
【专科】: -
【应用场景】: -
【研究设计】: -"
machine learning analysis of rivaroxaban solubility in mixed solvents for application in pharmaceutical crystallization,Machine learning analysis of rivaroxaban solubility in mixed solvents for application in pharmaceutical crystallization,SCIENTIFIC REPORTS,journalArticle,RQVHK958,Alqarni和Alqarni - 2025 - Machine learning analysis of rivaroxaban solubility in mixed solvents for application in pharmaceuti.pdf,EXCLUDE,该研究主题为药物溶解度预测（rivaroxaban solubility in mixed solvents），不属于口腔医学任一学科；且证据片段中仅涉及机器学习模型（GB、LGB、ET、RF）与Jellyfish Optimizer算法，未使用任何具名第三方非牙科3D软件。,-,-,-,-,"【判定】: EXCLUDE
【判定理由】: 该研究主题为药物溶解度预测（rivaroxaban solubility in mixed solvents），不属于口腔医学任一学科；且证据片段中仅涉及机器学习模型（GB、LGB、ET、RF）与Jellyfish Optimizer算法，未使用任何具名第三方非牙科3D软件。
【软件】: -
【专科】: -
【应用场景】: -
【研究设计】: -"
biophotonic nano structures from fundamentals to emerging applications,Biophotonic (nano)structures: from fundamentals to emerging applications,RSC ADVANCES,journalArticle,8PZN48A5,Amoozadeh 等 - 2025 - Biophotonic (nano)structures from fundamentals to emerging applications.pdf,EXCLUDE,"该文献为综述（RSC Advances Review，文中标注""Review""），且主题为生物光子学纳米结构，不属于口腔医学；证据片段中未出现任何该研究自身使用的具名第三方非牙科3D软件。",-,-,-,-,"【判定】: EXCLUDE
【判定理由】: 该文献为综述（RSC Advances Review，文中标注""Review""），且主题为生物光子学纳米结构，不属于口腔医学；证据片段中未出现任何该研究自身使用的具名第三方非牙科3D软件。
【软件】: -
【专科】: -
【应用场景】: -
【研究设计】: -"
mimicking the biology of engineered protein and mrna nanoparticle delivery using a versatile microfluidic platform,Mimicking the Biology of Engineered Protein and mRNA Nanoparticle Delivery Using a Versatile Microfluidic Platform,PHARMACEUTICS,journalArticle,7MPMH7WD,Palacio-Castañeda 等 - 2021 - Mimicking the Biology of Engineered Protein and mRNA Nanoparticle Delivery Using a Versatile Microfl.pdf,EXCLUDE,该研究属于药物递送/微流控芯片领域，主题不属于口腔医学任一学科；且证据中仅出现 Leica Application Suite X 显微镜成像软件，并非用于3D数据处理、分析、建模或测量的具名第三方非牙科3D软件。,-,-,-,-,"【判定】: EXCLUDE
【判定理由】: 该研究属于药物递送/微流控芯片领域，主题不属于口腔医学任一学科；且证据中仅出现 Leica Application Suite X 显微镜成像软件，并非用于3D数据处理、分析、建模或测量的具名第三方非牙科3D软件。
【软件】: -
【专科】: -
【应用场景】: -
【研究设计】: -"
noninvasive total cholesterol level measurement using an e nose system and machine learning on exhaled breath samples,Noninvasive Total Cholesterol Level Measurement Using an E-Nose System and Machine Learning on Exhaled Breath Samples,ACS SENSORS,journalArticle,WHLDYICG,Paleczek 等 - 2024 - Noninvasive Total Cholesterol Level Measurement Using an E-Nose System and Machine Learning on Exhal.pdf,EXCLUDE,该研究主题为呼气样本无创测量总胆固醇，不属于口腔医学任一学科；且证据中仅涉及机器学习算法（LGBMRegressor、Scikit-learn），未使用具名第三方非牙科3D软件进行3D数据处理。,-,-,-,-,"【判定】: EXCLUDE
【判定理由】: 该研究主题为呼气样本无创测量总胆固醇，不属于口腔医学任一学科；且证据中仅涉及机器学习算法（LGBMRegressor、Scikit-learn），未使用具名第三方非牙科3D软件进行3D数据处理。
【软件】: -
【专科】: -
【应用场景】: -
【研究设计】: -"
permeability benchmarking guidelines for comparing in silico in vitro and in vivo measurements,"Permeability Benchmarking: Guidelines for Comparing in Silico, in Vitro, and in Vivo Measurements",JOURNAL OF CHEMICAL INFORMATION AND MODELING,journalArticle,6FYTI4BQ,"Jorgensen 等 - 2025 - Permeability Benchmarking Guidelines for Comparing in Silico, in Vitro, and in Vivo Measurements..pdf",EXCLUDE,"该文献为 ""Perspective""（观点/综述类）文章，摘要自述 ""This perspective offers a set of community-led guidelines""，且证据片段中提及的 QikProp 仅为引用他人程序（""the pharmacokinetic predictor QikProp program of Schrödinger""），并非该研究自身在材料与方法中使用。",-,-,-,-,"【判定】: EXCLUDE
【判定理由】: 该文献为 ""Perspective""（观点/综述类）文章，摘要自述 ""This perspective offers a set of community-led guidelines""，且证据片段中提及的 QikProp 仅为引用他人程序（""the pharmacokinetic predictor QikProp program of Schrödinger""），并非该研究自身在材料与方法中使用。
【软件】: -
【专科】: -
【应用场景】: -
【研究设计】: -"
high precision teeth reconstruction based on automatic multimodal fusion with cbct and ios,High-precision teeth reconstruction based on automatic multimodal fusion with CBCT and IOS,COMPUTER AIDED GEOMETRIC DESIGN,journalArticle,4FW75KRW,Ren 等 - 2024 - High-precision teeth reconstruction based on automatic multimodal fusion with CBCT and IOS.pdf,EXCLUDE,"证据片段仅显示该研究""propose a method for high-precision 3D teeth model reconstruction based on IOS and CBCT""，并自行设计""a conformal parameterization method""与ICP算法，未提及任何具名的第三方非牙科3D软件被该研究自己使用。",-,-,-,-,"【判定】: EXCLUDE
【判定理由】: 证据片段仅显示该研究""propose a method for high-precision 3D teeth model reconstruction based on IOS and CBCT""，并自行设计""a conformal parameterization method""与ICP算法，未提及任何具名的第三方非牙科3D软件被该研究自己使用。
【软件】: -
【专科】: -
【应用场景】: -
【研究设计】: -"
3d printed 13 93b3 borate bioactive glass hydroxypropyl methyl cellulose gelatin scaffolds with cerium oxide submicrometric particles for potential bone regeneration,3D printed 13-93B3 borate bioactive glass/hydroxypropyl methyl cellulose/gelatin scaffolds with cerium oxide submicrometric particles for potential bone regeneration,BIOMEDICAL MATERIALS,journalArticle,Z5F5675I,Iyigun 等 - 2026 - 3D printed 13-93B3 borate bioactive glasshydroxypropyl methyl cellulosegelatin scaffolds with ceri.pdf,EXCLUDE,该研究主题为骨再生支架材料，不属于口腔医学任一学科；且证据中出现的软件（REPETIERHOST、SLIC3R、OriginPro、Image J、GraphPad Prism）均非用于3D数据处理/分析/建模/测量的第三方非牙科3D软件。,-,-,-,-,"【判定】: EXCLUDE
【判定理由】: 该研究主题为骨再生支架材料，不属于口腔医学任一学科；且证据中出现的软件（REPETIERHOST、SLIC3R、OriginPro、Image J、GraphPad Prism）均非用于3D数据处理/分析/建模/测量的第三方非牙科3D软件。
【软件】: -
【专科】: -
【应用场景】: -
【研究设计】: -"
impact of 3d printing orientation on accuracy properties cost and time efficiency of additively manufactured dental models a systematic review,"Impact of 3D printing orientation on accuracy, properties, cost, and time efficiency of additively manufactured dental models: a systematic review",BMC ORAL HEALTH,journalArticle,NGUJFIRV,"Alghauli 等 - 2024 - Impact of 3D printing orientation on accuracy, properties, cost, and time efficiency of additively m.pdf",EXCLUDE,"该文献为系统综述（""this systematic review aimed to assess...""），属于明确排除的文献类型；且证据片段中仅出现 Endnote 文献管理软件及 3D 打印机型号，无该研究自身使用的具名第三方非牙科3D软件。",-,-,-,-,"【判定】: EXCLUDE
【判定理由】: 该文献为系统综述（""this systematic review aimed to assess...""），属于明确排除的文献类型；且证据片段中仅出现 Endnote 文献管理软件及 3D 打印机型号，无该研究自身使用的具名第三方非牙科3D软件。
【软件】: -
【专科】: -
【应用场景】: -
【研究设计】: -"
advancing towards sustainability in liquid crystal display 3d printing via adaptive slicing,Advancing towards sustainability in liquid crystal display 3D printing via adaptive slicing,SUSTAINABLE PRODUCTION AND CONSUMPTION,journalArticle,N44U8CH7,Mele和Campana - 2022 - Advancing towards sustainability in liquid crystal display 3D printing via adaptive slicing.pdf,EXCLUDE,该研究主题为液晶显示3D打印的生命周期评估与自适应切片算法，属于增材制造/可持续生产领域而非口腔医学任一学科；且证据片段中仅泛泛提及CAD模型与STL格式，未显示该研究自身使用任何具名的第三方非牙科3D软件。,-,-,-,-,"【判定】: EXCLUDE
【判定理由】: 该研究主题为液晶显示3D打印的生命周期评估与自适应切片算法，属于增材制造/可持续生产领域而非口腔医学任一学科；且证据片段中仅泛泛提及CAD模型与STL格式，未显示该研究自身使用任何具名的第三方非牙科3D软件。
【软件】: -
【专科】: -
【应用场景】: -
【研究设计】: -"
digital dental biometrics for human identification based on automated 3d point cloud feature extraction and registration,Digital Dental Biometrics for Human Identification Based on Automated 3D Point Cloud Feature Extraction and Registration,BIOENGINEERING-BASEL,journalArticle,QY8WZNYX,Zhou 等 - 2024 - Digital Dental Biometrics for Human Identification Based on Automated 3D Point Cloud Feature Extract.pdf,EXCLUDE,"证据片段仅显示该研究提出""a dental biometrics framework...based on machine learning-related algorithms""，使用自研的曲率原理、体素下采样和粗到精配准方案，未提及任何具名的第三方非牙科3D软件。",-,-,-,-,"【判定】: EXCLUDE
【判定理由】: 证据片段仅显示该研究提出""a dental biometrics framework...based on machine learning-related algorithms""，使用自研的曲率原理、体素下采样和粗到精配准方案，未提及任何具名的第三方非牙科3D软件。
【软件】: -
【专科】: -
【应用场景】: -
【研究设计】: -"
cervical tissue hydration level monitoring by a resonant microwave coaxial probe,Cervical Tissue Hydration Level Monitoring by a Resonant Microwave Coaxial Probe,SENSORS,journalArticle,UQEARA5K,Choi 等 - 2022 - Cervical Tissue Hydration Level Monitoring by a Resonant Microwave Coaxial Probe..pdf,EXCLUDE,该研究主题为宫颈组织水合监测（早产诊断），不属于口腔医学任一学科；虽使用 COMSOL Multiphysics 进行仿真，但主题不符合纳入标准。,-,-,-,-,"【判定】: EXCLUDE
【判定理由】: 该研究主题为宫颈组织水合监测（早产诊断），不属于口腔医学任一学科；虽使用 COMSOL Multiphysics 进行仿真，但主题不符合纳入标准。
【软件】: -
【专科】: -
【应用场景】: -
【研究设计】: -"
effect of preparation design and scan pattern on the accuracy of intraoral scans for complete arch laminate veneers under simulated intraoral variables,Effect of preparation design and scan pattern on the accuracy of intraoral scans for complete arch laminate veneers under simulated intraoral variables,JOURNAL OF ESTHETIC AND RESTORATIVE DENTISTRY,journalArticle,X6ATHIVM,Şen和Eroglu - 2024 - Effect of preparation design and scan pattern on the accuracy of intraoral scans for complete arch l.pdf,INCLUDE,"该研究自身在材料与方法中使用""a 3D software analysis program (Geomagic Control X 2022.1; 3D Systems, Rock Hill, USA)""进行扫描精度分析，Geomagic 系列为非牙科三维软件。",Geomagic Control X,Prosthodontics,3D data analysis and accuracy assessment,in_vitro,"【判定】: INCLUDE
【判定理由】: 该研究自身在材料与方法中使用""a 3D software analysis program (Geomagic Control X 2022.1; 3D Systems, Rock Hill, USA)""进行扫描精度分析，Geomagic 系列为非牙科三维软件。
【软件】: Geomagic Control X
【专科】: Prosthodontics
【应用场景】: 3D data analysis and accuracy assessment
【研究设计】: in_vitro"
time resolved prediction of dental implant biomechanics through integration of finite element analysis osseointegration dynamics and deep learning,"Time-resolved prediction of dental implant biomechanics through integration of finite element analysis, osseointegration dynamics, and deep learning",JOURNAL OF THE MECHANICAL BEHAVIOR OF BIOMEDICAL MATERIALS,journalArticle,G9RBUHY9,Rodriguez-Molinero和Prados-Privado - 2026 - Time-resolved prediction of dental implant biomechanics through integration of finite element analys.pdf,EXCLUDE,"证据片段仅显示该研究使用自建的""hybrid Multilayer Perceptron - Long Short-Term Memory (MLP-LSTM) neural network""及""parametric 3D FEA model""，未出现任何具名的第三方非牙科3D软件（如 ANSYS、ABAQUS、Mimics 等）被该研究自己使用。",-,-,-,-,"【判定】: EXCLUDE
【判定理由】: 证据片段仅显示该研究使用自建的""hybrid Multilayer Perceptron - Long Short-Term Memory (MLP-LSTM) neural network""及""parametric 3D FEA model""，未出现任何具名的第三方非牙科3D软件（如 ANSYS、ABAQUS、Mimics 等）被该研究自己使用。
【软件】: -
【专科】: -
【应用场景】: -
【研究设计】: -"
universal hydrogel carrier enhances bone graft success preclinical and clinical evaluation,Universal Hydrogel Carrier Enhances Bone Graft Success: Preclinical and Clinical Evaluation,ADVANCED HEALTHCARE MATERIALS,journalArticle,Z4T3ADUK,Calder 等 - 2025 - Universal Hydrogel Carrier Enhances Bone Graft Success Preclinical and Clinical Evaluation.pdf,EXCLUDE,"证据片段中出现的软件为 CTAn（CT-Analyzer, Bruker）和 GraphPad Prism，前者为骨形态计量专用分析软件、后者为统计软件，均非纳入标准所要求的""具名第三方非牙科三维（3D）软件""用于3D数据处理/分析/建模/测量；且 DICOM Works 仅用于将 DICOM 转换为位图，不构成3D建模或分析。",-,-,-,-,"【判定】: EXCLUDE
【判定理由】: 证据片段中出现的软件为 CTAn（CT-Analyzer, Bruker）和 GraphPad Prism，前者为骨形态计量专用分析软件、后者为统计软件，均非纳入标准所要求的""具名第三方非牙科三维（3D）软件""用于3D数据处理/分析/建模/测量；且 DICOM Works 仅用于将 DICOM 转换为位图，不构成3D建模或分析。
【软件】: -
【专科】: -
【应用场景】: -
【研究设计】: -"
mri radiomics and machine learning for the prediction of oncotype dx recurrence score in invasive breast cancer,MRI Radiomics and Machine Learning for the Prediction of Oncotype Dx Recurrence Score in Invasive Breast Cancer,CANCERS,journalArticle,S4X9XUFL,Romeo 等 - 2023 - MRI Radiomics and Machine Learning for the Prediction of Oncotype Dx Recurrence Score in Invasive Br.pdf,EXCLUDE,该研究主题为乳腺癌MRI影像组学，不属于口腔医学任一学科；尽管使用了ITK-SNAP等非牙科3D软件，但主题不符纳入标准。,-,-,-,-,"【判定】: EXCLUDE
【判定理由】: 该研究主题为乳腺癌MRI影像组学，不属于口腔医学任一学科；尽管使用了ITK-SNAP等非牙科3D软件，但主题不符纳入标准。
【软件】: -
【专科】: -
【应用场景】: -
【研究设计】: -"
a custom cad cam resilient attachment a dental technique,A custom CAD-CAM resilient attachment: A dental technique,JOURNAL OF PROSTHETIC DENTISTRY,journalArticle,IMV29YQ5,Muehlemann 等 - 2025 - A custom CAD-CAM resilient attachment A dental technique..pdf,EXCLUDE,"证据片段仅泛泛提及""using a computer-aided design software program""，未指明任何具名的第三方非牙科3D软件；文中出现的 LOCATOR、Brevis、Bicon 等均为牙科专用产品/软件。",-,-,-,-,"【判定】: EXCLUDE
【判定理由】: 证据片段仅泛泛提及""using a computer-aided design software program""，未指明任何具名的第三方非牙科3D软件；文中出现的 LOCATOR、Brevis、Bicon 等均为牙科专用产品/软件。
【软件】: -
【专科】: -
【应用场景】: -
【研究设计】: -"
performance comparison in workflow efficiency between a remotely installed 3d workstation and an on premises image processing workstation for dental cone beam ct image reconstruction,Performance comparison in workflow efficiency between a remotely installed 3D workstation and an on-premises image processing workstation for dental cone-beam CT image reconstruction,ORAL RADIOLOGY,journalArticle,M6RAALB4,Tanaka 等 - 2025 - Performance comparison in workflow efficiency between a remotely installed 3D workstation and an on-.pdf,EXCLUDE,该研究使用的软件为 OnDemand 3D Dental（Cybermed Inc.）和 ZIO STATION（Ziosoft Inc.），前者为牙科专用软件，后者为医学影像工作站软件而非具名的第三方非牙科三维软件；证据片段中未出现任何符合纳入标准的非牙科3D软件（如 Mimics、3D Slicer 等）。,-,-,-,-,"【判定】: EXCLUDE
【判定理由】: 该研究使用的软件为 OnDemand 3D Dental（Cybermed Inc.）和 ZIO STATION（Ziosoft Inc.），前者为牙科专用软件，后者为医学影像工作站软件而非具名的第三方非牙科三维软件；证据片段中未出现任何符合纳入标准的非牙科3D软件（如 Mimics、3D Slicer 等）。
【软件】: -
【专科】: -
【应用场景】: -
【研究设计】: -"
evaluation of daily ct for epid based transit in vivo dosimetry,Evaluation of Daily CT for EPID-Based Transit In Vivo Dosimetry,FRONTIERS IN ONCOLOGY,journalArticle,LR5H7QAW,Bin Feng 等 - 2021 - Evaluation of Daily CT for EPID-Based Transit In Vivo Dosimetry.pdf,EXCLUDE,该研究主题为放射治疗中的EPID剂量验证，不属于口腔医学任一学科；且证据片段中提及的Delta4等软件均为被引他人研究，未体现该研究自身使用具名第三方非牙科3D软件。,-,-,-,-,"【判定】: EXCLUDE
【判定理由】: 该研究主题为放射治疗中的EPID剂量验证，不属于口腔医学任一学科；且证据片段中提及的Delta4等软件均为被引他人研究，未体现该研究自身使用具名第三方非牙科3D软件。
【软件】: -
【专科】: -
【应用场景】: -
【研究设计】: -"
from lab to life technological innovations in transforming cancer metastasis detection and therapy,From lab to life: technological innovations in transforming cancer metastasis detection and therapy,DISCOVER ONCOLOGY,journalArticle,T5XDG7U7,Basu 等 - 2025 - From lab to life technological innovations in transforming cancer metastasis detection and therapy.pdf,EXCLUDE,"该文献为综述（""This review addresses a critical need to integrate molecular insights...""），且主题为肿瘤转移而非口腔医学；证据片段中未出现该研究自身使用的具名第三方非牙科3D软件。",-,-,-,-,"【判定】: EXCLUDE
【判定理由】: 该文献为综述（""This review addresses a critical need to integrate molecular insights...""），且主题为肿瘤转移而非口腔医学；证据片段中未出现该研究自身使用的具名第三方非牙科3D软件。
【软件】: -
【专科】: -
【应用场景】: -
【研究设计】: -"
watertight 2 manifold 3d bone surface model reconstruction from ct images based on visual hyper spherical mapping,Watertight 2-manifold 3D bone surface model reconstruction from CT images based on visual hyper-spherical mapping,MATHEMATICAL BIOSCIENCES AND ENGINEERING,journalArticle,4ZXJMZHN,Yuan 等 - 2021 - Watertight 2-manifold 3D bone surface model reconstruction from CT images based on visual hyper-sphe.pdf,EXCLUDE,"该研究提出的是自研算法（""This paper proposes a general algorithm to reconstruct watertight 2-manifold 3D bone surface model""），证据片段中未出现任何该研究自己使用的具名第三方非牙科3D软件。",-,-,-,-,"【判定】: EXCLUDE
【判定理由】: 该研究提出的是自研算法（""This paper proposes a general algorithm to reconstruct watertight 2-manifold 3D bone surface model""），证据片段中未出现任何该研究自己使用的具名第三方非牙科3D软件。
【软件】: -
【专科】: -
【应用场景】: -
【研究设计】: -"
characterization of thermoresponsive methylcellulose based injectable hydrogels incorporating 58s bioactive glass for non load bearing bone regeneration,Characterization of Thermoresponsive Methylcellulose-Based Injectable Hydrogels Incorporating 58S Bioactive Glass for Non-Load-Bearing Bone Regeneration,ACS OMEGA,journalArticle,9D2EIIS2,Bosso和Moraes - 2026 - Characterization of Thermoresponsive Methylcellulose-Based Injectable Hydrogels Incorporating 58S Bi.pdf,EXCLUDE,证据片段中仅出现 Statistica、OriginPro 等统计分析软件及 ChatGPT/Gemini 语言润色工具，未提及任何具名的第三方非牙科三维（3D）软件用于3D数据处理、分析、建模或测量。,-,-,-,-,"【判定】: EXCLUDE
【判定理由】: 证据片段中仅出现 Statistica、OriginPro 等统计分析软件及 ChatGPT/Gemini 语言润色工具，未提及任何具名的第三方非牙科三维（3D）软件用于3D数据处理、分析、建模或测量。
【软件】: -
【专科】: -
【应用场景】: -
【研究设计】: -"
the design fabrication and clinical application of a universal donor tooth model in autotransplantation,"The design, fabrication, and clinical application of a universal donor tooth model in autotransplantation",JOURNAL OF DENTISTRY,journalArticle,QUM75BR7,"Hou 等 - 2025 - The design, fabrication, and clinical application of a universal donor tooth model in autotransplant.pdf",EXCLUDE,"证据片段中 MIMICS 和 Geomagic Studio 仅出现在描述既往定制化流程的讨论中（""requires both CBCT scans and specialized 3D modeling software such as MIMICS and Geomagic Studio""），并非该研究自身材料与方法中使用的软件；该研究自身仅泛称""modeling software""，未给出具名第三方非牙科3D软件。",-,-,-,-,"【判定】: EXCLUDE
【判定理由】: 证据片段中 MIMICS 和 Geomagic Studio 仅出现在描述既往定制化流程的讨论中（""requires both CBCT scans and specialized 3D modeling software such as MIMICS and Geomagic Studio""），并非该研究自身材料与方法中使用的软件；该研究自身仅泛称""modeling software""，未给出具名第三方非牙科3D软件。
【软件】: -
【专科】: -
【应用场景】: -
【研究设计】: -"
remote controlled magnetic stimulation of cell based bioengineered tissues for in situ bone regeneration,Remote-Controlled Magnetic Stimulation of Cell-Based Bioengineered Tissues for In Situ Bone Regeneration,ADVANCED MATERIALS,journalArticle,IRH364NW,Santos 等 - 2025 - Remote‐Controlled Magnetic Stimulation of Cell‐Based Bioengineered Tissues for In Situ Bone Regenera.pdf,EXCLUDE,"证据片段仅提及""3D reconstruction of nanoCT images""等成像重建描述，未出现任何该研究自身使用的具名第三方非牙科3D软件（如 Mimics、3D Slicer 等）。",-,-,-,-,"【判定】: EXCLUDE
【判定理由】: 证据片段仅提及""3D reconstruction of nanoCT images""等成像重建描述，未出现任何该研究自身使用的具名第三方非牙科3D软件（如 Mimics、3D Slicer 等）。
【软件】: -
【专科】: -
【应用场景】: -
【研究设计】: -"
two way mr forest based growing path classification for malignancy estimation of pulmonary nodules,Two-Way MR-Forest Based Growing Path Classification for Malignancy Estimation of Pulmonary Nodules,IEEE JOURNAL OF BIOMEDICAL AND HEALTH INFORMATICS,journalArticle,PNCAU4SQ,Zhu 等 - 2021 - Two-Way MR-Forest Based Growing Path Classification for Malignancy Estimation of Pulmonary Nodules.pdf,EXCLUDE,该文献主题为肺结节恶性度估计（pulmonary nodules），不属于口腔医学任一学科；且证据片段中仅提及自研的 MR-Forest/TMR-Forest 框架与 Mask R-CNN，未使用具名第三方非牙科3D软件。,-,-,-,-,"【判定】: EXCLUDE
【判定理由】: 该文献主题为肺结节恶性度估计（pulmonary nodules），不属于口腔医学任一学科；且证据片段中仅提及自研的 MR-Forest/TMR-Forest 框架与 Mask R-CNN，未使用具名第三方非牙科3D软件。
【软件】: -
【专科】: -
【应用场景】: -
【研究设计】: -"
tooth colored cad cam materials for application in 3 unit fixed dental prostheses in the molar area an illustrated clinical comparison,Tooth-Colored CAD/CAM Materials for Application in 3-Unit Fixed Dental Prostheses in the Molar Area: An Illustrated Clinical Comparison,MATERIALS,journalArticle,P3IZEWV7,Rauch 等 - 2020 - Tooth-Colored CADCAM Materials for Application in 3-Unit Fixed Dental Prostheses in the Molar Area.pdf,EXCLUDE,"证据片段仅泛泛提及""processed by using CAD software and can be milled with 4- or 5-axis CAM machines""，未出现任何具名的第三方非牙科3D软件被该研究自己使用。",-,-,-,-,"【判定】: EXCLUDE
【判定理由】: 证据片段仅泛泛提及""processed by using CAD software and can be milled with 4- or 5-axis CAM machines""，未出现任何具名的第三方非牙科3D软件被该研究自己使用。
【软件】: -
【专科】: -
【应用场景】: -
【研究设计】: -"
redescription of three basal anomodonts a phylogenetic reassessment of the holotype of eodicynodon oelofseni nmqr 2913,Redescription of three basal anomodonts: a phylogenetic reassessment of the holotype of Eodicynodon oelofseni (NMQR 2913),FRONTIERS IN EARTH SCIENCE,journalArticle,IHP5B529,Duhamel 等 - 2024 - Redescription of three basal anomodonts a phylogenetic reassessment of the holotype of Eodicynodon.pdf,EXCLUDE,该文献研究的是古生物（二叠纪-三叠纪兽孔类）颅骨形态与系统发育，主题不属于口腔医学任一学科；虽使用了 AVIZO 9.0 lite 和 VG Studio Max 等非牙科3D软件，但不符合口腔医学主题要求。,-,-,-,-,"【判定】: EXCLUDE
【判定理由】: 该文献研究的是古生物（二叠纪-三叠纪兽孔类）颅骨形态与系统发育，主题不属于口腔医学任一学科；虽使用了 AVIZO 9.0 lite 和 VG Studio Max 等非牙科3D软件，但不符合口腔医学主题要求。
【软件】: -
【专科】: -
【应用场景】: -
【研究设计】: -"
augmented reality calibration using feature triangulation iteration based registration for surgical navigation,Augmented reality calibration using feature triangulation iteration-based registration for surgical navigation,COMPUTERS IN BIOLOGY AND MEDICINE,journalArticle,NFJ2DZJ6,Shao 等 - 2022 - Augmented reality calibration using feature triangulation iteration-based registration for surgical.pdf,EXCLUDE,"证据片段显示该研究""combines a Microsoft HoloLens device with a single camera registration module""，并自研了""shape feature matching-based search method""、""double clustering-based 3D point cloud segmentation method""等算法，未使用任何具名的第三方非牙科3D软件进行3D数据处理。",-,-,-,-,"【判定】: EXCLUDE
【判定理由】: 证据片段显示该研究""combines a Microsoft HoloLens device with a single camera registration module""，并自研了""shape feature matching-based search method""、""double clustering-based 3D point cloud segmentation method""等算法，未使用任何具名的第三方非牙科3D软件进行3D数据处理。
【软件】: -
【专科】: -
【应用场景】: -
【研究设计】: -"
intrinsic antibacterial and osteoinductive sterosomes promote infected bone healing,Intrinsic antibacterial and osteoinductive sterosomes promote infected bone healing,JOURNAL OF CONTROLLED RELEASE,journalArticle,SHXEUBB9,Zhang 等 - 2023 - Intrinsic antibacterial and osteoinductive sterosomes promote infected bone healing.pdf,EXCLUDE,"证据中仅出现 ImageJ 与 SkyScan CT-Analyzer，前者为图像分析软件而非三维建模/处理软件，后者为 Bruker 牙科/骨形态计量专用程序，均不满足""具名第三方非牙科三维软件""的要求。",-,-,-,-,"【判定】: EXCLUDE
【判定理由】: 证据中仅出现 ImageJ 与 SkyScan CT-Analyzer，前者为图像分析软件而非三维建模/处理软件，后者为 Bruker 牙科/骨形态计量专用程序，均不满足""具名第三方非牙科三维软件""的要求。
【软件】: -
【专科】: -
【应用场景】: -
【研究设计】: -"
idnet a diffusion model enhanced framework for accurate cranio maxillofacial bone defect repair,IDNet: A Diffusion Model-Enhanced Framework for Accurate Cranio-Maxillofacial Bone Defect Repair,BIOENGINEERING-BASEL,journalArticle,CRTLD8EM,Ji 等 - 2025 - IDNet A Diffusion Model-Enhanced Framework for Accurate Cranio-Maxillofacial Bone Defect Repair..pdf,EXCLUDE,"该研究提出的是自研框架""Internal Diffusion Network (IDNet)""，证据片段中仅提及""a novel framework that integrates a diffusion model into a standard U-shaped network""，未使用任何具名的第三方非牙科3D软件。",-,-,-,-,"【判定】: EXCLUDE
【判定理由】: 该研究提出的是自研框架""Internal Diffusion Network (IDNet)""，证据片段中仅提及""a novel framework that integrates a diffusion model into a standard U-shaped network""，未使用任何具名的第三方非牙科3D软件。
【软件】: -
【专科】: -
【应用场景】: -
【研究设计】: -"
optimized placement of sensor networks by machine learning for microclimate evaluation,Optimized placement of sensor networks by machine learning for microclimate evaluation,COMPUTERS AND ELECTRONICS IN AGRICULTURE,journalArticle,YTNVC9S6,Zanchi 等 - 2024 - Optimized placement of sensor networks by machine learning for microclimate evaluation.pdf,EXCLUDE,该文献主题为农业微气候传感器网络优化（期刊为 COMPUTERS AND ELECTRONICS IN AGRICULTURE），不属于口腔医学任一学科；证据片段中仅涉及机器学习聚类算法与 Nhits 神经网络，未使用任何具名第三方非牙科3D软件。,-,-,-,-,"【判定】: EXCLUDE
【判定理由】: 该文献主题为农业微气候传感器网络优化（期刊为 COMPUTERS AND ELECTRONICS IN AGRICULTURE），不属于口腔医学任一学科；证据片段中仅涉及机器学习聚类算法与 Nhits 神经网络，未使用任何具名第三方非牙科3D软件。
【软件】: -
【专科】: -
【应用场景】: -
【研究设计】: -"
bdnf loaded pdadmac heparin multilayers a novel approach for neuroblastoma cell study,BDNF-loaded PDADMAC-heparin multilayers: a novel approach for neuroblastoma cell study,SCIENTIFIC REPORTS,journalArticle,ARDMFN5F,Dabkowska 等 - 2023 - BDNF-loaded PDADMAC-heparin multilayers a novel approach for neuroblastoma cell study.pdf,EXCLUDE,该研究主题为生物材料（聚电解质多层膜与BDNF）用于神经母细胞瘤细胞研究，不属于口腔医学任一学科；且证据中仅出现 SkanIt™ Software 与 GraphPad Prism，均非用于3D数据处理/分析/建模/测量的非牙科3D软件。,-,-,-,-,"【判定】: EXCLUDE
【判定理由】: 该研究主题为生物材料（聚电解质多层膜与BDNF）用于神经母细胞瘤细胞研究，不属于口腔医学任一学科；且证据中仅出现 SkanIt™ Software 与 GraphPad Prism，均非用于3D数据处理/分析/建模/测量的非牙科3D软件。
【软件】: -
【专科】: -
【应用场景】: -
【研究设计】: -"
removable complete denture with a metal base integration of digital design and conventional fabrication techniques,Removable complete denture with a metal base: Integration of digital design and conventional fabrication techniques,JOURNAL OF ESTHETIC AND RESTORATIVE DENTISTRY,journalArticle,UPIIQ5SQ,Park 等 - 2024 - Removable complete denture with a metal base Integration of digital design and conventional fabrica.pdf,EXCLUDE,"证据片段中该研究自己使用的设计软件为牙科专用软件（""CAD software (Dental System 2021, 3Shape A/S)""），全文未出现任何具名的第三方非牙科3D软件被该研究自身使用。",-,-,-,-,"【判定】: EXCLUDE
【判定理由】: 证据片段中该研究自己使用的设计软件为牙科专用软件（""CAD software (Dental System 2021, 3Shape A/S)""），全文未出现任何具名的第三方非牙科3D软件被该研究自身使用。
【软件】: -
【专科】: -
【应用场景】: -
【研究设计】: -"
evaluation of zirconia and high performance polymer abutment surface roughness and stress concentration for implant supported fixed dental prostheses,Evaluation of Zirconia and High Performance Polymer Abutment Surface Roughness and Stress Concentration for Implant-Supported Fixed Dental Prostheses,COATINGS,journalArticle,S2SASU6I,Lo Giudice 等 - 2022 - Evaluation of Zirconia and High Performance Polymer Abutment Surface Roughness and Stress Concentrat.pdf,INCLUDE,"该研究自身在方法中使用具名第三方非牙科3D软件进行建模，证据原文为""the modelling software (Rhinoceros version 5.0 SR8, 2013, McNeel North America, Seattle, WA, USA)""，并进行了有限元应力分析。",Rhinoceros,Prosthodontics,Biomechanical analysis and simulation,in_vitro,"【判定】: INCLUDE
【判定理由】: 该研究自身在方法中使用具名第三方非牙科3D软件进行建模，证据原文为""the modelling software (Rhinoceros version 5.0 SR8, 2013, McNeel North America, Seattle, WA, USA)""，并进行了有限元应力分析。
【软件】: Rhinoceros
【专科】: Prosthodontics
【应用场景】: Biomechanical analysis and simulation
【研究设计】: in_vitro"
dimensional measurement accuracy of 3 dimensional models from cone beam computed tomography using different voxel sizes,Dimensional measurement accuracy of 3-dimensional models from cone beam computed tomography using different voxel sizes,ORAL SURGERY ORAL MEDICINE ORAL PATHOLOGY ORAL RADIOLOGY,journalArticle,BRDTGEI3,Mukhia 等 - 2021 - Dimensional measurement accuracy of 3-dimensional models from cone beam computed tomography using di.pdf,EXCLUDE,"证据片段仅提及""a point-based rigid registration algorithm""和""white light scanner""，未出现任何具名的第三方非牙科3D软件（如Mimics、3D Slicer、Geomagic等）被该研究自己使用。",-,-,-,-,"【判定】: EXCLUDE
【判定理由】: 证据片段仅提及""a point-based rigid registration algorithm""和""white light scanner""，未出现任何具名的第三方非牙科3D软件（如Mimics、3D Slicer、Geomagic等）被该研究自己使用。
【软件】: -
【专科】: -
【应用场景】: -
【研究设计】: -"
computer assisted preoperative planning system with an automated registration method in prosthesis driven oral implantology,Computer-assisted preoperative planning system with an automated registration method in prosthesis-driven oral implantology,INTERNATIONAL JOURNAL OF COMPUTER ASSISTED RADIOLOGY AND SURGERY,journalArticle,LQ9NU9KT,Liu 等 - 2024 - Computer-assisted preoperative planning system with an automated registration method in prosthesis-d.pdf,EXCLUDE,"证据片段仅描述了该研究自研的自动配准算法（""a novel automated registration method""、""the automatic registration algorithm""），未出现任何具名的第三方非牙科3D软件被该研究自己使用。",-,-,-,-,"【判定】: EXCLUDE
【判定理由】: 证据片段仅描述了该研究自研的自动配准算法（""a novel automated registration method""、""the automatic registration algorithm""），未出现任何具名的第三方非牙科3D软件被该研究自己使用。
【软件】: -
【专科】: -
【应用场景】: -
【研究设计】: -"
an explainable deep learning model for dental caries detection and segmentation,An explainable deep learning model for dental caries detection and segmentation,VISUAL COMPUTER,journalArticle,F9ZHLP87,Brahmi 等 - 2026 - An explainable deep learning model for dental caries detection and segmentation.pdf,EXCLUDE,"该研究仅使用自研深度学习框架（""utilizing the YOLO11-seg architecture""、""Bayesian hyperparameter optimization via the Optuna framework""），未使用任何具名的第三方非牙科3D软件。",-,-,-,-,"【判定】: EXCLUDE
【判定理由】: 该研究仅使用自研深度学习框架（""utilizing the YOLO11-seg architecture""、""Bayesian hyperparameter optimization via the Optuna framework""），未使用任何具名的第三方非牙科3D软件。
【软件】: -
【专科】: -
【应用场景】: -
【研究设计】: -"
addition of progesterone to feminizing gender affirming hormone therapy in transgender individuals for breast development a randomized controlled trial,Addition of progesterone to feminizing gender-affirming hormone therapy in transgender individuals for breast development: a randomized controlled trial,BMC PHARMACOLOGY & TOXICOLOGY,journalArticle,F72QFWK7,Benthe A M Dijkman 等 - 2023 - Addition of progesterone to feminizing gender-affirming hormone therapy in transgender individuals f.pdf,EXCLUDE,"该文献主题为跨性别者激素治疗与乳房发育（BMC Pharmacology and Toxicology），不属于口腔医学任一学科；且为随机对照试验研究方案（""This study will indicate whether...""），非口腔原创研究。",-,-,-,-,"【判定】: EXCLUDE
【判定理由】: 该文献主题为跨性别者激素治疗与乳房发育（BMC Pharmacology and Toxicology），不属于口腔医学任一学科；且为随机对照试验研究方案（""This study will indicate whether...""），非口腔原创研究。
【软件】: -
【专科】: -
【应用场景】: -
【研究设计】: -"
beyond silencing integrative multi omics and spatial profiling unravel the systems level role of pirnas in hbv driven hepatocarcinogenesis,Beyond silencing: integrative multi-omics and spatial profiling unravel the systems-level role of piRNAs in HBV-driven Hepatocarcinogenesis,MOLECULAR BIOLOGY REPORTS,journalArticle,I7M67463,Zainb 等 - 2026 - Beyond silencing integrative multi-omics and spatial profiling unravel the systems-level role of pi.pdf,EXCLUDE,"该文献为综述（""This review considers HBV a plausible perturbant...""），且证据片段中未出现任何该研究自身使用的具名第三方非牙科3D软件，仅泛泛提及""graph neural networks, Bayesian modeling""等系统生物学方法。",-,-,-,-,"【判定】: EXCLUDE
【判定理由】: 该文献为综述（""This review considers HBV a plausible perturbant...""），且证据片段中未出现任何该研究自身使用的具名第三方非牙科3D软件，仅泛泛提及""graph neural networks, Bayesian modeling""等系统生物学方法。
【软件】: -
【专科】: -
【应用场景】: -
【研究设计】: -"
soft tissue changes associated with class iii orthopaedic treatment in growing patients a systematic review and meta analysis,Soft tissue changes associated with Class III orthopaedic treatment in growing patients: a systematic review and meta-analysis,PROGRESS IN ORTHODONTICS,journalArticle,534R4TGE,Alhamwi 等 - 2025 - Soft tissue changes associated with Class III orthopaedic treatment in growing patients a systemati.pdf,EXCLUDE,"该文献为系统综述与meta分析（""systematic review and meta-analysis""），属于排除的文献类型；且证据中提及的MIMICs软件出现在对他人研究的描述中（""The second study evaluated...transferred to MIMICs software""），并非该研究自身使用。",-,-,-,-,"【判定】: EXCLUDE
【判定理由】: 该文献为系统综述与meta分析（""systematic review and meta-analysis""），属于排除的文献类型；且证据中提及的MIMICs软件出现在对他人研究的描述中（""The second study evaluated...transferred to MIMICs software""），并非该研究自身使用。
【软件】: -
【专科】: -
【应用场景】: -
【研究设计】: -"
3d printing vs conventional wax patterns a comparative in vitro study on retention of rpd framework,3D printing vs. conventional wax patterns: a comparative in vitro study on retention of RPD framework,ODONTOLOGY,journalArticle,EXD2A2LP,Elmahdi 等 - 2026 - 3D printing vs. conventional wax patterns a comparative in vitro study on retention of RPD framewor.pdf,EXCLUDE,"证据片段显示该研究使用的软件为""3 shape dental design system, 3Shape""，属于牙科专用软件（CAD软件），不符合""具名第三方非牙科3D软件""的纳入标准。",-,-,-,-,"【判定】: EXCLUDE
【判定理由】: 证据片段显示该研究使用的软件为""3 shape dental design system, 3Shape""，属于牙科专用软件（CAD软件），不符合""具名第三方非牙科3D软件""的纳入标准。
【软件】: -
【专科】: -
【应用场景】: -
【研究设计】: -"
what s in a nam,What's in a NAM?,LAB ANIMAL,journalArticle,2IGXI3JV,Ahluwalia 等 - 2026 - What’s in a NAM.pdf,EXCLUDE,"该文献主题为动物实验替代方法（NAMs）的政策与定义讨论，不属于口腔医学任一学科；且证据片段中仅泛泛提及""computational or in silico modeling""等概念，未出现该研究自身使用的具名第三方非牙科3D软件。",-,-,-,-,"【判定】: EXCLUDE
【判定理由】: 该文献主题为动物实验替代方法（NAMs）的政策与定义讨论，不属于口腔医学任一学科；且证据片段中仅泛泛提及""computational or in silico modeling""等概念，未出现该研究自身使用的具名第三方非牙科3D软件。
【软件】: -
【专科】: -
【应用场景】: -
【研究设计】: -"
comparison between relining of ill fitted maxillary complete denture versus cad cam milling of new one regarding patient satisfaction denture retention and adaptation,"Comparison between relining of ill-fitted maxillary complete denture versus CAD/CAM milling of new one regarding patient satisfaction, denture retention and adaptation",BMC ORAL HEALTH,journalArticle,4JN55E2T,Maha Nagy Mohamed Kamal - 2025 - Comparison between relining of ill-fitted maxillary complete denture versus CADCAM milling of new o.pdf,INCLUDE,"摘要中明确写道""geomagic software was used to evaluate dentures adaptation to oral tissues""，表明该研究自身使用了Geomagic软件进行义齿适配性评估。",Geomagic,Prosthodontics,3D data analysis and accuracy assessment,clinical,"【判定】: INCLUDE
【判定理由】: 摘要中明确写道""geomagic software was used to evaluate dentures adaptation to oral tissues""，表明该研究自身使用了Geomagic软件进行义齿适配性评估。
【软件】: Geomagic
【专科】: Prosthodontics
【应用场景】: 3D data analysis and accuracy assessment
【研究设计】: clinical"
augmented reality assisted micro invasive apicectomy with markerless visual inertial odometry an in vivo pilot study,Augmented Reality-Assisted Micro-Invasive Apicectomy with Markerless Visual-Inertial Odometry: An In Vivo Pilot Study,APPLIED SCIENCES-BASEL,journalArticle,72VTFG8B,Farronato 等 - 2025 - Augmented Reality-Assisted Micro-Invasive Apicectomy with Markerless Visual–Inertial Odometry An In.pdf,INCLUDE,"该研究自身在材料与方法中使用具名第三方非牙科3D软件，原文明确写道 ""The DICOM files were segmented in Mimics 22.0 (Materialise, Leuven, Belgium)"" 以及 ""by the use of open-source software MeshLab 2023.12 function ICP""。",Mimics; MeshLab,Endodontics,Image segmentation and 3D reconstruction,clinical,"【判定】: INCLUDE
【判定理由】: 该研究自身在材料与方法中使用具名第三方非牙科3D软件，原文明确写道 ""The DICOM files were segmented in Mimics 22.0 (Materialise, Leuven, Belgium)"" 以及 ""by the use of open-source software MeshLab 2023.12 function ICP""。
【软件】: Mimics; MeshLab
【专科】: Endodontics
【应用场景】: Image segmentation and 3D reconstruction
【研究设计】: clinical"
enhancing airway obstruction diagnosis with multimodal 3d shape analysis,Enhancing airway obstruction diagnosis with multimodal 3D shape analysis,INTERNATIONAL JOURNAL OF COMPUTER ASSISTED RADIOLOGY AND SURGERY,journalArticle,YTY8B4LH,Dole 等 - 2026 - Enhancing airway obstruction diagnosis with multimodal 3D shape analysis.pdf,EXCLUDE,"证据片段显示该研究""propose an open-source, automated deep learning tool""及""we propose a deep learning model""，属于自研算法/深度学习模型，未使用任何具名第三方非牙科3D软件。",-,-,-,-,"【判定】: EXCLUDE
【判定理由】: 证据片段显示该研究""propose an open-source, automated deep learning tool""及""we propose a deep learning model""，属于自研算法/深度学习模型，未使用任何具名第三方非牙科3D软件。
【软件】: -
【专科】: -
【应用场景】: -
【研究设计】: -"
multi view deep fusion for forensic dental age estimation in tomographic imaging,Multi-view deep fusion for forensic dental age estimation in tomographic imaging,INTERNATIONAL JOURNAL OF LEGAL MEDICINE,journalArticle,S9X9MBYM,Rodrigues Moreira 等 - 2026 - Multi-view deep fusion for forensic dental age estimation in tomographic imaging.pdf,EXCLUDE,"证据片段显示该研究仅使用自研的深度学习架构（""dual-stream EfficientNet architecture""、""U-Net""、""YOLO-based detection""），未提及任何具名的第三方非牙科3D软件被该研究自身使用。",-,-,-,-,"【判定】: EXCLUDE
【判定理由】: 证据片段显示该研究仅使用自研的深度学习架构（""dual-stream EfficientNet architecture""、""U-Net""、""YOLO-based detection""），未提及任何具名的第三方非牙科3D软件被该研究自身使用。
【软件】: -
【专科】: -
【应用场景】: -
【研究设计】: -"
new generation cad cam materials for implant supported definitive frameworks fabricated by using subtractive technologies,New generation CAD-CAM materials for implant-supported definitive frameworks fabricated by using subtractive technologies,BIOMED RESEARCH INTERNATIONAL,journalArticle,KRNC254H,Cevik 等 - 2022 - New generation CAD-CAM materials for implant-supported definitive frameworks fabricated by using sub.pdf,EXCLUDE,"该文献为综述（""Review Article""、""This comprehensive review summarizes the recent information""），不符合原创研究/技术说明/病例报告的纳入类型要求。",-,-,-,-,"【判定】: EXCLUDE
【判定理由】: 该文献为综述（""Review Article""、""This comprehensive review summarizes the recent information""），不符合原创研究/技术说明/病例报告的纳入类型要求。
【软件】: -
【专科】: -
【应用场景】: -
【研究设计】: -"
diagnostic agreement between visual examination and an automated scanner system with fluorescence for detecting and classifying occlusal carious lesions in primary teeth,Diagnostic agreement between visual examination and an automated scanner system with fluorescence for detecting and classifying occlusal carious lesions in primary teeth,JOURNAL OF DENTISTRY,journalArticle,G3CI4KFG,Jones 等 - 2024 - Diagnostic agreement between visual examination and an automated scanner system with fluorescence fo.pdf,EXCLUDE,该研究使用的是牙科专用软件 Trios Patient Monitoring (TPM) 及 TRIOS module software（3Shape），属于牙科专用软件，且证据中未出现任何该研究自身使用的具名第三方非牙科3D软件。,-,-,-,-,"【判定】: EXCLUDE
【判定理由】: 该研究使用的是牙科专用软件 Trios Patient Monitoring (TPM) 及 TRIOS module software（3Shape），属于牙科专用软件，且证据中未出现任何该研究自身使用的具名第三方非牙科3D软件。
【软件】: -
【专科】: -
【应用场景】: -
【研究设计】: -"
3d monitoring of toothbrushing regions and force using multimodal sensors and unity,3D Monitoring of Toothbrushing Regions and Force Using Multimodal Sensors and Unity,IEEE ACCESS,journalArticle,SM98IZIT,Li和Jing - 2023 - 3D Monitoring of Toothbrushing Regions and Force Using Multimodal Sensors and Unity.pdf,EXCLUDE,证据片段中该研究自己使用的软件为 Arduino software、Python、Unity 和 RsWeight，均非具名的第三方非牙科三维（3D）软件，未涉及3D数据的处理、分析、建模或测量。,-,-,-,-,"【判定】: EXCLUDE
【判定理由】: 证据片段中该研究自己使用的软件为 Arduino software、Python、Unity 和 RsWeight，均非具名的第三方非牙科三维（3D）软件，未涉及3D数据的处理、分析、建模或测量。
【软件】: -
【专科】: -
【应用场景】: -
【研究设计】: -"
mixed reality combined with surgical navigation versus conventional navigation for resection of oral and maxillofacial tumors a comparative study,Mixed reality combined with surgical navigation versus conventional navigation for resection of oral and maxillofacial tumors: a comparative study,BMC ORAL HEALTH,journalArticle,ZC52QN7Q,Tang 等 - 2026 - Mixed reality combined with surgical navigation versus conventional navigation for resection of oral.pdf,EXCLUDE,"证据片段中仅提及""digital software for chromatographic analysis""和""SPSS 26.0 software""，未出现任何具名的第三方非牙科3D软件被该研究自己使用；SPSS为统计分析软件，不属于3D数据处理/建模/测量软件。",-,-,-,-,"【判定】: EXCLUDE
【判定理由】: 证据片段中仅提及""digital software for chromatographic analysis""和""SPSS 26.0 software""，未出现任何具名的第三方非牙科3D软件被该研究自己使用；SPSS为统计分析软件，不属于3D数据处理/建模/测量软件。
【软件】: -
【专科】: -
【应用场景】: -
【研究设计】: -"
aquila particle swarm based cooperative search optimizer with superpixel techniques for epithelial layer segmentation,Aquila-particle swarm based cooperative search optimizer with superpixel techniques for epithelial layer segmentation,APPLIED SOFT COMPUTING,journalArticle,MLN8KSCM,Sasmal 等 - 2023 - Aquila-particle swarm based cooperative search optimizer with superpixel techniques for epithelial l.pdf,EXCLUDE,"该研究提出的是自研的 Cooperative Search (CS) 算法（""A novel cooperative search (CS) based algorithm is developed based on Aquila and Particle Swarm optimizers""），属于自编算法/程序，证据片段中未出现任何具名第三方非牙科3D软件被该研究自己使用。",-,-,-,-,"【判定】: EXCLUDE
【判定理由】: 该研究提出的是自研的 Cooperative Search (CS) 算法（""A novel cooperative search (CS) based algorithm is developed based on Aquila and Particle Swarm optimizers""），属于自编算法/程序，证据片段中未出现任何具名第三方非牙科3D软件被该研究自己使用。
【软件】: -
【专科】: -
【应用场景】: -
【研究设计】: -"
accuracy of endodontic access cavities performed using an augmented reality appliance an in vitro study,Accuracy of Endodontic Access Cavities Performed Using an Augmented Reality Appliance: An In Vitro Study,INTERNATIONAL JOURNAL OF ENVIRONMENTAL RESEARCH AND PUBLIC HEALTH,journalArticle,VIUWMA2F,Vicente Faus-Matoses 等 - 2022 - Accuracy of Endodontic Access Cavities Performed Using an Augmented Reality Appliance An In Vitro S.pdf,EXCLUDE,"该研究使用的具名软件为 ""3D implant planning software (NemoScan®, Nemotec, Madrid, Spain)""，属于牙科专用种植规划软件，不符合""非牙科3D软件""的纳入标准。",-,-,-,-,"【判定】: EXCLUDE
【判定理由】: 该研究使用的具名软件为 ""3D implant planning software (NemoScan®, Nemotec, Madrid, Spain)""，属于牙科专用种植规划软件，不符合""非牙科3D软件""的纳入标准。
【软件】: -
【专科】: -
【应用场景】: -
【研究设计】: -"
laboratory efficiency of additive manufacturing for removable denture frameworks a literature based review,Laboratory efficiency of additive manufacturing for removable denture frameworks: A literature-based review,DENTAL MATERIALS JOURNAL,journalArticle,R8UHSTK3,Suzuki 等 - 2021 - Laboratory efficiency of additive manufacturing for removable denture frameworks A literature-based.pdf,EXCLUDE,"该文献为 literature-based review（题名及摘要明确为 ""literature review""），属于综述类型，不符合纳入标准第3条；且证据片段中未出现该研究自身使用的具名第三方非牙科3D软件。",-,-,-,-,"【判定】: EXCLUDE
【判定理由】: 该文献为 literature-based review（题名及摘要明确为 ""literature review""），属于综述类型，不符合纳入标准第3条；且证据片段中未出现该研究自身使用的具名第三方非牙科3D软件。
【软件】: -
【专科】: -
【应用场景】: -
【研究设计】: -"
geometric accuracy of magnetic resonance imaging derived virtual 3 dimensional bone surface models of the mandible in comparison to computed tomography and cone beam computed tomography a porcine cadaver study,Geometric accuracy of magnetic resonance imaging-derived virtual 3-dimensional bone surface models of the mandible in comparison to computed tomography and cone beam computed tomography: A porcine cadaver study,CLINICAL IMPLANT DENTISTRY AND RELATED RESEARCH,journalArticle,4SXNSXGG,Probst 等 - 2021 - Geometric accuracy of magnetic resonance imaging-derived virtual 3-dimensional bone surface models o.pdf,EXCLUDE,"抽取的软件相关证据片段中仅泛泛提及""virtual surgical planning (VSP) using a dedicated software""及""CAD/CAM procedures""，未出现任何该研究自身使用的具名第三方非牙科3D软件名称。",-,-,-,-,"【判定】: EXCLUDE
【判定理由】: 抽取的软件相关证据片段中仅泛泛提及""virtual surgical planning (VSP) using a dedicated software""及""CAD/CAM procedures""，未出现任何该研究自身使用的具名第三方非牙科3D软件名称。
【软件】: -
【专科】: -
【应用场景】: -
【研究设计】: -"
accuracy of cad cam systems for removable partial denture framework fabrication a systematic review,Accuracy of CAD -CAM systems for removable partial denture framework fabrication: A systematic review,JOURNAL OF PROSTHETIC DENTISTRY,journalArticle,HDHJW59L,Pereira 等 - 2021 - Accuracy of CAD -CAM systems for removable partial denture framework fabrication A systematic revie.pdf,EXCLUDE,"该文献为系统综述（题名及摘要明确标注""A systematic review""），且证据片段中未出现该研究自身使用的任何具名第三方非牙科3D软件。",-,-,-,-,"【判定】: EXCLUDE
【判定理由】: 该文献为系统综述（题名及摘要明确标注""A systematic review""），且证据片段中未出现该研究自身使用的任何具名第三方非牙科3D软件。
【软件】: -
【专科】: -
【应用场景】: -
【研究设计】: -"
lmvsegrnn and poseidon3d addressing challenging teeth segmentation cases in 3d dental surface orthodontic scans,LMVSegRNN and Poseidon3D: Addressing Challenging Teeth Segmentation Cases in 3D Dental Surface Orthodontic Scans,BIOENGINEERING-BASEL,journalArticle,R7ISRWUL,Kubík和Španěl - 2024 - LMVSegRNN and Poseidon3D Addressing Challenging Teeth Segmentation Cases in 3D Dental Surface Ortho.pdf,EXCLUDE,证据片段仅描述该研究提出自研的投影式分割框架（LMVSegRNN）并发布数据集（Poseidon3D），未出现任何具名第三方非牙科3D软件被该研究自己使用的原文。,-,-,-,-,"【判定】: EXCLUDE
【判定理由】: 证据片段仅描述该研究提出自研的投影式分割框架（LMVSegRNN）并发布数据集（Poseidon3D），未出现任何具名第三方非牙科3D软件被该研究自己使用的原文。
【软件】: -
【专科】: -
【应用场景】: -
【研究设计】: -"
robot assisted augmented reality navigation for osteotomy and personalized guide plate in mandibular reconstruction a preclinical study,Robot-assisted augmented reality navigation for osteotomy and personalized guide-plate in mandibular reconstruction: a preclinical study,BMC ORAL HEALTH,journalArticle,WVD49PF9,Li 等 - 2025 - Robot-assisted augmented reality navigation for osteotomy and personalized guide-plate in mandibular.pdf,EXCLUDE,"抽取的证据片段仅提及该研究自行开发的""Robot-assisted Augmented Reality Osteotomy Navigation System (RARONS)""及虚拟手术规划，未出现任何具名的第三方非牙科3D软件（如Mimics、3D Slicer等）被该研究自己使用。",-,-,-,-,"【判定】: EXCLUDE
【判定理由】: 抽取的证据片段仅提及该研究自行开发的""Robot-assisted Augmented Reality Osteotomy Navigation System (RARONS)""及虚拟手术规划，未出现任何具名的第三方非牙科3D软件（如Mimics、3D Slicer等）被该研究自己使用。
【软件】: -
【专科】: -
【应用场景】: -
【研究设计】: -"
effect of peri implant bone resorption on mechanical stress in the implant body in vivo measured load based finite element analysis,Effect of peri-implant bone resorption on mechanical stress in the implant body: In vivo measured load-based finite element analysis,JOURNAL OF ORAL REHABILITATION,journalArticle,NJ5KK25B,Bing 等 - 2020 - Effect of peri-implant bone resorption on mechanical stress in the implant body In vivo measured lo.pdf,EXCLUDE,"证据片段仅提及""finite element analysis (FEA)""这一方法学名称，未出现任何具名的第三方非牙科3D软件（如 ANSYS、ABAQUS、Mimics 等）被该研究自己使用。",-,-,-,-,"【判定】: EXCLUDE
【判定理由】: 证据片段仅提及""finite element analysis (FEA)""这一方法学名称，未出现任何具名的第三方非牙科3D软件（如 ANSYS、ABAQUS、Mimics 等）被该研究自己使用。
【软件】: -
【专科】: -
【应用场景】: -
【研究设计】: -"
robust segmentation of partial and imperfect dental arches,Robust Segmentation of Partial and Imperfect Dental Arches,APPLIED SCIENCES-BASEL,journalArticle,TII25L59,Alsheghri 等 - 2024 - Robust Segmentation of Partial and Imperfect Dental Arches.pdf,EXCLUDE,"该研究提出的是自研的 ArchSeg 框架，使用 ""The Point Transformer V2 deep learning model is used as the backbone""，属于自研算法/深度学习模型，未使用任何具名的第三方非牙科3D软件。",-,-,-,-,"【判定】: EXCLUDE
【判定理由】: 该研究提出的是自研的 ArchSeg 框架，使用 ""The Point Transformer V2 deep learning model is used as the backbone""，属于自研算法/深度学习模型，未使用任何具名的第三方非牙科3D软件。
【软件】: -
【专科】: -
【应用场景】: -
【研究设计】: -"
an overview of selective laser sintering 3d printing technology for biomedical and sports device applications processes materials and applications,"An overview of selective laser sintering 3D printing technology for biomedical and sports device applications: Processes, materials, and applications",OPTICS AND LASER TECHNOLOGY,journalArticle,KPAT4YHU,Song 等 - 2024 - An overview of selective laser sintering 3D printing technology for biomedical and sports device app.pdf,EXCLUDE,"该文献为综述性概述（题名""An overview of...""），且证据片段中仅泛泛提及""CAD software""等，未显示该研究自身在材料与方法中使用任何具名第三方非牙科3D软件。",-,-,-,-,"【判定】: EXCLUDE
【判定理由】: 该文献为综述性概述（题名""An overview of...""），且证据片段中仅泛泛提及""CAD software""等，未显示该研究自身在材料与方法中使用任何具名第三方非牙科3D软件。
【软件】: -
【专科】: -
【应用场景】: -
【研究设计】: -"
accuracy evaluation of dental cbct and scanned model registration method based on pulp horn mapping surface an in vitro proof of concept,Accuracy evaluation of dental CBCT and scanned model registration method based on pulp horn mapping surface: an in vitro proof-of-concept,BMC ORAL HEALTH,journalArticle,2U8ZWJEZ,Wu 等 - 2024 - Accuracy evaluation of dental CBCT and scanned model registration method based on pulp horn mapping.pdf,EXCLUDE,"证据片段显示该研究在""C + + programming environment with a point cloud library (PCL)""中实现自研的 PHMSR、稀疏 ICP、ICP、CPD 算法，属于自编程序/自研算法，未使用任何具名的第三方非牙科3D软件。",-,-,-,-,"【判定】: EXCLUDE
【判定理由】: 证据片段显示该研究在""C + + programming environment with a point cloud library (PCL)""中实现自研的 PHMSR、稀疏 ICP、ICP、CPD 算法，属于自编程序/自研算法，未使用任何具名的第三方非牙科3D软件。
【软件】: -
【专科】: -
【应用场景】: -
【研究设计】: -"
evaluation of the fatigue strength of a cad cam nanoceramic resin crown on titanium and zirconia titanium abutments,Evaluation of the Fatigue Strength of a CAD-CAM Nanoceramic Resin Crown on Titanium and Zirconia-Titanium Abutments,APPLIED SCIENCES-BASEL,journalArticle,G2ET6V96,Graiff 等 - 2022 - Evaluation of the Fatigue Strength of a CAD-CAM Nanoceramic Resin Crown on Titanium and Zirconia-Tit.pdf,EXCLUDE,抽取的全文证据片段仅涉及CAD-CAM、疲劳测试等牙科内容，未出现任何该研究自身使用的具名第三方非牙科3D软件（如Mimics、3D Slicer、Geomagic等）的原文证据。,-,-,-,-,"【判定】: EXCLUDE
【判定理由】: 抽取的全文证据片段仅涉及CAD-CAM、疲劳测试等牙科内容，未出现任何该研究自身使用的具名第三方非牙科3D软件（如Mimics、3D Slicer、Geomagic等）的原文证据。
【软件】: -
【专科】: -
【应用场景】: -
【研究设计】: -"
differentiation of benign and malignant oral lesions through surface texture analysis and svm modeling,Differentiation of benign and malignant oral lesions through surface texture analysis and SVM modeling,CLINICAL ORAL INVESTIGATIONS,journalArticle,BI5PRGUX,Gürses 等 - 2025 - Differentiation of benign and malignant oral lesions through surface texture analysis and SVM modeli.pdf,INCLUDE,"该研究自身在方法中使用 ImageJ 软件标注病变区域（""ImageJ software (NIH, Bethesda, USA) was used to view the images and annotate lesion areas""），并使用 MATLAB R2024b 训练 SVM（""For training and implementation of the SVM, MATLAB R2024b (MathWorks Inc., MA, USA) was utilized""）。",ImageJ; MATLAB,Oral Medicine,3D data analysis and accuracy assessment,computational,"【判定】: INCLUDE
【判定理由】: 该研究自身在方法中使用 ImageJ 软件标注病变区域（""ImageJ software (NIH, Bethesda, USA) was used to view the images and annotate lesion areas""），并使用 MATLAB R2024b 训练 SVM（""For training and implementation of the SVM, MATLAB R2024b (MathWorks Inc., MA, USA) was utilized""）。
【软件】: ImageJ; MATLAB
【专科】: Oral Medicine
【应用场景】: 3D data analysis and accuracy assessment
【研究设计】: computational"
passive fit and time efficiency for prefabricated versus conventionally constructed cobalt chromium cad textbackslashcam 3 unit implant supported frameworks in free end saddle models a pilot invitro study,Passive fit and time efficiency for prefabricated versus conventionally constructed cobalt chromium CAD\textbackslashCAM 3-unit implant supported frameworks in free end saddle models: a pilot invitro study,BMC ORAL HEALTH,journalArticle,8HPQKBVZ,Kamel 等 - 2024 - Passive fit and time efficiency for prefabricated versus conventionally constructed cobalt chromium.pdf,EXCLUDE,"证据片段仅提到""registered on a 3D planning software""，未给出任何具名的第三方非牙科3D软件名称；文中出现的 CAD/CAM、intraoral scanner、CBCT 均为通用技术或牙科专用流程，无具名非牙科3D软件被该研究自己使用。",-,-,-,-,"【判定】: EXCLUDE
【判定理由】: 证据片段仅提到""registered on a 3D planning software""，未给出任何具名的第三方非牙科3D软件名称；文中出现的 CAD/CAM、intraoral scanner、CBCT 均为通用技术或牙科专用流程，无具名非牙科3D软件被该研究自己使用。
【软件】: -
【专科】: -
【应用场景】: -
【研究设计】: -"
clinical application of an intraoral scanner and cad cam system for a kennedy class i partially edentulous patient,Clinical application of an intraoral scanner and CAD/CAM system for a Kennedy class I partially edentulous patient,JOURNAL OF ORAL SCIENCE,journalArticle,4HJ9WGCQ,Suzuki 等 - 2022 - Clinical application of an intraoral scanner and CADCAM system for a Kennedy class I partially eden.pdf,EXCLUDE,"该研究仅使用牙科专用软件（DWOS Partial Frameworks, Dental Wings）及牙科设备（TRIOS3 口内扫描仪、Cares P40 3D打印机），证据片段中未出现任何具名的第三方非牙科3D软件被该研究自己使用。",-,-,-,-,"【判定】: EXCLUDE
【判定理由】: 该研究仅使用牙科专用软件（DWOS Partial Frameworks, Dental Wings）及牙科设备（TRIOS3 口内扫描仪、Cares P40 3D打印机），证据片段中未出现任何具名的第三方非牙科3D软件被该研究自己使用。
【软件】: -
【专科】: -
【应用场景】: -
【研究设计】: -"
leveraging solid solubility and miscibility of etoricoxib in soluplus towards manufacturing of 3d printed etoricoxib tablets by additive manufacturing,Leveraging solid solubility and miscibility of etoricoxib in Soluplus? towards manufacturing of 3D printed etoricoxib tablets by additive manufacturing,INTERNATIONAL JOURNAL OF PHARMACEUTICS,journalArticle,5BZNI5MC,Krupali Ashokbhai 等 - 2024 - Leveraging solid solubility and miscibility of etoricoxib in Soluplus® towards manufacturing of 3D p.pdf,EXCLUDE,该研究主题为3D打印药物片剂的制药学（International Journal of Pharmaceutics），不属于口腔医学任一学科；虽使用SOLIDWORKS等软件，但主题不符纳入标准。,-,-,-,-,"【判定】: EXCLUDE
【判定理由】: 该研究主题为3D打印药物片剂的制药学（International Journal of Pharmaceutics），不属于口腔医学任一学科；虽使用SOLIDWORKS等软件，但主题不符纳入标准。
【软件】: -
【专科】: -
【应用场景】: -
【研究设计】: -"
multi material 3d printing of a customized sports mouth guard proof of concept clinical case,Multi-Material 3D Printing of a Customized Sports Mouth Guard: Proof-of-Concept Clinical Case,INTERNATIONAL JOURNAL OF ENVIRONMENTAL RESEARCH AND PUBLIC HEALTH,journalArticle,IHJYACL8,Unkovskiy 等 - 2021 - Multi-Material 3D Printing of a Customized Sports Mouth Guard Proof-of-Concept Clinical Case.pdf,INCLUDE,"该研究自身在材料与方法中使用具名第三方非牙科3D软件 Zbrush 进行虚拟设计，证据原文为 ""uploaded in the free-form CAD software (Zbrush, Pixologic Inc, Los Angeles, California, USA) in order to design a multilayer MG""。",ZBrush,Sports Dentistry,Digital design and manufacturing,case_report,"【判定】: INCLUDE
【判定理由】: 该研究自身在材料与方法中使用具名第三方非牙科3D软件 Zbrush 进行虚拟设计，证据原文为 ""uploaded in the free-form CAD software (Zbrush, Pixologic Inc, Los Angeles, California, USA) in order to design a multilayer MG""。
【软件】: ZBrush
【专科】: Sports Dentistry
【应用场景】: Digital design and manufacturing
【研究设计】: case_report"
a deep learning framework for automated dental segmentation and diagnostic report generation from cone beam computed tomography,A deep learning framework for automated dental segmentation and diagnostic report generation from cone-beam computed tomography,HEAD & FACE MEDICINE,journalArticle,4BR99TM2,Zhou 等 - 2025 - A deep learning framework for automated dental segmentation and diagnostic report generation from co.pdf,EXCLUDE,"该研究仅使用自研深度学习模型（""3D TransUNet model and fine-tuned nnU-Netv2 framework""、""3D DenseNet169 model""），未使用任何具名的第三方非牙科3D软件。",-,-,-,-,"【判定】: EXCLUDE
【判定理由】: 该研究仅使用自研深度学习模型（""3D TransUNet model and fine-tuned nnU-Netv2 framework""、""3D DenseNet169 model""），未使用任何具名的第三方非牙科3D软件。
【软件】: -
【专科】: -
【应用场景】: -
【研究设计】: -"
a resource sharing approach for pss enabled additive manufacturing platform,A resource sharing approach for PSS-enabled additive manufacturing platform,CIRP JOURNAL OF MANUFACTURING SCIENCE AND TECHNOLOGY,journalArticle,MT46QW8Q,Zhong 等 - 2022 - A resource sharing approach for PSS-enabled additive manufacturing platform.pdf,EXCLUDE,"该研究属于工业工程/制造领域的资源调度问题，主题不属于口腔医学；且证据片段中仅泛泛提及""design software""和自研的深度强化学习程序（""the program was running continuously on an ECS""），未使用任何具名的第三方非牙科3D软件。",-,-,-,-,"【判定】: EXCLUDE
【判定理由】: 该研究属于工业工程/制造领域的资源调度问题，主题不属于口腔医学；且证据片段中仅泛泛提及""design software""和自研的深度强化学习程序（""the program was running continuously on an ECS""），未使用任何具名的第三方非牙科3D软件。
【软件】: -
【专科】: -
【应用场景】: -
【研究设计】: -"
the impact of open versus closed computer aided design computer aided manufacturing systems on the marginal gap of zirconia reinforced lithium silicate single crowns evaluated by scanning electron microscopy a comparative in vitro study,The Impact of Open versus Closed Computer-Aided Design/Computer-Aided Manufacturing Systems on the Marginal Gap of Zirconia-Reinforced Lithium Silicate Single Crowns Evaluated by Scanning Electron Microscopy: A Comparative In Vitro Study,JOURNAL OF FUNCTIONAL BIOMATERIALS,journalArticle,MWC6EET8,Asaf Shely 等 - 2024 - The Impact of Open versus Closed Computer-Aided DesignComputer-Aided Manufacturing Systems on the M.pdf,EXCLUDE,"证据片段显示该研究仅使用牙科专用软件""CEREC software""和""EXOCAD software""，未使用任何具名的第三方非牙科3D软件。",-,-,-,-,"【判定】: EXCLUDE
【判定理由】: 证据片段显示该研究仅使用牙科专用软件""CEREC software""和""EXOCAD software""，未使用任何具名的第三方非牙科3D软件。
【软件】: -
【专科】: -
【应用场景】: -
【研究设计】: -"
a rapid advancing image segmentation approach in dental to predict cryst,A Rapid Advancing Image Segmentation Approach in Dental to Predict Cryst,TRAITEMENT DU SIGNAL,journalArticle,SD6KI78W,Sivasankaran和Dhanaraj - 2022 - A Rapid Advancing Image Segmentation Approach in Dental to Predict Cryst.pdf,EXCLUDE,"证据片段仅泛泛提及 ""CAD""、""image processing"" 等概念，未出现任何该研究自身使用的具名第三方非牙科3D软件（如 Mimics、3D Slicer 等），且方法为自研的分割/分类算法。",-,-,-,-,"【判定】: EXCLUDE
【判定理由】: 证据片段仅泛泛提及 ""CAD""、""image processing"" 等概念，未出现任何该研究自身使用的具名第三方非牙科3D软件（如 Mimics、3D Slicer 等），且方法为自研的分割/分类算法。
【软件】: -
【专科】: -
【应用场景】: -
【研究设计】: -"
morphological comparison between artificial intelligence driven and manual cad design in single tooth restoration a preliminary study,Morphological comparison between artificial intelligence-driven and manual CAD design in single tooth restoration: a preliminary study,BMC ORAL HEALTH,journalArticle,345A5AVQ,Xie 等 - 2025 - Morphological comparison between artificial intelligence-driven and manual CAD design in single toot.pdf,EXCLUDE,该研究仅使用牙科专用软件（3Shape Automate 与 3Shape Dental System），证据片段中未出现任何该研究自身使用的具名第三方非牙科3D软件。,-,-,-,-,"【判定】: EXCLUDE
【判定理由】: 该研究仅使用牙科专用软件（3Shape Automate 与 3Shape Dental System），证据片段中未出现任何该研究自身使用的具名第三方非牙科3D软件。
【软件】: -
【专科】: -
【应用场景】: -
【研究设计】: -"
validation of a novel tool for automated tooth modelling by fusion of cbct derived roots with the respective ios derived crowns,Validation of a novel tool for automated tooth modelling by fusion of CBCT-derived roots with the respective IOS-derived crowns,JOURNAL OF DENTISTRY,journalArticle,49PG86KL,Baldini 等 - 2025 - Validation of a novel tool for automated tooth modelling by fusion of CBCT-derived roots with the re.pdf,EXCLUDE,"证据片段仅泛泛提及""enhanced software capabilities""及""integrated into software solutions""，未出现该研究自身在材料与方法中使用的任何具名第三方非牙科3D软件；该研究验证的是自研AI融合工具（""novel artificial intelligence (AI)-based tool""）。",-,-,-,-,"【判定】: EXCLUDE
【判定理由】: 证据片段仅泛泛提及""enhanced software capabilities""及""integrated into software solutions""，未出现该研究自身在材料与方法中使用的任何具名第三方非牙科3D软件；该研究验证的是自研AI融合工具（""novel artificial intelligence (AI)-based tool""）。
【软件】: -
【专科】: -
【应用场景】: -
【研究设计】: -"
mechanical properties and biocompatibility of 3d printing acrylic material with bioactive components,Mechanical Properties and Biocompatibility of 3D Printing Acrylic Material with Bioactive Components,JOURNAL OF FUNCTIONAL BIOMATERIALS,journalArticle,JQFBPBTC,Raszewski 等 - 2022 - Mechanical Properties and Biocompatibility of 3D Printing Acrylic Material with Bioactive Components.pdf,EXCLUDE,"证据片段中仅出现""CAD CAM""缩写及参考文献中的CAD-CAM技术提及，未显示该研究自身使用了任何具名的第三方非牙科3D软件进行3D数据处理、分析或建模。",-,-,-,-,"【判定】: EXCLUDE
【判定理由】: 证据片段中仅出现""CAD CAM""缩写及参考文献中的CAD-CAM技术提及，未显示该研究自身使用了任何具名的第三方非牙科3D软件进行3D数据处理、分析或建模。
【软件】: -
【专科】: -
【应用场景】: -
【研究设计】: -"
3d modelling and x ray depth analysis map of the pulp with computer software via digital periapical radiography and cone beam computed tomography,3D modelling and x-ray depth analysis map of the pulp with computer software via digital periapical radiography and cone beam computed tomography,BMC ORAL HEALTH,journalArticle,AGVFZ3RW,Felek 等 - 2025 - 3D modelling and x-ray depth analysis map of the pulp with computer software via digital periapical.pdf,EXCLUDE,"该研究使用自研软件""XPAR""（""The aim of this study was to create a software (XPAR)""），属于自研算法/程序，证据片段中未出现任何具名的第三方非牙科3D软件被该研究自己使用。",-,-,-,-,"【判定】: EXCLUDE
【判定理由】: 该研究使用自研软件""XPAR""（""The aim of this study was to create a software (XPAR)""），属于自研算法/程序，证据片段中未出现任何具名的第三方非牙科3D软件被该研究自己使用。
【软件】: -
【专科】: -
【应用场景】: -
【研究设计】: -"
does cad software affect the marginal and internal fit of milled full ceramic crowns,Does cad software affect the marginal and internal fit of milled full ceramic crowns?,BRAZILIAN ORAL RESEARCH,journalArticle,YW7JPGUN,Akat 等 - 2022 - Does cad software affect the marginal and internal fit of milled full ceramic crowns-1.pdf,EXCLUDE,"该研究使用的软件为牙科专用 CAD 系统（""three different CAD systems (CEREC, KaVo, and Planmeca)""）及统计软件 R，均非""第三方非牙科三维软件""；CEREC、KaVo、Planmeca 属牙科专用 CAD/CAM 软件，R 为统计分析软件而非 3D 数据处理软件。",-,-,-,-,"【判定】: EXCLUDE
【判定理由】: 该研究使用的软件为牙科专用 CAD 系统（""three different CAD systems (CEREC, KaVo, and Planmeca)""）及统计软件 R，均非""第三方非牙科三维软件""；CEREC、KaVo、Planmeca 属牙科专用 CAD/CAM 软件，R 为统计分析软件而非 3D 数据处理软件。
【软件】: -
【专科】: -
【应用场景】: -
【研究设计】: -"
realization of a dental framework by 3d printing in material cobalt chromium with superior precision and fitting accuracy,Realization of a Dental Framework by 3D Printing in Material Cobalt-Chromium with Superior Precision and Fitting Accuracy,MATERIALS,journalArticle,4QDY3R9M,Edelmann 等 - 2020 - Realization of a Dental Framework by 3D Printing in Material Cobalt-Chromium with Superior Precision.pdf,INCLUDE,"该研究自身在方法中使用 ""stripe line projection using Atos Core and ATOS Professional V8-SR1 software (GOM, Brunswick, Germany)"" 对牙科框架进行3D形貌偏差分析，GOM/ATOS 属非牙科三维测量软件。",ATOS Professional V8-SR1 (GOM),Prosthodontics,3D data analysis and accuracy assessment,in_vitro,"【判定】: INCLUDE
【判定理由】: 该研究自身在方法中使用 ""stripe line projection using Atos Core and ATOS Professional V8-SR1 software (GOM, Brunswick, Germany)"" 对牙科框架进行3D形貌偏差分析，GOM/ATOS 属非牙科三维测量软件。
【软件】: ATOS Professional V8-SR1 (GOM)
【专科】: Prosthodontics
【应用场景】: 3D data analysis and accuracy assessment
【研究设计】: in_vitro"
teeth segmentation in panoramic dental x ray using mask regional convolutional neural network,Teeth Segmentation in Panoramic Dental X-ray Using Mask Regional Convolutional Neural Network,APPLIED SCIENCES-BASEL,journalArticle,DQC6CF2F,Rubiu 等 - 2023 - Teeth Segmentation in Panoramic Dental X-ray Using Mask Regional Convolutional Neural Network.pdf,EXCLUDE,"该研究自建 Mask-RCNN 算法进行牙齿分割（""we propose a new algorithm... An instance segmentation model was trained using the architecture of a Mask Region-based Convolutional Neural Network (Mask-RCNN)""），证据片段中未出现任何该研究自己使用的具名第三方非牙科3D软件。",-,-,-,-,"【判定】: EXCLUDE
【判定理由】: 该研究自建 Mask-RCNN 算法进行牙齿分割（""we propose a new algorithm... An instance segmentation model was trained using the architecture of a Mask Region-based Convolutional Neural Network (Mask-RCNN)""），证据片段中未出现任何该研究自己使用的具名第三方非牙科3D软件。
【软件】: -
【专科】: -
【应用场景】: -
【研究设计】: -"
research on panoramic stitching algorithm of lateral cranial sequence images in dental multifunctional cone beam computed tomography,Research on Panoramic Stitching Algorithm of Lateral Cranial Sequence Images in Dental Multifunctional Cone Beam Computed Tomography,SENSORS,journalArticle,TFCJ859I,Liu 等 - 2021 - Research on Panoramic Stitching Algorithm of Lateral Cranial Sequence Images in Dental Multifunction.pdf,EXCLUDE,"证据片段显示该研究""propose a local normalized cross-correlation stitching algorithm based on Gaussian Mixture Model""，属于自研算法，未使用任何具名第三方非牙科3D软件。",-,-,-,-,"【判定】: EXCLUDE
【判定理由】: 证据片段显示该研究""propose a local normalized cross-correlation stitching algorithm based on Gaussian Mixture Model""，属于自研算法，未使用任何具名第三方非牙科3D软件。
【软件】: -
【专科】: -
【应用场景】: -
【研究设计】: -"
3d printing of chewable oral tablets using drug nanosuspension inks an experimental and machine learning study,3D Printing of chewable oral tablets using drug nanosuspension inks: an experimental and machine learning study,VIRTUAL AND PHYSICAL PROTOTYPING,journalArticle,SAQED9KP,Truong 等 - 2025 - 3D Printing of chewable oral tablets using drug nanosuspension inks an experimental and machine lea.pdf,EXCLUDE,该研究主题为3D打印咀嚼片（药物制剂），不属于口腔医学任一学科；且证据片段中仅提及自研的Gradient Boosting Regressor机器学习模型，未使用任何具名第三方非牙科3D软件。,-,-,-,-,"【判定】: EXCLUDE
【判定理由】: 该研究主题为3D打印咀嚼片（药物制剂），不属于口腔医学任一学科；且证据片段中仅提及自研的Gradient Boosting Regressor机器学习模型，未使用任何具名第三方非牙科3D软件。
【软件】: -
【专科】: -
【应用场景】: -
【研究设计】: -"
an enhanced cad system based on machine learning algorithm for brain mri classification,An enhanced CAD system based on machine Learning Algorithm for brain MRI classification,JOURNAL OF IN℡LIGENT & FUZZY SYSTEMS,journalArticle,VBMMA9IP,Neffati 等 - 2021 - An enhanced CAD system based on machine Learning Algorithm for brain MRI classification.pdf,EXCLUDE,"该研究主题为脑部MRI分类（""brain image classification by analyzing Magnetic Resonance Images (MRIs) of the brain""），不属于口腔医学任一学科；且其使用自研算法DR-KPLS+SVM，未使用任何具名第三方非牙科3D软件。",-,-,-,-,"【判定】: EXCLUDE
【判定理由】: 该研究主题为脑部MRI分类（""brain image classification by analyzing Magnetic Resonance Images (MRIs) of the brain""），不属于口腔医学任一学科；且其使用自研算法DR-KPLS+SVM，未使用任何具名第三方非牙科3D软件。
【软件】: -
【专科】: -
【应用场景】: -
【研究设计】: -"
tooth segmentation and gingival tissue deformation framework for 3d orthodontic treatment planning and evaluating,Tooth segmentation and gingival tissue deformation framework for 3D orthodontic treatment planning and evaluating,MEDICAL & BIOLOGICAL ENGINEERING & COMPUTING,journalArticle,UCAQGWW6,Yuan 等 - 2020 - Tooth segmentation and gingival tissue deformation framework for 3D orthodontic treatment planning a.pdf,EXCLUDE,"证据片段仅描述该研究""propose an integrated tooth segmentation and gingival tissue deformation simulation framework""及自研""boundary detection approach""，未出现任何具名第三方非牙科3D软件被该研究自己使用。",-,-,-,-,"【判定】: EXCLUDE
【判定理由】: 证据片段仅描述该研究""propose an integrated tooth segmentation and gingival tissue deformation simulation framework""及自研""boundary detection approach""，未出现任何具名第三方非牙科3D软件被该研究自己使用。
【软件】: -
【专科】: -
【应用场景】: -
【研究设计】: -"
optimizing orthognathic surgery leveraging the average skull as a dynamic template for surgical simulation and planning in 30 patient cases,Optimizing Orthognathic Surgery: Leveraging the Average Skull as a Dynamic Template for Surgical Simulation and Planning in 30 Patient Cases,JOURNAL OF CLINICAL MEDICINE,journalArticle,JH54KM88,Lin 等 - 2023 - Optimizing Orthognathic Surgery Leveraging the Average Skull as a Dynamic Template for Surgical Sim.pdf,EXCLUDE,证据片段中出现的具名软件为 Materialise ProPlan CMF 3.0、3Shape TRIOS 3 和 Dolphin Imaging 11.95，其中 ProPlan CMF 与 Dolphin Imaging 均为牙科/颌面专用软件，3Shape 亦为牙科专用，未见该研究自身使用任何具名的第三方非牙科3D软件。,-,-,-,-,"【判定】: EXCLUDE
【判定理由】: 证据片段中出现的具名软件为 Materialise ProPlan CMF 3.0、3Shape TRIOS 3 和 Dolphin Imaging 11.95，其中 ProPlan CMF 与 Dolphin Imaging 均为牙科/颌面专用软件，3Shape 亦为牙科专用，未见该研究自身使用任何具名的第三方非牙科3D软件。
【软件】: -
【专科】: -
【应用场景】: -
【研究设计】: -"
comparison of the accuracy of bracket positioning between direct and digital indirect bonding techniques in the maxillary arch a three dimensional study,Comparison of the accuracy of bracket positioning between direct and digital indirect bonding techniques in the maxillary arch: a three-dimensional study,PROGRESS IN ORTHODONTICS,journalArticle,ZAEM42C7,Rami Aboujaoude 等 - 2022 - Comparison of the accuracy of bracket positioning between direct and digital indirect bonding techni.pdf,EXCLUDE,"证据片段中唯一具名软件为 OrthoAnalyzer™（""using the OrthoAnalyzer ™ (3Shape; Copenhagen, Denmark) software""），属牙科专用软件，未使用任何具名的第三方非牙科3D软件。",-,-,-,-,"【判定】: EXCLUDE
【判定理由】: 证据片段中唯一具名软件为 OrthoAnalyzer™（""using the OrthoAnalyzer ™ (3Shape; Copenhagen, Denmark) software""），属牙科专用软件，未使用任何具名的第三方非牙科3D软件。
【软件】: -
【专科】: -
【应用场景】: -
【研究设计】: -"
fully digital versus conventional workflows for fabricating posterior three unit implant supported reconstructions a prospective crossover clinical trial,Fully Digital versus Conventional Workflows for Fabricating Posterior Three-Unit Implant-Supported Reconstructions: A Prospective Crossover Clinical Trial,INTERNATIONAL JOURNAL OF ENVIRONMENTAL RESEARCH AND PUBLIC HEALTH,journalArticle,YYC34XSZ,Hashemi 等 - 2022 - Fully Digital versus Conventional Workflows for Fabricating Posterior Three-Unit Implant-Supported R.pdf,EXCLUDE,"证据片段仅提及使用口内扫描仪、精度扫描仪及""best-fit algorithm""进行叠加计算，未出现任何具名的第三方非牙科3D软件（如Mimics、Geomagic等）被该研究自己使用。",-,-,-,-,"【判定】: EXCLUDE
【判定理由】: 证据片段仅提及使用口内扫描仪、精度扫描仪及""best-fit algorithm""进行叠加计算，未出现任何具名的第三方非牙科3D软件（如Mimics、Geomagic等）被该研究自己使用。
【软件】: -
【专科】: -
【应用场景】: -
【研究设计】: -"
optimization of petg 3d printing parameters for the design and development of biocompatible bone implants,Optimization of PETG 3D printing parameters for the design and development of biocompatible bone implants,FRONTIERS IN BIOENGINEERING AND BIOTECHNOLOGY,journalArticle,5PW99INS,Sultan 等 - 2025 - Optimization of PETG 3D printing parameters for the design and development of biocompatible bone imp.pdf,EXCLUDE,"证据片段中仅泛泛提及""acquiring a three-dimensional model using design software""，未给出任何具名的第三方非牙科3D软件；且研究主题为颅骨植入物（cranial implant），不属于口腔医学任一学科。",-,-,-,-,"【判定】: EXCLUDE
【判定理由】: 证据片段中仅泛泛提及""acquiring a three-dimensional model using design software""，未给出任何具名的第三方非牙科3D软件；且研究主题为颅骨植入物（cranial implant），不属于口腔医学任一学科。
【软件】: -
【专科】: -
【应用场景】: -
【研究设计】: -"
root canal treatment planning by automatic tooth and root canal segmentation in dental cbct with deep multi task feature learning,Root canal treatment planning by automatic tooth and root canal segmentation in dental CBCT with deep multi-task feature learning,MEDICAL IMAGE ANALYSIS,journalArticle,I73XE6IF,Wang 等 - 2023 - Root canal treatment planning by automatic tooth and root canal segmentation in dental CBCT with dee.pdf,EXCLUDE,"该研究提出的是自研神经网络框架（""we propose a novel framework, which consists of two neural networks, DentalNet and PulpNet""），证据片段中未出现任何该研究自己使用的具名第三方非牙科3D软件。",-,-,-,-,"【判定】: EXCLUDE
【判定理由】: 该研究提出的是自研神经网络框架（""we propose a novel framework, which consists of two neural networks, DentalNet and PulpNet""），证据片段中未出现任何该研究自己使用的具名第三方非牙科3D软件。
【软件】: -
【专科】: -
【应用场景】: -
【研究设计】: -"
a novel technique for maxillary regional superimposition using merged cbcts and intra oral scans,A novel technique for maxillary regional superimposition using merged CBCTs and intra-oral scans,SEMINARS IN ORTHODONTICS,journalArticle,SWR4VY3Q,Lee 等 - 2026 - A novel technique for maxillary regional superimposition using merged CBCTs and intra-oral scans.pdf,EXCLUDE,"证据片段仅泛泛提及""merging CBCT and IOS data within image processing software""，未给出任何具名的第三方非牙科3D软件名称，且对齐使用ICP算法属自研/通用算法，无具名软件被该研究自己使用。",-,-,-,-,"【判定】: EXCLUDE
【判定理由】: 证据片段仅泛泛提及""merging CBCT and IOS data within image processing software""，未给出任何具名的第三方非牙科3D软件名称，且对齐使用ICP算法属自研/通用算法，无具名软件被该研究自己使用。
【软件】: -
【专科】: -
【应用场景】: -
【研究设计】: -"
extrusion based 3d printing of cross scale porous bone scaffolds and their micro topological structures for bone repair,Extrusion-based 3D printing of cross-scale porous bone scaffolds and their micro-topological structures for bone repair,BIOMATERIALS ADVANCES,journalArticle,NZ84ZXUF,Wu 等 - 2026 - Extrusion-based 3D printing of cross-scale porous bone scaffolds and their micro-topological structu.pdf,EXCLUDE,"该文献为综述（摘要明确 ""This review establishes a microstructure-property framework"" 及 ""a systematic review ... remains lacking. This review provides a comprehensive examination""），不符合原创研究/技术说明/病例报告的纳入类型；且证据片段中未出现该研究自身使用的具名第三方非牙科3D软件。",-,-,-,-,"【判定】: EXCLUDE
【判定理由】: 该文献为综述（摘要明确 ""This review establishes a microstructure-property framework"" 及 ""a systematic review ... remains lacking. This review provides a comprehensive examination""），不符合原创研究/技术说明/病例报告的纳入类型；且证据片段中未出现该研究自身使用的具名第三方非牙科3D软件。
【软件】: -
【专科】: -
【应用场景】: -
【研究设计】: -"
influence of exposure protocol voxel size and artifact removal algorithm on the trueness of segmentation utilizing an artificial intelligence based system,"Influence of exposure protocol, voxel size, and artifact removal algorithm on the trueness of segmentation utilizing an artificial-intelligence-based system",JOURNAL OF PROSTHODONTICS-IMPLANT ESTHETIC AND RECONSTRUCTIVE DENTISTRY,journalArticle,7VE5J5DD,"Alrashed 等 - 2024 - Influence of exposure protocol, voxel size, and artifact removal algorithm on the trueness of segmen.pdf",EXCLUDE,"证据片段仅提及""Deviation measurement was performed using a computer-aided design (CAD) program""，未给出任何具名的第三方非牙科3D软件名称，且分割使用的是AI-based system（自研/专有系统），不符合纳入标准。",-,-,-,-,"【判定】: EXCLUDE
【判定理由】: 证据片段仅提及""Deviation measurement was performed using a computer-aided design (CAD) program""，未给出任何具名的第三方非牙科3D软件名称，且分割使用的是AI-based system（自研/专有系统），不符合纳入标准。
【软件】: -
【专科】: -
【应用场景】: -
【研究设计】: -"
effect of acidic saliva on monomer leaching and surface roughness of 3d printed and milled denture base materials,Effect of acidic saliva on monomer leaching and surface roughness of 3D-printed and milled denture-base materials,POLIMERY,journalArticle,JJ3KRVA4,Al-Otaibi 等 - 2023 - Effect of acidic saliva on monomer leaching and surface roughness of 3D-printed and milled denture-b.pdf,EXCLUDE,证据片段仅提及CAD/CAM加工技术及高效液相色谱、非接触式光学轮廓仪等检测手段，未出现任何该研究自身使用的具名第三方非牙科3D软件（如Mimics、Geomagic等）。,-,-,-,-,"【判定】: EXCLUDE
【判定理由】: 证据片段仅提及CAD/CAM加工技术及高效液相色谱、非接触式光学轮廓仪等检测手段，未出现任何该研究自身使用的具名第三方非牙科3D软件（如Mimics、Geomagic等）。
【软件】: -
【专科】: -
【应用场景】: -
【研究设计】: -"
refined tooth and pulp segmentation using u net in cbct image,Refined tooth and pulp segmentation using U-Net in CBCT image,DENTOMAXILLOFACIAL RADIOLOGY,journalArticle,VJ3W9JV3,Duan 等 - 2021 - Refined tooth and pulp segmentation using U-Net in CBCT image..pdf,EXCLUDE,"该研究仅使用自研的深度学习方案（""We propose a two-phase deep learning solution""），采用 RPN/FPN 与 U-Net 模型，未使用任何具名的第三方非牙科3D软件。",-,-,-,-,"【判定】: EXCLUDE
【判定理由】: 该研究仅使用自研的深度学习方案（""We propose a two-phase deep learning solution""），采用 RPN/FPN 与 U-Net 模型，未使用任何具名的第三方非牙科3D软件。
【软件】: -
【专科】: -
【应用场景】: -
【研究设计】: -"
a novel fluoride tray assisted workflow for artificial intelligence driven automated maxillary gingival segmentation on cone beam ct,A novel fluoride tray-assisted workflow for artificial intelligence-driven automated maxillary gingival segmentation on cone beam CT,DENTOMAXILLOFACIAL RADIOLOGY,journalArticle,X4AMPF75,Papasratorn 等 - 2026 - A novel fluoride tray-assisted workflow for artificial intelligence-driven automated maxillary gingi.pdf,EXCLUDE,"证据片段中仅提到""3-dimensional (3D) mesh-processing software""和自研/云AI平台""Relu""，未给出任何具名的第三方非牙科3D软件名称，且Relu为AI分割平台而非通用非牙科3D软件。",-,-,-,-,"【判定】: EXCLUDE
【判定理由】: 证据片段中仅提到""3-dimensional (3D) mesh-processing software""和自研/云AI平台""Relu""，未给出任何具名的第三方非牙科3D软件名称，且Relu为AI分割平台而非通用非牙科3D软件。
【软件】: -
【专科】: -
【应用场景】: -
【研究设计】: -"
effect of printing layer thickness on the trueness and margin quality of 3d printed interim dental crowns,Effect of Printing Layer Thickness on the Trueness and Margin Quality of 3D-Printed Interim Dental Crowns,APPLIED SCIENCES-BASEL,journalArticle,PGYSBHYW,Cakmak 等 - 2021 - Effect of Printing Layer Thickness on the Trueness and Margin Quality of 3D-Printed Interim Dental C.pdf,EXCLUDE,"证据片段仅提及""3D analysis software""和""dental design software program (Exocad Dental CAD2.2)""，前者未具名，后者为牙科专用软件，均不符合纳入标准中""具名的第三方非牙科3D软件""要求。",-,-,-,-,"【判定】: EXCLUDE
【判定理由】: 证据片段仅提及""3D analysis software""和""dental design software program (Exocad Dental CAD2.2)""，前者未具名，后者为牙科专用软件，均不符合纳入标准中""具名的第三方非牙科3D软件""要求。
【软件】: -
【专科】: -
【应用场景】: -
【研究设计】: -"
influence of contemporary cad cam milling systems on the fit and adaptation of partially stabilized zirconia fixed partial dentures,Influence of contemporary CAD-CAM milling systems on the fit and adaptation of partially stabilized Zirconia fixed partial dentures,PAKISTAN JOURNAL OF MEDICAL SCIENCES,journalArticle,QFTSW5DN,Al-Aali 等 - 2021 - Influence of contemporary CAD-CAM milling systems on the fit and adaptation of partially stabilized.pdf,EXCLUDE,证据片段中仅提及 LAVA™、Cerec®、GM1000、DWX-50N 等牙科 CAD/CAM 铣削系统，未出现该研究自身使用的具名第三方非牙科3D软件。,-,-,-,-,"【判定】: EXCLUDE
【判定理由】: 证据片段中仅提及 LAVA™、Cerec®、GM1000、DWX-50N 等牙科 CAD/CAM 铣削系统，未出现该研究自身使用的具名第三方非牙科3D软件。
【软件】: -
【专科】: -
【应用场景】: -
【研究设计】: -"
iterative tomographic reconstruction with tv prior for low dose cbct dental imaging,Iterative tomographic reconstruction with TV prior for low-dose CBCT dental imaging,PHYSICS IN MEDICINE AND BIOLOGY,journalArticle,AXWQZGS4,Friot--Giroux 等 - 2022 - Iterative tomographic reconstruction with TV prior for low-dose CBCT dental imaging.pdf,EXCLUDE,该研究比较的是自研的迭代重建优化算法（如 PDHG、MLEM-TV），证据片段中未出现任何该研究自己使用的具名第三方非牙科3D软件，仅涉及算法与重建方法。,-,-,-,-,"【判定】: EXCLUDE
【判定理由】: 该研究比较的是自研的迭代重建优化算法（如 PDHG、MLEM-TV），证据片段中未出现任何该研究自己使用的具名第三方非牙科3D软件，仅涉及算法与重建方法。
【软件】: -
【专科】: -
【应用场景】: -
【研究设计】: -"
in vivo trueness of full arch implant supported cad cam restorations and models based on conventional impressions,In vivo trueness of full-arch implant-supported CAD/CAM restorations and models based on conventional impressions,JOURNAL OF DENTISTRY,journalArticle,NM4KD692,Nedelcu 等 - 2023 - In vivo trueness of full-arch implant-supported CADCAM restorations and models based on conventiona.pdf,EXCLUDE,"证据片段仅提及使用""industrial scanner""和""laboratory scanner""进行扫描，以及CAD文件的几何对齐分析，但未出现任何具名的第三方非牙科3D软件（如Mimics、Geomagic等）被该研究自己使用。",-,-,-,-,"【判定】: EXCLUDE
【判定理由】: 证据片段仅提及使用""industrial scanner""和""laboratory scanner""进行扫描，以及CAD文件的几何对齐分析，但未出现任何具名的第三方非牙科3D软件（如Mimics、Geomagic等）被该研究自己使用。
【软件】: -
【专科】: -
【应用场景】: -
【研究设计】: -"
tongue model construction based on ultrasound images with image processing and deep learning method,Tongue model construction based on ultrasound images with image processing and deep learning method,JOURNAL OF MEDICAL ULTRASONICS,journalArticle,SSTCR6WQ,Mukai 等 - 2022 - Tongue model construction based on ultrasound images with image processing and deep learning method..pdf,EXCLUDE,"证据片段显示该研究使用自研的深度学习方法（""U-net [15] is employed as the CNN model""）进行舌面分割，未提及任何具名的第三方非牙科3D软件；且主题为语音治疗中的舌模型构建，不属于口腔医学任一学科。",-,-,-,-,"【判定】: EXCLUDE
【判定理由】: 证据片段显示该研究使用自研的深度学习方法（""U-net [15] is employed as the CNN model""）进行舌面分割，未提及任何具名的第三方非牙科3D软件；且主题为语音治疗中的舌模型构建，不属于口腔医学任一学科。
【软件】: -
【专科】: -
【应用场景】: -
【研究设计】: -"
stress distribution of monolithic and veneered three unit zirconia fdps a finite element analysis,STRESS DISTRIBUTION OF MONOLITHIC AND VENEERED THREE-UNIT ZIRCONIA FDPS: A FINITE ELEMENT ANALYSIS,INTERNATIONAL JOURNAL OF PROSTHODONTICS,journalArticle,39AN7GMH,Alsarani 等 - 2024 - STRESS DISTRIBUTION OF MONOLITHIC AND VENEERED THREE-UNIT ZIRCONIA FDPS A FINITE ELEMENT ANALYSIS.pdf,INCLUDE,"该研究自身在材料与方法中使用了 ANSYS 软件进行三维模型应力分析，证据片段明确写道 ""The stress distribution in each model was analyzed and evaluated according to the location and magnitude of the maximum principal stresses (MPS) using ANSYS software.""",ANSYS,Prosthodontics,Biomechanical analysis and simulation,computational,"【判定】: INCLUDE
【判定理由】: 该研究自身在材料与方法中使用了 ANSYS 软件进行三维模型应力分析，证据片段明确写道 ""The stress distribution in each model was analyzed and evaluated according to the location and magnitude of the maximum principal stresses (MPS) using ANSYS software.""
【软件】: ANSYS
【专科】: Prosthodontics
【应用场景】: Biomechanical analysis and simulation
【研究设计】: computational"
impact of profile angle of cad cam abutment on the marginal bone loss of implant supported single tooth posterior restorations,Impact of profile angle of CAD-CAM abutment on the marginal bone loss of implant-supported single-tooth posterior restorations,JOURNAL OF PROSTHETIC DENTISTRY,journalArticle,92FDR9R4,Han 等 - 2025 - Impact of profile angle of CAD-CAM abutment on the marginal bone loss of implant-supported single-to.pdf,EXCLUDE,"证据片段中仅提及CAD-CAM（计算机辅助设计与制造）这一通用技术概念，未出现任何具名的第三方非牙科3D软件（如Mimics、3D Slicer等）被该研究自身使用；测量仅通过""digital periapical radiography""完成。",-,-,-,-,"【判定】: EXCLUDE
【判定理由】: 证据片段中仅提及CAD-CAM（计算机辅助设计与制造）这一通用技术概念，未出现任何具名的第三方非牙科3D软件（如Mimics、3D Slicer等）被该研究自身使用；测量仅通过""digital periapical radiography""完成。
【软件】: -
【专科】: -
【应用场景】: -
【研究设计】: -"
evaluation of differentiation of the umbilical cord blood derived mesenchymal stem cells into male germ line cells in two dimensional and three dimensional scaffolds containing naringin,Evaluation of differentiation of the umbilical cord blood-derived mesenchymal stem cells into male germ-line cells in two-dimensional and three-dimensional scaffolds containing naringin,IRANIAN JOURNAL OF BASIC MEDICAL SCIENCES,journalArticle,D578TBEP,Azimi 等 - 2026 - Evaluation of differentiation of the umbilical cord blood-derived mesenchymal stem cells into male g.pdf,EXCLUDE,该研究主题为脐带血间充质干细胞向雄性生殖细胞分化，不属于口腔医学任一学科；且证据中仅出现 ImageJ、OriginPro、FlowJo、SPSS 等，其中 ImageJ 虽为具名第三方软件，但主题不符纳入标准第1条。,-,-,-,-,"【判定】: EXCLUDE
【判定理由】: 该研究主题为脐带血间充质干细胞向雄性生殖细胞分化，不属于口腔医学任一学科；且证据中仅出现 ImageJ、OriginPro、FlowJo、SPSS 等，其中 ImageJ 虽为具名第三方软件，但主题不符纳入标准第1条。
【软件】: -
【专科】: -
【应用场景】: -
【研究设计】: -"
increased rate of pseudarthrosis in the anterior intersegmental gap after mandibular reconstruction with fibula free flaps a volumetric analysis,Increased rate of pseudarthrosis in the anterior intersegmental gap after mandibular reconstruction with fibula free flaps: a volumetric analysis,DENTOMAXILLOFACIAL RADIOLOGY,journalArticle,M6X88YQR,Steffen 等 - 2022 - Increased rate of pseudarthrosis in the anterior intersegmental gap after mandibular reconstruction.pdf,EXCLUDE,"抽取的证据片段仅涉及研究背景、方法和结论（如""volumetric analysis method with repeated cone-beam computed tomography (CBCT)""），未出现任何该研究自身使用的具名第三方非牙科3D软件。",-,-,-,-,"【判定】: EXCLUDE
【判定理由】: 抽取的证据片段仅涉及研究背景、方法和结论（如""volumetric analysis method with repeated cone-beam computed tomography (CBCT)""），未出现任何该研究自身使用的具名第三方非牙科3D软件。
【软件】: -
【专科】: -
【应用场景】: -
【研究设计】: -"
objective characterization of dental occlusal and fissure morphologies method development and exploratory analysis,Objective characterization of dental occlusal and fissure morphologies: Method development and exploratory analysis,ARCHIVES OF ORAL BIOLOGY,journalArticle,LSHIDCRW,Erkan 等 - 2023 - Objective characterization of dental occlusal and fissure morphologies Method development and explo.pdf,INCLUDE,"该研究自身在方法中使用具名第三方非牙科3D软件处理3D扫描数据，原文明确写道""were processed using MeshLab ... and Geomagic Wrap""，并描述""Full-arch, intraoral 3D scans ... were imported into MeshLab""及""Cropping tools within Geomagic Wrap software were used""。",MeshLab; Geomagic Wrap,Orthodontics,Morphological and phenotypic analysis,clinical,"【判定】: INCLUDE
【判定理由】: 该研究自身在方法中使用具名第三方非牙科3D软件处理3D扫描数据，原文明确写道""were processed using MeshLab ... and Geomagic Wrap""，并描述""Full-arch, intraoral 3D scans ... were imported into MeshLab""及""Cropping tools within Geomagic Wrap software were used""。
【软件】: MeshLab; Geomagic Wrap
【专科】: Orthodontics
【应用场景】: Morphological and phenotypic analysis
【研究设计】: clinical"
defects evolution during printing debinding and sintering for additive manufacturing of yttria stabilized zirconia,"Defects evolution during printing, debinding and sintering for additive manufacturing of yttria stabilized zirconia",MATERIALS CHARACTERIZATION,journalArticle,ES72J95F,"Puchakayla 等 - 2025 - Defects evolution during printing, debinding and sintering for additive manufacturing of yttria stab.pdf",EXCLUDE,"该研究主题为氧化钇稳定氧化锆增材制造中的缺陷演化，不属于口腔医学任一学科；且证据片段中仅提及自研的 ""machine-learning-based Random Forest algorithm""，未使用任何具名第三方非牙科3D软件。",-,-,-,-,"【判定】: EXCLUDE
【判定理由】: 该研究主题为氧化钇稳定氧化锆增材制造中的缺陷演化，不属于口腔医学任一学科；且证据片段中仅提及自研的 ""machine-learning-based Random Forest algorithm""，未使用任何具名第三方非牙科3D软件。
【软件】: -
【专科】: -
【应用场景】: -
【研究设计】: -"
fit accuracy of removable partial denture frameworks fabricated with cad cam rapid prototyping and conventional techniques a systematic review,"Fit Accuracy of Removable Partial Denture Frameworks Fabricated with CAD/CAM, Rapid Prototyping, and Conventional Techniques: A Systematic Review",BIOMED RESEARCH INTERNATIONAL,journalArticle,AY5XXZWQ,"Ahmed 等 - 2021 - Fit Accuracy of Removable Partial Denture Frameworks Fabricated with CADCAM, Rapid Prototyping, and.pdf",EXCLUDE,"该文献为系统综述（""The present systematic review was carried out according to PRISMA guidelines""），且证据片段中未出现任何该研究自身使用的具名第三方非牙科3D软件。",-,-,-,-,"【判定】: EXCLUDE
【判定理由】: 该文献为系统综述（""The present systematic review was carried out according to PRISMA guidelines""），且证据片段中未出现任何该研究自身使用的具名第三方非牙科3D软件。
【软件】: -
【专科】: -
【应用场景】: -
【研究设计】: -"
reproducibility and reliability of intraoral scanners for evaluating peri implant tissues and implant supported prostheses a cross sectional study,Reproducibility and Reliability of Intraoral Scanners for Evaluating Peri-Implant Tissues and Implant-Supported Prostheses: A Cross-Sectional Study,JOURNAL OF ESTHETIC AND RESTORATIVE DENTISTRY,journalArticle,L5YURVCU,Braun 等 - 2025 - Reproducibility and Reliability of Intraoral Scanners for Evaluating Peri‐Implant Tissues and Implan.pdf,EXCLUDE,"证据片段中仅出现统计软件""R, version 4.1.0""，属于统计分析工具而非用于3D数据处理/分析/建模/测量的第三方非牙科3D软件；文中提及的""software packages""仅为泛泛讨论，未指明该研究自身使用的具名非牙科3D软件。",-,-,-,-,"【判定】: EXCLUDE
【判定理由】: 证据片段中仅出现统计软件""R, version 4.1.0""，属于统计分析工具而非用于3D数据处理/分析/建模/测量的第三方非牙科3D软件；文中提及的""software packages""仅为泛泛讨论，未指明该研究自身使用的具名非牙科3D软件。
【软件】: -
【专科】: -
【应用场景】: -
【研究设计】: -"
investigation of conventional vs nonoriginal cad cam bars with production stage differences an in vitro precision study using a novel technique,Investigation of Conventional vs Nonoriginal CAD/CAM Bars with Production Stage Differences: An In Vitro Precision Study Using a Novel Technique,INTERNATIONAL JOURNAL OF ORAL & MAXILLOFACIAL IMPLANTS,journalArticle,42EI79XL,Ayvalıoğlu 等 - 2021 - Investigation of Conventional vs Nonoriginal CADCAM Bars with Production Stage Differences An In V.pdf,INCLUDE,"该研究自身在材料与方法中使用 GOM Inspect 软件对框架与种植体之间的边缘间隙进行数字化计算，原文为 ""The marginal gap between bar frameworks and implants was digitally calculated (ATOS So High-End 3D Digitizer for Small Objects, GOM Inspect)""。",GOM Inspect,Prosthodontics,3D data analysis and accuracy assessment,in_vitro,"【判定】: INCLUDE
【判定理由】: 该研究自身在材料与方法中使用 GOM Inspect 软件对框架与种植体之间的边缘间隙进行数字化计算，原文为 ""The marginal gap between bar frameworks and implants was digitally calculated (ATOS So High-End 3D Digitizer for Small Objects, GOM Inspect)""。
【软件】: GOM Inspect
【专科】: Prosthodontics
【应用场景】: 3D data analysis and accuracy assessment
【研究设计】: in_vitro"
a comprehensive study on additive manufacturing techniques machine learning integration and internet of things driven sustainability opportunities,"A Comprehensive Study on Additive Manufacturing Techniques, Machine Learning Integration, and Internet of Things-Driven Sustainability Opportunities",JOURNAL OF MATERIALS ENGINEERING AND PERFORMANCE,journalArticle,QN62CWY4,"Kumar和Kumar - 2025 - A Comprehensive Study on Additive Manufacturing Techniques, Machine Learning Integration, and Intern.pdf",EXCLUDE,"该文献为综述性文章（""this article provides a comprehensive overview of distinct AM, ML and IoT techniques""），且证据片段中未出现该研究自身使用的具名第三方非牙科3D软件，仅泛泛提及FEA、CFD等通用方法。",-,-,-,-,"【判定】: EXCLUDE
【判定理由】: 该文献为综述性文章（""this article provides a comprehensive overview of distinct AM, ML and IoT techniques""），且证据片段中未出现该研究自身使用的具名第三方非牙科3D软件，仅泛泛提及FEA、CFD等通用方法。
【软件】: -
【专科】: -
【应用场景】: -
【研究设计】: -"
principal component analysis of 3 dimensional facial soft tissue morphology in three adult populations,Principal component analysis of 3-dimensional facial soft-tissue morphology in three adult populations,SCIENTIFIC REPORTS,journalArticle,EI2TNAGK,Kau 等 - 2026 - Principal component analysis of 3-dimensional facial soft-tissue morphology in three adult populatio.pdf,EXCLUDE,"该研究仅使用牙科专用软件 ""3dMD Vultus software was used for 3D landmark point placement""，且分析在 R 中进行，未使用任何具名的第三方非牙科3D软件。",-,-,-,-,"【判定】: EXCLUDE
【判定理由】: 该研究仅使用牙科专用软件 ""3dMD Vultus software was used for 3D landmark point placement""，且分析在 R 中进行，未使用任何具名的第三方非牙科3D软件。
【软件】: -
【专科】: -
【应用场景】: -
【研究设计】: -"
finite element analysis of the performance of additively manufactured scaffolds for scapholunate ligament reconstruction,Finite element analysis of the performance of additively manufactured scaffolds for scapholunate ligament reconstruction,PLOS ONE,journalArticle,WM585CHN,Perevoshchikova 等 - 2021 - Finite element analysis of the performance of additively manufactured scaffolds for scapholunate lig.pdf,EXCLUDE,"该研究主题为腕关节肩月骨韧带重建支架的有限元分析，属于骨科/生物力学领域，不属于口腔医学任一学科；证据片段中仅提及""finite element analysis""和自编MATLAB代码（如STUDY_00_wrist_ligament_reconstruction.m），未涉及口腔医学应用。",-,-,-,-,"【判定】: EXCLUDE
【判定理由】: 该研究主题为腕关节肩月骨韧带重建支架的有限元分析，属于骨科/生物力学领域，不属于口腔医学任一学科；证据片段中仅提及""finite element analysis""和自编MATLAB代码（如STUDY_00_wrist_ligament_reconstruction.m），未涉及口腔医学应用。
【软件】: -
【专科】: -
【应用场景】: -
【研究设计】: -"
learning center and boundary aware instance representation for 3d tooth segmentation,Learning center-and boundary-aware instance representation for 3D tooth segmentation,COMPUTERS & GRAPHICS-UK,journalArticle,PX77W3FF,Jin 等 - 2025 - Learning center- and boundary-aware instance representation for 3D tooth segmentation.pdf,EXCLUDE,"该研究提出的是自研神经网络框架（""a novel segmentation framework that features a neural network capable of learning center- and boundary-aware tooth instance representations""），证据片段中未出现任何该研究自己使用的具名第三方非牙科3D软件。",-,-,-,-,"【判定】: EXCLUDE
【判定理由】: 该研究提出的是自研神经网络框架（""a novel segmentation framework that features a neural network capable of learning center- and boundary-aware tooth instance representations""），证据片段中未出现任何该研究自己使用的具名第三方非牙科3D软件。
【软件】: -
【专科】: -
【应用场景】: -
【研究设计】: -"
metal framework reinforcement in implant overdenture fabricated with a digital workflow and the double milling technique a dental technique,Metal framework reinforcement in implant overdenture fabricated with a digital workflow and the double milling technique: A dental technique,JOURNAL OF PROSTHETIC DENTISTRY,journalArticle,3DSF7TP6,Tsai和Yang - 2024 - Metal framework reinforcement in implant overdenture fabricated with a digital workflow and the doub.pdf,EXCLUDE,"证据片段中唯一具名的软件为""3Shape Dental Designer; 3Shape A/S""，属于牙科专用软件，未出现任何该研究自己使用的具名第三方非牙科3D软件。",-,-,-,-,"【判定】: EXCLUDE
【判定理由】: 证据片段中唯一具名的软件为""3Shape Dental Designer; 3Shape A/S""，属于牙科专用软件，未出现任何该研究自己使用的具名第三方非牙科3D软件。
【软件】: -
【专科】: -
【应用场景】: -
【研究设计】: -"
in vitro evaluation of material dependent force damping behavior of implant supported restorations using different cad cam materials and luting conditions,In vitro evaluation of material dependent force damping behavior of implant-supported restorations using different CAD-CAM materials and luting conditions,JOURNAL OF PROSTHETIC DENTISTRY,journalArticle,8BZTZAFZ,Taha和Sabet - 2021 - In vitro evaluation of material dependent force damping behavior of implant-supported restorations u.pdf,EXCLUDE,"该研究仅使用牙科专用软件（""a CAD software program (exocad DentalCAD; exocad GmbH)""）进行设计，未使用任何具名的第三方非牙科3D软件。",-,-,-,-,"【判定】: EXCLUDE
【判定理由】: 该研究仅使用牙科专用软件（""a CAD software program (exocad DentalCAD; exocad GmbH)""）进行设计，未使用任何具名的第三方非牙科3D软件。
【软件】: -
【专科】: -
【应用场景】: -
【研究设计】: -"
3d printing titanium grid scaffold facilitates osteogenesis in mandibular segmental defects,3D printing titanium grid scaffold facilitates osteogenesis in mandibular segmental defects,NPJ REGENERATIVE MEDICINE,journalArticle,QLSFY6I6,Li 等 - 2023 - 3D printing titanium grid scaffold facilitates osteogenesis in mandibular segmental defects..pdf,EXCLUDE,"抽取的证据片段中仅提及""finite element analysis (FEA)""和""selective laser melting (SLM)""等通用方法，未出现任何该研究自身使用的具名第三方非牙科3D软件名称。",-,-,-,-,"【判定】: EXCLUDE
【判定理由】: 抽取的证据片段中仅提及""finite element analysis (FEA)""和""selective laser melting (SLM)""等通用方法，未出现任何该研究自身使用的具名第三方非牙科3D软件名称。
【软件】: -
【专科】: -
【应用场景】: -
【研究设计】: -"
impact of the veneering technique and framework material on the failure loads of all ceramic computer aided design computer aided manufacturing fixed partial dentures,Impact of the Veneering Technique and Framework Material on the Failure Loads of All-Ceramic Computer-Aided Design/Computer-Aided Manufacturing Fixed Partial Dentures,MATERIALS,journalArticle,A4ENMSWJ,Hinz 等 - 2022 - Impact of the Veneering Technique and Framework Material on the Failure Loads of All-Ceramic Compute.pdf,EXCLUDE,"证据片段中仅出现""CAD/CAM""这一通用制造技术术语及参考文献引用，未出现任何该研究自身使用的具名第三方非牙科3D软件（如Mimics、Geomagic等）。",-,-,-,-,"【判定】: EXCLUDE
【判定理由】: 证据片段中仅出现""CAD/CAM""这一通用制造技术术语及参考文献引用，未出现任何该研究自身使用的具名第三方非牙科3D软件（如Mimics、Geomagic等）。
【软件】: -
【专科】: -
【应用场景】: -
【研究设计】: -"
development of photoreactive demineralized bone matrix 3d printing colloidal inks for bone tissue engineering,Development of photoreactive demineralized bone matrix 3D printing colloidal inks for bone tissue engineering,REGENERATIVE BIOMATERIALS,journalArticle,EXGJ4ZB3,Hogan 等 - 2023 - Development of photoreactive demineralized bone matrix 3D printing colloidal inks for bone tissue en.pdf,EXCLUDE,"证据片段中唯一具名的软件为 ImageJ（""ImageJ (version 1.53f) was used to quantify the dried diameters""），但 ImageJ 是二维图像分析软件，不属于非牙科三维（3D）软件；其余软件相关提及（BioRender）仅用于制作图形摘要，非3D数据处理。",-,-,-,-,"【判定】: EXCLUDE
【判定理由】: 证据片段中唯一具名的软件为 ImageJ（""ImageJ (version 1.53f) was used to quantify the dried diameters""），但 ImageJ 是二维图像分析软件，不属于非牙科三维（3D）软件；其余软件相关提及（BioRender）仅用于制作图形摘要，非3D数据处理。
【软件】: -
【专科】: -
【应用场景】: -
【研究设计】: -"
increased stress concentration in prosthesis adhesive cement and periodontal tissue with zirconia rbfdps by the reduced alveolar bone height,"Increased Stress Concentration in Prosthesis, Adhesive Cement, and Periodontal Tissue with Zirconia RBFDPs by the Reduced Alveolar Bone Height",JOURNAL OF PROSTHODONTICS-IMPLANT ESTHETIC AND RECONSTRUCTIVE DENTISTRY,journalArticle,DEQZTLEK,"Sukumoda 等 - 2021 - Increased Stress Concentration in Prosthesis, Adhesive Cement, and Periodontal Tissue with Zirconia.pdf",EXCLUDE,"证据片段仅提及使用3D打印机制作模型（""a model was made with a 3D printer""）及micro-CT扫描，未出现任何具名的第三方非牙科3D软件（如Mimics、ANSYS等）被该研究自己用于3D数据处理、分析或建模。",-,-,-,-,"【判定】: EXCLUDE
【判定理由】: 证据片段仅提及使用3D打印机制作模型（""a model was made with a 3D printer""）及micro-CT扫描，未出现任何具名的第三方非牙科3D软件（如Mimics、ANSYS等）被该研究自己用于3D数据处理、分析或建模。
【软件】: -
【专科】: -
【应用场景】: -
【研究设计】: -"
few sampling meshes based 3d tooth segmentation via region aware graph convolutional network,Few sampling meshes-based 3D tooth segmentation via region-aware graph convolutional network,EXPERT SYSTEMS WITH APPLICATIONS,journalArticle,R74WTZGY,Zhao 等 - 2024 - Few sampling meshes-based 3D tooth segmentation via region-aware graph convolutional network.pdf,EXCLUDE,该研究提出的是自研的 Region-Aware Graph Convolutional Network (RAGCNet)，使用改进的 Farthest Point Sampling (FPS) 算法和 K-Nearest Neighbor (KNN) 方法，属于自研算法/代码，证据片段中未出现任何具名的第三方非牙科3D软件被该研究自己使用。,-,-,-,-,"【判定】: EXCLUDE
【判定理由】: 该研究提出的是自研的 Region-Aware Graph Convolutional Network (RAGCNet)，使用改进的 Farthest Point Sampling (FPS) 算法和 K-Nearest Neighbor (KNN) 方法，属于自研算法/代码，证据片段中未出现任何具名的第三方非牙科3D软件被该研究自己使用。
【软件】: -
【专科】: -
【应用场景】: -
【研究设计】: -"
effect of internal structural design on stress distribution in 3d printed subperiosteal implants under mechanical loading,Effect of Internal Structural Design on Stress Distribution in 3D-Printed Subperiosteal Implants Under Mechanical Loading,BIOENGINEERING-BASEL,journalArticle,9SNK3E6R,Vörös 等 - 2026 - Effect of Internal Structural Design on Stress Distribution in 3D-Printed Subperiosteal Implants Und.pdf,INCLUDE,"该研究自身在方法中使用了两款具名第三方非牙科3D软件：CT数据重建使用""Volume Graphics StudioMax 2025.3 software""，有限元建模使用""Abaqus 2026 FD01 software""。",Volume Graphics StudioMax; Abaqus,Implantology,Biomechanical analysis and simulation,computational,"【判定】: INCLUDE
【判定理由】: 该研究自身在方法中使用了两款具名第三方非牙科3D软件：CT数据重建使用""Volume Graphics StudioMax 2025.3 software""，有限元建模使用""Abaqus 2026 FD01 software""。
【软件】: Volume Graphics StudioMax; Abaqus
【专科】: Implantology
【应用场景】: Biomechanical analysis and simulation
【研究设计】: computational"
development of ann model for predicting mechanical properties of 3d printed peek polymer using fdm and optimization of process parameters for better mechanical properties,Development of ANN model for predicting mechanical properties of 3D printed PEEK polymer using FDM and optimization of process parameters for better mechanical properties,PHYSICA SCRIPTA,journalArticle,WRZG7CHI,Borah和Chandrasekaran - 2024 - Development of ANN model for predicting mechanical properties of 3D printed PEEK polymer using FDM a.pdf,EXCLUDE,"证据片段中仅泛泛提及""a CAD software package""和""a meshing software""，未给出任何具名第三方非牙科3D软件；研究核心为自建ANN模型及TLBO/NSGA算法，无具名第三方软件被该研究自身使用。",-,-,-,-,"【判定】: EXCLUDE
【判定理由】: 证据片段中仅泛泛提及""a CAD software package""和""a meshing software""，未给出任何具名第三方非牙科3D软件；研究核心为自建ANN模型及TLBO/NSGA算法，无具名第三方软件被该研究自身使用。
【软件】: -
【专科】: -
【应用场景】: -
【研究设计】: -"
biomechanical effects of platform diameter and screw length in an abutment free tissue level implant system compared with a ti base configuration 3d finite element analysis,Biomechanical Effects of Platform Diameter and Screw Length in an Abutment-Free Tissue-Level Implant System Compared with a Ti-Base Configuration: 3D Finite Element Analysis,JOURNAL OF FUNCTIONAL BIOMATERIALS,journalArticle,H9GBH348,Biomechanical Effects of Platform Diameter and Screw Length in an Abutment-Free Tissue-Level Implant System Compared with a Ti-Base Configuration 3D Finite Element Analysis.pdf,EXCLUDE,抽取的软件证据片段仅涉及文章标题、摘要、引言与参考文献讨论，未出现该研究自身在材料与方法中使用任何具名第三方非牙科3D软件的原文（如未提及 ANSYS、ABAQUS、Mimics 等）。,-,-,-,-,"【判定】: EXCLUDE
【判定理由】: 抽取的软件证据片段仅涉及文章标题、摘要、引言与参考文献讨论，未出现该研究自身在材料与方法中使用任何具名第三方非牙科3D软件的原文（如未提及 ANSYS、ABAQUS、Mimics 等）。
【软件】: -
【专科】: -
【应用场景】: -
【研究设计】: -"
effectiveness of a 3d simulation tool to teach the designing of metal removable partial dentures a mixed method study,Effectiveness of a 3D simulation tool to teach the designing of metal removable partial dentures: A mixed-method study,EUROPEAN JOURNAL OF DENTAL EDUCATION,journalArticle,XI5WDDJD,Dehurtevent 等 - 2023 - Effectiveness of a 3D simulation tool to teach the designing of metal removable partial dentures A.pdf,EXCLUDE,"证据片段中仅提及""Qualtrics software""、""Teams""、""GraphPad Prism""等非3D软件，且3D工具为自研教学工具（""A 3D tool based on 74 clinical scenarios was developed""），未使用任何具名的第三方非牙科3D软件。",-,-,-,-,"【判定】: EXCLUDE
【判定理由】: 证据片段中仅提及""Qualtrics software""、""Teams""、""GraphPad Prism""等非3D软件，且3D工具为自研教学工具（""A 3D tool based on 74 clinical scenarios was developed""），未使用任何具名的第三方非牙科3D软件。
【软件】: -
【专科】: -
【应用场景】: -
【研究设计】: -"
an in vitro study using confocal laser scanning microscopy to evaluate the marginal misfits of different implant supported frameworks,An in vitro study using confocal laser scanning microscopy to evaluate the marginal misfits of different implant-supported frameworks,JOURNAL OF PROSTHODONTICS-IMPLANT ESTHETIC AND RECONSTRUCTIVE DENTISTRY,journalArticle,P8ASA5T4,Tonin 等 - 2025 - An in vitro study using confocal laser scanning microscopy to evaluate the marginal misfits of diffe.pdf,EXCLUDE,"证据片段中仅泛泛提及""CAD-CAM""、""CAD software""等概念，未出现任何该研究自身使用的具名第三方非牙科3D软件（如Mimics、Geomagic等）；测量使用的是共聚焦激光扫描显微镜，非3D软件。",-,-,-,-,"【判定】: EXCLUDE
【判定理由】: 证据片段中仅泛泛提及""CAD-CAM""、""CAD software""等概念，未出现任何该研究自身使用的具名第三方非牙科3D软件（如Mimics、Geomagic等）；测量使用的是共聚焦激光扫描显微镜，非3D软件。
【软件】: -
【专科】: -
【应用场景】: -
【研究设计】: -"
the microbiological effect of virgin coconut oil on the morphological and volumetric dimensional changes of 3d printed surgical guides in vitro study,The microbiological effect of virgin coconut oil on the morphological and volumetric dimensional changes of 3D printed surgical guides (in vitro study),BMC ORAL HEALTH,journalArticle,QNI34BLU,Khalil 等 - 2022 - The microbiological effect of virgin coconut oil on the morphological and volumetric dimensional cha.pdf,EXCLUDE,"证据片段中仅提及""an open platform software (Blue Sky)""和""an analyzing software program""，未给出任何具名的第三方非牙科3D软件名称，无法确认使用了符合纳入标准的软件。",-,-,-,-,"【判定】: EXCLUDE
【判定理由】: 证据片段中仅提及""an open platform software (Blue Sky)""和""an analyzing software program""，未给出任何具名的第三方非牙科3D软件名称，无法确认使用了符合纳入标准的软件。
【软件】: -
【专科】: -
【应用场景】: -
【研究设计】: -"
enabling complex fibre geometries using 3d printed axon mimetic phantoms,Enabling Complex Fibre Geometries Using 3D Printed Axon-Mimetic Phantoms,FRONTIERS IN NEUROSCIENCE,journalArticle,5QNKAX9U,Kuehn 等 - 2022 - Enabling Complex Fibre Geometries Using 3D Printed Axon-Mimetic Phantoms..pdf,EXCLUDE,"该研究主题为扩散MRI轴突仿体（神经科学/影像学），不属于口腔医学任一学科；且其使用的 Ultimaker Cura 为3D打印切片软件，证据中仅见""a custom extension to the Ultimaker Cura 3D printer software was developed""，未涉及口腔医学3D数据处理。",-,-,-,-,"【判定】: EXCLUDE
【判定理由】: 该研究主题为扩散MRI轴突仿体（神经科学/影像学），不属于口腔医学任一学科；且其使用的 Ultimaker Cura 为3D打印切片软件，证据中仅见""a custom extension to the Ultimaker Cura 3D printer software was developed""，未涉及口腔医学3D数据处理。
【软件】: -
【专科】: -
【应用场景】: -
【研究设计】: -"
digital model superimpositions are different software algorithms equally accurate in quantifying linear tooth movements,Digital model superimpositions: are different software algorithms equally accurate in quantifying linear tooth movements?,BMC ORAL HEALTH,journalArticle,J4VD92PC,Adel 等 - 2022 - Digital model superimpositions are different software algorithms equally accurate in quantifying li.pdf,INCLUDE,"该研究自身在方法中使用 Geomagic 软件进行3D数字模型配准与线性牙齿移动测量，证据片段明确写道 ""imported to the three studied software packages: Geomagic, OrthoAnalyzer and Compare"" 及 ""Geomagic software showed agreements > 0.90""。",Geomagic,Orthodontics,3D data analysis and accuracy assessment,in_vitro,"【判定】: INCLUDE
【判定理由】: 该研究自身在方法中使用 Geomagic 软件进行3D数字模型配准与线性牙齿移动测量，证据片段明确写道 ""imported to the three studied software packages: Geomagic, OrthoAnalyzer and Compare"" 及 ""Geomagic software showed agreements > 0.90""。
【软件】: Geomagic
【专科】: Orthodontics
【应用场景】: 3D data analysis and accuracy assessment
【研究设计】: in_vitro"
a digital workflow for the fabrication of a milled removable partial denture,A Digital Workflow for the Fabrication of a Milled Removable Partial Denture,INTERNATIONAL JOURNAL OF ENVIRONMENTAL RESEARCH AND PUBLIC HEALTH,journalArticle,2REVVA6Z,Piao 等 - 2022 - A Digital Workflow for the Fabrication of a Milled Removable Partial Denture..pdf,EXCLUDE,"证据片段中唯一具名的设计软件为牙科专用软件""exocad DentalCAD""（""Design the metal framework with a dental CAD software program (exocad DentalCAD; exocad GmbH, Darmstadt, Germany)""），未出现任何该研究自身使用的具名第三方非牙科3D软件。",-,-,-,-,"【判定】: EXCLUDE
【判定理由】: 证据片段中唯一具名的设计软件为牙科专用软件""exocad DentalCAD""（""Design the metal framework with a dental CAD software program (exocad DentalCAD; exocad GmbH, Darmstadt, Germany)""），未出现任何该研究自身使用的具名第三方非牙科3D软件。
【软件】: -
【专科】: -
【应用场景】: -
【研究设计】: -"
sailfish optimization with deep learning based oral cancer classification model,Sailfish Optimization with Deep Learning Based Oral Cancer Classification Model,COMPUTER SYSTEMS SCIENCE AND ENGINEERING,journalArticle,VX3SHB2K,Al Duhayyim 等 - 2023 - Sailfish Optimization with Deep Learning Based Oral Cancer Classification Model.pdf,EXCLUDE,证据片段仅显示该研究使用自研的深度学习模型（VGGNet-16、ResNet、ELM、SFO算法）进行口腔癌分类，未出现任何具名的第三方非牙科3D软件被该研究自身使用。,-,-,-,-,"【判定】: EXCLUDE
【判定理由】: 证据片段仅显示该研究使用自研的深度学习模型（VGGNet-16、ResNet、ELM、SFO算法）进行口腔癌分类，未出现任何具名的第三方非牙科3D软件被该研究自身使用。
【软件】: -
【专科】: -
【应用场景】: -
【研究设计】: -"
the effects of additive manufacturing technologies and finish line designs on the trueness and dimensional stability of 3d printed dies,The effects of additive manufacturing technologies and finish line designs on the trueness and dimensional stability of 3D-printed dies,JOURNAL OF PROSTHODONTICS-IMPLANT ESTHETIC AND RECONSTRUCTIVE DENTISTRY,journalArticle,K82RU7NF,Yi-Cheng Lai 等 - 2023 - The effects of additive manufacturing technologies and finish line designs on the trueness and dimen.pdf,INCLUDE,"该研究自身在材料与方法中使用具名第三方非牙科3D软件 Blender 进行测量，原文为""the angle and distance measurements were verified again on the digitized files of prepared typodont teeth in a software program (Blender 3.1.2; Blender Foundation, Amsterdam, Netherlands)""。",Blender,Prosthodontics,3D data analysis and accuracy assessment,in_vitro,"【判定】: INCLUDE
【判定理由】: 该研究自身在材料与方法中使用具名第三方非牙科3D软件 Blender 进行测量，原文为""the angle and distance measurements were verified again on the digitized files of prepared typodont teeth in a software program (Blender 3.1.2; Blender Foundation, Amsterdam, Netherlands)""。
【软件】: Blender
【专科】: Prosthodontics
【应用场景】: 3D data analysis and accuracy assessment
【研究设计】: in_vitro"
effect of print orientation of 3d printed aligner templates on the volumetric accuracy of transferred composite attachments an in vitro study,Effect of print orientation of 3D-printed aligner templates on the volumetric accuracy of transferred composite attachments: an in vitro study,CLINICAL ORAL INVESTIGATIONS,journalArticle,R6YFN9SG,Avolese 等 - 2025 - Effect of print orientation of 3D-printed aligner templates on the volumetric accuracy of transferre.pdf,INCLUDE,"该研究自身在材料与方法中使用 Geomagic Control X 软件进行三维数据处理与体积偏差量化，原文明确写道 ""imported into Geomagic Control X software (version 2020.1.1, © 2020 3D Systems, Inc., Rock Hill, SC) for the sectioning and isolation of teeth"" 以及 ""quantified using Geomagic Control software""。",Geomagic Control X,Orthodontics,3D data analysis and accuracy assessment,in_vitro,"【判定】: INCLUDE
【判定理由】: 该研究自身在材料与方法中使用 Geomagic Control X 软件进行三维数据处理与体积偏差量化，原文明确写道 ""imported into Geomagic Control X software (version 2020.1.1, © 2020 3D Systems, Inc., Rock Hill, SC) for the sectioning and isolation of teeth"" 以及 ""quantified using Geomagic Control software""。
【软件】: Geomagic Control X
【专科】: Orthodontics
【应用场景】: 3D data analysis and accuracy assessment
【研究设计】: in_vitro"
3d intraoral scan and diagnostic plaster model under general data protection regulation legal protection,3D intraoral scan and diagnostic plaster model under General Data Protection Regulation-Legal protection,JOURNAL OF FORENSIC AND LEGAL MEDICINE,journalArticle,R8FSQM6B,Jedlińska和Jedliński - 2023 - 3D intraoral scan and diagnostic plaster model under General Data Protection Regulation – Legal prot.pdf,EXCLUDE,"该文献为法律分析类文章，讨论GDPR对牙科印模、石膏模型和口内扫描的法律保护，证据片段中仅泛泛提及""various types of software""和""appropriate viewing software""，未指明该研究自身使用了任何具名的第三方非牙科3D软件。",-,-,-,-,"【判定】: EXCLUDE
【判定理由】: 该文献为法律分析类文章，讨论GDPR对牙科印模、石膏模型和口内扫描的法律保护，证据片段中仅泛泛提及""various types of software""和""appropriate viewing software""，未指明该研究自身使用了任何具名的第三方非牙科3D软件。
【软件】: -
【专科】: -
【应用场景】: -
【研究设计】: -"
teeth mold point cloud completion via data augmentation and hybrid rl gan,Teeth Mold Point Cloud Completion Via Data Augmentation and Hybrid RL-GAN,JOURNAL OF COMPUTING AND INFORMATION SCIENCE IN ENGINEERING,journalArticle,DJ3W6TQG,Toscano 等 - 2023 - Teeth Mold Point Cloud Completion Via Data Augmentation and Hybrid RL-GAN.pdf,EXCLUDE,"该研究仅使用自研的深度学习框架（""a hybrid deep learning (DL) method""、""a deep autoencoder (AE)""、""a reinforcement learning (RL) agent-controlled GAN""），证据片段中未出现任何具名的第三方非牙科3D软件被该研究自己使用。",-,-,-,-,"【判定】: EXCLUDE
【判定理由】: 该研究仅使用自研的深度学习框架（""a hybrid deep learning (DL) method""、""a deep autoencoder (AE)""、""a reinforcement learning (RL) agent-controlled GAN""），证据片段中未出现任何具名的第三方非牙科3D软件被该研究自己使用。
【软件】: -
【专科】: -
【应用场景】: -
【研究设计】: -"
accuracy assessment of removable partial denture frameworks fabricated by selective laser melting using two different workflows a cross over clinical study,Accuracy assessment of removable partial denture frameworks fabricated by selective laser melting using two different workflows: A cross-over clinical study,BMC ORAL HEALTH,journalArticle,VEYNSW2C,Elgamal 等 - 2025 - Accuracy assessment of removable partial denture frameworks fabricated by selective laser melting us.pdf,EXCLUDE,"证据片段中唯一具名的软件是""3Shape software for digital design of the RPD framework""，而3Shape属于牙科专用软件，不符合""第三方非牙科3D软件""的要求；其余证据仅泛泛提及""STL data analysis""和""digital superimposition""，未指明任何具名非牙科3D软件。",-,-,-,-,"【判定】: EXCLUDE
【判定理由】: 证据片段中唯一具名的软件是""3Shape software for digital design of the RPD framework""，而3Shape属于牙科专用软件，不符合""第三方非牙科3D软件""的要求；其余证据仅泛泛提及""STL data analysis""和""digital superimposition""，未指明任何具名非牙科3D软件。
【软件】: -
【专科】: -
【应用场景】: -
【研究设计】: -"
comprehensive deciphering the complexity of the deep bite insight from animal model to human subjects,Comprehensive Deciphering the Complexity of the Deep Bite: Insight from Animal Model to Human Subjects,JOURNAL OF PERSONALIZED MEDICINE,journalArticle,PCEP6D42,Watted 等 - 2023 - Comprehensive Deciphering the Complexity of the Deep Bite Insight from Animal Model to Human Subjec.pdf,EXCLUDE,"该文献为综述性文章（摘要明确说明""we discuss the current clinical treatment strategies... summarize the already published findings... propose a comprehensive roadmap""），且证据片段中仅泛泛提及""3D printing and computer-aided design and manufacture (CAD/CAM)""，未提及任何该研究自身使用的具名第三方非牙科3D软件。",-,-,-,-,"【判定】: EXCLUDE
【判定理由】: 该文献为综述性文章（摘要明确说明""we discuss the current clinical treatment strategies... summarize the already published findings... propose a comprehensive roadmap""），且证据片段中仅泛泛提及""3D printing and computer-aided design and manufacture (CAD/CAM)""，未提及任何该研究自身使用的具名第三方非牙科3D软件。
【软件】: -
【专科】: -
【应用场景】: -
【研究设计】: -"
predicting 3d post orthodontic facial outcomes with a diffusion model trained on unpaired datasets,Predicting 3D Post-Orthodontic Facial Outcomes With a Diffusion Model Trained on Unpaired Datasets,INTERNATIONAL DENTAL JOURNAL,journalArticle,L9XBQG6L,Chen 等 - 2026 - Predicting 3D Post-Orthodontic Facial Outcomes With a Diffusion Model Trained on Unpaired Datasets.pdf,INCLUDE,"该研究自身在数据预处理中使用了具名第三方非牙科3D软件，原文明确写道""DICOM data were loaded using 3D Slicer software (version 5.6.2...)""以及""CloudCompare software (version 2.14...) was employed to convert the mesh into point cloud data""。",3D Slicer; CloudCompare,Orthodontics,Image segmentation and 3D reconstruction,computational,"【判定】: INCLUDE
【判定理由】: 该研究自身在数据预处理中使用了具名第三方非牙科3D软件，原文明确写道""DICOM data were loaded using 3D Slicer software (version 5.6.2...)""以及""CloudCompare software (version 2.14...) was employed to convert the mesh into point cloud data""。
【软件】: 3D Slicer; CloudCompare
【专科】: Orthodontics
【应用场景】: Image segmentation and 3D reconstruction
【研究设计】: computational"
preoperative planning framework for robot assisted dental implant surgery finite parameter surrogate model and optimization of instrument placement,Preoperative Planning Framework for Robot-Assisted Dental Implant Surgery: Finite-Parameter Surrogate Model and Optimization of Instrument Placement,BIOENGINEERING-BASEL,journalArticle,7RG5Y6L8,Wang 等 - 2023 - Preoperative Planning Framework for Robot-Assisted Dental Implant Surgery Finite-Parameter Surrogat.pdf,EXCLUDE,"证据片段中提及的软件（如 iMTECH）均为被引他人研究（""Preda et al. developed a preoperative planning software called iMTECH""），该研究自身仅使用自研的有限参数代理模型（FPSM）和粒子群优化（PSO）算法，未使用任何具名的第三方非牙科3D软件。",-,-,-,-,"【判定】: EXCLUDE
【判定理由】: 证据片段中提及的软件（如 iMTECH）均为被引他人研究（""Preda et al. developed a preoperative planning software called iMTECH""），该研究自身仅使用自研的有限参数代理模型（FPSM）和粒子群优化（PSO）算法，未使用任何具名的第三方非牙科3D软件。
【软件】: -
【专科】: -
【应用场景】: -
【研究设计】: -"
fit and retention of complete denture bases part i e conventional versus cad cam methods a clinical controlled crossover study,Fit and retention of complete denture bases: Part I e Conventional versus CAD-CAM methods: A clinical controlled crossover study,JOURNAL OF PROSTHETIC DENTISTRY,journalArticle,P44D7LA4,Maniewicz 等 - 2024 - Fit and retention of complete denture bases Part I - Conventional versus CAD-CAM methods A clinica.pdf,EXCLUDE,"证据片段仅提到""Scans were imported into a comparison software program""，未给出任何具名的第三方非牙科3D软件名称，无法确认该研究自身使用了符合标准的具名软件。",-,-,-,-,"【判定】: EXCLUDE
【判定理由】: 证据片段仅提到""Scans were imported into a comparison software program""，未给出任何具名的第三方非牙科3D软件名称，无法确认该研究自身使用了符合标准的具名软件。
【软件】: -
【专科】: -
【应用场景】: -
【研究设计】: -"
enhancement of cone beam computed tomography dental maxillofacial images by sampling kantorovich algorithm,Enhancement of Cone-Beam Computed Tomography Dental-Maxillofacial Images by Sampling Kantorovich Algorithm,SYMMETRY-BASEL,journalArticle,F9GVJVYF,Costarelli 等 - 2021 - Enhancement of Cone-Beam Computed Tomography Dental-Maxillofacial Images by Sampling Kantorovich Alg.pdf,EXCLUDE,"证据片段显示该研究仅使用自研的 sampling Kantorovich (SK) 算法进行图像重建与降噪（""a crucial role is played by the so-called sampling Kantorovich (SK) algorithm""），未使用任何具名的第三方非牙科3D软件。",-,-,-,-,"【判定】: EXCLUDE
【判定理由】: 证据片段显示该研究仅使用自研的 sampling Kantorovich (SK) 算法进行图像重建与降噪（""a crucial role is played by the so-called sampling Kantorovich (SK) algorithm""），未使用任何具名的第三方非牙科3D软件。
【软件】: -
【专科】: -
【应用场景】: -
【研究设计】: -"
evaluation of osteogenic potential for rat adipose derived stem cells under xeno free environment,Evaluation of Osteogenic Potential for Rat Adipose-Derived Stem Cells under Xeno-Free Environment,INTERNATIONAL JOURNAL OF MOLECULAR SCIENCES,journalArticle,FB2S72TH,Sun 等 - 2023 - Evaluation of Osteogenic Potential for Rat Adipose-Derived Stem Cells under Xeno-Free Environment..pdf,EXCLUDE,该研究使用的具名软件为 Image J（图像分析）、FlowJo X（流式细胞分析）、CTAN（µCT 图像分析）和 SPSS（统计），均非用于3D数据处理/分析/建模/测量的第三方非牙科3D软件；CTAN 虽重建了3D图像，但属于显微CT厂商配套分析软件而非通用第三方3D软件，且证据中未见 Mimics、3D Slicer 等符合纳入标准的软件。,-,-,-,-,"【判定】: EXCLUDE
【判定理由】: 该研究使用的具名软件为 Image J（图像分析）、FlowJo X（流式细胞分析）、CTAN（µCT 图像分析）和 SPSS（统计），均非用于3D数据处理/分析/建模/测量的第三方非牙科3D软件；CTAN 虽重建了3D图像，但属于显微CT厂商配套分析软件而非通用第三方3D软件，且证据中未见 Mimics、3D Slicer 等符合纳入标准的软件。
【软件】: -
【专科】: -
【应用场景】: -
【研究设计】: -"
mesh based segmentation for automated margin line generation on incisors receiving crown treatment,Mesh-based segmentation for automated margin line generation on incisors receiving crown treatment,MATHEMATICS AND COMPUTERS IN SIMULATION,journalArticle,ERXN9CSV,Alsheghri 等 - 2026 - Mesh-based segmentation for automated margin line generation on incisors receiving crown treatment.pdf,EXCLUDE,"该研究仅使用自研的深度学习分割模型（""a mesh-based neural network was modified by changing its input channels""）和自编方法（graph cut、spline 拟合），证据片段中未出现任何该研究自己使用的具名第三方非牙科3D软件。",-,-,-,-,"【判定】: EXCLUDE
【判定理由】: 该研究仅使用自研的深度学习分割模型（""a mesh-based neural network was modified by changing its input channels""）和自编方法（graph cut、spline 拟合），证据片段中未出现任何该研究自己使用的具名第三方非牙科3D软件。
【软件】: -
【专科】: -
【应用场景】: -
【研究设计】: -"
explainable deep learning for age and gender estimation in dental cbct scans using attention mechanisms and multi task learning,Explainable deep learning for age and gender estimation in dental CBCT scans using attention mechanisms and multi task learning,SCIENTIFIC REPORTS,journalArticle,GUNSSW5U,Pishghadam 等 - 2025 - Explainable deep learning for age and gender estimation in dental CBCT scans using attention mechani.pdf,EXCLUDE,该研究仅使用自研的多任务深度学习框架（MTL、CBAM、Grad-CAM），证据片段中未出现任何该研究自己使用的具名第三方非牙科3D软件，仅提及他人研究（如 Vila-Blanco 的 DentalNet/PulpNet、Hou 的 Teeth U-Net）。,-,-,-,-,"【判定】: EXCLUDE
【判定理由】: 该研究仅使用自研的多任务深度学习框架（MTL、CBAM、Grad-CAM），证据片段中未出现任何该研究自己使用的具名第三方非牙科3D软件，仅提及他人研究（如 Vila-Blanco 的 DentalNet/PulpNet、Hou 的 Teeth U-Net）。
【软件】: -
【专科】: -
【应用场景】: -
【研究设计】: -"
deep learning for detection and 3d segmentation of maxillofacial bone lesions in cone beam ct,Deep learning for detection and 3D segmentation of maxillofacial bone lesions in cone beam CT,EUROPEAN RADIOLOGY,journalArticle,6QR3JDFT,Yeshua 等 - 2023 - Deep learning for detection and 3D segmentation of maxillofacial bone lesions in cone beam CT.pdf,EXCLUDE,"该研究自行开发了 Mask-RCNN 深度学习算法（""A Mask-RCNN algorithm segmented the bone lesions in each axial slice""），属于自研算法/代码，证据片段中未出现任何该研究自己使用的具名第三方非牙科3D软件。",-,-,-,-,"【判定】: EXCLUDE
【判定理由】: 该研究自行开发了 Mask-RCNN 深度学习算法（""A Mask-RCNN algorithm segmented the bone lesions in each axial slice""），属于自研算法/代码，证据片段中未出现任何该研究自己使用的具名第三方非牙科3D软件。
【软件】: -
【专科】: -
【应用场景】: -
【研究设计】: -"
computerized generation of endodontic files by reproducing the flute grinding manufacturing process,Computerized Generation of Endodontic Files by Reproducing the Flute Grinding Manufacturing Process,BIOENGINEERING-BASEL,journalArticle,2B8FAF4H,Roda-Casanova和Pérez-González - 2024 - Computerized Generation of Endodontic Files by Reproducing the Flute Grinding Manufacturing Process..pdf,EXCLUDE,"证据片段仅显示该研究开发了""a computerized method""来模拟磨槽制造过程，未提及使用任何具名的第三方非牙科3D软件；文中提及的""3D CAD""为泛指，无具体软件名称。",-,-,-,-,"【判定】: EXCLUDE
【判定理由】: 证据片段仅显示该研究开发了""a computerized method""来模拟磨槽制造过程，未提及使用任何具名的第三方非牙科3D软件；文中提及的""3D CAD""为泛指，无具体软件名称。
【软件】: -
【专科】: -
【应用场景】: -
【研究设计】: -"
a comparison of denture base retention and adaptation between cad cam and conventional fabrication techniques,A Comparison of Denture Base Retention and Adaptation Between CAD/CAM and Conventional Fabrication Techniques,INTERNATIONAL JOURNAL OF PROSTHODONTICS,journalArticle,34EC3W3G,Faty 等 - 2023 - A Comparison of Denture Base Retention and Adaptation Between CADCAM and Conventional Fabrication T.pdf,INCLUDE,"该研究自身在材料与方法中使用 ""Geomagic Control X 64 software was used to evaluate the adaptation of the denture bases with their corresponding master casts""，Geomagic 为非牙科第三方3D软件，用于3D数据测量分析。",Geomagic Control X,Prosthodontics,3D data analysis and accuracy assessment,clinical,"【判定】: INCLUDE
【判定理由】: 该研究自身在材料与方法中使用 ""Geomagic Control X 64 software was used to evaluate the adaptation of the denture bases with their corresponding master casts""，Geomagic 为非牙科第三方3D软件，用于3D数据测量分析。
【软件】: Geomagic Control X
【专科】: Prosthodontics
【应用场景】: 3D data analysis and accuracy assessment
【研究设计】: clinical"
digital removable denture workflows in dental education a systematic review and curriculum development exploration,Digital Removable Denture Workflows in Dental Education: A Systematic Review and Curriculum Development Exploration,EUROPEAN JOURNAL OF DENTAL EDUCATION,journalArticle,QPRKN26Y,Veerasamy 等 - 2025 - Digital Removable Denture Workflows in Dental Education A Systematic Review and Curriculum Developm.pdf,EXCLUDE,"该文献为系统综述（题名及摘要明确为 ""A Systematic Review""），属于排除的文献类型；且证据片段中提及的 3Shape Dental System、AvaDent 均为牙科专用软件，非第三方非牙科3D软件。",-,-,-,-,"【判定】: EXCLUDE
【判定理由】: 该文献为系统综述（题名及摘要明确为 ""A Systematic Review""），属于排除的文献类型；且证据片段中提及的 3Shape Dental System、AvaDent 均为牙科专用软件，非第三方非牙科3D软件。
【软件】: -
【专科】: -
【应用场景】: -
【研究设计】: -"
automatic placement of simulated dental implants within cbct images in optimum positions a deep learning model,Automatic placement of simulated dental implants within CBCT images in optimum positions: a deep learning model,MEDICAL & BIOLOGICAL ENGINEERING & COMPUTING,journalArticle,5ULQ4TSV,Alotaibi 等 - 2025 - Automatic placement of simulated dental implants within CBCT images in optimum positions a deep lea.pdf,EXCLUDE,"该研究自身仅使用自研的深度学习框架（""YOLOv11""、""CNN is utilized in this study""），证据片段中提及的具名软件（如 Neuro-T）均出现在被引他人研究（Park et al. [24]）中，而非该研究自己使用。",-,-,-,-,"【判定】: EXCLUDE
【判定理由】: 该研究自身仅使用自研的深度学习框架（""YOLOv11""、""CNN is utilized in this study""），证据片段中提及的具名软件（如 Neuro-T）均出现在被引他人研究（Park et al. [24]）中，而非该研究自己使用。
【软件】: -
【专科】: -
【应用场景】: -
【研究设计】: -"
optimizing the esthetic outcome by using screw retained implant abutment crowns a 3 year clinical follow up,Optimizing the esthetic outcome by using screw-retained implant abutment crowns: A 3-year clinical follow-up,JOURNAL OF PROSTHETIC DENTISTRY,journalArticle,WDXU8KLT,Cicero 等 - 2021 - Optimizing the esthetic outcome by using screw-retained implant abutment crowns A 3-year clinical f.pdf,EXCLUDE,"证据片段仅提及""computer-aided design and computer-aided manufacturing (CAD-CAM)""和""virtual planning and guided implant surgery""，未出现任何具名的第三方非牙科3D软件被该研究自己使用。",-,-,-,-,"【判定】: EXCLUDE
【判定理由】: 证据片段仅提及""computer-aided design and computer-aided manufacturing (CAD-CAM)""和""virtual planning and guided implant surgery""，未出现任何具名的第三方非牙科3D软件被该研究自己使用。
【软件】: -
【专科】: -
【应用场景】: -
【研究设计】: -"
a platform combining automatic segmentation and automatic measurement of the maxillary sinus and adjacent structures,A platform combining automatic segmentation and automatic measurement of the maxillary sinus and adjacent structures,CLINICAL ORAL INVESTIGATIONS,journalArticle,VNRCK3YD,He 等 - 2025 - A platform combining automatic segmentation and automatic measurement of the maxillary sinus and adj.pdf,EXCLUDE,"证据片段仅显示该研究自行训练 DCNN 算法进行自动分割与测量（""A DCNN algorithm adopting 2.5D structure was trained for automatic segmentation""），未提及使用任何具名的第三方非牙科3D软件。",-,-,-,-,"【判定】: EXCLUDE
【判定理由】: 证据片段仅显示该研究自行训练 DCNN 算法进行自动分割与测量（""A DCNN algorithm adopting 2.5D structure was trained for automatic segmentation""），未提及使用任何具名的第三方非牙科3D软件。
【软件】: -
【专科】: -
【应用场景】: -
【研究设计】: -"
cronodent i 3d interactive manual for self learning of the dental chronology of equines,"Cronodent I, 3D interactive manual for self-learning of the dental chronology of equines",FRONTIERS IN VETERINARY SCIENCE,journalArticle,BZ9TQX42,"Rodero 等 - 2025 - Cronodent I, 3D interactive manual for self-learning of the dental chronology of equines.pdf",EXCLUDE,该研究主题为马（equine）牙齿年龄鉴定的兽医教学，不属于口腔医学（人类口腔医学）任一学科；且证据中使用的 Artec Studio 为三维扫描仪配套软件，研究目的为兽医教育而非口腔医学研究。,-,-,-,-,"【判定】: EXCLUDE
【判定理由】: 该研究主题为马（equine）牙齿年龄鉴定的兽医教学，不属于口腔医学（人类口腔医学）任一学科；且证据中使用的 Artec Studio 为三维扫描仪配套软件，研究目的为兽医教育而非口腔医学研究。
【软件】: -
【专科】: -
【应用场景】: -
【研究设计】: -"
b onic platform a single center clinical evaluation of an integrated fablab workflow for patient specific surgical planning and xr based validation,B-onic Platform: A Single-Center Clinical Evaluation of an Integrated FabLab Workflow for Patient-Specific Surgical Planning and XR-Based Validation,JOURNAL OF CLINICAL MEDICINE,journalArticle,2TEAV3QA,Cebrián-Carretero 等 - 2026 - B-onic Platform A Single-Center Clinical Evaluation of an Integrated FabLab Workflow for Patient-Sp.pdf,EXCLUDE,"证据片段中仅泛泛提及""segmentation software, CAD stations""等类别，未出现该研究自身使用的任何具名第三方非牙科3D软件；所提及的""NavigatorPro XR module""为自研平台组件，非具名第三方软件。",-,-,-,-,"【判定】: EXCLUDE
【判定理由】: 证据片段中仅泛泛提及""segmentation software, CAD stations""等类别，未出现该研究自身使用的任何具名第三方非牙科3D软件；所提及的""NavigatorPro XR module""为自研平台组件，非具名第三方软件。
【软件】: -
【专科】: -
【应用场景】: -
【研究设计】: -"
five years of radiographic evaluation for the peri implant bone changes of all on four implant prostheses constructed from different framework materials using different digital construction techniques,Five years of radiographic evaluation for the peri-implant bone changes of all-on-four implant prostheses constructed from different framework materials using different digital construction techniques,BMC ORAL HEALTH,journalArticle,CR88F8X6,Mourad 等 - 2024 - Five years of radiographic evaluation for the peri-implant bone changes of all-on-four implant prost.pdf,EXCLUDE,证据片段中仅提及 CAD/CAM 技术及牙科专用制造设备（如 VULCAN TECH 激光熔融机、Ceramill Sintron 软金属块），未出现该研究自身使用的具名第三方非牙科3D软件（如 Mimics、Geomagic 等）。,-,-,-,-,"【判定】: EXCLUDE
【判定理由】: 证据片段中仅提及 CAD/CAM 技术及牙科专用制造设备（如 VULCAN TECH 激光熔融机、Ceramill Sintron 软金属块），未出现该研究自身使用的具名第三方非牙科3D软件（如 Mimics、Geomagic 等）。
【软件】: -
【专科】: -
【应用场景】: -
【研究设计】: -"
estimating reference shape model for personalized surgical reconstruction of craniomaxillofacial defects,Estimating Reference Shape Model for Personalized Surgical Reconstruction of Craniomaxillofacial Defects,IEEE Transactions on Biomedical Engineering,journalArticle,VTPR5HZL,Xiao 等 - 2021 - Estimating Reference Shape Model for Personalized Surgical Reconstruction of Craniomaxillofacial Def.pdf,EXCLUDE,"证据片段仅显示该研究提出了""automatic facial bone shape estimation framework""和""adaptive-focus deformable shape model (AFDSM)""等自研方法，未出现任何具名的第三方非牙科3D软件（如Mimics、3D Slicer等）被该研究自己使用。",-,-,-,-,"【判定】: EXCLUDE
【判定理由】: 证据片段仅显示该研究提出了""automatic facial bone shape estimation framework""和""adaptive-focus deformable shape model (AFDSM)""等自研方法，未出现任何具名的第三方非牙科3D软件（如Mimics、3D Slicer等）被该研究自己使用。
【软件】: -
【专科】: -
【应用场景】: -
【研究设计】: -"
revealing the representative facial traits of different sagittal skeletal types decipher what artificial intelligence can see by grad cam,Revealing the representative facial traits of different sagittal skeletal types: decipher what artificial intelligence can see by Grad-CAM,JOURNAL OF DENTISTRY,journalArticle,7WKYIP2L,Cai 等 - 2023 - Revealing the representative facial traits of different sagittal skeletal types decipher what artif.pdf,EXCLUDE,"证据片段中仅提及自研 CNN 模型（""train the CNN module""）和 Grad-CAM 算法，未出现任何具名的第三方非牙科3D软件被该研究自己使用；3D stereophotogrammetry 仅在引言中泛泛提及。",-,-,-,-,"【判定】: EXCLUDE
【判定理由】: 证据片段中仅提及自研 CNN 模型（""train the CNN module""）和 Grad-CAM 算法，未出现任何具名的第三方非牙科3D软件被该研究自己使用；3D stereophotogrammetry 仅在引言中泛泛提及。
【软件】: -
【专科】: -
【应用场景】: -
【研究设计】: -"
toward semantically consistent deformable 2d 3d registration for 3d craniofacial structure estimation from a single view lateral cephalometric radiograph,Toward Semantically-Consistent Deformable 2D-3D Registration for 3D Craniofacial Structure Estimation From a Single-View Lateral Cephalometric Radiograph,IEEE Transactions on Medical Imaging,journalArticle,Y6J5I5QF,Jiang 等 - 2025 - Toward Semantically-Consistent Deformable 2D-3D Registration for 3D Craniofacial Structure Estimatio.pdf,EXCLUDE,"证据片段仅显示该研究提出自研深度学习框架（""our framework employs a self-supervised scheme to learn a voxel-level refiner""）并公开自编源代码（""The source code is available at https://github.com/Jyk-122/SC-DREG""），未提及任何具名第三方非牙科3D软件被其自身使用。",-,-,-,-,"【判定】: EXCLUDE
【判定理由】: 证据片段仅显示该研究提出自研深度学习框架（""our framework employs a self-supervised scheme to learn a voxel-level refiner""）并公开自编源代码（""The source code is available at https://github.com/Jyk-122/SC-DREG""），未提及任何具名第三方非牙科3D软件被其自身使用。
【软件】: -
【专科】: -
【应用场景】: -
【研究设计】: -"
automatic 3d teeth reconstruction from five intra oral photos using parametric teeth model,Automatic 3D Teeth Reconstruction From Five Intra-Oral Photos Using Parametric Teeth Model,IEEE Transactions on Visualization and Computer Graphics,journalArticle,VD6R8JZN,Chen 等 - 2024 - Automatic 3D Teeth Reconstruction From Five Intra-Oral Photos Using Parametric Teeth Model.pdf,EXCLUDE,"该研究使用自研的""modified U-net""和""parametric teeth model""框架进行3D牙齿重建，证据片段中未出现任何具名的第三方非牙科3D软件被该研究自己使用。",-,-,-,-,"【判定】: EXCLUDE
【判定理由】: 该研究使用自研的""modified U-net""和""parametric teeth model""框架进行3D牙齿重建，证据片段中未出现任何具名的第三方非牙科3D软件被该研究自己使用。
【软件】: -
【专科】: -
【应用场景】: -
【研究设计】: -"
enhancing maxillofacial surgery 3d printed models from ct scans for improved surgical planning,Enhancing Maxillofacial Surgery: 3D-Printed Models from CT Scans for Improved Surgical Planning,2024 IEEE Central America and Panama Student Conference (CONESCAPAN),conferencePaper,LFFHBJQR,2024 - Enhancing Maxillofacial Surgery 3D-Printed Models from CT Scans for Improved Surgical Planning.pdf,EXCLUDE,"证据片段仅提及""the development of a DICOM image segmentation algorithm""，属于自研算法，未出现任何具名的第三方非牙科3D软件被该研究自己使用。",-,-,-,-,"【判定】: EXCLUDE
【判定理由】: 证据片段仅提及""the development of a DICOM image segmentation algorithm""，属于自研算法，未出现任何具名的第三方非牙科3D软件被该研究自己使用。
【软件】: -
【专科】: -
【应用场景】: -
【研究设计】: -"
automated measurements of tooth size and arch widths on cone beam computerized tomography and scan images of plaster dental models,Automated Measurements of Tooth Size and Arch Widths on Cone-Beam Computerized Tomography and Scan Images of Plaster Dental Models,BIOENGINEERING-BASEL,journalArticle,9WZ73UZY,Nguyen 等 - 2024 - Automated Measurements of Tooth Size and Arch Widths on Cone-Beam Computerized Tomography and Scan I.pdf,EXCLUDE,"该研究使用自研的 Mask R-CNN 和 decentralized CNN 等深度学习模型进行牙齿分割与关键点检测，证据片段中未出现任何该研究自己使用的具名第三方非牙科3D软件（如 ""using a region-based convolutional neural network (R-CNN), namely Mask R-CNN, and a decentralized convolutional neural network (CNN)""）。",-,-,-,-,"【判定】: EXCLUDE
【判定理由】: 该研究使用自研的 Mask R-CNN 和 decentralized CNN 等深度学习模型进行牙齿分割与关键点检测，证据片段中未出现任何该研究自己使用的具名第三方非牙科3D软件（如 ""using a region-based convolutional neural network (R-CNN), namely Mask R-CNN, and a decentralized convolutional neural network (CNN)""）。
【软件】: -
【专科】: -
【应用场景】: -
【研究设计】: -"
a systematic study of oral clinical therapy based on computer 3d modeling technology,A Systematic Study of Oral Clinical Therapy Based on Computer 3D Modeling Technology,"2024 Asia-Pacific Conference on Software Engineering, Social Network Analysis and Intelligent Computing (SSAIC)",conferencePaper,I7X6LX6Z,Zhao 等 - 2024 - A Systematic Study of Oral Clinical Therapy Based on Computer 3D Modeling Technology.pdf,EXCLUDE,"证据片段仅泛泛提及""3D digital design software""和自研""repair algorithm based on computer 3D modeling""，未出现任何具名的第三方非牙科3D软件被该研究自己使用。",-,-,-,-,"【判定】: EXCLUDE
【判定理由】: 证据片段仅泛泛提及""3D digital design software""和自研""repair algorithm based on computer 3D modeling""，未出现任何具名的第三方非牙科3D软件被该研究自己使用。
【软件】: -
【专科】: -
【应用场景】: -
【研究设计】: -"
research on advances in production of human dentition and dental bridges using additive manufacturing metal 3d printing,Research on Advances in Production of Human Dentition and Dental Bridges Using Additive Manufacturing (Metal 3D Printing),2024 E-Health and Bioengineering Conference (EHB),conferencePaper,FEBJG2N6,Dimitriu - 2024 - Research on Advances in Production of Human Dentition and Dental Bridges Using Additive Manufacturin.pdf,EXCLUDE,"证据中仅提及""teeth and bridges were digitally designed using software like 3Shape and Exocad""，这两个均为牙科专用软件，未出现该研究自身使用的具名第三方非牙科3D软件；且该文献为会议论文（EHB会议），属会议摘要类非原创研究类型。",-,-,-,-,"【判定】: EXCLUDE
【判定理由】: 证据中仅提及""teeth and bridges were digitally designed using software like 3Shape and Exocad""，这两个均为牙科专用软件，未出现该研究自身使用的具名第三方非牙科3D软件；且该文献为会议论文（EHB会议），属会议摘要类非原创研究类型。
【软件】: -
【专科】: -
【应用场景】: -
【研究设计】: -"
3d registration method based on mvfnet and super4pcs for nonhomologous face pointclouds,3D Registration Method Based On MVFNet And Super4PCS For Nonhomologous Face Pointclouds,2022 4th International Conference on Frontiers Technology of Information and Computer (ICFTIC),conferencePaper,GMMYW9V7,Dong 等 - 2022 - 3D Registration Method Based On MVFNet And Super4PCS For Nonhomologous Face Pointclouds.pdf,EXCLUDE,"该研究使用自研的 MVFNet 深度学习模型和 Super4PCS 算法（""a MVFNet-based 3D face reconstruction""、""the Super4PCS algorithm is used""），均非具名第三方非牙科3D软件；且主题为面部点云配准，不属于口腔医学任一学科。",-,-,-,-,"【判定】: EXCLUDE
【判定理由】: 该研究使用自研的 MVFNet 深度学习模型和 Super4PCS 算法（""a MVFNet-based 3D face reconstruction""、""the Super4PCS algorithm is used""），均非具名第三方非牙科3D软件；且主题为面部点云配准，不属于口腔医学任一学科。
【软件】: -
【专科】: -
【应用场景】: -
【研究设计】: -"
distributed force measurement and mapping using pressure sensitive film and image processing for active and passive aligners on orthodontic attachments,Distributed Force Measurement and Mapping Using Pressure-Sensitive Film and Image Processing for Active and Passive Aligners on Orthodontic Attachments,IEEE Access,journalArticle,9YS9C7RQ,Zamani 等 - 2022 - Distributed Force Measurement and Mapping Using Pressure-Sensitive Film and Image Processing for Act.pdf,EXCLUDE,"证据片段中出现的具名软件（AnalySIS Soft Image System、Fujifilm FPD-8010E）均属于被引他人研究（""This study applied Fujifilm FPD-8010E analysis software"" 描述的是他人研究），而本研究自身采用的是自研的 ""histogram-based K-means clustering method"" 图像处理技术，未使用具名第三方非牙科3D软件。",-,-,-,-,"【判定】: EXCLUDE
【判定理由】: 证据片段中出现的具名软件（AnalySIS Soft Image System、Fujifilm FPD-8010E）均属于被引他人研究（""This study applied Fujifilm FPD-8010E analysis software"" 描述的是他人研究），而本研究自身采用的是自研的 ""histogram-based K-means clustering method"" 图像处理技术，未使用具名第三方非牙科3D软件。
【软件】: -
【专科】: -
【应用场景】: -
【研究设计】: -"
dental x ray segmentation and auto implant design based on convolutional neural network,Dental X-ray Segmentation and Auto Implant Design Based on Convolutional Neural Network,2024 IEEE 7th International Conference on Multimedia Information Processing and Retrieval (MIPR),conferencePaper,Q5HUNS56,Xing 等 - 2024 - Dental X-ray Segmentation and Auto Implant Design Based on Convolutional Neural Network.pdf,EXCLUDE,"该研究仅使用自研的基于 ResUNet 的 CNN 模型及自编的边缘检测、PCA 和线性回归算法（""development of a CNN model based on ResUNet""），证据片段中未出现任何具名的第三方非牙科3D软件被该研究自己使用。",-,-,-,-,"【判定】: EXCLUDE
【判定理由】: 该研究仅使用自研的基于 ResUNet 的 CNN 模型及自编的边缘检测、PCA 和线性回归算法（""development of a CNN model based on ResUNet""），证据片段中未出现任何具名的第三方非牙科3D软件被该研究自己使用。
【软件】: -
【专科】: -
【应用场景】: -
【研究设计】: -"
automatic 3d registration of dental cbct and face scan data using 2d projection images,Automatic 3D Registration of Dental CBCT and Face Scan Data Using 2D Projection Images,IEEE Access,journalArticle,YB659UGD,Park 等 - 2024 - Automatic 3D Registration of Dental CBCT and Face Scan Data Using 2D Projection Images.pdf,EXCLUDE,"证据片段显示该研究""reusing an existing machine-learning-based 2D landmark detection algorithm in an open-source library and developing a novel mathematical algorithm""，属于自研算法/代码，未使用具名第三方非牙科3D软件。",-,-,-,-,"【判定】: EXCLUDE
【判定理由】: 证据片段显示该研究""reusing an existing machine-learning-based 2D landmark detection algorithm in an open-source library and developing a novel mathematical algorithm""，属于自研算法/代码，未使用具名第三方非牙科3D软件。
【软件】: -
【专科】: -
【应用场景】: -
【研究设计】: -"
a novel augmented reality approach in oral and maxillofacial surgery super imposition based on modified rigid and non rigid iterative closest point,A Novel Augmented Reality Approach in Oral and Maxillofacial Surgery: Super-Imposition Based on Modified Rigid and Non-Rigid Iterative Closest Point,2020 5th International Conference on Innovative Technologies in Intelligent Systems and Industrial Applications (CITISIA),conferencePaper,GH6JBVEJ,Manohar 等 - 2020 - A Novel Augmented Reality Approach in Oral and Maxillofacial Surgery Super-Imposition Based on Modi.pdf,EXCLUDE,"证据片段中出现的""3D slicer""仅出现在对 Riccardo et al. [6] 的文献综述引用中（""Riccardo et al. [6] implemented an AR system ... using a 3D slicer""），并非该研究自身使用；该研究自身提出的是自研算法 MRaNRICP 与 Enhanced TLD，未使用任何具名第三方非牙科3D软件。",-,-,-,-,"【判定】: EXCLUDE
【判定理由】: 证据片段中出现的""3D slicer""仅出现在对 Riccardo et al. [6] 的文献综述引用中（""Riccardo et al. [6] implemented an AR system ... using a 3D slicer""），并非该研究自身使用；该研究自身提出的是自研算法 MRaNRICP 与 Enhanced TLD，未使用任何具名第三方非牙科3D软件。
【软件】: -
【专科】: -
【应用场景】: -
【研究设计】: -"
toothsegnet image degradation meets tooth segmentation in cbct images,Toothsegnet: Image Degradation Meets Tooth Segmentation in CBCT Images,2023 IEEE 20th International Symposium on Biomedical Imaging (ISBI),conferencePaper,9W9E5HVY,Liu 等 - 2023 - Toothsegnet Image Degradation Meets Tooth Segmentation in CBCT Images.pdf,EXCLUDE,"该研究提出的是自研框架 ToothSegNet（""we propose ToothSegNet, a new framework""），证据片段中未出现任何具名的第三方非牙科3D软件被该研究自己使用。",-,-,-,-,"【判定】: EXCLUDE
【判定理由】: 该研究提出的是自研框架 ToothSegNet（""we propose ToothSegNet, a new framework""），证据片段中未出现任何具名的第三方非牙科3D软件被该研究自己使用。
【软件】: -
【专科】: -
【应用场景】: -
【研究设计】: -"
dbganet dual branch geometric attention network for accurate 3d tooth segmentation,DBGANet: Dual-Branch Geometric Attention Network for Accurate 3D Tooth Segmentation,IEEE Transactions on Circuits and Systems for Video Technology,journalArticle,ARLUFDDL,Lin 等 - 2024 - DBGANet Dual-Branch Geometric Attention Network for Accurate 3D Tooth Segmentation.pdf,EXCLUDE,"证据片段仅描述该研究提出自研的 DBGANet 深度学习网络（""a Dual-Branch Geometric Attention Network (DBGANet) for 3D tooth segmentation is proposed""），未提及使用任何具名的第三方非牙科3D软件。",-,-,-,-,"【判定】: EXCLUDE
【判定理由】: 证据片段仅描述该研究提出自研的 DBGANet 深度学习网络（""a Dual-Branch Geometric Attention Network (DBGANet) for 3D tooth segmentation is proposed""），未提及使用任何具名的第三方非牙科3D软件。
【软件】: -
【专科】: -
【应用场景】: -
【研究设计】: -"
a collaborative learning framework with coupling graph transformers for 3d tooth segmentation,A Collaborative Learning Framework With Coupling Graph Transformers for 3D Tooth Segmentation,IEEE Transactions on Multimedia,journalArticle,R4T9MXJC,Lin 等 - 2025 - A Collaborative Learning Framework With Coupling Graph Transformers for 3D Tooth Segmentation.pdf,EXCLUDE,"该研究提出的是自研的协同学习框架（""a collaborative learning framework with coupling graph Transformers (CGT-CLF) is proposed""），证据片段中未出现任何具名的第三方非牙科3D软件被该研究自己使用。",-,-,-,-,"【判定】: EXCLUDE
【判定理由】: 该研究提出的是自研的协同学习框架（""a collaborative learning framework with coupling graph Transformers (CGT-CLF) is proposed""），证据片段中未出现任何具名的第三方非牙科3D软件被该研究自己使用。
【软件】: -
【专科】: -
【应用场景】: -
【研究设计】: -"
teeth seg an efficient instance segmentation framework for orthodontic treatment based on multi scale aggregation and anthropic prior knowledge,Teeth-SEG: An Efficient Instance Segmentation Framework for Orthodontic Treatment Based on Multi-Scale Aggregation and Anthropic Prior Knowledge,2024 IEEE/CVF Conference on Computer Vision and Pattern Recognition (CVPR),conferencePaper,IZYKSX6Q,Zou 等 - 2024 - Teeth-SEG An Efficient Instance Segmentation Framework for Orthodontic Treatment Based on Multi-Sca.pdf,EXCLUDE,"该研究提出的是自研的 ViT-based 框架 TeethSEG（""we propose a ViT-based framework named TeethSEG""），证据片段中未出现任何该研究自己使用的具名第三方非牙科3D软件。",-,-,-,-,"【判定】: EXCLUDE
【判定理由】: 该研究提出的是自研的 ViT-based 框架 TeethSEG（""we propose a ViT-based framework named TeethSEG""），证据片段中未出现任何该研究自己使用的具名第三方非牙科3D软件。
【软件】: -
【专科】: -
【应用场景】: -
【研究设计】: -"
hierarchical self supervised learning for 3d tooth segmentation in intra oral mesh scans,Hierarchical Self-Supervised Learning for 3D Tooth Segmentation in Intra-Oral Mesh Scans,IEEE Transactions on Medical Imaging,journalArticle,EED4NH95,Liu 等 - 2023 - Hierarchical Self-Supervised Learning for 3D Tooth Segmentation in Intra-Oral Mesh Scans..pdf,EXCLUDE,"该研究提出的是自研的自监督学习框架 STSNet（""we propose a novel self-supervised learning framework, named STSNet""），证据片段中未出现任何该研究自己使用的具名第三方非牙科3D软件。",-,-,-,-,"【判定】: EXCLUDE
【判定理由】: 该研究提出的是自研的自监督学习框架 STSNet（""we propose a novel self-supervised learning framework, named STSNet""），证据片段中未出现任何该研究自己使用的具名第三方非牙科3D软件。
【软件】: -
【专科】: -
【应用场景】: -
【研究设计】: -"
an end to end segmentation network for the temporomandibular joints cbct image based on 3d u net,An End-to-End Segmentation Network for the Temporomandibular Joints CBCT Image based on 3D U-Net,"2020 13th International Congress on Image and Signal Processing, BioMedical Engineering and Informatics (CISP-BMEI)",conferencePaper,NPUVHBWP,Zhang 等 - 2020 - An End-to-End Segmentation Network for the Temporomandibular Joints CBCT Image based on 3D U-Net.pdf,EXCLUDE,"该研究仅提出并使用了自研的深度学习分割网络（""we proposed a novel end-to-end deep learning segmentation network based on 3D U-Net""），证据片段中未出现任何具名的第三方非牙科3D软件被该研究自己使用。",-,-,-,-,"【判定】: EXCLUDE
【判定理由】: 该研究仅提出并使用了自研的深度学习分割网络（""we proposed a novel end-to-end deep learning segmentation network based on 3D U-Net""），证据片段中未出现任何具名的第三方非牙科3D软件被该研究自己使用。
【软件】: -
【专科】: -
【应用场景】: -
【研究设计】: -"
a smart projective imaging and navigation system for oral and maxillofacial surgery,A Smart Projective Imaging and Navigation System for Oral and Maxillofacial Surgery,IEEE Transactions on Biomedical Engineering,journalArticle,EW9LCFMA,Zhang 等 - 2026 - A Smart Projective Imaging and Navigation System for Oral and Maxillofacial Surgery..pdf,EXCLUDE,抽取的证据片段仅涉及背景介绍（如导板导航、动态导航、标记物等）及作者单位、基金信息，未出现该研究自身在材料与方法中使用任何具名第三方非牙科3D软件的原文。,-,-,-,-,"【判定】: EXCLUDE
【判定理由】: 抽取的证据片段仅涉及背景介绍（如导板导航、动态导航、标记物等）及作者单位、基金信息，未出现该研究自身在材料与方法中使用任何具名第三方非牙科3D软件的原文。
【软件】: -
【专科】: -
【应用场景】: -
【研究设计】: -"
dentassignnet assignment network for dental cast labeling in the presence of dental abnormalities,DentAssignNet: Assignment Network for Dental Cast Labeling in the Presence of Dental Abnormalities,IEEE Journal of Biomedical and Health Informatics,journalArticle,AP4TRDP3,Dascalu 等 - 2025 - DentAssignNet Assignment Network for Dental Cast Labeling in the Presence of Dental Abnormalities.pdf,EXCLUDE,"证据片段仅显示该研究使用自研的卷积神经网络（""Assignment theory... neural networks""、""our solution""），未提及任何具名的第三方非牙科3D软件被该研究自身使用。",-,-,-,-,"【判定】: EXCLUDE
【判定理由】: 证据片段仅显示该研究使用自研的卷积神经网络（""Assignment theory... neural networks""、""our solution""），未提及任何具名的第三方非牙科3D软件被该研究自身使用。
【软件】: -
【专科】: -
【应用场景】: -
【研究设计】: -"
dtr net dual space 3d tooth model reconstruction from panoramic x ray images,DTR-Net: Dual-Space 3D Tooth Model Reconstruction From Panoramic X-Ray Images,IEEE Transactions on Medical Imaging,journalArticle,YGXMR9CF,Mei 等 - 2024 - DTR-Net Dual-Space 3D Tooth Model Reconstruction From Panoramic X-Ray Images..pdf,EXCLUDE,"该研究提出的是自研的 DTR-Net 双空间框架（""we propose a novel dual-space framework, namely DTR-Net""），证据片段中未出现任何具名的第三方非牙科3D软件被该研究自己使用。",-,-,-,-,"【判定】: EXCLUDE
【判定理由】: 该研究提出的是自研的 DTR-Net 双空间框架（""we propose a novel dual-space framework, namely DTR-Net""），证据片段中未出现任何具名的第三方非牙科3D软件被该研究自己使用。
【软件】: -
【专科】: -
【应用场景】: -
【研究设计】: -"
3d dental biometrics transformer based dental arch extraction and matching,3D Dental Biometrics: Transformer-based Dental Arch Extraction and Matching,2023 IEEE Conference on Artificial Intelligence (CAI),conferencePaper,GHBMTCSZ,Zhang和Zhong - 2023 - 3D Dental Biometrics Transformer-based Dental Arch Extraction and Matching.pdf,EXCLUDE,"证据片段显示该研究仅使用自研的 transformer 架构（""we propose in this study a transformer architecture""）及 FPS 算法，未提及任何具名的第三方非牙科3D软件被其自身使用；所引用的 ""3D Medical Point Transformer [12]"" 仅出现在参考文献中。",-,-,-,-,"【判定】: EXCLUDE
【判定理由】: 证据片段显示该研究仅使用自研的 transformer 架构（""we propose in this study a transformer architecture""）及 FPS 算法，未提及任何具名的第三方非牙科3D软件被其自身使用；所引用的 ""3D Medical Point Transformer [12]"" 仅出现在参考文献中。
【软件】: -
【专科】: -
【应用场景】: -
【研究设计】: -"
oral anatomical knowledge informed semi supervised learning for 3d dental cbct segmentation and lesion detection,Oral-Anatomical Knowledge-Informed Semi-Supervised Learning for 3D Dental CBCT Segmentation and Lesion Detection,IEEE Transactions on Automation Science and Engineering,journalArticle,HCE22CUF,Yeonju Lee 等 - 2025 - Oral-Anatomical Knowledge-Informed Semi-Supervised Learning for 3D Dental CBCT Segmentation and Lesi.pdf,EXCLUDE,"证据片段仅描述该研究提出自研的 OAK-SSL 深度学习模型（""we propose a novel Oral-Anatomical Knowledge-informed Semi-Supervised Learning (OAK-SSL) model""），未提及使用任何具名的第三方非牙科3D软件。",-,-,-,-,"【判定】: EXCLUDE
【判定理由】: 证据片段仅描述该研究提出自研的 OAK-SSL 深度学习模型（""we propose a novel Oral-Anatomical Knowledge-informed Semi-Supervised Learning (OAK-SSL) model""），未提及使用任何具名的第三方非牙科3D软件。
【软件】: -
【专科】: -
【应用场景】: -
【研究设计】: -"
two stage mesh deep learning for automated tooth segmentation and landmark localization on 3d intraoral scans,Two-Stage Mesh Deep Learning for Automated Tooth Segmentation and Landmark Localization on 3D Intraoral Scans,IEEE Transactions on Medical Imaging,journalArticle,R2XP7A3B,Wu 等 - 2022 - Two-Stage Mesh Deep Learning for Automated Tooth Segmentation and Landmark Localization on 3D Intrao.pdf,EXCLUDE,"该研究仅使用自研深度学习框架（""a two-stage framework based on mesh deep learning (called TS-MDL)""、""iMeshSegNet""、""PointNet-Reg""），未使用任何具名的第三方非牙科3D软件。",-,-,-,-,"【判定】: EXCLUDE
【判定理由】: 该研究仅使用自研深度学习框架（""a two-stage framework based on mesh deep learning (called TS-MDL)""、""iMeshSegNet""、""PointNet-Reg""），未使用任何具名的第三方非牙科3D软件。
【软件】: -
【专科】: -
【应用场景】: -
【研究设计】: -"
ai based anatomical landmark recognition for robot assisted dynamic dental implant surgery,AI-Based Anatomical Landmark Recognition for Robot-Assisted Dynamic Dental Implant Surgery,2025 IEEE 21st International Conference on Intelligent Computer Communication and Processing (ICCP),conferencePaper,PSHQCDCF,Paul 等 - 2025 - AI-Based Anatomical Landmark Recognition for Robot-Assisted Dynamic Dental Implant Surgery.pdf,EXCLUDE,"该研究使用自研的 YOLOv11 深度学习模型（""a YOLOv11 deep learning model""）进行标志点识别，属于自研算法/代码；证据中唯一具名软件 Unity 用于配准，但并非用于3D数据的处理、分析、建模或测量，且无其他具名第三方非牙科3D软件被该研究自身使用。",-,-,-,-,"【判定】: EXCLUDE
【判定理由】: 该研究使用自研的 YOLOv11 深度学习模型（""a YOLOv11 deep learning model""）进行标志点识别，属于自研算法/代码；证据中唯一具名软件 Unity 用于配准，但并非用于3D数据的处理、分析、建模或测量，且无其他具名第三方非牙科3D软件被该研究自身使用。
【软件】: -
【专科】: -
【应用场景】: -
【研究设计】: -"
ortho opd an automatic osteotomy planes design model for orthognathic surgery based on deep learning,Ortho-OPD: An Automatic Osteotomy Planes Design Model for Orthognathic Surgery Based on Deep Learning,IEEE Journal of Biomedical and Health Informatics,journalArticle,XXD237D5,Wang 等 - 2026 - Ortho-OPD An Automatic Osteotomy Planes Design Model for Orthognathic Surgery Based on Deep Learnin.pdf,EXCLUDE,"该研究仅提出并使用了自研深度学习模型 Ortho-OPD（""A deep learning model, Ortho-OPD ... was proposed, consisting of a segmentation network and the random sample consensus (RANSAC) algorithm""），证据片段中未出现任何该研究自己使用的具名第三方非牙科3D软件。",-,-,-,-,"【判定】: EXCLUDE
【判定理由】: 该研究仅提出并使用了自研深度学习模型 Ortho-OPD（""A deep learning model, Ortho-OPD ... was proposed, consisting of a segmentation network and the random sample consensus (RANSAC) algorithm""），证据片段中未出现任何该研究自己使用的具名第三方非牙科3D软件。
【软件】: -
【专科】: -
【应用场景】: -
【研究设计】: -"
computed tomography and 3 d face scan fusion for iot based diagnostic solutions,Computed Tomography and 3-D Face Scan Fusion for IoT-Based Diagnostic Solutions,IEEE Internet of Things Journal,journalArticle,PEXP9FTE,Qu 等 - 2023 - Computed Tomography and 3-D Face Scan Fusion for IoT-Based Diagnostic Solutions.pdf,EXCLUDE,"证据片段仅描述该研究使用""Deep point neural networks""和""threshold iterative closest point algorithm""等自研算法，未出现任何具名的第三方非牙科3D软件被该研究自己使用。",-,-,-,-,"【判定】: EXCLUDE
【判定理由】: 证据片段仅描述该研究使用""Deep point neural networks""和""threshold iterative closest point algorithm""等自研算法，未出现任何具名的第三方非牙科3D软件被该研究自己使用。
【软件】: -
【专科】: -
【应用场景】: -
【研究设计】: -"
research on denture feature matching point cloud data based on deep learning,Research on Denture Feature Matching Point Cloud Data Based on Deep Learning,"2023 6th International Conference on Computer Network, Electronic and Automation (ICCNEA)",conferencePaper,Q6XWVERF,Song和Liu - 2023 - Research on Denture Feature Matching Point Cloud Data Based on Deep Learning.pdf,EXCLUDE,"证据片段仅显示该研究提出并改进自研深度学习网络（""the EdgeConv structure is introduced to improve the network for denture point cloud matching""），未提及任何具名的第三方非牙科3D软件被该研究自身使用。",-,-,-,-,"【判定】: EXCLUDE
【判定理由】: 证据片段仅显示该研究提出并改进自研深度学习网络（""the EdgeConv structure is introduced to improve the network for denture point cloud matching""），未提及任何具名的第三方非牙科3D软件被该研究自身使用。
【软件】: -
【专科】: -
【应用场景】: -
【研究设计】: -"
exploring the use of neural networks for early detection of oral cancer and other dental pathologies,Exploring the Use of Neural Networks for Early Detection of Oral Cancer and Other Dental Pathologies,2025 5th International Conference on Expert Clouds and Applications (ICOECA),conferencePaper,JPBKZHXW,Rameshrao Deshpande 等 - 2025 - Exploring the Use of Neural Networks for Early Detection of Oral Cancer and Other Dental Pathologies.pdf,EXCLUDE,该研究仅使用自研/自建的深度学习算法（CNN、ResNet、InceptionV3、DenseNet、InResNet），证据片段中未出现任何具名的第三方非牙科3D软件被该研究自己使用。,-,-,-,-,"【判定】: EXCLUDE
【判定理由】: 该研究仅使用自研/自建的深度学习算法（CNN、ResNet、InceptionV3、DenseNet、InResNet），证据片段中未出现任何具名的第三方非牙科3D软件被该研究自己使用。
【软件】: -
【专科】: -
【应用场景】: -
【研究设计】: -"
center sensitive and boundary aware tooth instance segmentation and classification from cone beam ct,Center-Sensitive and Boundary-Aware Tooth Instance Segmentation and Classification from Cone-Beam CT,2020 IEEE 17th International Symposium on Biomedical Imaging (ISBI),conferencePaper,QW4BJKGI,Wu 等 - 2020 - Center-Sensitive and Boundary-Aware Tooth Instance Segmentation and Classification from Cone-Beam CT.pdf,EXCLUDE,"该研究仅提出自研的深度神经网络方法（""a two-level hierarchical deep neural network""、""DenseASPP-UNet is proposed""），证据片段中未出现任何具名的第三方非牙科3D软件被该研究自己使用。",-,-,-,-,"【判定】: EXCLUDE
【判定理由】: 该研究仅提出自研的深度神经网络方法（""a two-level hierarchical deep neural network""、""DenseASPP-UNet is proposed""），证据片段中未出现任何具名的第三方非牙科3D软件被该研究自己使用。
【软件】: -
【专科】: -
【应用场景】: -
【研究设计】: -"
morphology prior enhanced teeth segmentation for high resolution oral scans,Morphology Prior Enhanced Teeth Segmentation for High-Resolution Oral Scans,IEEE Journal of Biomedical and Health Informatics,journalArticle,QVL4MH44,Jiang 等 - 2025 - Morphology Prior Enhanced Teeth Segmentation for High-Resolution Oral Scans.pdf,EXCLUDE,"该研究提出的是自研的""morphology prior enhanced teeth segmentation framework""（深度学习框架），证据片段中未出现任何具名第三方非牙科3D软件被该研究自己使用。",-,-,-,-,"【判定】: EXCLUDE
【判定理由】: 该研究提出的是自研的""morphology prior enhanced teeth segmentation framework""（深度学习框架），证据片段中未出现任何具名第三方非牙科3D软件被该研究自己使用。
【软件】: -
【专科】: -
【应用场景】: -
【研究设计】: -"
vit nebla a hybrid vision transformer and neural beer lambert framework for single view 3d reconstruction of oral anatomy from panoramic radiographs,ViT-NeBLa: A Hybrid Vision Transformer and Neural Beer–Lambert Framework for Single-View 3D Reconstruction of Oral Anatomy From Panoramic Radiographs,IEEE Access,journalArticle,JX7Z45RP,Keshari Parida 等 - 2025 - ViT-NeBLa A Hybrid Vision Transformer and Neural Beer–Lambert Framework for Single-View 3D Reconstr.pdf,EXCLUDE,"该研究提出的是自研框架""ViT–NeBLa (Vision-Transformer Neural Beer–Lambert)""，证据片段中仅描述其自建的""hybrid ViT–CNN backbone""和""compact MLP""，未提及使用任何具名的第三方非牙科3D软件。",-,-,-,-,"【判定】: EXCLUDE
【判定理由】: 该研究提出的是自研框架""ViT–NeBLa (Vision-Transformer Neural Beer–Lambert)""，证据片段中仅描述其自建的""hybrid ViT–CNN backbone""和""compact MLP""，未提及使用任何具名的第三方非牙科3D软件。
【软件】: -
【专科】: -
【应用场景】: -
【研究设计】: -"
a fully automated method for 3d individual tooth identification and segmentation in dental cbct,A Fully Automated Method for 3D Individual Tooth Identification and Segmentation in Dental CBCT,IEEE Transactions on Pattern Analysis and Machine Intelligence,journalArticle,EM5WIF9M,Jang 等 - 2022 - A Fully Automated Method for 3D Individual Tooth Identification and Segmentation in Dental CBCT..pdf,EXCLUDE,"证据片段仅描述该研究提出""a deep learning-based hierarchical multi-step model""自研方法，未出现任何具名第三方非牙科3D软件被该研究自己使用。",-,-,-,-,"【判定】: EXCLUDE
【判定理由】: 证据片段仅描述该研究提出""a deep learning-based hierarchical multi-step model""自研方法，未出现任何具名第三方非牙科3D软件被该研究自己使用。
【软件】: -
【专科】: -
【应用场景】: -
【研究设计】: -"
estimating reference bony shape models for orthognathic surgical planning using 3d point cloud deep learning,Estimating Reference Bony Shape Models for Orthognathic Surgical Planning Using 3D Point-Cloud Deep Learning,IEEE Journal of Biomedical and Health Informatics,journalArticle,Z4HUPXT9,Xiao 等 - 2021 - Estimating Reference Bony Shape Models for Orthognathic Surgical Planning Using 3D Point-Cloud Deep.pdf,EXCLUDE,"该研究仅提出并使用了自研的端到端深度学习框架（""We propose an end-to-end deep learning framework""），证据片段中未出现任何该研究自身使用的具名第三方非牙科3D软件（如 Mimics、3D Slicer 等），仅提及 PointNet/PointConv 等网络架构。",-,-,-,-,"【判定】: EXCLUDE
【判定理由】: 该研究仅提出并使用了自研的端到端深度学习框架（""We propose an end-to-end deep learning framework""），证据片段中未出现任何该研究自身使用的具名第三方非牙科3D软件（如 Mimics、3D Slicer 等），仅提及 PointNet/PointConv 等网络架构。
【软件】: -
【专科】: -
【应用场景】: -
【研究设计】: -"
facescape 3d facial dataset and benchmark for single view 3d face reconstruction,FaceScape: 3D Facial Dataset and Benchmark for Single-View 3D Face Reconstruction,IEEE Transactions on Pattern Analysis and Machine Intelligence,journalArticle,V76TVNA8,Zhu 等 - 2023 - FaceScape 3D Facial Dataset and Benchmark for Single-View 3D Face Reconstruction.pdf,EXCLUDE,该文献主题为计算机视觉领域的3D人脸数据集与重建算法，不属于口腔医学任一学科；且证据片段中未显示该研究自身使用了任何具名第三方非牙科3D软件。,-,-,-,-,"【判定】: EXCLUDE
【判定理由】: 该文献主题为计算机视觉领域的3D人脸数据集与重建算法，不属于口腔医学任一学科；且证据片段中未显示该研究自身使用了任何具名第三方非牙科3D软件。
【软件】: -
【专科】: -
【应用场景】: -
【研究设计】: -"
adaptvr an adaptive learning vr system for dental students training,AdaptVR: An Adaptive Learning VR System for Dental Students Training,2024 International Conference on Computer and Applications (ICCA),conferencePaper,SUJ9NJWN,Sherif 等 - 2024 - AdaptVR An Adaptive Learning VR System for Dental Students Training.pdf,EXCLUDE,"证据显示该研究使用自研算法（""six algorithms... tailored specifically for our ApdatVR frameworks""），仅提及 Unity 3D 用于展示网格，未使用具名第三方非牙科3D软件进行3D数据处理、分析、建模或测量。",-,-,-,-,"【判定】: EXCLUDE
【判定理由】: 证据显示该研究使用自研算法（""six algorithms... tailored specifically for our ApdatVR frameworks""），仅提及 Unity 3D 用于展示网格，未使用具名第三方非牙科3D软件进行3D数据处理、分析、建模或测量。
【软件】: -
【专科】: -
【应用场景】: -
【研究设计】: -"
empowering rural and suburban dental care with open source image processing,Empowering Rural and Suburban Dental Care with Open-Source Image Processing,2023 Seventh International Conference on Image Information Processing (ICIIP),conferencePaper,25UHEYRE,Shukla 等 - 2023 - Empowering Rural and Suburban Dental Care with Open-Source Image Processing.pdf,EXCLUDE,"该文献为会议论文（ICIIP 2023），属于会议摘要/非原创研究类型；且证据中仅泛泛提及""Synopsys simpleware software is used for medical image processing purposes""，未表明是该研究自身在材料与方法中使用。",-,-,-,-,"【判定】: EXCLUDE
【判定理由】: 该文献为会议论文（ICIIP 2023），属于会议摘要/非原创研究类型；且证据中仅泛泛提及""Synopsys simpleware software is used for medical image processing purposes""，未表明是该研究自身在材料与方法中使用。
【软件】: -
【专科】: -
【应用场景】: -
【研究设计】: -"
virtueledent a compact xr tooth cutting training system using a physical emr based dental handpiece and teeth model,VirtuEleDent: A Compact XR Tooth-Cutting Training System Using a Physical EMR-based Dental Handpiece and Teeth Model,2025 IEEE Conference Virtual Reality and 3D User Interfaces (VR),conferencePaper,PA5RZYVZ,Wang 等 - 2025 - VirtuEleDent A Compact XR Tooth-Cutting Training System Using a Physical EMR-based Dental Handpiece.pdf,EXCLUDE,"证据片段显示该研究使用 Unity 进行虚拟环境渲染与训练应用开发（""rendered on Unity""、""our Unity software""），Unity 属于游戏/实时3D引擎而非用于3D数据处理、分析、建模或测量的第三方非牙科3D软件；且该研究核心为自研 EMR 追踪与传感器数据管理软件，未见使用符合纳入标准的具名第三方非牙科3D软件。",-,-,-,-,"【判定】: EXCLUDE
【判定理由】: 证据片段显示该研究使用 Unity 进行虚拟环境渲染与训练应用开发（""rendered on Unity""、""our Unity software""），Unity 属于游戏/实时3D引擎而非用于3D数据处理、分析、建模或测量的第三方非牙科3D软件；且该研究核心为自研 EMR 追踪与传感器数据管理软件，未见使用符合纳入标准的具名第三方非牙科3D软件。
【软件】: -
【专科】: -
【应用场景】: -
【研究设计】: -"
tooth segmentation of dental mesh based on improved region growing,Tooth Segmentation of Dental Mesh Based on Improved Region Growing,2021 IEEE International Conference on Real-time Computing and Robotics (RCAR),conferencePaper,YHB9JYVX,Gu 等 - 2021 - Tooth Segmentation of Dental Mesh Based on Improved Region Growing.pdf,EXCLUDE,"该研究提出的是自研的""improved region growing algorithm""及""multi-level label optimization algorithm""，证据片段中未出现任何具名的第三方非牙科3D软件被该研究自己使用。",-,-,-,-,"【判定】: EXCLUDE
【判定理由】: 该研究提出的是自研的""improved region growing algorithm""及""multi-level label optimization algorithm""，证据片段中未出现任何具名的第三方非牙科3D软件被该研究自己使用。
【软件】: -
【专科】: -
【应用场景】: -
【研究设计】: -"
an automatic method for tooth segmentation from cbct images,An automatic method for tooth segmentation from CBCT images,2025 IEEE 12th Joint International Information Technology and Artificial Intelligence Conference (ITAIC),conferencePaper,6JRF9VV5,Chen和Zhang - 2025 - An automatic method for tooth segmentation from CBCT images.pdf,EXCLUDE,"该研究仅提出基于 V-Net 的自研两阶段分割框架（""a two-stage segmentation framework based on V-Net""），证据片段中未出现任何具名的第三方非牙科3D软件被该研究自己使用。",-,-,-,-,"【判定】: EXCLUDE
【判定理由】: 该研究仅提出基于 V-Net 的自研两阶段分割框架（""a two-stage segmentation framework based on V-Net""），证据片段中未出现任何具名的第三方非牙科3D软件被该研究自己使用。
【软件】: -
【专科】: -
【应用场景】: -
【研究设计】: -"
3d dental biometrics automatic pose invariant dental arch extraction and matching,3D Dental Biometrics: Automatic Pose-invariant Dental Arch Extraction and Matching,2020 25th International Conference on Pattern Recognition (ICPR),conferencePaper,VHPL5MDY,Zhong和Zhang - 2021 - 3D Dental Biometrics Automatic Pose-invariant Dental Arch Extraction and Matching.pdf,EXCLUDE,证据片段仅提及使用 Minolta VIVID 900 激光扫描仪及自研的 Radial Ray Algorithm (RRA)，未出现任何具名的第三方非牙科3D软件被该研究自己使用。,-,-,-,-,"【判定】: EXCLUDE
【判定理由】: 证据片段仅提及使用 Minolta VIVID 900 激光扫描仪及自研的 Radial Ray Algorithm (RRA)，未出现任何具名的第三方非牙科3D软件被该研究自己使用。
【软件】: -
【专科】: -
【应用场景】: -
【研究设计】: -"
efficient computer aided design of dental inlay restoration a deep adversarial framework,Efficient Computer-Aided Design of Dental Inlay Restoration: A Deep Adversarial Framework,IEEE Transactions on Medical Imaging,journalArticle,5TCS8KAX,Tian 等 - 2021 - Efficient Computer-Aided Design of Dental Inlay Restoration A Deep Adversarial Framework.pdf,EXCLUDE,"该研究自行设计了""Deep Adversarial-driven dental Inlay reStoration (DAIS) framework""，属于自研算法/深度学习模型（WGAN），证据片段中未出现任何该研究自己使用的具名第三方非牙科3D软件。",-,-,-,-,"【判定】: EXCLUDE
【判定理由】: 该研究自行设计了""Deep Adversarial-driven dental Inlay reStoration (DAIS) framework""，属于自研算法/深度学习模型（WGAN），证据片段中未出现任何该研究自己使用的具名第三方非牙科3D软件。
【软件】: -
【专科】: -
【应用场景】: -
【研究设计】: -"
segmenting the inferior alveolar canal in cbct volumes the toothfairy challenge,Segmenting the Inferior Alveolar Canal in CBCT Volumes: The ToothFairy Challenge,IEEE Transactions on Medical Imaging,journalArticle,2L78YVVC,Bolelli 等 - 2025 - Segmenting the Inferior Alveolar Canal in CBCTs Volumes The ToothFairy Challenge.pdf,EXCLUDE,该文献为ToothFairy挑战赛的综述性总结论文，描述参与者提出的分割算法并做比较评估，属于综述/挑战赛总结类型，非原创研究；且证据片段中未显示该研究自身在材料与方法中使用任何具名第三方非牙科3D软件。,-,-,-,-,"【判定】: EXCLUDE
【判定理由】: 该文献为ToothFairy挑战赛的综述性总结论文，描述参与者提出的分割算法并做比较评估，属于综述/挑战赛总结类型，非原创研究；且证据片段中未显示该研究自身在材料与方法中使用任何具名第三方非牙科3D软件。
【软件】: -
【专科】: -
【应用场景】: -
【研究设计】: -"
surgnavar an augmented reality surgical navigation framework for optical see through head mounted displays,SurgNavAR: An Augmented Reality Surgical Navigation Framework for Optical See-Through Head Mounted Displays,IEEE Transactions on Visualization and Computer Graphics,journalArticle,KWUMDHWD,Thabit 等 - 2026 - SurgNavAR An Augmented Reality Surgical Navigation Framework for Optical See-Through Head Mounted D.pdf,EXCLUDE,"该研究为自研的 AR 导航框架（""The framework is publicly available at https://github.com/abdullahthabit/SurgNavAR""），证据片段中未出现任何该研究自身使用的具名第三方非牙科3D软件；且主题为通用外科导航（needle insertion、rib fracture localization），不属于口腔医学任一学科。",-,-,-,-,"【判定】: EXCLUDE
【判定理由】: 该研究为自研的 AR 导航框架（""The framework is publicly available at https://github.com/abdullahthabit/SurgNavAR""），证据片段中未出现任何该研究自身使用的具名第三方非牙科3D软件；且主题为通用外科导航（needle insertion、rib fracture localization），不属于口腔医学任一学科。
【软件】: -
【专科】: -
【应用场景】: -
【研究设计】: -"
innovative applications of ai and 3d printing in digital dentistry enhancing accuracy and efficiency in dental care,Innovative Applications of AI and 3D Printing in Digital Dentistry: Enhancing Accuracy and Efficiency in Dental Care,"2024 International Conference on Identification, Information and Knowledge in the Internet of Things (IIKI)",conferencePaper,SYTQBUTQ,Martinez 等 - 2024 - Innovative Applications of AI and 3D Printing in Digital Dentistry Enhancing Accuracy and Efficienc.pdf,EXCLUDE,"证据片段仅描述该研究提出""an AI-enabled framework""和""AI-driven framework for 3D printing modeling""，未提及任何具名的第三方非牙科3D软件被该研究自己使用；且该文献为会议论文（IIKI 2024），属于会议摘要类非原创研究类型。",-,-,-,-,"【判定】: EXCLUDE
【判定理由】: 证据片段仅描述该研究提出""an AI-enabled framework""和""AI-driven framework for 3D printing modeling""，未提及任何具名的第三方非牙科3D软件被该研究自己使用；且该文献为会议论文（IIKI 2024），属于会议摘要类非原创研究类型。
【软件】: -
【专科】: -
【应用场景】: -
【研究设计】: -"
dental disease detection and classification in radiograph images using deep learning model,Dental Disease Detection and Classification in Radiograph Images using Deep Learning Model,"2023 5th International Conference on Advances in Computing, Communication Control and Networking (ICAC3N)",conferencePaper,86Y8P3DG,Kumar 等 - 2023 - Dental Disease Detection and Classification in Radiograph Images using Deep Learning Model.pdf,EXCLUDE,"该研究使用自研深度学习模型（""The Matlab deep learning techniques toolbox is used to create the work""），仅涉及 MATLAB 深度学习工具箱与 Keras，未使用具名的第三方非牙科三维（3D）软件进行3D数据处理、分析、建模或测量。",-,-,-,-,"【判定】: EXCLUDE
【判定理由】: 该研究使用自研深度学习模型（""The Matlab deep learning techniques toolbox is used to create the work""），仅涉及 MATLAB 深度学习工具箱与 Keras，未使用具名的第三方非牙科三维（3D）软件进行3D数据处理、分析、建模或测量。
【软件】: -
【专科】: -
【应用场景】: -
【研究设计】: -"
partial fixed dental prosthesis for additive manufacturing automated build orientation selection and optimization based on deep learning,Partial Fixed Dental Prosthesis for Additive Manufacturing: Automated Build Orientation Selection and Optimization Based on Deep Learning,"2023 IEEE 5th Eurasia Conference on IOT, Communication and Engineering (ECICE)",conferencePaper,NTLBTYWK,Lin 等 - 2023 - Partial Fixed Dental Prosthesis for Additive Manufacturing Automated Build Orientation Selection an.pdf,EXCLUDE,"该研究仅提出自研的三阶段深度学习框架与遗传算法（""a three-stage deep learning framework was proposed in this study""），证据片段中未出现任何该研究自己使用的具名第三方非牙科3D软件，仅泛泛提及""there is software for manual adjustments""及参考文献[11,12,20]。",-,-,-,-,"【判定】: EXCLUDE
【判定理由】: 该研究仅提出自研的三阶段深度学习框架与遗传算法（""a three-stage deep learning framework was proposed in this study""），证据片段中未出现任何该研究自己使用的具名第三方非牙科3D软件，仅泛泛提及""there is software for manual adjustments""及参考文献[11,12,20]。
【软件】: -
【专科】: -
【应用场景】: -
【研究设计】: -"
3d face reconstruction algorithm based on lightweight attention mechanism,3D Face Reconstruction Algorithm Based on Lightweight Attention Mechanism,2024 International Conference on Artificial Intelligence and Digital Technology (ICAIDT),conferencePaper,WRIGRGC8,Shao - 2024 - 3D Face Reconstruction Algorithm Based on Lightweight Attention Mechanism.pdf,EXCLUDE,"该文献为会议论文（ICAIDT 2024），且证据片段仅描述""we developed a three-dimensional face reconstruction algorithm based on light attention""，属于自研算法，未使用任何具名第三方非牙科3D软件；同时主题为计算机视觉领域的3D人脸重建，不属于口腔医学。",-,-,-,-,"【判定】: EXCLUDE
【判定理由】: 该文献为会议论文（ICAIDT 2024），且证据片段仅描述""we developed a three-dimensional face reconstruction algorithm based on light attention""，属于自研算法，未使用任何具名第三方非牙科3D软件；同时主题为计算机视觉领域的3D人脸重建，不属于口腔医学。
【软件】: -
【专科】: -
【应用场景】: -
【研究设计】: -"
advancements in fourth generation endodontic apex locators for enhanced precision in root canal treatments,Advancements in Fourth-Generation Endodontic Apex Locators for Enhanced Precision in Root Canal Treatments,2024 3rd International Congress of Biomedical Engineering and Bioengineering (CIIBBI),conferencePaper,JSGZDD7T,Cavero 等 - 2024 - Advancements in Fourth-Generation Endodontic Apex Locators for Enhanced Precision in Root Canal Trea.pdf,EXCLUDE,"证据片段仅提到""the device housing was designed using CAD software""，未给出任何具名的第三方非牙科3D软件名称；软件部分为自研固件（""Developed in C""）与自编网页界面，不符合纳入标准。",-,-,-,-,"【判定】: EXCLUDE
【判定理由】: 证据片段仅提到""the device housing was designed using CAD software""，未给出任何具名的第三方非牙科3D软件名称；软件部分为自研固件（""Developed in C""）与自编网页界面，不符合纳入标准。
【软件】: -
【专科】: -
【应用场景】: -
【研究设计】: -"
3dcmm 3d comprehensive morphable models with uv unet for accurate head creation,3DCMM: 3D Comprehensive Morphable Models With UV-UNet for Accurate Head Creation,IEEE Transactions on Multimedia,journalArticle,ANNASBNI,Zhang 等 - 2025 - 3DCMM 3D Comprehensive Morphable Models With UV-UNet for Accurate Head Creation.pdf,EXCLUDE,"该研究仅使用自研方法（""our newly developed method of constructing 3D comprehensive morphable models (3DCMM)""及""UV-UNet""），证据片段中未出现任何具名的第三方非牙科3D软件被该研究自己使用。",-,-,-,-,"【判定】: EXCLUDE
【判定理由】: 该研究仅使用自研方法（""our newly developed method of constructing 3D comprehensive morphable models (3DCMM)""及""UV-UNet""），证据片段中未出现任何具名的第三方非牙科3D软件被该研究自己使用。
【软件】: -
【专科】: -
【应用场景】: -
【研究设计】: -"
a method of dental model segmentation based on shortest path,A method of dental model segmentation based on shortest path,2021 IEEE International Conference on Artificial Intelligence and Computer Applications (ICAICA),conferencePaper,U67VEFUR,Wang 等 - 2021 - A method of dental model segmentation based on shortest path.pdf,EXCLUDE,"证据片段仅显示该研究提出并实现了自研的 Dijkstra 最短路径算法（""a new method based on the traditional Dijkstra shortest path algorithm with Sigmoid curvature transformation is proposed""），未提及任何具名的第三方非牙科3D软件被该研究自身使用。",-,-,-,-,"【判定】: EXCLUDE
【判定理由】: 证据片段仅显示该研究提出并实现了自研的 Dijkstra 最短路径算法（""a new method based on the traditional Dijkstra shortest path algorithm with Sigmoid curvature transformation is proposed""），未提及任何具名的第三方非牙科3D软件被该研究自身使用。
【软件】: -
【专科】: -
【应用场景】: -
【研究设计】: -"
3dfacesculptor a common framework for image guided 3d face deformation,3DFaceSculptor: A Common Framework for Image-Guided 3D Face Deformation,IEEE Transactions on Visualization and Computer Graphics,journalArticle,5KGSFDRI,Su 等 - 2025 - 3DFaceSculptor A Common Framework for Image-Guided 3D Face Deformation.pdf,EXCLUDE,"该研究提出的是自研框架""3DFaceSculptor, a general-purpose framework for interactive 3D face editing""，证据片段中未出现任何具名的第三方非牙科3D软件被该研究自己使用。",-,-,-,-,"【判定】: EXCLUDE
【判定理由】: 该研究提出的是自研框架""3DFaceSculptor, a general-purpose framework for interactive 3D face editing""，证据片段中未出现任何具名的第三方非牙科3D软件被该研究自己使用。
【软件】: -
【专科】: -
【应用场景】: -
【研究设计】: -"
advanced teeth instance segmentation using contextual spatial attention and deeper mask head,Advanced Teeth Instance Segmentation Using Contextual Spatial Attention and Deeper Mask Head,2025 IEEE International Conference on Consumer Electronics (ICCE),conferencePaper,ZQ5HLDN3,Bajpai 等 - 2025 - Advanced Teeth Instance Segmentation Using Contextual Spatial Attention and Deeper Mask Head.pdf,EXCLUDE,"该研究提出的是自研框架""Seg-CSAB""，证据片段中仅提及自建深度学习模型（""a novel framework that integrates the CSAB with dilated convolutions""），未使用任何具名第三方非牙科3D软件；且文献类型为IEEE会议论文（会议摘要性质）。",-,-,-,-,"【判定】: EXCLUDE
【判定理由】: 该研究提出的是自研框架""Seg-CSAB""，证据片段中仅提及自建深度学习模型（""a novel framework that integrates the CSAB with dilated convolutions""），未使用任何具名第三方非牙科3D软件；且文献类型为IEEE会议论文（会议摘要性质）。
【软件】: -
【专科】: -
【应用场景】: -
【研究设计】: -"
tooth motion monitoring in orthodontic treatment by mobile device based multi view stereo,Tooth Motion Monitoring in Orthodontic Treatment by Mobile Device-Based Multi-View Stereo,IEEE Transactions on Visualization and Computer Graphics,journalArticle,TH6PYK56,Xie 等 - 2025 - Tooth Motion Monitoring in Orthodontic Treatment by Mobile Device-Based Multi-View Stereo..pdf,EXCLUDE,"证据片段中仅提及 iTero 口内扫描仪和 DM 软件等他人/商业产品，以及""our proposed method""等自研方法，未显示该研究自身使用了任何具名的第三方非牙科3D软件。",-,-,-,-,"【判定】: EXCLUDE
【判定理由】: 证据片段中仅提及 iTero 口内扫描仪和 DM 软件等他人/商业产品，以及""our proposed method""等自研方法，未显示该研究自身使用了任何具名的第三方非牙科3D软件。
【软件】: -
【专科】: -
【应用场景】: -
【研究设计】: -"
assessment of the inner surface roughness of 3d printed dental crowns via optical coherence tomography using a roughness quantification algorithm,Assessment of the Inner Surface Roughness of 3D Printed Dental Crowns via Optical Coherence Tomography Using a Roughness Quantification Algorithm,IEEE Access,journalArticle,V85M8FZ4,Lee 等 - 2020 - Assessment of the Inner Surface Roughness of 3D Printed Dental Crowns via Optical Coherence Tomograp.pdf,INCLUDE,"证据片段显示该研究自身在方法中使用 MATLAB 处理 OCT 图像，如""cross-sectional OCT images were loaded into the MATLAB (R2016a) platform""及""After loading 2D OCT images into the MATLAB (R2016a) platform""。",MATLAB,Prosthodontics,3D data analysis and accuracy assessment,in_vitro,"【判定】: INCLUDE
【判定理由】: 证据片段显示该研究自身在方法中使用 MATLAB 处理 OCT 图像，如""cross-sectional OCT images were loaded into the MATLAB (R2016a) platform""及""After loading 2D OCT images into the MATLAB (R2016a) platform""。
【软件】: MATLAB
【专科】: Prosthodontics
【应用场景】: 3D data analysis and accuracy assessment
【研究设计】: in_vitro"
masked deep embeddings of patches for teeth segmentation in cone beam ct images,Masked Deep Embeddings of Patches for Teeth Segmentation in Cone Beam CT Images,2024 IEEE International Symposium on Biomedical Imaging (ISBI),conferencePaper,A3RPJ5SA,Almalki和Latecki - 2024 - Masked Deep Embeddings of Patches for Teeth Segmentation in Cone Beam CT Images.pdf,EXCLUDE,"该研究提出自研的 DEMAE（deep embedding MAE）自监督学习框架，证据片段中仅见 ""we propose to instead measure the closeness of the predicted deep embeddings"" 等自研算法描述，未使用任何具名第三方非牙科3D软件。",-,-,-,-,"【判定】: EXCLUDE
【判定理由】: 该研究提出自研的 DEMAE（deep embedding MAE）自监督学习框架，证据片段中仅见 ""we propose to instead measure the closeness of the predicted deep embeddings"" 等自研算法描述，未使用任何具名第三方非牙科3D软件。
【软件】: -
【专科】: -
【应用场景】: -
【研究设计】: -"
teeth and jaw segmentation from cbct images using 3d deep learning models,Teeth and Jaw Segmentation from CBCT images Using 3D Deep Learning Models,2022 18th International Computer Engineering Conference (ICENCO),conferencePaper,FAVVAM5K,Abdo 等 - 2022 - Teeth and Jaw Segmentation from CBCT images Using 3D Deep Learning Models.pdf,EXCLUDE,"证据片段显示该研究""use several models to segment each jaw""并采用""Attention Unet model""，属于自研深度学习模型，未提及任何具名第三方非牙科3D软件。",-,-,-,-,"【判定】: EXCLUDE
【判定理由】: 证据片段显示该研究""use several models to segment each jaw""并采用""Attention Unet model""，属于自研深度学习模型，未提及任何具名第三方非牙科3D软件。
【软件】: -
【专科】: -
【应用场景】: -
【研究设计】: -"
research and design of cloud based digital three dimensional scanning system for denture digitization,Research and Design of Cloud-Based Digital Three-Dimensional Scanning System for Denture Digitization,2023 IEEE 3rd International Conference on Data Science and Computer Application (ICDSCA),conferencePaper,MTCKAFRR,Wu - 2023 - Research and Design of Cloud-Based Digital Three-Dimensional Scanning System for Denture Digitizatio.pdf,EXCLUDE,"证据片段仅描述自研的""binocular stereo vision""三维重建方法与""novel calibration method""，未提及任何具名的第三方非牙科3D软件被该研究自己使用。",-,-,-,-,"【判定】: EXCLUDE
【判定理由】: 证据片段仅描述自研的""binocular stereo vision""三维重建方法与""novel calibration method""，未提及任何具名的第三方非牙科3D软件被该研究自己使用。
【软件】: -
【专科】: -
【应用场景】: -
【研究设计】: -"
transdfnet transformer based truncated signed distance fields for the shape design of removable partial denture clasps,TranSDFNet: Transformer-Based Truncated Signed Distance Fields for the Shape Design of Removable Partial Denture Clasps,IEEE Journal of Biomedical and Health Informatics,journalArticle,NN3EPFTW,Shen 等 - 2023 - TranSDFNet Transformer-Based Truncated Signed Distance Fields for the Shape Design of Removable Par.pdf,EXCLUDE,"该研究提出的是自研的 U-shape 网络结合 Transformer 块（""we propose a U-shape network incorporated with Transformer blocks""），属于自研算法/深度学习模型，证据片段中未出现任何该研究自己使用的具名第三方非牙科3D软件。",-,-,-,-,"【判定】: EXCLUDE
【判定理由】: 该研究提出的是自研的 U-shape 网络结合 Transformer 块（""we propose a U-shape network incorporated with Transformer blocks""），属于自研算法/深度学习模型，证据片段中未出现任何该研究自己使用的具名第三方非牙科3D软件。
【软件】: -
【专科】: -
【应用场景】: -
【研究设计】: -"
upper airway segmentation based on the attention mechanism of weak feature regions,Upper Airway Segmentation Based on the Attention Mechanism of Weak Feature Regions,IEEE Access,journalArticle,QDLVNNQA,Wu 等 - 2021 - Upper Airway Segmentation Based on the Attention Mechanism of Weak Feature Regions.pdf,EXCLUDE,"该研究仅使用自研的深度学习算法（""a method based on deep learning is proposed""、""obtain a coarse segmentation result map through 3D U-Net""）及自编的 marching cube 算法，证据片段中未出现任何具名的第三方非牙科3D软件被该研究自己使用。",-,-,-,-,"【判定】: EXCLUDE
【判定理由】: 该研究仅使用自研的深度学习算法（""a method based on deep learning is proposed""、""obtain a coarse segmentation result map through 3D U-Net""）及自编的 marching cube 算法，证据片段中未出现任何具名的第三方非牙科3D软件被该研究自己使用。
【软件】: -
【专科】: -
【应用场景】: -
【研究设计】: -"
archmap arch flattening and knowledge guided vision language model for tooth counting and structured dental understanding,ArchMap: Arch-Flattening and Knowledge-Guided Vision Language Model for Tooth Counting and Structured Dental Understanding,2025 IEEE International Conference on Big Data (BigData),conferencePaper,GFZ3RVCT,Zhang 等 - 2025 - ArchMap Arch-Flattening and Knowledge-Guided Vision Language Model for Tooth Counting and Structure.pdf,EXCLUDE,"证据片段仅泛泛提及""this study likewise uses a deidentified IOS dataset primarily consisting of STL arch meshes""，未出现任何该研究自身使用的具名第三方非牙科3D软件；所提 ArchMap 为自研框架。",-,-,-,-,"【判定】: EXCLUDE
【判定理由】: 证据片段仅泛泛提及""this study likewise uses a deidentified IOS dataset primarily consisting of STL arch meshes""，未出现任何该研究自身使用的具名第三方非牙科3D软件；所提 ArchMap 为自研框架。
【软件】: -
【专科】: -
【应用场景】: -
【研究设计】: -"
3d condyle mamba hybrid u net and mamba with shape priors for tmj condyle segmentation,3D Condyle-Mamba: Hybrid U-Net and Mamba with Shape Priors for TMJ Condyle Segmentation,2025 International Conference on Virtual Reality and Visualization (ICVRV),conferencePaper,4HHZUW3L,Song 等 - 2025 - 3D Condyle-Mamba Hybrid U-Net and Mamba with Shape Priors for TMJ Condyle Segmentation.pdf,EXCLUDE,"证据片段显示该研究提出的是自研混合架构""3D Condyle-Mamba, a hybrid architecture combining U-Net, Mamba state space models, and shape priors""，属于自建深度学习模型，未使用任何具名第三方非牙科3D软件。",-,-,-,-,"【判定】: EXCLUDE
【判定理由】: 证据片段显示该研究提出的是自研混合架构""3D Condyle-Mamba, a hybrid architecture combining U-Net, Mamba state space models, and shape priors""，属于自建深度学习模型，未使用任何具名第三方非牙科3D软件。
【软件】: -
【专科】: -
【应用场景】: -
【研究设计】: -"
single bone modeler deep learning bone segmentation for cone beam ct,Single Bone Modeler: deep learning bone segmentation for cone-beam CT,2024 46th Annual International Conference of the IEEE Engineering in Medicine and Biology Society (EMBC),conferencePaper,NPAKCEJN,Tiribilli 等 - 2024 - Single Bone Modeler deep learning bone segmentation for cone-beam CT.pdf,EXCLUDE,"该研究仅开发并使用自研的深度学习架构（""a dedicated U-Net architecture is developed and compared to a SegNet""），未使用任何具名的第三方非牙科3D软件；且证据片段中无任何第三方软件名。",-,-,-,-,"【判定】: EXCLUDE
【判定理由】: 该研究仅开发并使用自研的深度学习架构（""a dedicated U-Net architecture is developed and compared to a SegNet""），未使用任何具名的第三方非牙科3D软件；且证据片段中无任何第三方软件名。
【软件】: -
【专科】: -
【应用场景】: -
【研究设计】: -"
anatomical deep learning analysis for automated detection of dental caries a novel approach,Anatomical Deep Learning Analysis for Automated Detection of Dental Caries: A Novel Approach,2024 Ninth International Conference on Science Technology Engineering and Mathematics (ICONSTEM),conferencePaper,EERIYCIP,Sinthia 等 - 2024 - Anatomical Deep Learning Analysis for Automated Detection of Dental Caries A Novel Approach.pdf,EXCLUDE,该研究使用自研 CNN 深度学习模型进行龋齿分类，仅用 MATLAB 做图像处理与硬件通信，MATLAB 并非用于3D数据的处理/分析/建模/测量，且证据中未见任何具名第三方非牙科3D软件被该研究自身用于3D处理。,-,-,-,-,"【判定】: EXCLUDE
【判定理由】: 该研究使用自研 CNN 深度学习模型进行龋齿分类，仅用 MATLAB 做图像处理与硬件通信，MATLAB 并非用于3D数据的处理/分析/建模/测量，且证据中未见任何具名第三方非牙科3D软件被该研究自身用于3D处理。
【软件】: -
【专科】: -
【应用场景】: -
【研究设计】: -"
simultaneous reconstruction and tracking for motion correction in image guided surgery,Simultaneous Reconstruction and Tracking for Motion Correction in Image Guided Surgery,IEEE Transactions on Biomedical Engineering,journalArticle,IIUX7N4E,Zheng 等 - 2025 - Simultaneous Reconstruction and Tracking for Motion Correction in Image Guided Surgery.pdf,EXCLUDE,"证据片段仅描述该研究自研的""simultaneous reconstruction and tracking framework""及相位偏移条纹投影方法，未出现任何具名第三方非牙科3D软件被该研究自己使用；且主题为图像引导手术的光学跟踪，非口腔医学。",-,-,-,-,"【判定】: EXCLUDE
【判定理由】: 证据片段仅描述该研究自研的""simultaneous reconstruction and tracking framework""及相位偏移条纹投影方法，未出现任何具名第三方非牙科3D软件被该研究自己使用；且主题为图像引导手术的光学跟踪，非口腔医学。
【软件】: -
【专科】: -
【应用场景】: -
【研究设计】: -"
investigating the extension of self supervised learning algorithms to 3d medical and dental image applications,Investigating the Extension of Self Supervised Learning Algorithms to 3D Medical and Dental Image Applications,2025 4th OPJU International Technology Conference (OTCON) on Smart Computing for Innovation and Advancement in Industry 5.0,conferencePaper,BXJILH7G,Maiti 等 - 2025 - Investigating the Extension of Self Supervised Learning Algorithms to 3D Medical and Dental Image Ap.pdf,EXCLUDE,"证据片段仅描述自研的自监督学习算法与自建""3D U-Net architecture""，未提及任何具名的第三方非牙科3D软件被该研究自己使用。",-,-,-,-,"【判定】: EXCLUDE
【判定理由】: 证据片段仅描述自研的自监督学习算法与自建""3D U-Net architecture""，未提及任何具名的第三方非牙科3D软件被该研究自己使用。
【软件】: -
【专科】: -
【应用场景】: -
【研究设计】: -"
self supervised learning with masked autoencoders for teeth segmentation from intra oral 3d scans,Self-Supervised Learning with Masked Autoencoders for Teeth Segmentation from Intra-oral 3D Scans,2024 IEEE/CVF Winter Conference on Applications of Computer Vision (WACV),conferencePaper,2AL3VIDT,Almalki和Latecki - 2024 - Self-Supervised Learning with Masked Autoencoders for Teeth Segmentation from Intra-oral 3D Scans.pdf,EXCLUDE,"该研究提出的是自研的 DentalMAE 自监督学习框架（""This study extends the self-supervised learning framework of the mesh masked autoencoder (MeshMAE) transformer""），属于自研算法/代码，证据片段中未出现任何该研究自己使用的具名第三方非牙科3D软件。",-,-,-,-,"【判定】: EXCLUDE
【判定理由】: 该研究提出的是自研的 DentalMAE 自监督学习框架（""This study extends the self-supervised learning framework of the mesh masked autoencoder (MeshMAE) transformer""），属于自研算法/代码，证据片段中未出现任何该研究自己使用的具名第三方非牙科3D软件。
【软件】: -
【专科】: -
【应用场景】: -
【研究设计】: -"
realistic 3d human avatar creation for metaverse,Realistic 3D Human Avatar Creation for Metaverse,"2025 22nd International Conference on Electrical Engineering/Electronics, Computer, Telecommunications and Information Technology (ECTI-CON)",conferencePaper,MUGR4YEY,Paing 等 - 2025 - Realistic 3D Human Avatar Creation for Metaverse.pdf,EXCLUDE,该研究主题为元宇宙3D虚拟人创建，不属于口腔医学任一学科；且证据中仅提及自研/深度学习算法 PRNet，未使用具名第三方非牙科3D软件。,-,-,-,-,"【判定】: EXCLUDE
【判定理由】: 该研究主题为元宇宙3D虚拟人创建，不属于口腔医学任一学科；且证据中仅提及自研/深度学习算法 PRNet，未使用具名第三方非牙科3D软件。
【软件】: -
【专科】: -
【应用场景】: -
【研究设计】: -"
mvdc a multi view dental completion model based on contrastive learning,MVDC : A Multi-view Dental Completion Model Based on Contrastive Learning,"ICASSP 2025 - 2025 IEEE International Conference on Acoustics, Speech and Signal Processing (ICASSP)",conferencePaper,882UEMTA,Yang 等 - 2025 - MVDC  A Multi-view Dental Completion Model Based on Contrastive Learning.pdf,EXCLUDE,"该研究提出的是自研的深度学习框架 MVDC（""we propose a multi-view crown restoration framework MVDC based on contrastive learning""），证据片段中未出现任何该研究自己使用的具名第三方非牙科3D软件，仅泛泛提及""some CAD software available for auxiliary design""。",-,-,-,-,"【判定】: EXCLUDE
【判定理由】: 该研究提出的是自研的深度学习框架 MVDC（""we propose a multi-view crown restoration framework MVDC based on contrastive learning""），证据片段中未出现任何该研究自己使用的具名第三方非牙科3D软件，仅泛泛提及""some CAD software available for auxiliary design""。
【软件】: -
【专科】: -
【应用场景】: -
【研究设计】: -"
towards reliable 3d face reconstruction from voice evaluating the consistency between regression metrics and ssim,Towards Reliable 3D Face Reconstruction from Voice: Evaluating the Consistency between Regression Metrics and SSIM,"2025 International Conference on Smart Computing, IoT and Machine Learning (SIML)",conferencePaper,TV7FIHW6,Rumaksari 等 - 2025 - Towards Reliable 3D Face Reconstruction from Voice Evaluating the Consistency between Regression Me.pdf,EXCLUDE,该研究仅使用自研深度学习架构（MLP、VAE、Transformer）进行语音驱动的3D人脸重建，证据片段中未出现任何具名的第三方非牙科3D软件被该研究自己使用；且主题为语音驱动人脸重建，不属于口腔医学。,-,-,-,-,"【判定】: EXCLUDE
【判定理由】: 该研究仅使用自研深度学习架构（MLP、VAE、Transformer）进行语音驱动的3D人脸重建，证据片段中未出现任何具名的第三方非牙科3D软件被该研究自己使用；且主题为语音驱动人脸重建，不属于口腔医学。
【软件】: -
【专科】: -
【应用场景】: -
【研究设计】: -"
automatic detection of tooth gingiva trim lines on dental surfaces,Automatic Detection of Tooth-Gingiva Trim Lines on Dental Surfaces,IEEE Transactions on Medical Imaging,journalArticle,NECU8DQL,Chen 等 - 2023 - Automatic Detection of Tooth-Gingiva Trim Lines on Dental Surfaces.pdf,EXCLUDE,"证据片段仅显示该研究提出自研的深度学习框架（""we propose a two-stage geometric deep learning framework""、""our TLP-Net and TLR-Net""），未提及任何具名的第三方非牙科3D软件被该研究自身使用。",-,-,-,-,"【判定】: EXCLUDE
【判定理由】: 证据片段仅显示该研究提出自研的深度学习框架（""we propose a two-stage geometric deep learning framework""、""our TLP-Net and TLR-Net""），未提及任何具名的第三方非牙科3D软件被该研究自身使用。
【软件】: -
【专科】: -
【应用场景】: -
【研究设计】: -"
segmenting maxillofacial structures in cbct volumes,Segmenting Maxillofacial Structures in CBCT Volumes,2025 IEEE/CVF Conference on Computer Vision and Pattern Recognition (CVPR),conferencePaper,BY9DJMI6,Bolelli 等 - 2025 - Segmenting Maxillofacial Structures in CBCT Volumes.pdf,EXCLUDE,"该研究仅使用自研/深度学习框架（""adaptations to the nnU-Net framework""）进行分割，证据片段中未出现任何具名的第三方非牙科3D软件被该研究自己使用。",-,-,-,-,"【判定】: EXCLUDE
【判定理由】: 该研究仅使用自研/深度学习框架（""adaptations to the nnU-Net framework""）进行分割，证据片段中未出现任何具名的第三方非牙科3D软件被该研究自己使用。
【软件】: -
【专科】: -
【应用场景】: -
【研究设计】: -"
feature fusion enhancement a novel solution for 2d 3d reconstruction in feature uniform contexts,Feature Fusion-Enhancement: A Novel Solution for 2D-3D Reconstruction in Feature-Uniform Contexts,2025 IEEE 20th Conference on Industrial Electronics and Applications (ICIEA),conferencePaper,7U3ZWC26,Wang 等 - 2025 - Feature Fusion-Enhancement A Novel Solution for 2D-3D Reconstruction in Feature-Uniform Contexts.pdf,EXCLUDE,"该研究提出的是自研算法（""EESD-H (Edge-Enhanced SIFT with Hue Descriptor) algorithm""、""weighted EPnP-WGN algorithm""、""PatchMatch Stereo algorithm""），证据片段中未出现任何该研究自己使用的具名第三方非牙科3D软件。",-,-,-,-,"【判定】: EXCLUDE
【判定理由】: 该研究提出的是自研算法（""EESD-H (Edge-Enhanced SIFT with Hue Descriptor) algorithm""、""weighted EPnP-WGN algorithm""、""PatchMatch Stereo algorithm""），证据片段中未出现任何该研究自己使用的具名第三方非牙科3D软件。
【软件】: -
【专科】: -
【应用场景】: -
【研究设计】: -"
a point based neural network for real scenario deformation prediction in additive manufacturing,A Point-Based Neural Network for Real-Scenario Deformation Prediction in Additive Manufacturing,2022 IEEE 18th International Conference on Automation Science and Engineering (CASE),conferencePaper,ARZKEJSM,Zhao 等 - 2022 - A Point-Based Neural Network for Real-Scenario Deformation Prediction in Additive Manufacturing.pdf,EXCLUDE,"该研究提出的是自研的 point-based deep neural network（""we propose a point-based deep neural network""），证据片段中未出现任何该研究自己使用的具名第三方非牙科3D软件。",-,-,-,-,"【判定】: EXCLUDE
【判定理由】: 该研究提出的是自研的 point-based deep neural network（""we propose a point-based deep neural network""），证据片段中未出现任何该研究自己使用的具名第三方非牙科3D软件。
【软件】: -
【专科】: -
【应用场景】: -
【研究设计】: -"
the precise 3d reconstruction of human faces based on 2d photograph,The Precise 3D Reconstruction of Human Faces Based on 2D Photograph,2023 IEEE 13th Annual Computing and Communication Workshop and Conference (CCWC),conferencePaper,RD6I3HU8,Suo - 2023 - The Precise 3D Reconstruction of Human Faces Based on 2D Photograph.pdf,EXCLUDE,"该文献主题为计算机视觉领域的人脸3D重建，不属于口腔医学任一学科；且证据片段中仅泛泛列举了OpenMVG、Regard3D、VisualSFM等""Similar Tools""，未显示该研究自身在材料与方法中使用某一具名第三方非牙科3D软件。",-,-,-,-,"【判定】: EXCLUDE
【判定理由】: 该文献主题为计算机视觉领域的人脸3D重建，不属于口腔医学任一学科；且证据片段中仅泛泛列举了OpenMVG、Regard3D、VisualSFM等""Similar Tools""，未显示该研究自身在材料与方法中使用某一具名第三方非牙科3D软件。
【软件】: -
【专科】: -
【应用场景】: -
【研究设计】: -"
face analyzer 3d automatic facial profile detection and occlusion classification for dental purposes,Face analyzer 3D: Automatic facial profile detection and occlusion classification for dental purposes,"2022 2nd International Mobile, Intelligent, and Ubiquitous Computing Conference (MIUCC)",conferencePaper,UZID4KPU,Elmaraghy 等 - 2022 - Face analyzer 3D Automatic facial profile detection and occlusion classification for dental purpose.pdf,EXCLUDE,"证据片段仅显示该研究使用自研的深度学习模型（""it uses a deep learning model to detect 3D facial landmarks""）进行3D重建与分析，未提及任何具名的第三方非牙科3D软件被该研究自己使用。",-,-,-,-,"【判定】: EXCLUDE
【判定理由】: 证据片段仅显示该研究使用自研的深度学习模型（""it uses a deep learning model to detect 3D facial landmarks""）进行3D重建与分析，未提及任何具名的第三方非牙科3D软件被该研究自己使用。
【软件】: -
【专科】: -
【应用场景】: -
【研究设计】: -"
smartdent ai ai driven diagnosis and treatment solutions,SmartDent AI:AI-Driven Diagnosis and Treatment Solutions,2025 Global Conference in Emerging Technology (GINOTECH),conferencePaper,EZ79TJS5,Yavalkar 等 - 2025 - SmartDent AIAI-Driven Diagnosis and Treatment Solutions.pdf,EXCLUDE,"该研究仅使用自研深度学习模型（""MobileNetV2 for disease detection, U-Net for image segmentation, and Pix2Pix for orthodontic treatment simulations""），未使用任何具名的第三方非牙科3D软件；且文献类型为会议论文（GINOTECH 2025）。",-,-,-,-,"【判定】: EXCLUDE
【判定理由】: 该研究仅使用自研深度学习模型（""MobileNetV2 for disease detection, U-Net for image segmentation, and Pix2Pix for orthodontic treatment simulations""），未使用任何具名的第三方非牙科3D软件；且文献类型为会议论文（GINOTECH 2025）。
【软件】: -
【专科】: -
【应用场景】: -
【研究设计】: -"
deep segmentation of the mandibular canal a new 3d annotated dataset of cbct volumes,Deep Segmentation of the Mandibular Canal: A New 3D Annotated Dataset of CBCT Volumes,IEEE Access,journalArticle,XL7QKKBG,Cipriano 等 - 2022 - Deep Segmentation of the Mandibular Canal A New 3D Annotated Dataset of CBCT Volumes.pdf,EXCLUDE,"该研究仅使用自研深度学习算法（""employing deep learning techniques""、""The source code which allows to exactly reproduce all the reported experiments is released as an open-source project""），证据片段中未出现任何该研究自己使用的具名第三方非牙科3D软件。",-,-,-,-,"【判定】: EXCLUDE
【判定理由】: 该研究仅使用自研深度学习算法（""employing deep learning techniques""、""The source code which allows to exactly reproduce all the reported experiments is released as an open-source project""），证据片段中未出现任何该研究自己使用的具名第三方非牙科3D软件。
【软件】: -
【专科】: -
【应用场景】: -
【研究设计】: -"
example guided 3d human face reconstruction from sparse landmarks,Example-guided 3D Human Face Reconstruction from Sparse Landmarks,2021 International Conference on Cyberworlds (CW),conferencePaper,ER92BPSX,Yuan 等 - 2021 - Example-guided 3D Human Face Reconstruction from Sparse Landmarks.pdf,EXCLUDE,"该研究提出的是自研的 example-guided 重建方法与映射算法（""An effective mapping algorithm is devised to learn the transformation relation from landmarks to 3D face shapes""），证据片段中未出现任何该研究自己使用的具名第三方非牙科3D软件。",-,-,-,-,"【判定】: EXCLUDE
【判定理由】: 该研究提出的是自研的 example-guided 重建方法与映射算法（""An effective mapping algorithm is devised to learn the transformation relation from landmarks to 3D face shapes""），证据片段中未出现任何该研究自己使用的具名第三方非牙科3D软件。
【软件】: -
【专科】: -
【应用场景】: -
【研究设计】: -"
htcnet hierarchical point graph tooth point cloud completion with image assistance,HTCNet: Hierarchical Point-Graph Tooth Point Cloud Completion with Image Assistance,IEEE Transactions on Circuits and Systems for Video Technology,journalArticle,9SFRR636,Niu 等 - 2026 - HTCNet Hierarchical Point-Graph Tooth Point Cloud Completion with Image Assistance.pdf,EXCLUDE,"证据片段显示该研究提出的是自研网络""HTCNet""（""we propose a Hierarchical Tooth Completion Network(HTCNet)""），并称""Source code will be available at: https://github.com/labiip/HTCNet""，属于自研算法/代码，未使用任何具名的第三方非牙科3D软件。",-,-,-,-,"【判定】: EXCLUDE
【判定理由】: 证据片段显示该研究提出的是自研网络""HTCNet""（""we propose a Hierarchical Tooth Completion Network(HTCNet)""），并称""Source code will be available at: https://github.com/labiip/HTCNet""，属于自研算法/代码，未使用任何具名的第三方非牙科3D软件。
【软件】: -
【专科】: -
【应用场景】: -
【研究设计】: -"
simulation of postoperative facial appearances via geometric deep learning for efficient orthognathic surgical planning,Simulation of Postoperative Facial Appearances via Geometric Deep Learning for Efficient Orthognathic Surgical Planning,IEEE Transactions on Medical Imaging,journalArticle,K76EFK8M,Ma 等 - 2023 - Simulation of Postoperative Facial Appearances via Geometric Deep Learning for Efficient Orthognathi.pdf,EXCLUDE,"该研究提出的是自研的深度学习框架""FSC-Net""（""we introduce a facial shape change prediction network (FSC-Net)""），证据片段中未出现任何该研究自己使用的具名第三方非牙科3D软件。",-,-,-,-,"【判定】: EXCLUDE
【判定理由】: 该研究提出的是自研的深度学习框架""FSC-Net""（""we introduce a facial shape change prediction network (FSC-Net)""），证据片段中未出现任何该研究自己使用的具名第三方非牙科3D软件。
【软件】: -
【专科】: -
【应用场景】: -
【研究设计】: -"
automatic 3d digital dental landmark based on point transformation weight,Automatic 3D Digital Dental Landmark Based on Point Transformation Weight,2023 International Conference on Artificial Intelligence in Information and Communication (ICAIIC),conferencePaper,CCHDS9W2,Triarjo 等 - 2023 - Automatic 3D Digital Dental Landmark Based on Point Transformation Weight.pdf,EXCLUDE,"证据片段仅描述该研究自研的""deep learning combined with weighted mesh points""方法，未出现任何具名的第三方非牙科3D软件被该研究自己使用。",-,-,-,-,"【判定】: EXCLUDE
【判定理由】: 证据片段仅描述该研究自研的""deep learning combined with weighted mesh points""方法，未出现任何具名的第三方非牙科3D软件被该研究自己使用。
【软件】: -
【专科】: -
【应用场景】: -
【研究设计】: -"
refined individual tooth segmentation from cone beam ct images,Refined Individual Tooth Segmentation from Cone Beam CT Images,2024 IEEE International Symposium on Biomedical Imaging (ISBI),conferencePaper,EEDABI9Y,Zheng 等 - 2024 - Refined Individual Tooth Segmentation from Cone Beam CT Images.pdf,EXCLUDE,"该研究提出的是自研的""coarse-to-fine segmentation framework""（含 embedding grouping network、Tripartite Fusion Module 等自建模块），证据片段中未出现任何该研究自己使用的具名第三方非牙科3D软件。",-,-,-,-,"【判定】: EXCLUDE
【判定理由】: 该研究提出的是自研的""coarse-to-fine segmentation framework""（含 embedding grouping network、Tripartite Fusion Module 等自建模块），证据片段中未出现任何该研究自己使用的具名第三方非牙科3D软件。
【软件】: -
【专科】: -
【应用场景】: -
【研究设计】: -"
instantaneous and markerless registration for mandible reconstruction robot with fibular holder,Instantaneous and Markerless Registration for Mandible Reconstruction Robot With Fibular Holder,IEEE Transactions on Medical Robotics and Bionics,journalArticle,YUGFZPB8,Hu 等 - 2025 - Instantaneous and Markerless Registration for Mandible Reconstruction Robot With Fibular Holder.pdf,EXCLUDE,"抽取的证据片段仅涉及自研的配准算法（""an instantaneous and markerless registration based on the fibular holder is proposed""），未出现任何具名的第三方非牙科3D软件被该研究自己使用。",-,-,-,-,"【判定】: EXCLUDE
【判定理由】: 抽取的证据片段仅涉及自研的配准算法（""an instantaneous and markerless registration based on the fibular holder is proposed""），未出现任何具名的第三方非牙科3D软件被该研究自己使用。
【软件】: -
【专科】: -
【应用场景】: -
【研究设计】: -"
3d facial tracking and user authentication through lightweight single ear biosensors,3D Facial Tracking and User Authentication Through Lightweight Single-Ear Biosensors,IEEE Transactions on Mobile Computing,journalArticle,GSFURB8J,Wu 等 - 2025 - 3D Facial Tracking and User Authentication Through Lightweight Single-Ear Biosensors.pdf,EXCLUDE,"该文献属于移动计算/可穿戴生物传感领域，主题不属于口腔医学任一学科；证据片段中仅涉及自研的跨模态迁移学习模型（""cross-modal transfer learning model""），未使用任何具名第三方非牙科3D软件。",-,-,-,-,"【判定】: EXCLUDE
【判定理由】: 该文献属于移动计算/可穿戴生物传感领域，主题不属于口腔医学任一学科；证据片段中仅涉及自研的跨模态迁移学习模型（""cross-modal transfer learning model""），未使用任何具名第三方非牙科3D软件。
【软件】: -
【专科】: -
【应用场景】: -
【研究设计】: -"
maxillary sinus disease detection and analysis approaches in deep learning survey,Maxillary Sinus Disease Detection and Analysis Approaches in Deep Learning: Survey,2024 International Conference on Cognitive Robotics and Intelligent Systems (ICC - ROBINS),conferencePaper,G7XDUFQV,Vimala和Preethi - 2024 - Maxillary Sinus Disease Detection and Analysis Approaches in Deep Learning Survey.pdf,EXCLUDE,"该文献为文献综述（题名含""Survey""，摘要自述""literature survey""），且证据片段中提及的算法（如fuzzy C-mean、level set）均为被引他人研究，未显示该研究自身使用任何具名第三方非牙科3D软件。",-,-,-,-,"【判定】: EXCLUDE
【判定理由】: 该文献为文献综述（题名含""Survey""，摘要自述""literature survey""），且证据片段中提及的算法（如fuzzy C-mean、level set）均为被引他人研究，未显示该研究自身使用任何具名第三方非牙科3D软件。
【软件】: -
【专科】: -
【应用场景】: -
【研究设计】: -"
3d single tooth reconstruction via curriculum learning and topology aware generation,3D Single-Tooth Reconstruction via Curriculum Learning and Topology-aware Generation,IEEE Journal of Biomedical and Health Informatics,journalArticle,USUBE7IV,Niu 等 - 2026 - 3D Single-Tooth Reconstruction via Curriculum Learning and Topology-aware Generation..pdf,EXCLUDE,"该研究提出的是自研的 Tooth-STR 生成框架（""we propose Tooth-STR, a hierarchical generative framework""），证据片段中未出现任何该研究自己使用的具名第三方非牙科3D软件，仅泛泛提及 ""Computer-Aided Design (CAD) software""。",-,-,-,-,"【判定】: EXCLUDE
【判定理由】: 该研究提出的是自研的 Tooth-STR 生成框架（""we propose Tooth-STR, a hierarchical generative framework""），证据片段中未出现任何该研究自己使用的具名第三方非牙科3D软件，仅泛泛提及 ""Computer-Aided Design (CAD) software""。
【软件】: -
【专科】: -
【应用场景】: -
【研究设计】: -"
3d face geometry enhancement a self supervised framework,3D Face Geometry Enhancement: A Self-Supervised Framework,2025 IEEE International Workshop on Radio Frequency and Antenna Technologies (iWRF&AT),conferencePaper,7GXKSU8K,Zhang 等 - 2025 - 3D Face Geometry Enhancement A Self-Supervised Framework.pdf,EXCLUDE,"该研究采用自监督学习框架（""our study employs a self-supervised learning framework""），仅使用自研网络与HIFI3D++模型，证据片段中未出现任何该研究自己使用的具名第三方非牙科3D软件。",-,-,-,-,"【判定】: EXCLUDE
【判定理由】: 该研究采用自监督学习框架（""our study employs a self-supervised learning framework""），仅使用自研网络与HIFI3D++模型，证据片段中未出现任何该研究自己使用的具名第三方非牙科3D软件。
【软件】: -
【专科】: -
【应用场景】: -
【研究设计】: -"
localization of craniomaxillofacial landmarks on cbct images using 3d mask r cnn and local dependency learning,Localization of Craniomaxillofacial Landmarks on CBCT Images Using 3D Mask R-CNN and Local Dependency Learning,IEEE Transactions on Medical Imaging,journalArticle,VDZWG6NT,Lang 等 - 2022 - Localization of Craniomaxillofacial Landmarks on CBCT Images Using 3D Mask R-CNN and Local Dependenc.pdf,EXCLUDE,"该研究仅提出并使用自研的深度学习框架（""we propose a deep learning framework""、""extends Mask R-CNN""），证据片段中未出现任何该研究自己使用的具名第三方非牙科3D软件。",-,-,-,-,"【判定】: EXCLUDE
【判定理由】: 该研究仅提出并使用自研的深度学习框架（""we propose a deep learning framework""、""extends Mask R-CNN""），证据片段中未出现任何该研究自己使用的具名第三方非牙科3D软件。
【软件】: -
【专科】: -
【应用场景】: -
【研究设计】: -"
single view 3d face reconstruction method with multi scale feature fusion encoder,Single-View 3D Face Reconstruction Method With Multi-Scale Feature Fusion Encoder,IEEE Access,journalArticle,87S2K99H,Sun 等 - 2025 - Single-View 3D Face Reconstruction Method With Multi-Scale Feature Fusion Encoder.pdf,EXCLUDE,"该研究提出的是自研的""single-view 3D face reconstruction method based on a multi-scale feature fusion encoder""，属于自建深度学习网络/算法，证据片段中未出现任何该研究自己使用的具名第三方非牙科3D软件。",-,-,-,-,"【判定】: EXCLUDE
【判定理由】: 该研究提出的是自研的""single-view 3D face reconstruction method based on a multi-scale feature fusion encoder""，属于自建深度学习网络/算法，证据片段中未出现任何该研究自己使用的具名第三方非牙科3D软件。
【软件】: -
【专科】: -
【应用场景】: -
【研究设计】: -"
quality evaluation of intraoral scanners using reverse engineered scan body,Quality Evaluation of Intraoral Scanners Using Reverse-Engineered Scan Body,IEEE Sensors Journal,journalArticle,6833KBVL,Akulauskas 等 - 2025 - Quality Evaluation of Intraoral Scanners Using Reverse-Engineered Scan Body.pdf,EXCLUDE,抽取的证据片段仅泛泛提及CAD/CAM系统与逆向工程工作流程，未出现任何该研究自身使用的具名第三方非牙科3D软件（如Geomagic、GOM Inspect等）名称。,-,-,-,-,"【判定】: EXCLUDE
【判定理由】: 抽取的证据片段仅泛泛提及CAD/CAM系统与逆向工程工作流程，未出现任何该研究自身使用的具名第三方非牙科3D软件（如Geomagic、GOM Inspect等）名称。
【软件】: -
【专科】: -
【应用场景】: -
【研究设计】: -"
design and development of hybrid artificial intelligence enabled virtual reality for digital inheritance and protection of intangible cultural heritage,Design and Development of Hybrid Artificial Intelligence-Enabled Virtual Reality for Digital Inheritance and Protection of Intangible Cultural Heritage,2025 International Conference on Intelligent Communication Networks and Computational Techniques (ICICNCT),conferencePaper,RUNVK5DH,Zhu - 2025 - Design and Development of Hybrid Artificial Intelligence-Enabled Virtual Reality for Digital Inherit.pdf,EXCLUDE,该文献主题为非物质文化遗产的数字化保护（VR/STAGCN算法），不属于口腔医学任一学科；且证据片段中仅提及自研的STAGCN算法，未使用任何具名第三方非牙科3D软件。,-,-,-,-,"【判定】: EXCLUDE
【判定理由】: 该文献主题为非物质文化遗产的数字化保护（VR/STAGCN算法），不属于口腔医学任一学科；且证据片段中仅提及自研的STAGCN算法，未使用任何具名第三方非牙科3D软件。
【软件】: -
【专科】: -
【应用场景】: -
【研究设计】: -"
segmentation of anterior tissues in craniofacial cone beam ct images,Segmentation of Anterior Tissues in Craniofacial Cone-Beam CT Images,2020 IEEE 33rd International Symposium on Computer-Based Medical Systems (CBMS),conferencePaper,87WQATRY,Misra 等 - 2020 - Segmentation of Anterior Tissues in Craniofacial Cone-Beam CT Images.pdf,EXCLUDE,"证据片段仅描述该研究""combining a selected set of 2D image processing techniques""进行自动分割，未提及任何具名的第三方非牙科3D软件；且该文献为IEEE CBMS会议论文（会议摘要/论文），不符合原创研究类型要求。",-,-,-,-,"【判定】: EXCLUDE
【判定理由】: 证据片段仅描述该研究""combining a selected set of 2D image processing techniques""进行自动分割，未提及任何具名的第三方非牙科3D软件；且该文献为IEEE CBMS会议论文（会议摘要/论文），不符合原创研究类型要求。
【软件】: -
【专科】: -
【应用场景】: -
【研究设计】: -"
geometry aware attenuation learning for sparse view cbct reconstruction,Geometry-Aware Attenuation Learning for Sparse-View CBCT Reconstruction,IEEE Transactions on Medical Imaging,journalArticle,ACDPQ8WA,Liu 等 - 2025 - Geometry-Aware Attenuation Learning for Sparse-View CBCT Reconstruction.pdf,EXCLUDE,"该研究提出的是自研的""geometry-aware encoder-decoder framework""（""we introduce a novel geometry-aware encoder-decoder framework""），属于自研算法/深度学习模型，证据片段中未出现任何该研究自己使用的具名第三方非牙科3D软件。",-,-,-,-,"【判定】: EXCLUDE
【判定理由】: 该研究提出的是自研的""geometry-aware encoder-decoder framework""（""we introduce a novel geometry-aware encoder-decoder framework""），属于自研算法/深度学习模型，证据片段中未出现任何该研究自己使用的具名第三方非牙科3D软件。
【软件】: -
【专科】: -
【应用场景】: -
【研究设计】: -"
comparative analysis of cnn architectures for enhancing oral cancer detection using advanced image processing techniques,Comparative Analysis of CNN Architectures for Enhancing Oral Cancer Detection Using Advanced Image Processing Techniques,"2024 8th International Conference on Computing, Communication, Control and Automation (ICCUBEA)",conferencePaper,6LX67ZM8,Rathi 等 - 2024 - Comparative Analysis of CNN Architectures for Enhancing Oral Cancer Detection Using Advanced Image P.pdf,EXCLUDE,该研究仅使用自研/自建的 CNN 架构（VGG19、ResNet50、ResNet101 及标准 CNN 模型）进行口腔癌检测，证据片段中未出现任何具名的第三方非牙科3D软件被该研究自己使用。,-,-,-,-,"【判定】: EXCLUDE
【判定理由】: 该研究仅使用自研/自建的 CNN 架构（VGG19、ResNet50、ResNet101 及标准 CNN 模型）进行口腔癌检测，证据片段中未出现任何具名的第三方非牙科3D软件被该研究自己使用。
【软件】: -
【专科】: -
【应用场景】: -
【研究设计】: -"
balancing speed and accuracy a mouth eye 3d keypoints alignment framework for large poses,Balancing Speed and Accuracy: A Mouth-Eye 3D Keypoints Alignment Framework for Large Poses,IEEE Access,journalArticle,VZLM6VC3,Cui 等 - 2026 - Balancing Speed and Accuracy A Mouth-Eye 3D Keypoints Alignment Framework for Large Poses.pdf,EXCLUDE,该研究主题为面部嘴眼关键点对齐与疲劳检测，不属于口腔医学任一学科；且证据中仅提及自研框架（3D-KAME、MobileNetV3、KGSA）及被引用的 MediaPipe Face Mesh，未显示该研究自身使用具名第三方非牙科3D软件。,-,-,-,-,"【判定】: EXCLUDE
【判定理由】: 该研究主题为面部嘴眼关键点对齐与疲劳检测，不属于口腔医学任一学科；且证据中仅提及自研框架（3D-KAME、MobileNetV3、KGSA）及被引用的 MediaPipe Face Mesh，未显示该研究自身使用具名第三方非牙科3D软件。
【软件】: -
【专科】: -
【应用场景】: -
【研究设计】: -"
hybrid forecasting of occlusal changes in deep bite correction based on digital setup 3d models and design factors,"Hybrid Forecasting of Occlusal Changes in Deep Bite Correction Based on Digital Setup, 3D Models, and Design Factors",2026 International Conference on Integrated Intelligence and Cognitive Engineering (ICIICE),conferencePaper,DSCSKE4B,"Malkov 等 - 2026 - Hybrid Forecasting of Occlusal Changes in Deep Bite Correction Based on Digital Setup, 3D Models, an.pdf",EXCLUDE,"证据片段仅泛泛提及""superimposition software and algorithms""及自研算法（""an algorithm for constructing multimodal datasets""、""neural network architectures for point clouds (Point Transformers)""），未出现任何该研究自己使用的具名第三方非牙科3D软件。",-,-,-,-,"【判定】: EXCLUDE
【判定理由】: 证据片段仅泛泛提及""superimposition software and algorithms""及自研算法（""an algorithm for constructing multimodal datasets""、""neural network architectures for point clouds (Point Transformers)""），未出现任何该研究自己使用的具名第三方非牙科3D软件。
【软件】: -
【专科】: -
【应用场景】: -
【研究设计】: -"
continuous bijection supervised pyramid diffeomorphic deformation for learning tooth meshes from cbct images,Continuous Bijection Supervised Pyramid Diffeomorphic Deformation for Learning Tooth Meshes From CBCT Images,IEEE Transactions on Multimedia,journalArticle,HQDWHX32,Zhang 等 - 2025 - Continuous Bijection Supervised Pyramid Diffeomorphic Deformation for Learning Tooth Meshes From CBC.pdf,EXCLUDE,"证据片段仅描述了该研究自研的""enhanced detector""和""PDD network""（""a PDD network is designed to deform a sphere mesh""），未提及任何具名的第三方非牙科3D软件被该研究自身使用。",-,-,-,-,"【判定】: EXCLUDE
【判定理由】: 证据片段仅描述了该研究自研的""enhanced detector""和""PDD network""（""a PDD network is designed to deform a sphere mesh""），未提及任何具名的第三方非牙科3D软件被该研究自身使用。
【软件】: -
【专科】: -
【应用场景】: -
【研究设计】: -"
reinforcement learning based centerline tracking with cross sectional similarity for enhancing mandibular canal segmentation,Reinforcement Learning-Based Centerline Tracking With Cross-Sectional Similarity for Enhancing Mandibular Canal Segmentation,IEEE Access,journalArticle,QU4CCIPN,Jang 等 - 2025 - Reinforcement Learning-Based Centerline Tracking with Cross-Sectional Similarity for Enhancing Mandi.pdf,EXCLUDE,"该研究提出的是自研的深度强化学习（DRL）框架，证据片段中仅见""we propose a deep reinforcement learning (DRL) framework""，未提及任何具名的第三方非牙科3D软件被该研究自己使用。",-,-,-,-,"【判定】: EXCLUDE
【判定理由】: 该研究提出的是自研的深度强化学习（DRL）框架，证据片段中仅见""we propose a deep reinforcement learning (DRL) framework""，未提及任何具名的第三方非牙科3D软件被该研究自己使用。
【软件】: -
【专科】: -
【应用场景】: -
【研究设计】: -"
topo4d realistic physically based 4d head capture with topology preserving gaussian splatting and expression priors,Topo4D++: Realistic Physically Based 4D Head Capture With Topology-Preserving Gaussian Splatting and Expression Priors,IEEE Transactions on Pattern Analysis and Machine Intelligence,journalArticle,CGDDK52Q,Cheng 等 - 2026 - Topo4D++ Realistic Physically Based 4D Head Capture With Topology-Preserving Gaussian Splatting and.pdf,EXCLUDE,"该研究提出的是自研框架""Topo4D++""，证据片段中仅泛泛提及他人使用的""professional software such as Wrap4D and Track4D""，并未显示该研究自身使用了任何具名第三方非牙科3D软件。",-,-,-,-,"【判定】: EXCLUDE
【判定理由】: 该研究提出的是自研框架""Topo4D++""，证据片段中仅泛泛提及他人使用的""professional software such as Wrap4D and Track4D""，并未显示该研究自身使用了任何具名第三方非牙科3D软件。
【软件】: -
【专科】: -
【应用场景】: -
【研究设计】: -"
generative chained label propagation a semi supervised approach for enhanced 3d segmentation of the inferior alveolar nerve,Generative Chained Label Propagation: A Semi-Supervised Approach for Enhanced 3D Segmentation of the Inferior Alveolar Nerve,2025 IEEE 22nd International Symposium on Biomedical Imaging (ISBI),conferencePaper,9TE2J8EB,Sameh 等 - 2025 - Generative Chained Label Propagation A Semi-Supervised Approach for Enhanced 3D Segmentation of the.pdf,EXCLUDE,"该研究仅提出并使用自研算法与自建网络架构（""Generative Chained Label Propagation (GCLP)""、""PosPadUNet and our new architecture, ARP-UNet""），证据片段中未出现任何具名的第三方非牙科3D软件被该研究自己使用。",-,-,-,-,"【判定】: EXCLUDE
【判定理由】: 该研究仅提出并使用自研算法与自建网络架构（""Generative Chained Label Propagation (GCLP)""、""PosPadUNet and our new architecture, ARP-UNet""），证据片段中未出现任何具名的第三方非牙科3D软件被该研究自己使用。
【软件】: -
【专科】: -
【应用场景】: -
【研究设计】: -"
tooth enamel segmentation from dental x ray using mask r cnn algorithm,Tooth Enamel segmentation from dental x-ray using MASK R-CNN Algorithm,2024 International Conference on Recent Advances in Science and Engineering Technology (ICRASET),conferencePaper,6HE5F6K3,Nandeesh 等 - 2024 - Tooth Enamel segmentation from dental x-ray using MASK R-CNN Algorithm.pdf,EXCLUDE,"该研究仅使用自研/自建的 Mask R-CNN 深度学习算法进行牙釉质分割（""apply Mask R-CNN to perform enamel region semantic segmentation""），证据片段中未出现任何具名的第三方非牙科3D软件被该研究自己使用。",-,-,-,-,"【判定】: EXCLUDE
【判定理由】: 该研究仅使用自研/自建的 Mask R-CNN 深度学习算法进行牙釉质分割（""apply Mask R-CNN to perform enamel region semantic segmentation""），证据片段中未出现任何具名的第三方非牙科3D软件被该研究自己使用。
【软件】: -
【专科】: -
【应用场景】: -
【研究设计】: -"
fm 3dfr facial manipulation based 3 d face reconstruction,FM-3DFR: Facial Manipulation-Based 3-D Face Reconstruction,IEEE Transactions on Cybernetics,journalArticle,N2EG2QIJ,Zhao 等 - 2024 - FM-3DFR Facial Manipulation-Based 3-D Face Reconstruction.pdf,EXCLUDE,"该文献主题为计算机视觉领域的3D人脸重建（""3-D face reconstruction plays a crucial role in computer vision""），不属于口腔医学任一学科；且证据片段中未出现任何该研究自身使用的具名第三方非牙科3D软件。",-,-,-,-,"【判定】: EXCLUDE
【判定理由】: 该文献主题为计算机视觉领域的3D人脸重建（""3-D face reconstruction plays a crucial role in computer vision""），不属于口腔医学任一学科；且证据片段中未出现任何该研究自身使用的具名第三方非牙科3D软件。
【软件】: -
【专科】: -
【应用场景】: -
【研究设计】: -"
silhouette to contour registration aligning intraoral scan models with cephalometric radiographs,Silhouette-to-Contour Registration: Aligning Intraoral Scan Models with Cephalometric Radiographs,2025 IEEE International Conference on Bioinformatics and Biomedicine (BIBM),conferencePaper,5RMXCURX,Miao 等 - 2025 - Silhouette-to-Contour Registration Aligning Intraoral Scan Models with Cephalometric Radiographs.pdf,EXCLUDE,"该研究提出的是自研方法""DentalSCR""，证据片段显示其使用""a surface-based DRR (Digitally Reconstructed Radiograph) formulation with coronal-axis perspective and Gaussian splatting""及""a symmetric bidirectional Chamfer distance""等自建算法，未使用任何具名第三方非牙科3D软件。",-,-,-,-,"【判定】: EXCLUDE
【判定理由】: 该研究提出的是自研方法""DentalSCR""，证据片段显示其使用""a surface-based DRR (Digitally Reconstructed Radiograph) formulation with coronal-axis perspective and Gaussian splatting""及""a symmetric bidirectional Chamfer distance""等自建算法，未使用任何具名第三方非牙科3D软件。
【软件】: -
【专科】: -
【应用场景】: -
【研究设计】: -"
investigation on learning accuracy for tongue surface extraction from ultrasound image,Investigation on Learning Accuracy for Tongue Surface Extraction from Ultrasound Image,2024 7th Asia Conference on Cognitive Engineering and Intelligent lnteraction (CEII),conferencePaper,E8SME964,Mukai 等 - 2024 - Investigation on Learning Accuracy for Tongue Surface Extraction from Ultrasound Image.pdf,EXCLUDE,"该研究使用自研的深度学习模型（""employ U-net [16], which is a kind of CNN model""）进行舌表面特征点提取，属于自研算法/代码，未使用任何具名的第三方非牙科3D软件；且主题为语音障碍（lateral misarticulation）的舌部建模，不属于口腔医学任一学科。",-,-,-,-,"【判定】: EXCLUDE
【判定理由】: 该研究使用自研的深度学习模型（""employ U-net [16], which is a kind of CNN model""）进行舌表面特征点提取，属于自研算法/代码，未使用任何具名的第三方非牙科3D软件；且主题为语音障碍（lateral misarticulation）的舌部建模，不属于口腔医学任一学科。
【软件】: -
【专科】: -
【应用场景】: -
【研究设计】: -"
how much does input data type impact final face model accuracy,How much does input data type impact final face model accuracy?,2022 IEEE/CVF Conference on Computer Vision and Pattern Recognition (CVPR),conferencePaper,2WB7X7TB,Luo 等 - 2022 - How much does input data type impact final face model accuracy.pdf,EXCLUDE,该文献为 CVPR 会议论文，主题为计算机视觉领域的三维人脸重建精度分析，不属于口腔医学任一学科；且证据片段中未出现任何该研究自身使用的具名第三方非牙科3D软件。,-,-,-,-,"【判定】: EXCLUDE
【判定理由】: 该文献为 CVPR 会议论文，主题为计算机视觉领域的三维人脸重建精度分析，不属于口腔医学任一学科；且证据片段中未出现任何该研究自身使用的具名第三方非牙科3D软件。
【软件】: -
【专科】: -
【应用场景】: -
【研究设计】: -"
single image super resolution of noisy 3d dental ct images using tucker decomposition,Single Image Super-Resolution Of Noisy 3d Dental Ct Images Using Tucker Decomposition,2021 IEEE 18th International Symposium on Biomedical Imaging (ISBI),conferencePaper,P6I72WYR,Hatvaniy 等 - 2021 - Single Image Super-Resolution Of Noisy 3d Dental Ct Images Using Tucker Decomposition.pdf,EXCLUDE,"证据片段显示该研究仅使用自研的张量分解算法（""The algorithms were implemented in Matlab 2019, and for basic tensor operations Tensorlab [11] was used""），Matlab 与 Tensorlab 均非具名第三方非牙科三维软件，且无任何具名第三方非牙科3D软件被该研究自身使用。",-,-,-,-,"【判定】: EXCLUDE
【判定理由】: 证据片段显示该研究仅使用自研的张量分解算法（""The algorithms were implemented in Matlab 2019, and for basic tensor operations Tensorlab [11] was used""），Matlab 与 Tensorlab 均非具名第三方非牙科三维软件，且无任何具名第三方非牙科3D软件被该研究自身使用。
【软件】: -
【专科】: -
【应用场景】: -
【研究设计】: -"
construction of immersive english listening and speaking training platform in virtual reality environment and its effect evaluation system,Construction of Immersive English Listening and Speaking Training Platform in Virtual Reality Environment and Its Effect Evaluation System,"2025 IEEE International Conference on Electronics, Energy Systems and Power Engineering (EESPE)",conferencePaper,JHPJM7BR,Zhang - 2025 - Construction of Immersive English Listening and Speaking Training Platform in Virtual Reality Enviro.pdf,EXCLUDE,"该文献主题为虚拟现实英语听说训练平台，不属于口腔医学任一学科；且证据中仅提及""3D modeling""及Unity3D/Vuforia等，与口腔医学无关。",-,-,-,-,"【判定】: EXCLUDE
【判定理由】: 该文献主题为虚拟现实英语听说训练平台，不属于口腔医学任一学科；且证据中仅提及""3D modeling""及Unity3D/Vuforia等，与口腔医学无关。
【软件】: -
【专科】: -
【应用场景】: -
【研究设计】: -"
patient specific panoramic reconstruction from spiral mdct data via projection domain ct style backprojection,Patient-Specific Panoramic Reconstruction From Spiral MDCT Data via Projection-Domain CT-Style Backprojection,IEEE Access,journalArticle,BUFGA2CW,Shim 等 - 2026 - Patient-Specific Panoramic Reconstruction From Spiral MDCT Data via Projection-Domain CT-Style Backp.pdf,EXCLUDE,"证据片段仅描述了该研究自研的""projection-domain curved-manifold backprojection approach""重建框架，未出现任何具名的第三方非牙科3D软件被该研究自己使用。",-,-,-,-,"【判定】: EXCLUDE
【判定理由】: 证据片段仅描述了该研究自研的""projection-domain curved-manifold backprojection approach""重建框架，未出现任何具名的第三方非牙科3D软件被该研究自己使用。
【软件】: -
【专科】: -
【应用场景】: -
【研究设计】: -"
bioimpedance sensing surgical drill computational modelling and experimental validation,Bioimpedance Sensing Surgical Drill – Computational Modelling and Experimental Validation,2020 42nd Annual International Conference of the IEEE Engineering in Medicine & Biology Society (EMBC),conferencePaper,KD6XD5UU,Devaraj 等 - 2020 - Bioimpedance Sensing Surgical Drill – Computational Modelling and Experimental Validation.pdf,INCLUDE,"该研究自身在方法中使用 MATLAB 创建钻头轮廓并建模（""used to create an outline in MATLAB""），并使用 Gmsh 进行三维有限元网格划分（""sent to Gmsh, (an open source 3D finit...""）。",MATLAB; Gmsh,Oral and Maxillofacial Surgery,Biomechanical analysis and simulation,computational,"【判定】: INCLUDE
【判定理由】: 该研究自身在方法中使用 MATLAB 创建钻头轮廓并建模（""used to create an outline in MATLAB""），并使用 Gmsh 进行三维有限元网格划分（""sent to Gmsh, (an open source 3D finit...""）。
【软件】: MATLAB; Gmsh
【专科】: Oral and Maxillofacial Surgery
【应用场景】: Biomechanical analysis and simulation
【研究设计】: computational"
automatic detection and classification of dental anomalies and tooth types using transformer based yolo with ga optimization,Automatic Detection and Classification of Dental Anomalies and Tooth Types Using Transformer-Based Yolo With GA Optimization,IEEE Access,journalArticle,ZUIVH67D,Singh 等 - 2025 - Automatic Detection and Classification of Dental Anomalies and Tooth Types Using Transformer-Based Y.pdf,EXCLUDE,该研究仅使用自研的 Transformer-Based YOLO 模型与遗传算法（GA）优化，证据片段中未出现任何具名的第三方非牙科3D软件被该研究自身使用。,-,-,-,-,"【判定】: EXCLUDE
【判定理由】: 该研究仅使用自研的 Transformer-Based YOLO 模型与遗传算法（GA）优化，证据片段中未出现任何具名的第三方非牙科3D软件被该研究自身使用。
【软件】: -
【专科】: -
【应用场景】: -
【研究设计】: -"
algorithms to measure area and volume on 3d face models for facial surgeries,Algorithms to Measure Area and Volume on 3D Face Models for Facial Surgeries,IEEE Access,journalArticle,9AZDUGHA,Topsakal 等 - 2023 - Algorithms to Measure Area and Volume on 3D Face Models for Facial Surgeries.pdf,EXCLUDE,"该研究自行开发算法（""we introduce two algorithms along with their open-source code""），实现语言为 JavaScript，未使用任何具名的第三方非牙科3D软件；文中提及的 Blender、Maya 仅出现在引言中作为他人软件泛泛提及（""there exist 3D modeling software tools such as Blender [3] and Maya [4]""），并非该研究自己使用。",-,-,-,-,"【判定】: EXCLUDE
【判定理由】: 该研究自行开发算法（""we introduce two algorithms along with their open-source code""），实现语言为 JavaScript，未使用任何具名的第三方非牙科3D软件；文中提及的 Blender、Maya 仅出现在引言中作为他人软件泛泛提及（""there exist 3D modeling software tools such as Blender [3] and Maya [4]""），并非该研究自己使用。
【软件】: -
【专科】: -
【应用场景】: -
【研究设计】: -"
craniomaxillofacial bone segmentation and landmark detection using semantic segmentation networks and an unbiased heatmap,Craniomaxillofacial Bone Segmentation and Landmark Detection Using Semantic Segmentation Networks and an Unbiased Heatmap,IEEE Journal of Biomedical and Health Informatics,journalArticle,7GZC9JZE,Zhang 等 - 2024 - Craniomaxillofacial Bone Segmentation and Landmark Detection Using Semantic Segmentation Networks an.pdf,EXCLUDE,"证据片段仅显示该研究""proposed a semantic segmentation network""和""top-down heatmap landmark detection network""，属于自研算法/深度学习模型，未提及任何具名的第三方非牙科3D软件。",-,-,-,-,"【判定】: EXCLUDE
【判定理由】: 证据片段仅显示该研究""proposed a semantic segmentation network""和""top-down heatmap landmark detection network""，属于自研算法/深度学习模型，未提及任何具名的第三方非牙科3D软件。
【软件】: -
【专科】: -
【应用场景】: -
【研究设计】: -"
a 3d clinical face phenotype space of genetic syndromes using a triplet based singular geometric autoencoder,A 3D Clinical Face Phenotype Space of Genetic Syndromes Using a Triplet-Based Singular Geometric Autoencoder,IEEE Access,journalArticle,4JBMYVVD,Mahdi 等 - 2025 - A 3D Clinical Face Phenotype Space of Genetic Syndromes Using a Triplet-Based Singular Geometric Aut.pdf,EXCLUDE,"该研究开发并使用自研的基于几何深度学习的自编码器（""a triplet loss-based autoencoder developed by geometric deep learning (GDL)""），证据片段中未出现任何该研究自己使用的具名第三方非牙科3D软件。",-,-,-,-,"【判定】: EXCLUDE
【判定理由】: 该研究开发并使用自研的基于几何深度学习的自编码器（""a triplet loss-based autoencoder developed by geometric deep learning (GDL)""），证据片段中未出现任何该研究自己使用的具名第三方非牙科3D软件。
【软件】: -
【专科】: -
【应用场景】: -
【研究设计】: -"
a multi stage automatic framework for fracture fragments segmentation of zygomatic bone and arch,A Multi-Stage Automatic Framework for Fracture Fragments Segmentation of Zygomatic Bone and Arch,2025 WRC Symposium on Advanced Robotics and Automation (WRC SARA),conferencePaper,XWQH8X5W,Mo 等 - 2025 - A Multi-Stage Automatic Framework for Fracture Fragments Segmentation of Zygomatic Bone and Arch.pdf,EXCLUDE,"该研究仅使用自研深度学习框架（""a 3D Faster R-CNN network""、""a 3D ConvNeXt encoder combined with a UPerNet decoder""），未使用任何具名的第三方非牙科3D软件；且文献类型为会议论文（WRC Symposium）。",-,-,-,-,"【判定】: EXCLUDE
【判定理由】: 该研究仅使用自研深度学习框架（""a 3D Faster R-CNN network""、""a 3D ConvNeXt encoder combined with a UPerNet decoder""），未使用任何具名的第三方非牙科3D软件；且文献类型为会议论文（WRC Symposium）。
【软件】: -
【专科】: -
【应用场景】: -
【研究设计】: -"
enlarge the error prediction dataset in 3 d printing an unsupervised dental crown mesh generator,Enlarge the Error Prediction Dataset in 3-D Printing: An Unsupervised Dental Crown Mesh Generator,IEEE Transactions on Computational Social Systems,journalArticle,96FVBXB8,Zhao 等 - 2024 - Enlarge the Error Prediction Dataset in 3-D Printing An Unsupervised Dental Crown Mesh Generator.pdf,EXCLUDE,"证据片段仅显示该研究提出并使用自研的生成对抗网络框架（""we propose a customized two-stage framework, cascaded cross-modality generative adversarial networks (CCMGANs)""），未提及任何具名的第三方非牙科3D软件被该研究自己使用。",-,-,-,-,"【判定】: EXCLUDE
【判定理由】: 证据片段仅显示该研究提出并使用自研的生成对抗网络框架（""we propose a customized two-stage framework, cascaded cross-modality generative adversarial networks (CCMGANs)""），未提及任何具名的第三方非牙科3D软件被该研究自己使用。
【软件】: -
【专科】: -
【应用场景】: -
【研究设计】: -"
complex fusion structure slow dissociation simulation prediction method,Complex Fusion Structure Slow Dissociation Simulation Prediction Method,2024 China Automation Congress (CAC),conferencePaper,7FH92JB4,Zhang 等 - 2024 - Complex Fusion Structure Slow Dissociation Simulation Prediction Method.pdf,EXCLUDE,"证据片段仅描述""establish a simulation model""和""dynamic mesh transient solution techniques""，未提及任何具名的第三方非牙科3D软件（如COMSOL、ANSYS等）；且该文献为会议论文（2024 China Automation Congress），属于会议摘要类，不符合原创研究类型要求。",-,-,-,-,"【判定】: EXCLUDE
【判定理由】: 证据片段仅描述""establish a simulation model""和""dynamic mesh transient solution techniques""，未提及任何具名的第三方非牙科3D软件（如COMSOL、ANSYS等）；且该文献为会议论文（2024 China Automation Congress），属于会议摘要类，不符合原创研究类型要求。
【软件】: -
【专科】: -
【应用场景】: -
【研究设计】: -"
automatic plane of minimal hiatal dimensions extraction from 3d female pelvic floor ultrasound,Automatic Plane of Minimal Hiatal Dimensions Extraction From 3D Female Pelvic Floor Ultrasound,IEEE Transactions on Medical Imaging,journalArticle,IMN6HZ24,Xia 等 - 2022 - Automatic Plane of Minimal Hiatal Dimensions Extraction From 3D Female Pelvic Floor Ultrasound.pdf,EXCLUDE,"该研究属于女性盆底超声领域，不属于口腔医学任一学科；且其方法为自研算法（""our algorithm""）及自建深度学习分割（""using U-Net""），未使用具名第三方非牙科3D软件。",-,-,-,-,"【判定】: EXCLUDE
【判定理由】: 该研究属于女性盆底超声领域，不属于口腔医学任一学科；且其方法为自研算法（""our algorithm""）及自建深度学习分割（""using U-Net""），未使用具名第三方非牙科3D软件。
【软件】: -
【专科】: -
【应用场景】: -
【研究设计】: -"
future innovation in healthcare by spatial computing using projectdr,Future Innovation in Healthcare by Spatial Computing using ProjectDR,2021 Third International Conference on Inventive Research in Computing Applications (ICIRCA),conferencePaper,ZJPPRS6G,Sasi和Ravichandran - 2021 - Future Innovation in Healthcare by Spatial Computing using ProjectDR.pdf,EXCLUDE,"该文献为会议论文（ICIRCA 2021），且证据片段中仅泛泛提及""software programs have generated sophisticated perspective models""，未显示该研究自身使用任何具名第三方非牙科3D软件。",-,-,-,-,"【判定】: EXCLUDE
【判定理由】: 该文献为会议论文（ICIRCA 2021），且证据片段中仅泛泛提及""software programs have generated sophisticated perspective models""，未显示该研究自身使用任何具名第三方非牙科3D软件。
【软件】: -
【专科】: -
【应用场景】: -
【研究设计】: -"
face expression recognition method based on mamba and different facial regions,Face Expression Recognition Method Based on Mamba and Different Facial Regions,2024 International Conference on Intelligent Robotics and Automatic Control (IRAC),conferencePaper,IMP22A3J,Zeng 等 - 2024 - Face Expression Recognition Method Based on Mamba and Different Facial Regions.pdf,EXCLUDE,该研究属于计算机视觉/情感计算领域的会议论文，主题不属于口腔医学任一学科；且证据片段中仅涉及自研的 Vision Mamba 模型与 Grad-CAM 方法，未使用任何具名第三方非牙科3D软件。,-,-,-,-,"【判定】: EXCLUDE
【判定理由】: 该研究属于计算机视觉/情感计算领域的会议论文，主题不属于口腔医学任一学科；且证据片段中仅涉及自研的 Vision Mamba 模型与 Grad-CAM 方法，未使用任何具名第三方非牙科3D软件。
【软件】: -
【专科】: -
【应用场景】: -
【研究设计】: -"
development of automatic assessment framework for spine deformity using freehand 3 d ultrasound imaging system,Development of Automatic Assessment Framework for Spine Deformity Using Freehand 3-D Ultrasound Imaging System,"IEEE Transactions on Ultrasonics, Ferroelectrics, and Frequency Control",journalArticle,HMLKHDYH,Chen 等 - 2024 - Development of Automatic Assessment Framework for Spine Deformity Using Freehand 3-D Ultrasound Imag.pdf,EXCLUDE,该研究主题为脊柱畸形（scoliosis）的超声评估，不属于口腔医学任一学科；且证据片段中仅见自研的 transformer-based detector、U-Net 等自研算法，未使用具名第三方非牙科3D软件。,-,-,-,-,"【判定】: EXCLUDE
【判定理由】: 该研究主题为脊柱畸形（scoliosis）的超声评估，不属于口腔医学任一学科；且证据片段中仅见自研的 transformer-based detector、U-Net 等自研算法，未使用具名第三方非牙科3D软件。
【软件】: -
【专科】: -
【应用场景】: -
【研究设计】: -"
review of artificial intelligence methods for detecting cancer in medical image processing,Review of Artificial Intelligence methods for detecting cancer in medical image processing,2023 Third International Conference on Artificial Intelligence and Smart Energy (ICAIS),conferencePaper,SEHZXS2Z,Sarkar和Saha - 2023 - Review of Artificial Intelligence methods for detecting cancer in medical image processing.pdf,EXCLUDE,"该文献为综述（""This research reviews strategies for detecting liver, brain, and lung cancer using image processing""），且主题聚焦于肝、脑、肺癌检测，不属于口腔医学；证据片段中亦无任何具名第三方非牙科3D软件被该研究自身使用。",-,-,-,-,"【判定】: EXCLUDE
【判定理由】: 该文献为综述（""This research reviews strategies for detecting liver, brain, and lung cancer using image processing""），且主题聚焦于肝、脑、肺癌检测，不属于口腔医学；证据片段中亦无任何具名第三方非牙科3D软件被该研究自身使用。
【软件】: -
【专科】: -
【应用场景】: -
【研究设计】: -"
using response time to evaluate noise fluctuations and lombard speech in auralizations,Using response time to evaluate noise fluctuations and Lombard speech in auralizations,2023 Immersive and 3D Audio: from Architecture to Automotive (I3DA),conferencePaper,RIQ6Q9W3,Prodi和Visentin - 2023 - Using response time to evaluate noise fluctuations and Lombard speech in auralizations.pdf,EXCLUDE,该文献主题为室内声学/听觉化（auralization）与语音清晰度，不属于口腔医学任一学科；且所用软件 Odeon 为声学仿真软件，非口腔领域3D数据处理软件。,-,-,-,-,"【判定】: EXCLUDE
【判定理由】: 该文献主题为室内声学/听觉化（auralization）与语音清晰度，不属于口腔医学任一学科；且所用软件 Odeon 为声学仿真软件，非口腔领域3D数据处理软件。
【软件】: -
【专科】: -
【应用场景】: -
【研究设计】: -"
teeth gap and position recognition system with intraoral scanner images using image processing,Teeth Gap and Position Recognition System with Intraoral Scanner Images Using Image Processing,"2023 IEEE International Students' Conference on Electrical, Electronics and Computer Science (SCEECS)",conferencePaper,B2QQSRHI,Sathya 等 - 2023 - Teeth Gap and Position Recognition System with Intraoral Scanner Images Using Image Processing.pdf,EXCLUDE,"证据片段中出现的 MATLAB 仅出现在文献综述表格中对他人研究（""2. [3] C. -M. Stancioi et al. MATLAB, Image processing""）的引用，该研究自身使用的是 Faster R-CNN、K-Means 等自研算法，未使用具名第三方非牙科3D软件。",-,-,-,-,"【判定】: EXCLUDE
【判定理由】: 证据片段中出现的 MATLAB 仅出现在文献综述表格中对他人研究（""2. [3] C. -M. Stancioi et al. MATLAB, Image processing""）的引用，该研究自身使用的是 Faster R-CNN、K-Means 等自研算法，未使用具名第三方非牙科3D软件。
【软件】: -
【专科】: -
【应用场景】: -
【研究设计】: -"
blood vessel segmentation from low contrast and wide field optical microscopic images of cranial window by attention gate based network,Blood Vessel Segmentation from Low-Contrast and Wide-Field Optical Microscopic Images of Cranial Window by Attention-Gate-Based Network,2022 IEEE/CVF Conference on Computer Vision and Pattern Recognition Workshops (CVPRW),conferencePaper,LZXFM3VV,Wu 等 - 2022 - Blood Vessel Segmentation from Low-Contrast and Wide-Field Optical Microscopic Images of Cranial Win.pdf,EXCLUDE,"该研究属于计算机视觉/深度学习领域，提出基于 Attention U-Net 和 clDice 的自研分割方法（""Our method is based on the Attention U-Net framework and clDice""），主题为颅窗血管分割，不属于口腔医学任一学科。",-,-,-,-,"【判定】: EXCLUDE
【判定理由】: 该研究属于计算机视觉/深度学习领域，提出基于 Attention U-Net 和 clDice 的自研分割方法（""Our method is based on the Attention U-Net framework and clDice""），主题为颅窗血管分割，不属于口腔医学任一学科。
【软件】: -
【专科】: -
【应用场景】: -
【研究设计】: -"
effect of bar material on the biomechanical performance of hybrid dental prosthesis,Effect of bar material on the biomechanical performance of hybrid dental prosthesis,2021 3rd Novel Intelligent and Leading Emerging Sciences Conference (NILES),conferencePaper,8RD3AVC7,Shash 等 - 2021 - Effect of bar material on the biomechanical performance of hybrid dental prosthesis.pdf,EXCLUDE,"该文献为会议论文（Proceedings of NILES2021），属于会议摘要/会议论文类型，不符合纳入标准中""原创研究、技术说明或病例报告""的要求；且证据显示""SOLID WORKS software is used in the construction of model parts""和""ANSYS18.1software""，虽使用了非牙科3D软件，但文献类型不符合纳入标准。",-,-,-,-,"【判定】: EXCLUDE
【判定理由】: 该文献为会议论文（Proceedings of NILES2021），属于会议摘要/会议论文类型，不符合纳入标准中""原创研究、技术说明或病例报告""的要求；且证据显示""SOLID WORKS software is used in the construction of model parts""和""ANSYS18.1software""，虽使用了非牙科3D软件，但文献类型不符合纳入标准。
【软件】: -
【专科】: -
【应用场景】: -
【研究设计】: -"
plug and play reconstruction with 3d deep prior for complex valued near field mimo imaging,Plug-and-Play Reconstruction with 3D Deep Prior for Complex-Valued Near-Field MIMO Imaging,2023 31st European Signal Processing Conference (EUSIPCO),conferencePaper,49E22KHB,Oral和Oktem - 2023 - Plug-and-Play Reconstruction with 3D Deep Prior for Complex-Valued Near-Field MIMO Imaging.pdf,EXCLUDE,"该文献主题为近场雷达MIMO成像的3D重建算法（""reconstructing the three-dimensional (3D) complex-valued reflectivity distribution""），不属于口腔医学任一学科，且未使用任何具名第三方非牙科3D软件。",-,-,-,-,"【判定】: EXCLUDE
【判定理由】: 该文献主题为近场雷达MIMO成像的3D重建算法（""reconstructing the three-dimensional (3D) complex-valued reflectivity distribution""），不属于口腔医学任一学科，且未使用任何具名第三方非牙科3D软件。
【软件】: -
【专科】: -
【应用场景】: -
【研究设计】: -"
joint cranial bone labeling and landmark detection in pediatric ct images using context encoding,Joint Cranial Bone Labeling and Landmark Detection in Pediatric CT Images Using Context Encoding,IEEE Transactions on Medical Imaging,journalArticle,GIRL7L8M,Liu 等 - 2023 - Joint Cranial Bone Labeling and Landmark Detection in Pediatric CT Images Using Context Encoding.pdf,EXCLUDE,"该研究提出的是""a novel end-to-end neural network architecture based on DenseNet""，属于自研算法/深度学习模型，证据片段中未出现任何该研究自己使用的具名第三方非牙科3D软件。",-,-,-,-,"【判定】: EXCLUDE
【判定理由】: 该研究提出的是""a novel end-to-end neural network architecture based on DenseNet""，属于自研算法/深度学习模型，证据片段中未出现任何该研究自己使用的具名第三方非牙科3D软件。
【软件】: -
【专科】: -
【应用场景】: -
【研究设计】: -"
a method for robot to detect the facial landmarks with masks,A Method for Robot to Detect the Facial Landmarks with Masks,"2023 9th International Conference on Electrical Engineering, Control and Robotics (EECR)",conferencePaper,NQMTYUTA,Wang 等 - 2023 - A Method for Robot to Detect the Facial Landmarks with Masks.pdf,EXCLUDE,"该研究使用自研的深度学习网络与 DECA 算法进行面部关键点检测与三维重建，证据中仅提及 ""We use the DECA algorithm to achive 3D face reconstruction""，未使用任何具名的第三方非牙科3D软件。",-,-,-,-,"【判定】: EXCLUDE
【判定理由】: 该研究使用自研的深度学习网络与 DECA 算法进行面部关键点检测与三维重建，证据中仅提及 ""We use the DECA algorithm to achive 3D face reconstruction""，未使用任何具名的第三方非牙科3D软件。
【软件】: -
【专科】: -
【应用场景】: -
【研究设计】: -"
insightlens augmenting llm powered data analysis with interactive insight management and navigation,InsightLens: Augmenting LLM-Powered Data Analysis With Interactive Insight Management and Navigation,IEEE Transactions on Visualization and Computer Graphics,journalArticle,N74PHTST,Weng 等 - 2025 - InsightLens Augmenting LLM-Powered Data Analysis With Interactive Insight Management and Navigation.pdf,EXCLUDE,该文献主题为LLM驱动的数据分析可视化系统（InsightLens），不属于口腔医学任一学科；证据片段中亦无任何具名第三方非牙科3D软件被该研究自身使用。,-,-,-,-,"【判定】: EXCLUDE
【判定理由】: 该文献主题为LLM驱动的数据分析可视化系统（InsightLens），不属于口腔医学任一学科；证据片段中亦无任何具名第三方非牙科3D软件被该研究自身使用。
【软件】: -
【专科】: -
【应用场景】: -
【研究设计】: -"
segmentation of organs at risk from ct and mr images of the head and neck baseline results,Segmentation of Organs-At-Risk from Ct and Mr Images of the Head and Neck: Baseline Results,2022 IEEE 19th International Symposium on Biomedical Imaging (ISBI),conferencePaper,Y4RRM52Z,Podobnik 等 - 2022 - Segmentation of Organs-At-Risk from Ct and Mr Images of the Head and Neck Baseline Results.pdf,EXCLUDE,"该研究仅使用自研/自建的 nnU-Net 深度学习框架进行分割（""obtained by applying the nnU-Net segmentation framework""），未使用任何具名的第三方非牙科3D软件；且主题为头颈放疗危及器官分割，不属于口腔医学。",-,-,-,-,"【判定】: EXCLUDE
【判定理由】: 该研究仅使用自研/自建的 nnU-Net 深度学习框架进行分割（""obtained by applying the nnU-Net segmentation framework""），未使用任何具名的第三方非牙科3D软件；且主题为头颈放疗危及器官分割，不属于口腔医学。
【软件】: -
【专科】: -
【应用场景】: -
【研究设计】: -"
toothbrushing monitoring using an rgb d camera and smart toothbrush integrated imu,Toothbrushing Monitoring Using an RGB-D Camera and Smart Toothbrush-Integrated IMU,IEEE Sensors Journal,journalArticle,HYRULWD6,Pham和Suh - 2025 - Toothbrushing Monitoring Using an RGB-D Camera and Smart Toothbrush-Integrated IMU.pdf,INCLUDE,"该研究自身在方法中使用 MATLAB R2023b 进行牙刷位置估计与数据预处理（""the toothbrush position estimation and data preprocessing were performed using MATLAB R2023b""），MATLAB 属具名第三方非牙科3D软件，用于3D数据处理。",MATLAB,Preventive Dentistry,3D data analysis and accuracy assessment,computational,"【判定】: INCLUDE
【判定理由】: 该研究自身在方法中使用 MATLAB R2023b 进行牙刷位置估计与数据预处理（""the toothbrush position estimation and data preprocessing were performed using MATLAB R2023b""），MATLAB 属具名第三方非牙科3D软件，用于3D数据处理。
【软件】: MATLAB
【专科】: Preventive Dentistry
【应用场景】: 3D data analysis and accuracy assessment
【研究设计】: computational"
cfi net a choquet fuzzy integral based ensemble network with pso optimized fuzzy measures for diagnosing multiple skin diseases including mpox,CFI-Net: A Choquet Fuzzy Integral Based Ensemble Network With PSO-Optimized Fuzzy Measures for Diagnosing Multiple Skin Diseases Including Mpox,IEEE Journal of Biomedical and Health Informatics,journalArticle,KT26QVLT,Asif 等 - 2024 - CFI-Net A Choquet Fuzzy Integral Based Ensemble Network With PSO-Optimized Fuzzy Measures for Diagn.pdf,EXCLUDE,"该研究为自研深度学习集成网络（CFI-Net），证据片段仅提及""employing meta-heuristic optimization algorithm""和""PSO""等自研算法，未使用任何具名第三方非牙科3D软件进行3D数据处理。",-,-,-,-,"【判定】: EXCLUDE
【判定理由】: 该研究为自研深度学习集成网络（CFI-Net），证据片段仅提及""employing meta-heuristic optimization algorithm""和""PSO""等自研算法，未使用任何具名第三方非牙科3D软件进行3D数据处理。
【软件】: -
【专科】: -
【应用场景】: -
【研究设计】: -"
otonet deep neural network for precise otoscopy image classification,OTONet: Deep Neural Network for Precise Otoscopy Image Classification,IEEE Access,journalArticle,4GDMUU8D,Rao 等 - 2024 - OTONet Deep Neural Network for Precise Otoscopy Image Classification.pdf,EXCLUDE,该研究主题为耳镜图像分类（otoscopy），属于耳鼻喉科而非口腔医学；且其方法为自研 OTONet 深度神经网络，证据片段中未出现任何具名第三方非牙科3D软件被该研究自身使用。,-,-,-,-,"【判定】: EXCLUDE
【判定理由】: 该研究主题为耳镜图像分类（otoscopy），属于耳鼻喉科而非口腔医学；且其方法为自研 OTONet 深度神经网络，证据片段中未出现任何具名第三方非牙科3D软件被该研究自身使用。
【软件】: -
【专科】: -
【应用场景】: -
【研究设计】: -"
smart feeder robot for severely disabled patients,Smart Feeder Robot for Severely Disabled Patients,"2020 IEEE 20th International Conference on Software Quality, Reliability and Security Companion (QRS-C)",conferencePaper,5UNAWU6T,Shih 等 - 2020 - Smart Feeder Robot for Severely Disabled Patients.pdf,EXCLUDE,该研究主题为辅助喂食机器人系统，不属于口腔医学任一学科；且证据中仅提及 Tensorflow、Caffe2 等泛泛软件及自研 Lego 程序与 RealSense SDK，未使用具名第三方非牙科3D软件进行口腔3D数据处理。,-,-,-,-,"【判定】: EXCLUDE
【判定理由】: 该研究主题为辅助喂食机器人系统，不属于口腔医学任一学科；且证据中仅提及 Tensorflow、Caffe2 等泛泛软件及自研 Lego 程序与 RealSense SDK，未使用具名第三方非牙科3D软件进行口腔3D数据处理。
【软件】: -
【专科】: -
【应用场景】: -
【研究设计】: -"
improving the recognition of sign language from acquired data by wireless body area network,Improving the Recognition of Sign Language from Acquired Data by Wireless Body Area Network,2020 IEEE Symposium on Computers and Communications (ISCC),conferencePaper,5BJNDFYZ,Shaafi 等 - 2020 - Improving the Recognition of Sign Language from Acquired Data by Wireless Body Area Network.pdf,EXCLUDE,该文献主题为手语识别（无线体域网），不属于口腔医学任一学科；且证据片段中未出现任何该研究自身使用的具名第三方非牙科3D软件。,-,-,-,-,"【判定】: EXCLUDE
【判定理由】: 该文献主题为手语识别（无线体域网），不属于口腔医学任一学科；且证据片段中未出现任何该研究自身使用的具名第三方非牙科3D软件。
【软件】: -
【专科】: -
【应用场景】: -
【研究设计】: -"
ai diagnosis of mild cognitive impairment in neurodegenerative diseases from fdg pet images,AI Diagnosis of Mild Cognitive Impairment in Neurodegenerative Diseases from FDG Pet Images,"2024 International Conference on IoT, Communication and Automation Technology (ICICAT)",conferencePaper,EQXPU6L4,O.F.Ibrahim 等 - 2024 - AI Diagnosis of Mild Cognitive Impairment in Neurodegenerative Diseases from FDG Pet Images.pdf,EXCLUDE,该研究主题为FDG-PET影像的轻度认知障碍AI诊断，不属于口腔医学任一学科；且证据中仅提及SPM12用于图像预处理，未涉及口腔医学应用。,-,-,-,-,"【判定】: EXCLUDE
【判定理由】: 该研究主题为FDG-PET影像的轻度认知障碍AI诊断，不属于口腔医学任一学科；且证据中仅提及SPM12用于图像预处理，未涉及口腔医学应用。
【软件】: -
【专科】: -
【应用场景】: -
【研究设计】: -"
earlier detection of pancreatic cancer using neural network based optimization technique,Earlier Detection of Pancreatic Cancer Using Neural Network Based Optimization Technique,"2023 7th International Conference on Electronics, Communication and Aerospace Technology (ICECA)",conferencePaper,KELB4BMB,Mauryan 等 - 2023 - Earlier Detection of Pancreatic Cancer Using Neural Network Based Optimization Technique.pdf,EXCLUDE,该文献主题为胰腺癌检测（pancreatic cancer），不属于口腔医学任一学科；且证据片段中仅提及自研的 CNN-FLFS 算法，未使用任何具名第三方非牙科3D软件。,-,-,-,-,"【判定】: EXCLUDE
【判定理由】: 该文献主题为胰腺癌检测（pancreatic cancer），不属于口腔医学任一学科；且证据片段中仅提及自研的 CNN-FLFS 算法，未使用任何具名第三方非牙科3D软件。
【软件】: -
【专科】: -
【应用场景】: -
【研究设计】: -"
minimally invasive micro needle sensors for plant growth analysis in agrivoltaic fields,Minimally Invasive Micro Needle Sensors for Plant Growth Analysis in Agrivoltaic Fields,2025 IEEE International Conference on Electro Information Technology (eIT),conferencePaper,VX2DKX3L,Sherazi 等 - 2025 - Minimally Invasive Micro Needle Sensors for Plant Growth Analysis in Agrivoltaic Fields.pdf,EXCLUDE,"该研究主题为植物生长监测的微针传感器（agrivoltaic fields），不属于口腔医学任一学科；且证据中仅泛泛提及""CAD software""和""Proteus software""，未涉及口腔领域。",-,-,-,-,"【判定】: EXCLUDE
【判定理由】: 该研究主题为植物生长监测的微针传感器（agrivoltaic fields），不属于口腔医学任一学科；且证据中仅泛泛提及""CAD software""和""Proteus software""，未涉及口腔领域。
【软件】: -
【专科】: -
【应用场景】: -
【研究设计】: -"
sketch based interaction for planning based interactive storytelling,Sketch-Based Interaction for Planning-Based Interactive Storytelling,2020 19th Brazilian Symposium on Computer Games and Digital Entertainment (SBGames),conferencePaper,LVMS6SDJ,de Lima 等 - 2020 - Sketch-Based Interaction for Planning-Based Interactive Storytelling.pdf,EXCLUDE,该文献主题为基于草图的交互式叙事系统（计算机游戏领域），不属于口腔医学任一学科；证据片段中提及的3D建模系统（如Feng et al.的MagicToon）均为被引他人研究，非该研究自身使用。,-,-,-,-,"【判定】: EXCLUDE
【判定理由】: 该文献主题为基于草图的交互式叙事系统（计算机游戏领域），不属于口腔医学任一学科；证据片段中提及的3D建模系统（如Feng et al.的MagicToon）均为被引他人研究，非该研究自身使用。
【软件】: -
【专科】: -
【应用场景】: -
【研究设计】: -"
translation of sign language into nepali speech using a context aware neural network framework,Translation of Sign Language into Nepali Speech Using a Context-Aware Neural Network Framework,2025 3rd International Conference on Data Science and Network Security (ICDSNS),conferencePaper,UR3DAMEK,Soma Sundari 等 - 2025 - Translation of Sign Language into Nepali Speech Using a Context-Aware Neural Network Framework.pdf,EXCLUDE,该研究主题为手语翻译（sign language translation），不属于口腔医学任一学科；证据片段中仅涉及 MediaPipe、Leap Motion Controller 等，且无任何口腔医学相关内容。,-,-,-,-,"【判定】: EXCLUDE
【判定理由】: 该研究主题为手语翻译（sign language translation），不属于口腔医学任一学科；证据片段中仅涉及 MediaPipe、Leap Motion Controller 等，且无任何口腔医学相关内容。
【软件】: -
【专科】: -
【应用场景】: -
【研究设计】: -"
generative ai for text to speech and sign language translation,Generative AI for Text to Speech and Sign Language Translation,2025 3rd International Conference on Disruptive Technologies (ICDT),conferencePaper,JZFZNDHC,Rouf和Jadon - 2025 - Generative AI for Text to Speech and Sign Language Translation.pdf,EXCLUDE,"该文献主题为面向言语与听力障碍者的AI手语翻译平台，不属于口腔医学任一学科；尽管证据片段显示""These animations were designed using Blender""，但主题不符合纳入标准。",-,-,-,-,"【判定】: EXCLUDE
【判定理由】: 该文献主题为面向言语与听力障碍者的AI手语翻译平台，不属于口腔医学任一学科；尽管证据片段显示""These animations were designed using Blender""，但主题不符合纳入标准。
【软件】: -
【专科】: -
【应用场景】: -
【研究设计】: -"
system on board integrated flexible oegfet aptasensor for multianalyte testing in saliva,System-on-Board Integrated Flexible OEGFET Aptasensor for Multianalyte Testing in Saliva,IEEE Journal on Flexible Electronics,journalArticle,QU3DP4UW,Massey和Prakash - 2023 - System-on-Board Integrated Flexible OEGFET Aptasensor for Multianalyte Testing in Saliva.pdf,EXCLUDE,"该研究主题为柔性生物传感器用于唾液皮质醇检测，属于生物医学工程/电子工程领域，不属于口腔医学任一学科；且证据中仅出现""Data were digitally filtered in MATLAB""，MATLAB用于电信号数据处理而非3D数据的处理、分析、建模或测量。",-,-,-,-,"【判定】: EXCLUDE
【判定理由】: 该研究主题为柔性生物传感器用于唾液皮质醇检测，属于生物医学工程/电子工程领域，不属于口腔医学任一学科；且证据中仅出现""Data were digitally filtered in MATLAB""，MATLAB用于电信号数据处理而非3D数据的处理、分析、建模或测量。
【软件】: -
【专科】: -
【应用场景】: -
【研究设计】: -"
a customized artificial ear based on vibrotactile feedback a pilot study,A Customized Artificial Ear Based on Vibrotactile Feedback: A Pilot Study,2022 IEEE-EMBS International Conference on Wearable and Implantable Body Sensor Networks (BSN),conferencePaper,RVQ8W7LL,Yang 等 - 2022 - A Customized Artificial Ear Based on Vibrotactile Feedback A Pilot Study.pdf,EXCLUDE,"该研究属于可穿戴助听设备领域，不属于口腔医学任一学科；且证据片段中仅提及""Arduino Leonardo board""及自研GUI，未使用具名第三方非牙科3D软件。",-,-,-,-,"【判定】: EXCLUDE
【判定理由】: 该研究属于可穿戴助听设备领域，不属于口腔医学任一学科；且证据片段中仅提及""Arduino Leonardo board""及自研GUI，未使用具名第三方非牙科3D软件。
【软件】: -
【专科】: -
【应用场景】: -
【研究设计】: -"
high level features in deeper deep learning layers for breast cancer classification,High-level Features in Deeper Deep Learning Layers for Breast Cancer Classification,"2021 11th IEEE International Conference on Control System, Computing and Engineering (ICCSCE)",conferencePaper,RN2Q4D82,Razali 等 - 2021 - High-level Features in Deeper Deep Learning Layers for Breast Cancer Classification.pdf,EXCLUDE,该文献主题为乳腺癌分类（breast cancer classification），不属于口腔医学任一学科；且证据片段中仅涉及CNN、AlexNet、InceptionV3等自研/深度学习模型，未使用具名第三方非牙科3D软件。,-,-,-,-,"【判定】: EXCLUDE
【判定理由】: 该文献主题为乳腺癌分类（breast cancer classification），不属于口腔医学任一学科；且证据片段中仅涉及CNN、AlexNet、InceptionV3等自研/深度学习模型，未使用具名第三方非牙科3D软件。
【软件】: -
【专科】: -
【应用场景】: -
【研究设计】: -"
robust oral localization based on multicamera tracking of self identifying markers,Robust Oral Localization Based on Multicamera Tracking of Self-Identifying Markers,IEEE Transactions on Instrumentation and Measurement,journalArticle,Y8VP89EU,Hu 等 - 2024 - Robust Oral Localization Based on Multicamera Tracking of Self-Identifying Markers.pdf,EXCLUDE,"证据片段仅提及""a novel technique based on intraoral scanning and visual reconstruction""及自研的多相机跟踪方法（非线性优化与EKF），未出现任何具名的第三方非牙科3D软件被该研究自己使用。",-,-,-,-,"【判定】: EXCLUDE
【判定理由】: 证据片段仅提及""a novel technique based on intraoral scanning and visual reconstruction""及自研的多相机跟踪方法（非线性优化与EKF），未出现任何具名的第三方非牙科3D软件被该研究自己使用。
【软件】: -
【专科】: -
【应用场景】: -
【研究设计】: -"
automated orthognathic surgery planning based on shape aware morphology prediction and anatomy constrained registration,Automated Orthognathic Surgery Planning Based on Shape-Aware Morphology Prediction and Anatomy-Constrained Registration,IEEE Transactions on Image Processing,journalArticle,AJ4I25ZJ,Guo 等 - 2026 - Automated Orthognathic Surgery Planning Based on Shape-Aware Morphology Prediction and Anatomy-Const.pdf,EXCLUDE,证据片段仅显示该研究提出自研的 OrthoPlanner 框架、JawFormer transformer 网络及 Structure-Aware rigid Alignment 算法，未出现任何具名第三方非牙科3D软件被该研究自己使用。,-,-,-,-,"【判定】: EXCLUDE
【判定理由】: 证据片段仅显示该研究提出自研的 OrthoPlanner 框架、JawFormer transformer 网络及 Structure-Aware rigid Alignment 算法，未出现任何具名第三方非牙科3D软件被该研究自己使用。
【软件】: -
【专科】: -
【应用场景】: -
【研究设计】: -"
development and validation of a freehand 3 d ultrasound system for real time intraoral image reconstruction,Development and Validation of a Freehand 3-D Ultrasound System for Real-Time Intraoral Image Reconstruction,IEEE Transactions on Instrumentation and Measurement,journalArticle,DFF9LQMV,Chen 等 - 2026 - Development and Validation of a Freehand 3-D Ultrasound System for Real-Time Intraoral Image Reconst.pdf,EXCLUDE,"证据片段显示该研究使用""an in-house designed ultrasound transducer""和""A forward-mapping algorithm was employed for 3-D data fusion""，属于自研硬件与自研算法，未提及任何具名的第三方非牙科3D软件。",-,-,-,-,"【判定】: EXCLUDE
【判定理由】: 证据片段显示该研究使用""an in-house designed ultrasound transducer""和""A forward-mapping algorithm was employed for 3-D data fusion""，属于自研硬件与自研算法，未提及任何具名的第三方非牙科3D软件。
【软件】: -
【专科】: -
【应用场景】: -
【研究设计】: -"
efficient registration of intraoral point clouds using 3 d spatial consistent grouping method with global optimization,Efficient Registration of Intraoral Point Clouds Using 3-D Spatial Consistent Grouping Method With Global Optimization,IEEE Transactions on Instrumentation and Measurement,journalArticle,CLJ8NKK8,Wang 等 - 2025 - Efficient Registration of Intraoral Point Clouds Using 3-D Spatial Consistent Grouping Method With G.pdf,EXCLUDE,"该研究提出的是自研匹配方法（""3D-SCG method""、""Tooth-Net module""、""Score-Net""），证据片段中未出现任何该研究自己使用的具名第三方非牙科3D软件，仅提及作为对比的传统算法（FPFH with ICP）。",-,-,-,-,"【判定】: EXCLUDE
【判定理由】: 该研究提出的是自研匹配方法（""3D-SCG method""、""Tooth-Net module""、""Score-Net""），证据片段中未出现任何该研究自己使用的具名第三方非牙科3D软件，仅提及作为对比的传统算法（FPFH with ICP）。
【软件】: -
【专科】: -
【应用场景】: -
【研究设计】: -"
calibration of intraoral 3 d measurement system with using consummated model combined with highly accurate data pairs,Calibration of Intraoral 3-D Measurement System With Using Consummated Model Combined With Highly Accurate Data Pairs,IEEE Transactions on Instrumentation and Measurement,journalArticle,MMNAMT58,Chen - 2023 - Calibration of Intraoral 3-D Measurement System With Using Consummated Model Combined With Highly Ac.pdf,EXCLUDE,"证据片段仅描述自研的标定模型与""subpixel cross-center detection algorithm""及Levenberg–Marquardt优化，未出现任何具名第三方非牙科3D软件被该研究自身使用。",-,-,-,-,"【判定】: EXCLUDE
【判定理由】: 证据片段仅描述自研的标定模型与""subpixel cross-center detection algorithm""及Levenberg–Marquardt优化，未出现任何具名第三方非牙科3D软件被该研究自身使用。
【软件】: -
【专科】: -
【应用场景】: -
【研究设计】: -"
intraoral 3 d measurement by means of group coding combined with consistent enhancement for fringe projection pattern,Intraoral 3-D Measurement by Means of Group Coding Combined With Consistent Enhancement for Fringe Projection Pattern,IEEE Transactions on Instrumentation and Measurement,journalArticle,GCV28PD9,Chen - 2022 - Intraoral 3-D Measurement by Means of Group Coding Combined With Consistent Enhancement for Fringe P.pdf,EXCLUDE,"证据片段仅描述了该研究自研的条纹投影轮廓术（FPP）算法与设备（""group-multiline coding algorithm""、""consistent stripe feature enhancement (CSFE) method""），未出现任何具名的第三方非牙科3D软件被该研究自己使用。",-,-,-,-,"【判定】: EXCLUDE
【判定理由】: 证据片段仅描述了该研究自研的条纹投影轮廓术（FPP）算法与设备（""group-multiline coding algorithm""、""consistent stripe feature enhancement (CSFE) method""），未出现任何具名的第三方非牙科3D软件被该研究自己使用。
【软件】: -
【专科】: -
【应用场景】: -
【研究设计】: -"
enhanced landmark detection in oral and maxillofacial ct and cbct scans a multistage global local integration approach,Enhanced Landmark Detection in Oral and Maxillofacial CT and CBCT Scans: A Multistage Global–Local Integration Approach,IEEE Transactions on Instrumentation and Measurement,journalArticle,6F9KM9CD,Zhu 等 - 2025 - Enhanced Landmark Detection in Oral and Maxillofacial CT and CBCT Scans A Multistage Global–Local I.pdf,EXCLUDE,"证据片段仅显示该研究使用自研的 3-D U-Net 模型与自编代码（如 ""3-D U-Net model with heatmap regression as backbones"" 及 GitHub 链接 ""HLZ-CODE/Maxillofacial-Landmark""），未提及任何具名的第三方非牙科3D软件被该研究自身使用。",-,-,-,-,"【判定】: EXCLUDE
【判定理由】: 证据片段仅显示该研究使用自研的 3-D U-Net 模型与自编代码（如 ""3-D U-Net model with heatmap regression as backbones"" 及 GitHub 链接 ""HLZ-CODE/Maxillofacial-Landmark""），未提及任何具名的第三方非牙科3D软件被该研究自身使用。
【软件】: -
【专科】: -
【应用场景】: -
【研究设计】: -"
3d human reconstruction combined with facial features,3D Human Reconstruction Combined with Facial Features,"2022 International Conference on Image Processing, Computer Vision and Machine Learning (ICICML)",conferencePaper,CAZ49UPW,Su 等 - 2022 - 3D Human Reconstruction Combined with Facial Features.pdf,EXCLUDE,"该文献主题为元宇宙中的人体三维重建，不属于口腔医学任一学科；且证据片段中未出现任何具名第三方非牙科3D软件，仅提及自研的""3D human reconstruction algorithm""与""3DMM model""。",-,-,-,-,"【判定】: EXCLUDE
【判定理由】: 该文献主题为元宇宙中的人体三维重建，不属于口腔医学任一学科；且证据片段中未出现任何具名第三方非牙科3D软件，仅提及自研的""3D human reconstruction algorithm""与""3DMM model""。
【软件】: -
【专科】: -
【应用场景】: -
【研究设计】: -"
learning disentangled features for nerf based face reconstruction,Learning Disentangled Features for Nerf-Based Face Reconstruction,2023 IEEE International Conference on Image Processing (ICIP),conferencePaper,QNTVYNKA,Yan 等 - 2023 - Learning Disentangled Features for Nerf-Based Face Reconstruction.pdf,EXCLUDE,"该研究主题为基于NeRF的人脸重建（""3D-aware face reconstruction learning framework tailored for HeadNeRF""），不属于口腔医学任一学科；且其方法为自研神经网络（""train a face encoder network""），未使用具名第三方非牙科3D软件。",-,-,-,-,"【判定】: EXCLUDE
【判定理由】: 该研究主题为基于NeRF的人脸重建（""3D-aware face reconstruction learning framework tailored for HeadNeRF""），不属于口腔医学任一学科；且其方法为自研神经网络（""train a face encoder network""），未使用具名第三方非牙科3D软件。
【软件】: -
【专科】: -
【应用场景】: -
【研究设计】: -"
pwd 3dnet a deep learning based fully automated segmentation of multiple structures on temporal bone ct scans,PWD-3DNet: A Deep Learning-Based Fully-Automated Segmentation of Multiple Structures on Temporal Bone CT Scans,IEEE Transactions on Image Processing,journalArticle,VA5H2U59,Nikan 等 - 2021 - PWD-3DNet A Deep Learning-Based Fully-Automated Segmentation of Multiple Structures on Temporal Bon.pdf,EXCLUDE,"该研究仅提出并使用自研深度学习网络""PWD-3DNet""（""The proposed fully convolutional network, PWD-3DNet""），证据片段中未出现任何具名的第三方非牙科3D软件被该研究自己使用。",-,-,-,-,"【判定】: EXCLUDE
【判定理由】: 该研究仅提出并使用自研深度学习网络""PWD-3DNet""（""The proposed fully convolutional network, PWD-3DNet""），证据片段中未出现任何具名的第三方非牙科3D软件被该研究自己使用。
【软件】: -
【专科】: -
【应用场景】: -
【研究设计】: -"
graph refinement with regression prior for 3d face reconstruction,Graph Refinement with Regression Prior for 3D Face Reconstruction,2022 IEEE International Conference on Image Processing (ICIP),conferencePaper,7NUXGGGT,Tang 等 - 2022 - Graph Refinement with Regression Prior for 3D Face Reconstruction.pdf,EXCLUDE,"该研究属于计算机视觉领域的3D人脸重建，主题不属于口腔医学；且其方法为自研的GRRP框架（""We propose the Graph Refinement with Regression Prior (GRRP) framework""），未使用具名第三方非牙科3D软件。",-,-,-,-,"【判定】: EXCLUDE
【判定理由】: 该研究属于计算机视觉领域的3D人脸重建，主题不属于口腔医学；且其方法为自研的GRRP框架（""We propose the Graph Refinement with Regression Prior (GRRP) framework""），未使用具名第三方非牙科3D软件。
【软件】: -
【专科】: -
【应用场景】: -
【研究设计】: -"
effect of crestal position on bone implant stress interface of three implant splinted prostheses a finite element analysis,Effect of Crestal Position on Bone-Implant Stress Interface of Three-Implant Splinted Prostheses: A Finite Element Analysis,MATERIALS,journalArticle,RLTJ6JCJ,Ceddia 等 - 2025 - Effect of Crestal Position on Bone-Implant Stress Interface of Three-Implant Splinted Prostheses A.pdf,EXCLUDE,"抽取的证据片段仅泛泛提及""finite element analysis (FEA) has become a widely adopted tool""，未出现该研究自身使用的任何具名第三方非牙科3D软件（如 ANSYS、ABAQUS 等）。",-,-,-,-,"【判定】: EXCLUDE
【判定理由】: 抽取的证据片段仅泛泛提及""finite element analysis (FEA) has become a widely adopted tool""，未出现该研究自身使用的任何具名第三方非牙科3D软件（如 ANSYS、ABAQUS 等）。
【软件】: -
【专科】: -
【应用场景】: -
【研究设计】: -"
vision guided nucleic acid detection and sampling robot,Vision-Guided Nucleic Acid Detection and Sampling Robot,2024 IEEE 2nd International Conference on Image Processing and Computer Applications (ICIPCA),conferencePaper,JEHNTLW4,Wang 等 - 2024 - Vision-Guided Nucleic Acid Detection and Sampling Robot.pdf,EXCLUDE,"该研究属于会议论文（IEEE ICIPCA 2024），且其方法为自研的基于注意力机制的 SSD 目标检测模型（""SSD algorithm (Single Shot Multi-Box Detector) based on attention mechanism is used to identify and locate tonsil region""），证据片段中未出现任何该研究自己使用的具名第三方非牙科3D软件。",-,-,-,-,"【判定】: EXCLUDE
【判定理由】: 该研究属于会议论文（IEEE ICIPCA 2024），且其方法为自研的基于注意力机制的 SSD 目标检测模型（""SSD algorithm (Single Shot Multi-Box Detector) based on attention mechanism is used to identify and locate tonsil region""），证据片段中未出现任何该研究自己使用的具名第三方非牙科3D软件。
【软件】: -
【专科】: -
【应用场景】: -
【研究设计】: -"
sivan classification system for diagnosis of jaw lesions based on visual volumetric analysis of 3 dimensional cone beam computed tomographic images,Sivan classification system for diagnosis of jaw lesions based on visual volumetric analysis of 3-dimensional cone-beam computed tomographic images,SCIENTIFIC REPORTS,journalArticle,F6V9KWK9,Sathish - 2024 - Sivan classification system for diagnosis of jaw lesions based on visual volumetric analysis of 3-di.pdf,EXCLUDE,"证据片段中唯一具名的软件是""NNT software""，但该软件是CBCT影像处理软件（牙科影像专用），并非原始开发领域在牙科之外的第三方非牙科3D软件；且文中未出现 Mimics、3D Slicer、Geomagic 等符合纳入标准的软件。",-,-,-,-,"【判定】: EXCLUDE
【判定理由】: 证据片段中唯一具名的软件是""NNT software""，但该软件是CBCT影像处理软件（牙科影像专用），并非原始开发领域在牙科之外的第三方非牙科3D软件；且文中未出现 Mimics、3D Slicer、Geomagic 等符合纳入标准的软件。
【软件】: -
【专科】: -
【应用场景】: -
【研究设计】: -"
a novel digital and visualized guided bone regeneration procedure and digital precise bone augmentation a case series,A novel digital and visualized guided bone regeneration procedure and digital precise bone augmentation: A case series,CLINICAL IMPLANT DENTISTRY AND RELATED RESEARCH,journalArticle,W2SGSLB2,Li 等 - 2021 - A novel digital and visualized guided bone regeneration procedure and digital precise bone augmentat.pdf,EXCLUDE,"证据片段仅泛泛提及""the digital software""（""we designed the virtual bone augmentation in the digital software""），未给出任何具名的第三方非牙科3D软件名称，无法确认该研究自身使用了符合纳入标准的具名软件。",-,-,-,-,"【判定】: EXCLUDE
【判定理由】: 证据片段仅泛泛提及""the digital software""（""we designed the virtual bone augmentation in the digital software""），未给出任何具名的第三方非牙科3D软件名称，无法确认该研究自身使用了符合纳入标准的具名软件。
【软件】: -
【专科】: -
【应用场景】: -
【研究设计】: -"
type of maxillary segment mobilization affects three dimensional nasal morphology,Type of maxillary segment mobilization affects three-dimensional nasal morphology,JOURNAL OF PLASTIC RECONSTRUCTIVE AND AESTHETIC SURGERY,journalArticle,3LP7326M,Denadai 等 - 2021 - Type of maxillary segment mobilization affects three-dimensional nasal morphology.pdf,EXCLUDE,"证据片段显示该研究仅使用牙科专用软件 ""Dolphin 3D software (Dolphin Imaging & Management)"" 进行3D骨骼面部模型处理与分析，未使用任何具名的第三方非牙科3D软件。",-,-,-,-,"【判定】: EXCLUDE
【判定理由】: 证据片段显示该研究仅使用牙科专用软件 ""Dolphin 3D software (Dolphin Imaging & Management)"" 进行3D骨骼面部模型处理与分析，未使用任何具名的第三方非牙科3D软件。
【软件】: -
【专科】: -
【应用场景】: -
【研究设计】: -"
jaw morphology and factors associated with upper impacted canines case controlled trial,Jaw Morphology and Factors Associated with Upper Impacted Canines: Case-Controlled Trial,APPLIED SCIENCES-BASEL,journalArticle,GID4YXLX,Golez 等 - 2024 - Jaw Morphology and Factors Associated with Upper Impacted Canines Case-Controlled Trial.pdf,INCLUDE,"该研究自身在方法中使用 RapidForm™ 2006 软件对3D模型进行测量，原文明确写道""we imported the 3D study models in digital form into a customized program for analyzing the morphological features of the jaws based on Rapid Form™ 2006 software""。",RapidForm 2006,Orthodontics,Morphological and phenotypic analysis,clinical,"【判定】: INCLUDE
【判定理由】: 该研究自身在方法中使用 RapidForm™ 2006 软件对3D模型进行测量，原文明确写道""we imported the 3D study models in digital form into a customized program for analyzing the morphological features of the jaws based on Rapid Form™ 2006 software""。
【软件】: RapidForm 2006
【专科】: Orthodontics
【应用场景】: Morphological and phenotypic analysis
【研究设计】: clinical"
cmvnet centerline guided multi view network for continuous mandibular canal segmentation in cbct,CMVNet: Centerline-guided multi-view network for continuous mandibular canal segmentation in CBCT,BIOMEDICAL SIGNAL PROCESSING AND CONTROL,journalArticle,DMBNYJGJ,Yang 等 - 2026 - CMVNet Centerline-guided multi-view network for continuous mandibular canal segmentation in CBCT.pdf,EXCLUDE,"该研究提出的是自研网络 CMVNet（""we propose the CMVNet, a network to achieve continuous and anatomically consistent mandibular canal segmentation""），证据片段中未出现任何该研究自己使用的具名第三方非牙科3D软件。",-,-,-,-,"【判定】: EXCLUDE
【判定理由】: 该研究提出的是自研网络 CMVNet（""we propose the CMVNet, a network to achieve continuous and anatomically consistent mandibular canal segmentation""），证据片段中未出现任何该研究自己使用的具名第三方非牙科3D软件。
【软件】: -
【专科】: -
【应用场景】: -
【研究设计】: -"
a modified protocol to evaluate masseter morphology based on automatic segmentation and registration,A Modified Protocol to Evaluate Masseter Morphology Based on Automatic Segmentation and Registration,2022 International Conference on Service Robotics (ICoSR),conferencePaper,CT63NU2A,Wu 等 - 2022 - A Modified Protocol to Evaluate Masseter Morphology Based on Automatic Segmentation and Registration.pdf,EXCLUDE,"证据片段仅提及""graph-cut automatic segmentation""、""matching cubes algorithm""、""ICP registration""等自研算法/程序，未出现任何具名的第三方非牙科3D软件被该研究自己使用。",-,-,-,-,"【判定】: EXCLUDE
【判定理由】: 证据片段仅提及""graph-cut automatic segmentation""、""matching cubes algorithm""、""ICP registration""等自研算法/程序，未出现任何具名的第三方非牙科3D软件被该研究自己使用。
【软件】: -
【专科】: -
【应用场景】: -
【研究设计】: -"
treatment effects of 3d printed pcl fe3o4 3 o 4 zif 8 magnetic nanocomposite on infected bone defect,Treatment effects of 3D-printed PCL/Fe3O4@ 3 O 4 @ ZIF-8 magnetic nanocomposite on infected bone defect,INTERNATIONAL JOURNAL OF BIOPRINTING,journalArticle,JQX4HQ9M,Xiao 等 - 2024 - Treatment effects of 3D-printed PCLFe3O4@ 3 O 4 @ ZIF-8 magnetic nanocomposite on infected bone def.pdf,EXCLUDE,证据片段中出现的软件为 ImageJ、GraphPad Prism 及 micro-CT 辅助软件（Concepts NREC），均非用于3D数据处理/分析/建模/测量的具名第三方非牙科3D软件，且未涉及3D建模或测量软件。,-,-,-,-,"【判定】: EXCLUDE
【判定理由】: 证据片段中出现的软件为 ImageJ、GraphPad Prism 及 micro-CT 辅助软件（Concepts NREC），均非用于3D数据处理/分析/建模/测量的具名第三方非牙科3D软件，且未涉及3D建模或测量软件。
【软件】: -
【专科】: -
【应用场景】: -
【研究设计】: -"
plug and play regularization on magnitude with deep priors for 3d near field mimo imaging,Plug-and-Play Regularization on Magnitude With Deep Priors for 3D Near-Field MIMO Imaging,IEEE Transactions on Computational Imaging,journalArticle,PCEEZU3Y,Oral和Oktem - 2024 - Plug-and-Play Regularization on Magnitude With Deep Priors for 3D Near-Field MIMO Imaging.pdf,EXCLUDE,该文献属于雷达近场成像领域，主题不属于口腔医学；且证据片段中仅涉及自研的 plug-and-play 重建方法与 3D deep denoiser，未使用任何具名第三方非牙科3D软件。,-,-,-,-,"【判定】: EXCLUDE
【判定理由】: 该文献属于雷达近场成像领域，主题不属于口腔医学；且证据片段中仅涉及自研的 plug-and-play 重建方法与 3D deep denoiser，未使用任何具名第三方非牙科3D软件。
【软件】: -
【专科】: -
【应用场景】: -
【研究设计】: -"
