_nt,Title,期刊,Item Type,Key,PassA,PassB,判定,证据,软件,专科,应用场景,研究设计,原始返回
influence of splinting scan bodies or incorporating three dimensionally printed scan aids on the trueness of complete arch digital scans,Influence of splinting scan bodies or incorporating three-dimensionally printed scan aids on the trueness of complete arch digital scans.,The Journal of prosthetic dentistry,journalArticle,YCBI9HI4,INCLUDE,INCLUDE,INCLUDE,"""the custom scan bodies with a lateral extension were virtually designed (SolidWorks; Dassault Systèmes)""；""an auxiliary apparatus with 1 extended structure and 1 ring fragment was virtually designed (SolidWorks; Dassault Systèmes)""；""All STL files were imported to a metrology-grade inspection software program (Geomagic Control X; 3D systems)""",SolidWorks; Geomagic Control X,Prosthodontics,Digital design and manufacturing,in_vitro,"【判定】: INCLUDE
【证据】: ""the custom scan bodies with a lateral extension were virtually designed (SolidWorks; Dassault Systèmes)""；""an auxiliary apparatus with 1 extended structure and 1 ring fragment was virtually designed (SolidWorks; Dassault Systèmes)""；""All STL files were imported to a metrology-grade inspection software program (Geomagic Control X; 3D systems)""
【软件】: SolidWorks; Geomagic Control X
【专科】: Prosthodontics
【应用场景】: Digital design and manufacturing
【研究设计】: in_vitro"
time resolved prediction of dental implant biomechanics through integration of finite element analysis osseointegration dynamics and deep learning,"Time-resolved prediction of dental implant biomechanics through integration of finite element analysis, osseointegration dynamics, and deep learning",JOURNAL OF THE MECHANICAL BEHAVIOR OF BIOMEDICAL MATERIALS,journalArticle,G9RBUHY9,INCLUDE,EXCLUDE,INCLUDE,"The implant geometry—a threaded, root-form, cylindrical-tapered design (4.0 mm diameter, 11 mm length)—was modeled in SolidWorks® and imported into ANSYS® Workbench (R1 2024).",SolidWorks; ANSYS Workbench,Implantology,Biomechanical analysis and simulation,computational,"【判定】: INCLUDE
【证据】: The implant geometry—a threaded, root-form, cylindrical-tapered design (4.0 mm diameter, 11 mm length)—was modeled in SolidWorks® and imported into ANSYS® Workbench (R1 2024).
【软件】: SolidWorks; ANSYS Workbench
【专科】: Implantology
【应用场景】: Biomechanical analysis and simulation
【研究设计】: computational"
randomized crossover study of immersive planning in craniomaxillofacial trauma comparing virtual reality and workstation workflows,Randomized crossover study of immersive planning in craniomaxillofacial trauma comparing virtual reality and workstation workflows,SCIENTIFIC REPORTS,journalArticle,LQZ2C4X4,INCLUDE,EXCLUDE,INCLUDE,"Conventional segmentation was performed using commercial segmentation software (Materialise Mimics, version 26.0, Materialise NV, Leuven, Belgium)",Materialise Mimics,Oral and Maxillofacial Surgery,Image segmentation and 3D reconstruction,clinical,"【判定】: INCLUDE
【证据】: Conventional segmentation was performed using commercial segmentation software (Materialise Mimics, version 26.0, Materialise NV, Leuven, Belgium)
【软件】: Materialise Mimics
【专科】: Oral and Maxillofacial Surgery
【应用场景】: Image segmentation and 3D reconstruction
【研究设计】: clinical"
accuracy of dicom dicom vs dicom stl protocols in computer guided surgery a human clinical study,Accuracy of DICOM-DICOM vs. DICOM-STL Protocols in Computer-Guided Surgery: A Human Clinical Study,JOURNAL OF CLINICAL MEDICINE,journalArticle,9EGJ5B29,INCLUDE,EXCLUDE,INCLUDE,"Dataset was exported in STL format, and using the software's best-fit algorithm, the image of the implant was then isolated and coupled with the corresponding implant project file to measure the deviation between the positions (Geomagic, Geomagic, Morrisville, NC, USA).",Geomagic,Implantology,3D data analysis and accuracy assessment,clinical,"【判定】: INCLUDE
【证据】: Dataset was exported in STL format, and using the software's best-fit algorithm, the image of the implant was then isolated and coupled with the corresponding implant project file to measure the deviation between the positions (Geomagic, Geomagic, Morrisville, NC, USA).
【软件】: Geomagic
【专科】: Implantology
【应用场景】: 3D data analysis and accuracy assessment
【研究设计】: clinical"
treatment of progressive hemifacial atrophy by cartilage graft and free adipofascial flap combined with three dimensional planning,Treatment of Progressive Hemifacial Atrophy by Cartilage Graft and Free Adipofascial Flap Combined with Three-Dimensional Planning.,Plastic and reconstructive surgery,journalArticle,PYH6UXUZ,,INCLUDE,EXCLUDE,"主题为整形外科（progressive hemifacial atrophy 的面部重建），不属于口腔医学任一学科；虽方法学中明确使用 Mimics（""The image data was analyzed on Mimics Innovation Suite Software""），但主题不符纳入标准第1条。",-,-,-,-,"【判定】: EXCLUDE
【证据】: 主题为整形外科（progressive hemifacial atrophy 的面部重建），不属于口腔医学任一学科；虽方法学中明确使用 Mimics（""The image data was analyzed on Mimics Innovation Suite Software""），但主题不符纳入标准第1条。
【软件】: -
【专科】: -
【应用场景】: -
【研究设计】: -"
is a standardised severity index needed in unicoronal craniosynostosis challenges in developing an objective metric,Is a standardised severity index needed in unicoronal craniosynostosis? Challenges in developing an objective metric.,Child's nervous system : ChNS : official journal of the International Society for Pediatric Neurosurgery,journalArticle,7P53GXNZ,,INCLUDE,EXCLUDE,"片段中出现的具名软件为 Meshmixer（Autodesk），但原文表述为 ""Large holes were manually restored using Meshmixer""，属于网格修补操作；其余软件（BoneSplit、OrbSeg、R3DS、Dr. Warehouse、R）均为牙科/颅面专用工具或统计软件，且 3D Slicer 仅出现在参考文献列表（Fedorov et al. 2012）中，非本研究自身使用。缺乏本研究使用一个具名第三方非牙科3D软件进行3D数据处理/分析/建模/测量的明确证据。",-,-,-,-,"【判定】: EXCLUDE
【证据】: 片段中出现的具名软件为 Meshmixer（Autodesk），但原文表述为 ""Large holes were manually restored using Meshmixer""，属于网格修补操作；其余软件（BoneSplit、OrbSeg、R3DS、Dr. Warehouse、R）均为牙科/颅面专用工具或统计软件，且 3D Slicer 仅出现在参考文献列表（Fedorov et al. 2012）中，非本研究自身使用。缺乏本研究使用一个具名第三方非牙科3D软件进行3D数据处理/分析/建模/测量的明确证据。
【软件】: -
【专科】: -
【应用场景】: -
【研究设计】: -"
a novel approach to craniofacial analysis using automated 3d landmarking of the skull,A novel approach to craniofacial analysis using automated 3D landmarking of the skull,SCIENTIFIC REPORTS,journalArticle,22IDN6AX,INCLUDE,INCLUDE,INCLUDE,"""The DICOM images obtained from the CBCT were processed in the free software 3D Slicer32."" / ""The skull meshes were then imported into Blender33 where a half-cylindrical mesh was placed around the skull and the shrink-wrap modifier applied"" / ""the meshes were reduced to 30,000 triangles in Meshmixer34"" / ""using the MeshMonk framework28 in Matlab35""",3D Slicer; Blender; Meshmixer; MATLAB,Oral and Maxillofacial Surgery,Image segmentation and 3D reconstruction,computational,"【判定】: INCLUDE
【证据】: ""The DICOM images obtained from the CBCT were processed in the free software 3D Slicer32."" / ""The skull meshes were then imported into Blender33 where a half-cylindrical mesh was placed around the skull and the shrink-wrap modifier applied"" / ""the meshes were reduced to 30,000 triangles in Meshmixer34"" / ""using the MeshMonk framework28 in Matlab35""
【软件】: 3D Slicer; Blender; Meshmixer; MATLAB
【专科】: Oral and Maxillofacial Surgery
【应用场景】: Image segmentation and 3D reconstruction
【研究设计】: computational"
bioimpedance sensing surgical drill computational modelling and experimental validation,Bioimpedance Sensing Surgical Drill – Computational Modelling and Experimental Validation,2020 42nd Annual International Conference of the IEEE Engineering in Medicine & Biology Society (EMBC),conferencePaper,KD6XD5UU,,INCLUDE,EXCLUDE,该研究使用 MATLAB 和 Gmsh 进行有限元建模与仿真，但文献类型为 IEEE EMBC 会议论文（会议摘要/会议论文），不符合纳入标准第3条（原创研究、技术说明或病例报告），且期刊为会议论文集。,-,-,-,-,"【判定】: EXCLUDE
【证据】: 该研究使用 MATLAB 和 Gmsh 进行有限元建模与仿真，但文献类型为 IEEE EMBC 会议论文（会议摘要/会议论文），不符合纳入标准第3条（原创研究、技术说明或病例报告），且期刊为会议论文集。
【软件】: -
【专科】: -
【应用场景】: -
【研究设计】: -"
development of 3d in vitro mineralized bone model to reproduce dental implants osseointegration process,Development of 3D in vitro mineralized bone model to reproduce dental implants osseointegration process.,Biofabrication,journalArticle,RBJV9U6L,,INCLUDE,INCLUDE,"""The scaffold was designed using AutoDesk Fusion software."" 以及 ""PLA filament thickness and porosity were analyzed using ImageJ software analysis of SEM images.""",Autodesk Fusion; ImageJ,Implantology,Digital design and manufacturing,in_vitro,"【判定】: INCLUDE
【证据】: ""The scaffold was designed using AutoDesk Fusion software."" 以及 ""PLA filament thickness and porosity were analyzed using ImageJ software analysis of SEM images.""
【软件】: Autodesk Fusion; ImageJ
【专科】: Implantology
【应用场景】: Digital design and manufacturing
【研究设计】: in_vitro"
an in vitro evaluation of bond strength and failure behavior between 3d printed cobalt chromium alloy and different types of denture base resins,An in vitro evaluation of bond strength and failure behavior between 3D-printed cobalt-chromium alloy and different types of denture base resins,JOURNAL OF DENTISTRY,journalArticle,GZCR8ZD9,INCLUDE,INCLUDE,INCLUDE,"A computer-aided design (CAD) software (Autodesk Meshmixer version 3.5; Autodesk, Inc., San Rafael, CA) was used to design a disk-shaped specimen with an 8 mm in diameter and 2 mm in thickness",Autodesk Meshmixer; Magics,Prosthodontics,Digital design and manufacturing,in_vitro,"【判定】: INCLUDE
【证据】: A computer-aided design (CAD) software (Autodesk Meshmixer version 3.5; Autodesk, Inc., San Rafael, CA) was used to design a disk-shaped specimen with an 8 mm in diameter and 2 mm in thickness
【软件】: Autodesk Meshmixer; Magics
【专科】: Prosthodontics
【应用场景】: Digital design and manufacturing
【研究设计】: in_vitro"
the geometric relationship between root length and root surface area determined from digital tooth models,The geometric relationship between root length and root surface area determined from digital tooth models.,Computers in biology and medicine,journalArticle,F5DKTHEG,INCLUDE,INCLUDE,INCLUDE,"""Utilising Meshmixer Version 3.3 (Autodesk, 2022), the roots of each three-dimensional tooth model were separated from the crowns at the presumptive cemento-enamel junction (CEJ) through a semi-automated process by an experienced clinician."" 以及 ""Meshmixer was used to segment the roots from the crowns at the cemento-enamel junction (CEJ).""",Meshmixer,Orthodontics,Image segmentation and 3D reconstruction,computational,"【判定】: INCLUDE
【证据】: ""Utilising Meshmixer Version 3.3 (Autodesk, 2022), the roots of each three-dimensional tooth model were separated from the crowns at the presumptive cemento-enamel junction (CEJ) through a semi-automated process by an experienced clinician."" 以及 ""Meshmixer was used to segment the roots from the crowns at the cemento-enamel junction (CEJ).""
【软件】: Meshmixer
【专科】: Orthodontics
【应用场景】: Image segmentation and 3D reconstruction
【研究设计】: computational"
accuracy of facial skeletal surfaces segmented from ct and cbct radiographs,Accuracy of facial skeletal surfaces segmented from CT and CBCT radiographs,SCIENTIFIC REPORTS,journalArticle,TXLBAMRE,,INCLUDE,INCLUDE,"""The raw data of the directly scanned skulls through the surface scanner were semi-automatically post-processed in the Artec Studio 16 software (Version 16.0.5.114, Luxembourg, Luxembourg) to create a complete full head surface model."" 以及 ""These were imported in Viewbox 4 software (dHAL Softwa...""",Artec Studio; Viewbox 4,Oral and Maxillofacial Radiology,3D data analysis and accuracy assessment,in_vitro,"【判定】: INCLUDE
【证据】: ""The raw data of the directly scanned skulls through the surface scanner were semi-automatically post-processed in the Artec Studio 16 software (Version 16.0.5.114, Luxembourg, Luxembourg) to create a complete full head surface model."" 以及 ""These were imported in Viewbox 4 software (dHAL Softwa...""
【软件】: Artec Studio; Viewbox 4
【专科】: Oral and Maxillofacial Radiology
【应用场景】: 3D data analysis and accuracy assessment
【研究设计】: in_vitro"
multi material 3d printing of a customized sports mouth guard proof of concept clinical case,Multi-Material 3D Printing of a Customized Sports Mouth Guard: Proof-of-Concept Clinical Case,INTERNATIONAL JOURNAL OF ENVIRONMENTAL RESEARCH AND PUBLIC HEALTH,journalArticle,IHJYACL8,INCLUDE,INCLUDE,INCLUDE,"""The aligned jaw scans were saved in STL format and uploaded in the free-form CAD software (Zbrush, Pixologic Inc, Los Angeles, California, USA) in order to design a multilayer MG."" 以及 ""the 'inflat' tool was used to generate two separate layers—inner and outer... using 'inflat' tool in the Zbrush software.""",ZBrush,Sports Dentistry,Digital design and manufacturing,case_report,"【判定】: INCLUDE
【证据】: ""The aligned jaw scans were saved in STL format and uploaded in the free-form CAD software (Zbrush, Pixologic Inc, Los Angeles, California, USA) in order to design a multilayer MG."" 以及 ""the 'inflat' tool was used to generate two separate layers—inner and outer... using 'inflat' tool in the Zbrush software.""
【软件】: ZBrush
【专科】: Sports Dentistry
【应用场景】: Digital design and manufacturing
【研究设计】: case_report"
is all on four effective in case of partial mandibular resection a 3d finite element study,Is All-on-four effective in case of partial mandibular resection? A 3D finite element study,JOURNAL OF STOMATOLOGY ORAL AND MAXILLOFACIAL SURGERY,journalArticle,CC9R3U63,INCLUDE,INCLUDE,INCLUDE,"""The TC scan was performed with 1 mm-thick slices and then processed using Mimics version 10.01 to obtain two 3D masks simulating cancellous and cortical bone"" ; ""transferred to SolidWorks version 2020, with which all the faceting of the mandibular surface was smoothed out"" ; ""The surfaces thus obtained were uploaded into the ANSYS v11 software for FE analysis.""",Mimics; SolidWorks; ANSYS,Oral and Maxillofacial Surgery,Biomechanical analysis and simulation,computational,"【判定】: INCLUDE
【证据】: ""The TC scan was performed with 1 mm-thick slices and then processed using Mimics version 10.01 to obtain two 3D masks simulating cancellous and cortical bone"" ; ""transferred to SolidWorks version 2020, with which all the faceting of the mandibular surface was smoothed out"" ; ""The surfaces thus obtained were uploaded into the ANSYS v11 software for FE analysis.""
【软件】: Mimics; SolidWorks; ANSYS
【专科】: Oral and Maxillofacial Surgery
【应用场景】: Biomechanical analysis and simulation
【研究设计】: computational"
development of an experimental model for assessment of palatal tissue decomposition by intraoral scanner,Development of an experimental model for assessment of palatal tissue decomposition by intraoral scanner.,Forensic science international,journalArticle,QX8DEXZK,INCLUDE,EXCLUDE,INCLUDE,"""The region of the scanned palate exhibiting rugae was cropped in the GOM Inspect software (Suite 2020, GOM GmbH, Braunschweig, Germany)."" 及 ""five rugae were randomly selected on each of the ten lambs' palates each day in the GOM Inspect software""",GOM Inspect,Forensic Odontology,3D data analysis and accuracy assessment,in_vitro,"【判定】: INCLUDE
【证据】: ""The region of the scanned palate exhibiting rugae was cropped in the GOM Inspect software (Suite 2020, GOM GmbH, Braunschweig, Germany)."" 及 ""five rugae were randomly selected on each of the ten lambs' palates each day in the GOM Inspect software""
【软件】: GOM Inspect
【专科】: Forensic Odontology
【应用场景】: 3D data analysis and accuracy assessment
【研究设计】: in_vitro"
feasibility study and material selection for powder bed fusion process in printing of denture clasps,Feasibility study and material selection for powder-bed fusion process in printing of denture clasps.,Computers in biology and medicine,journalArticle,26HSVAMX,INCLUDE,INCLUDE,INCLUDE,"""no undercuts were made on the lingual surface using reverse engineering software (Geomagic Studio 2014, 3D Systems, US)""；""A cylindrical base was virtually added to the bottom of the abutment tooth using preparation software (Magics 21.0, Materialise, Belgium)""；""A cylindrical bar was virtually added to the top of the rest using the Geomagic Studio 2014 software""；""The scan data (Scan Data A) of each clasp specimen were initially aligned with the CAD data through N-point alignment using Geomagic S",Geomagic Studio 2014; Magics 21.0,Prosthodontics,Digital design and manufacturing,in_vitro,"【判定】: INCLUDE
【证据】: ""no undercuts were made on the lingual surface using reverse engineering software (Geomagic Studio 2014, 3D Systems, US)""；""A cylindrical base was virtually added to the bottom of the abutment tooth using preparation software (Magics 21.0, Materialise, Belgium)""；""A cylindrical bar was virtually added to the top of the rest using the Geomagic Studio 2014 software""；""The scan data (Scan Data A) of each clasp specimen were initially aligned with the CAD data through N-point alignment using Geomagic Studio 2014""
【软件】: Geomagic Studio 2014; Magics 21.0
【专科】: Prosthodontics
【应用场景】: Digital design and manufacturing
【研究设计】: in_vitro"
ortho opd an automatic osteotomy planes design model for orthognathic surgery based on deep learning,Ortho-OPD: An Automatic Osteotomy Planes Design Model for Orthognathic Surgery Based on Deep Learning,IEEE Journal of Biomedical and Health Informatics,journalArticle,XXD237D5,INCLUDE,EXCLUDE,INCLUDE,"All these data were transformed into nii.gz format using Mimics software (Materialise, Belgium) for the following model development.",Mimics,Oral and Maxillofacial Surgery,Image segmentation and 3D reconstruction,computational,"【判定】: INCLUDE
【证据】: All these data were transformed into nii.gz format using Mimics software (Materialise, Belgium) for the following model development.
【软件】: Mimics
【专科】: Oral and Maxillofacial Surgery
【应用场景】: Image segmentation and 3D reconstruction
【研究设计】: computational"
realization of a dental framework by 3d printing in material cobalt chromium with superior precision and fitting accuracy,Realization of a Dental Framework by 3D Printing in Material Cobalt-Chromium with Superior Precision and Fitting Accuracy,MATERIALS,journalArticle,4QDY3R9M,,INCLUDE,INCLUDE,"Shape deviations and shape variance analysis as compared to the original CAD data is provided by stripe line projection using Atos Core and ATOS Professional V8-SR1 software (GOM, Brunswick, Germany).",ATOS Professional (GOM),Prosthodontics,3D data analysis and accuracy assessment,in_vitro,"【判定】: INCLUDE
【证据】: Shape deviations and shape variance analysis as compared to the original CAD data is provided by stripe line projection using Atos Core and ATOS Professional V8-SR1 software (GOM, Brunswick, Germany).
【软件】: ATOS Professional (GOM)
【专科】: Prosthodontics
【应用场景】: 3D data analysis and accuracy assessment
【研究设计】: in_vitro"
assessing the effect of interimplant distance and angle on different impression techniques,Assessing the Effect of Interimplant Distance and Angle on Different Impression Techniques,MACHINES,journalArticle,WQU7Y7H4,,INCLUDE,INCLUDE,"""During distance and angle measurements, first, all STL data obtained with the impressions were transferred to Rapidform (INUS Technology Inc., Seoul, South Korea) reverse engineering software.""",Rapidform,Prosthodontics,3D data analysis and accuracy assessment,in_vitro,"【判定】: INCLUDE
【证据】: ""During distance and angle measurements, first, all STL data obtained with the impressions were transferred to Rapidform (INUS Technology Inc., Seoul, South Korea) reverse engineering software.""
【软件】: Rapidform
【专科】: Prosthodontics
【应用场景】: 3D data analysis and accuracy assessment
【研究设计】: in_vitro"
the impact of mixed reality training method on novice trainees of dental implants an in vitro study,The impact of mixed reality training method on novice trainees of dental implants: an in vitro study,BMC ORAL HEALTH,journalArticle,S22NI99I,INCLUDE,EXCLUDE,INCLUDE,"""The relative position between implant placement and planned implant location was subsequently observed via the software Geomagic Control.""",Geomagic Control,Implantology,3D data analysis and accuracy assessment,in_vitro,"【判定】: INCLUDE
【证据】: ""The relative position between implant placement and planned implant location was subsequently observed via the software Geomagic Control.""
【软件】: Geomagic Control
【专科】: Implantology
【应用场景】: 3D data analysis and accuracy assessment
【研究设计】: in_vitro"
sex and age biological variation of the mandible in a portuguese population a forensic and medico legal approaches with three dimensional analysis,Sex and age biological variation of the mandible in a Portuguese population- a forensic and medico-legal approaches with three-dimensional analysis,SCIENCE & JUSTICE,journalArticle,7YA2AMRR,INCLUDE,INCLUDE,INCLUDE,"CBCT were imported into Mimics Innovation Suite 17.0 software (Materialise, Leuven, Belgium) and reconstructed to generate 3D craniofacial images.",Mimics,Forensic Dentistry,Image segmentation and 3D reconstruction,clinical,"【判定】: INCLUDE
【证据】: CBCT were imported into Mimics Innovation Suite 17.0 software (Materialise, Leuven, Belgium) and reconstructed to generate 3D craniofacial images.
【软件】: Mimics
【专科】: Forensic Dentistry
【应用场景】: Image segmentation and 3D reconstruction
【研究设计】: clinical"
virtual reality and 3d printing in head and neck cancer an educational experience,Virtual reality and 3D printing in head and neck cancer: an educational experience,FRONTIERS IN ONCOLOGY,journalArticle,SJNPSVRX,INCLUDE,EXCLUDE,INCLUDE,"""Exported DICOM from CT of a mandibular solid tumour and angio-CT of lower limbs data were segmented with Mimics Innovation Suite (Materialise).""",Mimics Innovation Suite,Oral and Maxillofacial Surgery,Image segmentation and 3D reconstruction,educational,"【判定】: INCLUDE
【证据】: ""Exported DICOM from CT of a mandibular solid tumour and angio-CT of lower limbs data were segmented with Mimics Innovation Suite (Materialise).""
【软件】: Mimics Innovation Suite
【专科】: Oral and Maxillofacial Surgery
【应用场景】: Image segmentation and 3D reconstruction
【研究设计】: educational"
evaluation of root angulations through panoramic films using artificial intelligence,Evaluation of Root Angulations Through Panoramic Films Using Artificial Intelligence,DIAGNOSTICS,journalArticle,AAF545N2,INCLUDE,EXCLUDE,INCLUDE,"""The same measurements were independently performed manually by an experienced examiner (D.¸S.) using 3D Slicer software (version 5.8.1), an open-source medical image analysis platform; these manual measurements served as the reference standard for accu- racy assessment.""",3D Slicer,Orthodontics,3D data analysis and accuracy assessment,computational,"【判定】: INCLUDE
【证据】: ""The same measurements were independently performed manually by an experienced examiner (D.¸S.) using 3D Slicer software (version 5.8.1), an open-source medical image analysis platform; these manual measurements served as the reference standard for accu- racy assessment.""
【软件】: 3D Slicer
【专科】: Orthodontics
【应用场景】: 3D data analysis and accuracy assessment
【研究设计】: computational"
precise sparse view dental crown reconstruction via 3d gaussian neural fields,Precise sparse-view dental crown reconstruction via 3D Gaussian neural fields,BIOMEDICAL SIGNAL PROCESSING AND CONTROL,journalArticle,YTX9I6KD,INCLUDE,EXCLUDE,INCLUDE,We used Cloudcompare software to manually extract the crown area of the scanned 3D model of the oral cavity as the basis for subsequent experiments.,CloudCompare,Orthodontics,Image segmentation and 3D reconstruction,computational,"【判定】: INCLUDE
【证据】: We used Cloudcompare software to manually extract the crown area of the scanned 3D model of the oral cavity as the basis for subsequent experiments.
【软件】: CloudCompare
【专科】: Orthodontics
【应用场景】: Image segmentation and 3D reconstruction
【研究设计】: computational"
influence of age related changes on crack growth trajectories and toughening mechanisms in human dentin,Influence of age-related changes on crack growth trajectories and toughening mechanisms in human dentin,DENTAL MATERIALS,journalArticle,6P4BE843,INCLUDE,INCLUDE,INCLUDE,We use a staggered scheme in a user-defined element subroutine (UEL) into Abaqus to solve the phase field and displacement problems suggested by Molnar and Gravouil [34].,ABAQUS,Restorative Dentistry,Biomechanical analysis and simulation,computational,"【判定】: INCLUDE
【证据】: We use a staggered scheme in a user-defined element subroutine (UEL) into Abaqus to solve the phase field and displacement problems suggested by Molnar and Gravouil [34].
【软件】: ABAQUS
【专科】: Restorative Dentistry
【应用场景】: Biomechanical analysis and simulation
【研究设计】: computational"
combining 3d multi object reconstruction with finite element analysis for accurate dental modelling and restoration,Combining 3D Multi-Object Reconstruction with Finite Element Analysis for Accurate Dental Modelling and Restoration,INTERNATIONAL DENTAL JOURNAL,journalArticle,LIFEJWBH,INCLUDE,EXCLUDE,INCLUDE,"""The next phase involved generating 3D solid meshes of the anatomical structures and integrating them into a unified model using ANSYS (Release 14)."" 以及 ""Analyses were performed in ANSYS Mechanical, Static Structural System, using the sparse direct solver...""",ANSYS,Prosthodontics,Biomechanical analysis and simulation,computational,"【判定】: INCLUDE
【证据】: ""The next phase involved generating 3D solid meshes of the anatomical structures and integrating them into a unified model using ANSYS (Release 14)."" 以及 ""Analyses were performed in ANSYS Mechanical, Static Structural System, using the sparse direct solver...""
【软件】: ANSYS
【专科】: Prosthodontics
【应用场景】: Biomechanical analysis and simulation
【研究设计】: computational"
lateral stress distribution analysis on hafnium metal bar for implant superstructure a finite element analysis,Lateral stress distribution analysis on hafnium metal bar for implant superstructure- A finite element analysis.,Journal of oral biology and craniofacial research,journalArticle,KJ67GB6M,INCLUDE,EXCLUDE,INCLUDE,"""Three primary software platforms were used: SolidWorks 2021 for computer-aided design (CAD) of the mandibular model and prosthetic components, HyperMesh 14 for mesh generation and refinement, and Abaqus 6.14 for simulation and stress analysis.""",SolidWorks; HyperMesh; ABAQUS,Implantology,Biomechanical analysis and simulation,computational,"【判定】: INCLUDE
【证据】: ""Three primary software platforms were used: SolidWorks 2021 for computer-aided design (CAD) of the mandibular model and prosthetic components, HyperMesh 14 for mesh generation and refinement, and Abaqus 6.14 for simulation and stress analysis.""
【软件】: SolidWorks; HyperMesh; ABAQUS
【专科】: Implantology
【应用场景】: Biomechanical analysis and simulation
【研究设计】: computational"
evaluation of trueness and precision of removable partial denture metal frameworks manufactured with digital technology and different materials,Evaluation of trueness and precision of removable partial denture metal frameworks manufactured with digital technology and different materials,JOURNAL OF ADVANCED PROSTHODONTICS,journalArticle,ATX75SMI,INCLUDE,EXCLUDE,INCLUDE,"Data were processed using GOM Inspect software (Handonmetrology, Zeiss group, Oberko-chen, Germany).",GOM Inspect,Prosthodontics,3D data analysis and accuracy assessment,in_vitro,"【判定】: INCLUDE
【证据】: Data were processed using GOM Inspect software (Handonmetrology, Zeiss group, Oberko-chen, Germany).
【软件】: GOM Inspect
【专科】: Prosthodontics
【应用场景】: 3D data analysis and accuracy assessment
【研究设计】: in_vitro"
effect of implant number attachment type and framework material on stress distribution in mandibular overdentures a finite element analysis,"Effect of implant number, attachment type, and framework material on stress distribution in mandibular overdentures: a finite element analysis",BMC ORAL HEALTH,journalArticle,SE8L9A5N,INCLUDE,INCLUDE,INCLUDE,"""DICOM data were imported into 3D Slicer (Slicer Community, 2023)... The STL mandible was then imported into ANSYS SpaceClaim software for detailed geometric processing... The meshes prepared in ANSYS Workbench software were then exported to the LS-DYNA solver for finite element stress analysis.""",3D Slicer; ANSYS SpaceClaim; ANSYS Workbench; LS-DYNA,Prosthodontics,Biomechanical analysis and simulation,computational,"【判定】: INCLUDE
【证据】: ""DICOM data were imported into 3D Slicer (Slicer Community, 2023)... The STL mandible was then imported into ANSYS SpaceClaim software for detailed geometric processing... The meshes prepared in ANSYS Workbench software were then exported to the LS-DYNA solver for finite element stress analysis.""
【软件】: 3D Slicer; ANSYS SpaceClaim; ANSYS Workbench; LS-DYNA
【专科】: Prosthodontics
【应用场景】: Biomechanical analysis and simulation
【研究设计】: computational"
accuracy evaluation of dental cbct and scanned model registration method based on pulp horn mapping surface an in vitro proof of concept,Accuracy evaluation of dental CBCT and scanned model registration method based on pulp horn mapping surface: an in vitro proof-of-concept,BMC ORAL HEALTH,journalArticle,2U8ZWJEZ,INCLUDE,EXCLUDE,INCLUDE,"""We used Matlab 2020b (MathWorks, USA) for image filtering, segmentation, 3D reconstruction, and registration error calculation, and used reverse engineering software Geomagic warp 2017 (3D System, USA, Morrisville) for extraction of target teeth and processing of 3D point cloud."" 以及 ""the triangular mesh of the dentition was collected by an oral scanning device and imported into the 'Geomagic wrap' software.""",MATLAB; Geomagic Wrap,Endodontics,Image segmentation and 3D reconstruction,in_vitro,"【判定】: INCLUDE
【证据】: ""We used Matlab 2020b (MathWorks, USA) for image filtering, segmentation, 3D reconstruction, and registration error calculation, and used reverse engineering software Geomagic warp 2017 (3D System, USA, Morrisville) for extraction of target teeth and processing of 3D point cloud."" 以及 ""the triangular mesh of the dentition was collected by an oral scanning device and imported into the 'Geomagic wrap' software.""
【软件】: MATLAB; Geomagic Wrap
【专科】: Endodontics
【应用场景】: Image segmentation and 3D reconstruction
【研究设计】: in_vitro"
enlarge the error prediction dataset in 3 d printing an unsupervised dental crown mesh generator,Enlarge the Error Prediction Dataset in 3-D Printing: An Unsupervised Dental Crown Mesh Generator,IEEE Transactions on Computational Social Systems,journalArticle,96FVBXB8,INCLUDE,EXCLUDE,INCLUDE,"""In this article, we use a UV sphere as a mesh template, which is generated with the Blender software""",Blender,Prosthodontics,Digital design and manufacturing,computational,"【判定】: INCLUDE
【证据】: ""In this article, we use a UV sphere as a mesh template, which is generated with the Blender software""
【软件】: Blender
【专科】: Prosthodontics
【应用场景】: Digital design and manufacturing
【研究设计】: computational"
an application framework of 3d assessment image registration accuracy and untouched surface area in canal instrumentation laboratory research with micro computed tomography,An application framework of 3D assessment image registration accuracy and untouched surface area in canal instrumentation laboratory research with micro-computed tomography,CLINICAL ORAL INVESTIGATIONS,journalArticle,52HGP6QH,INCLUDE,INCLUDE,INCLUDE,"""The pre- and post-operative images were registered by four techniques, including 3D-slicer manual registration, 3D-slicer Elastix registration, 3D-slicer surface registration, and DataViewer registration (3D registration). The open-source 3D-slicer (V4.1.1) software (Harvard SPL, Boston, MA, USA) provided the platform for the 3D registration module execution."" 以及 ""The purpose of this ex vivo study was to create a customized framework by using MeVisLab software to investigate the registration ac",3D Slicer; MeVisLab,Endodontics,3D data analysis and accuracy assessment,in_vitro,"【判定】: INCLUDE
【证据】: ""The pre- and post-operative images were registered by four techniques, including 3D-slicer manual registration, 3D-slicer Elastix registration, 3D-slicer surface registration, and DataViewer registration (3D registration). The open-source 3D-slicer (V4.1.1) software (Harvard SPL, Boston, MA, USA) provided the platform for the 3D registration module execution."" 以及 ""The purpose of this ex vivo study was to create a customized framework by using MeVisLab software to investigate the registration accuracy...""
【软件】: 3D Slicer; MeVisLab
【专科】: Endodontics
【应用场景】: 3D data analysis and accuracy assessment
【研究设计】: in_vitro"
comparison between relining of ill fitted maxillary complete denture versus cad cam milling of new one regarding patient satisfaction denture retention and adaptation,"Comparison between relining of ill-fitted maxillary complete denture versus CAD/CAM milling of new one regarding patient satisfaction, denture retention and adaptation",BMC ORAL HEALTH,journalArticle,4JN55E2T,INCLUDE,INCLUDE,INCLUDE,"""the STL file was imported to a three-D measurement program (Geomagic Control X, 3D Systems, United States) software to flip the fitting surface of the dentures to resemble the intra-oral tissue surface to build and superimpose STL files using first initial alignment and then best-fit alignment""",Geomagic Control X,Prosthodontics,3D data analysis and accuracy assessment,clinical,"【判定】: INCLUDE
【证据】: ""the STL file was imported to a three-D measurement program (Geomagic Control X, 3D Systems, United States) software to flip the fitting surface of the dentures to resemble the intra-oral tissue surface to build and superimpose STL files using first initial alignment and then best-fit alignment""
【软件】: Geomagic Control X
【专科】: Prosthodontics
【应用场景】: 3D data analysis and accuracy assessment
【研究设计】: clinical"
accuracy of static computer assisted implant placement in posterior edentulous areas with different levels of tooth support by novice clinicians,Accuracy of Static Computer- Assisted Implant Placement in Posterior Edentulous Areas with Different Levels of Tooth- Support by Novice Clinicians.,The European journal of prosthodontics and restorative dentistry,journalArticle,69LQ9WZ4,INCLUDE,EXCLUDE,INCLUDE,"""which was followed by automated best fit alignment of the models by a 3-dimensional rendering software (Geomagic Control X, Raindrop, Geomagic Inc., Research Triangle Park, NC, United States)""",Geomagic Control X,Implantology,3D data analysis and accuracy assessment,in_vitro,"【判定】: INCLUDE
【证据】: ""which was followed by automated best fit alignment of the models by a 3-dimensional rendering software (Geomagic Control X, Raindrop, Geomagic Inc., Research Triangle Park, NC, United States)""
【软件】: Geomagic Control X
【专科】: Implantology
【应用场景】: 3D data analysis and accuracy assessment
【研究设计】: in_vitro"
geometric accuracy of magnetic resonance imaging derived virtual 3 dimensional bone surface models of the mandible in comparison to computed tomography and cone beam computed tomography a porcine cadaver study,Geometric accuracy of magnetic resonance imaging-derived virtual 3-dimensional bone surface models of the mandible in comparison to computed tomography and cone beam computed tomography: A porcine cadaver study,CLINICAL IMPLANT DENTISTRY AND RELATED RESEARCH,journalArticle,4SXNSXGG,INCLUDE,EXCLUDE,INCLUDE,"""DICOM data of MRI, CT, and CBCT were imported into specialized medical image processing software (Mimics, Materialise; Leuven, Belgium)."" 以及 ""were imported into 3-dimensional modeling software (3-matic, Materialise; Leuven, Belgium)"" 和 ""global 3-dimensional geometric deviations between the imaging modalities were measured in 3-matic""",Mimics; 3-matic,Oral and Maxillofacial Surgery,3D data analysis and accuracy assessment,in_vitro,"【判定】: INCLUDE
【证据】: ""DICOM data of MRI, CT, and CBCT were imported into specialized medical image processing software (Mimics, Materialise; Leuven, Belgium)."" 以及 ""were imported into 3-dimensional modeling software (3-matic, Materialise; Leuven, Belgium)"" 和 ""global 3-dimensional geometric deviations between the imaging modalities were measured in 3-matic""
【软件】: Mimics; 3-matic
【专科】: Oral and Maxillofacial Surgery
【应用场景】: 3D data analysis and accuracy assessment
【研究设计】: in_vitro"
three dimensional hemisided analysis of the pharyngeal airway a novel technical strategy to evaluate asymmetric remodeling after orthognathic surgery,Three-Dimensional Hemisided Analysis of the Pharyngeal Airway: A Novel Technical Strategy to Evaluate Asymmetric Remodeling After Orthognathic Surgery,JOURNAL OF CRANIOFACIAL SURGERY,journalArticle,E84ZXP9F,INCLUDE,EXCLUDE,INCLUDE,"The exported STL model of the total airway was imported into Meshmixer software (v. 3.5; Autodesk, San Rafael, CA) for further analysis (Fig. 5). Crucially, the model was imported while preserving the spatial orientation established by the craniofacial coordinate system in the source software. The partitioning of the airway into right and left hemisides was performed using a cutting plan",Meshmixer,Orthodontics and Orthognathic Surgery,Image segmentation and 3D reconstruction,technical_note,"【判定】: INCLUDE
【证据】: The exported STL model of the total airway was imported into Meshmixer software (v. 3.5; Autodesk, San Rafael, CA) for further analysis (Fig. 5). Crucially, the model was imported while preserving the spatial orientation established by the craniofacial coordinate system in the source software. The partitioning of the airway into right and left hemisides was performed using a cutting plan
【软件】: Meshmixer
【专科】: Orthodontics and Orthognathic Surgery
【应用场景】: Image segmentation and 3D reconstruction
【研究设计】: technical_note"
effect of distal cantilever and anterior implant diameter on framework and cortical bone stress in a peek based all on four mandibular prosthesis,Effect of distal cantilever and anterior implant diameter on framework and cortical bone stress in a PEEK-based All-on-Four mandibular prosthesis.,Frontiers in dental medicine,journalArticle,BG353LUQ,,INCLUDE,EXCLUDE,"片段中仅出现 ""A meshless multi-pass adaptive analysis approach was employed using Sim Solid software (24, 25)""，但 Sim Solid 并非纳入标准所列的具名第三方非牙科三维（3D）软件（其属于仿真分析类，但未在示例清单中，且该研究未使用任何清单内软件如 ANSYS、ABAQUS、COMSOL、Mimics 等）；此外，摘要与方法学片段中未出现任何纳入标准所列的非牙科3D软件名（如 Mimics、3D Slicer、Geomagic、MATLAB 等）用于3D数据处理、分析、建模或测量。缺失证据：本研究自身使用具名第三方非牙科3D软件的明确表述。",-,-,-,-,"【判定】: EXCLUDE
【证据】: 片段中仅出现 ""A meshless multi-pass adaptive analysis approach was employed using Sim Solid software (24, 25)""，但 Sim Solid 并非纳入标准所列的具名第三方非牙科三维（3D）软件（其属于仿真分析类，但未在示例清单中，且该研究未使用任何清单内软件如 ANSYS、ABAQUS、COMSOL、Mimics 等）；此外，摘要与方法学片段中未出现任何纳入标准所列的非牙科3D软件名（如 Mimics、3D Slicer、Geomagic、MATLAB 等）用于3D数据处理、分析、建模或测量。缺失证据：本研究自身使用具名第三方非牙科3D软件的明确表述。
【软件】: -
【专科】: -
【应用场景】: -
【研究设计】: -"
digital workflow with open source cad cam software aimed to design a customized 3d laser printed titanium mesh for guided bone regeneration,Digital Workflow with Open-Source CAD-CAM Software Aimed to Design a Customized 3D Laser-Printed Titanium Mesh for Guided Bone Regeneration,BIOENGINEERING-BASEL,journalArticle,E3EJX7HU,INCLUDE,EXCLUDE,INCLUDE,"The STL file of the virtual bone defect model showing the initial alveolar bone atrophy was imported into open-source CAD-CAM software (OSCS, Meshmixer, Version 3.5.474, Autodesk, San Francisco, CA, USA).",Meshmixer,Oral and Maxillofacial Surgery,Digital design and manufacturing,case_report,"【判定】: INCLUDE
【证据】: The STL file of the virtual bone defect model showing the initial alveolar bone atrophy was imported into open-source CAD-CAM software (OSCS, Meshmixer, Version 3.5.474, Autodesk, San Francisco, CA, USA).
【软件】: Meshmixer
【专科】: Oral and Maxillofacial Surgery
【应用场景】: Digital design and manufacturing
【研究设计】: case_report"
evaluation of zirconia and high performance polymer abutment surface roughness and stress concentration for implant supported fixed dental prostheses,Evaluation of Zirconia and High Performance Polymer Abutment Surface Roughness and Stress Concentration for Implant-Supported Fixed Dental Prostheses,COATINGS,journalArticle,S2SASU6I,INCLUDE,INCLUDE,INCLUDE,"The 3D file in Standard for the Exchange of Product Data (STEP) from implant (10 mm × 4.1 mm), hybrid abutment (2.7 mm × 3.2 mm) and screw have been created according to the manufacturer's information and dataset in the modelling software (Rhinoceros version 5.0 SR8, 2013, McNeel North America, Seattle, WA, USA). ... The solid model was exported to the computer aided engineering (CAE) software (ANSYS 19.0, 2018, ANSYS Inc., Houston, TX, USA)",Rhinoceros; ANSYS,Prosthodontics,Biomechanical analysis and simulation,computational,"【判定】: INCLUDE
【证据】: The 3D file in Standard for the Exchange of Product Data (STEP) from implant (10 mm × 4.1 mm), hybrid abutment (2.7 mm × 3.2 mm) and screw have been created according to the manufacturer's information and dataset in the modelling software (Rhinoceros version 5.0 SR8, 2013, McNeel North America, Seattle, WA, USA). ... The solid model was exported to the computer aided engineering (CAE) software (ANSYS 19.0, 2018, ANSYS Inc., Houston, TX, USA)
【软件】: Rhinoceros; ANSYS
【专科】: Prosthodontics
【应用场景】: Biomechanical analysis and simulation
【研究设计】: computational"
a micro ct integrated 3d simulation framework reveals fluid transport mechanisms and void dynamics in root canal biomaterials,A micro-CT-integrated 3D simulation framework reveals fluid transport mechanisms and void dynamics in root canal biomaterials,SCIENTIFIC REPORTS,journalArticle,6DBVHM5M,INCLUDE,INCLUDE,INCLUDE,"""Segmented void geometries were converted into stereolithography (STL) meshes and refined in MeshLab.""",MeshLab,Endodontics,Biomechanical analysis and simulation,computational,"【判定】: INCLUDE
【证据】: ""Segmented void geometries were converted into stereolithography (STL) meshes and refined in MeshLab.""
【软件】: MeshLab
【专科】: Endodontics
【应用场景】: Biomechanical analysis and simulation
【研究设计】: computational"
biomechanical analysis of all on 4 implant supported framework using different materials across various clinical practice,Biomechanical analysis of All-on-4 implant supported framework using different materials across various clinical practice,BMC ORAL HEALTH,journalArticle,ZMQU8EMV,INCLUDE,EXCLUDE,INCLUDE,"CT images were imported in digital imaging and communications in medicine (DICOM) format into Mimics (21.0, Materialise) software and converted to STL format. Reverse modeling was done in Geomagic Studio... Frameworks with different cantilever lengths were created using CAD software (SolidWorks 2020; Dassault Systems SolidWorks Corp)... The models were imported into the FEA software (ANSYS 18.2.2; ANSYS Inc) in parasolid format.",Mimics; Geomagic Studio; SolidWorks; ANSYS,Prosthodontics,Biomechanical analysis and simulation,computational,"【判定】: INCLUDE
【证据】: CT images were imported in digital imaging and communications in medicine (DICOM) format into Mimics (21.0, Materialise) software and converted to STL format. Reverse modeling was done in Geomagic Studio... Frameworks with different cantilever lengths were created using CAD software (SolidWorks 2020; Dassault Systems SolidWorks Corp)... The models were imported into the FEA software (ANSYS 18.2.2; ANSYS Inc) in parasolid format.
【软件】: Mimics; Geomagic Studio; SolidWorks; ANSYS
【专科】: Prosthodontics
【应用场景】: Biomechanical analysis and simulation
【研究设计】: computational"
development and validation of a robotic system for milling individualized jawbone cavities in oral and maxillofacial surgery,Development and validation of a robotic system for milling individualized jawbone cavities in oral and maxillofacial surgery,JOURNAL OF DENTISTRY,journalArticle,WWG3SIDR,INCLUDE,EXCLUDE,INCLUDE,"Using Mimics software (Materialise, Belgium), the maxilla and the impacted supernumerary tooth were accurately segmented, and the data were saved in STL format. The experimental model was created using Geomagic Wrap software (Geomagic Inc., USA)... In Geomagic Wrap software, the planned bone cavity necessary to fully expose the supernumerary tooth was designed... Geomagic Wrap software aligns the milled model with the reference model using manual and global registration functions",Mimics; Geomagic Wrap,Oral and Maxillofacial Surgery,Image segmentation and 3D reconstruction,computational,"【判定】: INCLUDE
【证据】: Using Mimics software (Materialise, Belgium), the maxilla and the impacted supernumerary tooth were accurately segmented, and the data were saved in STL format. The experimental model was created using Geomagic Wrap software (Geomagic Inc., USA)... In Geomagic Wrap software, the planned bone cavity necessary to fully expose the supernumerary tooth was designed... Geomagic Wrap software aligns the milled model with the reference model using manual and global registration functions
【软件】: Mimics; Geomagic Wrap
【专科】: Oral and Maxillofacial Surgery
【应用场景】: Image segmentation and 3D reconstruction
【研究设计】: computational"
a novel digital and visualized guided bone regeneration procedure and digital precise bone augmentation a case series,A novel digital and visualized guided bone regeneration procedure and digital precise bone augmentation: A case series,CLINICAL IMPLANT DENTISTRY AND RELATED RESEARCH,journalArticle,W2SGSLB2,INCLUDE,EXCLUDE,INCLUDE,"Through the volume analysis software (3-matic 13.0; Materialise, Leuven, Belgium), the alveolar bone volume before surgery (α) and the alveolar bone volume after virtual augmentation (VA) (β) were calculated. The digital software (Mimics 21.0; Materialise) was used to analyze the DICOM file to calculate the alveolar bone volume after surgery (γ)",3-matic 13.0; Mimics 21.0,Oral and Maxillofacial Surgery,Image segmentation and 3D reconstruction,clinical,"【判定】: INCLUDE
【证据】: Through the volume analysis software (3-matic 13.0; Materialise, Leuven, Belgium), the alveolar bone volume before surgery (α) and the alveolar bone volume after virtual augmentation (VA) (β) were calculated. The digital software (Mimics 21.0; Materialise) was used to analyze the DICOM file to calculate the alveolar bone volume after surgery (γ)
【软件】: 3-matic 13.0; Mimics 21.0
【专科】: Oral and Maxillofacial Surgery
【应用场景】: Image segmentation and 3D reconstruction
【研究设计】: clinical"
clinical efficacy of maxillary digital removable partial dentures based on direct intraoral scanning and selective laser melting technology a double blind randomized controlled crossover clinical trial,Clinical efficacy of maxillary digital removable partial dentures based on direct intraoral scanning and selective laser melting technology: a double-blind randomized controlled crossover clinical trial,JOURNAL OF DENTISTRY,journalArticle,F998RIHV,INCLUDE,INCLUDE,INCLUDE,"""a computer fitting calculation was performed to determine the deviation value in Geomagic Studio (Geomagic Studio 2014, Geomagic Inc., NC, USA).""",Geomagic Studio,Prosthodontics,3D data analysis and accuracy assessment,clinical,"【判定】: INCLUDE
【证据】: ""a computer fitting calculation was performed to determine the deviation value in Geomagic Studio (Geomagic Studio 2014, Geomagic Inc., NC, USA).""
【软件】: Geomagic Studio
【专科】: Prosthodontics
【应用场景】: 3D data analysis and accuracy assessment
【研究设计】: clinical"
trueness and marginal fit of implant supported complete arch fixed prosthesis frameworks made of high performance polymers and titanium an explorative in vitro study,Trueness and marginal fit of implant-supported complete-arch fixed prosthesis frameworks made of high-performance polymers and titanium: An explorative in-vitro study,JOURNAL OF DENTISTRY,journalArticle,X8S8V6W9,INCLUDE,EXCLUDE,INCLUDE,"The frameworks were then digitized with a high-precision industrial structured-light scanner (ATOS Compact Scan 5M, GOM GmbH, Braunschweig, Germany) to superimpose the resulting STL file with the CAD file using a metrology software (GOM Inspect V8 SR1, GOM GmbH, Braunschweig, Germany).",GOM Inspect,Prosthodontics,3D data analysis and accuracy assessment,in_vitro,"【判定】: INCLUDE
【证据】: The frameworks were then digitized with a high-precision industrial structured-light scanner (ATOS Compact Scan 5M, GOM GmbH, Braunschweig, Germany) to superimpose the resulting STL file with the CAD file using a metrology software (GOM Inspect V8 SR1, GOM GmbH, Braunschweig, Germany).
【软件】: GOM Inspect
【专科】: Prosthodontics
【应用场景】: 3D data analysis and accuracy assessment
【研究设计】: in_vitro"
does printing orientation matter in polyjet 3d printed teeth for endodontics a micro ct analysis,Does Printing Orientation Matter in PolyJet 3D Printed Teeth for Endodontics? A Micro-CT Analysis,JOURNAL OF FUNCTIONAL BIOMATERIALS,journalArticle,K9ID822E,INCLUDE,INCLUDE,INCLUDE,"The STL models were imported into MeshLab software (version 2021.10; Visual Computing Lab, ISTI-CNR, Pisa, Italy) for qualitative analysis of root canal morphology and selection of the tooth to be replicated.",MeshLab,Endodontics,Image segmentation and 3D reconstruction,in_vitro,"【判定】: INCLUDE
【证据】: The STL models were imported into MeshLab software (version 2021.10; Visual Computing Lab, ISTI-CNR, Pisa, Italy) for qualitative analysis of root canal morphology and selection of the tooth to be replicated.
【软件】: MeshLab
【专科】: Endodontics
【应用场景】: Image segmentation and 3D reconstruction
【研究设计】: in_vitro"
three dimensional facial volume analysis using algorithm based personalized aesthetic templates,Three-dimensional facial volume analysis using algorithm-based personalized aesthetic templates,INTERNATIONAL JOURNAL OF ORAL AND MAXILLOFACIAL SURGERY,journalArticle,R7BP6AWA,INCLUDE,INCLUDE,INCLUDE,"""a standardized template (Fig. 1, Video 1) with 12 aesthetic regions per facial half was designed using Meshmixer 3D software (Autodesk Inc., San Francisco, CA, USA)"" 以及 ""using the MATLAB v2017a (The Mathworks Inc., Natick, MA, USA) automatic landmark detection program""",Meshmixer; MATLAB,Oral and Maxillofacial Surgery,3D data analysis and accuracy assessment,clinical,"【判定】: INCLUDE
【证据】: ""a standardized template (Fig. 1, Video 1) with 12 aesthetic regions per facial half was designed using Meshmixer 3D software (Autodesk Inc., San Francisco, CA, USA)"" 以及 ""using the MATLAB v2017a (The Mathworks Inc., Natick, MA, USA) automatic landmark detection program""
【软件】: Meshmixer; MATLAB
【专科】: Oral and Maxillofacial Surgery
【应用场景】: 3D data analysis and accuracy assessment
【研究设计】: clinical"
effect of palatal vault depth on the trueness of metal laser sintered and cast cobalt chromium removable partial denture frameworks,Effect of Palatal Vault Depth on the Trueness of Metal Laser-Sintered and Cast Cobalt-Chromium Removable Partial Denture Frameworks,JOURNAL OF PROSTHODONTICS-IMPLANT ESTHETIC AND RECONSTRUCTIVE DENTISTRY,journalArticle,ZF4BBLEI,INCLUDE,EXCLUDE,INCLUDE,"Trueness was veriﬁed by superimposing the output STL ﬁle of each framework on the STL of the virtual planned framework using the best-ﬁt algorithm of 3D data inspection software (GOM Inspect, GOM) to compare and calculate the deviation.",GOM Inspect,Prosthodontics,3D data analysis and accuracy assessment,in_vitro,"【判定】: INCLUDE
【证据】: Trueness was veriﬁed by superimposing the output STL ﬁle of each framework on the STL of the virtual planned framework using the best-ﬁt algorithm of 3D data inspection software (GOM Inspect, GOM) to compare and calculate the deviation.
【软件】: GOM Inspect
【专科】: Prosthodontics
【应用场景】: 3D data analysis and accuracy assessment
【研究设计】: in_vitro"
individual high precision 3d mandibular model for finite element analysis of three unit bridges a biomechanical pilot study,"Individual, High-Precision 3D Mandibular Model for Finite Element Analysis of Three-Unit Bridges: A Biomechanical Pilot Study.",Journal of functional biomaterials,journalArticle,RC9HDKWL,INCLUDE,EXCLUDE,INCLUDE,"""Segmentation was performed using the 3D Slicer software platform (version 5.6.2; https://www.slicer.org)."" 以及 ""the present study included a comparison between hyper elastic and linear elastic PDL material models using Dassault Systemes SIMULIA Abaqus 2020 software"" 以及 ""NURBS surface lofting in PTC Creo 12.4""",3D Slicer; SIMULIA Abaqus; PTC Creo,Prosthodontics,Biomechanical analysis and simulation,computational,"【判定】: INCLUDE
【证据】: ""Segmentation was performed using the 3D Slicer software platform (version 5.6.2; https://www.slicer.org)."" 以及 ""the present study included a comparison between hyper elastic and linear elastic PDL material models using Dassault Systemes SIMULIA Abaqus 2020 software"" 以及 ""NURBS surface lofting in PTC Creo 12.4""
【软件】: 3D Slicer; SIMULIA Abaqus; PTC Creo
【专科】: Prosthodontics
【应用场景】: Biomechanical analysis and simulation
【研究设计】: computational"
an open source three dimensional growth model of the mandible,"An open-source, three-dimensional growth model of the mandible.",Computers in biology and medicine,journalArticle,CLHU5JFE,INCLUDE,INCLUDE,INCLUDE,"""the mandible was exported as a stereolithographic (STL) 3D model for further processing. Subsequently, the dental area, comprised of erupted teeth and alveolar bone, was manually selected by one of three observers (CK, VV, ETMK) and removed in Meshmixer (Autodesk Inc., San Rafael, CA, USA)."" 以及 ""semi-automatic segmentation in Brainlab Elements (Brainlab AG, Munich, Germany)""",Brainlab Elements; Meshmixer,Oral and Maxillofacial Surgery,Image segmentation and 3D reconstruction,computational,"【判定】: INCLUDE
【证据】: ""the mandible was exported as a stereolithographic (STL) 3D model for further processing. Subsequently, the dental area, comprised of erupted teeth and alveolar bone, was manually selected by one of three observers (CK, VV, ETMK) and removed in Meshmixer (Autodesk Inc., San Rafael, CA, USA)."" 以及 ""semi-automatic segmentation in Brainlab Elements (Brainlab AG, Munich, Germany)""
【软件】: Brainlab Elements; Meshmixer
【专科】: Oral and Maxillofacial Surgery
【应用场景】: Image segmentation and 3D reconstruction
【研究设计】: computational"
effect of printing technology layer height and orientation on assessment of 3d printed models,"Effect of printing technology, layer height, and orientation on assessment of 3D-printed models.",Journal of the World federation of orthodontists,journalArticle,K9R7DQR7,INCLUDE,INCLUDE,INCLUDE,"Initially, the master STL ﬁle was imported as the reference model in the metrology software (Geomagic Control, version 2015.1.1; 3D Systems, Rock Hill, SC) and a custom region was selected... Then, each STL ﬁle from the scanned printed models was imported separately and superimposed with the master S",Geomagic Control,Orthodontics,3D data analysis and accuracy assessment,in_vitro,"【判定】: INCLUDE
【证据】: Initially, the master STL ﬁle was imported as the reference model in the metrology software (Geomagic Control, version 2015.1.1; 3D Systems, Rock Hill, SC) and a custom region was selected... Then, each STL ﬁle from the scanned printed models was imported separately and superimposed with the master S
【软件】: Geomagic Control
【专科】: Orthodontics
【应用场景】: 3D data analysis and accuracy assessment
【研究设计】: in_vitro"
semi automated three dimensional analysis of maxillary anomalies in patients with muenke syndrome saethre chotzen syndrome or tcf12 related craniosynostosis a retrospective study,"Semi-automated three-dimensional analysis of maxillary anomalies in patients with Muenke syndrome, Saethre-Chotzen syndrome or TCF12-related craniosynostosis: A  retrospective study.",Journal of cranio-maxillo-facial surgery : official publication of the European Association for Cranio-Maxillo-Facial Surgery,journalArticle,QJG6B55I,,INCLUDE,INCLUDE,"The symmetry analysis of the maxilla was performed with the use of custom-made software created with MATLAB (MATLAB, 2023a; The Mathworks, Inc., Natick, Massachusetts, USA).",MATLAB,Orthodontics,Morphological and phenotypic analysis,clinical,"【判定】: INCLUDE
【证据】: The symmetry analysis of the maxilla was performed with the use of custom-made software created with MATLAB (MATLAB, 2023a; The Mathworks, Inc., Natick, Massachusetts, USA).
【软件】: MATLAB
【专科】: Orthodontics
【应用场景】: Morphological and phenotypic analysis
【研究设计】: clinical"
ph responsive polydopamine coated mesoporous silica nanoplatform integrated into 3d printed pla nha scaffolds for synergistic bone regeneration,pH-responsive polydopamine-coated mesoporous silica nanoplatform integrated into 3D-printed PLA/nHA scaffolds for synergistic bone regeneration,INTERNATIONAL JOURNAL OF BIOPRINTING,journalArticle,5Q98LR84,,INCLUDE,INCLUDE,"the reconstructed data were analyzed using Analyze software (14.0, AnalyzeDirect, USA) to quantify key osteogenic parameters, including bone volume (BV), TV, bone mineral density (BMD), and BV fraction (BV/TV)",Analyze,Oral and Maxillofacial Surgery,3D data analysis and accuracy assessment,in_vitro,"【判定】: INCLUDE
【证据】: the reconstructed data were analyzed using Analyze software (14.0, AnalyzeDirect, USA) to quantify key osteogenic parameters, including bone volume (BV), TV, bone mineral density (BMD), and BV fraction (BV/TV)
【软件】: Analyze
【专科】: Oral and Maxillofacial Surgery
【应用场景】: 3D data analysis and accuracy assessment
【研究设计】: in_vitro"
tip torque rotations how accurately do digital superimposition software packages quantify tooth movement,"TIP, TORQUE & ROTATIONS: How accurately do digital superimposition software packages quantify tooth movement?",PROGRESS IN ORTHODONTICS,journalArticle,7IYSLJJL,INCLUDE,EXCLUDE,INCLUDE,"""T1 and T2 models were imported as STL files to the tooth measuring software programs, for registration and 3D angular measurements. The three studied software packages were: 1. Semiautomatic best fit registration software (S-BF): Geomagic (Geomagic U.S., Research Triangle Park, NC) using landmark based method followed by regional global surface registration""",Geomagic,Orthodontics,3D data analysis and accuracy assessment,computational,"【判定】: INCLUDE
【证据】: ""T1 and T2 models were imported as STL files to the tooth measuring software programs, for registration and 3D angular measurements. The three studied software packages were: 1. Semiautomatic best fit registration software (S-BF): Geomagic (Geomagic U.S., Research Triangle Park, NC) using landmark based method followed by regional global surface registration""
【软件】: Geomagic
【专科】: Orthodontics
【应用场景】: 3D data analysis and accuracy assessment
【研究设计】: computational"
dimensional measurement accuracy of 3 dimensional models from cone beam computed tomography using different voxel sizes,Dimensional measurement accuracy of 3-dimensional models from cone beam computed tomography using different voxel sizes,ORAL SURGERY ORAL MEDICINE ORAL PATHOLOGY ORAL RADIOLOGY,journalArticle,BRDTGEI3,INCLUDE,EXCLUDE,INCLUDE,"""the CBCT DICOM ﬁles were converted into STL ﬁles using 3D Slicer 4.8.1 software"" 及 ""CAD interactive Geomagic Qualify software (3D Systems, Rock Hill, SC, USA) was used for geometric transformation and data analysis. The reference standard 3D model STL data ﬁle was imported and selected as the reference""",3D Slicer; Geomagic Qualify,Oral and Maxillofacial Radiology,3D data analysis and accuracy assessment,in_vitro,"【判定】: INCLUDE
【证据】: ""the CBCT DICOM ﬁles were converted into STL ﬁles using 3D Slicer 4.8.1 software"" 及 ""CAD interactive Geomagic Qualify software (3D Systems, Rock Hill, SC, USA) was used for geometric transformation and data analysis. The reference standard 3D model STL data ﬁle was imported and selected as the reference""
【软件】: 3D Slicer; Geomagic Qualify
【专科】: Oral and Maxillofacial Radiology
【应用场景】: 3D data analysis and accuracy assessment
【研究设计】: in_vitro"
digitally driven optimization of intraoral water jet parameters for plaque removal a personalized 3d guided orthogonal study,Digitally-driven optimization of intraoral water jet parameters for plaque removal: a personalized 3D-guided orthogonal study.,BMC oral health,journalArticle,BIJ37P6U,INCLUDE,INCLUDE,INCLUDE,"""design software (Rhinoceros 7.0, Robert McNeel & Associates, USA) and 3D analysis software (Geomagic Wrap 2021, 3D Systems, USA) for digital modeling and evaluation""；""In Rhinoceros 7.0, a guide was modeled to fit the occlusal morphology of the specific tooth""；""3D image analysis was performed using Geomagic Wrap 2021 software.""",Rhinoceros 7.0; Geomagic Wrap 2021,Preventive Dentistry,Digital design and manufacturing,clinical,"【判定】: INCLUDE
【证据】: ""design software (Rhinoceros 7.0, Robert McNeel & Associates, USA) and 3D analysis software (Geomagic Wrap 2021, 3D Systems, USA) for digital modeling and evaluation""；""In Rhinoceros 7.0, a guide was modeled to fit the occlusal morphology of the specific tooth""；""3D image analysis was performed using Geomagic Wrap 2021 software.""
【软件】: Rhinoceros 7.0; Geomagic Wrap 2021
【专科】: Preventive Dentistry
【应用场景】: Digital design and manufacturing
【研究设计】: clinical"
wear at the implant framework interface between titanium implant platform and the additively manufactured titanium and cobalt chromium frameworks,Wear at the implant-framework interface between titanium implant platform and the additively manufactured titanium and cobalt-chromium frameworks,JOURNAL OF PROSTHODONTICS-IMPLANT ESTHETIC AND RECONSTRUCTIVE DENTISTRY,journalArticle,4CWA53IE,,INCLUDE,INCLUDE,"""The DICOM files obtained from the pre- and post-artificial aging CT evaluation were converted into STL by using a reverse engineering software program (GOM Inspect; Carl Zeiss Industrielle Messtechnik GmbH).""",GOM Inspect,Prosthodontics,3D data analysis and accuracy assessment,in_vitro,"【判定】: INCLUDE
【证据】: ""The DICOM files obtained from the pre- and post-artificial aging CT evaluation were converted into STL by using a reverse engineering software program (GOM Inspect; Carl Zeiss Industrielle Messtechnik GmbH).""
【软件】: GOM Inspect
【专科】: Prosthodontics
【应用场景】: 3D data analysis and accuracy assessment
【研究设计】: in_vitro"
complete 3d kinematics parameters of the temporo mandibular joints using in vivo data fusion,Complete 3D Kinematics Parameters of the Temporo-Mandibular Joints Using in Vivo Data Fusion,IRBM,journalArticle,27GSFABH,INCLUDE,INCLUDE,INCLUDE,"From the collected MRI datasets, three-dimensional (3D) bone models were reconstructed in Amira 4.0 [20] through a so-called segmentation procedure. All models were subsequently imported into the lhpFusionBox software",Amira,Oral and Maxillofacial Surgery,Image segmentation and 3D reconstruction,clinical,"【判定】: INCLUDE
【证据】: From the collected MRI datasets, three-dimensional (3D) bone models were reconstructed in Amira 4.0 [20] through a so-called segmentation procedure. All models were subsequently imported into the lhpFusionBox software
【软件】: Amira
【专科】: Oral and Maxillofacial Surgery
【应用场景】: Image segmentation and 3D reconstruction
【研究设计】: clinical"
a method based on 3d affine alignment for the quantification of palatal expansion,A method based on 3D affine alignment for the quantification of palatal expansion,PLOS ONE,journalArticle,F558I89A,INCLUDE,INCLUDE,INCLUDE,"""The selected pairs of DM (M0 and M1) were then imported into an open-source system for processing and editing 3D triangular meshes MeshLab [14]."" 以及 ""We implemented our method as an extension of the open-source MeshLab [14] 3D processing system.""",MeshLab,Orthodontics,3D data analysis and accuracy assessment,computational,"【判定】: INCLUDE
【证据】: ""The selected pairs of DM (M0 and M1) were then imported into an open-source system for processing and editing 3D triangular meshes MeshLab [14]."" 以及 ""We implemented our method as an extension of the open-source MeshLab [14] 3D processing system.""
【软件】: MeshLab
【专科】: Orthodontics
【应用场景】: 3D data analysis and accuracy assessment
【研究设计】: computational"
the cumulative effect of error in the digital workflow for complete arch implant supported frameworks an in vitro study,The cumulative effect of error in the digital workflow for complete-arch implant-supported frameworks: An in vitro study,CLINICAL ORAL IMPLANTS RESEARCH,journalArticle,8YNE4S72,INCLUDE,EXCLUDE,INCLUDE,"The STL files of the original scans and the virtual bars were imported into an inspection software (Geomagic Control 2014, Geomagic,).",Geomagic Control,Implantology,3D data analysis and accuracy assessment,in_vitro,"【判定】: INCLUDE
【证据】: The STL files of the original scans and the virtual bars were imported into an inspection software (Geomagic Control 2014, Geomagic,).
【软件】: Geomagic Control
【专科】: Implantology
【应用场景】: 3D data analysis and accuracy assessment
【研究设计】: in_vitro"
automatic multi class classification of 3d relationships between the mandibular third molar and canal on cone beam computed tomography using a geometry aware network,Automatic multi-class classification of 3D relationships between the mandibular third molar and canal on cone-beam computed tomography using a geometry-aware network,DENTOMAXILLOFACIAL RADIOLOGY,journalArticle,9CQF4EX6,INCLUDE,EXCLUDE,INCLUDE,"the 3D distance between the closest points of 3D surfaces of the MC and M3 root was directly measured in physical units (mm) through multiplanar visualizations using 3D Slicer (Version 4.10.2; MIT, Boston, MA)",3D Slicer,Oral and Maxillofacial Radiology,3D data analysis and accuracy assessment,computational,"【判定】: INCLUDE
【证据】: the 3D distance between the closest points of 3D surfaces of the MC and M3 root was directly measured in physical units (mm) through multiplanar visualizations using 3D Slicer (Version 4.10.2; MIT, Boston, MA)
【软件】: 3D Slicer
【专科】: Oral and Maxillofacial Radiology
【应用场景】: 3D data analysis and accuracy assessment
【研究设计】: computational"
fracture resistance of posterior tooth supported cantilever fixed dental prostheses of different zirconia generations and framework thicknesses an in vitro study,Fracture Resistance of Posterior Tooth-Supported Cantilever Fixed Dental Prostheses of Different Zirconia Generations and Framework Thicknesses: An In Vitro Study,MATERIALS,journalArticle,CR3SB4FK,INCLUDE,EXCLUDE,INCLUDE,"""the cusps of the pontic in the distal area were modified to be planar with an exact 30◦tilt with respect to the horizontal plane (Geomagic DesignX Build Ver. 2022.0: 3D Systems; Mörfelden-Walldorf, Germany), which enabled a standardized force application"" 及 ""A block-shaped mold with the negative shape of the occlusal cFDP geometry was planned in the CAD software (Geomagic DesignX Build Ver. 2022.0, 3D Systems).""",Geomagic DesignX,Prosthodontics,Digital design and manufacturing,in_vitro,"【判定】: INCLUDE
【证据】: ""the cusps of the pontic in the distal area were modified to be planar with an exact 30◦tilt with respect to the horizontal plane (Geomagic DesignX Build Ver. 2022.0: 3D Systems; Mörfelden-Walldorf, Germany), which enabled a standardized force application"" 及 ""A block-shaped mold with the negative shape of the occlusal cFDP geometry was planned in the CAD software (Geomagic DesignX Build Ver. 2022.0, 3D Systems).""
【软件】: Geomagic DesignX
【专科】: Prosthodontics
【应用场景】: Digital design and manufacturing
【研究设计】: in_vitro"
the effects of additive manufacturing technologies and finish line designs on the trueness and dimensional stability of 3d printed dies,The effects of additive manufacturing technologies and finish line designs on the trueness and dimensional stability of 3D-printed dies,JOURNAL OF PROSTHODONTICS-IMPLANT ESTHETIC AND RECONSTRUCTIVE DENTISTRY,journalArticle,K82RU7NF,INCLUDE,INCLUDE,INCLUDE,"""the angle and distance measurements were veriﬁed again on the digitized ﬁles of prepared typodont teeth in a software program (Blender 3.1.2; Blender Foundation, Amsterdam, Netherlands)."" 以及 ""A surface matching software (Geomagic Design X; 3D Systems, Rock Hill, SC) was used to superimpose the sample ﬁles onto the corresponding original STL ﬁles with best-ﬁt alignment.""",Blender; Geomagic Design X,Prosthodontics,3D data analysis and accuracy assessment,in_vitro,"【判定】: INCLUDE
【证据】: ""the angle and distance measurements were veriﬁed again on the digitized ﬁles of prepared typodont teeth in a software program (Blender 3.1.2; Blender Foundation, Amsterdam, Netherlands)."" 以及 ""A surface matching software (Geomagic Design X; 3D Systems, Rock Hill, SC) was used to superimpose the sample ﬁles onto the corresponding original STL ﬁles with best-ﬁt alignment.""
【软件】: Blender; Geomagic Design X
【专科】: Prosthodontics
【应用场景】: 3D data analysis and accuracy assessment
【研究设计】: in_vitro"
a novel guided zygomatic and pterygoid implant surgery system a human cadaver study on accuracy,A Novel Guided Zygomatic and Pterygoid Implant Surgery System: A Human Cadaver Study on Accuracy.,International journal of environmental research and public health,journalArticle,SXVNEQGA,INCLUDE,EXCLUDE,INCLUDE,"The DICOM images of the post-operative CT were uploaded in a dedicated software (mimics Medical 19.0, Materialise Dental, Leuven, Belgium). Segmentation based on tissue density was carried out... their spatial coordinates (the center of the base and the apex) were registered by using a dedicated software (3-matic Medical 11.0, Materialise Dental, Leuven, Belgium)",Mimics; 3-matic,Oral and Maxillofacial Surgery,Image segmentation and 3D reconstruction,clinical,"【判定】: INCLUDE
【证据】: The DICOM images of the post-operative CT were uploaded in a dedicated software (mimics Medical 19.0, Materialise Dental, Leuven, Belgium). Segmentation based on tissue density was carried out... their spatial coordinates (the center of the base and the apex) were registered by using a dedicated software (3-matic Medical 11.0, Materialise Dental, Leuven, Belgium)
【软件】: Mimics; 3-matic
【专科】: Oral and Maxillofacial Surgery
【应用场景】: Image segmentation and 3D reconstruction
【研究设计】: clinical"
the effect of different tooth preparation finishing procedures and immediate dentin sealing on the scanning accuracy of different intraoral scanners,The effect of different tooth preparation finishing procedures and immediate dentin sealing on the scanning accuracy of different intraoral scanners.,Journal of dentistry,journalArticle,IHRQELW2,INCLUDE,INCLUDE,INCLUDE,"The control files and experimental digital scans were imported into a reverse engineering software program (Geomagic, Control X; 3D Systems). For each subgroup, the control file (control subgroup) was aligned with each experimental scan using the best-fit algorithm.",Geomagic Control X,Prosthodontics,3D data analysis and accuracy assessment,in_vitro,"【判定】: INCLUDE
【证据】: The control files and experimental digital scans were imported into a reverse engineering software program (Geomagic, Control X; 3D Systems). For each subgroup, the control file (control subgroup) was aligned with each experimental scan using the best-fit algorithm.
【软件】: Geomagic Control X
【专科】: Prosthodontics
【应用场景】: 3D data analysis and accuracy assessment
【研究设计】: in_vitro"
a benchmark dual modality dental imaging dataset and a novel cognitively inspired pipeline for high resolution dental point cloud synthesis,A Benchmark Dual-Modality Dental Imaging Dataset and a Novel Cognitively Inspired Pipeline for High-Resolution Dental Point Cloud Synthesis,COGNITIVE COMPUTATION,journalArticle,SGT6ZTK7,INCLUDE,EXCLUDE,INCLUDE,"""the gray value threshold of the CBCT image is adjusted based on Mimics software, and the dental model mask is drawn for reconstruction"" 以及 ""we selected five groups of dental crown image samples and used the MIMICS software to reconstruct the model"" 以及 ""The mesh surface reconstruction algorithm we use is the Ball-Pivoting Algorithm [47] in MeshLab 2020.12 [48]""",Mimics; MeshLab,Orthodontics,Image segmentation and 3D reconstruction,computational,"【判定】: INCLUDE
【证据】: ""the gray value threshold of the CBCT image is adjusted based on Mimics software, and the dental model mask is drawn for reconstruction"" 以及 ""we selected five groups of dental crown image samples and used the MIMICS software to reconstruct the model"" 以及 ""The mesh surface reconstruction algorithm we use is the Ball-Pivoting Algorithm [47] in MeshLab 2020.12 [48]""
【软件】: Mimics; MeshLab
【专科】: Orthodontics
【应用场景】: Image segmentation and 3D reconstruction
【研究设计】: computational"
a deep learning framework for automated dental segmentation and diagnostic report generation from cone beam computed tomography,A deep learning framework for automated dental segmentation and diagnostic report generation from cone-beam computed tomography,HEAD & FACE MEDICINE,journalArticle,4BR99TM2,INCLUDE,EXCLUDE,INCLUDE,The annotation process was conducted using by ITK-SNAP version 4.2.0 (Fig. 3),ITK-SNAP,Oral and Maxillofacial Radiology,Image segmentation and 3D reconstruction,computational,"【判定】: INCLUDE
【证据】: The annotation process was conducted using by ITK-SNAP version 4.2.0 (Fig. 3)
【软件】: ITK-SNAP
【专科】: Oral and Maxillofacial Radiology
【应用场景】: Image segmentation and 3D reconstruction
【研究设计】: computational"
augmented reality assisted micro invasive apicectomy with markerless visual inertial odometry an in vivo pilot study,Augmented Reality-Assisted Micro-Invasive Apicectomy with Markerless Visual-Inertial Odometry: An In Vivo Pilot Study,APPLIED SCIENCES-BASEL,journalArticle,72VTFG8B,INCLUDE,INCLUDE,INCLUDE,"The DICOM files were segmented in Mimics 22.0 (Materialise, Leuven, Belgium) by two expert operators... superimposed with the intra-oral scans of the patient according to rigid superimposition by the use of open-source software MeshLab 2023.12 function ICP (Iterative Closest Point)",Mimics; MeshLab,Endodontics,Image segmentation and 3D reconstruction,clinical,"【判定】: INCLUDE
【证据】: The DICOM files were segmented in Mimics 22.0 (Materialise, Leuven, Belgium) by two expert operators... superimposed with the intra-oral scans of the patient according to rigid superimposition by the use of open-source software MeshLab 2023.12 function ICP (Iterative Closest Point)
【软件】: Mimics; MeshLab
【专科】: Endodontics
【应用场景】: Image segmentation and 3D reconstruction
【研究设计】: clinical"
continuous bijection supervised pyramid diffeomorphic deformation for learning tooth meshes from cbct images,Continuous Bijection Supervised Pyramid Diffeomorphic Deformation for Learning Tooth Meshes From CBCT Images,IEEE Transactions on Multimedia,journalArticle,HQDWHX32,INCLUDE,EXCLUDE,INCLUDE,"""Meshes with non-manifold, non-watertight, or non-genus-zero problems are automatically processed using blender [52] and manually ﬁxed.""",Blender,Oral and Maxillofacial Radiology,Image segmentation and 3D reconstruction,computational,"【判定】: INCLUDE
【证据】: ""Meshes with non-manifold, non-watertight, or non-genus-zero problems are automatically processed using blender [52] and manually ﬁxed.""
【软件】: Blender
【专科】: Oral and Maxillofacial Radiology
【应用场景】: Image segmentation and 3D reconstruction
【研究设计】: computational"
in vitro comparison of five desktop scanners and an industrial scanner in the evaluation of an intraoral scanner accuracy,In vitro comparison of five desktop scanners and an industrial scanner in the evaluation of an intraoral scanner accuracy.,Journal of dentistry,journalArticle,ABQTSUVS,INCLUDE,EXCLUDE,INCLUDE,"The STL files were imported to a comprehensive metrology program (GOM Inspect, Carl Zeiss GOM GmbH, Braunschweig, Germany). ... The alignment of compared scans was performed in the GOM Inspect software using the best-fit alignment method utilizing the iterative closest point algorithm",GOM Inspect,Prosthodontics,3D data analysis and accuracy assessment,in_vitro,"【判定】: INCLUDE
【证据】: The STL files were imported to a comprehensive metrology program (GOM Inspect, Carl Zeiss GOM GmbH, Braunschweig, Germany). ... The alignment of compared scans was performed in the GOM Inspect software using the best-fit alignment method utilizing the iterative closest point algorithm
【软件】: GOM Inspect
【专科】: Prosthodontics
【应用场景】: 3D data analysis and accuracy assessment
【研究设计】: in_vitro"
corticotomy depth as a modulator of orthodontic tooth movement and pdl stress a finite element study,Corticotomy Depth as a Modulator of Orthodontic Tooth Movement and PDL Stress-A Finite Element Study,MATERIALS,journalArticle,9QEYAAGH,INCLUDE,EXCLUDE,INCLUDE,"""MIMICS 18.0 software (Materialise, Leuven, Belgium) was used for this purpose"" 及 ""The entire mesh was meshed using Hypermesh 2023 (Altair, Troy, MI, USA).""",MIMICS 18.0; Hypermesh 2023,Orthodontics,Biomechanical analysis and simulation,computational,"【判定】: INCLUDE
【证据】: ""MIMICS 18.0 software (Materialise, Leuven, Belgium) was used for this purpose"" 及 ""The entire mesh was meshed using Hypermesh 2023 (Altair, Troy, MI, USA).""
【软件】: MIMICS 18.0; Hypermesh 2023
【专科】: Orthodontics
【应用场景】: Biomechanical analysis and simulation
【研究设计】: computational"
microstructural heterogeneity of the collagenous network in the loaded and unloaded periodontal ligament and its biomechanical implications,Microstructural heterogeneity of the collagenous network in the loaded and unloaded periodontal ligament and its biomechanical implications,JOURNAL OF STRUCTURAL BIOLOGY,journalArticle,JJD2I8Q6,INCLUDE,EXCLUDE,INCLUDE,"""The micro-CT data were first imported into ScanIP Version 7.0 (Simpleware, Exeter, UK) to segment the PDL tissue from the bulk sample.""",ScanIP (Simpleware),Periodontology,Image segmentation and 3D reconstruction,computational,"【判定】: INCLUDE
【证据】: ""The micro-CT data were first imported into ScanIP Version 7.0 (Simpleware, Exeter, UK) to segment the PDL tissue from the bulk sample.""
【软件】: ScanIP (Simpleware)
【专科】: Periodontology
【应用场景】: Image segmentation and 3D reconstruction
【研究设计】: computational"
influence of the preparation design on the survival probability of occlusal veneers,Influence of the preparation design on the survival probability of occlusal veneers,DENTAL MATERIALS,journalArticle,W5WVZD2W,INCLUDE,EXCLUDE,INCLUDE,"""The label masks corresponding to the occlusal veneer, luting composite, enamel and dentin were segmented with the open source program itk-snap [25]."" 以及 ""Another open source program z88 ... was used for the finite element analysis.""",ITK-SNAP; Z88; Fiji; Iso2mesh; Octave,Prosthodontics,Biomechanical analysis and simulation,computational,"【判定】: INCLUDE
【证据】: ""The label masks corresponding to the occlusal veneer, luting composite, enamel and dentin were segmented with the open source program itk-snap [25]."" 以及 ""Another open source program z88 ... was used for the finite element analysis.""
【软件】: ITK-SNAP; Z88; Fiji; Iso2mesh; Octave
【专科】: Prosthodontics
【应用场景】: Biomechanical analysis and simulation
【研究设计】: computational"
redefining mri based skull segmentation through ai driven multimodal integration,Redefining MRI-Based Skull Segmentation Through AI-Driven Multimodal Integration.,Journal of imaging,journalArticle,7G2A3A2R,INCLUDE,EXCLUDE,INCLUDE,"The CT images were imported into Mimics Innovation Suite (Version 25.0, Materialise NV, Leuven, Belgium), where semi-automatic segmentation of the skull was performed.",Mimics Innovation Suite,Oral and Maxillofacial Surgery,Image segmentation and 3D reconstruction,computational,"【判定】: INCLUDE
【证据】: The CT images were imported into Mimics Innovation Suite (Version 25.0, Materialise NV, Leuven, Belgium), where semi-automatic segmentation of the skull was performed.
【软件】: Mimics Innovation Suite
【专科】: Oral and Maxillofacial Surgery
【应用场景】: Image segmentation and 3D reconstruction
【研究设计】: computational"
standardization of three dimensional pose of cylindrical implants from intraoral radiographs a preliminary study,Standardization of three-dimensional pose of cylindrical implants from intraoral radiographs: a preliminary study,BMC ORAL HEALTH,journalArticle,3UWMQWHI,,INCLUDE,EXCLUDE,"片段中出现的软件为 ""Osiris 4.19""（用于获取二维坐标）及 ""dentascan program""，但 Osiris 属于医学影像查看软件，且片段中未明确表明本研究自身使用了某个具名的第三方非牙科三维（3D）软件进行3D数据处理、分析、建模或测量；""dentascan"" 为牙科专用软件，不符合纳入标准第2条。",-,-,-,-,"【判定】: EXCLUDE
【证据】: 片段中出现的软件为 ""Osiris 4.19""（用于获取二维坐标）及 ""dentascan program""，但 Osiris 属于医学影像查看软件，且片段中未明确表明本研究自身使用了某个具名的第三方非牙科三维（3D）软件进行3D数据处理、分析、建模或测量；""dentascan"" 为牙科专用软件，不符合纳入标准第2条。
【软件】: -
【专科】: -
【应用场景】: -
【研究设计】: -"
precision optimized process control in dlp printing of ultra thin zirconia prostheses a multi factor accuracy analysis,Precision-optimized process control in DLP printing of ultra-thin zirconia prostheses: A multi-factor accuracy analysis,DENTAL MATERIALS,journalArticle,BTIMYQVX,INCLUDE,EXCLUDE,INCLUDE,"To evaluate dimensional accuracy, 3D deviation analysis (Geomagic Wrap 2014; 3D Systems) was performed, comparing the scanned data with the CAD model in each designated area.",Geomagic Wrap,Prosthodontics,3D data analysis and accuracy assessment,in_vitro,"【判定】: INCLUDE
【证据】: To evaluate dimensional accuracy, 3D deviation analysis (Geomagic Wrap 2014; 3D Systems) was performed, comparing the scanned data with the CAD model in each designated area.
【软件】: Geomagic Wrap
【专科】: Prosthodontics
【应用场景】: 3D data analysis and accuracy assessment
【研究设计】: in_vitro"
metal organic framework incorporated three dimensional 3d bio printable hydrogels to facilitate bone repair preparation and in vitro bioactivity analysis,Metal Organic Framework-Incorporated Three-Dimensional (3D) Bio-Printable Hydrogels to Facilitate Bone Repair: Preparation and In Vitro Bioactivity Analysis,GELS,journalArticle,JSU2KA77,,INCLUDE,INCLUDE,"""The models for bio-printing were designed using an online computer-aided design (CAD) software called Onshape"" 以及 ""Surface model triangle count and quality were reduced and improved, respectively, using decimation and remeshing (Geomagic, 3D Systems, Rock Hill, SC, USA).""",Onshape; Geomagic,Oral and Maxillofacial Surgery,Digital design and manufacturing,in_vitro,"【判定】: INCLUDE
【证据】: ""The models for bio-printing were designed using an online computer-aided design (CAD) software called Onshape"" 以及 ""Surface model triangle count and quality were reduced and improved, respectively, using decimation and remeshing (Geomagic, 3D Systems, Rock Hill, SC, USA).""
【软件】: Onshape; Geomagic
【专科】: Oral and Maxillofacial Surgery
【应用场景】: Digital design and manufacturing
【研究设计】: in_vitro"
influence of framework material on stress fatigue and stability of all on four system components biomechanical evaluation with finite element analysis,"Influence of Framework Material on Stress, Fatigue, and Stability of “All-on-Four” System Components-Biomechanical Evaluation with Finite Element Analysis",JOURNAL OF FUNCTIONAL BIOMATERIALS,journalArticle,5LFW4IMR,INCLUDE,INCLUDE,INCLUDE,"""In CAD (computer-aided design) software (Geomagic Design X, 3D Systems, Rock Hill, SC, USA), a restoration has been scanned into the model."" 及 ""The Geomagic Design X program (USA) was used to reconstruct the model geometry.""",Geomagic Design X,Prosthodontics,Biomechanical analysis and simulation,computational,"【判定】: INCLUDE
【证据】: ""In CAD (computer-aided design) software (Geomagic Design X, 3D Systems, Rock Hill, SC, USA), a restoration has been scanned into the model."" 及 ""The Geomagic Design X program (USA) was used to reconstruct the model geometry.""
【软件】: Geomagic Design X
【专科】: Prosthodontics
【应用场景】: Biomechanical analysis and simulation
【研究设计】: computational"
a machine learning pipeline for cusp height prediction in worn lower molars methodological proof of concept and validation across homo,A Machine Learning Pipeline for Cusp Height Prediction in Worn Lower Molars: Methodological Proof-of-Concept and Validation Across Homo,APPLIED SCIENCES-BASEL,journalArticle,WMXWH3IN,INCLUDE,EXCLUDE,INCLUDE,"The resulting micro-CT volumes were segmented using Avizo 9.2 software (Thermo Fisher Scientific, Waltham, MA, USA). Three-dimensional models of the dental tissues (enamel, dentine, and the preserved portion of the pulp chamber) were further refined in Meshlab (version 2025.07)... Each 3D model was first imported into Meshlab (version 2025.07) software and oriented according to a cervical reference plane",Avizo; MeshLab,Oral Anatomy / Dental Morphology (Oral Biology),Image segmentation and 3D reconstruction,computational,"【判定】: INCLUDE
【证据】: The resulting micro-CT volumes were segmented using Avizo 9.2 software (Thermo Fisher Scientific, Waltham, MA, USA). Three-dimensional models of the dental tissues (enamel, dentine, and the preserved portion of the pulp chamber) were further refined in Meshlab (version 2025.07)... Each 3D model was first imported into Meshlab (version 2025.07) software and oriented according to a cervical reference plane
【软件】: Avizo; MeshLab
【专科】: Oral Anatomy / Dental Morphology (Oral Biology)
【应用场景】: Image segmentation and 3D reconstruction
【研究设计】: computational"
effect of different cad cam milling and 3d printing digital fabrication techniques on the accuracy of pmma working models and vertical marginal fit of pmma provisional dental prosthesis an in vitro study,Effect of Different CAD/CAM Milling and 3D Printing Digital Fabrication Techniques on the Accuracy of PMMA Working Models and Vertical Marginal Fit of PMMA Provisional Dental Prosthesis: An In Vitro Study,POLYMERS,journalArticle,DLN24UBD,INCLUDE,EXCLUDE,INCLUDE,"The STL dataset of each model from the test groups (CTMs) was superimposed to the STL dataset of the control reference model (CRM) using the Geomagic Control X superimposition software (Artec 3D, Santa Clara, CA, USA) to measure the accuracy of the test models in term of trueness",Geomagic Control X,Prosthodontics,3D data analysis and accuracy assessment,in_vitro,"【判定】: INCLUDE
【证据】: The STL dataset of each model from the test groups (CTMs) was superimposed to the STL dataset of the control reference model (CRM) using the Geomagic Control X superimposition software (Artec 3D, Santa Clara, CA, USA) to measure the accuracy of the test models in term of trueness
【软件】: Geomagic Control X
【专科】: Prosthodontics
【应用场景】: 3D data analysis and accuracy assessment
【研究设计】: in_vitro"
surgical navigation augmented reality and 3d printing for hard palate adenoid cystic carcinoma en bloc resection case report and literature review,"Surgical Navigation, Augmented Reality, and 3D Printing for Hard Palate Adenoid Cystic Carcinoma En-Bloc Resection: Case Report and Literature Review",FRONTIERS IN ONCOLOGY,journalArticle,I623BJYL,INCLUDE,EXCLUDE,INCLUDE,"""Using Autodesk Meshmixer software (Autodesk, Inc., USA), we increased the size of the tumor model 1 cm."" 以及 ""We developed a custom module for surgical navigation in the 3D Slicer platform (71), a free and open-source software package for clinical and biomedical applications.""",Autodesk Meshmixer; 3D Slicer,Oral and Maxillofacial Surgery,Surgical planning and precise implementation,case_report,"【判定】: INCLUDE
【证据】: ""Using Autodesk Meshmixer software (Autodesk, Inc., USA), we increased the size of the tumor model 1 cm."" 以及 ""We developed a custom module for surgical navigation in the 3D Slicer platform (71), a free and open-source software package for clinical and biomedical applications.""
【软件】: Autodesk Meshmixer; 3D Slicer
【专科】: Oral and Maxillofacial Surgery
【应用场景】: Surgical planning and precise implementation
【研究设计】: case_report"
in fiber bragg sensor measurements assess fluid effects on strain in the periodontal space of an ex vivo swine incisor complex under mechanical loading,In-fiber Bragg sensor measurements assess fluid effects on strain in the periodontal space of an ex-vivo swine incisor complex under mechanical loading,JOURNAL OF BIOMECHANICS,journalArticle,BIUPRBSD,,INCLUDE,EXCLUDE,"片段中仅出现 ""Matlab (MathWorks, Natick, MA) software was used to convert shifts in Bragg wavelength to microstrain""，但 MATLAB 用于波长-应变信号转换与峰值识别，属于信号/数据处理，未用于3D数据的处理、分析、建模或测量；其余软件（FBG SmartFiber、MTS Testworks、R）亦非3D软件。缺失""使用具名第三方非牙科3D软件处理/分析/建模/测量3D数据""的证据。",-,-,-,-,"【判定】: EXCLUDE
【证据】: 片段中仅出现 ""Matlab (MathWorks, Natick, MA) software was used to convert shifts in Bragg wavelength to microstrain""，但 MATLAB 用于波长-应变信号转换与峰值识别，属于信号/数据处理，未用于3D数据的处理、分析、建模或测量；其余软件（FBG SmartFiber、MTS Testworks、R）亦非3D软件。缺失""使用具名第三方非牙科3D软件处理/分析/建模/测量3D数据""的证据。
【软件】: -
【专科】: -
【应用场景】: -
【研究设计】: -"
a comparative study on the effectiveness of augmented reality on denture tooth selection,A Comparative study on the Effectiveness of Augmented Reality on Denture Tooth Selection.,The European journal of prosthodontics and restorative dentistry,journalArticle,53Y9LVNA,INCLUDE,EXCLUDE,INCLUDE,"""the research team was required to 3D scan all upper incisor and canine denture teeth available within the Leeds Dental Institute using the Solutionix Rexcan DS2 3D scanner model (Europac, Crewe, UK) and MeshLab software (www.meshlab.com)""",MeshLab,Prosthodontics,Image segmentation and 3D reconstruction,clinical,"【判定】: INCLUDE
【证据】: ""the research team was required to 3D scan all upper incisor and canine denture teeth available within the Leeds Dental Institute using the Solutionix Rexcan DS2 3D scanner model (Europac, Crewe, UK) and MeshLab software (www.meshlab.com)""
【软件】: MeshLab
【专科】: Prosthodontics
【应用场景】: Image segmentation and 3D reconstruction
【研究设计】: clinical"
effect of industrial scanner and framework material interaction on the marginal gaps of cad cam complete arch implant frameworks,Effect of industrial scanner and framework material interaction on the marginal gaps of CAD-CAM complete arch implant frameworks,JOURNAL OF PROSTHETIC DENTISTRY,journalArticle,YUDAP2TL,INCLUDE,EXCLUDE,INCLUDE,"""The alignment process generated a complete single framework scan (merged framework scan)... For superimpositions, the model scan and the key scan were imported to a metrology software program (GOM inspect V8 SR1; GOM GmbH)""；""a 3D volumetric software program (PolyWorks - Modeler; InnovMetric Software Inc)""",GOM Inspect; PolyWorks,Prosthodontics,3D data analysis and accuracy assessment,in_vitro,"【判定】: INCLUDE
【证据】: ""The alignment process generated a complete single framework scan (merged framework scan)... For superimpositions, the model scan and the key scan were imported to a metrology software program (GOM inspect V8 SR1; GOM GmbH)""；""a 3D volumetric software program (PolyWorks - Modeler; InnovMetric Software Inc)""
【软件】: GOM Inspect; PolyWorks
【专科】: Prosthodontics
【应用场景】: 3D data analysis and accuracy assessment
【研究设计】: in_vitro"
predicting 3d post orthodontic facial outcomes with a diffusion model trained on unpaired datasets,Predicting 3D Post-Orthodontic Facial Outcomes With a Diffusion Model Trained on Unpaired Datasets,INTERNATIONAL DENTAL JOURNAL,journalArticle,L9XBQG6L,INCLUDE,INCLUDE,INCLUDE,"""DICOM data were loaded using 3D Slicer software (version 5.6.2; http://www. slicer.org), and the facial soft tissues from the chin to the forehead were segmented."" 及 ""CloudCompare soft- ware (version 2.14; https://www.cloudcompare.org/) was employed to convert the mesh into point cloud data."" 及 ""CloudCompare software was employed to mark key points on the facial models.""",3D Slicer; CloudCompare,Orthodontics,Image segmentation and 3D reconstruction,computational,"【判定】: INCLUDE
【证据】: ""DICOM data were loaded using 3D Slicer software (version 5.6.2; http://www. slicer.org), and the facial soft tissues from the chin to the forehead were segmented."" 及 ""CloudCompare soft- ware (version 2.14; https://www.cloudcompare.org/) was employed to convert the mesh into point cloud data."" 及 ""CloudCompare software was employed to mark key points on the facial models.""
【软件】: 3D Slicer; CloudCompare
【专科】: Orthodontics
【应用场景】: Image segmentation and 3D reconstruction
【研究设计】: computational"
intaglio surface adaptation of removable partial denture framework fabricated by various data acquisition techniques and fabrication approaches,Intaglio Surface Adaptation of Removable Partial Denture Framework Fabricated by Various Data Acquisition Techniques and Fabrication Approaches.,European journal of dentistry,journalArticle,2Y9I2C6I,INCLUDE,EXCLUDE,INCLUDE,"The STL ﬁle of each metal framework was superimposed with the reference model by a metrology software, Geomagic Control X 2020 (3D Systems, South Carolina, United States).",Geomagic Control X,Prosthodontics,3D data analysis and accuracy assessment,in_vitro,"【判定】: INCLUDE
【证据】: The STL ﬁle of each metal framework was superimposed with the reference model by a metrology software, Geomagic Control X 2020 (3D Systems, South Carolina, United States).
【软件】: Geomagic Control X
【专科】: Prosthodontics
【应用场景】: 3D data analysis and accuracy assessment
【研究设计】: in_vitro"
modeling fracture in multilayered teeth using the finite volume based phase field method,Modeling fracture in multilayered teeth using the finite volume-based phase field method,JOURNAL OF THE MECHANICAL BEHAVIOR OF BIOMEDICAL MATERIALS,journalArticle,WBCEDXET,INCLUDE,INCLUDE,INCLUDE,"""The multilayer structure of the mandibular left second molar and a portion of the mandible were selected for simulation using the reverse modeling software Mimics (Materialise NV)."" 及 ""The exported stereolithography files were then imported into Geomagic Wrap (3D Systems) for morphological optimization"" 及 ""were assembled using SolidWorks (Dassault Syst`emes).""",Mimics; Geomagic Wrap; SolidWorks,Oral and Maxillofacial Surgery,Biomechanical analysis and simulation,computational,"【判定】: INCLUDE
【证据】: ""The multilayer structure of the mandibular left second molar and a portion of the mandible were selected for simulation using the reverse modeling software Mimics (Materialise NV)."" 及 ""The exported stereolithography files were then imported into Geomagic Wrap (3D Systems) for morphological optimization"" 及 ""were assembled using SolidWorks (Dassault Syst`emes).""
【软件】: Mimics; Geomagic Wrap; SolidWorks
【专科】: Oral and Maxillofacial Surgery
【应用场景】: Biomechanical analysis and simulation
【研究设计】: computational"
customized 3d printed models for training in repairing large maxillary sinus membrane perforations,Customized 3D-printed models for training in repairing large maxillary sinus membrane perforations.,BMC medical education,journalArticle,BLI79NLU,,INCLUDE,INCLUDE,Three-dimensional reconstruction of CBCT data in DICOM format was performed using InVesalius 3.0 software,InVesalius,Oral and Maxillofacial Surgery,Image segmentation and 3D reconstruction,educational,"【判定】: INCLUDE
【证据】: Three-dimensional reconstruction of CBCT data in DICOM format was performed using InVesalius 3.0 software
【软件】: InVesalius
【专科】: Oral and Maxillofacial Surgery
【应用场景】: Image segmentation and 3D reconstruction
【研究设计】: educational"
a novel digitized method for the design and additive manufacturing of orthodontic space maintainers,A Novel Digitized Method for the Design and Additive Manufacturing of Orthodontic Space Maintainers,APPLIED SCIENCES-BASEL,journalArticle,MACLY32F,INCLUDE,EXCLUDE,INCLUDE,"The complete scan is imported in MeshLab, and the teeth portion, adjacent to the edentulous space that must be preserved, is selected, and then trimmed. / Figure 4 illustrates the main phases of the process using the software Autodesk Fusion 360. / Finite element analyses were performed by Ansys 2022 software to simulate a bending test on the space maintainer.",MeshLab; Autodesk Fusion 360; ANSYS,Pediatric Dentistry,Digital design and manufacturing,technical_note,"【判定】: INCLUDE
【证据】: The complete scan is imported in MeshLab, and the teeth portion, adjacent to the edentulous space that must be preserved, is selected, and then trimmed. / Figure 4 illustrates the main phases of the process using the software Autodesk Fusion 360. / Finite element analyses were performed by Ansys 2022 software to simulate a bending test on the space maintainer.
【软件】: MeshLab; Autodesk Fusion 360; ANSYS
【专科】: Pediatric Dentistry
【应用场景】: Digital design and manufacturing
【研究设计】: technical_note"
automatic orbital segmentation using deep learning based 2d u net and accuracy evaluation a retrospective study,Automatic orbital segmentation using deep learning-based 2D U-net and accuracy evaluation: A retrospective study,JOURNAL OF CRANIO-MAXILLOFACIAL SURGERY,journalArticle,5SRGE8HN,INCLUDE,EXCLUDE,INCLUDE,"""For each piece of data, a correct label was created by one surgeon using the free software 3D Slicer (https://www.slicer.org/).""",3D Slicer,Oral and Maxillofacial Surgery,Image segmentation and 3D reconstruction,computational,"【判定】: INCLUDE
【证据】: ""For each piece of data, a correct label was created by one surgeon using the free software 3D Slicer (https://www.slicer.org/).""
【软件】: 3D Slicer
【专科】: Oral and Maxillofacial Surgery
【应用场景】: Image segmentation and 3D reconstruction
【研究设计】: computational"
subtractive versus additive indirect manufacturing techniques of digitally designed partial dentures,Subtractive versus additive indirect manufacturing techniques of digitally designed partial dentures,JOURNAL OF ADVANCED PROSTHODONTICS,journalArticle,TI4JGF9N,INCLUDE,INCLUDE,INCLUDE,"Comparative 3D analysis was used to measure the accuracy of the fabricated frameworks using Geomagic Control X software. / The STL file of each of the scanned frameworks was superimposed with the initial STL file of the design using surface matching software (Geomagic® Control X, 3D systems, Rock Hill, SC, USA)",Geomagic Control X,Prosthodontics,3D data analysis and accuracy assessment,in_vitro,"【判定】: INCLUDE
【证据】: Comparative 3D analysis was used to measure the accuracy of the fabricated frameworks using Geomagic Control X software. / The STL file of each of the scanned frameworks was superimposed with the initial STL file of the design using surface matching software (Geomagic® Control X, 3D systems, Rock Hill, SC, USA)
【软件】: Geomagic Control X
【专科】: Prosthodontics
【应用场景】: 3D data analysis and accuracy assessment
【研究设计】: in_vitro"
facial masculinization surgery using polyetheretherketone alloplasty statistical shape modeling based implant designs,Facial Masculinization Surgery Using Polyetheretherketone Alloplasty: Statistical Shape Modeling-based Implant Designs.,Plastic and reconstructive surgery. Global open,journalArticle,GX5AGF6V,,INCLUDE,EXCLUDE,"证据片段中未出现表明本研究自身在材料与方法中使用具名第三方非牙科3D软件的表述；仅见 ""computer-aided design""、""statistical shape modeling"" 等泛述，以及参考文献列表中出现的 ""nonrigidICP [computer program]. Mathworks; 2018""（属参考文献列表，非本研究使用证据）。",-,-,-,-,"【判定】: EXCLUDE
【证据】: 证据片段中未出现表明本研究自身在材料与方法中使用具名第三方非牙科3D软件的表述；仅见 ""computer-aided design""、""statistical shape modeling"" 等泛述，以及参考文献列表中出现的 ""nonrigidICP [computer program]. Mathworks; 2018""（属参考文献列表，非本研究使用证据）。
【软件】: -
【专科】: -
【应用场景】: -
【研究设计】: -"
validation of a novel tool for automated tooth modelling by fusion of cbct derived roots with the respective ios derived crowns,Validation of a novel tool for automated tooth modelling by fusion of CBCT-derived roots with the respective IOS-derived crowns,JOURNAL OF DENTISTRY,journalArticle,49PG86KL,INCLUDE,EXCLUDE,INCLUDE,"the process included trimming the IOS data using 3-matic software (version 17.0, Materialise, Leuven, Belgium) to isolate the crown portion of the selected tooth. The segmented IOS crown and CBCT scan were imported into Mimics software (version 25.0, Materialise, Leuven, Belgium) and the IOS crown was manually registered onto the CBCT scan.",3-matic; Mimics,Oral and Maxillofacial Radiology,Image segmentation and 3D reconstruction,computational,"【判定】: INCLUDE
【证据】: the process included trimming the IOS data using 3-matic software (version 17.0, Materialise, Leuven, Belgium) to isolate the crown portion of the selected tooth. The segmented IOS crown and CBCT scan were imported into Mimics software (version 25.0, Materialise, Leuven, Belgium) and the IOS crown was manually registered onto the CBCT scan.
【软件】: 3-matic; Mimics
【专科】: Oral and Maxillofacial Radiology
【应用场景】: Image segmentation and 3D reconstruction
【研究设计】: computational"
three dimensional virtual planning in mandibular advancement surgery soft tissue prediction based on deep learning,Three-dimensional virtual planning in mandibular advancement surgery: Soft tissue prediction based on deep learning,JOURNAL OF CRANIO-MAXILLOFACIAL SURGERY,journalArticle,JVRN27GF,,INCLUDE,INCLUDE,"""The displacements were applied to the T1 vertices using MATLAB."" 以及 ""All DL steps were performed using Keras (Chollet, 2015) with the TensorFlow backend program in Python 3.7""",MATLAB; Keras; TensorFlow; Python,Oral and Maxillofacial Surgery,Morphological and phenotypic analysis,computational,"【判定】: INCLUDE
【证据】: ""The displacements were applied to the T1 vertices using MATLAB."" 以及 ""All DL steps were performed using Keras (Chollet, 2015) with the TensorFlow backend program in Python 3.7""
【软件】: MATLAB; Keras; TensorFlow; Python
【专科】: Oral and Maxillofacial Surgery
【应用场景】: Morphological and phenotypic analysis
【研究设计】: computational"
idnet a diffusion model enhanced framework for accurate cranio maxillofacial bone defect repair,IDNet: A Diffusion Model-Enhanced Framework for Accurate Cranio-Maxillofacial Bone Defect Repair,BIOENGINEERING-BASEL,journalArticle,CRTLD8EM,INCLUDE,EXCLUDE,INCLUDE,"""To simulate the skull of a patient with real defects, 21 distinct defects were created on each 3D reconstructed skull using 3D Slicer software.""",3D Slicer,Oral and Maxillofacial Surgery,Image segmentation and 3D reconstruction,computational,"【判定】: INCLUDE
【证据】: ""To simulate the skull of a patient with real defects, 21 distinct defects were created on each 3D reconstructed skull using 3D Slicer software.""
【软件】: 3D Slicer
【专科】: Oral and Maxillofacial Surgery
【应用场景】: Image segmentation and 3D reconstruction
【研究设计】: computational"
effects of incremental mandibular advancement on upper airways morphology and anatomical structures a preliminary ct scan study on body donors,Effects of incremental mandibular advancement on upper airways morphology and anatomical structures: a preliminary CT scan study on body donors.,Scientific reports,journalArticle,YYJF9M92,INCLUDE,EXCLUDE,INCLUDE,"""a set of standardised measurements, derived from previously published studies was obtained to quantify modifications of the upper airway and surrounding soft tissues using 3D Slicer (version 5.8)""",3D Slicer,Oral and Maxillofacial Radiology,Image segmentation and 3D reconstruction,clinical,"【判定】: INCLUDE
【证据】: ""a set of standardised measurements, derived from previously published studies was obtained to quantify modifications of the upper airway and surrounding soft tissues using 3D Slicer (version 5.8)""
【软件】: 3D Slicer
【专科】: Oral and Maxillofacial Radiology
【应用场景】: Image segmentation and 3D reconstruction
【研究设计】: clinical"
suitability and trueness of the removable partial denture framework fabricating by polyether ether ketone with cad cam technology,Suitability and Trueness of the Removable Partial Denture Framework Fabricating by Polyether Ether Ketone with CAD-CAM Technology,POLYMERS,journalArticle,46W9JXVL,INCLUDE,EXCLUDE,INCLUDE,"The image analysis software (Geomagic Wrap 2017, Geomagic, Triangle Park, NC, USA) (Figure 4a,b) was employed to manually register and align the scanned data of the frameworks, both with and without light silicone rubber",Geomagic Wrap,Prosthodontics,3D data analysis and accuracy assessment,in_vitro,"【判定】: INCLUDE
【证据】: The image analysis software (Geomagic Wrap 2017, Geomagic, Triangle Park, NC, USA) (Figure 4a,b) was employed to manually register and align the scanned data of the frameworks, both with and without light silicone rubber
【软件】: Geomagic Wrap
【专科】: Prosthodontics
【应用场景】: 3D data analysis and accuracy assessment
【研究设计】: in_vitro"
three dimensional cranial suture morphometric changes in young rats during normal growth,Three-dimensional cranial suture morphometric changes in young rats during normal growth,BONE,journalArticle,IWPHXENQ,,INCLUDE,EXCLUDE,该研究主题为颅缝形态学（cranial suture morphometry），属于颅面/骨骼生长研究，不属于口腔医学任一学科；且证据片段中 Mimics 与 SpaceClaim 虽被本研究使用，但主题不符纳入标准第1条。,-,-,-,-,"【判定】: EXCLUDE
【证据】: 该研究主题为颅缝形态学（cranial suture morphometry），属于颅面/骨骼生长研究，不属于口腔医学任一学科；且证据片段中 Mimics 与 SpaceClaim 虽被本研究使用，但主题不符纳入标准第1条。
【软件】: -
【专科】: -
【应用场景】: -
【研究设计】: -"
three dimensional finite element analysis of full arch implant supported dental restorations complete vs segmented frameworks,Three-dimensional finite element analysis of full-arch implant-supported dental restorations: complete vs. segmented frameworks,FRONTIERS IN BIOENGINEERING AND BIOTECHNOLOGY,journalArticle,RLHZZQIF,INCLUDE,EXCLUDE,INCLUDE,the model was imported into ANSYS Workbench® 19R1 software for the analysis,ANSYS Workbench,Implantology,Biomechanical analysis and simulation,computational,"【判定】: INCLUDE
【证据】: the model was imported into ANSYS Workbench® 19R1 software for the analysis
【软件】: ANSYS Workbench
【专科】: Implantology
【应用场景】: Biomechanical analysis and simulation
【研究设计】: computational"
accuracy and surface roughness of co cr partial denture frameworks with different fabrication methods,Accuracy and surface roughness of Co-Cr partial denture frameworks with different fabrication methods,JOURNAL OF PROSTHETIC DENTISTRY,journalArticle,C4T4CYED,INCLUDE,INCLUDE,INCLUDE,"""The STL file of each scanned framework was overlaid with the initial STL file of the design using a surface matching software program (Geomagic Control X; 3D systems Inc)"" 及 ""Geomagic Control X software program was used to measure the accuracy of the fabricated frameworks.""",Geomagic Control X,Prosthodontics,3D data analysis and accuracy assessment,in_vitro,"【判定】: INCLUDE
【证据】: ""The STL file of each scanned framework was overlaid with the initial STL file of the design using a surface matching software program (Geomagic Control X; 3D systems Inc)"" 及 ""Geomagic Control X software program was used to measure the accuracy of the fabricated frameworks.""
【软件】: Geomagic Control X
【专科】: Prosthodontics
【应用场景】: 3D data analysis and accuracy assessment
【研究设计】: in_vitro"
three dimensional volumetric analysis of frontal ethmoidal cells and evaluation of influential factors a helical computed tomography study,Three-Dimensional Volumetric Analysis of Frontal Ethmoidal Cells and Evaluation of Influential Factors: A Helical Computed Tomography Study,TOMOGRAPHY,journalArticle,P8WWLP4V,,INCLUDE,INCLUDE,The DICOM images were analyzed using InVesalius version 3.1 software (http://www. cti.gov.br/invesalius/) (accessed on 10 October 2021) through the manual segmentation of the anatomical structures.,InVesalius,Oral and Maxillofacial Radiology,Image segmentation and 3D reconstruction,clinical,"【判定】: INCLUDE
【证据】: The DICOM images were analyzed using InVesalius version 3.1 software (http://www. cti.gov.br/invesalius/) (accessed on 10 October 2021) through the manual segmentation of the anatomical structures.
【软件】: InVesalius
【专科】: Oral and Maxillofacial Radiology
【应用场景】: Image segmentation and 3D reconstruction
【研究设计】: clinical"
tcfnet bidirectional face bone transformation via a transformer based coarse to fine point movement network,TCFNet: Bidirectional face-bone transformation via a Transformer-based coarse-to-fine point movement network.,Medical image analysis,journalArticle,8PBRU82N,INCLUDE,EXCLUDE,INCLUDE,"""All post-processing operations were performed in MeshLab."" 以及 ""Our preprocessing and postprocessing methods relied on Open3D 0.18.0 and MeshLab.""",MeshLab; Open3D,Orthodontics and Orthognathic Surgery,Image segmentation and 3D reconstruction,computational,"【判定】: INCLUDE
【证据】: ""All post-processing operations were performed in MeshLab."" 以及 ""Our preprocessing and postprocessing methods relied on Open3D 0.18.0 and MeshLab.""
【软件】: MeshLab; Open3D
【专科】: Orthodontics and Orthognathic Surgery
【应用场景】: Image segmentation and 3D reconstruction
【研究设计】: computational"
diva a 3d virtual reality platform improves undergraduate craniofacial trauma education,"DIVA, a 3D virtual reality platform, improves undergraduate craniofacial trauma education",JOURNAL OF STOMATOLOGY ORAL AND MAXILLOFACIAL SURGERY,journalArticle,CM5ESAGD,INCLUDE,INCLUDE,INCLUDE,"""3D reconstructions from CT-scan using Avizo (ThermoFisher Scientiﬁc, Waltham, MA, USA)""",Avizo,Oral and Maxillofacial Surgery,Image segmentation and 3D reconstruction,educational,"【判定】: INCLUDE
【证据】: ""3D reconstructions from CT-scan using Avizo (ThermoFisher Scientiﬁc, Waltham, MA, USA)""
【软件】: Avizo
【专科】: Oral and Maxillofacial Surgery
【应用场景】: Image segmentation and 3D reconstruction
【研究设计】: educational"
a hybrid approach combining dual energy and inpainting methods for metal artifact reduction in dentomaxillofacial cbct a proof of concept phantom study,A Hybrid Approach Combining Dual-Energy and Inpainting Methods for Metal Artifact Reduction in Dentomaxillofacial CBCT: A Proof-of-Concept Phantom Study,ANNALS OF BIOMEDICAL ENGINEERING,journalArticle,E8EEWYKI,,INCLUDE,EXCLUDE,"片段中仅提及 ""the vendor's inpainting-based MAR pipeline"" 及 ""a threshold-based segmentation algorithm""，未出现任何具名第三方非牙科3D软件（如 Mimics、3D Slicer、MATLAB 等）被本研究使用的表述；其余软件名（如 FDK）为算法而非具名第三方软件，且片段中出现的其他名称均位于参考文献列表或泛述中。",-,-,-,-,"【判定】: EXCLUDE
【证据】: 片段中仅提及 ""the vendor's inpainting-based MAR pipeline"" 及 ""a threshold-based segmentation algorithm""，未出现任何具名第三方非牙科3D软件（如 Mimics、3D Slicer、MATLAB 等）被本研究使用的表述；其余软件名（如 FDK）为算法而非具名第三方软件，且片段中出现的其他名称均位于参考文献列表或泛述中。
【软件】: -
【专科】: -
【应用场景】: -
【研究设计】: -"
the microbiological effect of virgin coconut oil on the morphological and volumetric dimensional changes of 3d printed surgical guides in vitro study,The microbiological effect of virgin coconut oil on the morphological and volumetric dimensional changes of 3D printed surgical guides (in vitro study),BMC ORAL HEALTH,journalArticle,QNI34BLU,INCLUDE,EXCLUDE,INCLUDE,"""3D analyzing CAD software (GOM Inspect) was used for the morphological assessment through the surface comparison analysis"" 及 ""A virtual cylinder produced by the 3D analyzing CAD software (GOM Inspect) was fitted into the sleeve space.""",GOM Inspect,Oral and Maxillofacial Surgery,3D data analysis and accuracy assessment,in_vitro,"【判定】: INCLUDE
【证据】: ""3D analyzing CAD software (GOM Inspect) was used for the morphological assessment through the surface comparison analysis"" 及 ""A virtual cylinder produced by the 3D analyzing CAD software (GOM Inspect) was fitted into the sleeve space.""
【软件】: GOM Inspect
【专科】: Oral and Maxillofacial Surgery
【应用场景】: 3D data analysis and accuracy assessment
【研究设计】: in_vitro"
a novel approach for determining instantaneous centers of rotation of the mandible with an intraoral scanner a preliminary study,A novel approach for determining instantaneous centers of rotation of the mandible with an intraoral scanner: A preliminary study.,PloS one,journalArticle,7GANPVVG,INCLUDE,INCLUDE,INCLUDE,"""we used an alignment process combined with a substitutional phase carried out in Blender 2.79.2 (Blender Foundation, Amsterdam), which is an open-source general-purpose modeling program."" 以及 ""Blender software was used to align the meshes during the post-scan digital workflow.""",Blender,Prosthodontics,3D data analysis and accuracy assessment,computational,"【判定】: INCLUDE
【证据】: ""we used an alignment process combined with a substitutional phase carried out in Blender 2.79.2 (Blender Foundation, Amsterdam), which is an open-source general-purpose modeling program."" 以及 ""Blender software was used to align the meshes during the post-scan digital workflow.""
【软件】: Blender
【专科】: Prosthodontics
【应用场景】: 3D data analysis and accuracy assessment
【研究设计】: computational"
an in vitro study of the reproducibility of the drilling access of digitalized surgical guides generated via three different implant planning software programs,An In Vitro Study of the Reproducibility of the Drilling Access of Digitalized Surgical Guides Generated via Three Different Implant Planning Software Programs,APPLIED SCIENCES-BASEL,journalArticle,YHMC9EU4,INCLUDE,EXCLUDE,INCLUDE,"""a demonstration of a Standard Tessellation Language file (.STL file) of an entire arch ... was transferred to a three-dimensional software program (Meshmixer™, Autodesk® Inc., San Francisco, CA, USA). The demonstration model was sectioned from the entire arch into a four-tooth area ... The sectioned demonstration model was then merged with a 50 mm diameter and 10 mm high cylinder created in the Meshmixer™ program.""",Meshmixer,Oral and Maxillofacial Surgery,Digital design and manufacturing,in_vitro,"【判定】: INCLUDE
【证据】: ""a demonstration of a Standard Tessellation Language file (.STL file) of an entire arch ... was transferred to a three-dimensional software program (Meshmixer™, Autodesk® Inc., San Francisco, CA, USA). The demonstration model was sectioned from the entire arch into a four-tooth area ... The sectioned demonstration model was then merged with a 50 mm diameter and 10 mm high cylinder created in the Meshmixer™ program.""
【软件】: Meshmixer
【专科】: Oral and Maxillofacial Surgery
【应用场景】: Digital design and manufacturing
【研究设计】: in_vitro"
mandible segmentation of dental cbct scans affected by metal artifacts using coarse to fine learning model,Mandible Segmentation of Dental CBCT Scans Affected by Metal Artifacts Using Coarse-to-Fine Learning Model,JOURNAL OF PERSONALIZED MEDICINE,journalArticle,F78S65N9,INCLUDE,EXCLUDE,INCLUDE,"These gold standard labels were created by the manual segmentation of all CBCT scans by three experienced medical engineers using Mimics software 20.0 (Materialise, Leuven, Belgium).",Mimics,Oral and Maxillofacial Surgery,Image segmentation and 3D reconstruction,computational,"【判定】: INCLUDE
【证据】: These gold standard labels were created by the manual segmentation of all CBCT scans by three experienced medical engineers using Mimics software 20.0 (Materialise, Leuven, Belgium).
【软件】: Mimics
【专科】: Oral and Maxillofacial Surgery
【应用场景】: Image segmentation and 3D reconstruction
【研究设计】: computational"
three dimensional analysis of mandibular and condylar growth using artificial intelligence tools a comparison of twin block and frankel ii appliances,Three-dimensional analysis of mandibular and condylar growth using artificial intelligence tools: a comparison of twin-block and Frankel II Appliances,BMC ORAL HEALTH,journalArticle,Y5JWYY4F,INCLUDE,EXCLUDE,INCLUDE,"the segmentation process in this study involved semi-automatic (SA) segmentation using ITK-SNAP 4.0.1 (Pennsylvania, USA) with manual checking (slice-by-slice editing) to adjust boundaries",ITK-SNAP,Orthodontics,Image segmentation and 3D reconstruction,clinical,"【判定】: INCLUDE
【证据】: the segmentation process in this study involved semi-automatic (SA) segmentation using ITK-SNAP 4.0.1 (Pennsylvania, USA) with manual checking (slice-by-slice editing) to adjust boundaries
【软件】: ITK-SNAP
【专科】: Orthodontics
【应用场景】: Image segmentation and 3D reconstruction
【研究设计】: clinical"
pressure based finite element analysis of setup distance in clear aligner canine retraction comparing bodily and tipping movements,Pressure-based finite element analysis of setup distance in clear aligner canine retraction comparing bodily and tipping movements.,Scientific reports,journalArticle,IYKJ62I6,INCLUDE,EXCLUDE,INCLUDE,"A three-dimensional FEA was performed using ANSYS Mechanical 2024R (ANSYS Inc., Canonsburg, PA, USA) to simulate upper canine retraction for space closure.",ANSYS,Orthodontics,Biomechanical analysis and simulation,computational,"【判定】: INCLUDE
【证据】: A three-dimensional FEA was performed using ANSYS Mechanical 2024R (ANSYS Inc., Canonsburg, PA, USA) to simulate upper canine retraction for space closure.
【软件】: ANSYS
【专科】: Orthodontics
【应用场景】: Biomechanical analysis and simulation
【研究设计】: computational"
computer aided orthognathic surgery a general method for designing and manufacturing personalized cutting repositioning templates,Computer Aided Orthognathic Surgery: A General Method for Designing and Manufacturing Personalized Cutting/Repositioning Templates,APPLIED SCIENCES-BASEL,journalArticle,B2M3DARR,INCLUDE,EXCLUDE,INCLUDE,"""The DICOM ... images from the CT scan of the involved zones, in this case the jaws, were imported in the open-source software 3D Slicer ... and used to realize the segmentation."" / ""3D models are primarily converted, using the same software, into STL ... and then, using Geomagic software (Design X rel., 3D Systems, Rock Hill, SC, USA) into IGES ... models"" / ""the models are imported into Rhinoceros (Robert McNeel & Associates, Seattle, WA, USA) for preparing the data for template design.""",3D Slicer; Geomagic Design X; Rhinoceros,Oral and Maxillofacial Surgery,Image segmentation and 3D reconstruction,technical_note,"【判定】: INCLUDE
【证据】: ""The DICOM ... images from the CT scan of the involved zones, in this case the jaws, were imported in the open-source software 3D Slicer ... and used to realize the segmentation."" / ""3D models are primarily converted, using the same software, into STL ... and then, using Geomagic software (Design X rel., 3D Systems, Rock Hill, SC, USA) into IGES ... models"" / ""the models are imported into Rhinoceros (Robert McNeel & Associates, Seattle, WA, USA) for preparing the data for template design.""
【软件】: 3D Slicer; Geomagic Design X; Rhinoceros
【专科】: Oral and Maxillofacial Surgery
【应用场景】: Image segmentation and 3D reconstruction
【研究设计】: technical_note"
a comparison of denture base retention and adaptation between cad cam and conventional fabrication techniques,A Comparison of Denture Base Retention and Adaptation Between CAD/CAM and Conventional Fabrication Techniques,INTERNATIONAL JOURNAL OF PROSTHODONTICS,journalArticle,34EC3W3G,INCLUDE,INCLUDE,INCLUDE,"""outputting an STL file that was imported into the Meshmixer software to flip the fitting surface of the denture base"" 及 ""superimposed on the STL file of the corresponding definitive cast by using surface matching software (Geomagic Control X 64)""",Meshmixer; Geomagic Control X,Prosthodontics,3D data analysis and accuracy assessment,clinical,"【判定】: INCLUDE
【证据】: ""outputting an STL file that was imported into the Meshmixer software to flip the fitting surface of the denture base"" 及 ""superimposed on the STL file of the corresponding definitive cast by using surface matching software (Geomagic Control X 64)""
【软件】: Meshmixer; Geomagic Control X
【专科】: Prosthodontics
【应用场景】: 3D data analysis and accuracy assessment
【研究设计】: clinical"
mechanical performance of chairside ceramic cad cam restorations and zirconia abutments with different internal implant connections in vitro study and finite element analysis,Mechanical Performance of Chairside Ceramic CAD/CAM Restorations and Zirconia Abutments with Different Internal Implant Connections: In Vitro Study and Finite Element Analysis,MATERIALS,journalArticle,KLM4ETUM,INCLUDE,EXCLUDE,INCLUDE,"The CAD models of each piece were modelled in Solidworks 2019 (Dassault Systèmes, Waltham, MA, USA) and were imported into Ansys Workbench 2019 (ANSYS, Inc., Canonsburg, PA, USA), where the corresponding ﬁnite element models were created",SolidWorks; ANSYS Workbench,Prosthodontics,Biomechanical analysis and simulation,in_vitro,"【判定】: INCLUDE
【证据】: The CAD models of each piece were modelled in Solidworks 2019 (Dassault Systèmes, Waltham, MA, USA) and were imported into Ansys Workbench 2019 (ANSYS, Inc., Canonsburg, PA, USA), where the corresponding ﬁnite element models were created
【软件】: SolidWorks; ANSYS Workbench
【专科】: Prosthodontics
【应用场景】: Biomechanical analysis and simulation
【研究设计】: in_vitro"
stress distribution in titanium and zirconia implants with full arch prostheses a finite element analysis,Stress distribution in titanium and zirconia implants with full-arch prostheses: a finite element analysis.,BMC oral health,journalArticle,2CNYCSQG,INCLUDE,EXCLUDE,INCLUDE,"""The CT data were processed using 3DSlicer software and converted to stereolithography (STL) format. Reverse engineering processes were performed using Blender software; preparation for finite element analysis (FEA) and optimization of the mesh structure were achieved using ALTAIR Hypermesh. Model solutions were completed using the ALTAIR OptiStruct (ALTAIR, Troy, MI, USA) solver.""",3D Slicer; Blender; ALTAIR HyperMesh; ALTAIR OptiStruct,Oral and Maxillofacial Surgery,Biomechanical analysis and simulation,computational,"【判定】: INCLUDE
【证据】: ""The CT data were processed using 3DSlicer software and converted to stereolithography (STL) format. Reverse engineering processes were performed using Blender software; preparation for finite element analysis (FEA) and optimization of the mesh structure were achieved using ALTAIR Hypermesh. Model solutions were completed using the ALTAIR OptiStruct (ALTAIR, Troy, MI, USA) solver.""
【软件】: 3D Slicer; Blender; ALTAIR HyperMesh; ALTAIR OptiStruct
【专科】: Oral and Maxillofacial Surgery
【应用场景】: Biomechanical analysis and simulation
【研究设计】: computational"
comparative analysis of five ai platforms for mandibular canal segmentation on cbct images,Comparative analysis of five AI platforms for mandibular canal segmentation on CBCT images,JOURNAL OF DENTISTRY,journalArticle,4PBV2R5L,INCLUDE,INCLUDE,INCLUDE,"""A total of 120 anonymized CBCT scans (240 MCs) were analyzed using five fully automated AI-based segmentation platforms: Atomica (Atomica AI, USA), BlueSkyPlan (Blue Sky Bio, USA), Craniocatch (Craniocatch, Türkiye), 3D Slicer (open-source, USA), and Relu Creator (Relu BV, Belgium)."" 以及 ""3D Slicer (version 5.7.0, open-source, USA), an open-source biomedical imaging platform. In this study, the DentalSegmentator extension (version 1.0.0-alpha), based on the nnU-Net DL framework, was used for ful",3D Slicer,Oral and Maxillofacial Radiology,Image segmentation and 3D reconstruction,computational,"【判定】: INCLUDE
【证据】: ""A total of 120 anonymized CBCT scans (240 MCs) were analyzed using five fully automated AI-based segmentation platforms: Atomica (Atomica AI, USA), BlueSkyPlan (Blue Sky Bio, USA), Craniocatch (Craniocatch, Türkiye), 3D Slicer (open-source, USA), and Relu Creator (Relu BV, Belgium)."" 以及 ""3D Slicer (version 5.7.0, open-source, USA), an open-source biomedical imaging platform. In this study, the DentalSegmentator extension (version 1.0.0-alpha), based on the nnU-Net DL framework, was used for fully automated segmentation of the MC and surrounding osseous structures.""
【软件】: 3D Slicer
【专科】: Oral and Maxillofacial Radiology
【应用场景】: Image segmentation and 3D reconstruction
【研究设计】: computational"
study on fracture behavior of molars based on three dimensional high precision computerized tomography scanning and numerical simulation,Study on fracture behavior of molars based on three-dimensional high-precision computerized tomography scanning and numerical simulation,INTERNATIONAL JOURNAL FOR NUMERICAL METHODS IN BIOMEDICAL ENGINEERING,journalArticle,CL73C5HV,INCLUDE,EXCLUDE,INCLUDE,The Avizo software was used to visualize the 3D reconstruction of tooth and accurately characterize the composite structure model of tooth.,Avizo,Endodontics,Image segmentation and 3D reconstruction,computational,"【判定】: INCLUDE
【证据】: The Avizo software was used to visualize the 3D reconstruction of tooth and accurately characterize the composite structure model of tooth.
【软件】: Avizo
【专科】: Endodontics
【应用场景】: Image segmentation and 3D reconstruction
【研究设计】: computational"
automated orthognathic surgery planning based on shape aware morphology prediction and anatomy constrained registration,Automated Orthognathic Surgery Planning Based on Shape-Aware Morphology Prediction and Anatomy-Constrained Registration,IEEE Transactions on Image Processing,journalArticle,AJ4I25ZJ,INCLUDE,EXCLUDE,EXCLUDE,"证据片段中 Mimics 21.0 仅出现在 ""These manual plans were generated using professional Computer-Assisted Surgical Simulation software (Mimics 21.0...)""，即 Mimics 是用于生成**对照/金标准的手工规划**，而非本研究自身方法（OrthoPlanner/JawFormer）所使用的软件；本研究自身方法为自研深度学习框架，未使用具名第三方非牙科3D软件。",-,-,-,-,"【判定】: EXCLUDE
【证据】: 证据片段中 Mimics 21.0 仅出现在 ""These manual plans were generated using professional Computer-Assisted Surgical Simulation software (Mimics 21.0...)""，即 Mimics 是用于生成**对照/金标准的手工规划**，而非本研究自身方法（OrthoPlanner/JawFormer）所使用的软件；本研究自身方法为自研深度学习框架，未使用具名第三方非牙科3D软件。
【软件】: -
【专科】: -
【应用场景】: -
【研究设计】: -"
comparison of the accuracy of implant position among freehand implant placement static and dynamic computer assisted implant surgery in fully edentulous patients a non randomized prospective study,"Comparison of the accuracy of implant position among freehand implant placement, static and dynamic computer-assisted implant surgery in fully edentulous patients: a non- randomized prospective study",INTERNATIONAL JOURNAL OF ORAL AND MAXILLOFACIAL SURGERY,journalArticle,5B8XDKKQ,,INCLUDE,EXCLUDE,"片段中 Meshmixer 与 Netfabb 仅出现在模型制备描述中，但该片段所属研究（Sittikornpaiboon et al., 2021）与题名所给研究（全口无牙颌种植精度比较）并非同一文献；题名/摘要所描述的研究方法中未出现任何具名第三方非牙科3D软件，仅提及 CBCT 与统计分析（ANCOVA），缺乏""本研究自身使用某具名非牙科3D软件""的证据。",-,-,-,-,"【判定】: EXCLUDE
【证据】: 片段中 Meshmixer 与 Netfabb 仅出现在模型制备描述中，但该片段所属研究（Sittikornpaiboon et al., 2021）与题名所给研究（全口无牙颌种植精度比较）并非同一文献；题名/摘要所描述的研究方法中未出现任何具名第三方非牙科3D软件，仅提及 CBCT 与统计分析（ANCOVA），缺乏""本研究自身使用某具名非牙科3D软件""的证据。
【软件】: -
【专科】: -
【应用场景】: -
【研究设计】: -"
clinical implementation of an eu mdr compliant point of care manufacturing framework for patient specific 3d printed peek implants in craniomaxillofacial reconstruction,Clinical implementation of an EU MDR-compliant point-of-care manufacturing framework for patient-specific 3D-printed PEEK implants in craniomaxillofacial  reconstruction.,3D printing in medicine,journalArticle,W3DKWQAN,INCLUDE,EXCLUDE,INCLUDE,"CT datasets exported in Digital Imaging and Communications in Medicine (DICOM) format were processed using MIMICS Innovation Suite (v.25.0 for cranial case, v.26.0 for facial case; Materialise NV, Leuven, Belgium). ... Computer-aided design (CAD) software (Geomagic Freeform Plus v2022.0.34, Hexagon AB, Stockholm, Sweden) integrated with medical imaging platforms enabled iterative surgeon-engineer design review",MIMICS Innovation Suite; Geomagic Freeform Plus,Oral and Maxillofacial Surgery,Image segmentation and 3D reconstruction,technical_note,"【判定】: INCLUDE
【证据】: CT datasets exported in Digital Imaging and Communications in Medicine (DICOM) format were processed using MIMICS Innovation Suite (v.25.0 for cranial case, v.26.0 for facial case; Materialise NV, Leuven, Belgium). ... Computer-aided design (CAD) software (Geomagic Freeform Plus v2022.0.34, Hexagon AB, Stockholm, Sweden) integrated with medical imaging platforms enabled iterative surgeon-engineer design review
【软件】: MIMICS Innovation Suite; Geomagic Freeform Plus
【专科】: Oral and Maxillofacial Surgery
【应用场景】: Image segmentation and 3D reconstruction
【研究设计】: technical_note"
robot assisted augmented reality navigation for osteotomy and personalized guide plate in mandibular reconstruction a preclinical study,Robot-assisted augmented reality navigation for osteotomy and personalized guide-plate in mandibular reconstruction: a preclinical study,BMC ORAL HEALTH,journalArticle,WVD49PF9,INCLUDE,EXCLUDE,INCLUDE,"""the virtual surgical plan was imported into 3-matic software (Materialise, Belgium) to design a 1.5 mm pseudo-titanium plate and a 3 mm reconstruction guide-plate"" 及 ""3-matic software was used to compare virtual surgical reconstruction models with postoperative reconstruction models.""",3-Matic,Oral and Maxillofacial Surgery,Digital design and manufacturing,preclinical,"【判定】: INCLUDE
【证据】: ""the virtual surgical plan was imported into 3-matic software (Materialise, Belgium) to design a 1.5 mm pseudo-titanium plate and a 3 mm reconstruction guide-plate"" 及 ""3-matic software was used to compare virtual surgical reconstruction models with postoperative reconstruction models.""
【软件】: 3-Matic
【专科】: Oral and Maxillofacial Surgery
【应用场景】: Digital design and manufacturing
【研究设计】: preclinical"
the accuracy of a novel image guided hybrid robotic system for dental implant placement an in vitro study,The accuracy of a novel image-guided hybrid robotic system for dental implant placement: An in vitro study.,The international journal of medical robotics + computer assisted surgery : MRCAS,journalArticle,NV8EMBKE,INCLUDE,EXCLUDE,INCLUDE,"""The Cone‐beam Computed Tomography (CBCT) data of a patient with complete dentition, which was acquired using Planmeca ProMax (Planmeca Oy, Helsinki, Södra Finland, Finland), was imported to Geomagic Studio (3D Systems Inc., Rock Hill, South Carolina, USA)."" 以及 ""The preoperative plan was exported in STL format and imported into Brainlab CMF software (BrainLAB AG, Munich, Freistaat Bayern, Germany) along with the preoperative CBCT.""",Geomagic Studio; Brainlab CMF,Implantology,Surgical planning and precise implementation,in_vitro,"【判定】: INCLUDE
【证据】: ""The Cone‐beam Computed Tomography (CBCT) data of a patient with complete dentition, which was acquired using Planmeca ProMax (Planmeca Oy, Helsinki, Södra Finland, Finland), was imported to Geomagic Studio (3D Systems Inc., Rock Hill, South Carolina, USA)."" 以及 ""The preoperative plan was exported in STL format and imported into Brainlab CMF software (BrainLAB AG, Munich, Freistaat Bayern, Germany) along with the preoperative CBCT.""
【软件】: Geomagic Studio; Brainlab CMF
【专科】: Implantology
【应用场景】: Surgical planning and precise implementation
【研究设计】: in_vitro"
ai assisted identification of the medial lingual foramen on cbct a deep learning approach for preoperative implant assessment,AI-Assisted Identification of the Medial Lingual Foramen on CBCT: A Deep Learning Approach for Preoperative Implant Assessment.,"Medicina (Kaunas, Lithuania)",journalArticle,MVGIWU9B,INCLUDE,EXCLUDE,INCLUDE,Manual annotations were performed in 3D Slicer (v4.13.0) on sagittal slices.,3D Slicer,Implant Dentistry,Image segmentation and 3D reconstruction,computational,"【判定】: INCLUDE
【证据】: Manual annotations were performed in 3D Slicer (v4.13.0) on sagittal slices.
【软件】: 3D Slicer
【专科】: Implant Dentistry
【应用场景】: Image segmentation and 3D reconstruction
【研究设计】: computational"
oral anatomical knowledge informed semi supervised learning for 3d dental cbct segmentation and lesion detection,Oral-Anatomical Knowledge-Informed Semi-Supervised Learning for 3D Dental CBCT Segmentation and Lesion Detection,IEEE Transactions on Automation Science and Engineering,journalArticle,HCE22CUF,INCLUDE,EXCLUDE,INCLUDE,"""To create labeled images, manual segmentation was obtained using ITK-SNAP, a specialized software tool that provides semi-automatic segmentation.""",ITK-SNAP,Oral and Maxillofacial Radiology,Image segmentation and 3D reconstruction,computational,"【判定】: INCLUDE
【证据】: ""To create labeled images, manual segmentation was obtained using ITK-SNAP, a specialized software tool that provides semi-automatic segmentation.""
【软件】: ITK-SNAP
【专科】: Oral and Maxillofacial Radiology
【应用场景】: Image segmentation and 3D reconstruction
【研究设计】: computational"
accuracy of a patient 3 dimensional virtual representation obtained from the superimposition of facial and intraoral scans guided by extraoral and intraoral scan body systems,Accuracy of a patient 3-dimensional virtual representation obtained from the superimposition of facial and intraoral scans guided by extraoral and intraoral scan body systems,JOURNAL OF PROSTHETIC DENTISTRY,journalArticle,HVA6JLX4,,INCLUDE,EXCLUDE,"证据片段中仅出现 ""using a computer program (Matera 2.4)""，但 Matera 2.4 为牙科专用软件（用于面部/口内扫描叠加的牙科虚拟患者软件），不属于原始开发领域在牙科之外的非牙科3D软件；片段中未出现任何符合纳入标准的具名第三方非牙科3D软件（如 Mimics、3D Slicer、Geomagic、MATLAB 等）被本研究自身使用的表述。",-,-,-,-,"【判定】: EXCLUDE
【证据】: 证据片段中仅出现 ""using a computer program (Matera 2.4)""，但 Matera 2.4 为牙科专用软件（用于面部/口内扫描叠加的牙科虚拟患者软件），不属于原始开发领域在牙科之外的非牙科3D软件；片段中未出现任何符合纳入标准的具名第三方非牙科3D软件（如 Mimics、3D Slicer、Geomagic、MATLAB 等）被本研究自身使用的表述。
【软件】: -
【专科】: -
【应用场景】: -
【研究设计】: -"
workflow for guided implant placement based on anatomic landmarks and the cad cam fabrication of a prosthetic framework for an implant supported fixed dental prosthesis,Workflow for guided implant placement based on anatomic landmarks and the CAD-CAM fabrication of a prosthetic framework for an implant-supported fixed dental prosthesis,JOURNAL OF PROSTHETIC DENTISTRY,journalArticle,YWYMMHNG,INCLUDE,EXCLUDE,INCLUDE,"""import the Digital Imaging and Communications in Medicine (DICOM) dataset into a medical imaging software program (Mimics; Materialise NV, 3DSlicer; Brigham and Women’s Hospital and Harvard Medical School, or InVesalius; Renato Archer Information Technology Center)"" 及 ""Import the waxing and implant-abutment complex into CAD software program (SpaceClaim; Ansys Inc)""",Mimics; 3D Slicer; InVesalius; SpaceClaim (Ansys),Implantology (Prosthodontics),Surgical planning and precise implementation,technical_note,"【判定】: INCLUDE
【证据】: ""import the Digital Imaging and Communications in Medicine (DICOM) dataset into a medical imaging software program (Mimics; Materialise NV, 3DSlicer; Brigham and Women’s Hospital and Harvard Medical School, or InVesalius; Renato Archer Information Technology Center)"" 及 ""Import the waxing and implant-abutment complex into CAD software program (SpaceClaim; Ansys Inc)""
【软件】: Mimics; 3D Slicer; InVesalius; SpaceClaim (Ansys)
【专科】: Implantology (Prosthodontics)
【应用场景】: Surgical planning and precise implementation
【研究设计】: technical_note"
htcnet hierarchical point graph tooth point cloud completion with image assistance,HTCNet: Hierarchical Point-Graph Tooth Point Cloud Completion with Image Assistance,IEEE Transactions on Circuits and Systems for Video Technology,journalArticle,9SFRR636,INCLUDE,EXCLUDE,EXCLUDE,"证据片段中仅出现 ""The data generation process based on Open3D and MeshLab is illustrated in Figure 5.""，但该研究核心为自研 HTCNet 深度学习网络（""we propose a Hierarchical Tooth Completion Network(HTCNet)""），未以 ""we used / were analysed using / imported into / processed in"" 等表述表明本研究自身使用了具名第三方非牙科3D软件进行3D数据处理、分析、建模或测量；Open3D/MeshLab 仅出现在数据生成流程的泛述中，缺乏本研究自身使用该软件的明确证据。",-,-,-,-,"【判定】: EXCLUDE
【证据】: 证据片段中仅出现 ""The data generation process based on Open3D and MeshLab is illustrated in Figure 5.""，但该研究核心为自研 HTCNet 深度学习网络（""we propose a Hierarchical Tooth Completion Network(HTCNet)""），未以 ""we used / were analysed using / imported into / processed in"" 等表述表明本研究自身使用了具名第三方非牙科3D软件进行3D数据处理、分析、建模或测量；Open3D/MeshLab 仅出现在数据生成流程的泛述中，缺乏本研究自身使用该软件的明确证据。
【软件】: -
【专科】: -
【应用场景】: -
【研究设计】: -"
stress distribution of monolithic and veneered three unit zirconia fdps a finite element analysis,STRESS DISTRIBUTION OF MONOLITHIC AND VENEERED THREE-UNIT ZIRCONIA FDPS: A FINITE ELEMENT ANALYSIS,INTERNATIONAL JOURNAL OF PROSTHODONTICS,journalArticle,39AN7GMH,INCLUDE,INCLUDE,INCLUDE,"""All files were then cleaned and converted to a proper (.IGES) format using ANSYS SpaceClaim software (ANSYS company, Canonsburg, PA, USA). The geometries were imported into ANSYS software (ANSYS 18.2, ANSYS company, Canonsburg, PA, USA) to generate the meshing for each model."" 以及 ""The analysis was conducted using ANSYS (ANSYS 18.2, ANSYS company, Canonsburg, PA, USA).""",ANSYS; ANSYS SpaceClaim,Prosthodontics,Biomechanical analysis and simulation,computational,"【判定】: INCLUDE
【证据】: ""All files were then cleaned and converted to a proper (.IGES) format using ANSYS SpaceClaim software (ANSYS company, Canonsburg, PA, USA). The geometries were imported into ANSYS software (ANSYS 18.2, ANSYS company, Canonsburg, PA, USA) to generate the meshing for each model."" 以及 ""The analysis was conducted using ANSYS (ANSYS 18.2, ANSYS company, Canonsburg, PA, USA).""
【软件】: ANSYS; ANSYS SpaceClaim
【专科】: Prosthodontics
【应用场景】: Biomechanical analysis and simulation
【研究设计】: computational"
combining coaxial electrospinning and 3d printing design of biodegradable bilayered membranes with dual drug delivery capability for periodontitis treatment,Combining Coaxial Electrospinning and 3D Printing: Design of Biodegradable Bilayered Membranes with Dual Drug Delivery Capability for Periodontitis  Treatment.,ACS applied bio materials,journalArticle,N6CQF3L9,,INCLUDE,INCLUDE,"""a honeycomb-like 3D model with dimensions of 25 mm × 15 mm × 0.5 mm was designed using CAD software before printing, and the nozzle toolpath (G-code) was prepared with the use of Cura 3D software""",Cura,Periodontology,Digital design and manufacturing,in_vitro,"【判定】: INCLUDE
【证据】: ""a honeycomb-like 3D model with dimensions of 25 mm × 15 mm × 0.5 mm was designed using CAD software before printing, and the nozzle toolpath (G-code) was prepared with the use of Cura 3D software""
【软件】: Cura
【专科】: Periodontology
【应用场景】: Digital design and manufacturing
【研究设计】: in_vitro"
performance of rigid and soft transfer templates using viscous and fluid resin based composites in the attachment bonding process of clear aligners,Performance of Rigid and Soft Transfer Templates Using Viscous and Fluid Resin-Based Composites in the Attachment Bonding Process of Clear Aligners.,International journal of dentistry,journalArticle,7ECMK5KU,,INCLUDE,INCLUDE,"""All numerical analysis and data processing have been carried out in Matlab.""",MATLAB,Orthodontics,3D data analysis and accuracy assessment,in_vitro,"【判定】: INCLUDE
【证据】: ""All numerical analysis and data processing have been carried out in Matlab.""
【软件】: MATLAB
【专科】: Orthodontics
【应用场景】: 3D data analysis and accuracy assessment
【研究设计】: in_vitro"
skeletal facial asymmetry reliability of manual and artificial intelligence driven analysis,Skeletal facial asymmetry: reliability of manual and artificial intelligence-driven analysis,DENTOMAXILLOFACIAL RADIOLOGY,journalArticle,RFPYNGAN,INCLUDE,EXCLUDE,INCLUDE,"All manual measurements were performed using OsiriX MD v. 13.1 (Pixmeo SARL; Geneva, Switzerland).",OsiriX MD,Oral and Maxillofacial Radiology,3D data analysis and accuracy assessment,clinical,"【判定】: INCLUDE
【证据】: All manual measurements were performed using OsiriX MD v. 13.1 (Pixmeo SARL; Geneva, Switzerland).
【软件】: OsiriX MD
【专科】: Oral and Maxillofacial Radiology
【应用场景】: 3D data analysis and accuracy assessment
【研究设计】: clinical"
a novel fluoride tray assisted workflow for artificial intelligence driven automated maxillary gingival segmentation on cone beam ct,A novel fluoride tray-assisted workflow for artificial intelligence-driven automated maxillary gingival segmentation on cone beam CT,DENTOMAXILLOFACIAL RADIOLOGY,journalArticle,X4AMPF75,INCLUDE,EXCLUDE,INCLUDE,"""Maxillary gingival segmentation refinement was performed by an oral and maxillofacial radiologist (D.P.) using Mimics software (version 25.0, Materialise, Leuven, Belgium)""；""The AI-segmented gingiva was exported in the stereolithography (STL) format and imported into Mimics""；""This was performed using Mimics and 3-matic software (version 17.0, Materialise, Leuven, Belgium)""",Mimics; 3-matic,Oral and Maxillofacial Radiology,Image segmentation and 3D reconstruction,clinical,"【判定】: INCLUDE
【证据】: ""Maxillary gingival segmentation refinement was performed by an oral and maxillofacial radiologist (D.P.) using Mimics software (version 25.0, Materialise, Leuven, Belgium)""；""The AI-segmented gingiva was exported in the stereolithography (STL) format and imported into Mimics""；""This was performed using Mimics and 3-matic software (version 17.0, Materialise, Leuven, Belgium)""
【软件】: Mimics; 3-matic
【专科】: Oral and Maxillofacial Radiology
【应用场景】: Image segmentation and 3D reconstruction
【研究设计】: clinical"
reduced graphene oxide loaded with tetrahedral framework nucleic acids for combating orthodontically induced root resorption,Reduced graphene oxide loaded with tetrahedral framework nucleic acids for combating orthodontically induced root resorption,JOURNAL OF NANOBIOTECHNOLOGY,journalArticle,6LPJ3GYL,INCLUDE,INCLUDE,INCLUDE,Three-dimensional (3D) images were reconstructed by Mimics and Geomagic Wrap 2017 for morphological assessment.,Mimics; Geomagic Wrap,Orthodontics,Image segmentation and 3D reconstruction,computational,"【判定】: INCLUDE
【证据】: Three-dimensional (3D) images were reconstructed by Mimics and Geomagic Wrap 2017 for morphological assessment.
【软件】: Mimics; Geomagic Wrap
【专科】: Orthodontics
【应用场景】: Image segmentation and 3D reconstruction
【研究设计】: computational"
jaw morphology and factors associated with upper impacted canines case controlled trial,Jaw Morphology and Factors Associated with Upper Impacted Canines: Case-Controlled Trial,APPLIED SCIENCES-BASEL,journalArticle,GID4YXLX,,INCLUDE,INCLUDE,"""To determine the surface area and volume of the maxilla, we imported the 3D study models in digital form into a customized program for analyzing the morphological features of the jaws based on Rapid Form™ 2006 software (Inus Technology Inc., Seoul, Republic of Korea)."" 以及 ""By defining all these boundaries, the RapidForm™2006 software provided results in terms of mm2 (surface area and projection area) and mm3 (volume).""",RapidForm 2006,Orthodontics,Morphological and phenotypic analysis,clinical,"【判定】: INCLUDE
【证据】: ""To determine the surface area and volume of the maxilla, we imported the 3D study models in digital form into a customized program for analyzing the morphological features of the jaws based on Rapid Form™ 2006 software (Inus Technology Inc., Seoul, Republic of Korea)."" 以及 ""By defining all these boundaries, the RapidForm™2006 software provided results in terms of mm2 (surface area and projection area) and mm3 (volume).""
【软件】: RapidForm 2006
【专科】: Orthodontics
【应用场景】: Morphological and phenotypic analysis
【研究设计】: clinical"
low profile electromagnetic field sensors in the measurement and modelling of three dimensional jaw kinematics and occlusal loading,Low-Profile Electromagnetic Field Sensors in the Measurement and Modelling of Three-Dimensional Jaw Kinematics and Occlusal Loading,ANNALS OF BIOMEDICAL ENGINEERING,journalArticle,ARSEKXEW,INCLUDE,EXCLUDE,INCLUDE,"""constructed from the intra-oral scans using 3-matic 13.0 (Materialise, Leuven, Belgium)"" 及 ""imported into a commercially available finite element modelling package (Abaqus 2017, Dassault Systems, Paris, France)""",3-Matic; ABAQUS,Prosthodontics,Biomechanical analysis and simulation,computational,"【判定】: INCLUDE
【证据】: ""constructed from the intra-oral scans using 3-matic 13.0 (Materialise, Leuven, Belgium)"" 及 ""imported into a commercially available finite element modelling package (Abaqus 2017, Dassault Systems, Paris, France)""
【软件】: 3-Matic; ABAQUS
【专科】: Prosthodontics
【应用场景】: Biomechanical analysis and simulation
【研究设计】: computational"
digital dental biometrics for human identification based on automated 3d point cloud feature extraction and registration,Digital Dental Biometrics for Human Identification Based on Automated 3D Point Cloud Feature Extraction and Registration,BIOENGINEERING-BASEL,journalArticle,QY8WZNYX,INCLUDE,EXCLUDE,INCLUDE,"""MeshLab v2020.09 (Visual Computing Lab, ISTI−CNR, Pisa, Italy) combined with the pseudo−inverse quadratic fitting method was utilized to calculate and color−code the average curvature of each point on the tooth model."" 以及 ""the CloudCompare v2.10 point cloud processing software (CloudCompare Team, Bordeaux, France) was employed to extract feature point clouds corresponding to the gingival margin line and its three subregions""",MeshLab; CloudCompare,Forensic Odontology,Morphological and phenotypic analysis,computational,"【判定】: INCLUDE
【证据】: ""MeshLab v2020.09 (Visual Computing Lab, ISTI−CNR, Pisa, Italy) combined with the pseudo−inverse quadratic fitting method was utilized to calculate and color−code the average curvature of each point on the tooth model."" 以及 ""the CloudCompare v2.10 point cloud processing software (CloudCompare Team, Bordeaux, France) was employed to extract feature point clouds corresponding to the gingival margin line and its three subregions""
【软件】: MeshLab; CloudCompare
【专科】: Forensic Odontology
【应用场景】: Morphological and phenotypic analysis
【研究设计】: computational"
development and validation of an automated algorithm for palatal rugae matching in forensic identification,Development and validation of an automated algorithm for palatal rugae matching in forensic identification,JOURNAL OF DENTISTRY,journalArticle,QQWNE6RN,,INCLUDE,EXCLUDE,"证据片段中 CloudCompare 仅出现在对既往研究/现有软件的泛述与对比中（""In the previous paper [7] a manual process has been established... with the help of the CloudCompare Software""、""In contrast to the semi-automated workflow in CloudCompare...""），表明本研究自身提出的是全自动流程（""a fully automated process is proposed that can identify scan similarity without the need for any manual input""），未提供 ""we used / imported into / processed in CloudCompare"" 之类表明本研究自己使用该第三方软件的表述；本研究实际使用的是自研自动化算法（FPFH + ICP），缺乏本研究自身使用具名第三方非牙科3D软件的证据。",-,-,-,-,"【判定】: EXCLUDE
【证据】: 证据片段中 CloudCompare 仅出现在对既往研究/现有软件的泛述与对比中（""In the previous paper [7] a manual process has been established... with the help of the CloudCompare Software""、""In contrast to the semi-automated workflow in CloudCompare...""），表明本研究自身提出的是全自动流程（""a fully automated process is proposed that can identify scan similarity without the need for any manual input""），未提供 ""we used / imported into / processed in CloudCompare"" 之类表明本研究自己使用该第三方软件的表述；本研究实际使用的是自研自动化算法（FPFH + ICP），缺乏本研究自身使用具名第三方非牙科3D软件的证据。
【软件】: -
【专科】: -
【应用场景】: -
【研究设计】: -"
fully digital versus conventional workflows for fabricating posterior three unit implant supported reconstructions a prospective crossover clinical trial,Fully Digital versus Conventional Workflows for Fabricating Posterior Three-Unit Implant-Supported Reconstructions: A Prospective Crossover Clinical Trial,INTERNATIONAL JOURNAL OF ENVIRONMENTAL RESEARCH AND PUBLIC HEALTH,journalArticle,YYC34XSZ,INCLUDE,EXCLUDE,INCLUDE,"""their accuracy was calculated by using the software's best-fit algorithm for detailed 3D data assessment (GOM inspect v 7.5, GOM mbh, Braunschweig, Germany)"" 以及 ""the angle of the tape between the two screwdriver positions was calculated (Figure 3c) and reported in degrees using computer-aided design (CAD) software (AutoCAD software; M.49.0.0 AutoCAD 2016, Autodesk, Inc., San Rafael, CA, USA)""",GOM Inspect; AutoCAD,Implantology,3D data analysis and accuracy assessment,clinical,"【判定】: INCLUDE
【证据】: ""their accuracy was calculated by using the software's best-fit algorithm for detailed 3D data assessment (GOM inspect v 7.5, GOM mbh, Braunschweig, Germany)"" 以及 ""the angle of the tape between the two screwdriver positions was calculated (Figure 3c) and reported in degrees using computer-aided design (CAD) software (AutoCAD software; M.49.0.0 AutoCAD 2016, Autodesk, Inc., San Rafael, CA, USA)""
【软件】: GOM Inspect; AutoCAD
【专科】: Implantology
【应用场景】: 3D data analysis and accuracy assessment
【研究设计】: clinical"
in vivo assessment of sed a novel biomechanical indicator for periodontal tissue remodeling in clear aligner therapy,In Vivo Assessment of SED: A Novel Biomechanical Indicator for Periodontal Tissue Remodeling in Clear Aligner Therapy,ANNALS OF BIOMEDICAL ENGINEERING,journalArticle,EC9P5DI3,INCLUDE,EXCLUDE,INCLUDE,"""The data were imported into Mimics 20.0 (Materialise, Belgium), where the lower anterior teeth and AB were segmented using thresholding to create mask layers."" / ""Surface optimization was performed using Geomagic Studio 2014 (Raindrop GEOMAGIC, USA)."" / ""A preliminary model was constructed in NX 1911 (Siemens, Germany)"" / ""We assembled all components in ANSYS Workbench 2019 (Ansys, USA)""",Mimics; Geomagic Studio; NX; ANSYS Workbench,Orthodontics,Biomechanical analysis and simulation,computational,"【判定】: INCLUDE
【证据】: ""The data were imported into Mimics 20.0 (Materialise, Belgium), where the lower anterior teeth and AB were segmented using thresholding to create mask layers."" / ""Surface optimization was performed using Geomagic Studio 2014 (Raindrop GEOMAGIC, USA)."" / ""A preliminary model was constructed in NX 1911 (Siemens, Germany)"" / ""We assembled all components in ANSYS Workbench 2019 (Ansys, USA)""
【软件】: Mimics; Geomagic Studio; NX; ANSYS Workbench
【专科】: Orthodontics
【应用场景】: Biomechanical analysis and simulation
【研究设计】: computational"
3d printing titanium grid scaffold facilitates osteogenesis in mandibular segmental defects,3D printing titanium grid scaffold facilitates osteogenesis in mandibular segmental defects,NPJ REGENERATIVE MEDICINE,journalArticle,QLSFY6I6,INCLUDE,EXCLUDE,INCLUDE,"3D models of these structures were developed using 3-Matic software (Materialize, Leuven, Belgium).",3-Matic,Oral and Maxillofacial Surgery,Digital design and manufacturing,clinical,"【判定】: INCLUDE
【证据】: 3D models of these structures were developed using 3-Matic software (Materialize, Leuven, Belgium).
【软件】: 3-Matic
【专科】: Oral and Maxillofacial Surgery
【应用场景】: Digital design and manufacturing
【研究设计】: clinical"
3d printed indirect bonding trays transfer accuracy of bar vs shell design in a prospective randomized clinical trial,"3D printed indirect bonding trays: transfer accuracy of bar vs shell design in a prospective, randomized clinical trial",ANGLE ORTHODONTIST,journalArticle,X6MQB5ZG,INCLUDE,INCLUDE,INCLUDE,"""Nominal (with virtual brackets) and actual (scan after IDB) STL models were imported to GOM Inspect open-source software 2018 (GOM GmbH, Braunschweig, Germany)."" 以及 ""Local coordinate systems were established for each bracket in the GOM Inspect program.""",GOM Inspect,Orthodontics,3D data analysis and accuracy assessment,clinical,"【判定】: INCLUDE
【证据】: ""Nominal (with virtual brackets) and actual (scan after IDB) STL models were imported to GOM Inspect open-source software 2018 (GOM GmbH, Braunschweig, Germany)."" 以及 ""Local coordinate systems were established for each bracket in the GOM Inspect program.""
【软件】: GOM Inspect
【专科】: Orthodontics
【应用场景】: 3D data analysis and accuracy assessment
【研究设计】: clinical"
computational evaluation of stress distribution in endocrown restored immature mandibular molars a finite element approach,Computational Evaluation of Stress Distribution in Endocrown-Restored Immature Mandibular Molars: A Finite Element Approach,APPLIED SCIENCES-BASEL,journalArticle,HSRHKBRU,INCLUDE,EXCLUDE,INCLUDE,"""mathematical models were prepared for analysis using ALTAIR Hypermesh v2024 software (ALTAIR, Troy, MI, USA)"" 及 ""Mathematical models created with ALTAIR Hypermesh software were transferred to the ALTAIR Optistruct v2024 (ALTAIR, Troy, MI, USA) solver for analysis.""",ALTAIR HyperMesh; ALTAIR Optistruct,Pediatric Dentistry,Biomechanical analysis and simulation,computational,"【判定】: INCLUDE
【证据】: ""mathematical models were prepared for analysis using ALTAIR Hypermesh v2024 software (ALTAIR, Troy, MI, USA)"" 及 ""Mathematical models created with ALTAIR Hypermesh software were transferred to the ALTAIR Optistruct v2024 (ALTAIR, Troy, MI, USA) solver for analysis.""
【软件】: ALTAIR HyperMesh; ALTAIR Optistruct
【专科】: Pediatric Dentistry
【应用场景】: Biomechanical analysis and simulation
【研究设计】: computational"
effect of internal structural design on stress distribution in 3d printed subperiosteal implants under mechanical loading,Effect of Internal Structural Design on Stress Distribution in 3D-Printed Subperiosteal Implants Under Mechanical Loading,BIOENGINEERING-BASEL,journalArticle,9SNK3E6R,INCLUDE,INCLUDE,INCLUDE,"""During modeling, the test environment was virtually reconstructed using Abaqus 2026 FD01 software (Dassault Systèmes SE, Vélizy-Villacoublay, France)"" 以及 ""The acquired projection data were reconstructed using Volume Graphics StudioMax 2025.3 software (Volume Graphics GmbH, Heidelberg, Germany).""",Abaqus; Volume Graphics StudioMax,Oral and Maxillofacial Surgery,Biomechanical analysis and simulation,computational,"【判定】: INCLUDE
【证据】: ""During modeling, the test environment was virtually reconstructed using Abaqus 2026 FD01 software (Dassault Systèmes SE, Vélizy-Villacoublay, France)"" 以及 ""The acquired projection data were reconstructed using Volume Graphics StudioMax 2025.3 software (Volume Graphics GmbH, Heidelberg, Germany).""
【软件】: Abaqus; Volume Graphics StudioMax
【专科】: Oral and Maxillofacial Surgery
【应用场景】: Biomechanical analysis and simulation
【研究设计】: computational"
mandibular stability and condylar changes following orthognathic surgery in mandibular hypoplasia patients associated with preoperative condylar resorption,Mandibular stability and condylar changes following orthognathic surgery in mandibular hypoplasia patients associated with preoperative condylar resorption,CLINICAL ORAL INVESTIGATIONS,journalArticle,ZPAI37L6,INCLUDE,EXCLUDE,INCLUDE,"""The condyle process located over the C-plane was segmented and imported into Geomagic Studio software to calculate the volume""",Geomagic Studio,Orthodontics,3D data analysis and accuracy assessment,clinical,"【判定】: INCLUDE
【证据】: ""The condyle process located over the C-plane was segmented and imported into Geomagic Studio software to calculate the volume""
【软件】: Geomagic Studio
【专科】: Orthodontics
【应用场景】: 3D data analysis and accuracy assessment
【研究设计】: clinical"
procedure increasing the accuracy of modelling and the manufacturing of surgical templates with the use of 3d printing techniques applied in planning the procedures of reconstruction of the mandible,"Procedure Increasing the Accuracy of Modelling and the Manufacturing of Surgical Templates with the Use of 3D Printing Techniques, Applied in Planning the Procedures of Reconstruction of the Mandible",JOURNAL OF CLINICAL MEDICINE,journalArticle,6B24QV77,INCLUDE,EXCLUDE,INCLUDE,"""Using the functions of the Geomagic software, the volume of the resected area (Vresect) was determined for each of the 14 examined patients"" 及 ""The analysis of the obtained results was carried out using the GOM Inspect software.""",Geomagic; GOM Inspect,Oral and Maxillofacial Surgery,3D data analysis and accuracy assessment,clinical,"【判定】: INCLUDE
【证据】: ""Using the functions of the Geomagic software, the volume of the resected area (Vresect) was determined for each of the 14 examined patients"" 及 ""The analysis of the obtained results was carried out using the GOM Inspect software.""
【软件】: Geomagic; GOM Inspect
【专科】: Oral and Maxillofacial Surgery
【应用场景】: 3D data analysis and accuracy assessment
【研究设计】: clinical"
mandibular extracellular vesicles mediate morphogenesis and mineralization of tooth germs in miniature swine through the mir 206 hdac4 signaling axis,Mandibular extracellular vesicles mediate morphogenesis and mineralization of tooth germs in miniature swine through the miR-206/HDAC4 signaling axis,FRONTIERS IN CELL AND DEVELOPMENTAL BIOLOGY,journalArticle,IJJPZDUJ,INCLUDE,INCLUDE,INCLUDE,"""3D reconstructions and mineralization analyses were performed in Mimics Research 21.0 (Materialise), quantifying surface area, volume, and mineralized volume percentage (MV%).""",Mimics,Oral and Maxillofacial Surgery,Image segmentation and 3D reconstruction,in_vitro,"【判定】: INCLUDE
【证据】: ""3D reconstructions and mineralization analyses were performed in Mimics Research 21.0 (Materialise), quantifying surface area, volume, and mineralized volume percentage (MV%).""
【软件】: Mimics
【专科】: Oral and Maxillofacial Surgery
【应用场景】: Image segmentation and 3D reconstruction
【研究设计】: in_vitro"
digital assessment of the accuracy of implant impression techniques in free end saddle partially edentulous patients a controlled clinical trial,Digital assessment of the accuracy of implant impression techniques in free end saddle partially edentulous patients. A controlled clinical trial,BMC ORAL HEALTH,journalArticle,6J23L4DI,INCLUDE,EXCLUDE,INCLUDE,"""Using special 3D inspection and metrology software (Geomagic Control X; 3D systems), the intraoral scanning of the stock abutments tightened over the implants was set as a reference model for all upcoming comparisons. 3D segmentation of the model was carried out to split the model into 2 parts: teeth and abutments.""",Geomagic Control X,Implantology,3D data analysis and accuracy assessment,clinical,"【判定】: INCLUDE
【证据】: ""Using special 3D inspection and metrology software (Geomagic Control X; 3D systems), the intraoral scanning of the stock abutments tightened over the implants was set as a reference model for all upcoming comparisons. 3D segmentation of the model was carried out to split the model into 2 parts: teeth and abutments.""
【软件】: Geomagic Control X
【专科】: Implantology
【应用场景】: 3D data analysis and accuracy assessment
【研究设计】: clinical"
a digital workflow for the fabrication of a milled removable partial denture,A Digital Workflow for the Fabrication of a Milled Removable Partial Denture,INTERNATIONAL JOURNAL OF ENVIRONMENTAL RESEARCH AND PUBLIC HEALTH,journalArticle,2REVVA6Z,INCLUDE,EXCLUDE,INCLUDE,"Import the mandibular cast and RPD components data into a 3D modeling software program (Meshmixer; Autodesk Inc., San Rafael, CA, USA).",Meshmixer,Prosthodontics,Digital design and manufacturing,technical_note,"【判定】: INCLUDE
【证据】: Import the mandibular cast and RPD components data into a 3D modeling software program (Meshmixer; Autodesk Inc., San Rafael, CA, USA).
【软件】: Meshmixer
【专科】: Prosthodontics
【应用场景】: Digital design and manufacturing
【研究设计】: technical_note"
patient specific virtual surgical planning for tongue reconstruction evaluating hyperelastic inverse fem with four simulated tongue cancer cases,Patient-specific virtual surgical planning for tongue reconstruction: evaluating hyperelastic inverse FEM with four simulated tongue cancer cases,PHYSICS IN MEDICINE AND BIOLOGY,journalArticle,5GKX37T6,INCLUDE,EXCLUDE,INCLUDE,"""The resulting images were segmented to produce a 3D model of the tongue using Mimics Medical 17.0 software (Materialise, Leuven, Belgium. 2017)."" 以及 ""The resection surface was then discretized into triangular elements of approximately 0.8 mm size using MeshMixer software (Autodesk Inc. 2018).""",Mimics; MeshMixer,Oral and Maxillofacial Surgery,Image segmentation and 3D reconstruction,computational,"【判定】: INCLUDE
【证据】: ""The resulting images were segmented to produce a 3D model of the tongue using Mimics Medical 17.0 software (Materialise, Leuven, Belgium. 2017)."" 以及 ""The resection surface was then discretized into triangular elements of approximately 0.8 mm size using MeshMixer software (Autodesk Inc. 2018).""
【软件】: Mimics; MeshMixer
【专科】: Oral and Maxillofacial Surgery
【应用场景】: Image segmentation and 3D reconstruction
【研究设计】: computational"
posterior implant angulation without cantilever reduction in mandibular all on 4 a controlled finite element analysis of stress transfer and implant macrodesign effects,Posterior implant angulation without cantilever reduction in mandibular All-on-4: a controlled finite element analysis of stress transfer and implant macrodesign  effects.,BMC oral health,journalArticle,KHNTF6NJ,INCLUDE,EXCLUDE,INCLUDE,"""Implant and prosthetic component geometries ... were digitized using an optical 3D scanner ... and assembled in Rhinoceros 4.0""; ""After initial contour extraction in 3D-Doctor""; ""Preprocessing and solution were performed using a commercial finite element solver (ALGOR FEMPRO; ALGOR Inc., Pittsburgh, PA, USA)""",Rhinoceros; 3D-Doctor; ALGOR FEMPRO,Implantology,Biomechanical analysis and simulation,computational,"【判定】: INCLUDE
【证据】: ""Implant and prosthetic component geometries ... were digitized using an optical 3D scanner ... and assembled in Rhinoceros 4.0""; ""After initial contour extraction in 3D-Doctor""; ""Preprocessing and solution were performed using a commercial finite element solver (ALGOR FEMPRO; ALGOR Inc., Pittsburgh, PA, USA)""
【软件】: Rhinoceros; 3D-Doctor; ALGOR FEMPRO
【专科】: Implantology
【应用场景】: Biomechanical analysis and simulation
【研究设计】: computational"
multi view deep learning for mandibular landmark localization,Multi-view deep learning for mandibular landmark localization,JOURNAL OF DENTISTRY,journalArticle,XGS4APUB,INCLUDE,EXCLUDE,INCLUDE,"""Models were rotated in Mimics 24.0 (Materialise, Belgium) to align the Frankfort plane..."" 及 ""CBCT scans ... were imported into Mimics 24.0. Bone masks were extracted..."" 及 ""In Geomagic Wrap 2021 (3D Systems, USA), internal faces were removed and surface defects repaired.""",Mimics; Geomagic Wrap,Oral and Maxillofacial Surgery,Image segmentation and 3D reconstruction,computational,"【判定】: INCLUDE
【证据】: ""Models were rotated in Mimics 24.0 (Materialise, Belgium) to align the Frankfort plane..."" 及 ""CBCT scans ... were imported into Mimics 24.0. Bone masks were extracted..."" 及 ""In Geomagic Wrap 2021 (3D Systems, USA), internal faces were removed and surface defects repaired.""
【软件】: Mimics; Geomagic Wrap
【专科】: Oral and Maxillofacial Surgery
【应用场景】: Image segmentation and 3D reconstruction
【研究设计】: computational"
three dimensional finite element analysis of stress distribution in a tooth restored with full coverage machined polymer crown,Three-Dimensional Finite Element Analysis of Stress Distribution in a Tooth Restored with Full Coverage Machined Polymer Crown,APPLIED SCIENCES-BASEL,journalArticle,HI8MENLK,INCLUDE,EXCLUDE,INCLUDE,"""To obtain a 3D model from 2D images via a micro-CT scan, a medical imaging software Mimics® 13.1 (Materialise NY, Leuven, Belgium) was used""；""This high-quality mesh was created using models Hypermesh® (HyperWorks software, Version 11.0, Altair Engineering, Inc., Troy, MI, USA).""",Mimics; HyperMesh,Prosthodontics,Biomechanical analysis and simulation,computational,"【判定】: INCLUDE
【证据】: ""To obtain a 3D model from 2D images via a micro-CT scan, a medical imaging software Mimics® 13.1 (Materialise NY, Leuven, Belgium) was used""；""This high-quality mesh was created using models Hypermesh® (HyperWorks software, Version 11.0, Altair Engineering, Inc., Troy, MI, USA).""
【软件】: Mimics; HyperMesh
【专科】: Prosthodontics
【应用场景】: Biomechanical analysis and simulation
【研究设计】: computational"
comparing the trueness of 3d printing and conventional casting for removable partial denture metal framework fabrication in different mandibular major connectors designs an in vitro study,Comparing the trueness of 3D printing and conventional casting for removable partial denture metal framework fabrication in different mandibular major connectors designs: An in vitro study,JOURNAL OF PROSTHETIC DENTISTRY,journalArticle,8F9WEIIK,INCLUDE,INCLUDE,INCLUDE,All metal frameworks were scanned and superimposed with the definitive casts with the Geomagic Control X software program. / The STL files of each framework were individually superimposed with the STL file definitive cast using a software program (Geomagic Control X 2022; Hexagon AB) to measure overall gap deviation in millimeters.,Geomagic Control X,Prosthodontics,3D data analysis and accuracy assessment,in_vitro,"【判定】: INCLUDE
【证据】: All metal frameworks were scanned and superimposed with the definitive casts with the Geomagic Control X software program. / The STL files of each framework were individually superimposed with the STL file definitive cast using a software program (Geomagic Control X 2022; Hexagon AB) to measure overall gap deviation in millimeters.
【软件】: Geomagic Control X
【专科】: Prosthodontics
【应用场景】: 3D data analysis and accuracy assessment
【研究设计】: in_vitro"
direct ink writing with dental composites a paradigm shift toward sustainable chair side production,Direct ink writing with dental composites: A paradigm shift toward sustainable chair-side production,DENTAL MATERIALS,journalArticle,68LCNUVN,INCLUDE,INCLUDE,INCLUDE,"""the images were imported into the open-source software CloudCompare (version 2.12.4) as individual 3D point clouds"" 以及 ""The occlusal surface of a maxillary first molar model was sliced to generate G-code using Ultimaker Cura (version 5.0.0)""",CloudCompare; Ultimaker Cura,Prosthodontics,3D data analysis and accuracy assessment,in_vitro,"【判定】: INCLUDE
【证据】: ""the images were imported into the open-source software CloudCompare (version 2.12.4) as individual 3D point clouds"" 以及 ""The occlusal surface of a maxillary first molar model was sliced to generate G-code using Ultimaker Cura (version 5.0.0)""
【软件】: CloudCompare; Ultimaker Cura
【专科】: Prosthodontics
【应用场景】: 3D data analysis and accuracy assessment
【研究设计】: in_vitro"
automated artificial intelligence driven 3 dimensional craniofacial superimposition for clinically useful treatment outcomes in growing patients a multicenter study,Automated artificial intelligence-driven 3-dimensional craniofacial superimposition for clinically useful treatment outcomes in growing patients: A  multicenter study.,"American journal of orthodontics and dentofacial orthopedics : official publication of the American Association of Orthodontists, its constituent  societies, and the American Board of Orthodontics",journalArticle,I8JFM7AT,INCLUDE,EXCLUDE,INCLUDE,"""This approach involves segmentations by user interactive ITK-SNAP (version 4.0.1) and voxel-based SlicerCMF registration tool (cmf.slicer.org) via 3D Slicer (version 5.2.2)."" / ""Fig 2. CBCT Image processing workflow in the 3D Slicer software: A, Data anonymization. 3D Slicer module Bach Anonymizer was used...""",ITK-SNAP; 3D Slicer,Orthodontics,Image segmentation and 3D reconstruction,clinical,"【判定】: INCLUDE
【证据】: ""This approach involves segmentations by user interactive ITK-SNAP (version 4.0.1) and voxel-based SlicerCMF registration tool (cmf.slicer.org) via 3D Slicer (version 5.2.2)."" / ""Fig 2. CBCT Image processing workflow in the 3D Slicer software: A, Data anonymization. 3D Slicer module Bach Anonymizer was used...""
【软件】: ITK-SNAP; 3D Slicer
【专科】: Orthodontics
【应用场景】: Image segmentation and 3D reconstruction
【研究设计】: clinical"
microstructure and mechanical properties of co cr alloy fabricated by selective laser melting technology for removable partial denture frameworks,Microstructure and Mechanical Properties of Co-Cr Alloy Fabricated by Selective Laser Melting Technology for Removable Partial Denture Frameworks,JOURNAL OF MATERIALS ENGINEERING AND PERFORMANCE,journalArticle,DHQBWA35,,INCLUDE,INCLUDE,"""Initially, the specimens were designed by CAD software (Siemens NX 12 software) for tensile testing (Fig. 1a)"" 及 ""Design of the Co-Cr specimens with Siemens NX 12 software""",Siemens NX,Prosthodontics,Digital design and manufacturing,in_vitro,"【判定】: INCLUDE
【证据】: ""Initially, the specimens were designed by CAD software (Siemens NX 12 software) for tensile testing (Fig. 1a)"" 及 ""Design of the Co-Cr specimens with Siemens NX 12 software""
【软件】: Siemens NX
【专科】: Prosthodontics
【应用场景】: Digital design and manufacturing
【研究设计】: in_vitro"
usct uncertainty regularized symmetric consistency learning for semi supervised teeth segmentation in cbct,USCT: Uncertainty-regularized symmetric consistency learning for semi-supervised teeth segmentation in CBCT,BIOMEDICAL SIGNAL PROCESSING AND CONTROL,journalArticle,H25H88EY,INCLUDE,EXCLUDE,EXCLUDE,"证据片段中 ITK-SNAP 仅用于 ""The ground truth was manually plotted slice by slice by researchers using the ITK-SNAP software""（人工标注ground truth），而该研究自身的方法核心是自研的半监督分割网络（USCT），未使用具名第三方非牙科3D软件进行3D数据处理、分析、建模或测量；ITK-SNAP 仅用于标注，不构成本研究自身对3D数据的处理/分析/建模/测量。",-,-,-,-,"【判定】: EXCLUDE
【证据】: 证据片段中 ITK-SNAP 仅用于 ""The ground truth was manually plotted slice by slice by researchers using the ITK-SNAP software""（人工标注ground truth），而该研究自身的方法核心是自研的半监督分割网络（USCT），未使用具名第三方非牙科3D软件进行3D数据处理、分析、建模或测量；ITK-SNAP 仅用于标注，不构成本研究自身对3D数据的处理/分析/建模/测量。
【软件】: -
【专科】: -
【应用场景】: -
【研究设计】: -"
a three year prospective study comparing stereolithography printed models to classical impression and plaster cast models in orthodontic therapy a 3d objectification approach,A Three-Year Prospective Study Comparing Stereolithography Printed Models to Classical Impression and Plaster Cast Models in Orthodontic Therapy: A 3D Objectification Approach,APPLIED SCIENCES-BASEL,journalArticle,UEHCEHSN,INCLUDE,EXCLUDE,INCLUDE,"""modiﬁcations were made using the best-ﬁt algorithm in Autodesk Meshmixer 3.5 (Autodesk, Inc., San Rafael, Kaliforni, USA)... Subsequently, the models were imported into CloudCompare 2.13, where the ﬁnal ﬁne registration was conducted using the iterative closest point (ICP) algorithm.""",Autodesk Meshmixer; CloudCompare,Orthodontics,3D data analysis and accuracy assessment,clinical,"【判定】: INCLUDE
【证据】: ""modiﬁcations were made using the best-ﬁt algorithm in Autodesk Meshmixer 3.5 (Autodesk, Inc., San Rafael, Kaliforni, USA)... Subsequently, the models were imported into CloudCompare 2.13, where the ﬁnal ﬁne registration was conducted using the iterative closest point (ICP) algorithm.""
【软件】: Autodesk Meshmixer; CloudCompare
【专科】: Orthodontics
【应用场景】: 3D data analysis and accuracy assessment
【研究设计】: clinical"
comparison of marginal accuracy in two different materials used in provisional crown and bridge an in vitro experimental study,Comparison of marginal accuracy in two different materials used in provisional crown and bridge - an in vitro experimental study,JOURNAL OF THE PAKISTAN MEDICAL ASSOCIATION,journalArticle,R8CJZGFR,,INCLUDE,INCLUDE,"""At the time of capturing the photograph, a graduated probe with millimetre markings was kept adjacent to the point of interest in order to calibrate the software (ImageJ, Version 1.52a, NIH, USA). For image calibration, the millimetre markings on the graduated probe were linked together by a straight line to serve as a 100μm standard scale. Against this calibrated scale, the marginal misfit was calculated by drawing a straight line from the prepared margin to the crown boundary""",ImageJ,Prosthodontics,3D data analysis and accuracy assessment,in_vitro,"【判定】: INCLUDE
【证据】: ""At the time of capturing the photograph, a graduated probe with millimetre markings was kept adjacent to the point of interest in order to calibrate the software (ImageJ, Version 1.52a, NIH, USA). For image calibration, the millimetre markings on the graduated probe were linked together by a straight line to serve as a 100μm standard scale. Against this calibrated scale, the marginal misfit was calculated by drawing a straight line from the prepared margin to the crown boundary""
【软件】: ImageJ
【专科】: Prosthodontics
【应用场景】: 3D data analysis and accuracy assessment
【研究设计】: in_vitro"
biomimetic 3d printed gyroid scaffolds with versatile bioactive coatings for complex craniomaxillofacial bone regeneration,Biomimetic 3D-printed gyroid scaffolds with versatile bioactive coatings for complex craniomaxillofacial bone regeneration,BIOMEDICAL MATERIALS,journalArticle,BBL9T48I,INCLUDE,EXCLUDE,INCLUDE,"An artificial alveolar defect was generated digitally in Geomagic Freeform Plus (v. 2019, 3D Systems, Rock Hill, USA)...; the printed models were compared to the initial design and evaluated for accuracy using the 3D software Materialise 3-matic 17.0 (Materialise, Leuven, Belgium).",Geomagic Freeform Plus; Materialise 3-matic,Oral and Maxillofacial Surgery,Digital design and manufacturing,in_vitro,"【判定】: INCLUDE
【证据】: An artificial alveolar defect was generated digitally in Geomagic Freeform Plus (v. 2019, 3D Systems, Rock Hill, USA)...; the printed models were compared to the initial design and evaluated for accuracy using the 3D software Materialise 3-matic 17.0 (Materialise, Leuven, Belgium).
【软件】: Geomagic Freeform Plus; Materialise 3-matic
【专科】: Oral and Maxillofacial Surgery
【应用场景】: Digital design and manufacturing
【研究设计】: in_vitro"
intelligent geometry compensation for additive manufactured oral maxillary stent by genetic algorithm and backpropagation network,Intelligent geometry compensation for additive manufactured oral maxillary stent by genetic algorithm and backpropagation network,COMPUTERS IN BIOLOGY AND MEDICINE,journalArticle,QHUP7V97,INCLUDE,INCLUDE,INCLUDE,"""The modeling of arc thin-walled parts and the generation of supporting structures were completed in the Magics (version 21.0, Materialise, Belgium)."" 以及 ""the compensated 3D coordinate sets were converted into point cloud data in the Geomagic wrap (version 2021, 3D Systems, USA) and a new compensated geometry was generated by 3D reconstruction.""",Magics; Geomagic Wrap,Prosthodontics,Digital design and manufacturing,computational,"【判定】: INCLUDE
【证据】: ""The modeling of arc thin-walled parts and the generation of supporting structures were completed in the Magics (version 21.0, Materialise, Belgium)."" 以及 ""the compensated 3D coordinate sets were converted into point cloud data in the Geomagic wrap (version 2021, 3D Systems, USA) and a new compensated geometry was generated by 3D reconstruction.""
【软件】: Magics; Geomagic Wrap
【专科】: Prosthodontics
【应用场景】: Digital design and manufacturing
【研究设计】: computational"
geometric plane alignment as a methodological requirement for accurate angular measurement in three dimensional craniofacial imaging,Geometric plane alignment as a methodological requirement for accurate angular measurement in three-dimensional craniofacial imaging.,BMC oral health,journalArticle,AY6279X7,,INCLUDE,INCLUDE,"""The image series was aligned to the Frankfort Horizontal Plane in Horos (v3.3.6) to obtain sagittal, axial, and coronal multiplanar reconstruction (MPR) views""",Horos,Oral and Maxillofacial Radiology,Image segmentation and 3D reconstruction,in_vitro,"【判定】: INCLUDE
【证据】: ""The image series was aligned to the Frankfort Horizontal Plane in Horos (v3.3.6) to obtain sagittal, axial, and coronal multiplanar reconstruction (MPR) views""
【软件】: Horos
【专科】: Oral and Maxillofacial Radiology
【应用场景】: Image segmentation and 3D reconstruction
【研究设计】: in_vitro"
accuracy of guided implant surgery obtained using 3d printed surgical guides an in vitro comparison of four evaluation methods,Accuracy of guided implant surgery obtained using 3D-printed surgical guides - An in vitro comparison of four evaluation methods,INTERNATIONAL JOURNAL OF COMPUTERIZED DENTISTRY,journalArticle,2TPBCDEY,INCLUDE,EXCLUDE,INCLUDE,"These surface scans were imported into 3D analysis software (GOM Inspect Suite 2020; GOM) and merged to transfer the implant positions to the digitized cast. / In GOM Inspect, the reference stl files and the respective post insertion stl files were aligned in one coordinate system via a best-fit algorithm.",GOM Inspect,Implantology,3D data analysis and accuracy assessment,in_vitro,"【判定】: INCLUDE
【证据】: These surface scans were imported into 3D analysis software (GOM Inspect Suite 2020; GOM) and merged to transfer the implant positions to the digitized cast. / In GOM Inspect, the reference stl files and the respective post insertion stl files were aligned in one coordinate system via a best-fit algorithm.
【软件】: GOM Inspect
【专科】: Implantology
【应用场景】: 3D data analysis and accuracy assessment
【研究设计】: in_vitro"
effect of framework material and gyroid lattice design on the biomechanics of all on four full arch prostheses,Effect of framework material and gyroid lattice design on the biomechanics of all-on-four full-arch prostheses.,BMC oral health,journalArticle,9D6677BV,INCLUDE,EXCLUDE,INCLUDE,"Tomographic slices with a thickness of 0.33 mm were imported into 3D Slicer (v5.2.2, Boston, MA, USA) in DICOM format, segmented according to Hounsfield unit thresholds... The STL files were then processed in Blender (version 3.6, Blender Foundation, Amsterdam, Netherlands) for reverse engineering and geometric refinement. ... The alignment and mesh compatibility among all components were verified using Altair HyperMesh (version 2023.1, Altair Engineering Inc., Troy, MI, USA)",3D Slicer; Blender; Altair HyperMesh,Prosthodontics,Biomechanical analysis and simulation,computational,"【判定】: INCLUDE
【证据】: Tomographic slices with a thickness of 0.33 mm were imported into 3D Slicer (v5.2.2, Boston, MA, USA) in DICOM format, segmented according to Hounsfield unit thresholds... The STL files were then processed in Blender (version 3.6, Blender Foundation, Amsterdam, Netherlands) for reverse engineering and geometric refinement. ... The alignment and mesh compatibility among all components were verified using Altair HyperMesh (version 2023.1, Altair Engineering Inc., Troy, MI, USA)
【软件】: 3D Slicer; Blender; Altair HyperMesh
【专科】: Prosthodontics
【应用场景】: Biomechanical analysis and simulation
【研究设计】: computational"
in vivo trueness and precision of full arch implant scans using intraoral scanners with three different acquisition protocols,In vivo trueness and precision of full-arch implant scans using intraoral scanners with three different acquisition protocols,JOURNAL OF DENTISTRY,journalArticle,RB2EMABN,INCLUDE,EXCLUDE,INCLUDE,"""CAD files were defeatured... (Geomagic Design X, version 2019.0.0 64-bit; 3D Systems)"" 及 ""The Datums were created in 3D inspection software Geomagic Control X (Software version 2018.1.1 64-bit; 3D Systems)""",Geomagic Design X; Geomagic Control X,Implantology,3D data analysis and accuracy assessment,clinical,"【判定】: INCLUDE
【证据】: ""CAD files were defeatured... (Geomagic Design X, version 2019.0.0 64-bit; 3D Systems)"" 及 ""The Datums were created in 3D inspection software Geomagic Control X (Software version 2018.1.1 64-bit; 3D Systems)""
【软件】: Geomagic Design X; Geomagic Control X
【专科】: Implantology
【应用场景】: 3D data analysis and accuracy assessment
【研究设计】: clinical"
prosthesis repair of oral implants based on artificial intelligenc e finite element analysis,Prosthesis repair of oral implants based on artificial intelligenc`e finite element analysis,SLAS TECHNOLOGY,journalArticle,CKG49MIJ,INCLUDE,EXCLUDE,INCLUDE,"""The MIMICS program models the mandible’s geometry for the FEA analysis."" 及 ""To generate the data, ANSYS 14.0 takes into account 180 simulations.""",MIMICS; ANSYS,Implantology,Biomechanical analysis and simulation,computational,"【判定】: INCLUDE
【证据】: ""The MIMICS program models the mandible’s geometry for the FEA analysis."" 及 ""To generate the data, ANSYS 14.0 takes into account 180 simulations.""
【软件】: MIMICS; ANSYS
【专科】: Implantology
【应用场景】: Biomechanical analysis and simulation
【研究设计】: computational"
hierarchical 2d to 3d micro nano histology of human dental caries lesions using light x ray and electron microscopy,"Hierarchical 2D to 3D micro/nano-histology of human dental caries lesions using light, X-ray and electron microscopy",MATERIALS & DESIGN,journalArticle,VXGSB6P7,INCLUDE,EXCLUDE,INCLUDE,"The acquired two-dimensional (2D) SEM and FIB images were analysed using Avizo software (Thermo Fisher Scientiﬁc, USA)；The process was done using segmentation tools and editor in Avizo；A fast Fourier transform (FFT) ﬁlter module in Avizo was used to reduce this artefact；The trajectory of the structure of the remaining material and measurement of orientation angles were carried out on BSi using Avizo",Avizo,Cariology,Image segmentation and 3D reconstruction,in_vitro,"【判定】: INCLUDE
【证据】: The acquired two-dimensional (2D) SEM and FIB images were analysed using Avizo software (Thermo Fisher Scientiﬁc, USA)；The process was done using segmentation tools and editor in Avizo；A fast Fourier transform (FFT) ﬁlter module in Avizo was used to reduce this artefact；The trajectory of the structure of the remaining material and measurement of orientation angles were carried out on BSi using Avizo
【软件】: Avizo
【专科】: Cariology
【应用场景】: Image segmentation and 3D reconstruction
【研究设计】: in_vitro"
study on 3d printed mxene berberine integrated scaffold for photo activated antibacterial activity and bone regeneration,Study on 3D printed MXene-berberine-integrated scaffold for photo-activated antibacterial activity and bone regeneration,JOURNAL OF MATERIALS CHEMISTRY B,journalArticle,T6EQ48WZ,INCLUDE,EXCLUDE,INCLUDE,"The mandibles were reconstructed and the fundamental parameters were quantitively analyzed with a Mimics software (Materialise, Belgium).",Mimics,Oral and Maxillofacial Surgery,Image segmentation and 3D reconstruction,computational,"【判定】: INCLUDE
【证据】: The mandibles were reconstructed and the fundamental parameters were quantitively analyzed with a Mimics software (Materialise, Belgium).
【软件】: Mimics
【专科】: Oral and Maxillofacial Surgery
【应用场景】: Image segmentation and 3D reconstruction
【研究设计】: computational"
multi architecture deep learning for cbct segmentation of dental hard tissues and pulp in mixed dentition,Multi-Architecture deep learning for CBCT segmentation of dental hard tissues and pulp in mixed dentition.,Journal of dentistry,journalArticle,K9NG599R,INCLUDE,EXCLUDE,INCLUDE,"""Original de-identified DICOM files of 105 CBCT scans (29,478 image layers) were imported into an image segmentation software, ITK-SNAP, (open-source free software version 4.4.0 alpha-3), and converted to nii.gz files, for semi-automated segmentation of the hard tooth structure, pulp and root canals of primary and permanent teeth""",ITK-SNAP,Pediatric Dentistry,Image segmentation and 3D reconstruction,computational,"【判定】: INCLUDE
【证据】: ""Original de-identified DICOM files of 105 CBCT scans (29,478 image layers) were imported into an image segmentation software, ITK-SNAP, (open-source free software version 4.4.0 alpha-3), and converted to nii.gz files, for semi-automated segmentation of the hard tooth structure, pulp and root canals of primary and permanent teeth""
【软件】: ITK-SNAP
【专科】: Pediatric Dentistry
【应用场景】: Image segmentation and 3D reconstruction
【研究设计】: computational"
protease responsive protein hydrogel enabling spatiotemporal clo2 release for precision treatment of intracellular infections and periodontitis,Protease-responsive protein hydrogel enabling spatiotemporal ClO2 release for precision treatment of intracellular infections and periodontitis,MATERIALS & DESIGN,journalArticle,DFBH82QS,INCLUDE,INCLUDE,INCLUDE,"Three-dimensional reconstruction was then performed using Mimics Medical 21.0 software for comparative assessment of alveolar bone defect repair in each group. The distance from the cementoenamel junction (CEJ) to the alveolar bone crest (ABC) was measured at the mesial angle, midpoint and distal angle of the second maxillary molar (buccal and palatal) in Mimics 3D images",Mimics Medical 21.0,Periodontology,Image segmentation and 3D reconstruction,clinical,"【判定】: INCLUDE
【证据】: Three-dimensional reconstruction was then performed using Mimics Medical 21.0 software for comparative assessment of alveolar bone defect repair in each group. The distance from the cementoenamel junction (CEJ) to the alveolar bone crest (ABC) was measured at the mesial angle, midpoint and distal angle of the second maxillary molar (buccal and palatal) in Mimics 3D images
【软件】: Mimics Medical 21.0
【专科】: Periodontology
【应用场景】: Image segmentation and 3D reconstruction
【研究设计】: clinical"
impact of framework material cantilever design and wing configuration on stress distribution in patient specific additively manufactured subperiosteal jaw implants a 3d finite element analysis,"Impact of framework material, cantilever design, and wing configuration on stress distribution in patient specific additively manufactured subperiosteal jaw implants: a 3D finite element analysis",BMC ORAL HEALTH,journalArticle,RYA4IC44,INCLUDE,EXCLUDE,INCLUDE,"The bone model was created and exported as an STL file using 3D Slicer, while reverse engineering and CAD operations were performed in ANSYS SpaceClaim. Solid model adaptation for analysis, mesh optimization, and FEA simulations were conducted in ANSYS Workbench, with solutions obtained using the LS-DYNA solver. ... Accurate spatial positioning of all components was achieved in Rhinoceros 4.0, and a detailed 3D mesh was generated in VRMesh Studio",3D Slicer; ANSYS SpaceClaim; ANSYS Workbench; LS-DYNA; Rhinoceros 4.0; VRMesh Studio,Implantology,Biomechanical analysis and simulation,computational,"【判定】: INCLUDE
【证据】: The bone model was created and exported as an STL file using 3D Slicer, while reverse engineering and CAD operations were performed in ANSYS SpaceClaim. Solid model adaptation for analysis, mesh optimization, and FEA simulations were conducted in ANSYS Workbench, with solutions obtained using the LS-DYNA solver. ... Accurate spatial positioning of all components was achieved in Rhinoceros 4.0, and a detailed 3D mesh was generated in VRMesh Studio
【软件】: 3D Slicer; ANSYS SpaceClaim; ANSYS Workbench; LS-DYNA; Rhinoceros 4.0; VRMesh Studio
【专科】: Implantology
【应用场景】: Biomechanical analysis and simulation
【研究设计】: computational"
effect of print orientation of 3d printed aligner templates on the volumetric accuracy of transferred composite attachments an in vitro study,Effect of print orientation of 3D-printed aligner templates on the volumetric accuracy of transferred composite attachments: an in vitro study,CLINICAL ORAL INVESTIGATIONS,journalArticle,R6YFN9SG,INCLUDE,INCLUDE,INCLUDE,"""Percentage volume deviations of the transferred versus planned attachment were quantified using Geomagic Control software (v.2020.1.1, ©2020 3D Systems, Inc., Rock Hill, SC)""；""The modified digital models were exported to STL-file and imported into Geomagic Control X software (version 2020.1.1, © 2020 3D Systems, Inc., Rock Hill, SC) for the sectioning and isolation of teeth 1.1 and 1.6""；""Cutting planes were created in Geomagic Control X software (v.2020.1.1, ©2020 3D Systems, Inc., Rock Hill, S",Geomagic Control X,Orthodontics,3D data analysis and accuracy assessment,in_vitro,"【判定】: INCLUDE
【证据】: ""Percentage volume deviations of the transferred versus planned attachment were quantified using Geomagic Control software (v.2020.1.1, ©2020 3D Systems, Inc., Rock Hill, SC)""；""The modified digital models were exported to STL-file and imported into Geomagic Control X software (version 2020.1.1, © 2020 3D Systems, Inc., Rock Hill, SC) for the sectioning and isolation of teeth 1.1 and 1.6""；""Cutting planes were created in Geomagic Control X software (v.2020.1.1, ©2020 3D Systems, Inc., Rock Hill, SC)""
【软件】: Geomagic Control X
【专科】: Orthodontics
【应用场景】: 3D data analysis and accuracy assessment
【研究设计】: in_vitro"
comparison of stereolithography stl and polygon file format ply for intraoral scans from chairside to archive,Comparison of stereolithography (STL) and polygon file format (PLY) for intraoral scans: From chairside to archive.,Journal of dentistry,journalArticle,5MX98NQ5,INCLUDE,INCLUDE,INCLUDE,"""Original STL files were converted into PLY and then reconverted into STL using four open-source tools: Trimesh, PyMeshLab, Blender 3.6, and Blender 4.4."" / ""The original STL files (STL-0) were converted to PLY format using four tools: Trimesh 4.6 (PLY-TM), PyMeshLab 2023.12 (PLY-PML), Blender 3.6 (PLY-B3.6), and Blender 4.4 (PLY-B4.4).""",Blender; PyMeshLab; Trimesh,Prosthodontics,3D data analysis and accuracy assessment,computational,"【判定】: INCLUDE
【证据】: ""Original STL files were converted into PLY and then reconverted into STL using four open-source tools: Trimesh, PyMeshLab, Blender 3.6, and Blender 4.4."" / ""The original STL files (STL-0) were converted to PLY format using four tools: Trimesh 4.6 (PLY-TM), PyMeshLab 2023.12 (PLY-PML), Blender 3.6 (PLY-B3.6), and Blender 4.4 (PLY-B4.4).""
【软件】: Blender; PyMeshLab; Trimesh
【专科】: Prosthodontics
【应用场景】: 3D data analysis and accuracy assessment
【研究设计】: computational"
spatiotemporal mechanical stimuli from dental crypt during tooth development an integrated experimental and computational study,Spatiotemporal mechanical stimuli from dental crypt during tooth development: An integrated experimental and computational study,EXTREME MECHANICS LETTERS,journalArticle,A3GV56C7,INCLUDE,EXCLUDE,INCLUDE,"""The micro-CT images were reconstructed using Avizo software (Thermo Fisher Scientific, Burlington, MA)."" 以及 ""These meshes were then imported into Abaqus software (Simulia Inc., Johnston, RI) for finite element analysis.""",Avizo; Abaqus,Oral and Maxillofacial Surgery / Oral Biology (tooth development) — 主要口腔专科: Oral Biology,Biomechanical analysis and simulation,computational,"【判定】: INCLUDE
【证据】: ""The micro-CT images were reconstructed using Avizo software (Thermo Fisher Scientific, Burlington, MA)."" 以及 ""These meshes were then imported into Abaqus software (Simulia Inc., Johnston, RI) for finite element analysis.""
【软件】: Avizo; Abaqus
【专科】: Oral and Maxillofacial Surgery / Oral Biology (tooth development) — 主要口腔专科: Oral Biology
【应用场景】: Biomechanical analysis and simulation
【研究设计】: computational"
etched 3d printed polycaprolactone constructs functionalized with reduced graphene oxide for enhanced attachment of dental pulp derived stem cells,Etched 3D-Printed Polycaprolactone Constructs Functionalized with Reduced Graphene Oxide for Enhanced Attachment of Dental Pulp-Derived Stem Cells,PHARMACEUTICS,journalArticle,DCJH8XKA,,INCLUDE,INCLUDE,PCL and rGO-PCL lattice structures were designed in Autodesk Inventor CAD software to tailor interior negative space within constructs and to add sacrificial supports.,Autodesk Inventor,Oral and Maxillofacial Surgery,Digital design and manufacturing,in_vitro,"【判定】: INCLUDE
【证据】: PCL and rGO-PCL lattice structures were designed in Autodesk Inventor CAD software to tailor interior negative space within constructs and to add sacrificial supports.
【软件】: Autodesk Inventor
【专科】: Oral and Maxillofacial Surgery
【应用场景】: Digital design and manufacturing
【研究设计】: in_vitro"
impact of the superimposition reference area on intraoral scanning accuracy in a partially dentate maxilla,Impact of the superimposition reference area on intraoral scanning accuracy in a partially dentate maxilla.,The Journal of prosthetic dentistry,journalArticle,3FJVJNIB,INCLUDE,INCLUDE,INCLUDE,Accuracy was assessed by using a 3D analysis program (Geomagic Control X; 3D systems) for each scanner at 4 preselected areas. / surface differences were calculated with a 3D analysis software program (Geomagic Control X; 3D Systems).,Geomagic Control X,Prosthodontics,3D data analysis and accuracy assessment,in_vitro,"【判定】: INCLUDE
【证据】: Accuracy was assessed by using a 3D analysis program (Geomagic Control X; 3D systems) for each scanner at 4 preselected areas. / surface differences were calculated with a 3D analysis software program (Geomagic Control X; 3D Systems).
【软件】: Geomagic Control X
【专科】: Prosthodontics
【应用场景】: 3D data analysis and accuracy assessment
【研究设计】: in_vitro"
a customised 3d u net model for bifid mandibular canal segmentation and detection on cbct a diagnostic accuracy study,A customised 3D U-Net model for bifid mandibular canal segmentation and detection on CBCT: a diagnostic accuracy study,BMC ORAL HEALTH,journalArticle,567Q4TW9,INCLUDE,EXCLUDE,INCLUDE,"Ground truth labels were generated through manual voxel-wise segmentation using 3D Slicer (version 5.8; The Slicer Community, Boston, MA, USA).",3D Slicer,Oral and Maxillofacial Radiology,Image segmentation and 3D reconstruction,computational,"【判定】: INCLUDE
【证据】: Ground truth labels were generated through manual voxel-wise segmentation using 3D Slicer (version 5.8; The Slicer Community, Boston, MA, USA).
【软件】: 3D Slicer
【专科】: Oral and Maxillofacial Radiology
【应用场景】: Image segmentation and 3D reconstruction
【研究设计】: computational"
clinical efficacy of early intervention timing for inversely impacted maxillary central incisors,Clinical efficacy of early intervention timing for inversely impacted maxillary central incisors,JOURNAL OF CLINICAL PEDIATRIC DENTISTRY,journalArticle,UYKQ4QIQ,INCLUDE,INCLUDE,INCLUDE,"""The data was exported from the NewTom (NNT) workstation software ... and imported into Materialise Interactive Medical Image Control System (Mimics 21.0 software, Materialise, Belgium)."" 以及 ""The three-dimensional modeling of the oral and maxillofacial region was performed using Mimics 21.0 software (Materialise, Belgium) after importing the CBCT data of the pediatric patients.""",Mimics,Pediatric Dentistry,Image segmentation and 3D reconstruction,clinical,"【判定】: INCLUDE
【证据】: ""The data was exported from the NewTom (NNT) workstation software ... and imported into Materialise Interactive Medical Image Control System (Mimics 21.0 software, Materialise, Belgium)."" 以及 ""The three-dimensional modeling of the oral and maxillofacial region was performed using Mimics 21.0 software (Materialise, Belgium) after importing the CBCT data of the pediatric patients.""
【软件】: Mimics
【专科】: Pediatric Dentistry
【应用场景】: Image segmentation and 3D reconstruction
【研究设计】: clinical"
2d to 3d predicting three dimensional 3d cephalometric measurements from two conventional x ray images,2D-to-3D: Predicting three-dimensional (3D) cephalometric measurements from two conventional X-ray images,JOURNAL OF OROFACIAL ORTHOPEDICS-FORTSCHRITTE DER KIEFERORTHOPADIE,journalArticle,Q3UWJ9BC,INCLUDE,INCLUDE,INCLUDE,"""An orthodontic expert manually plotted all the 3D cephalometric landmarks using the 3D Slicer software for validation. The landmarks' coordinates were exported from the slicer software to Microsoft Excel""",3D Slicer; MATLAB,Orthodontics,Image segmentation and 3D reconstruction,computational,"【判定】: INCLUDE
【证据】: ""An orthodontic expert manually plotted all the 3D cephalometric landmarks using the 3D Slicer software for validation. The landmarks' coordinates were exported from the slicer software to Microsoft Excel""
【软件】: 3D Slicer; MATLAB
【专科】: Orthodontics
【应用场景】: Image segmentation and 3D reconstruction
【研究设计】: computational"
impact of profile angle of cad cam abutment on the marginal bone loss of implant supported single tooth posterior restorations,Impact of profile angle of CAD-CAM abutment on the marginal bone loss of implant-supported single-tooth posterior restorations,JOURNAL OF PROSTHETIC DENTISTRY,journalArticle,92FDR9R4,INCLUDE,EXCLUDE,INCLUDE,"using a CAD software program (AutoCAD 2019; Autodesk), 3 lines parallel to the implant platform were drawn apart from the implant-abutment junction in the coronal direction at 1 mm, 2 mm, and 3 mm.",AutoCAD,Prosthodontics,3D data analysis and accuracy assessment,clinical,"【判定】: INCLUDE
【证据】: using a CAD software program (AutoCAD 2019; Autodesk), 3 lines parallel to the implant platform were drawn apart from the implant-abutment junction in the coronal direction at 1 mm, 2 mm, and 3 mm.
【软件】: AutoCAD
【专科】: Prosthodontics
【应用场景】: 3D data analysis and accuracy assessment
【研究设计】: clinical"
biomechanical evaluation of prosthetic framework materials in subperiosteal implants a finite element analysis,Biomechanical evaluation of prosthetic framework materials in subperiosteal implants: a finite element analysis,BMC ORAL HEALTH,journalArticle,A2IQLI82,INCLUDE,EXCLUDE,INCLUDE,"""The obtained CBCT images were converted into STL format using the Mimics Innovation Suite 24.0 software""; ""The STL models of the bone, implant, fixation screws, and prosthetic components were transferred into the SolidWorks software""; ""The modelling process was performed using SolidWorks software""; ""Three-dimensional anatomical models used in the present study were generated using ANSYS SpaceClaim software ... These solid models were then imported into ANSYS 2023 R1 Workbench software""",Mimics Innovation Suite; SolidWorks; ANSYS SpaceClaim; ANSYS Workbench,Prosthodontics,Biomechanical analysis and simulation,computational,"【判定】: INCLUDE
【证据】: ""The obtained CBCT images were converted into STL format using the Mimics Innovation Suite 24.0 software""; ""The STL models of the bone, implant, fixation screws, and prosthetic components were transferred into the SolidWorks software""; ""The modelling process was performed using SolidWorks software""; ""Three-dimensional anatomical models used in the present study were generated using ANSYS SpaceClaim software ... These solid models were then imported into ANSYS 2023 R1 Workbench software""
【软件】: Mimics Innovation Suite; SolidWorks; ANSYS SpaceClaim; ANSYS Workbench
【专科】: Prosthodontics
【应用场景】: Biomechanical analysis and simulation
【研究设计】: computational"
a 3d in vitro model of the human dentine interface shows long range osteoinduction from the dentine surface,A 3D In-vitro model of the human dentine interface shows long-range osteoinduction from the dentine surface,INTERNATIONAL JOURNAL OF ORAL SCIENCE,journalArticle,9RK8X4SA,,INCLUDE,INCLUDE,STL ﬁles were generated using Autodesk Inventor and sliced using the BioX on-board slicer,Autodesk Inventor,Oral and Maxillofacial Surgery,Digital design and manufacturing,in_vitro,"【判定】: INCLUDE
【证据】: STL ﬁles were generated using Autodesk Inventor and sliced using the BioX on-board slicer
【软件】: Autodesk Inventor
【专科】: Oral and Maxillofacial Surgery
【应用场景】: Digital design and manufacturing
【研究设计】: in_vitro"
ai driven automation of occlusal surface design in digital prosthodontics a clinically validated workflow,AI-driven automation of occlusal surface design in digital prosthodontics: a clinically validated workflow,BMC ORAL HEALTH,journalArticle,PWK5Z86Q,INCLUDE,EXCLUDE,INCLUDE,"""occlusal surfaces of target teeth were manually segmented from 90 occlusally aligned intraoral scans ... using 3-matic 17.0 (Materialise, Leuven, Belgium)""；""using surface deviation metrics derived from 3D comparisons in 3-matic software""；""Using 3-matic (Materialise, Leuven, Belgium), the occlusal surface of each reconstructed crown was manually partitioned into three anatomically defined regions""",3-matic,Prosthodontics,3D data analysis and accuracy assessment,computational,"【判定】: INCLUDE
【证据】: ""occlusal surfaces of target teeth were manually segmented from 90 occlusally aligned intraoral scans ... using 3-matic 17.0 (Materialise, Leuven, Belgium)""；""using surface deviation metrics derived from 3D comparisons in 3-matic software""；""Using 3-matic (Materialise, Leuven, Belgium), the occlusal surface of each reconstructed crown was manually partitioned into three anatomically defined regions""
【软件】: 3-matic
【专科】: Prosthodontics
【应用场景】: 3D data analysis and accuracy assessment
【研究设计】: computational"
effect of simulated bur radius compensation on full contour cad crown morphology and trueness across tooth types an in silico study,Effect of simulated bur radius compensation on full-contour CAD crown morphology and trueness across tooth types. An in- silico study.,The Saudi dental journal,journalArticle,SB3G68D5,INCLUDE,EXCLUDE,EXCLUDE,"该研究使用自研 Python 算法（""a custom Python algorithm (Eyleen Code) by utilizing Trimesh and NumPy libraries""）进行分析；CloudCompare 仅作为验证比对参照（""matched the mathematically derived RMSE from the validated CloudCompare software""），未表明本研究自身使用该软件处理数据。",-,-,-,-,"【判定】: EXCLUDE
【证据】: 该研究使用自研 Python 算法（""a custom Python algorithm (Eyleen Code) by utilizing Trimesh and NumPy libraries""）进行分析；CloudCompare 仅作为验证比对参照（""matched the mathematically derived RMSE from the validated CloudCompare software""），未表明本研究自身使用该软件处理数据。
【软件】: -
【专科】: -
【应用场景】: -
【研究设计】: -"
detecting mandible fractures in cbct scans using a 3 stage neural network,Detecting Mandible Fractures in CBCT Scans Using a 3-Stage Neural Network.,Journal of dental research,journalArticle,UVGSTG9C,INCLUDE,INCLUDE,INCLUDE,"""The complete mandibles and mandibular fractures were segmented slice by slice based on electronic medical records by a resident in OMF surgery (S.S., 4 y experience) and reviewed and revised by an experienced OMF surgeon (T.X., minimum 15 y experience) using ITK-SNAP (version 3.6.0; Appendix Fig. 1A–D).""",ITK-SNAP,Oral and Maxillofacial Surgery,Image segmentation and 3D reconstruction,computational,"【判定】: INCLUDE
【证据】: ""The complete mandibles and mandibular fractures were segmented slice by slice based on electronic medical records by a resident in OMF surgery (S.S., 4 y experience) and reviewed and revised by an experienced OMF surgeon (T.X., minimum 15 y experience) using ITK-SNAP (version 3.6.0; Appendix Fig. 1A–D).""
【软件】: ITK-SNAP
【专科】: Oral and Maxillofacial Surgery
【应用场景】: Image segmentation and 3D reconstruction
【研究设计】: computational"
digital model superimpositions are different software algorithms equally accurate in quantifying linear tooth movements,Digital model superimpositions: are different software algorithms equally accurate in quantifying linear tooth movements?,BMC ORAL HEALTH,journalArticle,J4VD92PC,INCLUDE,INCLUDE,INCLUDE,"""Both the pretreatment digital scans (T1) and Digital Setups (T2) were converted to STL files to be imported to the three studied software packages: Geomagic, OrthoAnalyzer and Compare."" 及 ""T1 and T2 models were imported as STL files to the tooth measuring software programs, for registration and 3D linear measurements.""",Geomagic,Orthodontics,3D data analysis and accuracy assessment,computational,"【判定】: INCLUDE
【证据】: ""Both the pretreatment digital scans (T1) and Digital Setups (T2) were converted to STL files to be imported to the three studied software packages: Geomagic, OrthoAnalyzer and Compare."" 及 ""T1 and T2 models were imported as STL files to the tooth measuring software programs, for registration and 3D linear measurements.""
【软件】: Geomagic
【专科】: Orthodontics
【应用场景】: 3D data analysis and accuracy assessment
【研究设计】: computational"
moprp multiobjective optimization on preoperative robot placement for robot assisted dental implant surgery,MOPRP: Multiobjective optimization on preoperative robot placement for robot-assisted dental implant surgery,ADVANCES IN MECHANICAL ENGINEERING,journalArticle,DNYZB3K8,,INCLUDE,EXCLUDE,"证据片段中未出现任何表明本研究自身使用了具名第三方非牙科3D软件的表述；片段仅提及他人工作（如 Hayashibe et al. developed simulation software、Yu et al. proposed...、Liang et al. developed...）以及未来计划（""In the future, we plan to develop 3D software...""），均非本研究自身使用具名第三方3D软件的证据。",-,-,-,-,"【判定】: EXCLUDE
【证据】: 证据片段中未出现任何表明本研究自身使用了具名第三方非牙科3D软件的表述；片段仅提及他人工作（如 Hayashibe et al. developed simulation software、Yu et al. proposed...、Liang et al. developed...）以及未来计划（""In the future, we plan to develop 3D software...""），均非本研究自身使用具名第三方3D软件的证据。
【软件】: -
【专科】: -
【应用场景】: -
【研究设计】: -"
accuracy of face scan based virtual facebow records a comparison between two registration methods,Accuracy of face scan-based virtual facebow records: A comparison between two registration methods,JOURNAL OF PROSTHODONTICS-IMPLANT ESTHETIC AND RECONSTRUCTIVE DENTISTRY,journalArticle,U2VNRQWT,INCLUDE,EXCLUDE,INCLUDE,"""The scans were imported into an open-source 3D computer software (Blender, version 2.80; The Blender Foundation).""",Blender,Prosthodontics,3D data analysis and accuracy assessment,in_vitro,"【判定】: INCLUDE
【证据】: ""The scans were imported into an open-source 3D computer software (Blender, version 2.80; The Blender Foundation).""
【软件】: Blender
【专科】: Prosthodontics
【应用场景】: 3D data analysis and accuracy assessment
【研究设计】: in_vitro"
microrobotics for precision biofilm diagnostics and treatment,Microrobotics for Precision Biofilm Diagnostics and Treatment,JOURNAL OF DENTAL RESEARCH,journalArticle,ZGJK5PD2,INCLUDE,INCLUDE,INCLUDE,"""we also developed a molded robotic system using 1 mm negative molds designed in SolidWorks and 3D printed using a ProJet 6000 HD stereolithography printer (3D Systems).""",SolidWorks,Endodontics,Digital design and manufacturing,in_vitro,"【判定】: INCLUDE
【证据】: ""we also developed a molded robotic system using 1 mm negative molds designed in SolidWorks and 3D printed using a ProJet 6000 HD stereolithography printer (3D Systems).""
【软件】: SolidWorks
【专科】: Endodontics
【应用场景】: Digital design and manufacturing
【研究设计】: in_vitro"
passive fit and time efficiency for prefabricated versus conventionally constructed cobalt chromium cad textbackslashcam 3 unit implant supported frameworks in free end saddle models a pilot invitro study,Passive fit and time efficiency for prefabricated versus conventionally constructed cobalt chromium CAD\textbackslashCAM 3-unit implant supported frameworks in free end saddle models: a pilot invitro study,BMC ORAL HEALTH,journalArticle,8HPQKBVZ,INCLUDE,EXCLUDE,INCLUDE,"The design of the virtual model was modified using a designing software (Autodesk Meshmixer software, Autodesk, Inc.) so that each side was a mirror image of the other. ... Using the same software a soft tissue index that served to create an even space of...",Autodesk Meshmixer,Implantology,Digital design and manufacturing,in_vitro,"【判定】: INCLUDE
【证据】: The design of the virtual model was modified using a designing software (Autodesk Meshmixer software, Autodesk, Inc.) so that each side was a mirror image of the other. ... Using the same software a soft tissue index that served to create an even space of...
【软件】: Autodesk Meshmixer
【专科】: Implantology
【应用场景】: Digital design and manufacturing
【研究设计】: in_vitro"
effect of different storage conditions on dimensional accuracy of 3d printed dental models,Effect of different storage conditions on dimensional accuracy of 3D-printed dental models,JOURNAL OF PROSTHODONTICS-IMPLANT ESTHETIC AND RECONSTRUCTIVE DENTISTRY,journalArticle,RZZAIR96,INCLUDE,INCLUDE,INCLUDE,"The generated STL ﬁles were imported into a 3D inspection software, Geomagic Control X (3D Systems, Rock Hill, SC. Version: 2023.1), and superimposed with the original STL ﬁles for comparison. The trueness value was calculated using Geomagic Control X software to compare the paired cloud points of each printed model with the original CAD ﬁle.",Geomagic Control X,Prosthodontics,3D data analysis and accuracy assessment,in_vitro,"【判定】: INCLUDE
【证据】: The generated STL ﬁles were imported into a 3D inspection software, Geomagic Control X (3D Systems, Rock Hill, SC. Version: 2023.1), and superimposed with the original STL ﬁles for comparison. The trueness value was calculated using Geomagic Control X software to compare the paired cloud points of each printed model with the original CAD ﬁle.
【软件】: Geomagic Control X
【专科】: Prosthodontics
【应用场景】: 3D data analysis and accuracy assessment
【研究设计】: in_vitro"
mechanotherapeutic modulation of the nasal microenvironment rampa induced maxillofacial remodeling and its pathophysiological impact on mucus rheology and chronic inflammation,Mechanotherapeutic Modulation of the Nasal Microenvironment: RAMPA-Induced Maxillofacial Remodeling and Its Pathophysiological Impact on Mucus Rheology and  Chronic Inflammation.,"Bioengineering (Basel, Switzerland)",journalArticle,HHXKMFE3,INCLUDE,EXCLUDE,INCLUDE,"""Finite element analysis was performed using ANSYS Workbench 17.2 (Ansys Inc., Canonsburg, Penn, USA)."" 以及 ""the acquired CBCT DICOM files were analyzed using 3D imaging software (Mimics Innovation Suite; Materialise version 27.0, N.V., Leuven, Belgium).""",ANSYS Workbench; Mimics Innovation Suite,Orthodontics,Biomechanical analysis and simulation,computational,"【判定】: INCLUDE
【证据】: ""Finite element analysis was performed using ANSYS Workbench 17.2 (Ansys Inc., Canonsburg, Penn, USA)."" 以及 ""the acquired CBCT DICOM files were analyzed using 3D imaging software (Mimics Innovation Suite; Materialise version 27.0, N.V., Leuven, Belgium).""
【软件】: ANSYS Workbench; Mimics Innovation Suite
【专科】: Orthodontics
【应用场景】: Biomechanical analysis and simulation
【研究设计】: computational"
comparison of low dose standard dose and high definition cbct protocols for stl reconstruction accuracy in digital bone scaffold workflows,"Comparison of Low-Dose, Standard-Dose, and High-Definition CBCT Protocols for STL Reconstruction Accuracy in Digital Bone Scaffold Workflows.",International journal of dentistry,journalArticle,EKQJE262,INCLUDE,EXCLUDE,INCLUDE,"The resulting DICOM datasets were imported into 3D Slicer (Version 5.8.0, www.slicer.org)... Segmentation of the bone surface was performed using the ""Segment Editor"" module with a global thresholding method. / For mesh registration and deviation analysis, CloudCompare software (Version 2.12, www.cloudcompare.org) was used.",3D Slicer; CloudCompare,Oral and Maxillofacial Surgery,Image segmentation and 3D reconstruction,in_vitro,"【判定】: INCLUDE
【证据】: The resulting DICOM datasets were imported into 3D Slicer (Version 5.8.0, www.slicer.org)... Segmentation of the bone surface was performed using the ""Segment Editor"" module with a global thresholding method. / For mesh registration and deviation analysis, CloudCompare software (Version 2.12, www.cloudcompare.org) was used.
【软件】: 3D Slicer; CloudCompare
【专科】: Oral and Maxillofacial Surgery
【应用场景】: Image segmentation and 3D reconstruction
【研究设计】: in_vitro"
feasibility of augmented reality using dental arch based registration applied to navigation in mandibular distraction osteogenesis a phantom experiment,Feasibility of augmented reality using dental arch-based registration applied to navigation in mandibular distraction osteogenesis: a phantom experiment,BMC ORAL HEALTH,journalArticle,3TF24KAM,INCLUDE,EXCLUDE,INCLUDE,"""3-Matic 13.0 is used for model editing and postoperative measurements. Mimics 21.0 is used for importing CT data"" 以及 ""Using the point-to-point registration and global registration functions in the 3-matic13.0, the mandibular portion of the preoperative plan was precisely aligned with the corresponding segment in the postoperative 3D model.""",3-Matic 13.0; Mimics 21.0,Oral and Maxillofacial Surgery,Surgical planning and precise implementation,in_vitro,"【判定】: INCLUDE
【证据】: ""3-Matic 13.0 is used for model editing and postoperative measurements. Mimics 21.0 is used for importing CT data"" 以及 ""Using the point-to-point registration and global registration functions in the 3-matic13.0, the mandibular portion of the preoperative plan was precisely aligned with the corresponding segment in the postoperative 3D model.""
【软件】: 3-Matic 13.0; Mimics 21.0
【专科】: Oral and Maxillofacial Surgery
【应用场景】: Surgical planning and precise implementation
【研究设计】: in_vitro"
automatic prediction of depth of invasion in oral tongue squamous cell carcinoma using a multimodal regression network fusing prior text and anatomical knowledge,Automatic prediction of depth of invasion in oral tongue squamous cell carcinoma using a multimodal regression network fusing prior text and anatomical knowledge,MEDICAL IMAGE ANALYSIS,journalArticle,Y5SI9D7I,INCLUDE,EXCLUDE,INCLUDE,The ground truths of segmentation and landmarkers were manually labeled on MRI by a senior radiologist using ITK-SNAP 4.2.0 software.,ITK-SNAP,Oral and Maxillofacial Radiology,Image segmentation and 3D reconstruction,computational,"【判定】: INCLUDE
【证据】: The ground truths of segmentation and landmarkers were manually labeled on MRI by a senior radiologist using ITK-SNAP 4.2.0 software.
【软件】: ITK-SNAP
【专科】: Oral and Maxillofacial Radiology
【应用场景】: Image segmentation and 3D reconstruction
【研究设计】: computational"
comparison of biomechanical performance of custom implants with different designs under functional load a finite element analysis,Comparison of biomechanical performance of custom implants with different designs under functional load: a finite element analysis.,BMC oral health,journalArticle,7QDPDBCV,INCLUDE,EXCLUDE,INCLUDE,"Bone and tooth models were generated from tomography data using 3DSlicer software; Reverse engineering and three-dimensional CAD processes were performed with Blender software, while the adaptation of solid models to the analysis environment and the creation of optimized meshes were conducted using ALTAIR HyperMesh software; The ALTAIR OptiStruct solver was employed to solve the generated finite element models.",3D Slicer; Blender; Altair HyperMesh; Altair OptiStruct,Prosthodontics,Biomechanical analysis and simulation,computational,"【判定】: INCLUDE
【证据】: Bone and tooth models were generated from tomography data using 3DSlicer software; Reverse engineering and three-dimensional CAD processes were performed with Blender software, while the adaptation of solid models to the analysis environment and the creation of optimized meshes were conducted using ALTAIR HyperMesh software; The ALTAIR OptiStruct solver was employed to solve the generated finite element models.
【软件】: 3D Slicer; Blender; Altair HyperMesh; Altair OptiStruct
【专科】: Prosthodontics
【应用场景】: Biomechanical analysis and simulation
【研究设计】: computational"
development and validation of a freehand 3 d ultrasound system for real time intraoral image reconstruction,Development and Validation of a Freehand 3-D Ultrasound System for Real-Time Intraoral Image Reconstruction,IEEE Transactions on Instrumentation and Measurement,journalArticle,DFF9LQMV,INCLUDE,EXCLUDE,INCLUDE,"All volumes were rendered using the CT-AAA preset colormap in 3-D Slicer, with rendering properties set to composite mode, including shading and surface smoothing.",3D Slicer,Periodontology,Image segmentation and 3D reconstruction,computational,"【判定】: INCLUDE
【证据】: All volumes were rendered using the CT-AAA preset colormap in 3-D Slicer, with rendering properties set to composite mode, including shading and surface smoothing.
【软件】: 3D Slicer
【专科】: Periodontology
【应用场景】: Image segmentation and 3D reconstruction
【研究设计】: computational"
in vivo evaluation of artificial intelligence driven remote monitoring technology for tracking tooth movement and reconstruction of 3 dimensional digital models during orthodontic treatment,In-vivo evaluation of Artificial Intelligence Driven Remote Monitoring technology for tracking tooth movement and reconstruction of 3-dimensional digital models during orthodontic treatment,AMERICAN JOURNAL OF ORTHODONTICS AND DENTOFACIAL ORTHOPEDICS,journalArticle,FFCB7QN3,INCLUDE,INCLUDE,INCLUDE,"""Geomagic Control-X 2020 software (3D Systems, Rock Hill, SC) was used to perform all virtual model preparation and to conduct the 3D superimposition-based analysis."" / ""The global deviation between the reconstructed digital models from the DM and iTero scans was compared at each time point using Geomagic Control-X 2020 (3D Systems, Rock Hill, SC).""",Geomagic Control-X 2020,Orthodontics,3D data analysis and accuracy assessment,clinical,"【判定】: INCLUDE
【证据】: ""Geomagic Control-X 2020 software (3D Systems, Rock Hill, SC) was used to perform all virtual model preparation and to conduct the 3D superimposition-based analysis."" / ""The global deviation between the reconstructed digital models from the DM and iTero scans was compared at each time point using Geomagic Control-X 2020 (3D Systems, Rock Hill, SC).""
【软件】: Geomagic Control-X 2020
【专科】: Orthodontics
【应用场景】: 3D data analysis and accuracy assessment
【研究设计】: clinical"
biomechanical evaluation of framework materials in all on four versus all on six prostheses a finite element study,Biomechanical Evaluation of Framework Materials in All-on-Four Versus All-on-Six Prostheses: A Finite Element Study.,Clinical and experimental dental research,journalArticle,QLPEUI2S,INCLUDE,EXCLUDE,INCLUDE,"The obtained DICOM 3.0 files were imported into MIMICS software (Materialise, Leuven, Belgium) for anatomical segmentation of the mandible... Surface optimization and refinement of the STL files were performed using Geomagic Design X 2020.0 (3D Systems, USA)... The refined anatomical models were then transferred into SolidWorks 2013... All models were then transferred to Abaqus 2020 (Dassault Systèmes, Johnston, RT, USA) for FEA.",MIMICS; Geomagic Design X; SolidWorks; Abaqus,Prosthodontics,Biomechanical analysis and simulation,computational,"【判定】: INCLUDE
【证据】: The obtained DICOM 3.0 files were imported into MIMICS software (Materialise, Leuven, Belgium) for anatomical segmentation of the mandible... Surface optimization and refinement of the STL files were performed using Geomagic Design X 2020.0 (3D Systems, USA)... The refined anatomical models were then transferred into SolidWorks 2013... All models were then transferred to Abaqus 2020 (Dassault Systèmes, Johnston, RT, USA) for FEA.
【软件】: MIMICS; Geomagic Design X; SolidWorks; Abaqus
【专科】: Prosthodontics
【应用场景】: Biomechanical analysis and simulation
【研究设计】: computational"
biomechanics of the tooth cervical region investigated using 3d digital image correlation micro ct and finite element analysis,"Biomechanics of the tooth cervical region investigated using 3D digital image correlation, micro CT, and finite element analysis",SCIENTIFIC REPORTS,journalArticle,HN62NC7A,INCLUDE,EXCLUDE,INCLUDE,"""Enamel, dentin, and pulp were segmented in Amira (version 2019.1; www.fei.com) and exported as triangulated surface meshes, which were subsequently remeshed in Blender software (version 4.3; www.blender.org) to ensure watertight interfaces. The enamel, dentin, and pulp meshes were imported into FreeCAD software (version 1.0.2; www. freecad.org).""",Amira; Blender; FreeCAD,Restorative Dentistry,Biomechanical analysis and simulation,computational,"【判定】: INCLUDE
【证据】: ""Enamel, dentin, and pulp were segmented in Amira (version 2019.1; www.fei.com) and exported as triangulated surface meshes, which were subsequently remeshed in Blender software (version 4.3; www.blender.org) to ensure watertight interfaces. The enamel, dentin, and pulp meshes were imported into FreeCAD software (version 1.0.2; www. freecad.org).""
【软件】: Amira; Blender; FreeCAD
【专科】: Restorative Dentistry
【应用场景】: Biomechanical analysis and simulation
【研究设计】: computational"
a low cost wireless bite force measurement device,A Low-Cost Wireless Bite Force Measurement Device,MATERIALS,journalArticle,B8ZTR89F,INCLUDE,INCLUDE,INCLUDE,"A custom-made ergonomic interface between the sensor and the participant’s teeth was designed with commercial CAD software (AutoCAD, Autodesk Inc., San Rafael, CA, USA) and printed with a 3D printer",AutoCAD,Oral and Maxillofacial Surgery,Digital design and manufacturing,technical_note,"【判定】: INCLUDE
【证据】: A custom-made ergonomic interface between the sensor and the participant’s teeth was designed with commercial CAD software (AutoCAD, Autodesk Inc., San Rafael, CA, USA) and printed with a 3D printer
【软件】: AutoCAD
【专科】: Oral and Maxillofacial Surgery
【应用场景】: Digital design and manufacturing
【研究设计】: technical_note"
tomographic similarity scan with a computed modified absolute mandibular midsagittal plane for precise and objective localization of mandibular asymmetry,Tomographic similarity scan with a computed modified absolute mandibular midsagittal plane for precise and objective localization of mandibular asymmetry,COMPUTERS IN BIOLOGY AND MEDICINE,journalArticle,5EV82UG8,,INCLUDE,INCLUDE,"""Binarization of the individual records was performed manually and the values were exported, along with the landmark coordinates, for further processing by a custom program in MATLAB 2019b (MathWorks, Natick, MA, USA)""",MATLAB,Oral and Maxillofacial Surgery,3D data analysis and accuracy assessment,computational,"【判定】: INCLUDE
【证据】: ""Binarization of the individual records was performed manually and the values were exported, along with the landmark coordinates, for further processing by a custom program in MATLAB 2019b (MathWorks, Natick, MA, USA)""
【软件】: MATLAB
【专科】: Oral and Maxillofacial Surgery
【应用场景】: 3D data analysis and accuracy assessment
【研究设计】: computational"
comparison of the accuracy of removable partial denture frameworks fabricated using conventional and digital impressions a clinical study,Comparison of the accuracy of removable partial denture frameworks fabricated using conventional and digital impressions: a clinical study,JOURNAL OF ADVANCED PROSTHODONTICS,journalArticle,37R7W5UU,INCLUDE,EXCLUDE,INCLUDE,"Data were analyzed using metrology software (GOM Inspect 2018, Carl Zeiss GOM Metrology GmbH, Braunschweig, Germany). CF+D and CF were superimposed using the best-fit alignment to measure the gap between the rest and rest seat",GOM Inspect,Prosthodontics,3D data analysis and accuracy assessment,clinical,"【判定】: INCLUDE
【证据】: Data were analyzed using metrology software (GOM Inspect 2018, Carl Zeiss GOM Metrology GmbH, Braunschweig, Germany). CF+D and CF were superimposed using the best-fit alignment to measure the gap between the rest and rest seat
【软件】: GOM Inspect
【专科】: Prosthodontics
【应用场景】: 3D data analysis and accuracy assessment
【研究设计】: clinical"
biomechanical comparison of titanium and y tzp subperiosteal implants in atrophic maxilla a finite element study,Biomechanical comparison of titanium and Y-TZP subperiosteal implants in atrophic maxilla: a finite element study.,BMC oral health,journalArticle,5N9WLQW9,INCLUDE,EXCLUDE,INCLUDE,"""The CT dataset of the maxilla was segmented using 3D Slicer software (version 5.6.1/32438; Slicer Community, Boston, MA, USA)""；""the geometry was imported into Blender (Blender Foundation, Amsterdam, The Netherlands) for geometric refinement, surface smoothing, and preparation for finite element analysis""；""subperiosteal implant systems were designed three-dimensionally using Blender software""；""mesh interfaces were refined and optimized using ALTAIR HyperMesh software""",3D Slicer; Blender; Altair HyperMesh,Oral and Maxillofacial Surgery,Biomechanical analysis and simulation,computational,"【判定】: INCLUDE
【证据】: ""The CT dataset of the maxilla was segmented using 3D Slicer software (version 5.6.1/32438; Slicer Community, Boston, MA, USA)""；""the geometry was imported into Blender (Blender Foundation, Amsterdam, The Netherlands) for geometric refinement, surface smoothing, and preparation for finite element analysis""；""subperiosteal implant systems were designed three-dimensionally using Blender software""；""mesh interfaces were refined and optimized using ALTAIR HyperMesh software""
【软件】: 3D Slicer; Blender; Altair HyperMesh
【专科】: Oral and Maxillofacial Surgery
【应用场景】: Biomechanical analysis and simulation
【研究设计】: computational"
effect of attachment flash on clear aligner force delivery an in vitro study,Effect of attachment flash on clear aligner force delivery: an in vitro study,BMC ORAL HEALTH,journalArticle,9VYQRD5N,INCLUDE,INCLUDE,INCLUDE,"This STL file of the modified model was further edited in the Autodesk Meshmixer version 3.5 software (Autodesk, Inc., California, USA) before being exported to Chitubox version 1.9.4 software",Autodesk Meshmixer,Orthodontics,Digital design and manufacturing,in_vitro,"【判定】: INCLUDE
【证据】: This STL file of the modified model was further edited in the Autodesk Meshmixer version 3.5 software (Autodesk, Inc., California, USA) before being exported to Chitubox version 1.9.4 software
【软件】: Autodesk Meshmixer
【专科】: Orthodontics
【应用场景】: Digital design and manufacturing
【研究设计】: in_vitro"
evaluation of the stability of the palatal rugae using the three dimensional orthodontic treatment,Evaluation of the stability of the palatal rugae using the three-dimensional orthodontic treatment,JOURNAL OF DENTISTRY,journalArticle,IUQMK852,INCLUDE,EXCLUDE,INCLUDE,"The palatal rugae were extracted manually using reverse engineering software (Geomagic Studio; Raindrop Geomagic Inc, Research Triangle Park, NC, USA) and then transformed into a 3D point cloud.",Geomagic Studio,Orthodontics,3D data analysis and accuracy assessment,clinical,"【判定】: INCLUDE
【证据】: The palatal rugae were extracted manually using reverse engineering software (Geomagic Studio; Raindrop Geomagic Inc, Research Triangle Park, NC, USA) and then transformed into a 3D point cloud.
【软件】: Geomagic Studio
【专科】: Orthodontics
【应用场景】: 3D data analysis and accuracy assessment
【研究设计】: clinical"
evaluation of an ai based segmentation model for mandibular fracture segmentation on cbct using volumetric and 2d slice based validation approaches,Evaluation of an AI-based segmentation model for mandibular fracture segmentation on CBCT using volumetric and 2D slice-based validation approaches.,BMC oral health,journalArticle,SUK2X4DR,INCLUDE,EXCLUDE,INCLUDE,Manual segmentation of mandibular fracture regions was performed on CBCT images by-slice by an oral and maxillofacial surgeon (I.A.) using 3D Slicer software (Slicer 5.8.0-win.amd 64).,3D Slicer,Oral and Maxillofacial Surgery,Image segmentation and 3D reconstruction,computational,"【判定】: INCLUDE
【证据】: Manual segmentation of mandibular fracture regions was performed on CBCT images by-slice by an oral and maxillofacial surgeon (I.A.) using 3D Slicer software (Slicer 5.8.0-win.amd 64).
【软件】: 3D Slicer
【专科】: Oral and Maxillofacial Surgery
【应用场景】: Image segmentation and 3D reconstruction
【研究设计】: computational"
comparison of the reproducibility of maxillary position transfer with a mechanical facebow and those with facial scanning and cone beam computed tomography based on a method of model orientation using anatomical landmarks,"Comparison of the reproducibility of maxillary position transfer with a mechanical facebow and those with facial scanning and cone beam computed  tomography, based on a method of model orientation using anatomical landmarks.",Journal of prosthodontics : official journal of the American College of Prosthodontists,journalArticle,NJJRVPS5,INCLUDE,INCLUDE,INCLUDE,"""The two facial models were imported into a 3D metrology software (Geomagic Control X v.2020.1; 3D Systems) as object file format (OBJ) files for coordinate system reconstruction and model orientation."" 以及 ""CBCT scans were acquired and converted to STL files from the digital imaging and communications in medicine (DICOM) files using Mimics Research software (Version 21.0; Materialize)""",Geomagic Control X; Mimics Research; Geomagic Wrap,Prosthodontics,3D data analysis and accuracy assessment,clinical,"【判定】: INCLUDE
【证据】: ""The two facial models were imported into a 3D metrology software (Geomagic Control X v.2020.1; 3D Systems) as object file format (OBJ) files for coordinate system reconstruction and model orientation."" 以及 ""CBCT scans were acquired and converted to STL files from the digital imaging and communications in medicine (DICOM) files using Mimics Research software (Version 21.0; Materialize)""
【软件】: Geomagic Control X; Mimics Research; Geomagic Wrap
【专科】: Prosthodontics
【应用场景】: 3D data analysis and accuracy assessment
【研究设计】: clinical"
does adding markers increase the accuracy and efficiency of intraoral scanning of complete dentures,Does adding markers increase the accuracy and efficiency of intraoral scanning of complete dentures?,JOURNAL OF PROSTHETIC DENTISTRY,journalArticle,92NITIHK,INCLUDE,EXCLUDE,INCLUDE,Segmented data were saved as STL files and imported into a software program (Geomagic Control X v2023.0.0; 3D Systems Corp) for 3D analysis.,Geomagic Control X,Prosthodontics,3D data analysis and accuracy assessment,in_vitro,"【判定】: INCLUDE
【证据】: Segmented data were saved as STL files and imported into a software program (Geomagic Control X v2023.0.0; 3D Systems Corp) for 3D analysis.
【软件】: Geomagic Control X
【专科】: Prosthodontics
【应用场景】: 3D data analysis and accuracy assessment
【研究设计】: in_vitro"
a finite element analysis of a dental implant with a conformal lattice structure a parametric exploration under occlusal loading,A finite element analysis of a dental implant with a conformal lattice structure: a parametric exploration under occlusal loading.,Biomedical physics & engineering express,journalArticle,DTQPUFEH,INCLUDE,EXCLUDE,INCLUDE,"""the porous structures were exported in STEP format and imported into ANSYS Workbench 2023 R1 for finite element preprocessing and analysis. Within the ANSYS environment, the procedures included material property assignment, contact definition (if applicable), mesh generation, application of boundary and loading conditions, and static structural analysis.""",ANSYS Workbench,Implantology,Biomechanical analysis and simulation,computational,"【判定】: INCLUDE
【证据】: ""the porous structures were exported in STEP format and imported into ANSYS Workbench 2023 R1 for finite element preprocessing and analysis. Within the ANSYS environment, the procedures included material property assignment, contact definition (if applicable), mesh generation, application of boundary and loading conditions, and static structural analysis.""
【软件】: ANSYS Workbench
【专科】: Implantology
【应用场景】: Biomechanical analysis and simulation
【研究设计】: computational"
evaluation of the accuracy trueness precision and processing time of different 3 dimensional cad software programs and algorithms for virtual cast alignment,"Evaluation of the accuracy (trueness, precision) and processing time of different 3-dimensional CAD software programs and algorithms for virtual cast alignment.",Journal of dentistry,journalArticle,9792KQV4,INCLUDE,EXCLUDE,INCLUDE,"""The tested software programs included Blender for Dental, BlueSkyPlan, Dental CAD App (Exocad), Medit Design, NemoSmile, and Meshmixer. Alignment accuracy (trueness and precision) and processing time were recorded using Python software (v3.8)."" 以及 ""Six different 3D CAD software programs were tested: B4D (Blender v.3.6.5...), ... and MSH (Meshmixer v.3.5.474; Autodesk, California, USA).""",Blender; Meshmixer; Python,Prosthodontics,3D data analysis and accuracy assessment,in_vitro,"【判定】: INCLUDE
【证据】: ""The tested software programs included Blender for Dental, BlueSkyPlan, Dental CAD App (Exocad), Medit Design, NemoSmile, and Meshmixer. Alignment accuracy (trueness and precision) and processing time were recorded using Python software (v3.8)."" 以及 ""Six different 3D CAD software programs were tested: B4D (Blender v.3.6.5...), ... and MSH (Meshmixer v.3.5.474; Autodesk, California, USA).""
【软件】: Blender; Meshmixer; Python
【专科】: Prosthodontics
【应用场景】: 3D data analysis and accuracy assessment
【研究设计】: in_vitro"
three dimensional printed hydroxyapatite bone substitutes designed by a novel periodic minimal surface algorithm are highly osteoconductive,Three-Dimensional Printed Hydroxyapatite Bone Substitutes Designed by a Novel Periodic Minimal Surface Algorithm Are Highly Osteoconductive,3D PRINTING AND ADDITIVE MANUFACTURING,journalArticle,UKZFIWZJ,,INCLUDE,INCLUDE,"""the same STL ﬁles of the ADMS models were imported into Magics software (V21; Materialise) where the support structures to the building platform were created using ''block type'' support.""",Magics,Oral and Maxillofacial Surgery,Digital design and manufacturing,in_vitro,"【判定】: INCLUDE
【证据】: ""the same STL ﬁles of the ADMS models were imported into Magics software (V21; Materialise) where the support structures to the building platform were created using ''block type'' support.""
【软件】: Magics
【专科】: Oral and Maxillofacial Surgery
【应用场景】: Digital design and manufacturing
【研究设计】: in_vitro"
deep learning driven segmentation of maxillary impacted canine on cone beam computed tomography images,Deep learning driven segmentation of maxillary impacted canine on cone beam computed tomography images,SCIENTIFIC REPORTS,journalArticle,PKJDLVCU,INCLUDE,EXCLUDE,INCLUDE,"""the surface-based analysis involved importing superimposed STL files of SS and AS to 3-matic software (Materialise NV, Leuven, Belgium), followed by automated part comparison analysis to calculate the root mean square (RMS) difference between both segmented models.""",3-matic,Orthodontics,3D data analysis and accuracy assessment,computational,"【判定】: INCLUDE
【证据】: ""the surface-based analysis involved importing superimposed STL files of SS and AS to 3-matic software (Materialise NV, Leuven, Belgium), followed by automated part comparison analysis to calculate the root mean square (RMS) difference between both segmented models.""
【软件】: 3-matic
【专科】: Orthodontics
【应用场景】: 3D data analysis and accuracy assessment
【研究设计】: computational"
a comparative study of bone remodeling around hydroxyapatite coated and novel radial functionally graded dental implants using finite element simulation,A comparative study of bone remodeling around hydroxyapatite-coated and novel radial functionally graded dental implants using finite element simulation,MEDICAL ENGINEERING & PHYSICS,journalArticle,K8IC6T9C,INCLUDE,EXCLUDE,INCLUDE,All the computer-aided design (CAD) models in this study were created by SolidWorks 2017. The assembled geometry was inserted into ANSYS version 17.2 for the FE analysis.,SolidWorks; ANSYS,Implantology,Biomechanical analysis and simulation,computational,"【判定】: INCLUDE
【证据】: All the computer-aided design (CAD) models in this study were created by SolidWorks 2017. The assembled geometry was inserted into ANSYS version 17.2 for the FE analysis.
【软件】: SolidWorks; ANSYS
【专科】: Implantology
【应用场景】: Biomechanical analysis and simulation
【研究设计】: computational"
instantaneous and markerless registration for mandible reconstruction robot with fibular holder,Instantaneous and Markerless Registration for Mandible Reconstruction Robot With Fibular Holder,IEEE Transactions on Medical Robotics and Bionics,journalArticle,YUGFZPB8,INCLUDE,EXCLUDE,INCLUDE,"""The scene of the V-shape mount clamping the fibula surface was created in SolidWorks 2022.""",SolidWorks,Oral and Maxillofacial Surgery,Surgical planning and precise implementation,computational,"【判定】: INCLUDE
【证据】: ""The scene of the V-shape mount clamping the fibula surface was created in SolidWorks 2022.""
【软件】: SolidWorks
【专科】: Oral and Maxillofacial Surgery
【应用场景】: Surgical planning and precise implementation
【研究设计】: computational"
traditional 2d and 3d workflows what is better for aesthetic rehabilitation of superior anterior teeth,"Traditional, 2D and 3D Workflows: What Is Better for Aesthetic Rehabilitation of Superior Anterior Teeth?",APPLIED SCIENCES-BASEL,journalArticle,WJH5GAGS,INCLUDE,EXCLUDE,INCLUDE,"The digital model was opened in Blender software® (version 2.90, Blender Foundation®, Amsterdam, The Nederlands), a free software package that was used to design a 3D digital wax-up.",Blender,Prosthodontics,Digital design and manufacturing,in_vitro,"【判定】: INCLUDE
【证据】: The digital model was opened in Blender software® (version 2.90, Blender Foundation®, Amsterdam, The Nederlands), a free software package that was used to design a 3D digital wax-up.
【软件】: Blender
【专科】: Prosthodontics
【应用场景】: Digital design and manufacturing
【研究设计】: in_vitro"
visualizing physiological sclerotic dentin via micro computed tomography a pilot study,Visualizing physiological sclerotic dentin via micro-computed tomography: A pilot study.,Imaging science in dentistry,journalArticle,JFGG5SRB,,INCLUDE,INCLUDE,"""volumetric analysis was performed on the root dentin region using the open-source software FIJI (ImageJ) (ver. 1.54k, National Institutes of Health, Bethesda, USA)""；""Raw scan images were processed using the open-source software Fiji (ImageJ) (ver. 1.54k, National Institutes of Health, USA)""；""Further analysis relating to 3D representation of the physiological sclerotic dentin was conducted using the FIJI (ImageJ) 3D Manager in the 3DSuite plugin""",FIJI (ImageJ),Oral and Maxillofacial Radiology,Image segmentation and 3D reconstruction,in_vitro,"【判定】: INCLUDE
【证据】: ""volumetric analysis was performed on the root dentin region using the open-source software FIJI (ImageJ) (ver. 1.54k, National Institutes of Health, Bethesda, USA)""；""Raw scan images were processed using the open-source software Fiji (ImageJ) (ver. 1.54k, National Institutes of Health, USA)""；""Further analysis relating to 3D representation of the physiological sclerotic dentin was conducted using the FIJI (ImageJ) 3D Manager in the 3DSuite plugin""
【软件】: FIJI (ImageJ)
【专科】: Oral and Maxillofacial Radiology
【应用场景】: Image segmentation and 3D reconstruction
【研究设计】: in_vitro"
an innovative tooth on chip microfluidic device emulating the structure and physiology of the dental pulp tissue,An Innovative “Tooth-On-Chip” Microfluidic Device Emulating the Structure and Physiology of the Dental Pulp Tissue,ADVANCED HEALTHCARE MATERIALS,journalArticle,CQM5FTNI,INCLUDE,INCLUDE,INCLUDE,"The “tooth-on-chip” mi- croﬂuidic device layout was drawn using computer-aided design (CAD) software (AutoCAD, AutoDesk Inc.). / Computations were performed using COMSOL Multiphysics (COMSOL Inc.).",AutoCAD; COMSOL Multiphysics,Endodontics,Digital design and manufacturing,in_vitro,"【判定】: INCLUDE
【证据】: The “tooth-on-chip” mi- croﬂuidic device layout was drawn using computer-aided design (CAD) software (AutoCAD, AutoDesk Inc.). / Computations were performed using COMSOL Multiphysics (COMSOL Inc.).
【软件】: AutoCAD; COMSOL Multiphysics
【专科】: Endodontics
【应用场景】: Digital design and manufacturing
【研究设计】: in_vitro"
novel design of additive manufactured hollow porous implants,Novel design of additive manufactured hollow porous implants.,Dental materials : official publication of the Academy of Dental Materials,journalArticle,4IAWUJZW,INCLUDE,EXCLUDE,INCLUDE,"The three-dimensional ﬁnite element model was built by ﬁnite element software ANSYS for the ﬁrst-stage mechanical calculation. ... The implant, cortical bone, and cancellous bone were then meshed by the SOLID185 element type provided by ANSYS.",ANSYS,Implantology,Biomechanical analysis and simulation,computational,"【判定】: INCLUDE
【证据】: The three-dimensional ﬁnite element model was built by ﬁnite element software ANSYS for the ﬁrst-stage mechanical calculation. ... The implant, cortical bone, and cancellous bone were then meshed by the SOLID185 element type provided by ANSYS.
【软件】: ANSYS
【专科】: Implantology
【应用场景】: Biomechanical analysis and simulation
【研究设计】: computational"
upper airway segmentation based on the attention mechanism of weak feature regions,Upper Airway Segmentation Based on the Attention Mechanism of Weak Feature Regions,IEEE Access,journalArticle,QDLVNNQA,INCLUDE,EXCLUDE,INCLUDE,"""After acquiring the CBCT data, and then was read into MIMICS 21.0 (Materialism's Interactive Medical Image Control System) software. After that, the models were reorientated in three planes""",Mimics,Orthodontics,Image segmentation and 3D reconstruction,computational,"【判定】: INCLUDE
【证据】: ""After acquiring the CBCT data, and then was read into MIMICS 21.0 (Materialism's Interactive Medical Image Control System) software. After that, the models were reorientated in three planes""
【软件】: Mimics
【专科】: Orthodontics
【应用场景】: Image segmentation and 3D reconstruction
【研究设计】: computational"
spontaneous dental implant macro migration in low density bone an 8 year case report,Spontaneous dental implant macro-migration in low-density bone: An 8-year case report.,Clinical advances in periodontics,journalArticle,BBL5YC5J,,INCLUDE,INCLUDE,"radiographs were analyzed using open-source software (Fiji/ImageJ, version 1.53, National Institutes of Health, Bethesda, MD, USA). Digital image registration was performed using the Scale-Invariant Feature Transform (SIFT) algorithm—a high-precision feature-matching technique within the Linear Stack Alignment plugin",Fiji/ImageJ,Implantology,3D data analysis and accuracy assessment,case_report,"【判定】: INCLUDE
【证据】: radiographs were analyzed using open-source software (Fiji/ImageJ, version 1.53, National Institutes of Health, Bethesda, MD, USA). Digital image registration was performed using the Scale-Invariant Feature Transform (SIFT) algorithm—a high-precision feature-matching technique within the Linear Stack Alignment plugin
【软件】: Fiji/ImageJ
【专科】: Implantology
【应用场景】: 3D data analysis and accuracy assessment
【研究设计】: case_report"
effect of platform design of dental implant abutment on loosening and fatigue performance,Effect of platform design of dental implant abutment on loosening and fatigue performance,ENGINEERING FAILURE ANALYSIS,journalArticle,WS7EVNAT,INCLUDE,INCLUDE,INCLUDE,"a 3D model was created using SolidWorks software... Subsequently, the 3D model and its corresponding material properties were imported into Ansys Workbench software for FEA.",SolidWorks; ANSYS Workbench,Implantology,Biomechanical analysis and simulation,computational,"【判定】: INCLUDE
【证据】: a 3D model was created using SolidWorks software... Subsequently, the 3D model and its corresponding material properties were imported into Ansys Workbench software for FEA.
【软件】: SolidWorks; ANSYS Workbench
【专科】: Implantology
【应用场景】: Biomechanical analysis and simulation
【研究设计】: computational"
clinical evaluation of a one piece polyetheretherketone removable partial denture fabricated using a novel digital workflow a self controlled clinical trial,Clinical evaluation of a one-piece polyetheretherketone removable partial denture fabricated using a novel digital workflow: A self-controlled clinical trial,JOURNAL OF PROSTHODONTICS-IMPLANT ESTHETIC AND RECONSTRUCTIVE DENTISTRY,journalArticle,D9FTATP8,INCLUDE,EXCLUDE,INCLUDE,"""the thicknesses of the denture base and major connector were thickened to meet the resistance requirements of PEEK material in the reverse engineering software program (Geomagic ... Studio 2013, Raindrop Geomagic Inc., NC, USA)""",Geomagic Studio,Prosthodontics,Digital design and manufacturing,clinical,"【判定】: INCLUDE
【证据】: ""the thicknesses of the denture base and major connector were thickened to meet the resistance requirements of PEEK material in the reverse engineering software program (Geomagic ... Studio 2013, Raindrop Geomagic Inc., NC, USA)""
【软件】: Geomagic Studio
【专科】: Prosthodontics
【应用场景】: Digital design and manufacturing
【研究设计】: clinical"
effect of preparation design and scan pattern on the accuracy of intraoral scans for complete arch laminate veneers under simulated intraoral variables,Effect of preparation design and scan pattern on the accuracy of intraoral scans for complete arch laminate veneers under simulated intraoral variables,JOURNAL OF ESTHETIC AND RESTORATIVE DENTISTRY,journalArticle,X6ATHIVM,INCLUDE,INCLUDE,INCLUDE,"Assessment of accuracy was conducted with a 3D software analysis program (Geomagic Control X 2022.1; 3D Systems, Rock Hill, USA).",Geomagic Control X,Prosthodontics,3D data analysis and accuracy assessment,in_vitro,"【判定】: INCLUDE
【证据】: Assessment of accuracy was conducted with a 3D software analysis program (Geomagic Control X 2022.1; 3D Systems, Rock Hill, USA).
【软件】: Geomagic Control X
【专科】: Prosthodontics
【应用场景】: 3D data analysis and accuracy assessment
【研究设计】: in_vitro"
precision of a hand held 3d surface scanner in dry and wet skeletal surfaces an ex vivo study,Precision of a Hand-Held 3D Surface Scanner in Dry and Wet Skeletal Surfaces: An Ex Vivo Study,DIAGNOSTICS,journalArticle,CWY7AMZN,,INCLUDE,EXCLUDE,"证据片段中仅出现扫描仪硬件 ""Artec Space Spider"" 及其配套软件 ""Artec Studio 12""，未出现任何具名的第三方非牙科3D软件（如 Mimics、3D Slicer、Geomagic 等）被本研究用于3D数据处理、分析、建模或测量的表述；Artec Studio 为扫描仪厂商配套软件，不属于纳入标准所列的第三方非牙科3D软件。",-,-,-,-,"【判定】: EXCLUDE
【证据】: 证据片段中仅出现扫描仪硬件 ""Artec Space Spider"" 及其配套软件 ""Artec Studio 12""，未出现任何具名的第三方非牙科3D软件（如 Mimics、3D Slicer、Geomagic 等）被本研究用于3D数据处理、分析、建模或测量的表述；Artec Studio 为扫描仪厂商配套软件，不属于纳入标准所列的第三方非牙科3D软件。
【软件】: -
【专科】: -
【应用场景】: -
【研究设计】: -"
estimating reference shape model for personalized surgical reconstruction of craniomaxillofacial defects,Estimating Reference Shape Model for Personalized Surgical Reconstruction of Craniomaxillofacial Defects,IEEE Transactions on Biomedical Engineering,journalArticle,VTPR5HZL,INCLUDE,EXCLUDE,INCLUDE,The simulation was performed by the surgeon using the open-source Blender software,Blender,Oral and Maxillofacial Surgery,Surgical planning and precise implementation,computational,"【判定】: INCLUDE
【证据】: The simulation was performed by the surgeon using the open-source Blender software
【软件】: Blender
【专科】: Oral and Maxillofacial Surgery
【应用场景】: Surgical planning and precise implementation
【研究设计】: computational"
fractured full arch tooth supported zirconia bridge thin design surface damage and excessive cement layer thickness,"Fractured Full-Arch Tooth-Supported Zirconia Bridge: Thin Design, Surface Damage, and Excessive Cement Layer Thickness.",Reports (MDPI),journalArticle,JANGC8LD,INCLUDE,INCLUDE,INCLUDE,"The digital file was imported into a Computer-Aided Design (CAD) software (Rhinoceros, Version 5.0, Robert McNeel & Associates, 2012), where a detailed inspection of the bridge design was conducted. Perpendicular cross-sectional cut planes were created through each abutment tooth to evaluate the preparation geometry and thickness.",Rhinoceros,Prosthodontics,3D data analysis and accuracy assessment,case_report,"【判定】: INCLUDE
【证据】: The digital file was imported into a Computer-Aided Design (CAD) software (Rhinoceros, Version 5.0, Robert McNeel & Associates, 2012), where a detailed inspection of the bridge design was conducted. Perpendicular cross-sectional cut planes were created through each abutment tooth to evaluate the preparation geometry and thickness.
【软件】: Rhinoceros
【专科】: Prosthodontics
【应用场景】: 3D data analysis and accuracy assessment
【研究设计】: case_report"
influence of transmucosal contour on peri implant soft tissue dimensions a cross sectional study in posterior single tooth implants,Influence of Transmucosal Contour on Peri-Implant Soft Tissue Dimensions: A Cross-Sectional Study in Posterior Single-Tooth Implants.,Journal of esthetic and restorative dentistry : official publication of the American Academy of Esthetic Dentistry ... [et al.],journalArticle,WMEDMW72,INCLUDE,INCLUDE,INCLUDE,"Measurements and analyses were conducted using a CAD program (Geomagic Control X; 3D Systems, SC, USA) capable of three-dimensional analysis in Stereo Lithography (STL) file format. ... CAD software (AutoCAD 2025; Autodesk, CA, USA) was used to measure the crown areas (ACr) and soft tissue areas (ASt).",Geomagic Control X; AutoCAD,Implantology,3D data analysis and accuracy assessment,clinical,"【判定】: INCLUDE
【证据】: Measurements and analyses were conducted using a CAD program (Geomagic Control X; 3D Systems, SC, USA) capable of three-dimensional analysis in Stereo Lithography (STL) file format. ... CAD software (AutoCAD 2025; Autodesk, CA, USA) was used to measure the crown areas (ACr) and soft tissue areas (ASt).
【软件】: Geomagic Control X; AutoCAD
【专科】: Implantology
【应用场景】: 3D data analysis and accuracy assessment
【研究设计】: clinical"
the link between abutment configuration and marginal bone loss in subcrestally placed posterior implant supported restorations,The link between abutment configuration and marginal bone loss in subcrestally placed posterior implant-supported restorations,JOURNAL OF PROSTHETIC DENTISTRY,journalArticle,JILIPTM5,INCLUDE,INCLUDE,INCLUDE,Marginal bone levels were assessed by measuring the distance between the implant shoulder and the first bone-to-implant contact using a CAD program (AutoCAD 2024; Autodesk).,AutoCAD,Implantology,3D data analysis and accuracy assessment,clinical,"【判定】: INCLUDE
【证据】: Marginal bone levels were assessed by measuring the distance between the implant shoulder and the first bone-to-implant contact using a CAD program (AutoCAD 2024; Autodesk).
【软件】: AutoCAD
【专科】: Implantology
【应用场景】: 3D data analysis and accuracy assessment
【研究设计】: clinical"
predicting site specific alveolar bone remodeling in class iii decompensation a preliminary study based on a data driven rbf framework,Predicting site-specific alveolar bone remodeling in class III decompensation: a preliminary study based on a data-driven RBF framework.,BMC oral health,journalArticle,WY9YT5C5,INCLUDE,EXCLUDE,INCLUDE,"The acquired Digital Imaging and Communications in Medicine (DICOM) datasets were reconstructed in three dimensions using Mimics software (version 21.0; Materialise Mimics Medical, Leuven, Belgium). / After importing the DICOM datasets into Mimics software, grayscale thresholds were adjusted...",Mimics,Orthodontics,Image segmentation and 3D reconstruction,computational,"【判定】: INCLUDE
【证据】: The acquired Digital Imaging and Communications in Medicine (DICOM) datasets were reconstructed in three dimensions using Mimics software (version 21.0; Materialise Mimics Medical, Leuven, Belgium). / After importing the DICOM datasets into Mimics software, grayscale thresholds were adjusted...
【软件】: Mimics
【专科】: Orthodontics
【应用场景】: Image segmentation and 3D reconstruction
【研究设计】: computational"
toothbrushing monitoring using an rgb d camera and smart toothbrush integrated imu,Toothbrushing Monitoring Using an RGB-D Camera and Smart Toothbrush-Integrated IMU,IEEE Sensors Journal,journalArticle,HYRULWD6,,INCLUDE,EXCLUDE,"证据片段中出现的软件/工具名（如 MediaPipe face mesh model）属于自研算法流程中的库调用，且片段中未出现任何具名第三方非牙科三维（3D）软件（如 Mimics、3D Slicer、Geomagic、MATLAB 等）被本研究用于3D数据处理、分析、建模或测量的表述；片段中 ""we utilize MediaPipe's face mesh model"" 用于人脸关键点检测，并非用于3D数据处理/建模/测量的第三方非牙科3D软件。",-,-,-,-,"【判定】: EXCLUDE
【证据】: 证据片段中出现的软件/工具名（如 MediaPipe face mesh model）属于自研算法流程中的库调用，且片段中未出现任何具名第三方非牙科三维（3D）软件（如 Mimics、3D Slicer、Geomagic、MATLAB 等）被本研究用于3D数据处理、分析、建模或测量的表述；片段中 ""we utilize MediaPipe's face mesh model"" 用于人脸关键点检测，并非用于3D数据处理/建模/测量的第三方非牙科3D软件。
【软件】: -
【专科】: -
【应用场景】: -
【研究设计】: -"
objective characterization of dental occlusal and fissure morphologies method development and exploratory analysis,Objective characterization of dental occlusal and fissure morphologies: Method development and exploratory analysis,ARCHIVES OF ORAL BIOLOGY,journalArticle,LSHIDCRW,INCLUDE,INCLUDE,INCLUDE,"""were processed using MeshLab (Dolphin Imaging and Management Solutions, Chatsworth, CA, USA) and Geomagic Wrap (ISTI-CNR, Rome, Italy)""；""Full-arch, intraoral 3D scans (Standard Triangle Language format) were imported into MeshLab""；""Cropping tools within Geomagic Wrap software were used to remove all scan""",MeshLab; Geomagic Wrap,Orthodontics,3D data analysis and accuracy assessment,clinical,"【判定】: INCLUDE
【证据】: ""were processed using MeshLab (Dolphin Imaging and Management Solutions, Chatsworth, CA, USA) and Geomagic Wrap (ISTI-CNR, Rome, Italy)""；""Full-arch, intraoral 3D scans (Standard Triangle Language format) were imported into MeshLab""；""Cropping tools within Geomagic Wrap software were used to remove all scan""
【软件】: MeshLab; Geomagic Wrap
【专科】: Orthodontics
【应用场景】: 3D data analysis and accuracy assessment
【研究设计】: clinical"
effect of peri implant bone resorption on mechanical stress in the implant body in vivo measured load based finite element analysis,Effect of peri-implant bone resorption on mechanical stress in the implant body: In vivo measured load-based finite element analysis,JOURNAL OF ORAL REHABILITATION,journalArticle,NJ5KK25B,INCLUDE,EXCLUDE,INCLUDE,The 3D models of the implant components and simplified bony housing were created by using Computer-Aided Design software (Solidworks; Solidworks Corp.) for this FEA,SolidWorks,Implantology,Biomechanical analysis and simulation,computational,"【判定】: INCLUDE
【证据】: The 3D models of the implant components and simplified bony housing were created by using Computer-Aided Design software (Solidworks; Solidworks Corp.) for this FEA
【软件】: SolidWorks
【专科】: Implantology
【应用场景】: Biomechanical analysis and simulation
【研究设计】: computational"
accuracy and generalizability of an open source deep learning model for facial bone segmentation on ct and cbct scans an ex vivo study,Accuracy and generalizability of an open-source deep learning model for facial bone segmentation on CT and CBCT scans: An ex vivo study.,Journal of dentistry,journalArticle,W32UUZHY,INCLUDE,EXCLUDE,INCLUDE,"All tomographic DICOM datasets were converted to Neuroimaging Informatics Technology Initiative (NIfTI) format using ITK-Snap software (v. 4.0.1, http://www.itksnap.org/)",ITK-SNAP,Orthodontics,Image segmentation and 3D reconstruction,in_vitro,"【判定】: INCLUDE
【证据】: All tomographic DICOM datasets were converted to Neuroimaging Informatics Technology Initiative (NIfTI) format using ITK-Snap software (v. 4.0.1, http://www.itksnap.org/)
【软件】: ITK-SNAP
【专科】: Orthodontics
【应用场景】: Image segmentation and 3D reconstruction
【研究设计】: in_vitro"
development of an automatic computer program to determine the optimal dental implant size and position for fibula free flap surgery,Development of an Automatic Computer Program to Determine the Optimal Dental Implant Size and Position for Fibula Free Flap Surgery.,Craniomaxillofacial trauma & reconstruction,journalArticle,7M8ERVJ3,INCLUDE,EXCLUDE,INCLUDE,"""A customized computer program was developed using MATLAB.""",MATLAB,Oral and Maxillofacial Surgery,Surgical planning and precise implementation,computational,"【判定】: INCLUDE
【证据】: ""A customized computer program was developed using MATLAB.""
【软件】: MATLAB
【专科】: Oral and Maxillofacial Surgery
【应用场景】: Surgical planning and precise implementation
【研究设计】: computational"
influence of different education approaches on the implantation performance of dental practitioners in aesthetic zone,Influence of different education approaches on the implantation performance of dental practitioners in aesthetic zone.,Journal of dental education,journalArticle,ZPHWMMKX,INCLUDE,INCLUDE,INCLUDE,"the virtual surgical model was superimposed with the virtual master model by using 3D analysis software (Geomagic Studio, Raindrop, USA) to complete the position comparison of the inserted and planned implant.",Geomagic Studio,Implantology,3D data analysis and accuracy assessment,educational,"【判定】: INCLUDE
【证据】: the virtual surgical model was superimposed with the virtual master model by using 3D analysis software (Geomagic Studio, Raindrop, USA) to complete the position comparison of the inserted and planned implant.
【软件】: Geomagic Studio
【专科】: Implantology
【应用场景】: 3D data analysis and accuracy assessment
【研究设计】: educational"
biomechanical effect of implant thickness and screw diameter on cfr peek subperiosteal implants a three dimensional finite element analysis,Biomechanical effect of implant thickness and screw diameter on CFR-PEEK subperiosteal implants: a three-dimensional finite element analysis,SCIENTIFIC REPORTS,journalArticle,FIMEVJK3,INCLUDE,EXCLUDE,INCLUDE,"""CT data of the maxilla were segmented using 3D Slicer software... The model was subsequently imported into Blender software... for refinement""; ""the evaluated subperiosteal implant systems were three-dimensionally designed using Blender software""; ""mesh interfaces were aligned and optimized using ALTAIR HyperMesh software""",3D Slicer; Blender; ALTAIR HyperMesh,Implantology,Biomechanical analysis and simulation,computational,"【判定】: INCLUDE
【证据】: ""CT data of the maxilla were segmented using 3D Slicer software... The model was subsequently imported into Blender software... for refinement""; ""the evaluated subperiosteal implant systems were three-dimensionally designed using Blender software""; ""mesh interfaces were aligned and optimized using ALTAIR HyperMesh software""
【软件】: 3D Slicer; Blender; ALTAIR HyperMesh
【专科】: Implantology
【应用场景】: Biomechanical analysis and simulation
【研究设计】: computational"
a digital workflow for pair matching of maxillary anterior teeth using a 3d segmentation technique for esthetic implant restorations,A digital workflow for pair matching of maxillary anterior teeth using a 3D segmentation technique for esthetic implant restorations,SCIENTIFIC REPORTS,journalArticle,MZH3CXYR,INCLUDE,EXCLUDE,INCLUDE,"""By using STL data segmentation software (3D Slicer, Version 4.10.2; Surgical Planning Laboratory, Boston, MA, USA), the anatomies of interest (crown and emergence profile) in the DICOM images were segmented, and then the data were exported to STL files"" ; ""the HD ... was measured using MeshLab software (ISTI-CNR, Pisa, Italy)""",3D Slicer; MeshLab,Prosthodontics,Image segmentation and 3D reconstruction,computational,"【判定】: INCLUDE
【证据】: ""By using STL data segmentation software (3D Slicer, Version 4.10.2; Surgical Planning Laboratory, Boston, MA, USA), the anatomies of interest (crown and emergence profile) in the DICOM images were segmented, and then the data were exported to STL files"" ; ""the HD ... was measured using MeshLab software (ISTI-CNR, Pisa, Italy)""
【软件】: 3D Slicer; MeshLab
【专科】: Prosthodontics
【应用场景】: Image segmentation and 3D reconstruction
【研究设计】: computational"
dynamic navigation for prosthetically driven zygomatic implant placement in extensive maxillary defects results of a prospective case series,Dynamic navigation for prosthetically driven zygomatic implant placement in extensive maxillary defects: Results of a prospective case series,CLINICAL IMPLANT DENTISTRY AND RELATED RESEARCH,journalArticle,JYJSMM4M,INCLUDE,EXCLUDE,INCLUDE,"""data including the precise position of the zygomatic implant in the zygomatic bone and implant length were exported as STL data and imported into the planning software of a commercially available navigation system (iPlan Navigator, BrainLAB AG, Heimstetten, Germany)""",iPlan Navigator (BrainLAB),Oral and Maxillofacial Surgery,Surgical planning and precise implementation,clinical,"【判定】: INCLUDE
【证据】: ""data including the precise position of the zygomatic implant in the zygomatic bone and implant length were exported as STL data and imported into the planning software of a commercially available navigation system (iPlan Navigator, BrainLAB AG, Heimstetten, Germany)""
【软件】: iPlan Navigator (BrainLAB)
【专科】: Oral and Maxillofacial Surgery
【应用场景】: Surgical planning and precise implementation
【研究设计】: clinical"
influence of intraoral scanners operators and data processing on dimensional accuracy of dental casts for unsupervised clinical machine learning an in vitro comparative study,"Influence of Intraoral Scanners, Operators, and Data Processing on Dimensional Accuracy of Dental Casts for Unsupervised Clinical Machine Learning: An In Vitro  Comparative Study.",International journal of dentistry,journalArticle,QNT8ENQE,INCLUDE,INCLUDE,INCLUDE,"""a new dataset was generated by segmenting the dental arch from the base and extruding the native scan ﬁles to a 0.5 mm inner thick- ness against the “normal” axis in CAD (Meshmixer; Auto- desk Inc.)"" 及 ""The augmentation process and the list of commands that provided uniform extrusion in Meshmixer: “select” all > “extrude −0.5 mm” > “extrude along normal axis.”""",Meshmixer,Prosthodontics,Digital design and manufacturing,in_vitro,"【判定】: INCLUDE
【证据】: ""a new dataset was generated by segmenting the dental arch from the base and extruding the native scan ﬁles to a 0.5 mm inner thick- ness against the “normal” axis in CAD (Meshmixer; Auto- desk Inc.)"" 及 ""The augmentation process and the list of commands that provided uniform extrusion in Meshmixer: “select” all > “extrude −0.5 mm” > “extrude along normal axis.”""
【软件】: Meshmixer
【专科】: Prosthodontics
【应用场景】: Digital design and manufacturing
【研究设计】: in_vitro"
clinical factors influencing implant positioning by guided surgery using a nonmetal sleeve template in the partially edentulous ridge multiple regression analysis of a prospective cohort,Clinical factors influencing implant positioning by guided surgery using a nonmetal sleeve template in the partially edentulous ridge: Multiple regression analysis of a prospective cohort,CLINICAL ORAL IMPLANTS RESEARCH,journalArticle,XUN6KXA3,INCLUDE,INCLUDE,INCLUDE,"Preoperative and postoperative data sets were loaded in three-dimensional inspection software (Geomagic Verify, 3D Systems)",Geomagic Verify,Implantology,3D data analysis and accuracy assessment,clinical,"【判定】: INCLUDE
【证据】: Preoperative and postoperative data sets were loaded in three-dimensional inspection software (Geomagic Verify, 3D Systems)
【软件】: Geomagic Verify
【专科】: Implantology
【应用场景】: 3D data analysis and accuracy assessment
【研究设计】: clinical"
dentalarch ai based arch shape detection in orthodontics,DentalArch: AI-Based Arch Shape Detection in Orthodontics,APPLIED SCIENCES-BASEL,journalArticle,EZJLMVRU,INCLUDE,INCLUDE,INCLUDE,"""Three trained evaluators then measured mesiodistal and arch widths using MeshLab."" 及 ""For the purposes of this study, the “measuring tool” feature of MeshLab was utilized to conduct manual assessments of 18 parameters on dental models""",MeshLab,Orthodontics,3D data analysis and accuracy assessment,computational,"【判定】: INCLUDE
【证据】: ""Three trained evaluators then measured mesiodistal and arch widths using MeshLab."" 及 ""For the purposes of this study, the “measuring tool” feature of MeshLab was utilized to conduct manual assessments of 18 parameters on dental models""
【软件】: MeshLab
【专科】: Orthodontics
【应用场景】: 3D data analysis and accuracy assessment
【研究设计】: computational"
fit and retention of complete denture bases part i e conventional versus cad cam methods a clinical controlled crossover study,Fit and retention of complete denture bases: Part I e Conventional versus CAD-CAM methods: A clinical controlled crossover study,JOURNAL OF PROSTHETIC DENTISTRY,journalArticle,P44D7LA4,INCLUDE,EXCLUDE,INCLUDE,"""All bases were scanned for a second time, and the ﬁles were imported into a comparison software program (Geomagic Control X 2020; 3D systems) for analysis of ﬁt""",Geomagic Control X,Prosthodontics,3D data analysis and accuracy assessment,clinical,"【判定】: INCLUDE
【证据】: ""All bases were scanned for a second time, and the ﬁles were imported into a comparison software program (Geomagic Control X 2020; 3D systems) for analysis of ﬁt""
【软件】: Geomagic Control X
【专科】: Prosthodontics
【应用场景】: 3D data analysis and accuracy assessment
【研究设计】: clinical"
influence of exposure protocol voxel size and artifact removal algorithm on the trueness of segmentation utilizing an artificial intelligence based system,"Influence of exposure protocol, voxel size, and artifact removal algorithm on the trueness of segmentation utilizing an artificial-intelligence-based system",JOURNAL OF PROSTHODONTICS-IMPLANT ESTHETIC AND RECONSTRUCTIVE DENTISTRY,journalArticle,7VE5J5DD,INCLUDE,EXCLUDE,INCLUDE,"""Each mandible's surface scan STL file was imported into CAD-CAM software (Autodesk Meshmixer; Autodesk Inc, San Francisco, CA)."" 及 ""A CAD software program (Geomagic Design X; 3D Systems Inc, Rock Hill, SC) was used for 3D model alignment and deviation measurement.""",Autodesk Meshmixer; Geomagic Design X,Oral and Maxillofacial Radiology,3D data analysis and accuracy assessment,in_vitro,"【判定】: INCLUDE
【证据】: ""Each mandible's surface scan STL file was imported into CAD-CAM software (Autodesk Meshmixer; Autodesk Inc, San Francisco, CA)."" 及 ""A CAD software program (Geomagic Design X; 3D Systems Inc, Rock Hill, SC) was used for 3D model alignment and deviation measurement.""
【软件】: Autodesk Meshmixer; Geomagic Design X
【专科】: Oral and Maxillofacial Radiology
【应用场景】: 3D data analysis and accuracy assessment
【研究设计】: in_vitro"
custom design of a temporomandibular joint prosthesis a kinematic approach evaluated by finite element analysis,Custom design of a temporomandibular joint prosthesis: A kinematic approach evaluated by finite element analysis,JOURNAL OF PROSTHETIC DENTISTRY,journalArticle,AN2LBDKB,INCLUDE,EXCLUDE,INCLUDE,"""a software program (Mimics; Materialise) was used to delineate the anatomic area of the right glenoid fossa"" 及 ""Another software program (Rhinoceros v7; Robert McNeel Associates) was then used to measure the distances"" 及 ""Only 70% of the total muscle force was modeled in a finite element software program (ANSYS 2023 R2; Ansys Inc)""",Mimics; Rhinoceros; ANSYS,Oral and Maxillofacial Surgery,Biomechanical analysis and simulation,computational,"【判定】: INCLUDE
【证据】: ""a software program (Mimics; Materialise) was used to delineate the anatomic area of the right glenoid fossa"" 及 ""Another software program (Rhinoceros v7; Robert McNeel Associates) was then used to measure the distances"" 及 ""Only 70% of the total muscle force was modeled in a finite element software program (ANSYS 2023 R2; Ansys Inc)""
【软件】: Mimics; Rhinoceros; ANSYS
【专科】: Oral and Maxillofacial Surgery
【应用场景】: Biomechanical analysis and simulation
【研究设计】: computational"
application of temporary patient specific plate in head and neck osteocutaneous free flap reconstruction a prospective pilot study,Application of temporary patient-specific plate in head and neck osteocutaneous free flap reconstruction: a prospective pilot study.,Frontiers in oral health,journalArticle,IHFWL9JR,INCLUDE,EXCLUDE,INCLUDE,"Virtual surgical planning was then performed using ProPlan CMF 2.0 software (Materialise, Leuven, Belgium), followed by in-house design of 3D-printed surgical guides and TPSPs using 3-matic 13.0 software (Materialise). / The planned and immediate postoperative models were then superimposed onto the best-fit contralateral jaw using 3-matic 13.0 software.",3-matic,Oral and Maxillofacial Surgery,Surgical planning and precise implementation,clinical,"【判定】: INCLUDE
【证据】: Virtual surgical planning was then performed using ProPlan CMF 2.0 software (Materialise, Leuven, Belgium), followed by in-house design of 3D-printed surgical guides and TPSPs using 3-matic 13.0 software (Materialise). / The planned and immediate postoperative models were then superimposed onto the best-fit contralateral jaw using 3-matic 13.0 software.
【软件】: 3-matic
【专科】: Oral and Maxillofacial Surgery
【应用场景】: Surgical planning and precise implementation
【研究设计】: clinical"
electromagnetic navigation in mandibular reconstruction using autologous grafts a color coded assistance for precise positioning of bone segments,Electromagnetic Navigation in Mandibular Reconstruction Using Autologous Grafts: A Color-Coded Assistance for Precise Positioning of Bone Segments.,Computational and structural biotechnology journal,journalArticle,TYANEIC4,INCLUDE,EXCLUDE,INCLUDE,"Bone surfaces are segmented using Mimics (Materialise NV, Leuven, Belgium).",Mimics,Oral and Maxillofacial Surgery,Image segmentation and 3D reconstruction,clinical,"【判定】: INCLUDE
【证据】: Bone surfaces are segmented using Mimics (Materialise NV, Leuven, Belgium).
【软件】: Mimics
【专科】: Oral and Maxillofacial Surgery
【应用场景】: Image segmentation and 3D reconstruction
【研究设计】: clinical"
optimization of resin printing parameters for improved surface roughness using metaheuristic algorithms a multifaceted approach,Optimization of Resin Printing Parameters for Improved Surface Roughness Using Metaheuristic Algorithms: A Multifaceted Approach,JOURNAL OF MATERIALS ENGINEERING AND PERFORMANCE,journalArticle,QRK3VBMA,,INCLUDE,INCLUDE,"""The model is initially created using Fusion 360, a CAD software, and then stored in standard tessellation language (stl) format""",Fusion 360,Prosthodontics,Digital design and manufacturing,in_vitro,"【判定】: INCLUDE
【证据】: ""The model is initially created using Fusion 360, a CAD software, and then stored in standard tessellation language (stl) format""
【软件】: Fusion 360
【专科】: Prosthodontics
【应用场景】: Digital design and manufacturing
【研究设计】: in_vitro"
experimental study on dimensional variations of 3d printed dental models based on printing orientation,Experimental study on dimensional variations of 3D printed dental models based on printing orientation.,Clinical case reports,journalArticle,JH94FFYH,INCLUDE,EXCLUDE,INCLUDE,"""Geomagic Control X software (3D Systems, Rock Hill, South Carolina, USA) was used."" 以及 ""The 3D file (stl) underwent importation into the Phrozen 3D Slice Software (Phrozen, Taiwan) for slicing""",Geomagic Control X,Prosthodontics,3D data analysis and accuracy assessment,in_vitro,"【判定】: INCLUDE
【证据】: ""Geomagic Control X software (3D Systems, Rock Hill, South Carolina, USA) was used."" 以及 ""The 3D file (stl) underwent importation into the Phrozen 3D Slice Software (Phrozen, Taiwan) for slicing""
【软件】: Geomagic Control X
【专科】: Prosthodontics
【应用场景】: 3D data analysis and accuracy assessment
【研究设计】: in_vitro"
automated micro ct quantification of clear aligner fit a pilot comparison of manufacturing processes,Automated micro-CT quantification of clear aligner fit: a pilot comparison of manufacturing processes.,BMC oral health,journalArticle,LH8UPF46,INCLUDE,EXCLUDE,INCLUDE,"Manual segmentation was performed using Mimics (version 21.0, Materialise, Leuven, Belgium) with operators blinded to automated algorithm results and each other's measurements.",Mimics,Orthodontics,Image segmentation and 3D reconstruction,in_vitro,"【判定】: INCLUDE
【证据】: Manual segmentation was performed using Mimics (version 21.0, Materialise, Leuven, Belgium) with operators blinded to automated algorithm results and each other's measurements.
【软件】: Mimics
【专科】: Orthodontics
【应用场景】: Image segmentation and 3D reconstruction
【研究设计】: in_vitro"
a smart projective imaging and navigation system for oral and maxillofacial surgery,A Smart Projective Imaging and Navigation System for Oral and Maxillofacial Surgery,IEEE Transactions on Biomedical Engineering,journalArticle,EW9LCFMA,INCLUDE,EXCLUDE,INCLUDE,"""The platform is built on Blender 4.3, and the entire process is completely automatic.""",Blender,Oral and Maxillofacial Surgery,Image segmentation and 3D reconstruction,computational,"【判定】: INCLUDE
【证据】: ""The platform is built on Blender 4.3, and the entire process is completely automatic.""
【软件】: Blender
【专科】: Oral and Maxillofacial Surgery
【应用场景】: Image segmentation and 3D reconstruction
【研究设计】: computational"
zirconia endocrown with intracanal extension and zi posts on maxillary molars in silico study,Zirconia endocrown with intracanal extension and zi posts on maxillary molars: in silico study,QUINTESSENCE INTERNATIONAL,journalArticle,KY63Y6R9,INCLUDE,INCLUDE,INCLUDE,"""Modeling software (Rhinoceros 4.0) and analysis programs (VRMesh Studio, VirtualGrid; and Algor Fempro, Algor) were used to construct and design models.""",Rhinoceros 4.0; VRMesh Studio; Algor Fempro,Prosthodontics,Biomechanical analysis and simulation,computational,"【判定】: INCLUDE
【证据】: ""Modeling software (Rhinoceros 4.0) and analysis programs (VRMesh Studio, VirtualGrid; and Algor Fempro, Algor) were used to construct and design models.""
【软件】: Rhinoceros 4.0; VRMesh Studio; Algor Fempro
【专科】: Prosthodontics
【应用场景】: Biomechanical analysis and simulation
【研究设计】: computational"
the mechanosensing and global dna methylation of human osteoblasts on mew fibers,The Mechanosensing and Global DNA Methylation of Human Osteoblasts on MEW Fibers.,"Nanomaterials (Basel, Switzerland)",journalArticle,GDR8KPPZ,,INCLUDE,EXCLUDE,"片段中仅出现 ImageJ（""The ﬁber diameter and pore size were calculated using ImageJ software""、""processed and analyzed in Fiji-ImageJ software""），但 ImageJ/Fiji 属于二维图像分析软件，非三维（3D）软件；片段中未出现任何本研究自身使用的具名第三方非牙科三维软件（如 Mimics、3D Slicer、Geomagic、ANSYS 等）。CAD 软件仅以泛述形式出现（""as dictated by computer-aided design software [23,24]""），未指明具体软件名，且非本研究自身使用表述。",-,-,-,-,"【判定】: EXCLUDE
【证据】: 片段中仅出现 ImageJ（""The ﬁber diameter and pore size were calculated using ImageJ software""、""processed and analyzed in Fiji-ImageJ software""），但 ImageJ/Fiji 属于二维图像分析软件，非三维（3D）软件；片段中未出现任何本研究自身使用的具名第三方非牙科三维软件（如 Mimics、3D Slicer、Geomagic、ANSYS 等）。CAD 软件仅以泛述形式出现（""as dictated by computer-aided design software [23,24]""），未指明具体软件名，且非本研究自身使用表述。
【软件】: -
【专科】: -
【应用场景】: -
【研究设计】: -"
evaluation of the retentive forces from removable partial denture clasps manufactured by the digital method,Evaluation of the Retentive Forces from Removable Partial Denture Clasps Manufactured by the Digital Method,APPLIED SCIENCES-BASEL,journalArticle,TZGXEUSU,INCLUDE,INCLUDE,INCLUDE,"In the Autodesk Meshmixer program (2017, version 3.5.474), a 3D-printed resin block measuring 9 × 20 × 40 mm was designed for each tooth",Autodesk Meshmixer,Prosthodontics,Digital design and manufacturing,in_vitro,"【判定】: INCLUDE
【证据】: In the Autodesk Meshmixer program (2017, version 3.5.474), a 3D-printed resin block measuring 9 × 20 × 40 mm was designed for each tooth
【软件】: Autodesk Meshmixer
【专科】: Prosthodontics
【应用场景】: Digital design and manufacturing
【研究设计】: in_vitro"
fully automated 3d segmentation of periapical lesions on cbct images using nnu net v2,Fully automated 3D segmentation of periapical lesions on CBCT images using nnU-Net v2,BMC MEDICAL IMAGING,journalArticle,KBURGWIJ,INCLUDE,EXCLUDE,INCLUDE,"The GT and predicted segmentations were imported into 3D Slicer (version 5.10.0), and individual lesions were separated into distinct 3D objects. Lesion volumes (mm³) were computed for each object.",3D Slicer,Endodontics,3D data analysis and accuracy assessment,computational,"【判定】: INCLUDE
【证据】: The GT and predicted segmentations were imported into 3D Slicer (version 5.10.0), and individual lesions were separated into distinct 3D objects. Lesion volumes (mm³) were computed for each object.
【软件】: 3D Slicer
【专科】: Endodontics
【应用场景】: 3D data analysis and accuracy assessment
【研究设计】: computational"
age related changes in the parotid gland a computed tomography based radiomics study,Age-related changes in the parotid gland: a computed tomography-based radiomics study.,Quantitative imaging in medicine and surgery,journalArticle,JB6FVHV7,INCLUDE,INCLUDE,INCLUDE,"The parotid glands were segmented automatically on CT images using the TotalSegmentator deep learning model (8) implemented in 3D Slicer (https://www.slicer.org/). ... For quality control, segmentation of all parotid glands was double-checked manually using 3D Slicer (version 5.6.2).",3D Slicer,Oral and Maxillofacial Radiology,Image segmentation and 3D reconstruction,computational,"【判定】: INCLUDE
【证据】: The parotid glands were segmented automatically on CT images using the TotalSegmentator deep learning model (8) implemented in 3D Slicer (https://www.slicer.org/). ... For quality control, segmentation of all parotid glands was double-checked manually using 3D Slicer (version 5.6.2).
【软件】: 3D Slicer
【专科】: Oral and Maxillofacial Radiology
【应用场景】: Image segmentation and 3D reconstruction
【研究设计】: computational"
direction oriented fiber guiding with a tunable tri layer 3d scaffold for periodontal regeneration,Direction-oriented fiber guiding with a tunable tri-layer-3D scaffold for periodontal regeneration,RSC ADVANCES,journalArticle,SB5HVH7V,INCLUDE,INCLUDE,INCLUDE,"""VGStudio Max 2.2.6 software was used to analyze the data."" 以及 ""using Creo Parametric 8.0.4.0, a computer-aided modeling (CAD) of the constituent components was made.""",VGStudio Max; Creo Parametric,Periodontology,Image segmentation and 3D reconstruction,in_vitro,"【判定】: INCLUDE
【证据】: ""VGStudio Max 2.2.6 software was used to analyze the data."" 以及 ""using Creo Parametric 8.0.4.0, a computer-aided modeling (CAD) of the constituent components was made.""
【软件】: VGStudio Max; Creo Parametric
【专科】: Periodontology
【应用场景】: Image segmentation and 3D reconstruction
【研究设计】: in_vitro"
tissue surface adaptation and retention of digital obturator after one year of use,Tissue surface adaptation and retention of digital obturator after one year of use,BMC ORAL HEALTH,journalArticle,MTZIVEQB,INCLUDE,INCLUDE,INCLUDE,"The STL file of fitting surface of obturator and the primary model were imported to the surface matching software program (Geomagic Control X 2018, 3D Systems, Tokyo, Japan). The STL file of obturator was superimposed onto the STL file of the primary model according to reference points then best fit and 3D compare options were selected as the final matching occurred.",Geomagic Control X,Prosthodontics,3D data analysis and accuracy assessment,in_vitro,"【判定】: INCLUDE
【证据】: The STL file of fitting surface of obturator and the primary model were imported to the surface matching software program (Geomagic Control X 2018, 3D Systems, Tokyo, Japan). The STL file of obturator was superimposed onto the STL file of the primary model according to reference points then best fit and 3D compare options were selected as the final matching occurred.
【软件】: Geomagic Control X
【专科】: Prosthodontics
【应用场景】: 3D data analysis and accuracy assessment
【研究设计】: in_vitro"
biomechanical effects of platform diameter and screw length in an abutment free tissue level implant system compared with a ti base configuration 3d finite element analysis,Biomechanical Effects of Platform Diameter and Screw Length in an Abutment-Free Tissue-Level Implant System Compared with a Ti-Base Configuration: 3D Finite Element Analysis,JOURNAL OF FUNCTIONAL BIOMATERIALS,journalArticle,H9GBH348,INCLUDE,EXCLUDE,INCLUDE,"For the finite element analysis, the biomechanical assemblies were defined and simplified in SpaceClaim and DesignModeler in Ansys Workbench 2024 R1 ... and then imported into Ansys Mechanical 2024 R1 for meshing, solution, and post-processing.",ANSYS (Ansys Workbench; Ansys Mechanical; SpaceClaim; DesignModeler),Implantology,Biomechanical analysis and simulation,computational,"【判定】: INCLUDE
【证据】: For the finite element analysis, the biomechanical assemblies were defined and simplified in SpaceClaim and DesignModeler in Ansys Workbench 2024 R1 ... and then imported into Ansys Mechanical 2024 R1 for meshing, solution, and post-processing.
【软件】: ANSYS (Ansys Workbench; Ansys Mechanical; SpaceClaim; DesignModeler)
【专科】: Implantology
【应用场景】: Biomechanical analysis and simulation
【研究设计】: computational"
does the fixture thread depth affect the accuracy of implant placement during fully guided immediate implant placement a human cadaver study,Does the fixture thread depth affect the accuracy of implant placement during fully guided immediate implant placement?: A human cadaver study.,Clinical oral implants research,journalArticle,EB4NSAMK,INCLUDE,EXCLUDE,INCLUDE,"inspection software (Geomagic Verify, SculptCAD, Dallas, TX, USA) and then superimposed using the remaining teeth as references. Reverse engineering was applied to the superimposed image",Geomagic Verify,Oral and Maxillofacial Surgery,3D data analysis and accuracy assessment,clinical,"【判定】: INCLUDE
【证据】: inspection software (Geomagic Verify, SculptCAD, Dallas, TX, USA) and then superimposed using the remaining teeth as references. Reverse engineering was applied to the superimposed image
【软件】: Geomagic Verify
【专科】: Oral and Maxillofacial Surgery
【应用场景】: 3D data analysis and accuracy assessment
【研究设计】: clinical"
assessment of the inner surface roughness of 3d printed dental crowns via optical coherence tomography using a roughness quantification algorithm,Assessment of the Inner Surface Roughness of 3D Printed Dental Crowns via Optical Coherence Tomography Using a Roughness Quantification Algorithm,IEEE Access,journalArticle,V85M8FZ4,,INCLUDE,EXCLUDE,"证据片段中未出现任何表明本研究自身使用了具名第三方非牙科3D软件的表述（如 ""we used / were analysed using / imported into / processed in""）；片段仅泛述3D打印技术及参考文献列表，且摘要显示该研究使用的是自研图像处理算法（""an image processing algorithm was developed""），未使用具名第三方软件。",-,-,-,-,"【判定】: EXCLUDE
【证据】: 证据片段中未出现任何表明本研究自身使用了具名第三方非牙科3D软件的表述（如 ""we used / were analysed using / imported into / processed in""）；片段仅泛述3D打印技术及参考文献列表，且摘要显示该研究使用的是自研图像处理算法（""an image processing algorithm was developed""），未使用具名第三方软件。
【软件】: -
【专科】: -
【应用场景】: -
【研究设计】: -"
root canal treatment planning by automatic tooth and root canal segmentation in dental cbct with deep multi task feature learning,Root canal treatment planning by automatic tooth and root canal segmentation in dental CBCT with deep multi-task feature learning,MEDICAL IMAGE ANALYSIS,journalArticle,I73XE6IF,INCLUDE,EXCLUDE,INCLUDE,The endodontists used the ITK-SNAP software to manually label the voxels belonging to the pulp and root canal,ITK-SNAP,Endodontics,Image segmentation and 3D reconstruction,computational,"【判定】: INCLUDE
【证据】: The endodontists used the ITK-SNAP software to manually label the voxels belonging to the pulp and root canal
【软件】: ITK-SNAP
【专科】: Endodontics
【应用场景】: Image segmentation and 3D reconstruction
【研究设计】: computational"
a new method to evaluate trueness and precision of digital and conventional impression techniques for complete dental arch,A New Method to Evaluate Trueness and Precision of Digital and Conventional Impression Techniques for Complete Dental Arch,APPLIED SCIENCES-BASEL,journalArticle,4SX8KTJM,INCLUDE,INCLUDE,INCLUDE,"For the digital models, geometric inspection software (Geomagic Control X, 3D systems, Rocky Hill, CT, USA) was used to compute the centroid of each cylinder",Geomagic Control X,Prosthodontics,3D data analysis and accuracy assessment,in_vitro,"【判定】: INCLUDE
【证据】: For the digital models, geometric inspection software (Geomagic Control X, 3D systems, Rocky Hill, CT, USA) was used to compute the centroid of each cylinder
【软件】: Geomagic Control X
【专科】: Prosthodontics
【应用场景】: 3D data analysis and accuracy assessment
【研究设计】: in_vitro"
development of micro ct based anatomically accurate tooth model for finite element analysis of composite restorations,Development of Micro-CT-Based Anatomically Accurate Tooth Model for Finite Element Analysis of Composite Restorations.,Dentistry journal,journalArticle,ZUNK9NNI,INCLUDE,EXCLUDE,INCLUDE,"""The reconstructed micro-CT image stack was imported into the 3D Slicer software (v.5.1), where segmentation of the enamel, dentin, and pulp tissues was carried out""；""These STL files were subsequently imported into Solid Edge CAD software (2023, Siemens, Osaka, Japan)""；""selected surface corrections were carried out using Blender software (v.3.8)""",3D Slicer; Solid Edge; Blender,Restorative Dentistry,Image segmentation and 3D reconstruction,computational,"【判定】: INCLUDE
【证据】: ""The reconstructed micro-CT image stack was imported into the 3D Slicer software (v.5.1), where segmentation of the enamel, dentin, and pulp tissues was carried out""；""These STL files were subsequently imported into Solid Edge CAD software (2023, Siemens, Osaka, Japan)""；""selected surface corrections were carried out using Blender software (v.3.8)""
【软件】: 3D Slicer; Solid Edge; Blender
【专科】: Restorative Dentistry
【应用场景】: Image segmentation and 3D reconstruction
【研究设计】: computational"
digital duplication of maxillary complete denture a dental technique,Digital duplication of maxillary complete denture: A dental technique.,Journal of esthetic and restorative dentistry : official publication of the American Academy of Esthetic Dentistry ... [et al.],journalArticle,JP3XLWTI,INCLUDE,INCLUDE,INCLUDE,"""Import the Digital Imaging and Communication in Medicine (DICOM) file obtained from the (CBCT) machine into an image computing platform software (3D Slicer 4.10.2), then change the file format into an STL (Standard Tessellation Language) file."" 以及 ""The obtained digital imaging and communication in medicine (DICOM) file was segmented using an image computing platform software (3D slicer).""",3D Slicer,Prosthodontics,Image segmentation and 3D reconstruction,technical_note,"【判定】: INCLUDE
【证据】: ""Import the Digital Imaging and Communication in Medicine (DICOM) file obtained from the (CBCT) machine into an image computing platform software (3D Slicer 4.10.2), then change the file format into an STL (Standard Tessellation Language) file."" 以及 ""The obtained digital imaging and communication in medicine (DICOM) file was segmented using an image computing platform software (3D slicer).""
【软件】: 3D Slicer
【专科】: Prosthodontics
【应用场景】: Image segmentation and 3D reconstruction
【研究设计】: technical_note"
rehabilitation of the severely atrophic maxilla with subperiosteal implants a biomechanical and decision analysis of material and configuration choices,Rehabilitation of the Severely Atrophic Maxilla with Subperiosteal Implants: A Biomechanical and Decision Analysis of Material and Configuration Choices.,"Biomimetics (Basel, Switzerland)",journalArticle,G42JR78G,INCLUDE,EXCLUDE,INCLUDE,"""The one-piece and two-piece SI together with their respective abutment were modeled in Blender for Dental (New York, NY, USA), while fixation screws were designed in Solidworks (Dassault Systèmes SolidWorks Corp., Waltham, MA, USA)."" 以及 ""The models created in Blender for Dental and Solidworks were subsequently transferred to Simulia Abaqus software (Dassault Systèmes Simulia Corp., Johnston, RI, USA) while preserving the 3D coordinates.""",SolidWorks; ABAQUS,Implantology,Biomechanical analysis and simulation,computational,"【判定】: INCLUDE
【证据】: ""The one-piece and two-piece SI together with their respective abutment were modeled in Blender for Dental (New York, NY, USA), while fixation screws were designed in Solidworks (Dassault Systèmes SolidWorks Corp., Waltham, MA, USA)."" 以及 ""The models created in Blender for Dental and Solidworks were subsequently transferred to Simulia Abaqus software (Dassault Systèmes Simulia Corp., Johnston, RI, USA) while preserving the 3D coordinates.""
【软件】: SolidWorks; ABAQUS
【专科】: Implantology
【应用场景】: Biomechanical analysis and simulation
【研究设计】: computational"
three dimensional finite element analysis of temporomandibular joint stresses following botulinum toxin injection and occlusal splint therapy in bruxism,Three-dimensional finite element analysis of temporomandibular joint stresses following botulinum toxin injection and occlusal splint therapy in bruxism.,BMC oral health,journalArticle,TYDR2R9S,INCLUDE,EXCLUDE,INCLUDE,"""Segmentation was performed in 3D Slicer (v. 5.2.2). Reverse engineering and CAD refinement were carried out in ANSYS SpaceClaim (v. Ansys 2023 R1), meshing and preprocessing in ANSYS Workbench (v. Ansys 2023 R1), and simulations were solved using LS-DYNA (v. Ansys 2023 R1)""; ""Mandibular and maxillary bony structures were segmented in 3D Slicer and exported as STL files, then repaired/refined in SpaceClaim.""",3D Slicer; ANSYS SpaceClaim; ANSYS Workbench; LS-DYNA,Oral and Maxillofacial Surgery,Biomechanical analysis and simulation,computational,"【判定】: INCLUDE
【证据】: ""Segmentation was performed in 3D Slicer (v. 5.2.2). Reverse engineering and CAD refinement were carried out in ANSYS SpaceClaim (v. Ansys 2023 R1), meshing and preprocessing in ANSYS Workbench (v. Ansys 2023 R1), and simulations were solved using LS-DYNA (v. Ansys 2023 R1)""; ""Mandibular and maxillary bony structures were segmented in 3D Slicer and exported as STL files, then repaired/refined in SpaceClaim.""
【软件】: 3D Slicer; ANSYS SpaceClaim; ANSYS Workbench; LS-DYNA
【专科】: Oral and Maxillofacial Surgery
【应用场景】: Biomechanical analysis and simulation
【研究设计】: computational"
an open source ai tool for predicting cephalometric measurements from clinical data and photographic images,An open-source AI tool for predicting cephalometric measurements from clinical data and photographic images,BMC ORAL HEALTH,journalArticle,GMX68ZMT,INCLUDE,INCLUDE,INCLUDE,"""3D intraoral scans were obtained using the iTero scanner and analysed in STL format with MeshMixer software.""",MeshMixer,Orthodontics,3D data analysis and accuracy assessment,computational,"【判定】: INCLUDE
【证据】: ""3D intraoral scans were obtained using the iTero scanner and analysed in STL format with MeshMixer software.""
【软件】: MeshMixer
【专科】: Orthodontics
【应用场景】: 3D data analysis and accuracy assessment
【研究设计】: computational"
automatic three dimensional facial symmetry reference plane construction based on facial planar reflective symmetry net,Automatic three-dimensional facial symmetry reference plane construction based on facial planar reflective symmetry net,JOURNAL OF DENTISTRY,journalArticle,M7P5EH6Q,INCLUDE,EXCLUDE,INCLUDE,"""they manually adjusted the different views of the 3D facial data in the software (Geomagic wrap 2021, 3D System, USA) and then determined the 3D facial SRP based on their clinical experience.""",Geomagic Wrap,Orthodontics,3D data analysis and accuracy assessment,computational,"【判定】: INCLUDE
【证据】: ""they manually adjusted the different views of the 3D facial data in the software (Geomagic wrap 2021, 3D System, USA) and then determined the 3D facial SRP based on their clinical experience.""
【软件】: Geomagic Wrap
【专科】: Orthodontics
【应用场景】: 3D data analysis and accuracy assessment
【研究设计】: computational"
three dimensional accuracy of in office aligner therapy a retrospective comparison between planned and achieved tooth positions,Three-dimensional accuracy of in-office aligner therapy: a retrospective comparison between planned and achieved tooth positions,JOURNAL OF DENTISTRY,journalArticle,WN2IRATQ,INCLUDE,INCLUDE,INCLUDE,"""Three-dimensional analyses were performed using freely available 3D Slicer software (version 4.11) with the SlicerCMF extension."" 以及 ""linear and angular discrepancies were quantified using freely available Slicer CMF software (version 4.11)""",3D Slicer,Orthodontics,3D data analysis and accuracy assessment,clinical,"【判定】: INCLUDE
【证据】: ""Three-dimensional analyses were performed using freely available 3D Slicer software (version 4.11) with the SlicerCMF extension."" 以及 ""linear and angular discrepancies were quantified using freely available Slicer CMF software (version 4.11)""
【软件】: 3D Slicer
【专科】: Orthodontics
【应用场景】: 3D data analysis and accuracy assessment
【研究设计】: clinical"
in vivo trueness of full arch implant supported cad cam restorations and models based on conventional impressions,In vivo trueness of full-arch implant-supported CAD/CAM restorations and models based on conventional impressions,JOURNAL OF DENTISTRY,journalArticle,NM4KD692,INCLUDE,EXCLUDE,INCLUDE,"""CAD files were defeatured, removing the complex internal threading of CAD-AN and the hexagonal connection not in use for multiple-unit restorations for CAD-SB and CAD-AN (Geomagic Design X, version 2019.0.0 64-bit; 3D Systems)"" 及 ""The Datums were created in 3D inspection software Geomagic Control X (Software version 2018.1.1 64-bit; 3D Systems)""",Geomagic Design X; Geomagic Control X,Implantology,3D data analysis and accuracy assessment,clinical,"【判定】: INCLUDE
【证据】: ""CAD files were defeatured, removing the complex internal threading of CAD-AN and the hexagonal connection not in use for multiple-unit restorations for CAD-SB and CAD-AN (Geomagic Design X, version 2019.0.0 64-bit; 3D Systems)"" 及 ""The Datums were created in 3D inspection software Geomagic Control X (Software version 2018.1.1 64-bit; 3D Systems)""
【软件】: Geomagic Design X; Geomagic Control X
【专科】: Implantology
【应用场景】: 3D data analysis and accuracy assessment
【研究设计】: clinical"
quantitative and qualitative evaluation of precision in dental 3d facial scanning across handheld fixed multicamera and smartphone depth sensing systems,"Quantitative and qualitative evaluation of precision in dental 3D facial scanning across handheld, fixed multicamera, and smartphone depth-sensing systems.",The Journal of prosthetic dentistry,journalArticle,3SRFQXMZ,INCLUDE,INCLUDE,INCLUDE,"Scan data were superimposed using the best-fit algorithm in reverse engineering software program (Geomagic control X) to calculate the root mean square (RMS) deviation... The STL files were imported into a reverse engineering software program (Geomagic control X; 3D systems), and the scan data were trimmed... a mold was designed in a CAD software program (Meshmixer; Autodesk)",Geomagic Control X; Meshmixer,Prosthodontics,3D data analysis and accuracy assessment,in_vitro,"【判定】: INCLUDE
【证据】: Scan data were superimposed using the best-fit algorithm in reverse engineering software program (Geomagic control X) to calculate the root mean square (RMS) deviation... The STL files were imported into a reverse engineering software program (Geomagic control X; 3D systems), and the scan data were trimmed... a mold was designed in a CAD software program (Meshmixer; Autodesk)
【软件】: Geomagic Control X; Meshmixer
【专科】: Prosthodontics
【应用场景】: 3D data analysis and accuracy assessment
【研究设计】: in_vitro"
three dimensional finite element analysis of zygomatic and pterygoid implants for the rehabilitation of severely atrophic maxilla,Three-dimensional finite element analysis of zygomatic and pterygoid implants for the rehabilitation of severely atrophic maxilla,JOURNAL OF CRANIO-MAXILLOFACIAL SURGERY,journalArticle,QYXA5YVP,INCLUDE,EXCLUDE,INCLUDE,"""These DICOM files were imported into Mimics Innovation Suite v24.0 (Materialise NV, Leuven, Belgium) for three-dimensional reconstruction."" / ""The reconstructed 3D geometry was then exported in stereolithography (STL) format and further processed in Geomagic Design X v2022.0 (3D Systems, Morrisville, North Carolina, USA) for surface refinement"" / ""The scanned implants were combined with the maxillary 3D model in SolidWorks (2024)""",Mimics Innovation Suite; Geomagic Design X; SolidWorks,Oral and Maxillofacial Surgery,Biomechanical analysis and simulation,computational,"【判定】: INCLUDE
【证据】: ""These DICOM files were imported into Mimics Innovation Suite v24.0 (Materialise NV, Leuven, Belgium) for three-dimensional reconstruction."" / ""The reconstructed 3D geometry was then exported in stereolithography (STL) format and further processed in Geomagic Design X v2022.0 (3D Systems, Morrisville, North Carolina, USA) for surface refinement"" / ""The scanned implants were combined with the maxillary 3D model in SolidWorks (2024)""
【软件】: Mimics Innovation Suite; Geomagic Design X; SolidWorks
【专科】: Oral and Maxillofacial Surgery
【应用场景】: Biomechanical analysis and simulation
【研究设计】: computational"
a novel method of 3d printing locating guide for abutment screw removal in cement retained implant supported prostheses,A novel method of 3D printing locating guide for abutment screw removal in cement- retained implant-supported prostheses,JOURNAL OF DENTAL SCIENCES,journalArticle,ZFERNRSM,,INCLUDE,INCLUDE,"The abutment screw locating guide was designed with a 3D design software (Materialise, Leuven, Belgium) and mounted on the adjacent teeth of the denture using the axis",Materialise,Implantology,Digital design and manufacturing,technical_note,"【判定】: INCLUDE
【证据】: The abutment screw locating guide was designed with a 3D design software (Materialise, Leuven, Belgium) and mounted on the adjacent teeth of the denture using the axis
【软件】: Materialise
【专科】: Implantology
【应用场景】: Digital design and manufacturing
【研究设计】: technical_note"
trueness of the apical and middle root portion segments of 3d printed removable die and alveolar cast designs manufactured using stereolithographic 3d printing,Trueness of the apical and middle root portion segments of 3D-printed removable die and alveolar cast designs manufactured using stereolithographic 3D printing,JOURNAL OF PROSTHODONTICS-IMPLANT ESTHETIC AND RECONSTRUCTIVE DENTISTRY,journalArticle,PGF7LT48,INCLUDE,INCLUDE,INCLUDE,"their respective standard tessellation language files were aligned and compared to master reference files in a metrology-grade computer program (Geomagic Control X; 3D systems, Rock Hill, NC)；the master reference file of each design used to manufacture the specimens was imported into the metrology-grade computer program (Geomagic Control X; 3D Systems, Rock Hill, SC) and their respective apical and middle segments were defined...isolated from the rest of the scan using the Split/Region tool in t",Geomagic Control X,Prosthodontics,3D data analysis and accuracy assessment,in_vitro,"【判定】: INCLUDE
【证据】: their respective standard tessellation language files were aligned and compared to master reference files in a metrology-grade computer program (Geomagic Control X; 3D systems, Rock Hill, NC)；the master reference file of each design used to manufacture the specimens was imported into the metrology-grade computer program (Geomagic Control X; 3D Systems, Rock Hill, SC) and their respective apical and middle segments were defined...isolated from the rest of the scan using the Split/Region tool in the computer program
【软件】: Geomagic Control X
【专科】: Prosthodontics
【应用场景】: 3D data analysis and accuracy assessment
【研究设计】: in_vitro"
noncarious cervical lesions in the aging population analyzed through digital scanning occlusal risk factors dimensions and morphology,"Noncarious cervical lesions in the aging population analyzed through digital scanning: occlusal risk factors, dimensions, and morphology",CLINICAL ORAL INVESTIGATIONS,journalArticle,B3ERSAXL,,INCLUDE,INCLUDE,"""The maximum depth of each cervical wear, as well as their width in the most incisal/occlusal region were acquired using the ImageJ software v. 2.9.0 (NIH, Bethesda, USA)""",ImageJ,Restorative Dentistry,3D data analysis and accuracy assessment,clinical,"【判定】: INCLUDE
【证据】: ""The maximum depth of each cervical wear, as well as their width in the most incisal/occlusal region were acquired using the ImageJ software v. 2.9.0 (NIH, Bethesda, USA)""
【软件】: ImageJ
【专科】: Restorative Dentistry
【应用场景】: 3D data analysis and accuracy assessment
【研究设计】: clinical"
efficacy of submucosal polydeoxyribonucleotide injection after impacted mandibular third molar extraction a randomized controlled trial,Efficacy of Submucosal Polydeoxyribonucleotide Injection after Impacted Mandibular Third Molar Extraction: A Randomized Controlled Trial,YONSEI MEDICAL JOURNAL,journalArticle,RHIDMTCI,INCLUDE,INCLUDE,INCLUDE,"Scans were exported as STL files and imported into the dental application software Materialise MIMICS 21.0 ... The STL files were imported into the software Materialise 3-matic version 18.0 for superimposition of the pair of scans (P0-P3 and P0-P7) using the ""part comparison"" specific tool.",Materialise MIMICS; Materialise 3-matic,Oral and Maxillofacial Surgery,3D data analysis and accuracy assessment,clinical,"【判定】: INCLUDE
【证据】: Scans were exported as STL files and imported into the dental application software Materialise MIMICS 21.0 ... The STL files were imported into the software Materialise 3-matic version 18.0 for superimposition of the pair of scans (P0-P3 and P0-P7) using the ""part comparison"" specific tool.
【软件】: Materialise MIMICS; Materialise 3-matic
【专科】: Oral and Maxillofacial Surgery
【应用场景】: 3D data analysis and accuracy assessment
【研究设计】: clinical"
early stage stability and degradation of patient specific biodegradable 3d printed implants for critical mandibular reconstruction,Early-stage stability and degradation of patient-specific biodegradable 3D-printed implants for critical mandibular reconstruction,DENTAL MATERIALS,journalArticle,JDYAQ7WP,INCLUDE,EXCLUDE,INCLUDE,"Solid models of the RI-2 and RI-3, along with the corresponding fixation screws, bone graft (autogenous bone-cortical bone equivalent), and remaining mandibular segments, were imported into ANSYS Workbench (ANSYS Workbench v18.2, ANSYS Inc., PA, USA) for simulation.",ANSYS Workbench,Oral and Maxillofacial Surgery,Biomechanical analysis and simulation,computational,"【判定】: INCLUDE
【证据】: Solid models of the RI-2 and RI-3, along with the corresponding fixation screws, bone graft (autogenous bone-cortical bone equivalent), and remaining mandibular segments, were imported into ANSYS Workbench (ANSYS Workbench v18.2, ANSYS Inc., PA, USA) for simulation.
【软件】: ANSYS Workbench
【专科】: Oral and Maxillofacial Surgery
【应用场景】: Biomechanical analysis and simulation
【研究设计】: computational"
vertical and horizontal ridge augmentation using customized three dimensionally printed polycaprolactone mesh in atrophic posterior maxillae a case report,Vertical and Horizontal Ridge Augmentation Using Customized Three-Dimensionally Printed Polycaprolactone Mesh in Atrophic Posterior Maxillae: A Case Report,JOURNAL OF ORAL IMPLANTOLOGY,journalArticle,GT74L8L4,INCLUDE,EXCLUDE,INCLUDE,"""3D shape of the 77 patient-specific mesh was designed using dental CAD (exocad GmbH; Darmstadt, 78 Germany) and a universal CAD software program (PowerShape, Autodesk Inc., San 79 Rafael, United States).""",PowerShape (Autodesk),Oral and Maxillofacial Surgery,Digital design and manufacturing,case_report,"【判定】: INCLUDE
【证据】: ""3D shape of the 77 patient-specific mesh was designed using dental CAD (exocad GmbH; Darmstadt, 78 Germany) and a universal CAD software program (PowerShape, Autodesk Inc., San 79 Rafael, United States).""
【软件】: PowerShape (Autodesk)
【专科】: Oral and Maxillofacial Surgery
【应用场景】: Digital design and manufacturing
【研究设计】: case_report"
biomechanical analysis of different pacifiers and their effects on the upper jaw and tongue,Biomechanical Analysis of Different Pacifiers and Their Effects on the Upper Jaw and Tongue,APPLIED SCIENCES-BASEL,journalArticle,QAQKMGUW,INCLUDE,EXCLUDE,INCLUDE,"Three-dimensional (3D) models of these pacifiers were created on a 1:1 scale using SOLIDWORKS 2014 Service Pack 5 (Dassault Systèmes, 1995–2014) in a Windows 10 Enterprise x64 environment. / These models were also developed using SOLIDWORKS 2014 Service Pack 5 in a Windows 10 environment.",SolidWorks,Orthodontics,Biomechanical analysis and simulation,computational,"【判定】: INCLUDE
【证据】: Three-dimensional (3D) models of these pacifiers were created on a 1:1 scale using SOLIDWORKS 2014 Service Pack 5 (Dassault Systèmes, 1995–2014) in a Windows 10 Enterprise x64 environment. / These models were also developed using SOLIDWORKS 2014 Service Pack 5 in a Windows 10 environment.
【软件】: SolidWorks
【专科】: Orthodontics
【应用场景】: Biomechanical analysis and simulation
【研究设计】: computational"
augmented reality assisted surgical exposure of an impacted tooth a pilot study,Augmented Reality-Assisted Surgical Exposure of an Impacted Tooth: A Pilot Study,APPLIED SCIENCES-BASEL,journalArticle,FVXUA272,INCLUDE,EXCLUDE,INCLUDE,"""Using open-source CAD software (Meshmixer, Autodesk, Inc., San Francisco, CA, USA), the part of the upper arch from the first premolar to the other premolars was selected."" 及 ""DICOM files were imported into open-source medical software (InVesalius, CTI, Campinas, Brazil) to segment and export an STL file of the area of interest""",Meshmixer; InVesalius,Oral and Maxillofacial Surgery,Image segmentation and 3D reconstruction,clinical,"【判定】: INCLUDE
【证据】: ""Using open-source CAD software (Meshmixer, Autodesk, Inc., San Francisco, CA, USA), the part of the upper arch from the first premolar to the other premolars was selected."" 及 ""DICOM files were imported into open-source medical software (InVesalius, CTI, Campinas, Brazil) to segment and export an STL file of the area of interest""
【软件】: Meshmixer; InVesalius
【专科】: Oral and Maxillofacial Surgery
【应用场景】: Image segmentation and 3D reconstruction
【研究设计】: clinical"
concurrent computed tomography based evaluation of nasal morphology airway volume and skeletal changes following craniofacial distraction osteogenesis a pilot retrospective case series,"Concurrent computed tomography-based evaluation of nasal morphology, airway volume, and skeletal changes following craniofacial distraction osteogenesis: A  pilot retrospective case series.","Journal of stomatology, oral and maxillofacial surgery",journalArticle,LQCXZNNJ,INCLUDE,INCLUDE,INCLUDE,"""Nasal soft tissue index measurement was calculated based on nasal height and nasal width using the Mimics three-dimensional analysis software"" 及 ""condylar volume was calculated using Mimics software""",Mimics,Oral and Maxillofacial Surgery,Image segmentation and 3D reconstruction,clinical,"【判定】: INCLUDE
【证据】: ""Nasal soft tissue index measurement was calculated based on nasal height and nasal width using the Mimics three-dimensional analysis software"" 及 ""condylar volume was calculated using Mimics software""
【软件】: Mimics
【专科】: Oral and Maxillofacial Surgery
【应用场景】: Image segmentation and 3D reconstruction
【研究设计】: clinical"
accuracy of intraoral optical scan versus stereophotogrammetry for complete arch digital implant impression an in vitro study,Accuracy of intraoral optical scan versus stereophotogrammetry for complete-arch digital implant impression: An in vitro study.,Journal of prosthodontic research,journalArticle,K8EJXEIE,INCLUDE,INCLUDE,INCLUDE,"""The 60 test STL files were aligned to the reference scan with dedicated software (Geomagic Studio 12, 3DSystems, Rock Hill, SC, USA) according to a 0.01 mm alignment tolerance"" 以及 ""the superimposed files were analyzed using dedicated measurement software (Hyper Cad S, Cam HyperMill, Open Mind Technologies, Milano, Italy)""",Geomagic Studio 12; Hyper Cad S (Cam HyperMill),Prosthodontics,3D data analysis and accuracy assessment,in_vitro,"【判定】: INCLUDE
【证据】: ""The 60 test STL files were aligned to the reference scan with dedicated software (Geomagic Studio 12, 3DSystems, Rock Hill, SC, USA) according to a 0.01 mm alignment tolerance"" 以及 ""the superimposed files were analyzed using dedicated measurement software (Hyper Cad S, Cam HyperMill, Open Mind Technologies, Milano, Italy)""
【软件】: Geomagic Studio 12; Hyper Cad S (Cam HyperMill)
【专科】: Prosthodontics
【应用场景】: 3D data analysis and accuracy assessment
【研究设计】: in_vitro"
a platform combining automatic segmentation and automatic measurement of the maxillary sinus and adjacent structures,A platform combining automatic segmentation and automatic measurement of the maxillary sinus and adjacent structures,CLINICAL ORAL INVESTIGATIONS,journalArticle,VNRCK3YD,INCLUDE,EXCLUDE,INCLUDE,"""The DICOM (Digital Imaging and Communications in Medicine) of CBCT were imported into the Mimics software (Materialize, version 21.0, Belgium)."" 以及 ""The volume of air cavity and mucosa and the RMS of MS and edentulous alveolar crest were calculated in the 3-Matic software (Materialize, version 13.0, Belgium).""",Mimics; 3-Matic,Oral and Maxillofacial Radiology,Image segmentation and 3D reconstruction,computational,"【判定】: INCLUDE
【证据】: ""The DICOM (Digital Imaging and Communications in Medicine) of CBCT were imported into the Mimics software (Materialize, version 21.0, Belgium)."" 以及 ""The volume of air cavity and mucosa and the RMS of MS and edentulous alveolar crest were calculated in the 3-Matic software (Materialize, version 13.0, Belgium).""
【软件】: Mimics; 3-Matic
【专科】: Oral and Maxillofacial Radiology
【应用场景】: Image segmentation and 3D reconstruction
【研究设计】: computational"
differentiation of benign and malignant oral lesions through surface texture analysis and svm modeling,Differentiation of benign and malignant oral lesions through surface texture analysis and SVM modeling,CLINICAL ORAL INVESTIGATIONS,journalArticle,BI5PRGUX,,INCLUDE,INCLUDE,"""ImageJ software (NIH, Bethesda, USA) was used to view the images and annotate lesion areas using the freehand selection tool"" 及 ""a surface plot was generated using ImageJ's analysis function""；""For training and implementation of the SVM, MATLAB R2024b (MathWorks Inc., MA, USA) was utilized.""",ImageJ; MATLAB,Oral Medicine,Morphological and phenotypic analysis,computational,"【判定】: INCLUDE
【证据】: ""ImageJ software (NIH, Bethesda, USA) was used to view the images and annotate lesion areas using the freehand selection tool"" 及 ""a surface plot was generated using ImageJ's analysis function""；""For training and implementation of the SVM, MATLAB R2024b (MathWorks Inc., MA, USA) was utilized.""
【软件】: ImageJ; MATLAB
【专科】: Oral Medicine
【应用场景】: Morphological and phenotypic analysis
【研究设计】: computational"
investigation of conventional vs nonoriginal cad cam bars with production stage differences an in vitro precision study using a novel technique,Investigation of Conventional vs Nonoriginal CAD/CAM Bars with Production Stage Differences: An In Vitro Precision Study Using a Novel Technique,INTERNATIONAL JOURNAL OF ORAL & MAXILLOFACIAL IMPLANTS,journalArticle,42EI79XL,INCLUDE,INCLUDE,INCLUDE,"The marginal gap between bar frameworks and implants was digitally calculated (ATOS So High-End 3D Digitizer for Small Objects, GOM Inspect).",GOM Inspect,Prosthodontics,3D data analysis and accuracy assessment,in_vitro,"【判定】: INCLUDE
【证据】: The marginal gap between bar frameworks and implants was digitally calculated (ATOS So High-End 3D Digitizer for Small Objects, GOM Inspect).
【软件】: GOM Inspect
【专科】: Prosthodontics
【应用场景】: 3D data analysis and accuracy assessment
【研究设计】: in_vitro"
a tmps designed personalized mandibular scaffolds with optimized sla parameters and mechanical properties,A TMPS-designed personalized mandibular scaffolds with optimized SLA parameters and mechanical properties,FRONTIERS IN MATERIALS,journalArticle,HPU3KI8B,INCLUDE,EXCLUDE,INCLUDE,"the mandibular DICOM ﬁle was threshold segmented using Mimics 19.0 software (Materialise, Belgium), 3D-reconstructed, smoothed, and denoised to create customized models of bone defects；2 mm supports were generated in Magics 26.0 software (Materialise, Belgium)",Mimics; Magics,Oral and Maxillofacial Surgery,Image segmentation and 3D reconstruction,in_vitro,"【判定】: INCLUDE
【证据】: the mandibular DICOM ﬁle was threshold segmented using Mimics 19.0 software (Materialise, Belgium), 3D-reconstructed, smoothed, and denoised to create customized models of bone defects；2 mm supports were generated in Magics 26.0 software (Materialise, Belgium)
【软件】: Mimics; Magics
【专科】: Oral and Maxillofacial Surgery
【应用场景】: Image segmentation and 3D reconstruction
【研究设计】: in_vitro"
bone implant osseointegration monitoring using electro mechanical impedance technique and convolutional neural network a numerical study,Bone-Implant Osseointegration Monitoring Using Electro-mechanical Impedance Technique and Convolutional Neural Network: A Numerical Study,JOURNAL OF NONDESTRUCTIVE EVALUATION,journalArticle,BXT93NMY,INCLUDE,EXCLUDE,INCLUDE,"""We employed the COMSOL Multiphysics FE modelling program for numerical simulations because of its proven ability to effectively model the complex interactions between mechanical and piezoelectric effects""",COMSOL Multiphysics,Implantology,Biomechanical analysis and simulation,computational,"【判定】: INCLUDE
【证据】: ""We employed the COMSOL Multiphysics FE modelling program for numerical simulations because of its proven ability to effectively model the complex interactions between mechanical and piezoelectric effects""
【软件】: COMSOL Multiphysics
【专科】: Implantology
【应用场景】: Biomechanical analysis and simulation
【研究设计】: computational"
3d single tooth reconstruction via curriculum learning and topology aware generation,3D Single-Tooth Reconstruction via Curriculum Learning and Topology-aware Generation,IEEE Journal of Biomedical and Health Informatics,journalArticle,USUBE7IV,INCLUDE,EXCLUDE,INCLUDE,"""we apply a standardized post-processing pipeline to convert the synthesized point clouds Pout into manifold triangular meshes using MeshLab.""",MeshLab,Prosthodontics,Image segmentation and 3D reconstruction,computational,"【判定】: INCLUDE
【证据】: ""we apply a standardized post-processing pipeline to convert the synthesized point clouds Pout into manifold triangular meshes using MeshLab.""
【软件】: MeshLab
【专科】: Prosthodontics
【应用场景】: Image segmentation and 3D reconstruction
【研究设计】: computational"
three dimensional hard and soft tissue healing at implants with a modified neck design an in vivo preclinical study,Three-Dimensional Hard and Soft Tissue Healing at Implants With A Modified Neck Design: An In Vivo Preclinical Study,CLINICAL IMPLANT DENTISTRY AND RELATED RESEARCH,journalArticle,8GLIISG6,INCLUDE,INCLUDE,INCLUDE,"""Superimposition was per- formed using dedicated software (Gom Inspect, Gom GmbH) through a two-­step process."" 以及 ""design of the horizontal and vertical cutting planes using dedicated software (Gom Inspect, Gom GmbH)"" 和 ""Subtraction analysis of the soft tissue volume and thickness using dedicated software (Gom Inspect, Gom GmbH).""",GOM Inspect,Implantology,3D data analysis and accuracy assessment,in_vitro,"【判定】: INCLUDE
【证据】: ""Superimposition was per- formed using dedicated software (Gom Inspect, Gom GmbH) through a two-­step process."" 以及 ""design of the horizontal and vertical cutting planes using dedicated software (Gom Inspect, Gom GmbH)"" 和 ""Subtraction analysis of the soft tissue volume and thickness using dedicated software (Gom Inspect, Gom GmbH).""
【软件】: GOM Inspect
【专科】: Implantology
【应用场景】: 3D data analysis and accuracy assessment
【研究设计】: in_vitro"
effect of crestal position on bone implant stress interface of three implant splinted prostheses a finite element analysis,Effect of Crestal Position on Bone-Implant Stress Interface of Three-Implant Splinted Prostheses: A Finite Element Analysis,MATERIALS,journalArticle,RLTJ6JCJ,INCLUDE,EXCLUDE,INCLUDE,"""Implants were supplied by AoN Implants (AoN Implants Srl, Grisignano di Zocco, Italy) and were modeled in three dimensions using Autodesk Inventor 3D modeling software (Autodesk Inventor 2023, San Francisco, CA, USA)."" 以及 ""Using the FEA software ANSYS Workbench R2023, the 3D model of the bone block and implants was discretized with tetrahedral elements.""",Autodesk Inventor; ANSYS Workbench,Implantology,Biomechanical analysis and simulation,computational,"【判定】: INCLUDE
【证据】: ""Implants were supplied by AoN Implants (AoN Implants Srl, Grisignano di Zocco, Italy) and were modeled in three dimensions using Autodesk Inventor 3D modeling software (Autodesk Inventor 2023, San Francisco, CA, USA)."" 以及 ""Using the FEA software ANSYS Workbench R2023, the 3D model of the bone block and implants was discretized with tetrahedral elements.""
【软件】: Autodesk Inventor; ANSYS Workbench
【专科】: Implantology
【应用场景】: Biomechanical analysis and simulation
【研究设计】: computational"
evaluation of the effects of diameter length splinted or nonsplinted form and crown to implant ratio on the stress distribution around extra short implants in the posterior mandible finite element analysis,"Evaluation of the Effects of Diameter, Length, Splinted or Nonsplinted Form, and Crown-to-Implant Ratio on the Stress Distribution Around Extra-Short Implants in  the Posterior Mandible: Finite Element Analysis.",The International journal of oral & maxillofacial implants,journalArticle,2ZLUSNLH,INCLUDE,INCLUDE,INCLUDE,"pre-existing cone beam computed tomography (CBCT) data sets were imported into image processing software (Mimics version 21.0; Materialise NV, Leuven, Belgium, and 3-matic version 11.0; Materialise NV, Liege, Belgium)；All parts exported in STL format from Mimics and 3-Matic software were converted to STP format using Geomagic Studio software (version 15.0...)；the computerized model was transferred to ANSYS software (version 17.2...) for analysis",Mimics; 3-matic; Geomagic Studio; SolidWorks; ANSYS,Implantology,Biomechanical analysis and simulation,computational,"【判定】: INCLUDE
【证据】: pre-existing cone beam computed tomography (CBCT) data sets were imported into image processing software (Mimics version 21.0; Materialise NV, Leuven, Belgium, and 3-matic version 11.0; Materialise NV, Liege, Belgium)；All parts exported in STL format from Mimics and 3-Matic software were converted to STP format using Geomagic Studio software (version 15.0...)；the computerized model was transferred to ANSYS software (version 17.2...) for analysis
【软件】: Mimics; 3-matic; Geomagic Studio; SolidWorks; ANSYS
【专科】: Implantology
【应用场景】: Biomechanical analysis and simulation
【研究设计】: computational"
a reproducible optical microscopic framework for evaluating electronic apex locator performance in different irrigants using 3d printed transparent resin teeth,A reproducible optical-microscopic framework for evaluating electronic apex locator performance in different irrigants using 3D-printed transparent resin  teeth.,Frontiers in dental medicine,journalArticle,D4L4LQ75,INCLUDE,INCLUDE,INCLUDE,"""Segmentation of the tooth structures was performed using 3D Slicer software, version 5.8. The DICOM data were ﬁrst imported into the software environment..."" 以及 ""The segmented tooth model was then exported as an STL ﬁle and imported into Meshmixer [Meshmixer, version 3.5, (Autodesk, US).software] for digital access cavity preparation.""",3D Slicer; Meshmixer,Endodontics,Image segmentation and 3D reconstruction,in_vitro,"【判定】: INCLUDE
【证据】: ""Segmentation of the tooth structures was performed using 3D Slicer software, version 5.8. The DICOM data were ﬁrst imported into the software environment..."" 以及 ""The segmented tooth model was then exported as an STL ﬁle and imported into Meshmixer [Meshmixer, version 3.5, (Autodesk, US).software] for digital access cavity preparation.""
【软件】: 3D Slicer; Meshmixer
【专科】: Endodontics
【应用场景】: Image segmentation and 3D reconstruction
【研究设计】: in_vitro"
effect of various printing parameters on the accuracy trueness and precision of 3d printed partial denture framework,Effect of various printing parameters on the accuracy (trueness and precision) of 3D-printed partial denture framework,JOURNAL OF THE MECHANICAL BEHAVIOR OF BIOMEDICAL MATERIALS,journalArticle,EBNEIKEM,INCLUDE,INCLUDE,INCLUDE,"""the frameworks were cleaned using Autodesk Meshmixer (Autodesk, USA) to remove the scanning support"" 以及 ""STL files of the designed framework and the scanned frameworks were aligned using two computer software, Geomagic Control X (3D Systems, USA) and MATLAB 2022b.""",Autodesk Meshmixer; Geomagic Control X; MATLAB,Prosthodontics,3D data analysis and accuracy assessment,in_vitro,"【判定】: INCLUDE
【证据】: ""the frameworks were cleaned using Autodesk Meshmixer (Autodesk, USA) to remove the scanning support"" 以及 ""STL files of the designed framework and the scanned frameworks were aligned using two computer software, Geomagic Control X (3D Systems, USA) and MATLAB 2022b.""
【软件】: Autodesk Meshmixer; Geomagic Control X; MATLAB
【专科】: Prosthodontics
【应用场景】: 3D data analysis and accuracy assessment
【研究设计】: in_vitro"
monitoring the calibration of in office 3d printers,Monitoring the Calibration of In-Office 3D Printers.,Dentistry journal,journalArticle,YZQT6Z4B,INCLUDE,EXCLUDE,EXCLUDE,"证据片段中 Meshmixer 仅出现在图注中（""engraved on the coupon (Meshmixer software, Autodesk...)""），未以 ""we used / imported into / processed in"" 等表述表明本研究自身将其用于3D数据处理、分析、建模或测量；其余具名软件（Chitubox、PreForm、Microsoft PowerPoint）均非纳入标准所列的非牙科3D软件（Chitubox/PreForm 为3D打印切片/排版软件，PowerPoint 非3D软件）。缺失表明本研究自身使用具名第三方非牙科3D软件进行3D数据处理/分析/建模/测量的证据。",-,-,-,-,"【判定】: EXCLUDE
【证据】: 证据片段中 Meshmixer 仅出现在图注中（""engraved on the coupon (Meshmixer software, Autodesk...)""），未以 ""we used / imported into / processed in"" 等表述表明本研究自身将其用于3D数据处理、分析、建模或测量；其余具名软件（Chitubox、PreForm、Microsoft PowerPoint）均非纳入标准所列的非牙科3D软件（Chitubox/PreForm 为3D打印切片/排版软件，PowerPoint 非3D软件）。缺失表明本研究自身使用具名第三方非牙科3D软件进行3D数据处理/分析/建模/测量的证据。
【软件】: -
【专科】: -
【应用场景】: -
【研究设计】: -"
accuracy of the implant replica positions on the complete edentulous additive manufactured cast,Accuracy of the Implant Replica Positions on the Complete Edentulous Additive Manufactured Cast.,Journal of prosthodontics : official journal of the American College of Prosthodontists,journalArticle,BP8J829M,INCLUDE,EXCLUDE,INCLUDE,"The position of the implant replicas of the definitive implant cast was used as a reference to calculate the discrepancy among all implant replica positions on each specimen using a CAD software program (Geomagic; 3D Systems, Rock Hill, SC). The best fit technique was performed by selecting the coronal part of each implant replica in the selected CAD software program.",Geomagic,Prosthodontics,3D data analysis and accuracy assessment,in_vitro,"【判定】: INCLUDE
【证据】: The position of the implant replicas of the definitive implant cast was used as a reference to calculate the discrepancy among all implant replica positions on each specimen using a CAD software program (Geomagic; 3D Systems, Rock Hill, SC). The best fit technique was performed by selecting the coronal part of each implant replica in the selected CAD software program.
【软件】: Geomagic
【专科】: Prosthodontics
【应用场景】: 3D data analysis and accuracy assessment
【研究设计】: in_vitro"
influence of planning software and template design on the accuracy of static computer assisted implant surgery performed using guides fabricated with material extrusion technology an in vitro study,Influence of planning software and template design on the accuracy of static computer assisted implant surgery performed using guides fabricated with material extrusion technology: An in vitro study,JOURNAL OF DENTISTRY,journalArticle,JTZRXANB,INCLUDE,EXCLUDE,INCLUDE,"""the sleeves ... were digitally integrated into the surgical guides (CDX and IST) using an open-source design software (Meshmixer, version 3.5.474; Autodesk, San Rafael, USA)""；""Additional inspection software (Geomagic Control X 3-D System, Rock Hill, USA) (GEO) was used to validate the measurements""",Meshmixer; Geomagic Control X,Implantology,Digital design and manufacturing,in_vitro,"【判定】: INCLUDE
【证据】: ""the sleeves ... were digitally integrated into the surgical guides (CDX and IST) using an open-source design software (Meshmixer, version 3.5.474; Autodesk, San Rafael, USA)""；""Additional inspection software (Geomagic Control X 3-D System, Rock Hill, USA) (GEO) was used to validate the measurements""
【软件】: Meshmixer; Geomagic Control X
【专科】: Implantology
【应用场景】: Digital design and manufacturing
【研究设计】: in_vitro"
a step by step guide for implementation of virtual surgical applications and patient data centralization practical experience and lessons learned,A step-by-step guide for implementation of virtual surgical applications and patient data centralization: practical experience and lessons learned.,3D printing in medicine,journalArticle,SXE9C4CV,INCLUDE,EXCLUDE,EXCLUDE,"证据片段仅描述虚拟服务器上""run""的软件包清单（""Currently the following software packages run on this virtual server: Mimics Innovation Suite...""），属于平台基础设施配置说明，未出现 ""we used / were analysed using / imported into / processed in"" 等表明本研究自身使用该软件进行3D数据处理、分析、建模或测量的表述；且题名/摘要显示本文为实施指南与经验总结（step-by-step guide / lessons learned），非原创研究、技术说明或病例报告。",-,-,-,-,"【判定】: EXCLUDE
【证据】: 证据片段仅描述虚拟服务器上""run""的软件包清单（""Currently the following software packages run on this virtual server: Mimics Innovation Suite...""），属于平台基础设施配置说明，未出现 ""we used / were analysed using / imported into / processed in"" 等表明本研究自身使用该软件进行3D数据处理、分析、建模或测量的表述；且题名/摘要显示本文为实施指南与经验总结（step-by-step guide / lessons learned），非原创研究、技术说明或病例报告。
【软件】: -
【专科】: -
【应用场景】: -
【研究设计】: -"
a three dimensional printed polycaprolactone biphasic calcium phosphate scaffold combined with adipose derived stem cells cultured in xenogeneic serum free media for the treatment of bone defects,A Three-Dimensional Printed Polycaprolactone-Biphasic-Calcium-Phosphate Scaffold Combined with Adipose-Derived Stem Cells Cultured in Xenogeneic Serum-Free Media for the Treatment of Bone Defects,JOURNAL OF FUNCTIONAL BIOMATERIALS,journalArticle,ZAPEW5KM,INCLUDE,INCLUDE,EXCLUDE,"证据片段中虽出现 ""using 3D Slicer Software (ideaMaker version 4.1.0.4990, Raise-3D Technologies Inc., Irvine, CA, USA)""，但该处软件名与括号内实际产品（ideaMaker，切片软件）不一致，且未以 ""we used / imported into / processed in"" 等表述明确表明本研究自身使用该具名第三方非牙科3D软件进行3D数据处理、分析、建模或测量；其余软件（NEXYGEN、CELLQUEST、µ-CT 35、SPSS）均非3D建模/分析类软件。",-,-,-,-,"【判定】: EXCLUDE
【证据】: 证据片段中虽出现 ""using 3D Slicer Software (ideaMaker version 4.1.0.4990, Raise-3D Technologies Inc., Irvine, CA, USA)""，但该处软件名与括号内实际产品（ideaMaker，切片软件）不一致，且未以 ""we used / imported into / processed in"" 等表述明确表明本研究自身使用该具名第三方非牙科3D软件进行3D数据处理、分析、建模或测量；其余软件（NEXYGEN、CELLQUEST、µ-CT 35、SPSS）均非3D建模/分析类软件。
【软件】: -
【专科】: -
【应用场景】: -
【研究设计】: -"
root canal disinfection and maintenance of the remnant tooth tissues by using grape seed and cranberry extracts,Root canal disinfection and maintenance of the remnant tooth tissues by using grape seed and cranberry extracts.,Odontology,journalArticle,78Q8XIIY,,EXCLUDE,EXCLUDE,"证据片段仅为参考文献列表（如 ""Dent Update. 2016;43:766–71""、""J Clin Exp Dent. 2019;11:e1–8"" 等），未出现任何表明本研究自身使用具名第三方非牙科3D软件的表述（如 ""we used / were analysed using / imported into / processed in""）。",-,-,-,-,"【判定】: EXCLUDE
【证据】: 证据片段仅为参考文献列表（如 ""Dent Update. 2016;43:766–71""、""J Clin Exp Dent. 2019;11:e1–8"" 等），未出现任何表明本研究自身使用具名第三方非牙科3D软件的表述（如 ""we used / were analysed using / imported into / processed in""）。
【软件】: -
【专科】: -
【应用场景】: -
【研究设计】: -"
cross center model adaptive tooth segmentation,Cross-center Model Adaptive Tooth segmentation.,Medical image analysis,journalArticle,GM2LLIKT,,EXCLUDE,EXCLUDE,"证据片段仅涉及自研框架 CMAT（tooth-level prototype alignment module、progressive pseudo-labeling transfer module 等），未出现任何具名第三方非牙科3D软件（如 Mimics、3D Slicer、MeshLab、Geomagic 等）被本研究使用的表述（如 ""we used / imported into / processed in""）。",-,-,-,-,"【判定】: EXCLUDE
【证据】: 证据片段仅涉及自研框架 CMAT（tooth-level prototype alignment module、progressive pseudo-labeling transfer module 等），未出现任何具名第三方非牙科3D软件（如 Mimics、3D Slicer、MeshLab、Geomagic 等）被本研究使用的表述（如 ""we used / imported into / processed in""）。
【软件】: -
【专科】: -
【应用场景】: -
【研究设计】: -"
geo net geometry guided pretraining for tooth point cloud segmentation,Geo-Net: Geometry-Guided Pretraining for Tooth Point Cloud Segmentation.,Journal of dental research,journalArticle,CY4M86BS,,EXCLUDE,EXCLUDE,"证据片段仅描述研究背景（如 ""the use of an intraoral scanner (IOS)""、""MAE has been widely used to process images""）及引用他人工作，未出现 ""we used / were analysed using / imported into / processed in"" 等表明本研究自身使用某一具名第三方非牙科3D软件的表述；该研究提出自研框架 Geo-Net（自建深度学习模型），无具名第三方软件使用证据。",-,-,-,-,"【判定】: EXCLUDE
【证据】: 证据片段仅描述研究背景（如 ""the use of an intraoral scanner (IOS)""、""MAE has been widely used to process images""）及引用他人工作，未出现 ""we used / were analysed using / imported into / processed in"" 等表明本研究自身使用某一具名第三方非牙科3D软件的表述；该研究提出自研框架 Geo-Net（自建深度学习模型），无具名第三方软件使用证据。
【软件】: -
【专科】: -
【应用场景】: -
【研究设计】: -"
virtual setup in orthodontics planning and evaluation,Virtual setup in orthodontics: planning and evaluation.,Clinical oral investigations,journalArticle,7NEJ5SFL,,EXCLUDE,EXCLUDE,该研究使用的软件为 IPS CaseDesigner（牙科专用软件）和自研的 in-house-created software MED（基于 Open Inventor®）。Open Inventor® 仅作为自研软件所基于的底层图形库被提及，并非本研究直接使用其进行3D数据处理、分析、建模或测量的具名第三方非牙科3D软件；OrthoAnalyzer 亦为牙科专用软件。缺失证据：本研究自身使用一个具名的第三方非牙科3D软件（如 Mimics、3D Slicer、Geomagic 等）进行3D数据处理的表述。,-,-,-,-,"【判定】: EXCLUDE
【证据】: 该研究使用的软件为 IPS CaseDesigner（牙科专用软件）和自研的 in-house-created software MED（基于 Open Inventor®）。Open Inventor® 仅作为自研软件所基于的底层图形库被提及，并非本研究直接使用其进行3D数据处理、分析、建模或测量的具名第三方非牙科3D软件；OrthoAnalyzer 亦为牙科专用软件。缺失证据：本研究自身使用一个具名的第三方非牙科3D软件（如 Mimics、3D Slicer、Geomagic 等）进行3D数据处理的表述。
【软件】: -
【专科】: -
【应用场景】: -
【研究设计】: -"
automated dentition segmentation 3d unet based approach with miscnn framework,Automated dentition segmentation: 3D UNet-based approach with MIScnn framework.,Journal of the World federation of orthodontists,journalArticle,R4FJVQAW,,EXCLUDE,EXCLUDE,"证据片段仅显示该研究使用自建的 3D UNet-based CNN 模型及 ""Medical Image Segmentation CNN framework""（MIScnn），未出现任何具名第三方非牙科3D软件（如 Mimics、3D Slicer、ITK-SNAP 等）被本研究自身用于3D数据处理、分析、建模或测量的表述；""AI-assisted segmentation software"" 未具名，无法确认。",-,-,-,-,"【判定】: EXCLUDE
【证据】: 证据片段仅显示该研究使用自建的 3D UNet-based CNN 模型及 ""Medical Image Segmentation CNN framework""（MIScnn），未出现任何具名第三方非牙科3D软件（如 Mimics、3D Slicer、ITK-SNAP 等）被本研究自身用于3D数据处理、分析、建模或测量的表述；""AI-assisted segmentation software"" 未具名，无法确认。
【软件】: -
【专科】: -
【应用场景】: -
【研究设计】: -"
3d printing technologies for removable dentures manufacturing a review of potentials and challenges,3D Printing Technologies for Removable Dentures Manufacturing: A Review of Potentials and Challenges.,The European journal of prosthodontics and restorative dentistry,journalArticle,YWZB3ZFE,,EXCLUDE,EXCLUDE,"该文献为综述（""The aim of this review is to investigate...""），方法学片段仅描述文献检索与筛选过程，未出现任何表明本研究自身使用具名第三方非牙科3D软件的表述（如 ""we used / were analysed using / imported into / processed in""）。",-,-,-,-,"【判定】: EXCLUDE
【证据】: 该文献为综述（""The aim of this review is to investigate...""），方法学片段仅描述文献检索与筛选过程，未出现任何表明本研究自身使用具名第三方非牙科3D软件的表述（如 ""we used / were analysed using / imported into / processed in""）。
【软件】: -
【专科】: -
【应用场景】: -
【研究设计】: -"
the role of patient specific implants in the oral and maxillofacial region,The role of patient specific implants in the oral and maxillofacial region.,"Medical journal, Armed Forces India",journalArticle,GNTHJANG,,EXCLUDE,EXCLUDE,"片段中仅泛述 ""using third party software"" 及引用他人研究（""The first reported patient-specific plate was used for mandibular reconstruction by Ciocca et al.""），未出现任何具名第三方非牙科3D软件名，也无 ""we used / were analysed using / imported into / processed in"" 等表明本研究自身使用某具名软件的表述。",-,-,-,-,"【判定】: EXCLUDE
【证据】: 片段中仅泛述 ""using third party software"" 及引用他人研究（""The first reported patient-specific plate was used for mandibular reconstruction by Ciocca et al.""），未出现任何具名第三方非牙科3D软件名，也无 ""we used / were analysed using / imported into / processed in"" 等表明本研究自身使用某具名软件的表述。
【软件】: -
【专科】: -
【应用场景】: -
【研究设计】: -"
role of digital technologies in special care dentistry a scoping review,Role of Digital Technologies in Special Care Dentistry: A Scoping Review.,"Special care in dentistry : official publication of the American Association of Hospital Dentists, the Academy of Dentistry for the Handicapped, and the American  Society for Geriatric Dentistry",journalArticle,EILJESU9,,EXCLUDE,EXCLUDE,"该文献为 scoping review（范围综述），方法学片段仅描述检索策略、筛选与数据提取流程（如 ""Duplicate records were identified and removed using Endnote X7 software""），未表明本研究自身在材料与方法中使用任何具名第三方非牙科3D软件进行3D数据处理、分析、建模或测量；文中提及的 CAD/CAM、3D imaging、intraoral scanners 均为对纳入研究的泛述，非本研究自身使用。",-,-,-,-,"【判定】: EXCLUDE
【证据】: 该文献为 scoping review（范围综述），方法学片段仅描述检索策略、筛选与数据提取流程（如 ""Duplicate records were identified and removed using Endnote X7 software""），未表明本研究自身在材料与方法中使用任何具名第三方非牙科3D软件进行3D数据处理、分析、建模或测量；文中提及的 CAD/CAM、3D imaging、intraoral scanners 均为对纳入研究的泛述，非本研究自身使用。
【软件】: -
【专科】: -
【应用场景】: -
【研究设计】: -"
numerical assessment tool to measure realism in clinical simulation,Numerical Assessment Tool to Measure Realism in Clinical Simulation.,International journal of environmental research and public health,journalArticle,YWHF6MK5,,EXCLUDE,EXCLUDE,缺失证据：主题不属于口腔医学（该研究为临床模拟教学中的真实性测量工具，属医学教育领域）；且证据片段中仅出现 R v4.02 统计软件，未表明本研究使用具名第三方非牙科三维（3D）软件进行3D数据处理、分析、建模或测量。,-,-,-,-,"【判定】: EXCLUDE
【证据】: 缺失证据：主题不属于口腔医学（该研究为临床模拟教学中的真实性测量工具，属医学教育领域）；且证据片段中仅出现 R v4.02 统计软件，未表明本研究使用具名第三方非牙科三维（3D）软件进行3D数据处理、分析、建模或测量。
【软件】: -
【专科】: -
【应用场景】: -
【研究设计】: -"
an update on cad cam usage for removable partial denture fabrication a systematic review,An update on CAD-CAM usage for removable partial denture fabrication: A systematic review.,Bioinformation,journalArticle,PNHT9ZGI,,EXCLUDE,EXCLUDE,"该文献为系统综述（题名明确标注 ""A systematic review""），不属于原创研究、技术说明或病例报告；且证据片段中未出现任何表明本研究自身使用了具名第三方非牙科3D软件的表述（如 ""we used / were analysed using / imported into / processed in""）。",-,-,-,-,"【判定】: EXCLUDE
【证据】: 该文献为系统综述（题名明确标注 ""A systematic review""），不属于原创研究、技术说明或病例报告；且证据片段中未出现任何表明本研究自身使用了具名第三方非牙科3D软件的表述（如 ""we used / were analysed using / imported into / processed in""）。
【软件】: -
【专科】: -
【应用场景】: -
【研究设计】: -"
fully automated tooth segmentation and labeling for both full and partial arch intraoral scans using deep learning,Fully Automated Tooth Segmentation and Labeling for Both Full- and Partial-Arch Intraoral Scans Using Deep Learning.,International dental journal,journalArticle,V6QXLTTL,,EXCLUDE,EXCLUDE,"证据片段仅显示该研究开发了自研的两阶段深度学习模型（ToothInstanceNet），未出现任何具名第三方非牙科3D软件（如 Mimics、3D Slicer、Geomagic、MATLAB 等）被""we used / were analysed using / imported into / processed in""等表述表明本研究自身使用的证据。",-,-,-,-,"【判定】: EXCLUDE
【证据】: 证据片段仅显示该研究开发了自研的两阶段深度学习模型（ToothInstanceNet），未出现任何具名第三方非牙科3D软件（如 Mimics、3D Slicer、Geomagic、MATLAB 等）被""we used / were analysed using / imported into / processed in""等表述表明本研究自身使用的证据。
【软件】: -
【专科】: -
【应用场景】: -
【研究设计】: -"
fusion of intra oral scans in cone beam computed tomography scans,Fusion of intra-oral scans in cone-beam computed tomography scans.,Clinical oral investigations,journalArticle,MGCLIWPA,,EXCLUDE,EXCLUDE,"该研究仅使用 IPS CaseDesigner® 和 OrthoAnalyzer™ 两款牙科专用软件进行融合，未使用任何具名的第三方非牙科3D软件（如 Mimics、3D Slicer、Geomagic 等）；证据片段中无 ""we used / imported into / processed in"" 等表述指向非牙科3D软件。",-,-,-,-,"【判定】: EXCLUDE
【证据】: 该研究仅使用 IPS CaseDesigner® 和 OrthoAnalyzer™ 两款牙科专用软件进行融合，未使用任何具名的第三方非牙科3D软件（如 Mimics、3D Slicer、Geomagic 等）；证据片段中无 ""we used / imported into / processed in"" 等表述指向非牙科3D软件。
【软件】: -
【专科】: -
【应用场景】: -
【研究设计】: -"
oriented tooth detection a cbct image processing method integrated with roi transformer,Oriented tooth detection: a CBCT image processing method integrated with RoI?transformer.,Dento maxillo facial radiology,journalArticle,VPPTRWXZ,,EXCLUDE,EXCLUDE,"证据片段仅描述深度学习模型（RoI transformer、CNN）及CBCT数据采集（DICOM格式），未出现任何具名第三方非牙科3D软件（如 Mimics、3D Slicer、MATLAB 等）被本研究使用的表述（如 ""we used / imported into / processed in""）；仅提及自研模型与深度学习框架，缺失""本研究自身使用具名第三方非牙科3D软件""的证据。",-,-,-,-,"【判定】: EXCLUDE
【证据】: 证据片段仅描述深度学习模型（RoI transformer、CNN）及CBCT数据采集（DICOM格式），未出现任何具名第三方非牙科3D软件（如 Mimics、3D Slicer、MATLAB 等）被本研究使用的表述（如 ""we used / imported into / processed in""）；仅提及自研模型与深度学习框架，缺失""本研究自身使用具名第三方非牙科3D软件""的证据。
【软件】: -
【专科】: -
【应用场景】: -
【研究设计】: -"
root canal segmentation in cbct images by 3d u net with global and local combination loss,Root Canal Segmentation in CBCT Images by 3D U-Net with Global and Local Combination Loss.,Annual International Conference of the IEEE Engineering in Medicine and Biology Society. IEEE Engineering in Medicine and Biology Society. Annual International  Conference,journalArticle,V57RMVGL,,EXCLUDE,EXCLUDE,"片段中仅描述""we propose a fully automatic and high precision root canal segmentation method based on deep learning and hybrid level set constraints""及自建 3D U-Net 模型，未出现任何具名第三方非牙科3D软件（如 Mimics、3D Slicer、MATLAB 等）被本研究使用的表述（如 we used / imported into / processed in）。",-,-,-,-,"【判定】: EXCLUDE
【证据】: 片段中仅描述""we propose a fully automatic and high precision root canal segmentation method based on deep learning and hybrid level set constraints""及自建 3D U-Net 模型，未出现任何具名第三方非牙科3D软件（如 Mimics、3D Slicer、MATLAB 等）被本研究使用的表述（如 we used / imported into / processed in）。
【软件】: -
【专科】: -
【应用场景】: -
【研究设计】: -"
guidelines for orbital defect assessment and patient specific implant design introducing oa 2 orbital assessment algorithm,Guidelines for Orbital Defect Assessment and Patient-Specific Implant Design: Introducing OA(2) (Orbital Assessment Algorithm).,Craniomaxillofacial trauma & reconstruction,journalArticle,BXY6ILDH,,EXCLUDE,EXCLUDE,"摘要明确为 ""This study presents a review of the evolutionary development..."" 及 ""The study conducts a comprehensive review...""，属综述类型；且证据片段中软件名（Elements®、Brainlab、Visage®）仅出现在泛述或他文引用语境（如 ""like other available software, e.g. Elements®""），未表明本研究自身在材料与方法中使用该软件。",-,-,-,-,"【判定】: EXCLUDE
【证据】: 摘要明确为 ""This study presents a review of the evolutionary development..."" 及 ""The study conducts a comprehensive review...""，属综述类型；且证据片段中软件名（Elements®、Brainlab、Visage®）仅出现在泛述或他文引用语境（如 ""like other available software, e.g. Elements®""），未表明本研究自身在材料与方法中使用该软件。
【软件】: -
【专科】: -
【应用场景】: -
【研究设计】: -"
influence of the frameworks of implant supported prostheses and implant connections on stress distribution,Influence of the frameworks of implant-supported prostheses and implant connections on stress distribution.,Dental and medical problems,journalArticle,UNK3IQDN,,EXCLUDE,EXCLUDE,"证据片段中仅泛述 ""CAD/CAM system"" 及 ""intricate software utilization""，未出现任何具名第三方非牙科3D软件名（如 Mimics、3D Slicer、Geomagic、ANSYS 等），也无 ""we used / imported into / processed in"" 等表明本研究自身使用某具名软件的表述；应力分析采用光弹法（Tardy method），非3D软件。",-,-,-,-,"【判定】: EXCLUDE
【证据】: 证据片段中仅泛述 ""CAD/CAM system"" 及 ""intricate software utilization""，未出现任何具名第三方非牙科3D软件名（如 Mimics、3D Slicer、Geomagic、ANSYS 等），也无 ""we used / imported into / processed in"" 等表明本研究自身使用某具名软件的表述；应力分析采用光弹法（Tardy method），非3D软件。
【软件】: -
【专科】: -
【应用场景】: -
【研究设计】: -"
management of total frontal bone loss after surgery for craniosynostosis the modified visor bone flap with brain cage,Management of Total Frontal Bone Loss After Surgery for Craniosynostosis: The Modified Visor Bone Flap With Brain Cage.,The Cleft palate-craniofacial journal : official publication of the American Cleft Palate-Craniofacial Association,journalArticle,B5HAN576,,EXCLUDE,EXCLUDE,"片段中仅泛述 ""via a software platform""、""clinical software engineers""，未出现任何具名第三方非牙科3D软件名，也无 ""we used / imported into / processed in"" 等表明本研究自身使用某具名软件的表述。",-,-,-,-,"【判定】: EXCLUDE
【证据】: 片段中仅泛述 ""via a software platform""、""clinical software engineers""，未出现任何具名第三方非牙科3D软件名，也无 ""we used / imported into / processed in"" 等表明本研究自身使用某具名软件的表述。
【软件】: -
【专科】: -
【应用场景】: -
【研究设计】: -"
3d craniofacial generative model for surgical planning in mandibular reconstruction,3D craniofacial generative model for surgical planning in mandibular reconstruction.,Medical image analysis,journalArticle,E5ATG7MJ,,EXCLUDE,EXCLUDE,"证据片段中仅泛述 ""substantial manual interaction within CAD software"" 及他文引用（Yu et al., 2016; Guo et al., 2025; Hagen et al., 2025 等），未出现 ""we used / were analysed using / imported into / processed in"" 等表明本研究自身使用某一具名第三方非牙科3D软件的表述；本研究为自研深度学习/生成模型框架（3D latent diffusion model、VQ-VAE），无具名第三方软件使用证据。",-,-,-,-,"【判定】: EXCLUDE
【证据】: 证据片段中仅泛述 ""substantial manual interaction within CAD software"" 及他文引用（Yu et al., 2016; Guo et al., 2025; Hagen et al., 2025 等），未出现 ""we used / were analysed using / imported into / processed in"" 等表明本研究自身使用某一具名第三方非牙科3D软件的表述；本研究为自研深度学习/生成模型框架（3D latent diffusion model、VQ-VAE），无具名第三方软件使用证据。
【软件】: -
【专科】: -
【应用场景】: -
【研究设计】: -"
madcrowner margin aware dental crown design with template deformation and refinement,MADCrowner: Margin Aware Dental Crown design with template deformation and refinement.,Medical image analysis,journalArticle,Y3Y6L6FN,,EXCLUDE,EXCLUDE,"证据片段仅描述该研究提出自研框架 MADCrowner（CrownDeformR 和 CrownSegger），未出现任何具名第三方非牙科3D软件（如 Mimics、3D Slicer、Geomagic、MATLAB 等）被本研究使用的表述（如 ""we used / imported into / processed in""）；文中 ""CAD system"" 为泛述，Poisson surface reconstruction 为算法而非具名软件。",-,-,-,-,"【判定】: EXCLUDE
【证据】: 证据片段仅描述该研究提出自研框架 MADCrowner（CrownDeformR 和 CrownSegger），未出现任何具名第三方非牙科3D软件（如 Mimics、3D Slicer、Geomagic、MATLAB 等）被本研究使用的表述（如 ""we used / imported into / processed in""）；文中 ""CAD system"" 为泛述，Poisson surface reconstruction 为算法而非具名软件。
【软件】: -
【专科】: -
【应用场景】: -
【研究设计】: -"
ducu a conceptual framework for ai driven conversion of smile design to functional wax up,DUCU: a conceptual framework for AI-driven conversion of smile design to functional wax-up.,Frontiers in oral health,journalArticle,K64RLB43,,EXCLUDE,EXCLUDE,"该文献为概念性框架（Hypothesis and Theory），仅描述平台""would feature""的技术栈（PyTorch、TensorFlow、Open3D、MeshLab 等），未表明本研究自身实际使用该软件处理3D数据；且文献类型为概念/理论文章，非原创研究、技术说明或病例报告。",-,-,-,-,"【判定】: EXCLUDE
【证据】: 该文献为概念性框架（Hypothesis and Theory），仅描述平台""would feature""的技术栈（PyTorch、TensorFlow、Open3D、MeshLab 等），未表明本研究自身实际使用该软件处理3D数据；且文献类型为概念/理论文章，非原创研究、技术说明或病例报告。
【软件】: -
【专科】: -
【应用场景】: -
【研究设计】: -"
evaluation of a novel drilling approach for dynamic navigation aided endodontic microsurgery a surgical simulation comparison study,Evaluation of a Novel Drilling Approach for Dynamic Navigation-Aided Endodontic Microsurgery: A Surgical Simulation Comparison Study.,Journal of endodontics,journalArticle,DCY89A88,,EXCLUDE,EXCLUDE,片段中出现的具名软件为 GPower（用于样本量计算）和 DHC-ENDO1（牙科专用动态导航设计软件，DCARER Medical Technology）。未出现本研究自身使用任一非牙科第三方3D软件（如 Mimics、3D Slicer、Geomagic、MATLAB 等）进行3D数据处理、分析、建模或测量的表述；GPower 仅用于统计功效/样本量计算，不属于3D数据处理软件。,-,-,-,-,"【判定】: EXCLUDE
【证据】: 片段中出现的具名软件为 GPower（用于样本量计算）和 DHC-ENDO1（牙科专用动态导航设计软件，DCARER Medical Technology）。未出现本研究自身使用任一非牙科第三方3D软件（如 Mimics、3D Slicer、Geomagic、MATLAB 等）进行3D数据处理、分析、建模或测量的表述；GPower 仅用于统计功效/样本量计算，不属于3D数据处理软件。
【软件】: -
【专科】: -
【应用场景】: -
【研究设计】: -"
fully automated ai based digital workflow for mirroring of healthy and defective craniofacial models,Fully Automated AI-Based Digital Workflow for Mirroring of Healthy and Defective Craniofacial Models.,Journal of imaging,journalArticle,ZHH7IXHH,,EXCLUDE,EXCLUDE,"证据片段中 Mimics Innovation Suite 出现在 ""Manual Workflow"" 部分，用于生成专家参考分割（""These were generated in the Mimics Innovation Suite ... by clinical experts""），属于对照/参考流程而非本研究自身提出的自动化方法；而本研究自身方法为自研的 nnU-Net 深度学习模型与 PCA-ICP 算法，未使用具名第三方非牙科3D软件。片段中出现的 3-matic、Geomagic Freeform 仅作为结果可导入的 CAD/CAM 环境被泛述提及（""can be directly imported into CAD/CAM environments such as...""），并非本研究实际使用。",-,-,-,-,"【判定】: EXCLUDE
【证据】: 证据片段中 Mimics Innovation Suite 出现在 ""Manual Workflow"" 部分，用于生成专家参考分割（""These were generated in the Mimics Innovation Suite ... by clinical experts""），属于对照/参考流程而非本研究自身提出的自动化方法；而本研究自身方法为自研的 nnU-Net 深度学习模型与 PCA-ICP 算法，未使用具名第三方非牙科3D软件。片段中出现的 3-matic、Geomagic Freeform 仅作为结果可导入的 CAD/CAM 环境被泛述提及（""can be directly imported into CAD/CAM environments such as...""），并非本研究实际使用。
【软件】: -
【专科】: -
【应用场景】: -
【研究设计】: -"
innovative endodontic management of pulp canal obliteration in mandibular incisors using a static navigation system a case report,Innovative Endodontic Management of Pulp Canal Obliteration in Mandibular Incisors Using a Static Navigation System: A Case Report.,Clinical case reports,journalArticle,ECNDVG7C,,EXCLUDE,EXCLUDE,"片段中仅出现 ""processed through image processing software (Dental System v2017; 3Shape, Copenhagen, Denmark)""，该软件为牙科专用软件（3Shape Dental System），未使用任何具名第三方非牙科3D软件。",-,-,-,-,"【判定】: EXCLUDE
【证据】: 片段中仅出现 ""processed through image processing software (Dental System v2017; 3Shape, Copenhagen, Denmark)""，该软件为牙科专用软件（3Shape Dental System），未使用任何具名第三方非牙科3D软件。
【软件】: -
【专科】: -
【应用场景】: -
【研究设计】: -"
deep learning enabled 3d multimodal fusion of cone beam ct and intraoral mesh scans for clinically applicable tooth bone reconstruction,Deep learning-enabled 3D multimodal fusion of cone-beam CT and intraoral mesh scans for clinically applicable tooth-bone reconstruction.,"Patterns (New York, N.Y.)",journalArticle,KZUDTGT4,,EXCLUDE,EXCLUDE,"证据片段仅显示该研究提出并使用了自研的深度学习框架 DDMF（""this study presents Deep Dental Multimodal Fusion (DDMF), an automatic multimodal framework""），未出现任何具名第三方非牙科3D软件（如 Mimics、3D Slicer、MATLAB 等）被本研究使用的表述（如 ""we used / imported into / processed in""）。",-,-,-,-,"【判定】: EXCLUDE
【证据】: 证据片段仅显示该研究提出并使用了自研的深度学习框架 DDMF（""this study presents Deep Dental Multimodal Fusion (DDMF), an automatic multimodal framework""），未出现任何具名第三方非牙科3D软件（如 Mimics、3D Slicer、MATLAB 等）被本研究使用的表述（如 ""we used / imported into / processed in""）。
【软件】: -
【专科】: -
【应用场景】: -
【研究设计】: -"
biomechanical considerations in rpd design application and perspective of finite element method in distal extension removable partial denture rehabilitation,Biomechanical considerations in RPD design: application and perspective of finite element method in distal extension removable partial denture rehabilitation.,Frontiers in dental medicine,journalArticle,REDS4QVI,,EXCLUDE,EXCLUDE,"文献类型为综述（题名含 ""application and perspective""，摘要明确 ""This review synthesizes FEA-based insights...""），且证据片段中未出现任何表明本研究自身使用了具名第三方非牙科3D软件的表述（无 ""we used / were analysed using / imported into / processed in"" 等），仅泛述 FEA 通用工作流程。",-,-,-,-,"【判定】: EXCLUDE
【证据】: 文献类型为综述（题名含 ""application and perspective""，摘要明确 ""This review synthesizes FEA-based insights...""），且证据片段中未出现任何表明本研究自身使用了具名第三方非牙科3D软件的表述（无 ""we used / were analysed using / imported into / processed in"" 等），仅泛述 FEA 通用工作流程。
【软件】: -
【专科】: -
【应用场景】: -
【研究设计】: -"
numerical inverse design of patient specific dental implants accelerating fea based optimization via evolutionary neural surrogates,Numerical Inverse Design of Patient-Specific Dental Implants: Accelerating FEA-Based Optimization via Evolutionary Neural Surrogates.,International journal for numerical methods in biomedical engineering,journalArticle,NLYE5CIG,,EXCLUDE,EXCLUDE,"证据片段中未出现任何具名第三方非牙科3D软件（如 ANSYS、ABAQUS、COMSOL、MATLAB 等）被本研究自身使用的表述；片段仅泛述 FEA 方法及自研 MLP 神经网络代理模型，无 ""we used / were analysed using / imported into / processed in"" 等指明具体软件名的原文。",-,-,-,-,"【判定】: EXCLUDE
【证据】: 证据片段中未出现任何具名第三方非牙科3D软件（如 ANSYS、ABAQUS、COMSOL、MATLAB 等）被本研究自身使用的表述；片段仅泛述 FEA 方法及自研 MLP 神经网络代理模型，无 ""we used / were analysed using / imported into / processed in"" 等指明具体软件名的原文。
【软件】: -
【专科】: -
【应用场景】: -
【研究设计】: -"
impact of artifact reduction on dimensional accuracy of sealing materials for furcal perforations in cbct,Impact of artifact reduction on dimensional accuracy of sealing materials for furcal perforations in CBCT.,Brazilian oral research,journalArticle,SHZJNWAH,,EXCLUDE,EXCLUDE,"该研究使用的测量软件为 e-Vol DX（""measured using DICOM files and the e-Vol DX software measurement tool""），属于牙科专用软件，不符合""具名第三方非牙科3D软件""的要求；证据片段中未出现任何非牙科3D软件（如 Mimics、3D Slicer、Geomagic 等）被本研究使用的表述。",-,-,-,-,"【判定】: EXCLUDE
【证据】: 该研究使用的测量软件为 e-Vol DX（""measured using DICOM files and the e-Vol DX software measurement tool""），属于牙科专用软件，不符合""具名第三方非牙科3D软件""的要求；证据片段中未出现任何非牙科3D软件（如 Mimics、3D Slicer、Geomagic 等）被本研究使用的表述。
【软件】: -
【专科】: -
【应用场景】: -
【研究设计】: -"
integrating local and global attention mechanisms for enhanced oral cancer detection and explainability,Integrating local and global attention mechanisms for enhanced oral cancer detection and explainability.,Computers in biology and medicine,journalArticle,ZF2YLA3S,,EXCLUDE,EXCLUDE,"证据片段仅描述自研的 OCANet（U-Net-based architecture）及 CSAF、SE、ASPP 等模块，未出现任何具名第三方非牙科3D软件（如 Mimics、3D Slicer、MATLAB 等）被""we used / imported into / processed in""等表述表明本研究自身使用；缺失""本研究自身使用具名第三方非牙科3D软件""的证据。",-,-,-,-,"【判定】: EXCLUDE
【证据】: 证据片段仅描述自研的 OCANet（U-Net-based architecture）及 CSAF、SE、ASPP 等模块，未出现任何具名第三方非牙科3D软件（如 Mimics、3D Slicer、MATLAB 等）被""we used / imported into / processed in""等表述表明本研究自身使用；缺失""本研究自身使用具名第三方非牙科3D软件""的证据。
【软件】: -
【专科】: -
【应用场景】: -
【研究设计】: -"
development of an artificial intelligence based algorithm to classify images acquired with an intraoral scanner of individual molar teeth into three categories,Development of an artificial intelligence-based algorithm to classify images acquired with an intraoral scanner of individual molar teeth into three  categories.,PloS one,journalArticle,7RUZVAC6,,EXCLUDE,EXCLUDE,片段中仅出现 ImageJ（用于从咬合视图生成单颗磨牙图像），但 ImageJ 属于二维图像处理软件，非三维（3D）软件；且该研究核心为自建 CNN（LeNet 架构）深度学习模型，未使用具名第三方非牙科 3D 软件进行 3D 数据处理、分析、建模或测量。,-,-,-,-,"【判定】: EXCLUDE
【证据】: 片段中仅出现 ImageJ（用于从咬合视图生成单颗磨牙图像），但 ImageJ 属于二维图像处理软件，非三维（3D）软件；且该研究核心为自建 CNN（LeNet 架构）深度学习模型，未使用具名第三方非牙科 3D 软件进行 3D 数据处理、分析、建模或测量。
【软件】: -
【专科】: -
【应用场景】: -
【研究设计】: -"
adaptive digital workflow for virtual patient modeling integrating static registration and six degree of freedom jaw tracking,Adaptive digital workflow for virtual patient modeling: Integrating static registration and six-degree-of-freedom jaw tracking.,Journal of dentistry,journalArticle,T3K2TLQ3,,EXCLUDE,EXCLUDE,证据片段仅提及牙科专用设备及其配套软件（Zebris JMA+ 及 WinJMA+ 分析软件、RAY Face 面部扫描、RAY Premiere CBCT），未出现任何本研究自身使用的具名第三方非牙科3D软件（如 Mimics、3D Slicer、Geomagic、MATLAB 等）用于3D数据处理、分析、建模或测量的表述。,-,-,-,-,"【判定】: EXCLUDE
【证据】: 证据片段仅提及牙科专用设备及其配套软件（Zebris JMA+ 及 WinJMA+ 分析软件、RAY Face 面部扫描、RAY Premiere CBCT），未出现任何本研究自身使用的具名第三方非牙科3D软件（如 Mimics、3D Slicer、Geomagic、MATLAB 等）用于3D数据处理、分析、建模或测量的表述。
【软件】: -
【专科】: -
【应用场景】: -
【研究设计】: -"
a full computerized workflow for planning surgically assisted rapid palatal expansion and orthognathic surgery in a skeletal class iii patient,A Full Computerized Workflow for Planning Surgically Assisted Rapid Palatal Expansion and Orthognathic Surgery in a Skeletal Class III Patient.,Case reports in dentistry,journalArticle,T3Z6BX4T,,EXCLUDE,EXCLUDE,"该研究仅使用牙科专用软件 ""Dolphin 3D Surgery module""（orthodontic software），未使用任何具名第三方非牙科3D软件；缺失符合纳入标准2的非牙科3D软件使用证据。",-,-,-,-,"【判定】: EXCLUDE
【证据】: 该研究仅使用牙科专用软件 ""Dolphin 3D Surgery module""（orthodontic software），未使用任何具名第三方非牙科3D软件；缺失符合纳入标准2的非牙科3D软件使用证据。
【软件】: -
【专科】: -
【应用场景】: -
【研究设计】: -"
clinical evaluation of removable partial dentures with digitally fabricated metal framework after 4 years of clinical service,Clinical evaluation of removable partial dentures with digitally fabricated metal framework after 4 years of clinical service.,Journal of prosthodontics : official journal of the American College of Prosthodontists,journalArticle,VA93LQUQ,,EXCLUDE,EXCLUDE,"该研究使用的设计软件为 inLab 19.0 software (Dentsply Sirona)，属于牙科专用软件（Dentsply Sirona 牙科 CAD/CAM 系统），不符合""具名的第三方非牙科三维软件""要求；片段中未出现任何非牙科3D软件（如 Mimics、3D Slicer、Geomagic 等）被本研究使用的表述。",-,-,-,-,"【判定】: EXCLUDE
【证据】: 该研究使用的设计软件为 inLab 19.0 software (Dentsply Sirona)，属于牙科专用软件（Dentsply Sirona 牙科 CAD/CAM 系统），不符合""具名的第三方非牙科三维软件""要求；片段中未出现任何非牙科3D软件（如 Mimics、3D Slicer、Geomagic 等）被本研究使用的表述。
【软件】: -
【专科】: -
【应用场景】: -
【研究设计】: -"
clinical oriented 3d visualization and quantitative analysis of gingival thickness using convolutional neural networks and cbct,Clinical-oriented 3D visualization and quantitative analysis of gingival thickness using convolutional neural networks and CBCT.,Frontiers in dental medicine,journalArticle,L54V6DLZ,,EXCLUDE,EXCLUDE,"片段中 CloudCompare 仅出现在 ""the semi-automated CloudCompare software was employed to align CBCT with intraoral scans (29)""，该句为对既往研究（引用文献29）的泛述，并非本研究自身使用；本研究自身使用的是 DeepLabV3+ 深度学习模型与自研3D可视化算法，未表明使用具名第三方非牙科3D软件。",-,-,-,-,"【判定】: EXCLUDE
【证据】: 片段中 CloudCompare 仅出现在 ""the semi-automated CloudCompare software was employed to align CBCT with intraoral scans (29)""，该句为对既往研究（引用文献29）的泛述，并非本研究自身使用；本研究自身使用的是 DeepLabV3+ 深度学习模型与自研3D可视化算法，未表明使用具名第三方非牙科3D软件。
【软件】: -
【专科】: -
【应用场景】: -
【研究设计】: -"
digitally guided corticotomy using a customized surgical template suya corticotomy utility template a technique report,Digitally guided corticotomy using a customized surgical template (Suya corticotomy utility template): A technique report.,Clinical advances in periodontics,journalArticle,UBY7Q3RD,,EXCLUDE,EXCLUDE,"证据片段中仅出现 ""designed using free software""、""an analysis software""、""splint designing software""、""a cloud-based artificial intelligence (AI)-assisted imaging platform"" 等泛述，未给出任何具名第三方非牙科3D软件名称（如 Mimics、3D Slicer、Geomagic 等），无法证明本研究使用了具名第三方非牙科3D软件。",-,-,-,-,"【判定】: EXCLUDE
【证据】: 证据片段中仅出现 ""designed using free software""、""an analysis software""、""splint designing software""、""a cloud-based artificial intelligence (AI)-assisted imaging platform"" 等泛述，未给出任何具名第三方非牙科3D软件名称（如 Mimics、3D Slicer、Geomagic 等），无法证明本研究使用了具名第三方非牙科3D软件。
【软件】: -
【专科】: -
【应用场景】: -
【研究设计】: -"
ai augmented mixed reality for 3d visualization of perforator vessels a feasibility study in fibular flap surgery,AI-augmented mixed reality for 3D visualization of perforator vessels: A feasibility study in fibular flap surgery.,"Journal of stomatology, oral and maxillofacial surgery",journalArticle,Y86TUGG7,,EXCLUDE,EXCLUDE,"证据片段中仅出现 Unity engine 和 Mixed Reality Toolkit (MRTK) 用于开发 HoloLens 2 应用，以及自研 YOLO 模型推理、PnP 位姿计算、Kalman 滤波跟踪等算法；未出现任何具名的第三方非牙科三维（3D）软件（如 Mimics、3D Slicer、Geomagic、MATLAB 等）被本研究用于3D数据的处理、分析、建模或测量。缺失""本研究自身使用具名第三方非牙科3D软件""的证据。",-,-,-,-,"【判定】: EXCLUDE
【证据】: 证据片段中仅出现 Unity engine 和 Mixed Reality Toolkit (MRTK) 用于开发 HoloLens 2 应用，以及自研 YOLO 模型推理、PnP 位姿计算、Kalman 滤波跟踪等算法；未出现任何具名的第三方非牙科三维（3D）软件（如 Mimics、3D Slicer、Geomagic、MATLAB 等）被本研究用于3D数据的处理、分析、建模或测量。缺失""本研究自身使用具名第三方非牙科3D软件""的证据。
【软件】: -
【专科】: -
【应用场景】: -
【研究设计】: -"
international symposium napoca biodent 2021 new challenges in dental research 10 th edition 5 th 6 th november 2021,"International Symposium Napoca Biodent 2021: New Challenges in Dental Research, 10(th) Edition, 5(th) - 6(th) November 2021.",Medicine and pharmacy reports,journalArticle,WXJDH8BZ,,EXCLUDE,EXCLUDE,"证据片段仅为会议日程与摘要汇编（International Symposium Napoca Biodent 2021 会议手册），未出现任何表明本研究自身使用具名第三方非牙科3D软件的表述（如 ""we used / were analysed using / imported into / processed in""）；且文献类型为会议摘要/会议日程，不符合纳入标准第3条。",-,-,-,-,"【判定】: EXCLUDE
【证据】: 证据片段仅为会议日程与摘要汇编（International Symposium Napoca Biodent 2021 会议手册），未出现任何表明本研究自身使用具名第三方非牙科3D软件的表述（如 ""we used / were analysed using / imported into / processed in""）；且文献类型为会议摘要/会议日程，不符合纳入标准第3条。
【软件】: -
【专科】: -
【应用场景】: -
【研究设计】: -"
a deep metric learning and multimodal gated fusion framework for ai driven risk assessment of lingual plate perforation and mandibular canal injury in posterior mandible implants,A Deep Metric Learning and Multimodal Gated Fusion Framework for AI-Driven Risk Assessment of Lingual Plate Perforation and Mandibular Canal Injury in Posterior  Mandible Implants.,International journal of dentistry,journalArticle,EU3ZJKMP,,EXCLUDE,EXCLUDE,"证据片段中仅出现牙科专用软件 ""virtual implant planning software (Anatomage, San Jose, CA, USA)""，且图像处理使用 ""custom Python scripts""（自研代码），未出现任何具名第三方非牙科3D软件（如 Mimics、3D Slicer、MATLAB 等）被本研究自身使用的表述（如 we used / imported into / processed in）。",-,-,-,-,"【判定】: EXCLUDE
【证据】: 证据片段中仅出现牙科专用软件 ""virtual implant planning software (Anatomage, San Jose, CA, USA)""，且图像处理使用 ""custom Python scripts""（自研代码），未出现任何具名第三方非牙科3D软件（如 Mimics、3D Slicer、MATLAB 等）被本研究自身使用的表述（如 we used / imported into / processed in）。
【软件】: -
【专科】: -
【应用场景】: -
【研究设计】: -"
fully automated estimation of arch forms in cone beam ct with cubic b spline approximation evaluation of digital dental models with missing teeth,Fully automated estimation of arch forms in cone-beam CT with cubic B-spline approximation: Evaluation of digital dental models with missing teeth.,Computers in biology and medicine,journalArticle,C7KWYD39,,EXCLUDE,EXCLUDE,"片段中仅出现自研工具 ""an in-house software tool called A-View""，未出现任何具名第三方非牙科3D软件（如 Mimics、3D Slicer、MATLAB 等）被本研究使用的表述；其余软件名均未在方法学中出现。",-,-,-,-,"【判定】: EXCLUDE
【证据】: 片段中仅出现自研工具 ""an in-house software tool called A-View""，未出现任何具名第三方非牙科3D软件（如 Mimics、3D Slicer、MATLAB 等）被本研究使用的表述；其余软件名均未在方法学中出现。
【软件】: -
【专科】: -
【应用场景】: -
【研究设计】: -"
functional models from limited data a parametric and multimodal approach to anatomy and 3d kinematics of feeding in basking sharks cetorhinus maximus,Functional models from limited data: A parametric and multimodal approach to anatomy and 3D kinematics of feeding in basking sharks (Cetorhinus maximus).,"Anatomical record (Hoboken, N.J. : 2007)",journalArticle,29DTNV7A,,EXCLUDE,EXCLUDE,主题为鲨鱼（Cetorhinus maximus）摄食生物力学与解剖，不属于口腔医学任一学科；虽使用了 Amira、Rhinoceros/Grasshopper 等非牙科3D软件，但主题不符。,-,-,-,-,"【判定】: EXCLUDE
【证据】: 主题为鲨鱼（Cetorhinus maximus）摄食生物力学与解剖，不属于口腔医学任一学科；虽使用了 Amira、Rhinoceros/Grasshopper 等非牙科3D软件，但主题不符。
【软件】: -
【专科】: -
【应用场景】: -
【研究设计】: -"
deep learning based dental age estimation in adolescents using panoramic radiographs a comparative study with traditional methods,Deep learning-based dental age estimation in adolescents using panoramic radiographs: a comparative study with traditional methods.,Frontiers in radiology,journalArticle,IDDEZY3C,,EXCLUDE,EXCLUDE,"证据片段中未出现任何具名第三方非牙科3D软件（如 Mimics、3D Slicer、MATLAB 等）被本研究自身使用的表述；片段仅泛述 CNN 的应用（""These models have been successfully applied in dentistry...""）及他文引用（Ong et al.、Balel et al. 等），并提及自建 CNN 模型与 Grad-CAM 可视化，无 ""we used / imported into / processed in"" 等表明本研究使用具名第三方3D软件的原文。",-,-,-,-,"【判定】: EXCLUDE
【证据】: 证据片段中未出现任何具名第三方非牙科3D软件（如 Mimics、3D Slicer、MATLAB 等）被本研究自身使用的表述；片段仅泛述 CNN 的应用（""These models have been successfully applied in dentistry...""）及他文引用（Ong et al.、Balel et al. 等），并提及自建 CNN 模型与 Grad-CAM 可视化，无 ""we used / imported into / processed in"" 等表明本研究使用具名第三方3D软件的原文。
【软件】: -
【专科】: -
【应用场景】: -
【研究设计】: -"
association of peri implant mucosa dimensions with emergence profile angles of the implant prosthesis,Association of Peri-Implant Mucosa Dimensions With Emergence Profile Angles of the Implant Prosthesis.,Clinical and experimental dental research,journalArticle,GC7Z6UQ8,,EXCLUDE,EXCLUDE,"证据片段中唯一具名软件为 ""coDiagnostiX version 9.7, Dental Wings Inc.""，属牙科专用治疗计划软件，不符合""非牙科3D软件""要求；片段中未出现任何本研究自身使用的具名第三方非牙科3D软件（如 Mimics、3D Slicer、Geomagic 等）。",-,-,-,-,"【判定】: EXCLUDE
【证据】: 证据片段中唯一具名软件为 ""coDiagnostiX version 9.7, Dental Wings Inc.""，属牙科专用治疗计划软件，不符合""非牙科3D软件""要求；片段中未出现任何本研究自身使用的具名第三方非牙科3D软件（如 Mimics、3D Slicer、Geomagic 等）。
【软件】: -
【专科】: -
【应用场景】: -
【研究设计】: -"
specially designed and cad cam manufactured allogeneic bone blocks using for augmentation of a highly atrophic maxilla show a stable base for an all on six treatment concept a case report,Specially designed and CAD/CAM manufactured allogeneic bone blocks using for augmentation of a highly atrophic maxilla show a stable base for an all-on-six  treatment concept: a case report.,Maxillofacial plastic and reconstructive surgery,journalArticle,GDZGDW9U,,EXCLUDE,EXCLUDE,"证据片段仅泛述 ""using CAD/CAM technology"" 及 ""computer-aided design/computer-aided manufacturing (CAD/CAM)""，未出现任何具名第三方非牙科3D软件名，也无 ""we used / were analysed using / imported into / processed in"" 等表明本研究自身使用某具体软件的表述。",-,-,-,-,"【判定】: EXCLUDE
【证据】: 证据片段仅泛述 ""using CAD/CAM technology"" 及 ""computer-aided design/computer-aided manufacturing (CAD/CAM)""，未出现任何具名第三方非牙科3D软件名，也无 ""we used / were analysed using / imported into / processed in"" 等表明本研究自身使用某具体软件的表述。
【软件】: -
【专科】: -
【应用场景】: -
【研究设计】: -"
fabrication of immediately loaded implant retained maxillary overdenture with flapless surgery using a cad cam surgical guide a technical report,Fabrication of immediately loaded implant-retained maxillary overdenture with flapless surgery using a CAD/CAM surgical guide: A technical report.,Primary dental journal,journalArticle,EY9HHQH3,,EXCLUDE,EXCLUDE,"证据片段仅泛述 ""utilising a three-dimensional (3D) planning software and a CAD/CAM surgical guide""，未给出任何具名第三方非牙科3D软件名称，也无 ""we used / imported into / processed in"" 等表明本研究自身使用某具名软件的表述。",-,-,-,-,"【判定】: EXCLUDE
【证据】: 证据片段仅泛述 ""utilising a three-dimensional (3D) planning software and a CAD/CAM surgical guide""，未给出任何具名第三方非牙科3D软件名称，也无 ""we used / imported into / processed in"" 等表明本研究自身使用某具名软件的表述。
【软件】: -
【专科】: -
【应用场景】: -
【研究设计】: -"
trueness of fully guided static computer assisted implant surgery for immediate implant placement in premolar and molar sites an observational analysis,"Trueness of fully guided static computer-assisted implant surgery for immediate implant placement in premolar and molar sites, an observational analysis.",BMC oral health,journalArticle,DSAYFDCC,,EXCLUDE,EXCLUDE,"方法学片段中仅出现牙科专用软件 ""Implant Studio, 3Shape""（CAD-IPS），未出现任何具名第三方非牙科3D软件（如 Mimics、3D Slicer、Geomagic 等）被本研究自身用于3D数据处理、分析、建模或测量的表述。",-,-,-,-,"【判定】: EXCLUDE
【证据】: 方法学片段中仅出现牙科专用软件 ""Implant Studio, 3Shape""（CAD-IPS），未出现任何具名第三方非牙科3D软件（如 Mimics、3D Slicer、Geomagic 等）被本研究自身用于3D数据处理、分析、建模或测量的表述。
【软件】: -
【专科】: -
【应用场景】: -
【研究设计】: -"
revolutionizing dental restorations insights into computer aided design computer aided manufacturing materials a systematic review,Revolutionizing dental restorations: Insights into computer-aided design/computer-aided manufacturing materials - A systematic review.,Dental research journal,journalArticle,KRGY2GF4,,EXCLUDE,EXCLUDE,"该文献为系统综述（""This systematic review, conducted in accordance with Preferred Reporting Items for Systematic Reviews and Meta-Analyses guidelines""），文献类型不符（排除综述、系统综述）；且证据片段中未出现任何本研究自身使用的具名第三方非牙科3D软件。",-,-,-,-,"【判定】: EXCLUDE
【证据】: 该文献为系统综述（""This systematic review, conducted in accordance with Preferred Reporting Items for Systematic Reviews and Meta-Analyses guidelines""），文献类型不符（排除综述、系统综述）；且证据片段中未出现任何本研究自身使用的具名第三方非牙科3D软件。
【软件】: -
【专科】: -
【应用场景】: -
【研究设计】: -"
a personalized 3d printed cad cam functional space maintainer following the premature loss of a primary first molar in a five year old child,A Personalized 3D-Printed CAD/CAM Functional Space Maintainer Following the Premature Loss of a Primary First Molar in a Five-Year-Old Child.,Reports (MDPI),journalArticle,DIV2LM35,,EXCLUDE,EXCLUDE,"证据片段中仅出现 ""The space maintainer was designed using the 3Shape Dental Designer 2023 version software tool""，3Shape Dental Designer 属于牙科专用软件（exocad、3Shape 等），不符合""非牙科三维软件""要求；未出现任何具名第三方非牙科3D软件（如 Mimics、3D Slicer、Geomagic 等）被本研究使用的表述。",-,-,-,-,"【判定】: EXCLUDE
【证据】: 证据片段中仅出现 ""The space maintainer was designed using the 3Shape Dental Designer 2023 version software tool""，3Shape Dental Designer 属于牙科专用软件（exocad、3Shape 等），不符合""非牙科三维软件""要求；未出现任何具名第三方非牙科3D软件（如 Mimics、3D Slicer、Geomagic 等）被本研究使用的表述。
【软件】: -
【专科】: -
【应用场景】: -
【研究设计】: -"
automatic surgical planning based on point cloud filtering and geometric constraints for temporomandibular joint prosthesis implantation,Automatic surgical planning based on point cloud filtering and geometric constraints for temporomandibular joint prosthesis implantation.,International journal of computer assisted radiology and surgery,journalArticle,2E6KGKNK,,EXCLUDE,EXCLUDE,"证据片段中仅提及 ""The raw DICOM data were segmented using clinical software""（未具名），以及 ""all STL files underwent basic mesh preprocessing""，但未出现任何具名第三方非牙科3D软件（如 Mimics、3D Slicer、Geomagic 等）被本研究使用的表述；方法描述为自研算法（point cloud filtering、geometric constraints、linear equations），无 ""we used / were analysed using / imported into / processed in + 具名软件"" 的证据。",-,-,-,-,"【判定】: EXCLUDE
【证据】: 证据片段中仅提及 ""The raw DICOM data were segmented using clinical software""（未具名），以及 ""all STL files underwent basic mesh preprocessing""，但未出现任何具名第三方非牙科3D软件（如 Mimics、3D Slicer、Geomagic 等）被本研究使用的表述；方法描述为自研算法（point cloud filtering、geometric constraints、linear equations），无 ""we used / were analysed using / imported into / processed in + 具名软件"" 的证据。
【软件】: -
【专科】: -
【应用场景】: -
【研究设计】: -"
accuracy of facial scan registration a comparison between full cranium and reduced field of view cone beam computed tomography,Accuracy of facial scan registration: A comparison between full-cranium and reduced field-of-view cone-beam computed tomography.,Imaging science in dentistry,journalArticle,ZMMF2E7P,,EXCLUDE,EXCLUDE,"证据片段中未出现任何具名第三方非牙科3D软件名（如 Mimics、3D Slicer、Geomagic 等）；仅描述 ""registered to both full-cranium and reduced FOV CBCT using landmark-based matching and a best-fit algorithm""，未表明本研究使用了某一具名第三方3D软件。",-,-,-,-,"【判定】: EXCLUDE
【证据】: 证据片段中未出现任何具名第三方非牙科3D软件名（如 Mimics、3D Slicer、Geomagic 等）；仅描述 ""registered to both full-cranium and reduced FOV CBCT using landmark-based matching and a best-fit algorithm""，未表明本研究使用了某一具名第三方3D软件。
【软件】: -
【专科】: -
【应用场景】: -
【研究设计】: -"
hybrid digital workflow for accurate distal extension reproduction in free end removable dental prosthesis a technical report,Hybrid Digital Workflow for Accurate Distal Extension Reproduction in Free-End Removable Dental Prosthesis: A Technical Report.,Dentistry journal,journalArticle,ZQA8YILC,,EXCLUDE,EXCLUDE,"证据片段中出现的软件为 TRIOS 3 与 3Shape Dental System（3Shape A/S, Copenhagen, Denmark），均属牙科专用扫描/CAD软件；未出现任何具名第三方非牙科3D软件（如 Mimics、3D Slicer、Geomagic、Blender、MATLAB 等）被本研究自身用于3D数据处理、分析、建模或测量的表述。",-,-,-,-,"【判定】: EXCLUDE
【证据】: 证据片段中出现的软件为 TRIOS 3 与 3Shape Dental System（3Shape A/S, Copenhagen, Denmark），均属牙科专用扫描/CAD软件；未出现任何具名第三方非牙科3D软件（如 Mimics、3D Slicer、Geomagic、Blender、MATLAB 等）被本研究自身用于3D数据处理、分析、建模或测量的表述。
【软件】: -
【专科】: -
【应用场景】: -
【研究设计】: -"
comparison of the marginal discrepancy of pfm crowns in the cad cam and lost wax fabrication techniques by triple scanning,Comparison of the marginal discrepancy of PFM crowns in the CAD/CAM and lost-wax fabrication techniques by triple scanning.,Dental and medical problems,journalArticle,UIVXLDR7,,EXCLUDE,EXCLUDE,"证据片段仅提及 ""triple scanning""、""stereomicroscopy""、""SEM"" 等测量手段，以及泛述 ""CAD/CAM systems are widely used""，未出现任何具名第三方非牙科3D软件（如 Mimics、Geomagic、CloudCompare 等），也无 ""we used / imported into / processed in"" 等表明本研究自身使用某具名3D软件的表述。",-,-,-,-,"【判定】: EXCLUDE
【证据】: 证据片段仅提及 ""triple scanning""、""stereomicroscopy""、""SEM"" 等测量手段，以及泛述 ""CAD/CAM systems are widely used""，未出现任何具名第三方非牙科3D软件（如 Mimics、Geomagic、CloudCompare 等），也无 ""we used / imported into / processed in"" 等表明本研究自身使用某具名3D软件的表述。
【软件】: -
【专科】: -
【应用场景】: -
【研究设计】: -"
efficiency and accuracy of augmented reality guided endodontic surgery a systematic review,Efficiency and accuracy of augmented reality guided endodontic surgery: a systematic review.,BMC oral health,journalArticle,GKEVKNY9,,EXCLUDE,EXCLUDE,"该文献为系统综述（题名 ""a systematic review""，摘要 ""A systematic review was conducted in accordance with PRISMA 2020 guidelines""），文献类型不符纳入标准第3条；且证据片段中出现的 ""Mimics"" 仅出现在对纳入研究的汇总描述（""CBCT (Mimics)""）中，属于他文引用，并非本研究自身在材料与方法中使用该软件。",-,-,-,-,"【判定】: EXCLUDE
【证据】: 该文献为系统综述（题名 ""a systematic review""，摘要 ""A systematic review was conducted in accordance with PRISMA 2020 guidelines""），文献类型不符纳入标准第3条；且证据片段中出现的 ""Mimics"" 仅出现在对纳入研究的汇总描述（""CBCT (Mimics)""）中，属于他文引用，并非本研究自身在材料与方法中使用该软件。
【软件】: -
【专科】: -
【应用场景】: -
【研究设计】: -"
laboratorial comparative study of the accuracy between virtual planning and erickson s platform,Laboratorial Comparative Study of the Accuracy Between Virtual Planning and Erickson's Platform.,Journal of maxillofacial and oral surgery,journalArticle,K5L8U678,,EXCLUDE,EXCLUDE,"该研究使用的软件为 Dolphin Imaging 11.9（""the CBCT was analyzed applying Dolphin Imaging 11.9 software""），但 Dolphin Imaging 属于牙科/正颌外科专用软件，不属于原始开发领域在牙科之外的第三方非牙科3D软件；证据片段中未出现任何符合纳入标准的非牙科3D软件（如 Mimics、3D Slicer、Geomagic 等）被本研究自身使用的表述。",-,-,-,-,"【判定】: EXCLUDE
【证据】: 该研究使用的软件为 Dolphin Imaging 11.9（""the CBCT was analyzed applying Dolphin Imaging 11.9 software""），但 Dolphin Imaging 属于牙科/正颌外科专用软件，不属于原始开发领域在牙科之外的第三方非牙科3D软件；证据片段中未出现任何符合纳入标准的非牙科3D软件（如 Mimics、3D Slicer、Geomagic 等）被本研究自身使用的表述。
【软件】: -
【专科】: -
【应用场景】: -
【研究设计】: -"
zirconia implants interfere with the evaluation of peri implant bone defects in cone beam computed tomography cbct images even with artifact reduction a pilot study,"Zirconia implants interfere with the evaluation of peri-implant bone defects in cone beam computed tomography (CBCT) images even with artifact reduction, a pilot  study.",Dento maxillo facial radiology,journalArticle,HG9V8DTX,,EXCLUDE,EXCLUDE,"证据片段中仅出现统计软件 ""SPSS 29 (IBM, NY) software package was used""，未出现任何具名第三方非牙科三维（3D）软件用于3D数据处理、分析、建模或测量的表述（如 we used / were analysed using / imported into / processed in 等）。",-,-,-,-,"【判定】: EXCLUDE
【证据】: 证据片段中仅出现统计软件 ""SPSS 29 (IBM, NY) software package was used""，未出现任何具名第三方非牙科三维（3D）软件用于3D数据处理、分析、建模或测量的表述（如 we used / were analysed using / imported into / processed in 等）。
【软件】: -
【专科】: -
【应用场景】: -
【研究设计】: -"
two stage deep learning framework for occlusal crown depth image generation,Two-stage deep learning framework for occlusal crown depth image generation.,Computers in biology and medicine,journalArticle,IDCI2HJY,,EXCLUDE,EXCLUDE,"证据片段中未出现任何具名第三方非牙科3D软件（如 Mimics、3D Slicer、Geomagic、MATLAB 等）被本研究自身使用的表述；仅描述自研的两阶段深度学习模型（segmentation network + GAN inpainting network），属于""只使用自研代码/自建深度学习模型，没有使用具名第三方软件""的排除情形。",-,-,-,-,"【判定】: EXCLUDE
【证据】: 证据片段中未出现任何具名第三方非牙科3D软件（如 Mimics、3D Slicer、Geomagic、MATLAB 等）被本研究自身使用的表述；仅描述自研的两阶段深度学习模型（segmentation network + GAN inpainting network），属于""只使用自研代码/自建深度学习模型，没有使用具名第三方软件""的排除情形。
【软件】: -
【专科】: -
【应用场景】: -
【研究设计】: -"
use of individually designed cad cam suprastructures for dental reconstruction in patients with cleft lip and palate,Use of Individually Designed CAD/CAM Suprastructures for Dental Reconstruction in Patients with Cleft Lip and Palate.,Dentistry journal,journalArticle,HXCMADLS,,EXCLUDE,EXCLUDE,"证据片段仅提及 Atlantis 2in1 system 和 Createch 等牙科专用 CAD/CAM 系统，未出现任何具名第三方非牙科3D软件（如 Mimics、3D Slicer、Geomagic 等）被本研究自身使用的表述（如 ""we used / imported into / processed in""）。",-,-,-,-,"【判定】: EXCLUDE
【证据】: 证据片段仅提及 Atlantis 2in1 system 和 Createch 等牙科专用 CAD/CAM 系统，未出现任何具名第三方非牙科3D软件（如 Mimics、3D Slicer、Geomagic 等）被本研究自身使用的表述（如 ""we used / imported into / processed in""）。
【软件】: -
【专科】: -
【应用场景】: -
【研究设计】: -"
artificial intelligence for maxillofacial prosthodontics a technological shift in craniofacial rehabilitation a scoping review,Artificial intelligence for maxillofacial prosthodontics: A technological shift in craniofacial rehabilitation- a scoping review.,Journal of oral biology and craniofacial research,journalArticle,LPNTLF6K,,EXCLUDE,EXCLUDE,"该文献为 scoping review（题名及摘要明确 ""A scoping review""、""This scoping review adhered to...""），属排除的文献类型；证据片段中出现的 ANSYS 仅见于对他人研究（Wei et al. 2025）的引用描述，并非本研究自身使用。",-,-,-,-,"【判定】: EXCLUDE
【证据】: 该文献为 scoping review（题名及摘要明确 ""A scoping review""、""This scoping review adhered to...""），属排除的文献类型；证据片段中出现的 ANSYS 仅见于对他人研究（Wei et al. 2025）的引用描述，并非本研究自身使用。
【软件】: -
【专科】: -
【应用场景】: -
【研究设计】: -"
exploring the intricacies of finite element modeling of 3d printed scaffolds for musculoskeletal applications an in depth review,Exploring the Intricacies of Finite Element Modeling of 3D-Printed Scaffolds for Musculoskeletal Applications: An In-Depth Review.,Cureus,journalArticle,QLCV7SDJ,,EXCLUDE,EXCLUDE,"该文献为综述（题名含 ""An In-Depth Review""，摘要为 ""This review summarizes...""），且证据片段中未出现任何表明本研究自身使用了具名第三方非牙科3D软件的表述（无 ""we used / were analysed using / imported into / processed in"" 等），亦无具体软件名。",-,-,-,-,"【判定】: EXCLUDE
【证据】: 该文献为综述（题名含 ""An In-Depth Review""，摘要为 ""This review summarizes...""），且证据片段中未出现任何表明本研究自身使用了具名第三方非牙科3D软件的表述（无 ""we used / were analysed using / imported into / processed in"" 等），亦无具体软件名。
【软件】: -
【专科】: -
【应用场景】: -
【研究设计】: -"
investigation of voids in the apical plug of mta using cone beam computed tomography digital radiography and analog radiography,"Investigation of Voids in the Apical Plug of MTA Using Cone-Beam Computed Tomography, Digital Radiography, and Analog Radiography.","Journal of dentistry (Shiraz, Iran)",journalArticle,ECEYBXQN,,EXCLUDE,EXCLUDE,"片段中仅出现 ""Data from the CBCT scans was input into NNT view version 2.17 software for analysis""，NNT view 为 CBCT 设备配套的牙科影像查看软件，不属于非牙科第三方三维软件；且片段中其他软件名（如 Kositbowamchai et al. 引用）仅出现在他文引用中，未表明本研究自身使用了具名第三方非牙科3D软件。",-,-,-,-,"【判定】: EXCLUDE
【证据】: 片段中仅出现 ""Data from the CBCT scans was input into NNT view version 2.17 software for analysis""，NNT view 为 CBCT 设备配套的牙科影像查看软件，不属于非牙科第三方三维软件；且片段中其他软件名（如 Kositbowamchai et al. 引用）仅出现在他文引用中，未表明本研究自身使用了具名第三方非牙科3D软件。
【软件】: -
【专科】: -
【应用场景】: -
【研究设计】: -"
isolation and therapeutic application of extracellular vesicles derived from self assembled mesenchymal stem cell aggregates,Isolation and Therapeutic Application of Extracellular Vesicles Derived from Self-Assembled Mesenchymal Stem Cell Aggregates.,,videoRecording,ZAPYVPDD,,EXCLUDE,EXCLUDE,"证据片段仅提及 ""compatible software""（NTA 仪器配套软件）用于纳米颗粒跟踪分析，未出现任何具名第三方非牙科三维（3D）软件名，也无 ""we used / imported into / processed in"" 等表明本研究使用具名3D软件处理3D数据的表述；缺失具名第三方非牙科3D软件的使用证据。",-,-,-,-,"【判定】: EXCLUDE
【证据】: 证据片段仅提及 ""compatible software""（NTA 仪器配套软件）用于纳米颗粒跟踪分析，未出现任何具名第三方非牙科三维（3D）软件名，也无 ""we used / imported into / processed in"" 等表明本研究使用具名3D软件处理3D数据的表述；缺失具名第三方非牙科3D软件的使用证据。
【软件】: -
【专科】: -
【应用场景】: -
【研究设计】: -"
new approach to dental morphometric research based on 3d imaging techniques,New Approach to Dental Morphometric Research Based on 3D Imaging Techniques.,Journal of imaging,journalArticle,JXPNURLI,,EXCLUDE,INCLUDE,"The raw data represented by .BMP format images with 8-bit color depth was processed by Avizo 9.01 software (Thermo Fisher Scientiﬁc, Waltham, MA, USA)",Avizo,Oral and Maxillofacial Radiology,Image segmentation and 3D reconstruction,computational,"【判定】: INCLUDE
【证据】: The raw data represented by .BMP format images with 8-bit color depth was processed by Avizo 9.01 software (Thermo Fisher Scientiﬁc, Waltham, MA, USA)
【软件】: Avizo
【专科】: Oral and Maxillofacial Radiology
【应用场景】: Image segmentation and 3D reconstruction
【研究设计】: computational"
evaluation of the marginal fit of computer aided design cad and computer aided manufacturing cam zirconia bridges fabricated with different firing cycles of veneering porcelain an in vitro study,Evaluation of the Marginal Fit of Computer-Aided Design (CAD) and Computer-Aided Manufacturing (CAM) Zirconia Bridges Fabricated With Different Firing Cycles of  Veneering Porcelain: An In Vitro Study.,Cureus,journalArticle,CC4C93VB,,EXCLUDE,EXCLUDE,"证据片段中仅出现 ""designed by CAD/CAM"" 等泛述，未出现任何具名第三方非牙科3D软件名，也无 ""we used / were analysed using / imported into / processed in"" 等表明本研究自身使用某具体软件的表述；缺失具名第三方非牙科3D软件的使用证据。",-,-,-,-,"【判定】: EXCLUDE
【证据】: 证据片段中仅出现 ""designed by CAD/CAM"" 等泛述，未出现任何具名第三方非牙科3D软件名，也无 ""we used / were analysed using / imported into / processed in"" 等表明本研究自身使用某具体软件的表述；缺失具名第三方非牙科3D软件的使用证据。
【软件】: -
【专科】: -
【应用场景】: -
【研究设计】: -"
potential applicability of virtual reality in implant dentistry a narrative review,Potential applicability of virtual reality in implant dentistry: a narrative review.,Frontiers in dental medicine,journalArticle,Y85SAQ5F,,EXCLUDE,EXCLUDE,"该文献为叙述性综述（题名 ""a narrative review""），方法学片段中未出现任何表明本研究自身使用具名第三方非牙科3D软件的表述（如 ""we used / were analysed using / imported into / processed in""）；片段仅为表格举例、局限性讨论及参考文献列表。",-,-,-,-,"【判定】: EXCLUDE
【证据】: 该文献为叙述性综述（题名 ""a narrative review""），方法学片段中未出现任何表明本研究自身使用具名第三方非牙科3D软件的表述（如 ""we used / were analysed using / imported into / processed in""）；片段仅为表格举例、局限性讨论及参考文献列表。
【软件】: -
【专科】: -
【应用场景】: -
【研究设计】: -"
rat tongue kinematics with markerless xromm using deeplabcut and marker masking,Rat Tongue Kinematics with Markerless XROMM Using DeepLabCut and Marker Masking.,Annual International Conference of the IEEE Engineering in Medicine and Biology Society. IEEE Engineering in Medicine and Biology Society. Annual International  Conference,journalArticle,R32WAMDT,,EXCLUDE,EXCLUDE,"证据片段中出现的软件名（DeepLabCut、XMALab、OpenCV）均只出现在参考文献列表中，未出现 ""we used / were analysed using / imported into / processed in"" 等表明本研究自身使用该软件的表述。",-,-,-,-,"【判定】: EXCLUDE
【证据】: 证据片段中出现的软件名（DeepLabCut、XMALab、OpenCV）均只出现在参考文献列表中，未出现 ""we used / were analysed using / imported into / processed in"" 等表明本研究自身使用该软件的表述。
【软件】: -
【专科】: -
【应用场景】: -
【研究设计】: -"
virtual articulator software accuracy usability and clinical applicability a systematic review,"Virtual Articulator Software: Accuracy, Usability, and Clinical Applicability: A Systematic Review.",International dental journal,journalArticle,U5BR4J6Y,,EXCLUDE,EXCLUDE,"该文献为系统综述（Systematic Review），类型不符；且证据片段中 Geomagic、ATOS 等软件名仅出现在对既往研究的泛述（""Initially, the physical dental articulator underwent scanning using the ATOS Compact...""）中，未表明本研究自身使用该软件。",-,-,-,-,"【判定】: EXCLUDE
【证据】: 该文献为系统综述（Systematic Review），类型不符；且证据片段中 Geomagic、ATOS 等软件名仅出现在对既往研究的泛述（""Initially, the physical dental articulator underwent scanning using the ATOS Compact...""）中，未表明本研究自身使用该软件。
【软件】: -
【专科】: -
【应用场景】: -
【研究设计】: -"
comparison of 3d accuracy of conventional cast metal to milled zirconia implant supported full arch fixed dental prosthesis frameworks,Comparison of 3D Accuracy of Conventional Cast Metal to Milled Zirconia Implant-Supported Full-Arch Fixed Dental Prosthesis Frameworks.,The International journal of oral & maxillofacial implants,journalArticle,SISAMUSA,,EXCLUDE,EXCLUDE,"片段中仅提及 CAD/CAM、dental laboratory scanner、coordinate measuring machine (CMM) 及其 metrology software (PC-DMIS)，未出现任何具名的第三方非牙科三维软件（如 Mimics、Geomagic、CloudCompare 等）被本研究自身用于3D数据处理/分析/建模/测量；PC-DMIS 为计量软件而非3D建模/分析软件，且无 ""we used / imported into / processed in"" 等表述指向非牙科3D软件。",-,-,-,-,"【判定】: EXCLUDE
【证据】: 片段中仅提及 CAD/CAM、dental laboratory scanner、coordinate measuring machine (CMM) 及其 metrology software (PC-DMIS)，未出现任何具名的第三方非牙科三维软件（如 Mimics、Geomagic、CloudCompare 等）被本研究自身用于3D数据处理/分析/建模/测量；PC-DMIS 为计量软件而非3D建模/分析软件，且无 ""we used / imported into / processed in"" 等表述指向非牙科3D软件。
【软件】: -
【专科】: -
【应用场景】: -
【研究设计】: -"
accuracy of implant placement with a combined use of static and dynamic computer assisted implant surgery in single tooth space a randomized controlled trial,Accuracy of implant placement with a combined use of static and dynamic computer-assisted implant surgery in single tooth space: A randomized controlled  trial.,Clinical oral implants research,journalArticle,UYNICMWQ,,EXCLUDE,EXCLUDE,片段中出现的具名软件为 Iris-100（动态导航软件，属牙科专用导航系统）与 coDiagnostiX（牙科专用种植规划软件），另有 3Shape 扫描仪与 G*Power 统计软件；未出现任何本研究自身使用的具名第三方非牙科三维软件（如 Mimics、3D Slicer、Geomagic 等）用于3D数据处理、分析、建模或测量的表述。,-,-,-,-,"【判定】: EXCLUDE
【证据】: 片段中出现的具名软件为 Iris-100（动态导航软件，属牙科专用导航系统）与 coDiagnostiX（牙科专用种植规划软件），另有 3Shape 扫描仪与 G*Power 统计软件；未出现任何本研究自身使用的具名第三方非牙科三维软件（如 Mimics、3D Slicer、Geomagic 等）用于3D数据处理、分析、建模或测量的表述。
【软件】: -
【专科】: -
【应用场景】: -
【研究设计】: -"
efficient complete denture metal base design via a dental feature driven segmentation network,Efficient complete denture metal base design via a dental feature-driven segmentation network.,Computers in biology and medicine,journalArticle,4X2TJXXU,,EXCLUDE,EXCLUDE,"证据片段仅描述该研究开发了自研的分割网络框架 CDMB-SegNet（""we develop a computer-aided Segmentation Network-driven CDMB design framework, called CDMB-SegNet""），未出现任何具名第三方非牙科3D软件（如 Mimics、3D Slicer、Geomagic、MATLAB 等）被本研究使用的表述（如 ""we used / imported into / processed in""）。",-,-,-,-,"【判定】: EXCLUDE
【证据】: 证据片段仅描述该研究开发了自研的分割网络框架 CDMB-SegNet（""we develop a computer-aided Segmentation Network-driven CDMB design framework, called CDMB-SegNet""），未出现任何具名第三方非牙科3D软件（如 Mimics、3D Slicer、Geomagic、MATLAB 等）被本研究使用的表述（如 ""we used / imported into / processed in""）。
【软件】: -
【专科】: -
【应用场景】: -
【研究设计】: -"
tablet based augmented reality and 3d printed templates in fully guided microtia reconstruction a clinical workflow,Tablet-based Augmented reality and 3D printed templates in fully guided Microtia Reconstruction: a clinical workflow.,3D printing in medicine,journalArticle,EJE3LUQJ,,EXCLUDE,INCLUDE,"""The resulting DICOM files were exported to 3D Slicer software to generate virtual 3D biomodels."" 以及 ""we used Geomagic Freeform Plus software to design several templates..."" 以及 ""Both 3D models were aligned in 3D Slicer...""",3D Slicer; Geomagic Freeform Plus,Oral and Maxillofacial Surgery,Surgical planning and precise implementation,clinical,"【判定】: INCLUDE
【证据】: ""The resulting DICOM files were exported to 3D Slicer software to generate virtual 3D biomodels."" 以及 ""we used Geomagic Freeform Plus software to design several templates..."" 以及 ""Both 3D models were aligned in 3D Slicer...""
【软件】: 3D Slicer; Geomagic Freeform Plus
【专科】: Oral and Maxillofacial Surgery
【应用场景】: Surgical planning and precise implementation
【研究设计】: clinical"
a novel solution of using mixed reality in bowel and oral and maxillofacial surgical telepresence 3d mean value cloning algorithm,A Novel Solution of Using Mixed Reality in Bowel and Oral and Maxillofacial Surgical Telepresence: 3D Mean Value Cloning algorithm.,The international journal of medical robotics + computer assisted surgery : MRCAS,journalArticle,VTPCDERE,,EXCLUDE,EXCLUDE,"证据片段中仅出现 ""The proposed solution implemented Iterative Closest Point (ICP) algorithm"" 等自研算法描述，以及对他文（Henry & Lee [5]、Amin [11]、Fan et al. [17]、Pokhrel et al. [24]、Murugesan et al. [25]）方法的综述性引用，未出现任何具名第三方非牙科3D软件（如 Mimics、3D Slicer、MATLAB 等）被本研究自身使用的表述（如 ""we used / were analysed using / imported into / processed in""）。",-,-,-,-,"【判定】: EXCLUDE
【证据】: 证据片段中仅出现 ""The proposed solution implemented Iterative Closest Point (ICP) algorithm"" 等自研算法描述，以及对他文（Henry & Lee [5]、Amin [11]、Fan et al. [17]、Pokhrel et al. [24]、Murugesan et al. [25]）方法的综述性引用，未出现任何具名第三方非牙科3D软件（如 Mimics、3D Slicer、MATLAB 等）被本研究自身使用的表述（如 ""we used / were analysed using / imported into / processed in""）。
【软件】: -
【专科】: -
【应用场景】: -
【研究设计】: -"
automatic real time space registration application for simulating dental and maxillofacial surgery,Automatic Real-Time Space Registration Application for Simulating Dental and Maxillofacial Surgery.,The Journal of craniofacial surgery,journalArticle,4RXVW5LA,,EXCLUDE,EXCLUDE,"证据片段中未出现任何具名第三方非牙科3D软件（如 Mimics、3D Slicer、MATLAB 等）被本研究自身使用的表述；文中仅描述自研的加权迭代最近点（ICP）配准算法（""this paper proposes a novel real-time teeth registration algorithm""、""The proposed method is based on the weighted iterative closest point (ICP) algorithm""），属于自研代码/算法，未使用具名第三方软件。",-,-,-,-,"【判定】: EXCLUDE
【证据】: 证据片段中未出现任何具名第三方非牙科3D软件（如 Mimics、3D Slicer、MATLAB 等）被本研究自身使用的表述；文中仅描述自研的加权迭代最近点（ICP）配准算法（""this paper proposes a novel real-time teeth registration algorithm""、""The proposed method is based on the weighted iterative closest point (ICP) algorithm""），属于自研代码/算法，未使用具名第三方软件。
【软件】: -
【专科】: -
【应用场景】: -
【研究设计】: -"
patient specific gingival recession system based on periodontal disease prediction,Patient-specific gingival recession system based on periodontal disease prediction.,International journal of computerized dentistry,journalArticle,VXPM8E6R,,EXCLUDE,EXCLUDE,"证据片段仅显示该研究开发了自研的 ""PDP software""（含 DLW、3DM、PLI 组件），并使用 Dijkstra's algorithm 和 K-means 聚类；未出现任何具名第三方非牙科3D软件（如 Mimics、3D Slicer、Geomagic、MATLAB 等）被本研究使用的表述（如 ""we used / imported into / processed in""）。",-,-,-,-,"【判定】: EXCLUDE
【证据】: 证据片段仅显示该研究开发了自研的 ""PDP software""（含 DLW、3DM、PLI 组件），并使用 Dijkstra's algorithm 和 K-means 聚类；未出现任何具名第三方非牙科3D软件（如 Mimics、3D Slicer、Geomagic、MATLAB 等）被本研究使用的表述（如 ""we used / imported into / processed in""）。
【软件】: -
【专科】: -
【应用场景】: -
【研究设计】: -"
advances in digital restorative dentistry evaluation of clinical outcome parameters of cad cam and 3d printed inlays onlays and veneers scoping review,"Advances in Digital Restorative Dentistry: Evaluation of Clinical Outcome Parameters of CAD/CAM and 3D-Printed Inlays, Onlays, and Veneers-Scoping Review.",International journal of dentistry,journalArticle,LIQ8K4QS,,EXCLUDE,EXCLUDE,"该文献为 scoping review（范围综述），摘要明确 ""This scoping review aimed to map and synthesize current evidence...""，方法学片段中未出现任何表明本研究自身使用具名第三方非牙科3D软件的表述（无 ""we used / were analysed using / imported into / processed in"" 等），且文献类型为综述，不符合纳入标准第3条。",-,-,-,-,"【判定】: EXCLUDE
【证据】: 该文献为 scoping review（范围综述），摘要明确 ""This scoping review aimed to map and synthesize current evidence...""，方法学片段中未出现任何表明本研究自身使用具名第三方非牙科3D软件的表述（无 ""we used / were analysed using / imported into / processed in"" 等），且文献类型为综述，不符合纳入标准第3条。
【软件】: -
【专科】: -
【应用场景】: -
【研究设计】: -"
an in vitro analysis of implant site preparation and placement protocols on implant accuracy in robot assisted procedures,An In Vitro Analysis of Implant Site Preparation and Placement Protocols on Implant Accuracy in Robot-Assisted Procedures.,Dentistry journal,journalArticle,JYU5QBGN,,EXCLUDE,EXCLUDE,片段中出现的软件为 NNT Viewer（DICOM 格式转换）和 RemebotDent（机器人规划软件），二者均非纳入标准所列的具名第三方非牙科三维软件；NNT Viewer 仅用于 DICOM 格式转换，RemebotDent 为机器人专用规划软件，均未体现本研究使用 Mimics、3D Slicer、Geomagic、MATLAB 等非牙科 3D 软件进行 3D 数据处理、分析、建模或测量。,-,-,-,-,"【判定】: EXCLUDE
【证据】: 片段中出现的软件为 NNT Viewer（DICOM 格式转换）和 RemebotDent（机器人规划软件），二者均非纳入标准所列的具名第三方非牙科三维软件；NNT Viewer 仅用于 DICOM 格式转换，RemebotDent 为机器人专用规划软件，均未体现本研究使用 Mimics、3D Slicer、Geomagic、MATLAB 等非牙科 3D 软件进行 3D 数据处理、分析、建模或测量。
【软件】: -
【专科】: -
【应用场景】: -
【研究设计】: -"
role of 3d printing in post op rehabilitation of palatal bone loss by mucormycosis a survey,Role of 3D Printing in Post-op Rehabilitation of Palatal Bone Loss by Mucormycosis: A Survey.,Cureus,journalArticle,6VNYBPW6,,EXCLUDE,EXCLUDE,"证据片段全部为参考文献列表内容（如 ""3D printing of bone tissue engineering scaffolds""、""Three-dimensional surgical modeling with an open-source software protocol"" 等），未出现任何表明本研究自身在材料与方法中使用具名第三方非牙科3D软件的表述（如 ""we used / were analysed using / imported into / processed in""）。此外，该研究为问卷调查（survey），非原创研究/技术说明/病例报告类型。",-,-,-,-,"【判定】: EXCLUDE
【证据】: 证据片段全部为参考文献列表内容（如 ""3D printing of bone tissue engineering scaffolds""、""Three-dimensional surgical modeling with an open-source software protocol"" 等），未出现任何表明本研究自身在材料与方法中使用具名第三方非牙科3D软件的表述（如 ""we used / were analysed using / imported into / processed in""）。此外，该研究为问卷调查（survey），非原创研究/技术说明/病例报告类型。
【软件】: -
【专科】: -
【应用场景】: -
【研究设计】: -"
fit and retention of complete denture bases part ii conventional impressions versus digital scans a clinical controlled crossover study,Fit and retention of complete denture bases: Part II - conventional impressions versus digital scans: A clinical controlled crossover study.,The Journal of prosthetic dentistry,journalArticle,W29E6BQZ,,INCLUDE,INCLUDE,The scans of each denture base were imported into an analytic software program (Geomagic Control X 2020; 3D systems). ... The software program used the best fit algorithm to match the scans to their corresponding reference scan. A 3D comparison was then performed for the entire intaglio surface.,Geomagic Control X,Prosthodontics,3D data analysis and accuracy assessment,clinical,"【判定】: INCLUDE
【证据】: The scans of each denture base were imported into an analytic software program (Geomagic Control X 2020; 3D systems). ... The software program used the best fit algorithm to match the scans to their corresponding reference scan. A 3D comparison was then performed for the entire intaglio surface.
【软件】: Geomagic Control X
【专科】: Prosthodontics
【应用场景】: 3D data analysis and accuracy assessment
【研究设计】: clinical"
biologic and esthetic outcome of cad cam custom ceramic implant abutment a clinical report,Biologic and Esthetic Outcome of CAD/CAM Custom Ceramic Implant Abutment: A Clinical Report.,Maedica,journalArticle,6HK2FTWY,,EXCLUDE,EXCLUDE,缺失证据：方法学片段中仅出现牙科专用软件（exocad design soft、3Shape Trios），未出现任何具名第三方非牙科3D软件被本研究自身使用的表述（如 we used / imported into / processed in 等）。,-,-,-,-,"【判定】: EXCLUDE
【证据】: 缺失证据：方法学片段中仅出现牙科专用软件（exocad design soft、3Shape Trios），未出现任何具名第三方非牙科3D软件被本研究自身使用的表述（如 we used / imported into / processed in 等）。
【软件】: -
【专科】: -
【应用场景】: -
【研究设计】: -"
guided full mouth implant rehabilitation in atrophic alveolar ridges using ttphil all tilt protocol a case report with three years follow up,Guided Full Mouth Implant Rehabilitation in Atrophic Alveolar Ridges Using TTPHIL ALL TILT? Protocol: A Case Report With Three Years Follow-Up.,Cureus,journalArticle,V32JAIQC,,EXCLUDE,EXCLUDE,"证据片段仅提及 ""digital planning in software""、""a digital implant planning software""、""CAD/CAM fabrication""，未出现任何具名第三方非牙科3D软件名称（如 Mimics、3D Slicer、Geomagic 等），无法证明本研究自身使用了具名第三方非牙科3D软件。",-,-,-,-,"【判定】: EXCLUDE
【证据】: 证据片段仅提及 ""digital planning in software""、""a digital implant planning software""、""CAD/CAM fabrication""，未出现任何具名第三方非牙科3D软件名称（如 Mimics、3D Slicer、Geomagic 等），无法证明本研究自身使用了具名第三方非牙科3D软件。
【软件】: -
【专科】: -
【应用场景】: -
【研究设计】: -"
comparison of the accuracy of implant position for two implants supported fixed dental prosthesis using static and dynamic computer assisted implant surgery a randomized controlled clinical trial,Comparison of the accuracy of implant position for two-implants supported fixed dental prosthesis using static and dynamic computer-assisted implant surgery: A  randomized controlled clinical trial.,Clinical implant dentistry and related research,journalArticle,D4M6PMD4,,EXCLUDE,EXCLUDE,片段中出现的软件为 coDiagnostiX（牙科专用种植规划软件）和 Iris-100（动态CAIS专用软件），以及 G*Power（统计软件，非3D处理软件）。未出现任何具名的第三方非牙科3D软件（如 Mimics、3D Slicer、Geomagic 等）被本研究用于3D数据处理、分析、建模或测量的表述。,-,-,-,-,"【判定】: EXCLUDE
【证据】: 片段中出现的软件为 coDiagnostiX（牙科专用种植规划软件）和 Iris-100（动态CAIS专用软件），以及 G*Power（统计软件，非3D处理软件）。未出现任何具名的第三方非牙科3D软件（如 Mimics、3D Slicer、Geomagic 等）被本研究用于3D数据处理、分析、建模或测量的表述。
【软件】: -
【专科】: -
【应用场景】: -
【研究设计】: -"
electrical impedance myography method of measuring anisotropic tongue tissue,Electrical impedance myography method of measuring anisotropic tongue tissue.,Physiological measurement,journalArticle,A2PX5EWK,,EXCLUDE,EXCLUDE,"证据片段仅包含利益冲突声明（Myolex、Haystack Diagnostics、Ioniq Sciences、B-Secur、Impedimed、Texas Instruments、Happy Health、Analog Devices 等公司顾问关系）及摘要性方法描述（""Finite-element method (FEM) simulations""），未出现任何具名第三方非牙科3D软件名，也无 ""we used / were analysed using / imported into / processed in"" 等表明本研究自身使用某具名软件的表述。",-,-,-,-,"【判定】: EXCLUDE
【证据】: 证据片段仅包含利益冲突声明（Myolex、Haystack Diagnostics、Ioniq Sciences、B-Secur、Impedimed、Texas Instruments、Happy Health、Analog Devices 等公司顾问关系）及摘要性方法描述（""Finite-element method (FEM) simulations""），未出现任何具名第三方非牙科3D软件名，也无 ""we used / were analysed using / imported into / processed in"" 等表明本研究自身使用某具名软件的表述。
【软件】: -
【专科】: -
【应用场景】: -
【研究设计】: -"
assessment of 3d facial scan integration in 3d digital workflows using radiographic markers and the iterative closest point algorithm,Assessment of 3D facial scan integration in 3D digital workflows using radiographic markers and the iterative closest point algorithm.,Journal of prosthodontics : official journal of the American College of Prosthodontists,journalArticle,P4CN4M7Y,,EXCLUDE,EXCLUDE,"该研究在材料与方法中仅使用了牙科专用软件 Exocad（""integrated with the standard tessellation language (STL) files from the facial scans in Exocad software""），未使用任何具名的第三方非牙科3D软件；ICP算法为通用算法而非具名软件。",-,-,-,-,"【判定】: EXCLUDE
【证据】: 该研究在材料与方法中仅使用了牙科专用软件 Exocad（""integrated with the standard tessellation language (STL) files from the facial scans in Exocad software""），未使用任何具名的第三方非牙科3D软件；ICP算法为通用算法而非具名软件。
【软件】: -
【专科】: -
【应用场景】: -
【研究设计】: -"
a novel technique to retrieve cement retained implant supported prosthesis with digital imaging a technical report,A Novel Technique to Retrieve Cement Retained Implant Supported Prosthesis with Digital Imaging: A Technical Report.,"Journal of dentistry (Shiraz, Iran)",journalArticle,6MA2TRFI,,EXCLUDE,EXCLUDE,"该研究使用的软件为 Exocad（Dental CAD 3.0 Galway），属于牙科专用软件（""using the Exocad software (Dental CAD 3.0 Galway)""）；扫描仪（TRIOS、Medit I700、Shining 3D DS-ES Pro）和3D打印机（Shining 3D AccuFab-L4D）为硬件设备，非3D数据处理/分析/建模软件。证据片段中未出现任何具名的第三方非牙科3D软件（如 Mimics、3D Slicer、Geomagic、Blender 等）被本研究自身用于3D数据处理、分析、建模或测量。",-,-,-,-,"【判定】: EXCLUDE
【证据】: 该研究使用的软件为 Exocad（Dental CAD 3.0 Galway），属于牙科专用软件（""using the Exocad software (Dental CAD 3.0 Galway)""）；扫描仪（TRIOS、Medit I700、Shining 3D DS-ES Pro）和3D打印机（Shining 3D AccuFab-L4D）为硬件设备，非3D数据处理/分析/建模软件。证据片段中未出现任何具名的第三方非牙科3D软件（如 Mimics、3D Slicer、Geomagic、Blender 等）被本研究自身用于3D数据处理、分析、建模或测量。
【软件】: -
【专科】: -
【应用场景】: -
【研究设计】: -"
cad cam denture teeth made on cast metal removable partial denture frameworks,CAD-CAM denture teeth made on cast metal removable partial denture frameworks.,The Journal of prosthetic dentistry,journalArticle,YY79UAZM,,EXCLUDE,EXCLUDE,"证据片段中出现的软件为 ""design software program (3Shape A/S)""，属于牙科专用软件（3Shape），不符合""具名的第三方非牙科三维软件""要求；片段中未出现任何非牙科3D软件（如 Mimics、3D Slicer、Geomagic、Blender 等）被本研究使用的表述。",-,-,-,-,"【判定】: EXCLUDE
【证据】: 证据片段中出现的软件为 ""design software program (3Shape A/S)""，属于牙科专用软件（3Shape），不符合""具名的第三方非牙科三维软件""要求；片段中未出现任何非牙科3D软件（如 Mimics、3D Slicer、Geomagic、Blender 等）被本研究使用的表述。
【软件】: -
【专科】: -
【应用场景】: -
【研究设计】: -"
dual scalable osteogenic microtissue engineering via gelma microsphere inspired mechanical training and autonomous assembling of dental pulp stem cell,Dual scalable osteogenic microtissue engineering via GelMA microsphere-inspired mechanical training and autonomous assembling of dental pulp stem cell.,International journal of biological macromolecules,journalArticle,B7MT2857,,EXCLUDE,EXCLUDE,"证据片段中未出现任何具名第三方非牙科3D软件（如 Mimics、3D Slicer、ANSYS、MATLAB 等）被本研究自身使用的表述；片段仅涉及文献引用、CRediT 作者贡献声明（""Software"" 为贡献角色而非软件名）及参考文献列表，缺乏 ""we used / were analysed using / imported into / processed in"" 等表明本研究使用某具名3D软件的原文。",-,-,-,-,"【判定】: EXCLUDE
【证据】: 证据片段中未出现任何具名第三方非牙科3D软件（如 Mimics、3D Slicer、ANSYS、MATLAB 等）被本研究自身使用的表述；片段仅涉及文献引用、CRediT 作者贡献声明（""Software"" 为贡献角色而非软件名）及参考文献列表，缺乏 ""we used / were analysed using / imported into / processed in"" 等表明本研究使用某具名3D软件的原文。
【软件】: -
【专科】: -
【应用场景】: -
【研究设计】: -"
efficacy of ai enabled software in automatic segmentation for orthognathic surgery,Efficacy of Ai Enabled Software in Automatic Segmentation for Orthognathic Surgery.,Journal of maxillofacial and oral surgery,journalArticle,7LLG4STI,,EXCLUDE,EXCLUDE,"证据片段仅描述 ""an AI-based deep learning platform"" / ""The AI platform"" 进行分割与配准，未出现任何具名第三方非牙科3D软件名（如 Mimics、3D Slicer 等），也无 ""we used / imported into / processed in + 软件名"" 的表述；缺失具名第三方3D软件的使用证据。",-,-,-,-,"【判定】: EXCLUDE
【证据】: 证据片段仅描述 ""an AI-based deep learning platform"" / ""The AI platform"" 进行分割与配准，未出现任何具名第三方非牙科3D软件名（如 Mimics、3D Slicer 等），也无 ""we used / imported into / processed in + 软件名"" 的表述；缺失具名第三方3D软件的使用证据。
【软件】: -
【专科】: -
【应用场景】: -
【研究设计】: -"
oral cancer diagnosis using an optimized inceptionv3 model powered by the aquila metaheuristic algorithm,Oral Cancer Diagnosis Using an Optimized InceptionV3 Model Powered by the Aquila Metaheuristic Algorithm.,Asian Pacific journal of cancer prevention : APJCP,journalArticle,VBYALYIQ,,EXCLUDE,EXCLUDE,证据片段中未出现任何表明本研究自身使用了具名第三方非牙科3D软件的表述（片段内容为 AHRQ 患者结局登记指南前言，与本研究无关）；摘要仅提及使用 InceptionV3 深度学习模型与 Aquila Optimizer 优化算法，属于自建/自研模型，未使用具名第三方非牙科3D软件。,-,-,-,-,"【判定】: EXCLUDE
【证据】: 证据片段中未出现任何表明本研究自身使用了具名第三方非牙科3D软件的表述（片段内容为 AHRQ 患者结局登记指南前言，与本研究无关）；摘要仅提及使用 InceptionV3 深度学习模型与 Aquila Optimizer 优化算法，属于自建/自研模型，未使用具名第三方非牙科3D软件。
【软件】: -
【专科】: -
【应用场景】: -
【研究设计】: -"
tissue engineering current technology for facial reconstruction,Tissue Engineering: Current Technology for Facial Reconstruction.,Facial plastic surgery : FPS,journalArticle,XUFU4743,,EXCLUDE,EXCLUDE,"证据片段中仅泛述 ""Computer-aided design and computer-aided manufacturing have allowed for a digital 3D workflow""、""CAD/CAM and 3D-printed patient-specific models or guides are commonly used""，未出现任何具名第三方非牙科3D软件名，也无 ""we used / were analysed using / imported into / processed in"" 等表明本研究自身使用某具体软件的表述；且该文献为综述性文章，不符合原创研究/技术说明/病例报告的类型要求。",-,-,-,-,"【判定】: EXCLUDE
【证据】: 证据片段中仅泛述 ""Computer-aided design and computer-aided manufacturing have allowed for a digital 3D workflow""、""CAD/CAM and 3D-printed patient-specific models or guides are commonly used""，未出现任何具名第三方非牙科3D软件名，也无 ""we used / were analysed using / imported into / processed in"" 等表明本研究自身使用某具体软件的表述；且该文献为综述性文章，不符合原创研究/技术说明/病例报告的类型要求。
【软件】: -
【专科】: -
【应用场景】: -
【研究设计】: -"
combination of cad cam technologies and conventional processing in the fabrication of a maxillary obturator prosthesis a clinical report,Combination of CAD/CAM technologies and conventional processing in the fabrication of a maxillary obturator prosthesis: a clinical report.,Journal of medicine and life,journalArticle,UAI78VW7,,EXCLUDE,EXCLUDE,"片段中仅出现 ""Using dental CAD software, the maxillary metallic framework was designed...""，未指明任何具名的第三方非牙科3D软件（如 Mimics、3D Slicer、Geomagic 等），且明确为 ""dental CAD software""（牙科专用软件），不符合纳入标准第2条。",-,-,-,-,"【判定】: EXCLUDE
【证据】: 片段中仅出现 ""Using dental CAD software, the maxillary metallic framework was designed...""，未指明任何具名的第三方非牙科3D软件（如 Mimics、3D Slicer、Geomagic 等），且明确为 ""dental CAD software""（牙科专用软件），不符合纳入标准第2条。
【软件】: -
【专科】: -
【应用场景】: -
【研究设计】: -"
evaluation of one and two step impression techniques and vertical marginal misfit in fixed prothesis,Evaluation of One- and Two-Step Impression Techniques and Vertical Marginal Misfit in Fixed Prothesis.,International journal of dentistry,journalArticle,DGRF9TWB,,EXCLUDE,EXCLUDE,"缺失证据：方法学片段中仅出现 ""CAD/CAM system""、""intraoral scanner"" 及牙科/显微镜成像软件（Carl Zeiss AxioVision），未出现任何具名的第三方非牙科三维（3D）软件（如 Mimics、3D Slicer、Geomagic、MATLAB 等）被本研究自身用于3D数据处理、分析、建模或测量的表述。",-,-,-,-,"【判定】: EXCLUDE
【证据】: 缺失证据：方法学片段中仅出现 ""CAD/CAM system""、""intraoral scanner"" 及牙科/显微镜成像软件（Carl Zeiss AxioVision），未出现任何具名的第三方非牙科三维（3D）软件（如 Mimics、3D Slicer、Geomagic、MATLAB 等）被本研究自身用于3D数据处理、分析、建模或测量的表述。
【软件】: -
【专科】: -
【应用场景】: -
【研究设计】: -"
computer guided versus freehand dental implant surgery randomized controlled clinical trial,Computer guided versus freehand dental implant surgery: Randomized controlled clinical trial.,The Saudi dental journal,journalArticle,4EVUG7GP,,EXCLUDE,EXCLUDE,"证据片段中仅出现 ""G-power software""（用于样本量计算）及泛述 ""3D implant design software""，未出现任何具名第三方非牙科3D软件（如 Mimics、3D Slicer、Geomagic 等）被本研究用于3D数据处理、分析、建模或测量的表述（如 ""we used / imported into / processed in""）。",-,-,-,-,"【判定】: EXCLUDE
【证据】: 证据片段中仅出现 ""G-power software""（用于样本量计算）及泛述 ""3D implant design software""，未出现任何具名第三方非牙科3D软件（如 Mimics、3D Slicer、Geomagic 等）被本研究用于3D数据处理、分析、建模或测量的表述（如 ""we used / imported into / processed in""）。
【软件】: -
【专科】: -
【应用场景】: -
【研究设计】: -"
dental microfracture detection using wavelet features and machine learning,Dental microfracture detection using wavelet features and machine learning.,Proceedings of SPIE--the International Society for Optical Engineering,journalArticle,GYAL5HZT,,EXCLUDE,EXCLUDE,"证据片段中仅提及使用 Bruker Skyscan 1172 microCT 成像系统（属成像设备而非第三方3D软件），以及自研的 U-Net 深度学习架构和自建特征提取流程（Otsu 阈值、小波金字塔等）。未出现任何具名第三方非牙科3D软件（如 Mimics、3D Slicer、MATLAB、Amira 等）被本研究自身用于3D数据处理、分析、建模或测量的表述（如 ""we used / imported into / processed in""）。缺失：本研究自身使用具名第三方非牙科3D软件的证据。",-,-,-,-,"【判定】: EXCLUDE
【证据】: 证据片段中仅提及使用 Bruker Skyscan 1172 microCT 成像系统（属成像设备而非第三方3D软件），以及自研的 U-Net 深度学习架构和自建特征提取流程（Otsu 阈值、小波金字塔等）。未出现任何具名第三方非牙科3D软件（如 Mimics、3D Slicer、MATLAB、Amira 等）被本研究自身用于3D数据处理、分析、建模或测量的表述（如 ""we used / imported into / processed in""）。缺失：本研究自身使用具名第三方非牙科3D软件的证据。
【软件】: -
【专科】: -
【应用场景】: -
【研究设计】: -"
complete arch accuracy of seven intraoral scanners measured by the virtual fit method,Complete-arch accuracy of seven intraoral scanners measured by the virtual-fit method.,Journal of dentistry,journalArticle,NYVN7TZY,,EXCLUDE,EXCLUDE,"证据片段中未出现任何具名第三方非牙科3D软件（如 Geomagic、CloudCompare、MATLAB 等）被本研究自身使用的表述；片段仅提及 IOS 扫描仪品牌（Aoralscan3、Primescan、Trios5 等）及 CAD-CAM 泛述，缺少 ""we used / were analysed using / imported into / processed in"" 等表明本研究使用某具名非牙科3D软件的原文。",-,-,-,-,"【判定】: EXCLUDE
【证据】: 证据片段中未出现任何具名第三方非牙科3D软件（如 Geomagic、CloudCompare、MATLAB 等）被本研究自身使用的表述；片段仅提及 IOS 扫描仪品牌（Aoralscan3、Primescan、Trios5 等）及 CAD-CAM 泛述，缺少 ""we used / were analysed using / imported into / processed in"" 等表明本研究使用某具名非牙科3D软件的原文。
【软件】: -
【专科】: -
【应用场景】: -
【研究设计】: -"
evaluation of retentive forces in three types of removable partial denture framework materials an in vitro study,Evaluation of Retentive Forces in Three Types of Removable Partial Denture Framework Materials: An In Vitro Study.,Cureus,journalArticle,WZ6Q7HD6,,EXCLUDE,EXCLUDE,"片段中仅出现泛称 ""CAD/CAM software""（""Each partial denture clasp was designed using CAD/CAM software""），未给出任何具名第三方非牙科3D软件名称；缺失表明本研究自身使用了具名第三方非牙科3D软件的证据。",-,-,-,-,"【判定】: EXCLUDE
【证据】: 片段中仅出现泛称 ""CAD/CAM software""（""Each partial denture clasp was designed using CAD/CAM software""），未给出任何具名第三方非牙科3D软件名称；缺失表明本研究自身使用了具名第三方非牙科3D软件的证据。
【软件】: -
【专科】: -
【应用场景】: -
【研究设计】: -"
position of digitally guided implants in completely edentulous maxillae by using a modified double scan and overlap of three digital surface protocol,Position of digitally guided implants in completely edentulous maxillae by using a modified double-scan and overlap of three digital surface protocol.,The Journal of prosthetic dentistry,journalArticle,RXN9D6EM,,EXCLUDE,EXCLUDE,"证据片段中仅提及 ""an open-source implant planning software program (Blue Sky Plan v14.0; Blue Sky Bio LLC)""，该软件为牙科专用种植规划软件，不属于非牙科3D软件；片段中未出现任何本研究自身使用的具名第三方非牙科3D软件（如 Mimics、3D Slicer、Geomagic 等）用于3D数据处理、分析、建模或测量的表述。",-,-,-,-,"【判定】: EXCLUDE
【证据】: 证据片段中仅提及 ""an open-source implant planning software program (Blue Sky Plan v14.0; Blue Sky Bio LLC)""，该软件为牙科专用种植规划软件，不属于非牙科3D软件；片段中未出现任何本研究自身使用的具名第三方非牙科3D软件（如 Mimics、3D Slicer、Geomagic 等）用于3D数据处理、分析、建模或测量的表述。
【软件】: -
【专科】: -
【应用场景】: -
【研究设计】: -"
accuracy of removable partial denture frameworks fabricated using conventional and digital technologies,Accuracy of Removable Partial Denture Frameworks Fabricated Using Conventional and Digital Technologies.,The European journal of prosthodontics and restorative dentistry,journalArticle,DQJNXGDK,,EXCLUDE,EXCLUDE,方法学片段中仅出现牙科专用设计软件（SilaPart CAD; Siladent）及制造设备（CNC Milling machine In Lab ML X5; Sirona、3D printer Eden 260V; Stratasys、Mlab cusing; Concept Laser、ProX DMP 100; 3D Systems），未出现任何本研究自身使用的具名第三方非牙科3D软件（如用于3D数据处理、分析、建模或测量的 Mimics、3D Slicer、Geomagic、MATLAB 等）。,-,-,-,-,"【判定】: EXCLUDE
【证据】: 方法学片段中仅出现牙科专用设计软件（SilaPart CAD; Siladent）及制造设备（CNC Milling machine In Lab ML X5; Sirona、3D printer Eden 260V; Stratasys、Mlab cusing; Concept Laser、ProX DMP 100; 3D Systems），未出现任何本研究自身使用的具名第三方非牙科3D软件（如用于3D数据处理、分析、建模或测量的 Mimics、3D Slicer、Geomagic、MATLAB 等）。
【软件】: -
【专科】: -
【应用场景】: -
【研究设计】: -"
effect of saliva on accuracy of digital dental implant transfer using two different materials of intraoral scan bodies with different exposed lengths,Effect of saliva on accuracy of digital dental implant transfer using two different materials of intraoral scan bodies with different exposed lengths.,BMC oral health,journalArticle,CYV65U6X,,EXCLUDE,EXCLUDE,"缺失证据：方法学片段中出现的具名软件为 ""Medit design""（牙科口扫配套检查软件）和 ""Exocad Dental CAD""（牙科专用CAD软件），均属牙科专用软件；SPSS 为统计分析软件，不用于3D数据处理/建模/测量。未出现本研究自身使用任一非牙科第三方3D软件（如 Mimics、Geomagic、CloudCompare 等）的表述。",-,-,-,-,"【判定】: EXCLUDE
【证据】: 缺失证据：方法学片段中出现的具名软件为 ""Medit design""（牙科口扫配套检查软件）和 ""Exocad Dental CAD""（牙科专用CAD软件），均属牙科专用软件；SPSS 为统计分析软件，不用于3D数据处理/建模/测量。未出现本研究自身使用任一非牙科第三方3D软件（如 Mimics、Geomagic、CloudCompare 等）的表述。
【软件】: -
【专科】: -
【应用场景】: -
【研究设计】: -"
transforming smiles a case study on monolithic zirconia prosthetic solutions,Transforming Smiles: A Case Study on Monolithic Zirconia Prosthetic Solutions.,Cureus,journalArticle,RTU23HSH,,EXCLUDE,EXCLUDE,"证据片段中仅提及 ""CAD/CAM (exocad DentalCAD 3.0 Galway...)"" 及 ""using exocad software""，exocad 为牙科专用软件，且未出现任何具名第三方非牙科3D软件（如 Mimics、3D Slicer、Geomagic 等）被本研究使用的表述。",-,-,-,-,"【判定】: EXCLUDE
【证据】: 证据片段中仅提及 ""CAD/CAM (exocad DentalCAD 3.0 Galway...)"" 及 ""using exocad software""，exocad 为牙科专用软件，且未出现任何具名第三方非牙科3D软件（如 Mimics、3D Slicer、Geomagic 等）被本研究使用的表述。
【软件】: -
【专科】: -
【应用场景】: -
【研究设计】: -"
marginal fit of single crown and three unit fixed dental prostheses fabricated from digital and conventional impressions an in vitro cross sectional study,Marginal Fit of Single-Crown and Three-Unit Fixed Dental Prostheses Fabricated From Digital and Conventional Impressions: An In Vitro Cross-Sectional Study.,Cureus,journalArticle,HHKHSLXV,,EXCLUDE,EXCLUDE,证据片段中仅提及牙科专用设备/软件（口内扫描仪 Dental Wings、Medit i500/i700、Carestream 3600，以及 CAD-CAM 流程），未出现本研究自身使用具名第三方非牙科3D软件（如 Mimics、3D Slicer、Geomagic、MATLAB 等）进行3D数据处理、分析、建模或测量的表述。,-,-,-,-,"【判定】: EXCLUDE
【证据】: 证据片段中仅提及牙科专用设备/软件（口内扫描仪 Dental Wings、Medit i500/i700、Carestream 3600，以及 CAD-CAM 流程），未出现本研究自身使用具名第三方非牙科3D软件（如 Mimics、3D Slicer、Geomagic、MATLAB 等）进行3D数据处理、分析、建模或测量的表述。
【软件】: -
【专科】: -
【应用场景】: -
【研究设计】: -"
the effects of different implant crown restorative materials on the detection of proximal caries of adjacent teeth in cone beam computed tomography cbct scans using various machines metal artifact reduction mar algorithm and exposure protocols,"The effects of different implant crown restorative materials on the detection of proximal caries of adjacent teeth in cone-beam computed tomography (CBCT) scans  using various machines, metal artifact-reduction (MAR) algorithm, and exposure  protocols.",Journal of clinical and experimental dentistry,journalArticle,IUPVDC4R,,EXCLUDE,EXCLUDE,"片段中出现的软件为 Invivo 7（Osteoid Inc.）和 SPSS 23.0。Invivo 7 属于牙科专用影像查看软件，SPSS 为统计分析软件，均不属于纳入标准所要求的""具名第三方非牙科三维（3D）软件""；片段中未出现任何本研究自身使用 Mimics、3D Slicer、Geomagic、ANSYS 等非牙科3D软件进行3D数据处理、分析、建模或测量的表述（""advanced techniques have been developed utilizing software to simulate and analyze artefacts"" 仅为泛述，未指明本研究使用）。",-,-,-,-,"【判定】: EXCLUDE
【证据】: 片段中出现的软件为 Invivo 7（Osteoid Inc.）和 SPSS 23.0。Invivo 7 属于牙科专用影像查看软件，SPSS 为统计分析软件，均不属于纳入标准所要求的""具名第三方非牙科三维（3D）软件""；片段中未出现任何本研究自身使用 Mimics、3D Slicer、Geomagic、ANSYS 等非牙科3D软件进行3D数据处理、分析、建模或测量的表述（""advanced techniques have been developed utilizing software to simulate and analyze artefacts"" 仅为泛述，未指明本研究使用）。
【软件】: -
【专科】: -
【应用场景】: -
【研究设计】: -"
outcomes that may affect implant and prosthesis survival and complications in maxillary fixed prosthesis supported by four or six implants a systematic review and meta analysis,Outcomes that may affect implant and prosthesis survival and complications in maxillary fixed prosthesis supported by four or six implants: A systematic review  and meta-analysis.,Heliyon,journalArticle,3354J7WB,,EXCLUDE,EXCLUDE,"该文献为系统综述与meta分析（""A systematic review and meta-analysis""），方法学部分仅使用 R 软件（R version 4.2.1, meta/metaprop/metaphor）进行统计分析，未使用任何具名第三方非牙科三维（3D）软件进行3D数据处理、分析、建模或测量；文中出现的 CAD/CAM 为对纳入研究的泛述，非本研究自身使用。",-,-,-,-,"【判定】: EXCLUDE
【证据】: 该文献为系统综述与meta分析（""A systematic review and meta-analysis""），方法学部分仅使用 R 软件（R version 4.2.1, meta/metaprop/metaphor）进行统计分析，未使用任何具名第三方非牙科三维（3D）软件进行3D数据处理、分析、建模或测量；文中出现的 CAD/CAM 为对纳入研究的泛述，非本研究自身使用。
【软件】: -
【专科】: -
【应用场景】: -
【研究设计】: -"
comparison of three automated measurements of ventricular volumes of the brain,Comparison of Three Automated Measurements of Ventricular Volumes of the Brain.,Journal of imaging informatics in medicine,journalArticle,XHU4USIM,,EXCLUDE,EXCLUDE,"该研究主题为脑室体积测量（神经影像/神经科学），不属于口腔医学任一学科；证据片段中虽表明本研究使用了 3D Slicer、ITK-SNAP 等非牙科3D软件（""Ventricular volumes were segmented using three open-source tools (3D Slicer, FreeSurfer, ITK-SNAP)""），但缺失""主题属于口腔医学""这一必要证据。",-,-,-,-,"【判定】: EXCLUDE
【证据】: 该研究主题为脑室体积测量（神经影像/神经科学），不属于口腔医学任一学科；证据片段中虽表明本研究使用了 3D Slicer、ITK-SNAP 等非牙科3D软件（""Ventricular volumes were segmented using three open-source tools (3D Slicer, FreeSurfer, ITK-SNAP)""），但缺失""主题属于口腔医学""这一必要证据。
【软件】: -
【专科】: -
【应用场景】: -
【研究设计】: -"
mammalian molar complexity follows simple predictable patterns,"Mammalian molar complexity follows simple, predictable patterns.",Proceedings of the National Academy of Sciences of the United States of America,journalArticle,YAVXYAP6,,EXCLUDE,EXCLUDE,该研究主题为哺乳动物磨牙形态演化（进化生物学/古生物学），不属于口腔医学任一学科；虽使用了 Avizo 9.0 和 MorphoTester 进行3D数据处理，但主题不符纳入标准第1条。,-,-,-,-,"【判定】: EXCLUDE
【证据】: 该研究主题为哺乳动物磨牙形态演化（进化生物学/古生物学），不属于口腔医学任一学科；虽使用了 Avizo 9.0 和 MorphoTester 进行3D数据处理，但主题不符纳入标准第1条。
【软件】: -
【专科】: -
【应用场景】: -
【研究设计】: -"
three dimensional soft tissue landmark detection with marching cube algorithm,Three-dimensional soft tissue landmark detection with marching cube algorithm.,Scientific reports,journalArticle,VMWZNNZZ,,EXCLUDE,EXCLUDE,"片段中出现的 MIMICS 仅出现在 ""Facial soft tissue data acquired by CBCT can be processed via various commercially available programs such as INVIVO6,7, DOLPHIN 3D9, and MIMICS10"" 这一泛述/他文引用中，未表明本研究自身使用该软件；本研究实际使用的是自研的 marching cube algorithm（Program S）与商业程序（Program A），未提供本研究使用具名第三方非牙科3D软件的证据。",-,-,-,-,"【判定】: EXCLUDE
【证据】: 片段中出现的 MIMICS 仅出现在 ""Facial soft tissue data acquired by CBCT can be processed via various commercially available programs such as INVIVO6,7, DOLPHIN 3D9, and MIMICS10"" 这一泛述/他文引用中，未表明本研究自身使用该软件；本研究实际使用的是自研的 marching cube algorithm（Program S）与商业程序（Program A），未提供本研究使用具名第三方非牙科3D软件的证据。
【软件】: -
【专科】: -
【应用场景】: -
【研究设计】: -"
artificial intelligence applications and ethical challenges in oral and maxillo facial cosmetic surgery a narrative review,Artificial intelligence applications and ethical challenges in oral and maxillo-facial cosmetic surgery: a narrative review.,Maxillofacial plastic and reconstructive surgery,journalArticle,ILHEJVS5,,EXCLUDE,EXCLUDE,"文献类型为叙述性综述（题名明确为 ""a narrative review""），不符合纳入标准第3条（原创研究、技术说明或病例报告）。此外，片段中出现的 ""A custom MATLAB program was used to create the figures"" 系描述被引研究（Tanikawa et al.）的图件制作，而非本研究自身使用软件；本研究为文献综述，未在材料与方法中使用具名第三方非牙科3D软件。",-,-,-,-,"【判定】: EXCLUDE
【证据】: 文献类型为叙述性综述（题名明确为 ""a narrative review""），不符合纳入标准第3条（原创研究、技术说明或病例报告）。此外，片段中出现的 ""A custom MATLAB program was used to create the figures"" 系描述被引研究（Tanikawa et al.）的图件制作，而非本研究自身使用软件；本研究为文献综述，未在材料与方法中使用具名第三方非牙科3D软件。
【软件】: -
【专科】: -
【应用场景】: -
【研究设计】: -"
towards a complete 3d morphable model of the human head,Towards a Complete 3D Morphable Model of the Human Head.,IEEE transactions on pattern analysis and machine intelligence,journalArticle,3XS3ZJW7,,EXCLUDE,EXCLUDE,"证据片段中未出现任何表明本研究自身使用了具名第三方非牙科3D软件的表述（如 ""we used / were analysed using / imported into / processed in""）；片段内容均为对他人工作（如 Basel Face Model、Booth et al.、Hu and Saito 等）的描述与引用，属于他文引用/泛述，且主题为计算机视觉领域的头部3D形变模型，不属于口腔医学。",-,-,-,-,"【判定】: EXCLUDE
【证据】: 证据片段中未出现任何表明本研究自身使用了具名第三方非牙科3D软件的表述（如 ""we used / were analysed using / imported into / processed in""）；片段内容均为对他人工作（如 Basel Face Model、Booth et al.、Hu and Saito 等）的描述与引用，属于他文引用/泛述，且主题为计算机视觉领域的头部3D形变模型，不属于口腔医学。
【软件】: -
【专科】: -
【应用场景】: -
【研究设计】: -"
maxillomandibular relationship record methods for computer engineered complete dentures a scoping review,Maxillomandibular relationship record methods for computer-engineered complete dentures: a scoping review.,Clinical oral investigations,journalArticle,KBUGU87N,,EXCLUDE,EXCLUDE,"该文献为 scoping review（范围综述），摘要明确 ""The purpose of this scoping review was to identify different methods...""，方法学片段中出现的 ""Geomagic Studio"" 仅出现在对纳入研究（Li et al., 2022）的汇总描述中，并非本研究自身使用；且文献类型为综述，不符合纳入标准第3条。",-,-,-,-,"【判定】: EXCLUDE
【证据】: 该文献为 scoping review（范围综述），摘要明确 ""The purpose of this scoping review was to identify different methods...""，方法学片段中出现的 ""Geomagic Studio"" 仅出现在对纳入研究（Li et al., 2022）的汇总描述中，并非本研究自身使用；且文献类型为综述，不符合纳入标准第3条。
【软件】: -
【专科】: -
【应用场景】: -
【研究设计】: -"
automatic femoral articular cartilage segmentation using deep learning in three dimensional ultrasound images of the knee,Automatic femoral articular cartilage segmentation using deep learning in three-dimensional ultrasound images of the knee.,Osteoarthritis and cartilage open,journalArticle,BBG7VQM6,,EXCLUDE,EXCLUDE,主题为膝关节股骨关节软骨的超声分割，不属于口腔医学任一学科；虽使用了 CloudCompare、MATLAB、3D Slicer 等非牙科3D软件，但主题不符。,-,-,-,-,"【判定】: EXCLUDE
【证据】: 主题为膝关节股骨关节软骨的超声分割，不属于口腔医学任一学科；虽使用了 CloudCompare、MATLAB、3D Slicer 等非牙科3D软件，但主题不符。
【软件】: -
【专科】: -
【应用场景】: -
【研究设计】: -"
surgical performance of dental students using computer assisted dynamic navigation and freehand approaches,Surgical performance of dental students using computer-assisted dynamic navigation and freehand approaches.,European journal of dental education : official journal of the Association for Dental Education in Europe,journalArticle,XTJBTC8L,,EXCLUDE,EXCLUDE,片段中出现的软件为 G*power（用于样本量计算）、SPSS（用于统计分析）以及 Accuracy Analysis of Dcarer Dynamic Implant Navigation（牙科专用导航精度分析软件）。未出现本研究自身使用具名第三方非牙科3D软件（如 Mimics、3D Slicer、Geomagic 等）进行3D数据处理、分析、建模或测量的表述。,-,-,-,-,"【判定】: EXCLUDE
【证据】: 片段中出现的软件为 G*power（用于样本量计算）、SPSS（用于统计分析）以及 Accuracy Analysis of Dcarer Dynamic Implant Navigation（牙科专用导航精度分析软件）。未出现本研究自身使用具名第三方非牙科3D软件（如 Mimics、3D Slicer、Geomagic 等）进行3D数据处理、分析、建模或测量的表述。
【软件】: -
【专科】: -
【应用场景】: -
【研究设计】: -"
contemporary evidence of cad cam in dentistry a systematic review,Contemporary Evidence of CAD-CAM in Dentistry: A Systematic Review.,Cureus,journalArticle,85BGAWNV,,EXCLUDE,EXCLUDE,"该文献为系统综述（题名 ""A Systematic Review""，摘要 ""In this systematic review""），类型不符；且证据片段中出现的软件名（ITK-Snap、3D Slicer、OsiriX、MeshLab 等）均为对既往研究的转述（如 ""prepared in ITK-Snap and transferred and re-oriented in a 3D Slicer""、""using Osirix software (21)""），并非本研究自身使用。",-,-,-,-,"【判定】: EXCLUDE
【证据】: 该文献为系统综述（题名 ""A Systematic Review""，摘要 ""In this systematic review""），类型不符；且证据片段中出现的软件名（ITK-Snap、3D Slicer、OsiriX、MeshLab 等）均为对既往研究的转述（如 ""prepared in ITK-Snap and transferred and re-oriented in a 3D Slicer""、""using Osirix software (21)""），并非本研究自身使用。
【软件】: -
【专科】: -
【应用场景】: -
【研究设计】: -"
how to avoid errors when using navigation to place implants a narrative review,How to Avoid Errors When Using Navigation to Place Implants - A Narrative Review.,Journal of oral and maxillofacial surgery : official journal of the American Association of Oral and Maxillofacial Surgeons,journalArticle,57ACGEMQ,,EXCLUDE,EXCLUDE,"文献类型为叙述性综述（Narrative Review），摘要明确 ""This review""、""Systematic reviews also indicated...""，方法学片段为文献证据回顾（""reviews evidence in the literature""），未表明本研究自身使用任何具名第三方非牙科3D软件；片段中仅泛述 ""software to merge images""、""the software used""，无具体软件名及 ""we used / imported into / processed in"" 等本研究使用表述。",-,-,-,-,"【判定】: EXCLUDE
【证据】: 文献类型为叙述性综述（Narrative Review），摘要明确 ""This review""、""Systematic reviews also indicated...""，方法学片段为文献证据回顾（""reviews evidence in the literature""），未表明本研究自身使用任何具名第三方非牙科3D软件；片段中仅泛述 ""software to merge images""、""the software used""，无具体软件名及 ""we used / imported into / processed in"" 等本研究使用表述。
【软件】: -
【专科】: -
【应用场景】: -
【研究设计】: -"
development a computer aided diagnosis system for dental caries detection applying radiographic images,Development a computer-aided diagnosis system for dental caries detection applying radiographic images.,Computers in biology and medicine,journalArticle,G4CC4PWM,,EXCLUDE,EXCLUDE,"证据片段中仅描述自研 CAD 系统（""This study develops an intelligent computer-aided diagnosis (CAD) system""），使用 Sauvola 阈值法和 Canny 边缘检测等自研图像处理方法，未出现任何具名第三方非牙科3D软件（如 Mimics、3D Slicer、MATLAB 等）被本研究使用的表述（无 ""we used / were analysed using / imported into / processed in"" 等指向具名软件的语句）。",-,-,-,-,"【判定】: EXCLUDE
【证据】: 证据片段中仅描述自研 CAD 系统（""This study develops an intelligent computer-aided diagnosis (CAD) system""），使用 Sauvola 阈值法和 Canny 边缘检测等自研图像处理方法，未出现任何具名第三方非牙科3D软件（如 Mimics、3D Slicer、MATLAB 等）被本研究使用的表述（无 ""we used / were analysed using / imported into / processed in"" 等指向具名软件的语句）。
【软件】: -
【专科】: -
【应用场景】: -
【研究设计】: -"
wheelchair control system using infrared sensors and tongue movements,Wheelchair control system using infrared sensors and tongue movements.,Disability and rehabilitation. Assistive technology,journalArticle,ZYAUY7FB,,EXCLUDE,EXCLUDE,"片段中仅出现 ""a curved-shaped construct was designed in SolidWorks""，但该研究主题为轮椅控制系统（辅助技术），不属于口腔医学任一学科；且未表明用于口腔3D数据的处理、分析、建模或测量。",-,-,-,-,"【判定】: EXCLUDE
【证据】: 片段中仅出现 ""a curved-shaped construct was designed in SolidWorks""，但该研究主题为轮椅控制系统（辅助技术），不属于口腔医学任一学科；且未表明用于口腔3D数据的处理、分析、建模或测量。
【软件】: -
【专科】: -
【应用场景】: -
【研究设计】: -"
fracture resistance of zirconia restorations with four different framework designs,Fracture Resistance of Zirconia Restorations with Four Different Framework Designs.,Frontiers in dentistry,journalArticle,YSA8JNNX,,EXCLUDE,EXCLUDE,"该研究仅使用牙科专用软件 EXOCAD（""the four frameworks were designed by EXOCAD software (EXOCAD Dental CAD, Darmstadt, Germany)""），未使用任何具名的第三方非牙科3D软件；扫描仪 LMTmag Optical 3D Scanner 为硬件设备而非软件。",-,-,-,-,"【判定】: EXCLUDE
【证据】: 该研究仅使用牙科专用软件 EXOCAD（""the four frameworks were designed by EXOCAD software (EXOCAD Dental CAD, Darmstadt, Germany)""），未使用任何具名的第三方非牙科3D软件；扫描仪 LMTmag Optical 3D Scanner 为硬件设备而非软件。
【软件】: -
【专科】: -
【应用场景】: -
【研究设计】: -"
mechanical and fatigue resistance of restorations supported by welded framework and realized using computer aided designed prosthetic shells in vitro pilot study,Mechanical and fatigue resistance of restorations supported by welded-framework and realized using computer-aided designed prosthetic shells: In vitro pilot  study.,"Proceedings of the Institution of Mechanical Engineers. Part H, Journal of engineering in medicine",journalArticle,TRIBXY82,,EXCLUDE,EXCLUDE,"证据片段仅泛述 ""A polymethylmethacrylate (PMMA) resin shell was performed with CAD/CAM"" 及 ""CAD-CAM digital prosthetic design""，未出现任何具名第三方非牙科3D软件名（如 Mimics、3D Slicer、Geomagic、ANSYS 等），也无 ""we used / imported into / processed in + 软件名"" 的表述。",-,-,-,-,"【判定】: EXCLUDE
【证据】: 证据片段仅泛述 ""A polymethylmethacrylate (PMMA) resin shell was performed with CAD/CAM"" 及 ""CAD-CAM digital prosthetic design""，未出现任何具名第三方非牙科3D软件名（如 Mimics、3D Slicer、Geomagic、ANSYS 等），也无 ""we used / imported into / processed in + 软件名"" 的表述。
【软件】: -
【专科】: -
【应用场景】: -
【研究设计】: -"
ldfsam localization distillation enhanced feature prompting sam for medical image segmentation,LDFSAM: Localization Distillation-Enhanced Feature Prompting SAM for Medical Image Segmentation.,Journal of imaging,journalArticle,82PIARU2,,EXCLUDE,EXCLUDE,"证据片段仅显示该研究提出了自研框架 LDFSAM（""we propose the Localization Distillation-Enhanced Feature Prompting SAM (LDFSAM), a novel framework""），未出现任何具名第三方非牙科3D软件（如 Mimics、3D Slicer、MATLAB 等）被本研究使用的表述（如 ""we used / were analysed using / imported into / processed in""）。缺失""本研究自身使用具名第三方非牙科3D软件""的证据。",-,-,-,-,"【判定】: EXCLUDE
【证据】: 证据片段仅显示该研究提出了自研框架 LDFSAM（""we propose the Localization Distillation-Enhanced Feature Prompting SAM (LDFSAM), a novel framework""），未出现任何具名第三方非牙科3D软件（如 Mimics、3D Slicer、MATLAB 等）被本研究使用的表述（如 ""we used / were analysed using / imported into / processed in""）。缺失""本研究自身使用具名第三方非牙科3D软件""的证据。
【软件】: -
【专科】: -
【应用场景】: -
【研究设计】: -"
accuracy of dynamic implant navigation surgery performed by a novice operator,Accuracy of dynamic implant navigation surgery performed by a novice operator.,International journal of computerized dentistry,journalArticle,IY73GF7C,,EXCLUDE,EXCLUDE,"证据片段中仅提及 ""planning software""、""X-Guide® d-CAIS system"" 等牙科专用导航/规划系统，未出现任何具名第三方非牙科3D软件（如 Mimics、3D Slicer、Geomagic 等）被本研究自身使用的表述（如 we used / imported into / processed in）。片段中亦无表明本研究使用非牙科3D软件进行3D数据处理、分析、建模或测量的证据。",-,-,-,-,"【判定】: EXCLUDE
【证据】: 证据片段中仅提及 ""planning software""、""X-Guide® d-CAIS system"" 等牙科专用导航/规划系统，未出现任何具名第三方非牙科3D软件（如 Mimics、3D Slicer、Geomagic 等）被本研究自身使用的表述（如 we used / imported into / processed in）。片段中亦无表明本研究使用非牙科3D软件进行3D数据处理、分析、建模或测量的证据。
【软件】: -
【专科】: -
【应用场景】: -
【研究设计】: -"
tooth on a chip to engineer early dental epithelial mesenchymal interaction,Tooth-on-a-chip to engineer early dental epithelial-mesenchymal interaction.,Materials today. Bio,journalArticle,M36F8LGA,,EXCLUDE,EXCLUDE,"证据片段中仅出现 ""computer-aided designs""（CAD设计）的泛述，未指明任何具名的第三方非牙科3D软件（如 SolidWorks、AutoCAD、Fusion 360 等）；""Software"" 一词仅出现在 CRediT 作者贡献声明中，并非本研究使用某软件的表述。缺失证据：本研究自身在材料与方法中使用一个具名第三方非牙科3D软件的原文表述。",-,-,-,-,"【判定】: EXCLUDE
【证据】: 证据片段中仅出现 ""computer-aided designs""（CAD设计）的泛述，未指明任何具名的第三方非牙科3D软件（如 SolidWorks、AutoCAD、Fusion 360 等）；""Software"" 一词仅出现在 CRediT 作者贡献声明中，并非本研究使用某软件的表述。缺失证据：本研究自身在材料与方法中使用一个具名第三方非牙科3D软件的原文表述。
【软件】: -
【专科】: -
【应用场景】: -
【研究设计】: -"
patient satisfaction and accuracy of partial denture frameworks fabricated using conventional and digital techniques,Patient Satisfaction and Accuracy of Partial Denture Frameworks Fabricated using Conventional and Digital Techniques.,The European journal of prosthodontics and restorative dentistry,journalArticle,YZMQLB2M,,EXCLUDE,EXCLUDE,"片段中出现的软件为 ""Silapart CAD / CAM software""（牙科专用 CAD/CAM 软件），以及 ""digital microscope (Keyence VHX-2000)""（测量用显微镜，非3D数据处理/建模/分析软件）。未出现任何本研究自身使用的具名第三方非牙科3D软件（如 Mimics、3D Slicer、Geomagic、MATLAB 等）用于3D数据处理、分析、建模或测量。",-,-,-,-,"【判定】: EXCLUDE
【证据】: 片段中出现的软件为 ""Silapart CAD / CAM software""（牙科专用 CAD/CAM 软件），以及 ""digital microscope (Keyence VHX-2000)""（测量用显微镜，非3D数据处理/建模/分析软件）。未出现任何本研究自身使用的具名第三方非牙科3D软件（如 Mimics、3D Slicer、Geomagic、MATLAB 等）用于3D数据处理、分析、建模或测量。
【软件】: -
【专科】: -
【应用场景】: -
【研究设计】: -"
comparative evaluation of two different types of abutments in relation to post prosthetic bone resorption and periodontal pocket depth a randomized controlled clinical trial with a one year follow up,Comparative Evaluation of Two Different Types of Abutments in Relation to Post-prosthetic Bone Resorption and Periodontal Pocket Depth: A Randomized  Controlled Clinical Trial With a One-Year Follow-Up.,Cureus,journalArticle,CPLBN7P8,,EXCLUDE,EXCLUDE,"缺失证据：方法学片段中仅出现 ""a computer program""、""computer designing software""、""computer manufacturing software"" 等泛述，未给出任何具名第三方非牙科3D软件；唯一具名软件为牙科专用软件 exocad DentalCAD（""The metal caps were designed on top of them using exocad DentalCAD software""），以及样本量计算软件 G*Power（非3D数据处理/建模/测量用途）。",-,-,-,-,"【判定】: EXCLUDE
【证据】: 缺失证据：方法学片段中仅出现 ""a computer program""、""computer designing software""、""computer manufacturing software"" 等泛述，未给出任何具名第三方非牙科3D软件；唯一具名软件为牙科专用软件 exocad DentalCAD（""The metal caps were designed on top of them using exocad DentalCAD software""），以及样本量计算软件 G*Power（非3D数据处理/建模/测量用途）。
【软件】: -
【专科】: -
【应用场景】: -
【研究设计】: -"
quantification of facial symmetry in orthognathic surgery a novel approach integrating 3d contour maps and hyper dimensional computing,Quantification of facial symmetry in orthognathic surgery: A novel approach integrating 3D contour maps and hyper-dimensional computing.,Computers in biology and medicine,journalArticle,6RQD493M,,EXCLUDE,EXCLUDE,"片段中出现的具名软件为 ProPlan CMF 3.0（Materialise），属于牙科/颌面外科专用软件（Materialise 的 ProPlan CMF 为颅颌面手术规划专用软件），不符合""非牙科3D软件""要求；其余软件（IBM SPSS）为统计分析软件，非3D数据处理软件。缺失证据：本研究自身使用一个具名的第三方非牙科3D软件进行3D数据处理/分析/建模/测量。",-,-,-,-,"【判定】: EXCLUDE
【证据】: 片段中出现的具名软件为 ProPlan CMF 3.0（Materialise），属于牙科/颌面外科专用软件（Materialise 的 ProPlan CMF 为颅颌面手术规划专用软件），不符合""非牙科3D软件""要求；其余软件（IBM SPSS）为统计分析软件，非3D数据处理软件。缺失证据：本研究自身使用一个具名的第三方非牙科3D软件进行3D数据处理/分析/建模/测量。
【软件】: -
【专科】: -
【应用场景】: -
【研究设计】: -"
the effect of try in paste shade and framework design on the color characteristics of dental zirconia restorations,The Effect of Try-in Paste Shade and Framework Design on the Color Characteristics of Dental Zirconia Restorations.,"Journal of dentistry (Shiraz, Iran)",journalArticle,TRMPEJLZ,,EXCLUDE,EXCLUDE,"片段中出现的软件为 ExoCAD（""The frameworks were designed with ExoCAD software""）和 SPSS，ExoCAD 属于牙科专用软件（CAD/CAM 牙科设计软件），不符合""具名第三方非牙科3D软件""要求；SPSS 为统计分析软件，非3D数据处理/建模/测量软件。片段中未出现任何本研究自身使用的非牙科3D软件（如 Mimics、3D Slicer、Geomagic 等）。",-,-,-,-,"【判定】: EXCLUDE
【证据】: 片段中出现的软件为 ExoCAD（""The frameworks were designed with ExoCAD software""）和 SPSS，ExoCAD 属于牙科专用软件（CAD/CAM 牙科设计软件），不符合""具名第三方非牙科3D软件""要求；SPSS 为统计分析软件，非3D数据处理/建模/测量软件。片段中未出现任何本研究自身使用的非牙科3D软件（如 Mimics、3D Slicer、Geomagic 等）。
【软件】: -
【专科】: -
【应用场景】: -
【研究设计】: -"
digitization accuracy and scannability of different prosthodontic materials an in vitro trial,Digitization accuracy and scannability of different prosthodontic materials: An in vitro trial.,The Journal of prosthetic dentistry,journalArticle,CLB66PI4,,EXCLUDE,EXCLUDE,"片段中仅出现 ""Using a nonmetrology grade software program"" 及 ""a design software program (exocad DentalCAD; exocad GmbH)""，未给出任何具名第三方非牙科3D软件名；exocad 属牙科专用软件，不符合纳入标准2。",-,-,-,-,"【判定】: EXCLUDE
【证据】: 片段中仅出现 ""Using a nonmetrology grade software program"" 及 ""a design software program (exocad DentalCAD; exocad GmbH)""，未给出任何具名第三方非牙科3D软件名；exocad 属牙科专用软件，不符合纳入标准2。
【软件】: -
【专科】: -
【应用场景】: -
【研究设计】: -"
comparison of load bearing capacity of ceramic crowns with zirconia or polyetherketoneketone frameworks,Comparison of load bearing capacity of ceramic crowns with zirconia or polyetherketoneketone frameworks.,International journal of computerized dentistry,journalArticle,6XR3HJFC,,EXCLUDE,EXCLUDE,"证据片段仅泛述 ""designed and fabricated using CAD/CAM systems"" 及 ""CAD/CAM materials""，未出现任何具名第三方非牙科3D软件名，也无 ""we used / imported into / processed in"" 等表明本研究自身使用某具体软件的表述。",-,-,-,-,"【判定】: EXCLUDE
【证据】: 证据片段仅泛述 ""designed and fabricated using CAD/CAM systems"" 及 ""CAD/CAM materials""，未出现任何具名第三方非牙科3D软件名，也无 ""we used / imported into / processed in"" 等表明本研究自身使用某具体软件的表述。
【软件】: -
【专科】: -
【应用场景】: -
【研究设计】: -"
prosthetic rehabilitation of untailored defects using patient specific implants,Prosthetic rehabilitation of untailored defects using patient-specific implants.,Dental research journal,journalArticle,YKE5IFLZ,,EXCLUDE,EXCLUDE,"证据片段中仅出现 ""Virtual designing of the patient-specific implants""（图注），未提及任何具名第三方非牙科3D软件；无 ""we used / were analysed using / imported into / processed in"" 等表明本研究自身使用某具名软件的表述。",-,-,-,-,"【判定】: EXCLUDE
【证据】: 证据片段中仅出现 ""Virtual designing of the patient-specific implants""（图注），未提及任何具名第三方非牙科3D软件；无 ""we used / were analysed using / imported into / processed in"" 等表明本研究自身使用某具名软件的表述。
【软件】: -
【专科】: -
【应用场景】: -
【研究设计】: -"
radiographic evaluation of vertical and horizontal fit in single implant crowns fabricated by cad cam systems a retrospective study,Radiographic Evaluation of Vertical and Horizontal Fit in Single Implant Crowns Fabricated by CAD/CAM Systems: A Retrospective Study.,Journal of long-term effects of medical implants,journalArticle,AE9VV4ZR,,EXCLUDE,EXCLUDE,"证据片段中未出现任何具名第三方非牙科3D软件名；仅泛述 ""using 3D software"" 及 ""CAD/CAM systems""，未表明本研究自身使用了某一具名软件（如 ""we used / were analysed using / imported into / processed in"" 等表述均缺失）。",-,-,-,-,"【判定】: EXCLUDE
【证据】: 证据片段中未出现任何具名第三方非牙科3D软件名；仅泛述 ""using 3D software"" 及 ""CAD/CAM systems""，未表明本研究自身使用了某一具名软件（如 ""we used / were analysed using / imported into / processed in"" 等表述均缺失）。
【软件】: -
【专科】: -
【应用场景】: -
【研究设计】: -"
point of care additive manufacturing state of the art and adoption in spanish hospitals during pre to post covid 19 era,Point-of-care additive manufacturing: state of the art and adoption in Spanish hospitals during pre to post COVID-19 era.,3D printing in medicine,journalArticle,Z5PQ77JM,,EXCLUDE,EXCLUDE,"该研究为问卷调查类研究，证据片段中提及的软件（3D Slicer、OsiriX、Dolphin、Materialise Mimics、SPSS）均为被调查医院所使用或用于统计分析的软件，而非本研究自身在材料与方法中使用某一具名第三方非牙科3D软件进行3D数据处理、分析、建模或测量；缺乏""we used / were analysed using / imported into / processed in""等表明本研究自身使用该3D软件的表述。",-,-,-,-,"【判定】: EXCLUDE
【证据】: 该研究为问卷调查类研究，证据片段中提及的软件（3D Slicer、OsiriX、Dolphin、Materialise Mimics、SPSS）均为被调查医院所使用或用于统计分析的软件，而非本研究自身在材料与方法中使用某一具名第三方非牙科3D软件进行3D数据处理、分析、建模或测量；缺乏""we used / were analysed using / imported into / processed in""等表明本研究自身使用该3D软件的表述。
【软件】: -
【专科】: -
【应用场景】: -
【研究设计】: -"
in vitro study of surface properties and microbial adhesion of various dental polymers fabricated by different manufacturing techniques after thermocycling,In vitro study of surface properties and microbial adhesion of various dental polymers fabricated by different manufacturing techniques after thermocycling.,Clinical oral investigations,journalArticle,HMQZ576Q,,EXCLUDE,EXCLUDE,"证据片段中未出现任何具名第三方非牙科3D软件（如Mimics、3D Slicer、Geomagic等）及其被本研究使用的表述（如""we used / were analysed using / imported into / processed in""）；仅涉及CAD/CAM制造技术与材料测试（profilometry、contact angle、SEM），无3D软件处理/分析/建模/测量的证据。",-,-,-,-,"【判定】: EXCLUDE
【证据】: 证据片段中未出现任何具名第三方非牙科3D软件（如Mimics、3D Slicer、Geomagic等）及其被本研究使用的表述（如""we used / were analysed using / imported into / processed in""）；仅涉及CAD/CAM制造技术与材料测试（profilometry、contact angle、SEM），无3D软件处理/分析/建模/测量的证据。
【软件】: -
【专科】: -
【应用场景】: -
【研究设计】: -"
research on fatigued driving detection method by integrating lightweight yolov5s and facial 3d keypoints,Research on Fatigued-Driving Detection Method by Integrating Lightweight YOLOv5s and Facial 3D Keypoints.,"Sensors (Basel, Switzerland)",journalArticle,B4YJSKC8,,EXCLUDE,EXCLUDE,"该研究主题为疲劳驾驶检测（fatigued-driving detection），不属于口腔医学任一学科；且使用的 Attention Mesh 为面部关键点提取模型，非牙科3D数据处理软件，缺失""口腔医学主题""及""具名第三方非牙科3D软件用于3D数据处理/分析/建模/测量""的证据。",-,-,-,-,"【判定】: EXCLUDE
【证据】: 该研究主题为疲劳驾驶检测（fatigued-driving detection），不属于口腔医学任一学科；且使用的 Attention Mesh 为面部关键点提取模型，非牙科3D数据处理软件，缺失""口腔医学主题""及""具名第三方非牙科3D软件用于3D数据处理/分析/建模/测量""的证据。
【软件】: -
【专科】: -
【应用场景】: -
【研究设计】: -"
deep learning for automatic segmentation of the inferior alveolar nerve using a hybrid cnn transformer framework,Deep learning for automatic segmentation of the inferior alveolar nerve using a hybrid CNN-transformer framework.,Scientific reports,journalArticle,JNXPDRMH,,EXCLUDE,EXCLUDE,"证据片段仅显示该研究基于 nnU-Net 框架构建自研的 CNN-attention 混合架构（""built upon the nnU-Net framework""），未出现任何具名第三方非牙科3D软件被本研究使用的表述（如 ""we used / were analysed using / imported into / processed in""）。nnU-Net 为自建/深度学习分割框架，不属于纳入标准所列的具名第三方非牙科3D软件。",-,-,-,-,"【判定】: EXCLUDE
【证据】: 证据片段仅显示该研究基于 nnU-Net 框架构建自研的 CNN-attention 混合架构（""built upon the nnU-Net framework""），未出现任何具名第三方非牙科3D软件被本研究使用的表述（如 ""we used / were analysed using / imported into / processed in""）。nnU-Net 为自建/深度学习分割框架，不属于纳入标准所列的具名第三方非牙科3D软件。
【软件】: -
【专科】: -
【应用场景】: -
【研究设计】: -"
from clinic to community an interpretable artificial intelligence framework for enamel caries detection to support public health dentistry,From Clinic to Community: An Interpretable Artificial Intelligence Framework for Enamel Caries Detection to Support Public Health Dentistry.,European journal of dentistry,journalArticle,MEP5889Y,,EXCLUDE,EXCLUDE,"证据片段中未出现任何表明本研究自身使用了具名第三方非牙科3D软件的表述（如 ""we used / were analysed using / imported into / processed in""）；片段仅涉及自建深度学习模型（Modified EfficientNetB0、Modified MobileNetV2、Grad-CAM）及对既往文献的引用，缺失""本研究使用具名第三方非牙科3D软件""的证据。",-,-,-,-,"【判定】: EXCLUDE
【证据】: 证据片段中未出现任何表明本研究自身使用了具名第三方非牙科3D软件的表述（如 ""we used / were analysed using / imported into / processed in""）；片段仅涉及自建深度学习模型（Modified EfficientNetB0、Modified MobileNetV2、Grad-CAM）及对既往文献的引用，缺失""本研究使用具名第三方非牙科3D软件""的证据。
【软件】: -
【专科】: -
【应用场景】: -
【研究设计】: -"
evaluation of novel 3d printed and conventional thermoplastic stereotactic high precision patient fixation masks for radiotherapy,Evaluation of novel 3D-printed and conventional thermoplastic stereotactic high-precision patient fixation masks for radiotherapy.,Strahlentherapie und Onkologie : Organ der Deutschen Rontgengesellschaft ... [et al],journalArticle,QV6A5YTS,,EXCLUDE,EXCLUDE,主题为放射治疗（radiotherapy）中的患者固定面罩，不属于口腔医学任一学科；证据片段中亦未出现本研究自身使用具名第三方非牙科3D软件的表述（仅提及 Brainlab 面罩产品及 FFF 3D打印）。,-,-,-,-,"【判定】: EXCLUDE
【证据】: 主题为放射治疗（radiotherapy）中的患者固定面罩，不属于口腔医学任一学科；证据片段中亦未出现本研究自身使用具名第三方非牙科3D软件的表述（仅提及 Brainlab 面罩产品及 FFF 3D打印）。
【软件】: -
【专科】: -
【应用场景】: -
【研究设计】: -"
maxillary all on 6 treatment using zygomatic implants bone loss evaluation by cbct 3 year follow up,Maxillary All-on-6 Treatment Using Zygomatic Implants. Bone Loss Evaluation by CBCT: 3-Year Follow-up.,The International journal of prosthodontics,journalArticle,BC97IGVS,,EXCLUDE,EXCLUDE,"片段中出现的软件名（Romexis、OnDemand3D）均出现在讨论/文献引用语境（""was found to be accurate in many studies""、""are in line with the results of...""），未出现 ""we used / were analysed using / imported into / processed in"" 等表明本研究自身使用某具名第三方非牙科3D软件的表述；G*Power 仅用于样本量计算，非3D数据处理软件。",-,-,-,-,"【判定】: EXCLUDE
【证据】: 片段中出现的软件名（Romexis、OnDemand3D）均出现在讨论/文献引用语境（""was found to be accurate in many studies""、""are in line with the results of...""），未出现 ""we used / were analysed using / imported into / processed in"" 等表明本研究自身使用某具名第三方非牙科3D软件的表述；G*Power 仅用于样本量计算，非3D数据处理软件。
【软件】: -
【专科】: -
【应用场景】: -
【研究设计】: -"
analysis of the mandibular canal course using unsupervised machine learning algorithm,Analysis of the mandibular canal course using unsupervised machine learning algorithm.,PloS one,journalArticle,TADKGI4W,,EXCLUDE,EXCLUDE,"片段中出现的具名软件为 Ondemand3D（Cybermed Inc., Seoul, Korea），属牙科专用软件；其余为 R/RStudio 统计编程环境，非三维（3D）数据处理/建模/测量软件。缺失证据：本研究自身未在材料与方法中使用任何具名的第三方非牙科三维（3D）软件。",-,-,-,-,"【判定】: EXCLUDE
【证据】: 片段中出现的具名软件为 Ondemand3D（Cybermed Inc., Seoul, Korea），属牙科专用软件；其余为 R/RStudio 统计编程环境，非三维（3D）数据处理/建模/测量软件。缺失证据：本研究自身未在材料与方法中使用任何具名的第三方非牙科三维（3D）软件。
【软件】: -
【专科】: -
【应用场景】: -
【研究设计】: -"
making the most of single sensor information a novel fusion approach for 3d face recognition using region covariance descriptors and gaussian mixture models,Making the Most of Single Sensor Information: A Novel Fusion Approach for 3D Face Recognition Using Region Covariance Descriptors and Gaussian Mixture Models.,"Sensors (Basel, Switzerland)",journalArticle,M34352PG,,EXCLUDE,EXCLUDE,"缺失证据：片段中未出现任何表明本研究自身使用了具名第三方非牙科3D软件的表述（如 ""we used / were analysed using / imported into / processed in""）；仅提及 ICP 算法及参考文献，且主题为3D人脸识别，不属于口腔医学。",-,-,-,-,"【判定】: EXCLUDE
【证据】: 缺失证据：片段中未出现任何表明本研究自身使用了具名第三方非牙科3D软件的表述（如 ""we used / were analysed using / imported into / processed in""）；仅提及 ICP 算法及参考文献，且主题为3D人脸识别，不属于口腔医学。
【软件】: -
【专科】: -
【应用场景】: -
【研究设计】: -"
microtomography to traditional dental radiograph projecting 3 dimensional initial proximal caries lesion annotations for enhanced radiographic delineation,Microtomography to traditional dental radiograph: projecting 3-dimensional initial proximal caries lesion annotations for enhanced radiographic delineation.,Dento maxillo facial radiology,journalArticle,DVXNMRWM,,EXCLUDE,EXCLUDE,"片段中唯一具名的第三方软件为 ""Elastixa software""（用于刚性配准），但该软件为医学图像配准工具，且片段中其余核心处理（微CT注释、投影算法）均为 ""an algorithm developed in-house""（自研算法）；未出现任何符合纳入标准的具名第三方非牙科3D软件（如 Mimics、3D Slicer、MATLAB 等）用于3D数据处理、分析、建模或测量。",-,-,-,-,"【判定】: EXCLUDE
【证据】: 片段中唯一具名的第三方软件为 ""Elastixa software""（用于刚性配准），但该软件为医学图像配准工具，且片段中其余核心处理（微CT注释、投影算法）均为 ""an algorithm developed in-house""（自研算法）；未出现任何符合纳入标准的具名第三方非牙科3D软件（如 Mimics、3D Slicer、MATLAB 等）用于3D数据处理、分析、建模或测量。
【软件】: -
【专科】: -
【应用场景】: -
【研究设计】: -"
effect of coping materials zirconia or polyetheretherketone with different techniques of fabrication on vertical marginal gap and fracture resistance of posterior crowns with composite veneering,Effect of coping materials zirconia or polyetheretherketone with different techniques of fabrication on vertical marginal gap and fracture resistance of  posterior crowns with composite veneering.,BMC oral health,journalArticle,JAQHE7HD,,EXCLUDE,EXCLUDE,"摘要中出现 ""The analysis was completed using an image analysis system (ImageJ 1.53t, National Institute o...""，但 ImageJ 属于二维图像分析软件，非三维（3D）软件；方法学证据片段中未出现任何本研究自身使用的具名第三方非牙科三维（3D）软件（如 Mimics、3D Slicer、Geomagic 等）用于3D数据处理、分析、建模或测量的表述。",-,-,-,-,"【判定】: EXCLUDE
【证据】: 摘要中出现 ""The analysis was completed using an image analysis system (ImageJ 1.53t, National Institute o...""，但 ImageJ 属于二维图像分析软件，非三维（3D）软件；方法学证据片段中未出现任何本研究自身使用的具名第三方非牙科三维（3D）软件（如 Mimics、3D Slicer、Geomagic 等）用于3D数据处理、分析、建模或测量的表述。
【软件】: -
【专科】: -
【应用场景】: -
【研究设计】: -"
fatigue threshold r curves for dental lithium disilicate glass ceramics,Fatigue Threshold R-Curves for Dental Lithium Disilicate Glass-Ceramics.,Journal of dental research,journalArticle,72SRX4TH,,EXCLUDE,EXCLUDE,证据片段中未出现任何具名第三方非牙科3D软件（如Mimics、3D Slicer、ANSYS、MATLAB等）被本研究自身使用的表述；仅涉及材料力学测试（Knoop压痕、双轴弯曲、SEM等），无3D数据处理/分析/建模/测量软件的使用证据。,-,-,-,-,"【判定】: EXCLUDE
【证据】: 证据片段中未出现任何具名第三方非牙科3D软件（如Mimics、3D Slicer、ANSYS、MATLAB等）被本研究自身使用的表述；仅涉及材料力学测试（Knoop压痕、双轴弯曲、SEM等），无3D数据处理/分析/建模/测量软件的使用证据。
【软件】: -
【专科】: -
【应用场景】: -
【研究设计】: -"
us guided percutaneous microwave ablation mwa of submandibular gland a new minimal invasive and effective treatment for refractory sialorrhea and treatment response evaluation with contrast enhanced imaging techniques,US-guided percutaneous microwave ablation (MWA) of submandibular gland: A new minimal invasive and effective treatment for refractory sialorrhea and treatment  response evaluation with contrast-enhanced imaging techniques.,Clinical hemorheology and microcirculation,journalArticle,TRUZ9T77,,EXCLUDE,EXCLUDE,"片段中使用的软件为 ""Demetics Ablation Surgery Planning & Evaluation System (Demetics Medical Technology Co. Ltd, China)""，属于消融手术规划专用软件，并非原始开发领域不在牙科的非牙科三维软件（如 Mimics、3D Slicer、Geomagic 等）；且片段未表明该软件为具名第三方非牙科3D软件。缺失证据：未使用符合纳入标准的具名第三方非牙科3D软件。",-,-,-,-,"【判定】: EXCLUDE
【证据】: 片段中使用的软件为 ""Demetics Ablation Surgery Planning & Evaluation System (Demetics Medical Technology Co. Ltd, China)""，属于消融手术规划专用软件，并非原始开发领域不在牙科的非牙科三维软件（如 Mimics、3D Slicer、Geomagic 等）；且片段未表明该软件为具名第三方非牙科3D软件。缺失证据：未使用符合纳入标准的具名第三方非牙科3D软件。
【软件】: -
【专科】: -
【应用场景】: -
【研究设计】: -"
accuracy assessment of dynamic navigation during implant placement a systematic review and meta analysis of clinical studies in the last 10 years,Accuracy assessment of dynamic navigation during implant placement: A systematic review and meta-analysis of clinical studies in the last 10 years.,Journal of dentistry,journalArticle,3KAXK8L7,,EXCLUDE,EXCLUDE,"该文献为系统综述与meta分析（""A systematic review and meta-analysis""），方法学片段中未出现本研究自身使用具名第三方非牙科3D软件的表述；仅提及""software corresponding to the navigation system""等泛述，且软件名（如SimPlant）出现在背景介绍/他文引用中，非本研究使用。",-,-,-,-,"【判定】: EXCLUDE
【证据】: 该文献为系统综述与meta分析（""A systematic review and meta-analysis""），方法学片段中未出现本研究自身使用具名第三方非牙科3D软件的表述；仅提及""software corresponding to the navigation system""等泛述，且软件名（如SimPlant）出现在背景介绍/他文引用中，非本研究使用。
【软件】: -
【专科】: -
【应用场景】: -
【研究设计】: -"
network toxicology combined with molecular docking technology to explore the molecular mechanism of amatoxin causing liver injury,Network toxicology combined with molecular docking technology to explore the molecular mechanism of amatoxin causing liver injury.,Scientific reports,journalArticle,422HCDHQ,,EXCLUDE,EXCLUDE,主题为毒理学/肝损伤分子机制，不属于口腔医学任一学科；且证据片段中出现的软件（ADMETlab、STITCH、SwissTargetPrediction 等）均为毒理/生物信息学在线平台，非牙科3D软件，亦未用于3D数据处理、分析、建模或测量。,-,-,-,-,"【判定】: EXCLUDE
【证据】: 主题为毒理学/肝损伤分子机制，不属于口腔医学任一学科；且证据片段中出现的软件（ADMETlab、STITCH、SwissTargetPrediction 等）均为毒理/生物信息学在线平台，非牙科3D软件，亦未用于3D数据处理、分析、建模或测量。
【软件】: -
【专科】: -
【应用场景】: -
【研究设计】: -"
increased deformations are dispensable for cell mechanoresponse in engineered bone analogs mimicking aging bone marrow,Increased deformations are dispensable for cell mechanoresponse in engineered bone analogs mimicking aging bone marrow.,,preprint,P5U2KFAM,,EXCLUDE,EXCLUDE,该研究主题为工程化骨髓模型与骨力学响应，属于骨生物学/生物力学领域，而非口腔医学任一学科；摘要及方法学片段中未涉及口腔、牙、颌面或口腔相关组织。虽使用了 HyperMesh、ABAQUS、MeshMixer 等非牙科3D软件，但主题不属于口腔医学，故不满足纳入标准第1条。,-,-,-,-,"【判定】: EXCLUDE
【证据】: 该研究主题为工程化骨髓模型与骨力学响应，属于骨生物学/生物力学领域，而非口腔医学任一学科；摘要及方法学片段中未涉及口腔、牙、颌面或口腔相关组织。虽使用了 HyperMesh、ABAQUS、MeshMixer 等非牙科3D软件，但主题不属于口腔医学，故不满足纳入标准第1条。
【软件】: -
【专科】: -
【应用场景】: -
【研究设计】: -"
validation of 2d lateral cephalometric analysis using artificial intelligence processed low dose cone beam computed tomography,Validation of 2D lateral cephalometric analysis using artificial intelligence-processed low-dose cone beam computed tomography.,Heliyon,journalArticle,UEIY9979,,EXCLUDE,EXCLUDE,"片段中出现的软件为 ""rainbow 3D Viewer""（用于从 CBCT 数据重建 2D 头影测量片），但该软件为牙科/头影测量专用软件，不属于原始开发领域在牙科之外的非牙科 3D 软件；其余片段仅泛述 CBCT 软件、DNN、GAN 等，未表明本研究自身使用了具名的第三方非牙科 3D 软件（如 Mimics、3D Slicer、MATLAB 等）。",-,-,-,-,"【判定】: EXCLUDE
【证据】: 片段中出现的软件为 ""rainbow 3D Viewer""（用于从 CBCT 数据重建 2D 头影测量片），但该软件为牙科/头影测量专用软件，不属于原始开发领域在牙科之外的非牙科 3D 软件；其余片段仅泛述 CBCT 软件、DNN、GAN 等，未表明本研究自身使用了具名的第三方非牙科 3D 软件（如 Mimics、3D Slicer、MATLAB 等）。
【软件】: -
【专科】: -
【应用场景】: -
【研究设计】: -"
a 3 dimensional scaffolding system recapitulates the hierarchical osteon structure,A 3-Dimensional Scaffolding System Recapitulates the Hierarchical Osteon Structure.,ACS omega,journalArticle,H9R2SL24,,EXCLUDE,EXCLUDE,"证据片段中未出现任何表明本研究自身使用了具名第三方非牙科3D软件的表述；仅出现 ""software"" 一词于作者贡献声明（""Chao Si contributed to investigation, resources, and software""），未指明任何具体软件名，其余片段为致谢与参考文献列表。",-,-,-,-,"【判定】: EXCLUDE
【证据】: 证据片段中未出现任何表明本研究自身使用了具名第三方非牙科3D软件的表述；仅出现 ""software"" 一词于作者贡献声明（""Chao Si contributed to investigation, resources, and software""），未指明任何具体软件名，其余片段为致谢与参考文献列表。
【软件】: -
【专科】: -
【应用场景】: -
【研究设计】: -"
additively custom made 3d printed subperiosteal implants for the rehabilitation of the severely atrophic maxilla a case report,Additively custom-made 3D-printed subperiosteal implants for the rehabilitation of the severely atrophic maxilla (a case report).,Clinical case reports,journalArticle,ZMBXPSMH,,EXCLUDE,EXCLUDE,"证据片段中未出现任何具名第三方非牙科3D软件（如 Mimics、3D Slicer、Geomagic、SolidWorks 等）被本研究使用的表述；仅提及 ""reverse-engineering process""、""3D model design""、""CAD/CAM""、""STL data"" 等泛述，未指明具体软件名，也无 ""we used / were analysed using / imported into / processed in"" 等表明本研究自身使用某具名软件的原文。",-,-,-,-,"【判定】: EXCLUDE
【证据】: 证据片段中未出现任何具名第三方非牙科3D软件（如 Mimics、3D Slicer、Geomagic、SolidWorks 等）被本研究使用的表述；仅提及 ""reverse-engineering process""、""3D model design""、""CAD/CAM""、""STL data"" 等泛述，未指明具体软件名，也无 ""we used / were analysed using / imported into / processed in"" 等表明本研究自身使用某具名软件的原文。
【软件】: -
【专科】: -
【应用场景】: -
【研究设计】: -"
transformation trees documentation of multimodal image registration,Transformation trees - Documentation of multimodal image registration.,Computers in biology and medicine,journalArticle,DK5KVWF5,,EXCLUDE,EXCLUDE,"证据片段中 MeshLab、CloudCompare、3D Slicer、Blender 等软件名仅出现在对现有方法的综述性描述（""Tools such as..."", ""commonly used for..."", ""such as Blender""）及参考文献列表中，未出现 ""we used / were analysed using / imported into / processed in"" 等表明本研究自身使用该软件的表述；本研究实际实现于自研软件 dpVision。",-,-,-,-,"【判定】: EXCLUDE
【证据】: 证据片段中 MeshLab、CloudCompare、3D Slicer、Blender 等软件名仅出现在对现有方法的综述性描述（""Tools such as..."", ""commonly used for..."", ""such as Blender""）及参考文献列表中，未出现 ""we used / were analysed using / imported into / processed in"" 等表明本研究自身使用该软件的表述；本研究实际实现于自研软件 dpVision。
【软件】: -
【专科】: -
【应用场景】: -
【研究设计】: -"
three dimensional printing in cardiothoracic surgery workflow and clinical applications,Three-Dimensional Printing in Cardiothoracic Surgery: Workflow and Clinical Applications.,Cureus,journalArticle,26QBFLTE,,EXCLUDE,EXCLUDE,主题为心胸外科（cardiothoracic surgery）的3D打印工作流程，不属于口腔医学任一学科；虽使用了 ITK-SNAP、Blender 等非牙科3D软件，但主题不符纳入标准第1条。,-,-,-,-,"【判定】: EXCLUDE
【证据】: 主题为心胸外科（cardiothoracic surgery）的3D打印工作流程，不属于口腔医学任一学科；虽使用了 ITK-SNAP、Blender 等非牙科3D软件，但主题不符纳入标准第1条。
【软件】: -
【专科】: -
【应用场景】: -
【研究设计】: -"
3d markerless tracking of speech movements with submillimeter accuracy,3D markerless tracking of speech movements with submillimeter accuracy.,,preprint,AZVQHWIR,,EXCLUDE,EXCLUDE,"该研究使用 Python 编写自研代码（""All codes used in our pipeline were written in Python""），并使用自研/深度学习模型（SPIGA、CoTracker、SAM2），未使用纳入标准所列的具名第三方非牙科三维（3D）软件进行3D数据处理、分析、建模或测量；且主题为言语运动追踪，不属于口腔医学任一学科。",-,-,-,-,"【判定】: EXCLUDE
【证据】: 该研究使用 Python 编写自研代码（""All codes used in our pipeline were written in Python""），并使用自研/深度学习模型（SPIGA、CoTracker、SAM2），未使用纳入标准所列的具名第三方非牙科三维（3D）软件进行3D数据处理、分析、建模或测量；且主题为言语运动追踪，不属于口腔医学任一学科。
【软件】: -
【专科】: -
【应用场景】: -
【研究设计】: -"
research on non cohesive jet formed by zr based amorphous alloys,Research on non-cohesive jet formed by Zr-based amorphous alloys.,Scientific reports,journalArticle,RXEJVUD3,,EXCLUDE,EXCLUDE,该研究主题为 Zr 基非晶合金聚能射流形成（爆炸力学/材料科学），不属于口腔医学任一学科；虽使用了 ANSYS、Autodyn 等非牙科 3D 软件，但主题不符。,-,-,-,-,"【判定】: EXCLUDE
【证据】: 该研究主题为 Zr 基非晶合金聚能射流形成（爆炸力学/材料科学），不属于口腔医学任一学科；虽使用了 ANSYS、Autodyn 等非牙科 3D 软件，但主题不符。
【软件】: -
【专科】: -
【应用场景】: -
【研究设计】: -"
a multi center study of transformer based cnns for multiple sclerosis lesion segmentation on 3d flair mri,A multi-center study of transformer-based CNNs for multiple sclerosis lesion segmentation on 3D FLAIR MRI.,Neuroradiology,journalArticle,V424MXPT,,EXCLUDE,EXCLUDE,主题为多发性硬化（MS）病灶的MRI分割，属于神经影像学/神经放射学，不属于口腔医学任一学科；且证据片段中未出现任何具名第三方非牙科3D软件（仅提及自研Transformer-CNN及U-Net、DeepLabV3等深度学习模型）。,-,-,-,-,"【判定】: EXCLUDE
【证据】: 主题为多发性硬化（MS）病灶的MRI分割，属于神经影像学/神经放射学，不属于口腔医学任一学科；且证据片段中未出现任何具名第三方非牙科3D软件（仅提及自研Transformer-CNN及U-Net、DeepLabV3等深度学习模型）。
【软件】: -
【专科】: -
【应用场景】: -
【研究设计】: -"
scanning accuracy and scanning area discrepancies of intraoral digital scans acquired at varying scanning distances and angulations among 4 different intraoral scanners,Scanning accuracy and scanning area discrepancies of intraoral digital scans acquired at varying scanning distances and angulations among 4 different  intraoral scanners.,The Journal of prosthetic dentistry,journalArticle,KL633SZT,,EXCLUDE,EXCLUDE,"片段中出现的具名软件为 ""Medit Link, Medit Design App""（牙科专用软件）以及 ""open-source computer-aided design (CAD) software program""（未具名）。未出现任何本研究自身使用的具名第三方非牙科3D软件（如 Mimics、Geomagic、CloudCompare 等）的表述。",-,-,-,-,"【判定】: EXCLUDE
【证据】: 片段中出现的具名软件为 ""Medit Link, Medit Design App""（牙科专用软件）以及 ""open-source computer-aided design (CAD) software program""（未具名）。未出现任何本研究自身使用的具名第三方非牙科3D软件（如 Mimics、Geomagic、CloudCompare 等）的表述。
【软件】: -
【专科】: -
【应用场景】: -
【研究设计】: -"
shaping the 4d frontier in maxillofacial surgery with facemesh evolution,Shaping the 4D frontier in maxillofacial surgery with faceMesh evolution.,"Journal of stomatology, oral and maxillofacial surgery",journalArticle,ZP63E7VD,,EXCLUDE,EXCLUDE,该研究使用 Python 算法及 OpenCV、MediaPipe、Numpy、TensorFlow 等库，属于自研代码/深度学习模型，未使用纳入标准所要求的具名第三方非牙科三维（3D）软件（如 Mimics、3D Slicer、Geomagic 等）进行3D数据处理、分析、建模或测量。,-,-,-,-,"【判定】: EXCLUDE
【证据】: 该研究使用 Python 算法及 OpenCV、MediaPipe、Numpy、TensorFlow 等库，属于自研代码/深度学习模型，未使用纳入标准所要求的具名第三方非牙科三维（3D）软件（如 Mimics、3D Slicer、Geomagic 等）进行3D数据处理、分析、建模或测量。
【软件】: -
【专科】: -
【应用场景】: -
【研究设计】: -"
ct based three dimensional morphometric analysis of the bony palate and hard palatal mucosa in female orthognathic surgery candidates,CT-based three-dimensional morphometric analysis of the bony palate and hard palatal mucosa in female orthognathic surgery candidates.,Frontiers in oral health,journalArticle,CD6KF4YY,,INCLUDE,INCLUDE,"Linear distances and areas were measured using medical image-processing software (Mimics 27.0, Materialise, Belgium). To distinguish soft tissue from hard tissue, the gray-scale threshold was manually adjusted, and palatal mucosal thickness and bony palatal morphology were measured on the resulting images.",Mimics,Orthodontics,Morphological and phenotypic analysis,clinical,"【判定】: INCLUDE
【证据】: Linear distances and areas were measured using medical image-processing software (Mimics 27.0, Materialise, Belgium). To distinguish soft tissue from hard tissue, the gray-scale threshold was manually adjusted, and palatal mucosal thickness and bony palatal morphology were measured on the resulting images.
【软件】: Mimics
【专科】: Orthodontics
【应用场景】: Morphological and phenotypic analysis
【研究设计】: clinical"
dllnet an attention based deep learning method for dental landmark localization on high resolution 3d digital dental models,DLLNet: An Attention-Based Deep Learning Method for Dental Landmark Localization on High-Resolution 3D Digital Dental Models.,Medical image computing and computer-assisted intervention : MICCAI ... International Conference on Medical Image Computing and Computer-Assisted  Intervention,journalArticle,64V4MY8B,,EXCLUDE,EXCLUDE,"证据片段仅描述该研究提出自研深度学习框架（""We propose an end-to-end learning framework""），未出现任何具名第三方非牙科3D软件（如 Mimics、3D Slicer、MeshLab、Geomagic 等）被本研究使用的表述（如 ""we used / imported into / processed in""）；仅提及 PointNet++、MeshSegNet 等作为对比或引用的方法。",-,-,-,-,"【判定】: EXCLUDE
【证据】: 证据片段仅描述该研究提出自研深度学习框架（""We propose an end-to-end learning framework""），未出现任何具名第三方非牙科3D软件（如 Mimics、3D Slicer、MeshLab、Geomagic 等）被本研究使用的表述（如 ""we used / imported into / processed in""）；仅提及 PointNet++、MeshSegNet 等作为对比或引用的方法。
【软件】: -
【专科】: -
【应用场景】: -
【研究设计】: -"
segmentation of spinal rootlets across mri contrasts with rootletseg,Segmentation of spinal rootlets across MRI contrasts with RootletSeg.,Scientific reports,journalArticle,FS95B6WA,,EXCLUDE,EXCLUDE,"证据片段仅显示该研究开发了自研深度学习模型 RootletSeg（""A deep learning model, RootletSeg, was developed...""），未出现任何具名第三方非牙科3D软件（如 Mimics、3D Slicer、MATLAB 等）被本研究使用的表述（如 ""we used / were analysed using / imported into / processed in""）。",-,-,-,-,"【判定】: EXCLUDE
【证据】: 证据片段仅显示该研究开发了自研深度学习模型 RootletSeg（""A deep learning model, RootletSeg, was developed...""），未出现任何具名第三方非牙科3D软件（如 Mimics、3D Slicer、MATLAB 等）被本研究使用的表述（如 ""we used / were analysed using / imported into / processed in""）。
【软件】: -
【专科】: -
【应用场景】: -
【研究设计】: -"
comparison of internal fit of metal ceramic crowns in cad cam and lost wax techniques in all fabrication stages through replica weighting triple scanning and scanning electron microscope,"Comparison of internal fit of metal-ceramic crowns in CAD/CAM and lost-wax techniques in all fabrication stages through replica weighting, triple scanning,  and scanning electron microscope.",Clinical and experimental dental research,journalArticle,FZ2D9GS2,,EXCLUDE,EXCLUDE,"证据片段仅提及 ""triple scanning""、""replica weighting""、""scanning electron microscopy"" 等测量方法，未出现任何具名第三方非牙科3D软件（如 Mimics、Geomagic、CloudCompare 等）的名称，也无 ""we used / imported into / processed in"" 等表明本研究自身使用某具名3D软件的表述。",-,-,-,-,"【判定】: EXCLUDE
【证据】: 证据片段仅提及 ""triple scanning""、""replica weighting""、""scanning electron microscopy"" 等测量方法，未出现任何具名第三方非牙科3D软件（如 Mimics、Geomagic、CloudCompare 等）的名称，也无 ""we used / imported into / processed in"" 等表明本研究自身使用某具名3D软件的表述。
【软件】: -
【专科】: -
【应用场景】: -
【研究设计】: -"
hybrid prosthesis versus overdenture effect of biohpp prosthetic design rehabilitating edentulous mandible,Hybrid Prosthesis versus Overdenture: Effect of BioHPP Prosthetic Design Rehabilitating Edentulous Mandible.,International journal of dentistry,journalArticle,CW5GQWLK,,EXCLUDE,EXCLUDE,"证据片段中仅出现 ""CAD/CAM""、""CAD–CAM"" 等泛称及 ""random allocation software (an Excel sheet)""（用于随机分组，非3D数据处理/分析/建模/测量），未出现任何具名第三方非牙科3D软件（如 Mimics、3D Slicer、Geomagic、SolidWorks 等）被本研究自身用于3D数据处理、分析、建模或测量的表述。",-,-,-,-,"【判定】: EXCLUDE
【证据】: 证据片段中仅出现 ""CAD/CAM""、""CAD–CAM"" 等泛称及 ""random allocation software (an Excel sheet)""（用于随机分组，非3D数据处理/分析/建模/测量），未出现任何具名第三方非牙科3D软件（如 Mimics、3D Slicer、Geomagic、SolidWorks 等）被本研究自身用于3D数据处理、分析、建模或测量的表述。
【软件】: -
【专科】: -
【应用场景】: -
【研究设计】: -"
quantitative craniofacial analysis and generation of human induced pluripotent stem cells for muenke syndrome a case report,Quantitative Craniofacial Analysis and Generation of Human Induced Pluripotent Stem Cells for Muenke Syndrome: A Case Report.,Journal of developmental biology,journalArticle,RN75DXBK,,EXCLUDE,EXCLUDE,"该研究使用的软件为 Invivo 5.4（Anatomage）和 MorphoJ。Invivo 5.4 属于牙科专用软件（Anatomage 为牙科/颌面影像软件），不符合""非牙科3D软件""要求；MorphoJ 为几何形态测量学专用软件，非通用3D数据处理/建模/测量软件，且证据中仅显示""imported into MorphoJ software""，未表明其用于3D数据处理、分析、建模或测量。缺失证据：未使用任何具名的第三方非牙科三维（3D）软件。",-,-,-,-,"【判定】: EXCLUDE
【证据】: 该研究使用的软件为 Invivo 5.4（Anatomage）和 MorphoJ。Invivo 5.4 属于牙科专用软件（Anatomage 为牙科/颌面影像软件），不符合""非牙科3D软件""要求；MorphoJ 为几何形态测量学专用软件，非通用3D数据处理/建模/测量软件，且证据中仅显示""imported into MorphoJ software""，未表明其用于3D数据处理、分析、建模或测量。缺失证据：未使用任何具名的第三方非牙科三维（3D）软件。
【软件】: -
【专科】: -
【应用场景】: -
【研究设计】: -"
rehabilitation strategies and occlusal vertical dimension considerations in the management of worn dentitions consensus statement from ssrd sepes and prosec conference on minimally invasive restorations,"Rehabilitation Strategies and Occlusal Vertical Dimension Considerations in the Management of Worn Dentitions: Consensus Statement From SSRD, SEPES, and PROSEC  Conference on Minimally Invasive Restorations.",Journal of esthetic and restorative dentistry : official publication of the American Academy of Esthetic Dentistry ... [et al.],journalArticle,WQXIQTTD,,EXCLUDE,EXCLUDE,"证据片段中未出现任何表明本研究自身在材料与方法中使用具名第三方非牙科3D软件的表述；仅提及 CAD/CAM 等泛述，无 ""we used / were analysed using / imported into / processed in"" 等本研究使用具体软件的原文。",-,-,-,-,"【判定】: EXCLUDE
【证据】: 证据片段中未出现任何表明本研究自身在材料与方法中使用具名第三方非牙科3D软件的表述；仅提及 CAD/CAM 等泛述，无 ""we used / were analysed using / imported into / processed in"" 等本研究使用具体软件的原文。
【软件】: -
【专科】: -
【应用场景】: -
【研究设计】: -"
traditional and artificial intelligent methods in predicting maxillofacial soft tissue morphology after orthognathic surgery a narrative review,Traditional and Artificial Intelligent Methods in Predicting Maxillofacial Soft Tissue Morphology After Orthognathic Surgery: A Narrative Review.,International journal of dentistry,journalArticle,CMEY6TXK,,EXCLUDE,EXCLUDE,"文献类型为叙述性综述（narrative review），摘要明确 ""This narrative review aims to evaluate...""，方法学片段仅泛述他人研究（""Studies have shown that using computer-aided design (CAD)...""）及提及 Dolphin Imaging 等软件，无 ""we used / were analysed using / imported into / processed in"" 等表明本研究自身使用具名第三方非牙科3D软件的表述。",-,-,-,-,"【判定】: EXCLUDE
【证据】: 文献类型为叙述性综述（narrative review），摘要明确 ""This narrative review aims to evaluate...""，方法学片段仅泛述他人研究（""Studies have shown that using computer-aided design (CAD)...""）及提及 Dolphin Imaging 等软件，无 ""we used / were analysed using / imported into / processed in"" 等表明本研究自身使用具名第三方非牙科3D软件的表述。
【软件】: -
【专科】: -
【应用场景】: -
【研究设计】: -"
systematic scoping review of mandibular bone tissue engineering,Systematic scoping review of mandibular bone tissue engineering.,The British journal of oral & maxillofacial surgery,journalArticle,F92WZXMG,,EXCLUDE,EXCLUDE,"该文献为系统范围综述（scoping systematic review），方法学片段仅描述检索策略（Medline、PubMed Central），未出现任何表明本研究自身使用具名第三方非牙科3D软件的表述（如 ""we used / were analysed using / imported into / processed in""）；片段中出现的软件相关内容缺失。",-,-,-,-,"【判定】: EXCLUDE
【证据】: 该文献为系统范围综述（scoping systematic review），方法学片段仅描述检索策略（Medline、PubMed Central），未出现任何表明本研究自身使用具名第三方非牙科3D软件的表述（如 ""we used / were analysed using / imported into / processed in""）；片段中出现的软件相关内容缺失。
【软件】: -
【专科】: -
【应用场景】: -
【研究设计】: -"
device trueness in passivity and misfit of cad cam frameworks conventional versus printed casts,Device trueness in passivity and misfit of CAD-CAM frameworks: Conventional versus printed casts.,The Journal of prosthetic dentistry,journalArticle,DK5FUG8T,,EXCLUDE,EXCLUDE,"片段中出现的软件为 Zirkozahn.Modellier（Zirkozahn），属于牙科专用 CAD 软件，不符合""非牙科三维软件""要求；未出现 Mimics、3D Slicer、Geomagic 等具名第三方非牙科 3D 软件被本研究使用的表述。",-,-,-,-,"【判定】: EXCLUDE
【证据】: 片段中出现的软件为 Zirkozahn.Modellier（Zirkozahn），属于牙科专用 CAD 软件，不符合""非牙科三维软件""要求；未出现 Mimics、3D Slicer、Geomagic 等具名第三方非牙科 3D 软件被本研究使用的表述。
【软件】: -
【专科】: -
【应用场景】: -
【研究设计】: -"
influence of digital technologies and framework design on the load to fracture of co cr posterior fixed partial denture frameworks,Influence of Digital Technologies and Framework Design on the Load to Fracture of Co-Cr Posterior Fixed Partial Denture Frameworks.,Journal of prosthodontics : official journal of the American College of Prosthodontists,journalArticle,N8MVKDJM,,EXCLUDE,EXCLUDE,证据片段中仅出现牙科专用软件（Lava Scan ST；DWOS Lava Edition）及统计软件 G*Program 3.1.9.4，未出现任何具名的第三方非牙科三维（3D）软件（如 Mimics、3D Slicer、Geomagic、ANSYS 等）用于3D数据处理、分析、建模或测量的表述。,-,-,-,-,"【判定】: EXCLUDE
【证据】: 证据片段中仅出现牙科专用软件（Lava Scan ST；DWOS Lava Edition）及统计软件 G*Program 3.1.9.4，未出现任何具名的第三方非牙科三维（3D）软件（如 Mimics、3D Slicer、Geomagic、ANSYS 等）用于3D数据处理、分析、建模或测量的表述。
【软件】: -
【专科】: -
【应用场景】: -
【研究设计】: -"
translucent monolithic zirconia titanium supported fp1 full arch prosthesis a novel proof of concept to address esthetic functional and biologic challenges,"Translucent monolithic zirconia titanium-supported FP1 full-arch prosthesis: A novel proof of concept to address esthetic, functional, and biologic challenges.",Journal of esthetic and restorative dentistry : official publication of the American Academy of Esthetic Dentistry ... [et al.],journalArticle,J9YVQLRA,,EXCLUDE,EXCLUDE,证据片段中仅出现牙科专用软件（SmileCloud、Dental System 3Shape、Trios 3 3Shape），未出现任何具名第三方非牙科3D软件（如 Mimics、3D Slicer、Geomagic、MATLAB 等）被本研究自身用于3D数据处理/分析/建模/测量的表述。,-,-,-,-,"【判定】: EXCLUDE
【证据】: 证据片段中仅出现牙科专用软件（SmileCloud、Dental System 3Shape、Trios 3 3Shape），未出现任何具名第三方非牙科3D软件（如 Mimics、3D Slicer、Geomagic、MATLAB 等）被本研究自身用于3D数据处理/分析/建模/测量的表述。
【软件】: -
【专科】: -
【应用场景】: -
【研究设计】: -"
the effect of a convergent transmucosal neck on soft tissues and radiographic outcomes a 1 year follow up randomized controlled trial,The effect of a convergent transmucosal neck on soft tissues and radiographic outcomes: a 1-year follow-up randomized controlled trial.,Clinical oral investigations,journalArticle,VKJI7KQU,,EXCLUDE,EXCLUDE,本研究自身使用的软件为 Image J（图像分析）和 OraCheck（Cyfex，牙科/口扫叠加分析软件），均不属于非牙科三维（3D）软件；片段中未出现任何本研究自行使用的具名第三方非牙科3D软件（如 Mimics、3D Slicer、Geomagic 等）用于3D数据处理、分析、建模或测量的表述。,-,-,-,-,"【判定】: EXCLUDE
【证据】: 本研究自身使用的软件为 Image J（图像分析）和 OraCheck（Cyfex，牙科/口扫叠加分析软件），均不属于非牙科三维（3D）软件；片段中未出现任何本研究自行使用的具名第三方非牙科3D软件（如 Mimics、3D Slicer、Geomagic 等）用于3D数据处理、分析、建模或测量的表述。
【软件】: -
【专科】: -
【应用场景】: -
【研究设计】: -"
polyetheretherketone versus titanium cad cam framework for implant supported fixed complete dentures a retrospective study with up to 5 year follow up,Polyetheretherketone versus titanium CAD-CAM framework for implant-supported fixed complete dentures: a retrospective study with up to 5-year follow-up.,Journal of prosthodontic research,journalArticle,EF2ZZ3Y3,,EXCLUDE,EXCLUDE,"证据片段仅泛述 ""Titanium and zirconia, which provide high biocompatibility, corrosion resistance, and excellent machining performance for CAD-CAM, are commonly used for implant frameworks [3,4]""，未出现任何具名第三方非牙科3D软件，也无 ""we used / were analysed using / imported into / processed in"" 等表明本研究自身使用某软件的表述。",-,-,-,-,"【判定】: EXCLUDE
【证据】: 证据片段仅泛述 ""Titanium and zirconia, which provide high biocompatibility, corrosion resistance, and excellent machining performance for CAD-CAM, are commonly used for implant frameworks [3,4]""，未出现任何具名第三方非牙科3D软件，也无 ""we used / were analysed using / imported into / processed in"" 等表明本研究自身使用某软件的表述。
【软件】: -
【专科】: -
【应用场景】: -
【研究设计】: -"
artificial intelligence in dentistry a review,Artificial intelligence in dentistry-A review.,Frontiers in dental medicine,journalArticle,2PWCH3UQ,,EXCLUDE,EXCLUDE,"文献类型为综述（题名 ""Artificial intelligence in dentistry-A review""），且证据片段中未出现任何表明本研究自身使用具名第三方非牙科3D软件的表述（如 ""we used / were analysed using / imported into / processed in""）。",-,-,-,-,"【判定】: EXCLUDE
【证据】: 文献类型为综述（题名 ""Artificial intelligence in dentistry-A review""），且证据片段中未出现任何表明本研究自身使用具名第三方非牙科3D软件的表述（如 ""we used / were analysed using / imported into / processed in""）。
【软件】: -
【专科】: -
【应用场景】: -
【研究设计】: -"
laser induced fluorescence with 2 d hilbert transform edge detection algorithm and 3d fluorescence images for white spot early recognition,Laser induced fluorescence with 2-D Hilbert transform edge detection algorithm and 3D fluorescence images for white spot early recognition.,"Spectrochimica acta. Part A, Molecular and biomolecular spectroscopy",journalArticle,VYNX95B3,,EXCLUDE,EXCLUDE,"片段中出现的软件为 ""HSAnalysis2XL software [SOC 710 courtesy of surfaceoptics.com]""，属于高光谱成像专用软件，并非纳入标准所列的非牙科三维（3D）软件；且该研究主要使用自研的 2D Hilbert transform 边缘检测算法，未表明使用了具名第三方非牙科3D软件进行3D数据处理、分析、建模或测量。",-,-,-,-,"【判定】: EXCLUDE
【证据】: 片段中出现的软件为 ""HSAnalysis2XL software [SOC 710 courtesy of surfaceoptics.com]""，属于高光谱成像专用软件，并非纳入标准所列的非牙科三维（3D）软件；且该研究主要使用自研的 2D Hilbert transform 边缘检测算法，未表明使用了具名第三方非牙科3D软件进行3D数据处理、分析、建模或测量。
【软件】: -
【专科】: -
【应用场景】: -
【研究设计】: -"
ai driven dynamic orthodontic treatment management personalized progress tracking and adjustments a narrative review,AI-driven dynamic orthodontic treatment management: personalized progress tracking and adjustments-a narrative review.,Frontiers in dental medicine,journalArticle,JSX3JNRG,,EXCLUDE,EXCLUDE,"该文献为叙述性综述（题名 ""a narrative review""），且证据片段中软件/模型名称（如 iMeshSegNet、PointNet、CephNet、ResNet 等）均出现在对他人研究的引用与汇总表格中（如 ""Wu et al. (19)""、""Vinayahalingam et al. (20)""），未出现 ""we used / were analysed using / imported into / processed in"" 等表明本研究自身使用某具名第三方非牙科3D软件的表述。",-,-,-,-,"【判定】: EXCLUDE
【证据】: 该文献为叙述性综述（题名 ""a narrative review""），且证据片段中软件/模型名称（如 iMeshSegNet、PointNet、CephNet、ResNet 等）均出现在对他人研究的引用与汇总表格中（如 ""Wu et al. (19)""、""Vinayahalingam et al. (20)""），未出现 ""we used / were analysed using / imported into / processed in"" 等表明本研究自身使用某具名第三方非牙科3D软件的表述。
【软件】: -
【专科】: -
【应用场景】: -
【研究设计】: -"
marginal gap and screw loosening in cad cam materials for implant supported fixed partial dentures an in vitro study,Marginal Gap and Screw Loosening in CAD/CAM Materials for Implant-Supported Fixed Partial Dentures: An In Vitro Study.,The International journal of oral & maxillofacial implants,journalArticle,NJ8D3IDG,,EXCLUDE,EXCLUDE,"证据片段中仅提及 ""CAD/CAM technology"" 及材料品牌（Ceramill CAD/CAM、Scheftner MoguCera 等），未出现任何具名第三方非牙科3D软件（如 Mimics、3D Slicer、Geomagic、ANSYS 等）被本研究自身用于3D数据处理、分析、建模或测量的表述（如 ""we used / imported into / processed in""）。缺失：本研究自身使用具名第三方非牙科3D软件的证据。",-,-,-,-,"【判定】: EXCLUDE
【证据】: 证据片段中仅提及 ""CAD/CAM technology"" 及材料品牌（Ceramill CAD/CAM、Scheftner MoguCera 等），未出现任何具名第三方非牙科3D软件（如 Mimics、3D Slicer、Geomagic、ANSYS 等）被本研究自身用于3D数据处理、分析、建模或测量的表述（如 ""we used / imported into / processed in""）。缺失：本研究自身使用具名第三方非牙科3D软件的证据。
【软件】: -
【专科】: -
【应用场景】: -
【研究设计】: -"
zirconia cad cam machining vibrations related to zirconia blank shape and initial digital nesting,Zirconia CAD/CAM machining vibrations related to zirconia blank shape and initial digital nesting.,International journal of computerized dentistry,journalArticle,EKHK6Z2C,,EXCLUDE,EXCLUDE,"证据片段中仅提及 ""dental CAD/CAM systems""、""manufacturers' designated software""、""specific milling software"" 等泛述，未出现任何具名第三方非牙科3D软件名，也无 ""we used / imported into / processed in"" 等表明本研究自身使用某具名软件的表述。",-,-,-,-,"【判定】: EXCLUDE
【证据】: 证据片段中仅提及 ""dental CAD/CAM systems""、""manufacturers' designated software""、""specific milling software"" 等泛述，未出现任何具名第三方非牙科3D软件名，也无 ""we used / imported into / processed in"" 等表明本研究自身使用某具名软件的表述。
【软件】: -
【专科】: -
【应用场景】: -
【研究设计】: -"
suspended tissue open microfluidic patterning stomp,Suspended Tissue Open Microfluidic Patterning (STOMP).,,preprint,WKLA7YYF,,EXCLUDE,EXCLUDE,"片段中虽出现 ""the open microfluidic patterning device and clips were designed in Solidworks""，但该研究主题为微流控组织工程（Suspended Tissue Open Microfluidic Patterning），摘要中仅提及 bone-ligament enthesis 与 periodontal ligament 作为应用示例，整体不属于口腔医学任一学科的研究；缺失""主题属于口腔医学""这一纳入证据。",-,-,-,-,"【判定】: EXCLUDE
【证据】: 片段中虽出现 ""the open microfluidic patterning device and clips were designed in Solidworks""，但该研究主题为微流控组织工程（Suspended Tissue Open Microfluidic Patterning），摘要中仅提及 bone-ligament enthesis 与 periodontal ligament 作为应用示例，整体不属于口腔医学任一学科的研究；缺失""主题属于口腔医学""这一纳入证据。
【软件】: -
【专科】: -
【应用场景】: -
【研究设计】: -"
a new mesoscopic parameter inverse analysis method of hydraulic concrete based on the svr hgwo intelligent algorithm,A New Mesoscopic Parameter Inverse Analysis Method of Hydraulic Concrete Based on the SVR-HGWO Intelligent Algorithm.,"Materials (Basel, Switzerland)",journalArticle,JGJ3BDPX,,EXCLUDE,EXCLUDE,主题为水工混凝土（hydraulic concrete）细观参数反演，不属于口腔医学任一学科；证据片段中 ABAQUS 用于混凝土三点弯曲数值模拟，与口腔医学无关。,-,-,-,-,"【判定】: EXCLUDE
【证据】: 主题为水工混凝土（hydraulic concrete）细观参数反演，不属于口腔医学任一学科；证据片段中 ABAQUS 用于混凝土三点弯曲数值模拟，与口腔医学无关。
【软件】: -
【专科】: -
【应用场景】: -
【研究设计】: -"
zygoplanner a three stage graphics based framework for optimal preoperative planning of zygomatic implant placement,ZygoPlanner: A three-stage graphics-based framework for optimal preoperative planning of zygomatic implant placement.,Medical image analysis,journalArticle,9KLIBGLL,,EXCLUDE,EXCLUDE,"证据片段中未出现任何表明本研究自身使用了具名第三方非牙科3D软件的表述；片段仅描述自研的 graphics-based interpretable method、point cloud filling algorithm 等自研方法，以及引用他人研究（如 ""Guo et al. (2023) introduced...""、""Morita et al. (2023) utilized a U-Net...""），属于他文引用，缺失""we used / were analysed using / imported into / processed in""等本研究自用软件的表述。",-,-,-,-,"【判定】: EXCLUDE
【证据】: 证据片段中未出现任何表明本研究自身使用了具名第三方非牙科3D软件的表述；片段仅描述自研的 graphics-based interpretable method、point cloud filling algorithm 等自研方法，以及引用他人研究（如 ""Guo et al. (2023) introduced...""、""Morita et al. (2023) utilized a U-Net...""），属于他文引用，缺失""we used / were analysed using / imported into / processed in""等本研究自用软件的表述。
【软件】: -
【专科】: -
【应用场景】: -
【研究设计】: -"
rehabilitation of a patient with temporomandibular joint disorder and misocclusion requiring full mouth reconstruction based on the multidisciplinary approach a clinical case,"Rehabilitation of a Patient with Temporomandibular Joint Disorder and Misocclusion Requiring Full Mouth Reconstruction, Based on the Multidisciplinary  Approach: A Clinical Case.",European journal of dentistry,journalArticle,3NXYCN68,,EXCLUDE,EXCLUDE,"证据片段中仅提及 ""the Gamma Dental program""，属于牙科专用软件，未出现任何具名第三方非牙科3D软件（如 Mimics、3D Slicer、Geomagic 等）被本研究自身使用的表述（如 ""we used / imported into / processed in""）。",-,-,-,-,"【判定】: EXCLUDE
【证据】: 证据片段中仅提及 ""the Gamma Dental program""，属于牙科专用软件，未出现任何具名第三方非牙科3D软件（如 Mimics、3D Slicer、Geomagic 等）被本研究自身使用的表述（如 ""we used / imported into / processed in""）。
【软件】: -
【专科】: -
【应用场景】: -
【研究设计】: -"
automated 3 d computer aided measurement of the bony orbit evaluation of correlations among volume depth and surface area,"Automated 3-D Computer-Aided Measurement of the Bony Orbit: Evaluation of Correlations among Volume, Depth, and Surface Area.",Journal of personalized medicine,journalArticle,KR5U5D8V,,EXCLUDE,EXCLUDE,"证据片段中 Mimics 18.0 仅出现在对他人研究（Ching and coworkers [28]）的引用中：""Ching and coworkers [28] used 70 randomly selected CT facial scans of adults. Scans were reconstructed in the software package Mimics 18.0.""，未出现 ""we used / were analysed using / imported into / processed in"" 等表明本研究自身使用该软件的表述；本研究自身使用的是自动化 CT 分割算法（自研方法），无具名第三方非牙科3D软件的使用证据。",-,-,-,-,"【判定】: EXCLUDE
【证据】: 证据片段中 Mimics 18.0 仅出现在对他人研究（Ching and coworkers [28]）的引用中：""Ching and coworkers [28] used 70 randomly selected CT facial scans of adults. Scans were reconstructed in the software package Mimics 18.0.""，未出现 ""we used / were analysed using / imported into / processed in"" 等表明本研究自身使用该软件的表述；本研究自身使用的是自动化 CT 分割算法（自研方法），无具名第三方非牙科3D软件的使用证据。
【软件】: -
【专科】: -
【应用场景】: -
【研究设计】: -"
automatic segmentation of the spinal cord nerve rootlets,Automatic segmentation of the spinal cord nerve rootlets.,"Imaging neuroscience (Cambridge, Mass.)",journalArticle,GXEXPHPL,,EXCLUDE,EXCLUDE,"该研究开发的是自研深度学习分割方法（""develop an automatic method for the semantic segmentation""），方法学片段中未出现任何具名第三方非牙科3D软件（如 Mimics、3D Slicer、ITK-SNAP、MATLAB 等）被本研究自身使用的表述；仅提及自研方法集成于 Spinal Cord Toolbox（自研工具），无 ""we used / imported into / processed in"" 等使用第三方软件的表述。",-,-,-,-,"【判定】: EXCLUDE
【证据】: 该研究开发的是自研深度学习分割方法（""develop an automatic method for the semantic segmentation""），方法学片段中未出现任何具名第三方非牙科3D软件（如 Mimics、3D Slicer、ITK-SNAP、MATLAB 等）被本研究自身使用的表述；仅提及自研方法集成于 Spinal Cord Toolbox（自研工具），无 ""we used / imported into / processed in"" 等使用第三方软件的表述。
【软件】: -
【专科】: -
【应用场景】: -
【研究设计】: -"
learn2talk 3d talking face learns from 2d talking face,Learn2Talk: 3D Talking Face Learns From 2D Talking Face.,IEEE transactions on visualization and computer graphics,journalArticle,DTTVRJ3T,,EXCLUDE,EXCLUDE,主题不属于口腔医学（该文献为计算机图形学/语音驱动3D人脸动画研究，发表于 IEEE TVCG，与口腔医学任一学科无关）；且证据片段中未出现任何本研究自身使用的具名第三方非牙科3D软件（仅提及自研框架 Learn2Talk、SyncNet3D 及引用他人方法如 FaceFormer、Deep3DFace 等）。,-,-,-,-,"【判定】: EXCLUDE
【证据】: 主题不属于口腔医学（该文献为计算机图形学/语音驱动3D人脸动画研究，发表于 IEEE TVCG，与口腔医学任一学科无关）；且证据片段中未出现任何本研究自身使用的具名第三方非牙科3D软件（仅提及自研框架 Learn2Talk、SyncNet3D 及引用他人方法如 FaceFormer、Deep3DFace 等）。
【软件】: -
【专科】: -
【应用场景】: -
【研究设计】: -"
three dimensional in vitro model of bone metastases of neuroblastoma as a tool for pharmacological evaluations,Three-dimensional in vitro model of bone metastases of neuroblastoma as a tool for pharmacological evaluations.,Nanotheranostics,journalArticle,LXMJULLQ,,EXCLUDE,EXCLUDE,"该研究使用的具名软件为 Fiji ImageJ（图像分析）和 GraphPad Prism 7（统计分析），均不属于非牙科三维（3D）软件；文中虽提及 ""customized Computer Aided Design (CAD) models"" 但未指明任何具名第三方3D软件（如 SolidWorks、Rhinoceros 等），缺乏本研究自身使用具名非牙科3D软件处理/分析/建模3D数据的证据。",-,-,-,-,"【判定】: EXCLUDE
【证据】: 该研究使用的具名软件为 Fiji ImageJ（图像分析）和 GraphPad Prism 7（统计分析），均不属于非牙科三维（3D）软件；文中虽提及 ""customized Computer Aided Design (CAD) models"" 但未指明任何具名第三方3D软件（如 SolidWorks、Rhinoceros 等），缺乏本研究自身使用具名非牙科3D软件处理/分析/建模3D数据的证据。
【软件】: -
【专科】: -
【应用场景】: -
【研究设计】: -"
a systematic approach of data collection and analysis in medical imaging research,A Systematic Approach of Data Collection and Analysis in Medical Imaging Research.,Asian Pacific journal of cancer prevention : APJCP,journalArticle,PMW9788C,,EXCLUDE,EXCLUDE,"证据片段中未出现任何表明本研究自身使用了具名第三方非牙科3D软件的表述（如 ""we used / were analysed using / imported into / processed in""）；仅泛述 ""automated software (CADe)"" 及引用他人分割方法（K-Means、Level set 等），无具体软件名。",-,-,-,-,"【判定】: EXCLUDE
【证据】: 证据片段中未出现任何表明本研究自身使用了具名第三方非牙科3D软件的表述（如 ""we used / were analysed using / imported into / processed in""）；仅泛述 ""automated software (CADe)"" 及引用他人分割方法（K-Means、Level set 等），无具体软件名。
【软件】: -
【专科】: -
【应用场景】: -
【研究设计】: -"
weakly supervised low dose computed tomography denoising based on generative adversarial networks,Weakly supervised low-dose computed tomography denoising based on generative adversarial networks.,Quantitative imaging in medicine and surgery,journalArticle,V4USF3XY,,EXCLUDE,EXCLUDE,片段仅显示使用了 Python 3.8 和 Tensorflow 2.5 进行实验，未出现任何具名第三方非牙科三维（3D）软件用于3D数据处理、分析、建模或测量；且主题为低剂量CT去噪，不属于口腔医学。,-,-,-,-,"【判定】: EXCLUDE
【证据】: 片段仅显示使用了 Python 3.8 和 Tensorflow 2.5 进行实验，未出现任何具名第三方非牙科三维（3D）软件用于3D数据处理、分析、建模或测量；且主题为低剂量CT去噪，不属于口腔医学。
【软件】: -
【专科】: -
【应用场景】: -
【研究设计】: -"
vt 3dcapsnet visual tempos 3d capsule network for video based facial expression recognition,VT-3DCapsNet: Visual tempos 3D-Capsule network for video-based facial expression recognition.,PloS one,journalArticle,J5E8FSNA,,EXCLUDE,EXCLUDE,"该研究为计算机视觉领域的视频面部表情识别研究，方法学片段中仅涉及自研的 VT-3DCapsNet 框架、3D-CapsNet、TPN-ERM 等自建深度学习模型与代码（""Our code and models are available at https://github.com/shmtu-lz/vt-3dCapsNet.git""），未出现任何具名第三方非牙科3D软件（如 Mimics、3D Slicer、MATLAB 等）被本研究使用的表述；缺失""本研究自身使用具名第三方3D软件""的证据。",-,-,-,-,"【判定】: EXCLUDE
【证据】: 该研究为计算机视觉领域的视频面部表情识别研究，方法学片段中仅涉及自研的 VT-3DCapsNet 框架、3D-CapsNet、TPN-ERM 等自建深度学习模型与代码（""Our code and models are available at https://github.com/shmtu-lz/vt-3dCapsNet.git""），未出现任何具名第三方非牙科3D软件（如 Mimics、3D Slicer、MATLAB 等）被本研究使用的表述；缺失""本研究自身使用具名第三方3D软件""的证据。
【软件】: -
【专科】: -
【应用场景】: -
【研究设计】: -"
the 3d theory of osseointegration material topography and time as interdependent determinants of bone implant integration,"The 3D theory of osseointegration: material, topography, and time as interdependent determinants of bone-implant integration.",International journal of implant dentistry,journalArticle,UKMQES7K,,EXCLUDE,EXCLUDE,"证据片段中未出现任何表明本研究自身使用了具名第三方非牙科3D软件的表述（如 ""we used / were analysed using / imported into / processed in""）；片段仅为对既往研究的综述性描述，且软件名（如 confocal、profilometry 等）并非具名3D软件。",-,-,-,-,"【判定】: EXCLUDE
【证据】: 证据片段中未出现任何表明本研究自身使用了具名第三方非牙科3D软件的表述（如 ""we used / were analysed using / imported into / processed in""）；片段仅为对既往研究的综述性描述，且软件名（如 confocal、profilometry 等）并非具名3D软件。
【软件】: -
【专科】: -
【应用场景】: -
【研究设计】: -"
a potential method for sex estimation of human skeletons using deep learning and three dimensional surface scanning,A potential method for sex estimation of human skeletons using deep learning and three-dimensional surface scanning.,International journal of legal medicine,journalArticle,BA257B5Q,,EXCLUDE,EXCLUDE,"证据片段中出现的 VGSTUDIO MAX 3.5 仅出现在他文引用/参考文献语境（""The micro-CT data are analyzed in VGSTUDIO MAX 3.5 (or a similar CT analysis software)"" 及 ""Image generated by VGSTUDIO MAX 3.5 software"" 均属于另一篇关于猪下颌骨支架的文献，非本文方法），且题名/摘要所述本研究使用的方法为深度学习算法与3D表面扫描，未提供本研究自身使用具名第三方非牙科3D软件的原文证据。",-,-,-,-,"【判定】: EXCLUDE
【证据】: 证据片段中出现的 VGSTUDIO MAX 3.5 仅出现在他文引用/参考文献语境（""The micro-CT data are analyzed in VGSTUDIO MAX 3.5 (or a similar CT analysis software)"" 及 ""Image generated by VGSTUDIO MAX 3.5 software"" 均属于另一篇关于猪下颌骨支架的文献，非本文方法），且题名/摘要所述本研究使用的方法为深度学习算法与3D表面扫描，未提供本研究自身使用具名第三方非牙科3D软件的原文证据。
【软件】: -
【专科】: -
【应用场景】: -
【研究设计】: -"
three dimensional evaluation of maxillofacial symmetry improvement following orthognathic surgery in patients with asymmetrical jaw deformities,Three-dimensional evaluation of maxillofacial symmetry improvement following orthognathic surgery in patients with asymmetrical jaw deformities.,Oral and maxillofacial surgery,journalArticle,TIDGASTP,,EXCLUDE,EXCLUDE,"该研究在方法中明确使用 ""image processing software (PROPLAN CMF, ver.3.0.1, Materialise, Leuven, Belgium)""，PROPLAN CMF 为牙科/颌面专用软件，不属于非牙科第三方3D软件；片段中未出现任何符合纳入标准的具名非牙科3D软件（如 Mimics、3D Slicer、Geomagic 等）被本研究自身使用的表述。",-,-,-,-,"【判定】: EXCLUDE
【证据】: 该研究在方法中明确使用 ""image processing software (PROPLAN CMF, ver.3.0.1, Materialise, Leuven, Belgium)""，PROPLAN CMF 为牙科/颌面专用软件，不属于非牙科第三方3D软件；片段中未出现任何符合纳入标准的具名非牙科3D软件（如 Mimics、3D Slicer、Geomagic 等）被本研究自身使用的表述。
【软件】: -
【专科】: -
【应用场景】: -
【研究设计】: -"
a systematic review of research on guided access cavity preparation endodontic treatment dentin preservation perspectives,A Systematic Review of Research on Guided Access Cavity Preparation Endodontic Treatment: Dentin Preservation Perspectives.,"Clinical, cosmetic and investigational dentistry",journalArticle,EH5DZEUW,,EXCLUDE,EXCLUDE,"该文献为系统综述（题名 ""A Systematic Review...""，摘要明确为 scoping review），方法学片段中的 Mimics 2.0、Geomagic Freeform Plus、Blue Sky Plan 等软件名均出现在数据提取表格（Table 1）中，是对被纳入的他人研究（Vasudevan et al 2023、Loureiro et al 2020 等）所用软件的汇总记录，并非本研究自身使用；缺失表明""本研究自己使用某具名第三方非牙科3D软件""的表述。",-,-,-,-,"【判定】: EXCLUDE
【证据】: 该文献为系统综述（题名 ""A Systematic Review...""，摘要明确为 scoping review），方法学片段中的 Mimics 2.0、Geomagic Freeform Plus、Blue Sky Plan 等软件名均出现在数据提取表格（Table 1）中，是对被纳入的他人研究（Vasudevan et al 2023、Loureiro et al 2020 等）所用软件的汇总记录，并非本研究自身使用；缺失表明""本研究自己使用某具名第三方非牙科3D软件""的表述。
【软件】: -
【专科】: -
【应用场景】: -
【研究设计】: -"
a dual branch deep learning framework with explainability for dental caries classification using intra oral photographs and radiographs,A Dual-Branch Deep Learning Framework with Explainability for Dental Caries Classification Using Intra-Oral Photographs and Radiographs.,Journal of imaging,journalArticle,4VSIKKF2,,EXCLUDE,EXCLUDE,"证据片段中未出现任何表明本研究自身使用了具名第三方非牙科3D软件的表述（如 ""we used / were analysed using / imported into / processed in""）；仅见自研框架（HybridAugment+、DBAttNet）及自建深度学习模型，无第三方3D软件使用证据。",-,-,-,-,"【判定】: EXCLUDE
【证据】: 证据片段中未出现任何表明本研究自身使用了具名第三方非牙科3D软件的表述（如 ""we used / were analysed using / imported into / processed in""）；仅见自研框架（HybridAugment+、DBAttNet）及自建深度学习模型，无第三方3D软件使用证据。
【软件】: -
【专科】: -
【应用场景】: -
【研究设计】: -"
synergistic angio osteogenic effects of copper releasing 3d biocomposite scaffolds a step toward vascularized bone regeneration,Synergistic Angio-Osteogenic Effects of Copper-Releasing 3D Biocomposite Scaffolds: A Step Toward Vascularized Bone Regeneration.,,preprint,UH7K4N37,,EXCLUDE,EXCLUDE,"缺失证据：方法学片段仅描述接触角测量与 PBS 降解失重实验，未出现任何具名第三方非牙科3D软件（如 Mimics、3D Slicer、Geomagic、MATLAB 等）被本研究使用的表述（如 ""we used / were analysed using / imported into / processed in""）。",-,-,-,-,"【判定】: EXCLUDE
【证据】: 缺失证据：方法学片段仅描述接触角测量与 PBS 降解失重实验，未出现任何具名第三方非牙科3D软件（如 Mimics、3D Slicer、Geomagic、MATLAB 等）被本研究使用的表述（如 ""we used / were analysed using / imported into / processed in""）。
【软件】: -
【专科】: -
【应用场景】: -
【研究设计】: -"
next generation oral delivery systems phytosomal hinokitiol tablets via regemat 3d bioprinter based 3d printing for enhanced bioavailability,Next-Generation Oral Delivery Systems: Phytosomal Hinokitiol Tablets via REGEMAT 3D Bioprinter-Based 3D Printing for Enhanced Bioavailability.,Scientifica,journalArticle,SPCXVCQA,,EXCLUDE,EXCLUDE,该研究使用的软件为 REGEMAT 3D V1 BioPrinter 配套的 REGEMAT1.4.9 Designer（牙科/生物打印专用设备软件）、Schrödinger/Desmond（分子对接与动力学）、Zetasizer、Empower 3、PKsolver、GraphPad Prism，均非用于口腔医学3D数据处理、分析、建模或测量的具名第三方非牙科3D软件；且主题为口腔给药系统/药代动力学，不属于口腔医学任一学科。,-,-,-,-,"【判定】: EXCLUDE
【证据】: 该研究使用的软件为 REGEMAT 3D V1 BioPrinter 配套的 REGEMAT1.4.9 Designer（牙科/生物打印专用设备软件）、Schrödinger/Desmond（分子对接与动力学）、Zetasizer、Empower 3、PKsolver、GraphPad Prism，均非用于口腔医学3D数据处理、分析、建模或测量的具名第三方非牙科3D软件；且主题为口腔给药系统/药代动力学，不属于口腔医学任一学科。
【软件】: -
【专科】: -
【应用场景】: -
【研究设计】: -"
virtual tumor mapping and margin control with 3 d planning and navigation,Virtual tumor mapping and margin control with 3-D planning and navigation.,Innovative surgical sciences,journalArticle,LHESLXK6,,EXCLUDE,EXCLUDE,"摘要明确为 ""This review article gives an overview of current technologies...""，属综述类型，不符合纳入标准第3条（原创研究、技术说明或病例报告）。方法学片段中亦无 ""we used / were analysed using / imported into / processed in"" 等表明本研究自身使用具名第三方非牙科3D软件的表述。",-,-,-,-,"【判定】: EXCLUDE
【证据】: 摘要明确为 ""This review article gives an overview of current technologies...""，属综述类型，不符合纳入标准第3条（原创研究、技术说明或病例报告）。方法学片段中亦无 ""we used / were analysed using / imported into / processed in"" 等表明本研究自身使用具名第三方非牙科3D软件的表述。
【软件】: -
【专科】: -
【应用场景】: -
【研究设计】: -"
optimization of smoothing parameter for block matching and 3d filtering algorithm in low dose chest and abdominal computed tomography images,Optimization of smoothing parameter for block matching and 3D filtering algorithm in low-dose chest and abdominal computed tomography images.,"Applied radiation and isotopes : including data, instrumentation and methods for use in agriculture, industry and medicine",journalArticle,EJ9XFDS7,,EXCLUDE,EXCLUDE,"证据片段仅包含参考文献列表（如 ""Guo, S., et al., 2022...""、""Hasna, M., et al., 2018...""），未出现任何表明本研究自身使用具名第三方非牙科3D软件的表述（如 ""we used / were analysed using / imported into / processed in""）。",-,-,-,-,"【判定】: EXCLUDE
【证据】: 证据片段仅包含参考文献列表（如 ""Guo, S., et al., 2022...""、""Hasna, M., et al., 2018...""），未出现任何表明本研究自身使用具名第三方非牙科3D软件的表述（如 ""we used / were analysed using / imported into / processed in""）。
【软件】: -
【专科】: -
【应用场景】: -
【研究设计】: -"
assessment of chatgpt performance in orbital mri reporting with multimetric evaluation of transformer based language models,Assessment of ChatGPT performance in orbital MRI reporting with multimetric evaluation of transformer based language models.,Scientific reports,journalArticle,CNFZ2T2N,,EXCLUDE,EXCLUDE,"片段中 3D Slicer、MONAI 仅出现在 ""would require a custom pipeline and the integration with external tools such as MONAI Label... or 3D Slicer"" 及 ""ChatGPT needs to be integrated with external open-source platforms such as MONAI and 3D Slicer"" 等泛述/未来展望中，未表明本研究自身使用该软件处理数据；本研究实际仅将 2D 图像输入 ChatGPT-4 生成文本报告。",-,-,-,-,"【判定】: EXCLUDE
【证据】: 片段中 3D Slicer、MONAI 仅出现在 ""would require a custom pipeline and the integration with external tools such as MONAI Label... or 3D Slicer"" 及 ""ChatGPT needs to be integrated with external open-source platforms such as MONAI and 3D Slicer"" 等泛述/未来展望中，未表明本研究自身使用该软件处理数据；本研究实际仅将 2D 图像输入 ChatGPT-4 生成文本报告。
【软件】: -
【专科】: -
【应用场景】: -
【研究设计】: -"
cmri2spec cine mri sequence to spectrogram synthesis via a pairwise heterogeneous translator,CMRI2SPEC: CINE MRI SEQUENCE TO SPECTROGRAM SYNTHESIS VIA A PAIRWISE HETEROGENEOUS TRANSLATOR.,"Proceedings of the ... IEEE International Conference on Acoustics, Speech, and Signal Processing. ICASSP (Conference)",journalArticle,FGBX8XQ4,,EXCLUDE,EXCLUDE,"证据片段仅为参考文献列表（""[21]. Lee Junghoon... [22]. Xing Fangxu...""），未出现任何表明本研究自身使用具名第三方非牙科3D软件的表述（如 ""we used / were analysed using / imported into / processed in""）。",-,-,-,-,"【判定】: EXCLUDE
【证据】: 证据片段仅为参考文献列表（""[21]. Lee Junghoon... [22]. Xing Fangxu...""），未出现任何表明本研究自身使用具名第三方非牙科3D软件的表述（如 ""we used / were analysed using / imported into / processed in""）。
【软件】: -
【专科】: -
【应用场景】: -
【研究设计】: -"
text guided inpainting for aesthetic prediction in orthofacial surgery a patient centered ai approach,Text-Guided Inpainting for Aesthetic Prediction in Orthofacial Surgery: A Patient-Centered AI Approach.,"Medicina (Kaunas, Lithuania)",journalArticle,DDDBP7D4,,EXCLUDE,EXCLUDE,"缺失证据：片段中仅提及 ""virtual planning-specific software""、""one of the virtual planning softwares for orthognathic surgery"" 等泛述，未指明本研究自身使用了某个具名的第三方非牙科3D软件；唯一具名软件为 DALL-E2（生成式AI图像平台，非3D数据处理/建模/测量软件），且统计软件 R 不属于3D软件。",-,-,-,-,"【判定】: EXCLUDE
【证据】: 缺失证据：片段中仅提及 ""virtual planning-specific software""、""one of the virtual planning softwares for orthognathic surgery"" 等泛述，未指明本研究自身使用了某个具名的第三方非牙科3D软件；唯一具名软件为 DALL-E2（生成式AI图像平台，非3D数据处理/建模/测量软件），且统计软件 R 不属于3D软件。
【软件】: -
【专科】: -
【应用场景】: -
【研究设计】: -"
an open source restraint system for magnetic resonance imaging in awake rats,An Open-Source Restraint System for Magnetic Resonance Imaging in Awake Rats.,eNeuro,journalArticle,SFC8ABM6,,EXCLUDE,EXCLUDE,"该研究主题为清醒大鼠MRI脑功能成像的固定系统，属于神经科学/脑成像领域，不属于口腔医学任一学科；且证据片段中未出现任何具名第三方非牙科3D软件（仅提及RABIES、SPSS等非3D建模/测量软件），缺失""本研究自身使用具名第三方非牙科3D软件处理3D数据""的证据。",-,-,-,-,"【判定】: EXCLUDE
【证据】: 该研究主题为清醒大鼠MRI脑功能成像的固定系统，属于神经科学/脑成像领域，不属于口腔医学任一学科；且证据片段中未出现任何具名第三方非牙科3D软件（仅提及RABIES、SPSS等非3D建模/测量软件），缺失""本研究自身使用具名第三方非牙科3D软件处理3D数据""的证据。
【软件】: -
【专科】: -
【应用场景】: -
【研究设计】: -"
fepse 3 nanosheets integrated cryogenic 3d printed multifunctional calcium phosphate scaffolds for synergistic therapy of osteosarcoma,FePSe(3) -Nanosheets-Integrated Cryogenic-3D-Printed Multifunctional Calcium Phosphate Scaffolds for Synergistic Therapy of Osteosarcoma.,"Small (Weinheim an der Bergstrasse, Germany)",journalArticle,CF4DWYCA,,EXCLUDE,EXCLUDE,"证据片段中仅出现 ""Quantitative analysis ... by ImageJ software""，但 ImageJ 属于二维图像分析软件，非三维（3D）软件，不符合纳入标准第2条对""三维（3D）软件""的要求；且该片段未表明本研究使用了任何具名第三方非牙科3D软件进行3D数据处理、分析、建模或测量。",-,-,-,-,"【判定】: EXCLUDE
【证据】: 证据片段中仅出现 ""Quantitative analysis ... by ImageJ software""，但 ImageJ 属于二维图像分析软件，非三维（3D）软件，不符合纳入标准第2条对""三维（3D）软件""的要求；且该片段未表明本研究使用了任何具名第三方非牙科3D软件进行3D数据处理、分析、建模或测量。
【软件】: -
【专科】: -
【应用场景】: -
【研究设计】: -"
fractional flow reserve measurement using dynamic ct perfusion imaging in patients with coronary artery disease,Fractional flow reserve measurement using dynamic CT perfusion imaging in patients with coronary artery disease.,Radiology advances,journalArticle,SY9W9NT6,,EXCLUDE,EXCLUDE,"该研究使用 ""An in-house software based on the CT-DAI algorithm was used to compute FFR""，即自研软件/自建算法，未使用任何具名第三方非牙科3D软件。",-,-,-,-,"【判定】: EXCLUDE
【证据】: 该研究使用 ""An in-house software based on the CT-DAI algorithm was used to compute FFR""，即自研软件/自建算法，未使用任何具名第三方非牙科3D软件。
【软件】: -
【专科】: -
【应用场景】: -
【研究设计】: -"
marginal gap of three dimensional printed full arch frameworks supported by all on four and all on six implant designs,Marginal gap of three-dimensional printed full-arch frameworks supported by all-on-four and all-on-six implant designs.,Journal of Indian Prosthodontic Society,journalArticle,S3UIDDAH,,EXCLUDE,EXCLUDE,方法学片段中仅出现牙科专用软件（Ceramill Map 400+、Ceramill Mind；Amann Girrbach），以及统计软件 SPSS 和 G*Power；未出现任何具名的第三方非牙科三维（3D）软件用于3D数据的处理、分析、建模或测量。,-,-,-,-,"【判定】: EXCLUDE
【证据】: 方法学片段中仅出现牙科专用软件（Ceramill Map 400+、Ceramill Mind；Amann Girrbach），以及统计软件 SPSS 和 G*Power；未出现任何具名的第三方非牙科三维（3D）软件用于3D数据的处理、分析、建模或测量。
【软件】: -
【专科】: -
【应用场景】: -
【研究设计】: -"
predictive modelling of metabolic syndrome in ghanaian diabetic patients an ensemble machine learning approach,Predictive modelling of metabolic syndrome in Ghanaian diabetic patients: an ensemble machine learning approach.,Journal of diabetes and metabolic disorders,journalArticle,BRBZAMYJ,,EXCLUDE,EXCLUDE,该研究主题为加纳糖尿病患者代谢综合征的机器学习预测模型，不属于口腔医学任一学科；证据片段中仅见 R 语言（R version 4.3.3）及 BORUTA/RFECV 等统计与机器学习方法，未使用具名第三方非牙科三维（3D）软件进行3D数据处理、分析、建模或测量。,-,-,-,-,"【判定】: EXCLUDE
【证据】: 该研究主题为加纳糖尿病患者代谢综合征的机器学习预测模型，不属于口腔医学任一学科；证据片段中仅见 R 语言（R version 4.3.3）及 BORUTA/RFECV 等统计与机器学习方法，未使用具名第三方非牙科三维（3D）软件进行3D数据处理、分析、建模或测量。
【软件】: -
【专科】: -
【应用场景】: -
【研究设计】: -"
efficacy and safety of low concentration whitestrips for extrinsic tooth discoloration a randomized controlled trial,Efficacy and safety of low-concentration whitestrips for extrinsic tooth discoloration: a randomized controlled trial.,Frontiers in oral health,journalArticle,7LAYD684,,EXCLUDE,EXCLUDE,"片段中仅出现 ""SAS9.4 and python3.6.6 were used as statistic software""，属于统计分析软件，并非用于3D数据的处理、分析、建模或测量；未出现任何具名第三方非牙科3D软件被本研究自身使用的表述（如 imported into / processed in 等）。",-,-,-,-,"【判定】: EXCLUDE
【证据】: 片段中仅出现 ""SAS9.4 and python3.6.6 were used as statistic software""，属于统计分析软件，并非用于3D数据的处理、分析、建模或测量；未出现任何具名第三方非牙科3D软件被本研究自身使用的表述（如 imported into / processed in 等）。
【软件】: -
【专科】: -
【应用场景】: -
【研究设计】: -"
pva based formulations as a design technology platform for orally disintegrating film matrices,PVA-based formulations as a design-technology platform for orally disintegrating film matrices.,International journal of pharmaceutics,journalArticle,QFUV2EYX,,EXCLUDE,EXCLUDE,该研究主题为口服崩解膜（ODF）的药物制剂开发，属于药学领域，不属于口腔医学任一学科；且证据片段中出现的 TinkerCad、Ultimaker Cura 等软件用于药物制剂3D打印，而非口腔医学3D数据处理。,-,-,-,-,"【判定】: EXCLUDE
【证据】: 该研究主题为口服崩解膜（ODF）的药物制剂开发，属于药学领域，不属于口腔医学任一学科；且证据片段中出现的 TinkerCad、Ultimaker Cura 等软件用于药物制剂3D打印，而非口腔医学3D数据处理。
【软件】: -
【专科】: -
【应用场景】: -
【研究设计】: -"
how the geometry of the scan body affects the accuracy of digital impressions in implant supported prosthesis in vitro study,How the geometry of the scan body affects the accuracy of digital impressions in implant supported prosthesis. In vitro study.,Journal of clinical and experimental dentistry,journalArticle,38T2278K,,EXCLUDE,EXCLUDE,"该研究自身使用的是牙科专用软件 Exocad（DentalDB 1.0 5585）进行 STL 比对与 best-fit；Geomagic Qualify 仅出现在 ""There are others methods, like Geomagic Qualify ®software, that could obtain a 'best fit'"" 的泛述中，未表明本研究自己使用。缺失证据：本研究自身在材料与方法中使用一个具名的第三方非牙科3D软件的表述。",-,-,-,-,"【判定】: EXCLUDE
【证据】: 该研究自身使用的是牙科专用软件 Exocad（DentalDB 1.0 5585）进行 STL 比对与 best-fit；Geomagic Qualify 仅出现在 ""There are others methods, like Geomagic Qualify ®software, that could obtain a 'best fit'"" 的泛述中，未表明本研究自己使用。缺失证据：本研究自身在材料与方法中使用一个具名的第三方非牙科3D软件的表述。
【软件】: -
【专科】: -
【应用场景】: -
【研究设计】: -"
soft tissue response and determination of underlying risk drivers for recession and mucositis after amsji implantation in the maxilla,Soft Tissue Response and Determination of Underlying Risk Drivers for Recession and Mucositis after AMSJI Implantation in the Maxilla.,The International journal of oral & maxillofacial implants,journalArticle,429UEHTD,,EXCLUDE,EXCLUDE,"片段中出现的软件为 ""Materialise Medical 24.0""（Materialise Magics 系列，属非牙科3D软件），但该句为对 AMSJI 设计流程的一般性描述（""the SI is designed as two separate subunits...""），未使用 ""we used / were analysed using / imported into / processed in"" 等表明本研究自身使用该软件的表述；统计部分仅使用 RStudio（非3D软件）。缺失证据：本研究自身在材料与方法中使用具名第三方非牙科3D软件处理/分析/建模/测量3D数据的明确表述。",-,-,-,-,"【判定】: EXCLUDE
【证据】: 片段中出现的软件为 ""Materialise Medical 24.0""（Materialise Magics 系列，属非牙科3D软件），但该句为对 AMSJI 设计流程的一般性描述（""the SI is designed as two separate subunits...""），未使用 ""we used / were analysed using / imported into / processed in"" 等表明本研究自身使用该软件的表述；统计部分仅使用 RStudio（非3D软件）。缺失证据：本研究自身在材料与方法中使用具名第三方非牙科3D软件处理/分析/建模/测量3D数据的明确表述。
【软件】: -
【专科】: -
【应用场景】: -
【研究设计】: -"
development of motion detection algorithm using 3d sensors for patient monitoring support service system,Development of Motion Detection Algorithm Using 3d Sensors for Patient Monitoring Support Service System.,Studies in health technology and informatics,journalArticle,52UZVT8F,,EXCLUDE,EXCLUDE,"证据片段仅描述使用 3D 传感器采集点云数据并自研运动检测算法（""We use the point cloud data generated by the 3D sensors""），未出现任何具名第三方非牙科3D软件（如 Mimics、3D Slicer、MATLAB 等）被本研究使用的表述。",-,-,-,-,"【判定】: EXCLUDE
【证据】: 证据片段仅描述使用 3D 传感器采集点云数据并自研运动检测算法（""We use the point cloud data generated by the 3D sensors""），未出现任何具名第三方非牙科3D软件（如 Mimics、3D Slicer、MATLAB 等）被本研究使用的表述。
【软件】: -
【专科】: -
【应用场景】: -
【研究设计】: -"
point annotation supervision for robust 3d pulmonary infection segmentation by ct based cascading deep learning,Point-annotation supervision for robust 3D pulmonary infection segmentation by CT-based cascading deep learning.,Computers in biology and medicine,journalArticle,ID72PB6W,,EXCLUDE,EXCLUDE,该研究主题为肺部感染分割（pulmonary infection segmentation），不属于口腔医学任一学科；证据片段中亦未出现任何具名第三方非牙科3D软件用于本研究自身3D数据处理（仅涉及自研级联深度学习框架）。,-,-,-,-,"【判定】: EXCLUDE
【证据】: 该研究主题为肺部感染分割（pulmonary infection segmentation），不属于口腔医学任一学科；证据片段中亦未出现任何具名第三方非牙科3D软件用于本研究自身3D数据处理（仅涉及自研级联深度学习框架）。
【软件】: -
【专科】: -
【应用场景】: -
【研究设计】: -"
mechanical performance and fracture behavior of fixed dental prostheses under bending loads an in vitro comparative study,Mechanical Performance and Fracture Behavior of Fixed Dental Prostheses Under Bending Loads: An In Vitro Comparative Study.,Dentistry journal,journalArticle,RK8ATZV8,,EXCLUDE,EXCLUDE,"证据片段中仅提及 ""CAD/CAM-fabricated""、""CAD/CAM milling protocols""、""standard digital design"" 等泛述，以及 ""Volume reconstruction and qualitative analysis were performed using dedicated software""（未具名）；唯一具名软件为 GraphPad Prism（统计软件，非3D软件）。未出现任何本研究自身使用具名第三方非牙科3D软件（如 Mimics、3D Slicer、Geomagic 等）进行3D数据处理、分析、建模或测量的表述。",-,-,-,-,"【判定】: EXCLUDE
【证据】: 证据片段中仅提及 ""CAD/CAM-fabricated""、""CAD/CAM milling protocols""、""standard digital design"" 等泛述，以及 ""Volume reconstruction and qualitative analysis were performed using dedicated software""（未具名）；唯一具名软件为 GraphPad Prism（统计软件，非3D软件）。未出现任何本研究自身使用具名第三方非牙科3D软件（如 Mimics、3D Slicer、Geomagic 等）进行3D数据处理、分析、建模或测量的表述。
【软件】: -
【专科】: -
【应用场景】: -
【研究设计】: -"
piezoelectricity promotes 3d printed bto tcp composite scaffolds with excellent osteogenic performance,Piezoelectricity Promotes 3D-Printed BTO/β-TCP Composite Scaffolds with Excellent Osteogenic Performance.,ACS applied bio materials,journalArticle,MAQ97ENE,,EXCLUDE,EXCLUDE,"片段中仅出现 ""The ImageJ software was employed to analyze and quantify the number of living (green) and dead (red) cells""，ImageJ 用于二维荧光细胞计数，并非用于3D数据的处理、分析、建模或测量；且未出现任何具名第三方非牙科3D软件用于3D数据处理。",-,-,-,-,"【判定】: EXCLUDE
【证据】: 片段中仅出现 ""The ImageJ software was employed to analyze and quantify the number of living (green) and dead (red) cells""，ImageJ 用于二维荧光细胞计数，并非用于3D数据的处理、分析、建模或测量；且未出现任何具名第三方非牙科3D软件用于3D数据处理。
【软件】: -
【专科】: -
【应用场景】: -
【研究设计】: -"
use of continuous glucose monitoring to stratify individuals without diabetes,Use of continuous glucose monitoring to stratify individuals without diabetes.,Communications medicine,journalArticle,QHVZQG93,,EXCLUDE,EXCLUDE,证据片段中出现的软件名（iglu software package）仅出现在参考文献列表（第18条参考文献）中，未表明本研究自身使用了该软件；且该研究主题为连续血糖监测与代谢分型，不属于口腔医学任一学科。,-,-,-,-,"【判定】: EXCLUDE
【证据】: 证据片段中出现的软件名（iglu software package）仅出现在参考文献列表（第18条参考文献）中，未表明本研究自身使用了该软件；且该研究主题为连续血糖监测与代谢分型，不属于口腔医学任一学科。
【软件】: -
【专科】: -
【应用场景】: -
【研究设计】: -"
the effect of framework fabrication technique on the fit accuracy of full arch screw retained implant supported prostheses,The effect of framework fabrication technique on the fit accuracy of full arch screw retained implant supported prostheses.,The Saudi dental journal,journalArticle,6A72YUEN,,EXCLUDE,EXCLUDE,"片段中出现的软件为 ""Calypso, Carl Zeiss, Germany""，属于坐标测量机（CMM）配套的计量测量软件，并非用于3D数据处理、分析、建模或测量的具名第三方非牙科三维（3D）软件（如 Mimics、3D Slicer、Geomagic 等）；且片段中未出现任何符合纳入标准的非牙科3D软件名，亦无 ""we used / imported into / processed in"" 等表明本研究使用该类软件的表述。",-,-,-,-,"【判定】: EXCLUDE
【证据】: 片段中出现的软件为 ""Calypso, Carl Zeiss, Germany""，属于坐标测量机（CMM）配套的计量测量软件，并非用于3D数据处理、分析、建模或测量的具名第三方非牙科三维（3D）软件（如 Mimics、3D Slicer、Geomagic 等）；且片段中未出现任何符合纳入标准的非牙科3D软件名，亦无 ""we used / imported into / processed in"" 等表明本研究使用该类软件的表述。
【软件】: -
【专科】: -
【应用场景】: -
【研究设计】: -"
profiling gingival inflammation in a 3d oral tissue model reveals early features of disease progression,Profiling Gingival Inflammation in a 3D Oral Tissue Model Reveals Early Features of Disease Progression.,,preprint,32DJ6HUZ,,EXCLUDE,EXCLUDE,缺失证据：片段中出现的软件（SoftMax Pro7、xPonent、Belysa、IDEAS、MATLAB）均非用于3D数据的处理、分析、建模或测量；MATLAB 仅用于微生物组相似性矩阵/模块度分析（community_louvain.mat），不涉及三维数据。未发现本研究自身使用具名第三方非牙科3D软件处理3D数据。,-,-,-,-,"【判定】: EXCLUDE
【证据】: 缺失证据：片段中出现的软件（SoftMax Pro7、xPonent、Belysa、IDEAS、MATLAB）均非用于3D数据的处理、分析、建模或测量；MATLAB 仅用于微生物组相似性矩阵/模块度分析（community_louvain.mat），不涉及三维数据。未发现本研究自身使用具名第三方非牙科3D软件处理3D数据。
【软件】: -
【专科】: -
【应用场景】: -
【研究设计】: -"
smart nerves sprout and assemble in an extracellular matrix based 3d nerve in a chip microfluidic model,"""Smart"" Nerves Sprout and Assemble in an Extracellular Matrix-Based 3D Nerve-in-a-Chip Microfluidic Model.","Small (Weinheim an der Bergstrasse, Germany)",journalArticle,H3WTZHNB,,EXCLUDE,EXCLUDE,"该研究主题为神经再生（nerve regeneration）与微流控芯片，不属于口腔医学任一学科；且证据片段中出现的 AutoCAD 仅用于制作微流控模具（""The original molds were designed using AutoCAD""），并非用于口腔3D数据的处理、分析、建模或测量。",-,-,-,-,"【判定】: EXCLUDE
【证据】: 该研究主题为神经再生（nerve regeneration）与微流控芯片，不属于口腔医学任一学科；且证据片段中出现的 AutoCAD 仅用于制作微流控模具（""The original molds were designed using AutoCAD""），并非用于口腔3D数据的处理、分析、建模或测量。
【软件】: -
【专科】: -
【应用场景】: -
【研究设计】: -"
synthesizing audio from tongue motion during speech using tagged mri via transformer,Synthesizing Audio from Tongue Motion During Speech Using Tagged MRI Via Transformer.,Proceedings of SPIE--the International Society for Optical Engineering,journalArticle,EQH4FGIN,,EXCLUDE,EXCLUDE,"证据片段仅为参考文献列表（""[13] Salimans... [14] Xing... [15] Lee... [16] Xing...""），未出现任何表明本研究自身使用具名第三方非牙科3D软件的表述（如 ""we used / were analysed using / imported into / processed in""）。",-,-,-,-,"【判定】: EXCLUDE
【证据】: 证据片段仅为参考文献列表（""[13] Salimans... [14] Xing... [15] Lee... [16] Xing...""），未出现任何表明本研究自身使用具名第三方非牙科3D软件的表述（如 ""we used / were analysed using / imported into / processed in""）。
【软件】: -
【专科】: -
【应用场景】: -
【研究设计】: -"
stain color translation of multi domain oscc histopathology images using attention gated cgan,Stain color translation of multi-domain OSCC histopathology images using attention gated cGAN.,Computerized medical imaging and graphics : the official journal of the Computerized Medical Imaging Society,journalArticle,5H3UUD33,,EXCLUDE,EXCLUDE,"证据片段中未出现任何表明本研究自身使用了具名第三方非牙科3D软件的表述（如 ""we used / were analysed using / imported into / processed in""）；片段仅涉及染色归一化方法（Macenko、Reinhard、Vahadane、STST 等）的引用与比较，以及参考文献列表，缺失""本研究自身使用具名第三方非牙科3D软件处理/分析/建模/测量3D数据""的证据。",-,-,-,-,"【判定】: EXCLUDE
【证据】: 证据片段中未出现任何表明本研究自身使用了具名第三方非牙科3D软件的表述（如 ""we used / were analysed using / imported into / processed in""）；片段仅涉及染色归一化方法（Macenko、Reinhard、Vahadane、STST 等）的引用与比较，以及参考文献列表，缺失""本研究自身使用具名第三方非牙科3D软件处理/分析/建模/测量3D数据""的证据。
【软件】: -
【专科】: -
【应用场景】: -
【研究设计】: -"
three dimensional simultaneous t1 and t2 relaxation times and quantitative susceptibility mapping at 3 t a multicenter validation study,Three-dimensional simultaneous T1 and T2* relaxation times and quantitative susceptibility mapping at 3?T: A multicenter validation study.,Magnetic resonance imaging,journalArticle,2SQISMYK,,EXCLUDE,EXCLUDE,该研究主题为脑部MRI定量参数成像（T1/T2*/QSM）的多中心验证，不属于口腔医学任一学科；方法学中使用的 FSL、FreeSurfer 为脑影像处理软件，且无任何口腔医学相关3D数据处理内容。,-,-,-,-,"【判定】: EXCLUDE
【证据】: 该研究主题为脑部MRI定量参数成像（T1/T2*/QSM）的多中心验证，不属于口腔医学任一学科；方法学中使用的 FSL、FreeSurfer 为脑影像处理软件，且无任何口腔医学相关3D数据处理内容。
【软件】: -
【专科】: -
【应用场景】: -
【研究设计】: -"
assessment of maxillary sinus variations post lefort a systematic review,Assessment of Maxillary Sinus Variations Post-LeFort: A Systematic Review.,World journal of plastic surgery,journalArticle,BTIQEUJ7,,EXCLUDE,EXCLUDE,"该片段仅显示使用 EndNote Basic® 进行文献去重（""Duplicate hits were deleted using the EndNote Basic® software""），未显示本研究自身使用任何具名第三方非牙科3D软件进行3D数据处理、分析、建模或测量；且文献类型为系统综述（Systematic Review），不符合纳入标准第3条。",-,-,-,-,"【判定】: EXCLUDE
【证据】: 该片段仅显示使用 EndNote Basic® 进行文献去重（""Duplicate hits were deleted using the EndNote Basic® software""），未显示本研究自身使用任何具名第三方非牙科3D软件进行3D数据处理、分析、建模或测量；且文献类型为系统综述（Systematic Review），不符合纳入标准第3条。
【软件】: -
【专科】: -
【应用场景】: -
【研究设计】: -"
exploring the potential applications of intraoral scanners in the treatment of cleft lip and palate deformity a scoping review of literature,Exploring the potential applications of intraoral scanners in the treatment of cleft lip and palate deformity-A scoping review of literature.,Journal of the World federation of orthodontists,journalArticle,K6IJXMXU,,EXCLUDE,EXCLUDE,该文献为范围综述（scoping review），方法学片段中仅提及使用 Endnote Online software 进行去重，未表明本研究自身使用了具名第三方非牙科3D软件进行3D数据处理、分析、建模或测量；文中出现的 Trios、CS 3600、3Shape 等均为牙科专用扫描/软件，且属于被纳入研究的描述而非本研究自身使用。,-,-,-,-,"【判定】: EXCLUDE
【证据】: 该文献为范围综述（scoping review），方法学片段中仅提及使用 Endnote Online software 进行去重，未表明本研究自身使用了具名第三方非牙科3D软件进行3D数据处理、分析、建模或测量；文中出现的 Trios、CS 3600、3Shape 等均为牙科专用扫描/软件，且属于被纳入研究的描述而非本研究自身使用。
【软件】: -
【专科】: -
【应用场景】: -
【研究设计】: -"
enhanced osteogenic differentiation of hmscs using bmp zif 8 loaded gelma nanocomposite hydrogels with controlled bmp 2 release,Enhanced Osteogenic Differentiation of hMSCs Using BMP@ZIF-8-Loaded GelMA Nanocomposite Hydrogels with Controlled BMP-2 Release.,ACS omega,journalArticle,96RWRVSA,,EXCLUDE,EXCLUDE,证据片段中仅出现统计软件 GraphPad Prism 9，未出现任何具名第三方非牙科三维（3D）软件用于3D数据处理、分析、建模或测量；缺失“本研究自身使用非牙科3D软件”的证据。,-,-,-,-,"【判定】: EXCLUDE
【证据】: 证据片段中仅出现统计软件 GraphPad Prism 9，未出现任何具名第三方非牙科三维（3D）软件用于3D数据处理、分析、建模或测量；缺失“本研究自身使用非牙科3D软件”的证据。
【软件】: -
【专科】: -
【应用场景】: -
【研究设计】: -"
error assessment and correction for extrusion based bioprinting using computer vision method,Error assessment and correction for extrusion-based bioprinting using computer vision method.,International journal of bioprinting,journalArticle,TT85BQ7Z,,EXCLUDE,EXCLUDE,缺失证据：片段中仅提及自研图像算法（binarization、Sobel operator、centerline calculation、point cloud conversion），未出现任何具名第三方非牙科3D软件（如 Mimics、3D Slicer、MATLAB、CloudCompare 等）被本研究使用的表述。,-,-,-,-,"【判定】: EXCLUDE
【证据】: 缺失证据：片段中仅提及自研图像算法（binarization、Sobel operator、centerline calculation、point cloud conversion），未出现任何具名第三方非牙科3D软件（如 Mimics、3D Slicer、MATLAB、CloudCompare 等）被本研究使用的表述。
【软件】: -
【专科】: -
【应用场景】: -
【研究设计】: -"
a comparison of the fusion model of deep learning neural networks with human observation for lung nodule detection and classification,A comparison of the fusion model of deep learning neural networks with human observation for lung nodule detection and classification.,The British journal of radiology,journalArticle,TF7HXSLG,,EXCLUDE,EXCLUDE,主题为肺结节检测与分类（lung nodule detection and classification），不属于口腔医学任一学科；证据片段中仅出现 RStudio、IBM SPSS 等统计分析软件，未表明本研究自身使用了具名第三方非牙科三维（3D）软件进行3D数据处理、分析、建模或测量。,-,-,-,-,"【判定】: EXCLUDE
【证据】: 主题为肺结节检测与分类（lung nodule detection and classification），不属于口腔医学任一学科；证据片段中仅出现 RStudio、IBM SPSS 等统计分析软件，未表明本研究自身使用了具名第三方非牙科三维（3D）软件进行3D数据处理、分析、建模或测量。
【软件】: -
【专科】: -
【应用场景】: -
【研究设计】: -"
mapping the response of human osteocytes in native matrix to mechanical loading using rna sequencing,Mapping the Response of Human Osteocytes in Native Matrix to Mechanical Loading Using RNA Sequencing.,JBMR plus,journalArticle,NPSWWC9K,,EXCLUDE,EXCLUDE,该研究使用的软件为 Sickle、HiSat2、samtools、featureCount、edgeR、R2 Bioinformatics platform、GraphPad Prism，均为生物信息学/统计分析软件，未使用任何具名的第三方非牙科三维（3D）软件进行3D数据的处理、分析、建模或测量；机械加载由 custom-made loading apparatus 完成，无3D软件证据。,-,-,-,-,"【判定】: EXCLUDE
【证据】: 该研究使用的软件为 Sickle、HiSat2、samtools、featureCount、edgeR、R2 Bioinformatics platform、GraphPad Prism，均为生物信息学/统计分析软件，未使用任何具名的第三方非牙科三维（3D）软件进行3D数据的处理、分析、建模或测量；机械加载由 custom-made loading apparatus 完成，无3D软件证据。
【软件】: -
【专科】: -
【应用场景】: -
【研究设计】: -"
unsupervised clustering of single lead electrocardiograms associates with prevalent and incident heart failure in coronary artery disease,Unsupervised clustering of single-lead electrocardiograms associates with prevalent and incident heart failure in coronary artery disease.,European heart journal. Digital health,journalArticle,4PQG6Z6K,,EXCLUDE,EXCLUDE,主题为冠状动脉疾病与心力衰竭的心电图聚类分析，不属于口腔医学任一学科；证据片段中亦未出现任何具名第三方非牙科3D软件用于3D数据处理、分析、建模或测量。,-,-,-,-,"【判定】: EXCLUDE
【证据】: 主题为冠状动脉疾病与心力衰竭的心电图聚类分析，不属于口腔医学任一学科；证据片段中亦未出现任何具名第三方非牙科3D软件用于3D数据处理、分析、建模或测量。
【软件】: -
【专科】: -
【应用场景】: -
【研究设计】: -"
evaluation and comparison of interocclusal registration accuracy using digital intraoral scanners and conventional methods an in vivo study,Evaluation and Comparison of Interocclusal Registration Accuracy Using Digital Intraoral Scanners and Conventional Methods: An In Vivo Study.,Cureus,journalArticle,WMML49PQ,,EXCLUDE,EXCLUDE,"片段仅提及 ""Digital and conventional datasets were superimposed using a best-fit alignment algorithm in three-dimensional (3D) evaluation software""，未给出任何具名第三方非牙科3D软件名称；所用软件为 3Shape Trios 3、Medit i500、Dentium Rainbow 等牙科专用软件/扫描仪，不符合纳入标准第2条。",-,-,-,-,"【判定】: EXCLUDE
【证据】: 片段仅提及 ""Digital and conventional datasets were superimposed using a best-fit alignment algorithm in three-dimensional (3D) evaluation software""，未给出任何具名第三方非牙科3D软件名称；所用软件为 3Shape Trios 3、Medit i500、Dentium Rainbow 等牙科专用软件/扫描仪，不符合纳入标准第2条。
【软件】: -
【专科】: -
【应用场景】: -
【研究设计】: -"
a review of three dimensional facial asymmetry analysis methods,A Review of Three-Dimensional Facial Asymmetry Analysis Methods,SYMMETRY-BASEL,journalArticle,JYUV2HQ3,,EXCLUDE,EXCLUDE,"该文献为综述（题名 ""A Review of...""，摘要 ""This review summarizes the methods...""），方法学片段均为对 ICP 算法、AM 模板等既有方法的泛述性描述，未出现 ""we used / were analysed using / imported into / processed in"" 等表明本研究自身使用某具名第三方非牙科3D软件的表述，也无具体软件名。",-,-,-,-,"【判定】: EXCLUDE
【证据】: 该文献为综述（题名 ""A Review of...""，摘要 ""This review summarizes the methods...""），方法学片段均为对 ICP 算法、AM 模板等既有方法的泛述性描述，未出现 ""we used / were analysed using / imported into / processed in"" 等表明本研究自身使用某具名第三方非牙科3D软件的表述，也无具体软件名。
【软件】: -
【专科】: -
【应用场景】: -
【研究设计】: -"
individual retrieval based on oral cavity point cloud data and correntropy based registration algorithm,Individual retrieval based on oral cavity point cloud data and correntropy-based registration algorithm,IET IMAGE PROCESSING,journalArticle,FU2MQQTY,,EXCLUDE,EXCLUDE,"证据片段仅描述自研的 correntropy-based registration algorithm 与 ICP 算法，未出现任何具名第三方非牙科3D软件（如 Mimics、3D Slicer、MATLAB 等）被本研究使用的表述（如 ""we used / were analysed using / imported into / processed in""）。",-,-,-,-,"【判定】: EXCLUDE
【证据】: 证据片段仅描述自研的 correntropy-based registration algorithm 与 ICP 算法，未出现任何具名第三方非牙科3D软件（如 Mimics、3D Slicer、MATLAB 等）被本研究使用的表述（如 ""we used / were analysed using / imported into / processed in""）。
【软件】: -
【专科】: -
【应用场景】: -
【研究设计】: -"
smartphone based 3d surface imaging a new frontier in digital breast assessment smartphone based breast assessment,Smartphone-Based 3D Surface Imaging: A New Frontier in Digital Breast Assessment? Smartphone-Based Breast Assessment,JOURNAL OF CLINICAL MEDICINE,journalArticle,AF6884LP,,EXCLUDE,EXCLUDE,"该研究主题为乳房重建术后的三维表面成像评估（breast reconstruction surgery / digital breast assessment），不属于口腔医学任一学科；尽管方法学中明确使用了 CloudCompare、MeshLab 等非牙科3D软件（""both SMs were exported to CloudCompare""、""exported into Meshlab""），但主题不符纳入标准第1条。",-,-,-,-,"【判定】: EXCLUDE
【证据】: 该研究主题为乳房重建术后的三维表面成像评估（breast reconstruction surgery / digital breast assessment），不属于口腔医学任一学科；尽管方法学中明确使用了 CloudCompare、MeshLab 等非牙科3D软件（""both SMs were exported to CloudCompare""、""exported into Meshlab""），但主题不符纳入标准第1条。
【软件】: -
【专科】: -
【应用场景】: -
【研究设计】: -"
a high throughput framework for predicting three dimensional structural mechanical relationships of human cranial bones using a deep learning based method,A high-throughput framework for predicting three-dimensional structural-mechanical relationships of human cranial bones using a deep learning-based method,JOURNAL OF THE MECHANICAL BEHAVIOR OF BIOMEDICAL MATERIALS,journalArticle,VC56Q29E,,EXCLUDE,INCLUDE,"""This study employed two specialized scripts within ABAQUS (Dassault Systèmes Simulia Corp., 2020) to automate simulation processes, including quasi-static compression and post-processing tasks"" 及 ""performed quasi-static uniaxial compression simulations at strain rates between 10−2 to 10−1 s−1 using ABAQUS/Explicit""",ABAQUS,Oral and Maxillofacial Surgery,Biomechanical analysis and simulation,computational,"【判定】: INCLUDE
【证据】: ""This study employed two specialized scripts within ABAQUS (Dassault Systèmes Simulia Corp., 2020) to automate simulation processes, including quasi-static compression and post-processing tasks"" 及 ""performed quasi-static uniaxial compression simulations at strain rates between 10−2 to 10−1 s−1 using ABAQUS/Explicit""
【软件】: ABAQUS
【专科】: Oral and Maxillofacial Surgery
【应用场景】: Biomechanical analysis and simulation
【研究设计】: computational"
digital analysis of tooth sizes among individuals with different malocclusions a study using three dimensional digital dental models,Digital analysis of tooth sizes among individuals with different malocclusions: A study using three-dimensional digital dental models,SCIENCE PROGRESS,journalArticle,4A8X2JVE,,EXCLUDE,EXCLUDE,"该研究仅使用牙科专用软件 ""3Shape Ortho Analyzer (3Shape A/S Copenhagen, Denmark) software was used for making the necessary tooth size measurements""，未使用任何具名的第三方非牙科3D软件。",-,-,-,-,"【判定】: EXCLUDE
【证据】: 该研究仅使用牙科专用软件 ""3Shape Ortho Analyzer (3Shape A/S Copenhagen, Denmark) software was used for making the necessary tooth size measurements""，未使用任何具名的第三方非牙科3D软件。
【软件】: -
【专科】: -
【应用场景】: -
【研究设计】: -"
cone beam computed tomography image features under intelligent three dimensional reconstruction algorithm in the evaluation of intraoperative and postoperative curative effect of dental pulp disease using root canal therapy,Cone-Beam Computed Tomography Image Features under Intelligent Three-Dimensional Reconstruction Algorithm in the Evaluation of Intraoperative and Postoperative Curative Effect of Dental Pulp Disease Using Root Canal Therapy,SCIENTIFIC PROGRAMMING,journalArticle,WBXSL778,,EXCLUDE,EXCLUDE,"证据片段中仅提及 ""digital dental medicine research software""（未具名）及 ""SPSS19.0""（统计软件，非3D处理软件）；重建与分割均由自研算法（regridding model、improved level set algorithm）完成，未出现任何具名第三方非牙科3D软件被本研究使用的表述。",-,-,-,-,"【判定】: EXCLUDE
【证据】: 证据片段中仅提及 ""digital dental medicine research software""（未具名）及 ""SPSS19.0""（统计软件，非3D处理软件）；重建与分割均由自研算法（regridding model、improved level set algorithm）完成，未出现任何具名第三方非牙科3D软件被本研究使用的表述。
【软件】: -
【专科】: -
【应用场景】: -
【研究设计】: -"
a digital mental health app incorporating wearable biosensing for teachers of children on the autism spectrum to support emotion regulation protocol for a pilot randomized controlled trial,A Digital Mental Health App Incorporating Wearable Biosensing for Teachers of Children on the Autism Spectrum to Support Emotion Regulation: Protocol for a  Pilot Randomized Controlled Trial.,JMIR research protocols,journalArticle,36ZV2VQ4,,EXCLUDE,EXCLUDE,"缺失证据：所提供片段为基金评审摘要（Summary Statement），未包含任何表明本研究自身在材料与方法中使用具名第三方非牙科3D软件的原文表述（如 ""we used / were analysed using / imported into / processed in"" 等）。",-,-,-,-,"【判定】: EXCLUDE
【证据】: 缺失证据：所提供片段为基金评审摘要（Summary Statement），未包含任何表明本研究自身在材料与方法中使用具名第三方非牙科3D软件的原文表述（如 ""we used / were analysed using / imported into / processed in"" 等）。
【软件】: -
【专科】: -
【应用场景】: -
【研究设计】: -"
symptom appraisal help seeking and perceived barriers to healthcare seeking in uganda an exploratory study among women with potential symptoms of breast and cervical cancer,"Symptom appraisal, help-seeking and perceived barriers to healthcare seeking in Uganda: an exploratory study among women with potential symptoms of breast and  cervical cancer.",BMJ open,journalArticle,2DLU5YV6,,EXCLUDE,EXCLUDE,"缺失证据：方法学片段仅涉及伦理审批与知情同意，未出现任何具名第三方非牙科3D软件，也无 ""we used / were analysed using / imported into / processed in"" 等表明本研究使用该类软件的表述。",-,-,-,-,"【判定】: EXCLUDE
【证据】: 缺失证据：方法学片段仅涉及伦理审批与知情同意，未出现任何具名第三方非牙科3D软件，也无 ""we used / were analysed using / imported into / processed in"" 等表明本研究使用该类软件的表述。
【软件】: -
【专科】: -
【应用场景】: -
【研究设计】: -"
development and application of digital maxillofacial surgery system based on mixed reality technology,Development and Application of Digital Maxillofacial Surgery System Based on Mixed Reality Technology,FRONTIERS IN SURGERY,journalArticle,2667PQ7L,,EXCLUDE,EXCLUDE,"摘要中提及 ""use 3DMeshMetric to form the error distribution map""，但方法学证据片段中仅列出 HoloLens、Mixed Reality Toolkit、Unity3D、IGSTK、QT 等开发工具，未出现 3DMeshMetric 或任何符合纳入标准的具名第三方非牙科3D软件（如 Mimics、3D Slicer、Geomagic 等）被本研究自身用于3D数据处理/分析/建模/测量的表述；片段中出现的 ""3D Slicer"" 仅见于参考文献列表（Chen X, et al.），非本研究使用。",-,-,-,-,"【判定】: EXCLUDE
【证据】: 摘要中提及 ""use 3DMeshMetric to form the error distribution map""，但方法学证据片段中仅列出 HoloLens、Mixed Reality Toolkit、Unity3D、IGSTK、QT 等开发工具，未出现 3DMeshMetric 或任何符合纳入标准的具名第三方非牙科3D软件（如 Mimics、3D Slicer、Geomagic 等）被本研究自身用于3D数据处理/分析/建模/测量的表述；片段中出现的 ""3D Slicer"" 仅见于参考文献列表（Chen X, et al.），非本研究使用。
【软件】: -
【专科】: -
【应用场景】: -
【研究设计】: -"
neural network based image analysis of co localized microorganisms and human cells on implant materials,Neural network-based image analysis of co-localized microorganisms and human cells on implant materials,SCIENTIFIC REPORTS,journalArticle,9EM2RZG2,,EXCLUDE,EXCLUDE,"证据片段仅泛述 ""One innovative tool for biological image segmentation is Cellpose, which was first introduced in 2021"" 及他文引用（""there are several examples of researchers utilizing it across diverse applications""），未出现 ""we used / were analysed using / imported into / processed in"" 等表明本研究自身使用该具名第三方软件的表述；本研究实际使用的是两个自研（custom）Cellpose 模型，属自建模型，缺乏使用具名第三方非牙科3D软件的证据。",-,-,-,-,"【判定】: EXCLUDE
【证据】: 证据片段仅泛述 ""One innovative tool for biological image segmentation is Cellpose, which was first introduced in 2021"" 及他文引用（""there are several examples of researchers utilizing it across diverse applications""），未出现 ""we used / were analysed using / imported into / processed in"" 等表明本研究自身使用该具名第三方软件的表述；本研究实际使用的是两个自研（custom）Cellpose 模型，属自建模型，缺乏使用具名第三方非牙科3D软件的证据。
【软件】: -
【专科】: -
【应用场景】: -
【研究设计】: -"
optimising fused filament fabrication surface roughness for a dental implant,Optimising fused filament fabrication surface roughness for a dental implant,MATERIALS AND MANUFACTURING PROCESSES,journalArticle,BVNKQ2N3,,EXCLUDE,EXCLUDE,"片段中出现的软件为 3D Builder（Microsoft）与 MakerBot，均属 3D 打印/切片类工具，且 3D Builder 仅用于展示 STL 文件（""Figure 1a shows the dental STL file (3D Builder, Microsoft)""），未体现本研究使用具名第三方非牙科三维软件进行 3D 数据的处理、分析、建模或测量；MakerBot 为打印机配套切片软件，不属于纳入标准所列的非牙科 3D 分析/建模软件。",-,-,-,-,"【判定】: EXCLUDE
【证据】: 片段中出现的软件为 3D Builder（Microsoft）与 MakerBot，均属 3D 打印/切片类工具，且 3D Builder 仅用于展示 STL 文件（""Figure 1a shows the dental STL file (3D Builder, Microsoft)""），未体现本研究使用具名第三方非牙科三维软件进行 3D 数据的处理、分析、建模或测量；MakerBot 为打印机配套切片软件，不属于纳入标准所列的非牙科 3D 分析/建模软件。
【软件】: -
【专科】: -
【应用场景】: -
【研究设计】: -"
surface roughness and preload loss of implant supported screw retained three unit framework fabricated by different techniques,Surface roughness and preload loss of implant-supported screw retained three-unit framework fabricated by different techniques,FRONTIERS IN MATERIALS,journalArticle,Y3QHHC7Y,,EXCLUDE,EXCLUDE,"证据片段中仅出现 ""GraphPad Instat program""（用于样本量计算，非3D软件），以及 ""3D optical profilometer""（测量仪器，非具名第三方3D软件）；未出现任何表明本研究自身使用了具名第三方非牙科3D软件（如 Mimics、3D Slicer、Geomagic、MATLAB 等）用于3D数据处理、分析、建模或测量的表述。",-,-,-,-,"【判定】: EXCLUDE
【证据】: 证据片段中仅出现 ""GraphPad Instat program""（用于样本量计算，非3D软件），以及 ""3D optical profilometer""（测量仪器，非具名第三方3D软件）；未出现任何表明本研究自身使用了具名第三方非牙科3D软件（如 Mimics、3D Slicer、Geomagic、MATLAB 等）用于3D数据处理、分析、建模或测量的表述。
【软件】: -
【专科】: -
【应用场景】: -
【研究设计】: -"
oral squamous cell carcinoma diagnosis in digitized histological images using convolutional neural network,Oral squamous cell carcinoma diagnosis in digitized histological images using convolutional neural network,JOURNAL OF DENTAL SCIENCES,journalArticle,IV8L8YFF,,EXCLUDE,EXCLUDE,证据片段中未出现任何具名第三方非牙科3D软件（如 Mimics、3D Slicer、MATLAB 等）的使用表述；该研究仅使用自建卷积神经网络（EfficientNet B0）进行图像分类，无第三方3D软件用于3D数据处理、分析、建模或测量的证据。,-,-,-,-,"【判定】: EXCLUDE
【证据】: 证据片段中未出现任何具名第三方非牙科3D软件（如 Mimics、3D Slicer、MATLAB 等）的使用表述；该研究仅使用自建卷积神经网络（EfficientNet B0）进行图像分类，无第三方3D软件用于3D数据处理、分析、建模或测量的证据。
【软件】: -
【专科】: -
【应用场景】: -
【研究设计】: -"
mastery learning in preclinical endodontics using customized 3d printed tooth models for deliberate practice an application of educational design research,Mastery Learning in Preclinical Endodontics Using Customized 3D-Printed Tooth Models for Deliberate Practice: An Application of Educational Design Research,JOURNAL OF ENDODONTICS,journalArticle,JZW3UU8Y,,EXCLUDE,EXCLUDE,"证据片段中仅提及 ""We procured editable STL ﬁles for 3D tooth models from www.cgtrader.com and initially modiﬁed them to enhance their anatomical accuracy""，未出现任何具名第三方非牙科3D软件（如 Mimics、3D Slicer、Geomagic、Blender 等）被本研究用于3D数据处理、分析、建模或测量的表述；软件名（如 NextDent C&B MFH 为树脂材料）及参考文献列表中的软件均不构成""本研究自身使用具名第三方非牙科3D软件""的证据。",-,-,-,-,"【判定】: EXCLUDE
【证据】: 证据片段中仅提及 ""We procured editable STL ﬁles for 3D tooth models from www.cgtrader.com and initially modiﬁed them to enhance their anatomical accuracy""，未出现任何具名第三方非牙科3D软件（如 Mimics、3D Slicer、Geomagic、Blender 等）被本研究用于3D数据处理、分析、建模或测量的表述；软件名（如 NextDent C&B MFH 为树脂材料）及参考文献列表中的软件均不构成""本研究自身使用具名第三方非牙科3D软件""的证据。
【软件】: -
【专科】: -
【应用场景】: -
【研究设计】: -"
segref3d a versatile open source platform for artificial intelligence assisted segmentation and three dimensional reconstruction in morphological research,SegRef3D: A Versatile Open-Source Platform for Artificial Intelligence-Assisted Segmentation and Three-Dimensional Reconstruction in Morphological Research,INTERNATIONAL JOURNAL OF IMAGING SYSTEMS AND TECHNOLOGY,journalArticle,HFJYHS9W,,EXCLUDE,EXCLUDE,"证据片段中 3D Slicer、Amira/Avizo 仅出现在 ""Traditional segmentation approaches, such as those implemented in ImageJ/Fiji, 3D Slicer, and Amira/Avizo"" 的泛述，以及 ""compatible with third-party tools such as 3D Slicer and Amira/Avizo"" 的兼容性描述中，均未表明本研究自身使用这些软件；本研究实际使用的是自研工具 SegRef3D（基于 Segment Anything Model 2），属于自研代码/自建模型，未使用具名第三方非牙科3D软件。",-,-,-,-,"【判定】: EXCLUDE
【证据】: 证据片段中 3D Slicer、Amira/Avizo 仅出现在 ""Traditional segmentation approaches, such as those implemented in ImageJ/Fiji, 3D Slicer, and Amira/Avizo"" 的泛述，以及 ""compatible with third-party tools such as 3D Slicer and Amira/Avizo"" 的兼容性描述中，均未表明本研究自身使用这些软件；本研究实际使用的是自研工具 SegRef3D（基于 Segment Anything Model 2），属于自研代码/自建模型，未使用具名第三方非牙科3D软件。
【软件】: -
【专科】: -
【应用场景】: -
【研究设计】: -"
3d surface closed mesh clipping based on polygonal partitioning for surgical planning,3D Surface-Closed Mesh Clipping Based on Polygonal Partitioning for Surgical Planning,IEEE TRANSACTIONS ON VISUALIZATION AND COMPUTER GRAPHICS,journalArticle,KVJZEMMH,,EXCLUDE,EXCLUDE,"证据片段中 Magics 仅出现在对已有软件能力的泛述（""Magics (Materialise, Leuven, Belgium) is able to repair, edit and process 3D meshes""），未出现 ""we used / were analysed using / imported into / processed in"" 等表明本研究自身使用该软件的表述；本研究实际是自研网格裁剪算法与自研手术规划软件，未使用具名第三方非牙科3D软件。",-,-,-,-,"【判定】: EXCLUDE
【证据】: 证据片段中 Magics 仅出现在对已有软件能力的泛述（""Magics (Materialise, Leuven, Belgium) is able to repair, edit and process 3D meshes""），未出现 ""we used / were analysed using / imported into / processed in"" 等表明本研究自身使用该软件的表述；本研究实际是自研网格裁剪算法与自研手术规划软件，未使用具名第三方非牙科3D软件。
【软件】: -
【专科】: -
【应用场景】: -
【研究设计】: -"
ai augmented 3d craniofacial reconstruction for enhanced surgical planning a novel integration of depth augmented vision transformers and meshcnn for structural fidelity,AI-Augmented 3D Craniofacial Reconstruction for Enhanced Surgical Planning: A Novel Integration of Depth-Augmented Vision Transformers and MeshCNN for Structural Fidelity,EGYPTIAN INFORMATICS JOURNAL,journalArticle,WJM7WVUX,,EXCLUDE,EXCLUDE,"证据片段中 ""3D slicer"" 仅出现在文献综述性表述 ""In conjunction with computer-enhanced surgical tools such as 3D slicer for surgical simulation, these technologies opened the possibility..."" 中，属于泛述/他文引用，未表明本研究自身使用该软件；本研究实际使用的是自研/自建深度学习模型（3D U-Net、MiDaS、DA-ViT、AtlasNet V2、MeshCNN），无具名第三方非牙科3D软件的自身使用证据。",-,-,-,-,"【判定】: EXCLUDE
【证据】: 证据片段中 ""3D slicer"" 仅出现在文献综述性表述 ""In conjunction with computer-enhanced surgical tools such as 3D slicer for surgical simulation, these technologies opened the possibility..."" 中，属于泛述/他文引用，未表明本研究自身使用该软件；本研究实际使用的是自研/自建深度学习模型（3D U-Net、MiDaS、DA-ViT、AtlasNet V2、MeshCNN），无具名第三方非牙科3D软件的自身使用证据。
【软件】: -
【专科】: -
【应用场景】: -
【研究设计】: -"
maxillary reconstruction using subperiosteal dental implants a clinical report,Maxillary reconstruction using subperiosteal dental implants: A clinical report,JOURNAL OF PROSTHODONTICS-IMPLANT ESTHETIC AND RECONSTRUCTIVE DENTISTRY,journalArticle,BZKU394G,,EXCLUDE,EXCLUDE,"证据片段中仅泛述 ""CAD-CAM technology""、""selective laser melting (SLM) technology""、""Additive manufacturing can be used""，未出现任何具名第三方非牙科3D软件名，也无 ""we used / were analysed using / imported into / processed in"" 等表明本研究自身使用某具名软件的表述；软件名仅出现在参考文献列表（如 ""MaI Implant ® by Integra Implants""）。",-,-,-,-,"【判定】: EXCLUDE
【证据】: 证据片段中仅泛述 ""CAD-CAM technology""、""selective laser melting (SLM) technology""、""Additive manufacturing can be used""，未出现任何具名第三方非牙科3D软件名，也无 ""we used / were analysed using / imported into / processed in"" 等表明本研究自身使用某具名软件的表述；软件名仅出现在参考文献列表（如 ""MaI Implant ® by Integra Implants""）。
【软件】: -
【专科】: -
【应用场景】: -
【研究设计】: -"
open access segmentations of intraoperative brain tumor ultrasound images,Open access segmentations of intraoperative brain tumor ultrasound images,MEDICAL PHYSICS,journalArticle,Q9P7VA83,,EXCLUDE,EXCLUDE,主题为神经外科脑肿瘤超声图像分割，不属于口腔医学任一学科；证据片段中 ITK-SNAP、3D Slicer 的使用均针对颅内肿瘤/脑结构标注，无任何口腔医学应用证据。,-,-,-,-,"【判定】: EXCLUDE
【证据】: 主题为神经外科脑肿瘤超声图像分割，不属于口腔医学任一学科；证据片段中 ITK-SNAP、3D Slicer 的使用均针对颅内肿瘤/脑结构标注，无任何口腔医学应用证据。
【软件】: -
【专科】: -
【应用场景】: -
【研究设计】: -"
accuracy of different impression techniques for multiunit implant restoration a qualitative in vitro study,Accuracy of different impression techniques for multiunit implant restoration: A qualitative in vitro study,JOURNAL OF PROSTHETIC DENTISTRY,journalArticle,TXP7BVWJ,,EXCLUDE,EXCLUDE,"片段中仅出现 ""A computer-aided design and computer-aided manufacturing (CAD-CAM) titanium framework (Accu-Frame; Cagenix Inc) was fabricated on the reference model""，属于牙科专用 CAD-CAM 框架制作，未出现本研究自身使用具名第三方非牙科3D软件（如 Mimics、3D Slicer、Geomagic、MATLAB 等）进行3D数据处理、分析、建模或测量的表述；SPSS 仅为统计软件，不属于3D软件。",-,-,-,-,"【判定】: EXCLUDE
【证据】: 片段中仅出现 ""A computer-aided design and computer-aided manufacturing (CAD-CAM) titanium framework (Accu-Frame; Cagenix Inc) was fabricated on the reference model""，属于牙科专用 CAD-CAM 框架制作，未出现本研究自身使用具名第三方非牙科3D软件（如 Mimics、3D Slicer、Geomagic、MATLAB 等）进行3D数据处理、分析、建模或测量的表述；SPSS 仅为统计软件，不属于3D软件。
【软件】: -
【专科】: -
【应用场景】: -
【研究设计】: -"
toothnroll an r package for landmarking measuring and mapping dental tissues of hominoid anterior teeth,"Toothnroll: An R Package for Landmarking, Measuring, and Mapping Dental Tissues of Hominoid Anterior Teeth",AMERICAN JOURNAL OF BIOLOGICAL ANTHROPOLOGY,journalArticle,CES5463F,,EXCLUDE,INCLUDE,"""A semi-automatic threshold-based segmentation of enamel, dentine, and pulp tissues was carried out with Watershed segmentation tool and manual corrections, using Avizo 7.0 software (FEI Visualization Sciences Groupe, VSG)."" 以及 ""The cervical outline of each tooth was drawn using the Surface Path Set tool in Avizo (with PlaneCut connector).""",Avizo,Oral Anatomy / Dental Anthropology（口腔解剖学/牙科人类学）,Image segmentation and 3D reconstruction,computational,"【判定】: INCLUDE
【证据】: ""A semi-automatic threshold-based segmentation of enamel, dentine, and pulp tissues was carried out with Watershed segmentation tool and manual corrections, using Avizo 7.0 software (FEI Visualization Sciences Groupe, VSG)."" 以及 ""The cervical outline of each tooth was drawn using the Surface Path Set tool in Avizo (with PlaneCut connector).""
【软件】: Avizo
【专科】: Oral Anatomy / Dental Anthropology（口腔解剖学/牙科人类学）
【应用场景】: Image segmentation and 3D reconstruction
【研究设计】: computational"
3d modeling of the frontal sinus as a contribution tool for human identification a case report,3D modeling of the frontal sinus as a contribution tool for human identification - a case report,INTERNATIONAL JOURNAL OF LEGAL MEDICINE,journalArticle,BCQSD5UJ,,EXCLUDE,EXCLUDE,"证据片段仅提及 ""open-source software"" 和 ""imported into a virtual 3D environment""，但未给出任何具名第三方非牙科3D软件的名称（如 Mimics、3D Slicer、Blender 等），无法确认本研究自身使用了符合纳入标准的具名软件。",-,-,-,-,"【判定】: EXCLUDE
【证据】: 证据片段仅提及 ""open-source software"" 和 ""imported into a virtual 3D environment""，但未给出任何具名第三方非牙科3D软件的名称（如 Mimics、3D Slicer、Blender 等），无法确认本研究自身使用了符合纳入标准的具名软件。
【软件】: -
【专科】: -
【应用场景】: -
【研究设计】: -"
a discrete event simulation method for performance analysis of an additive manufacturing in the dental clinic,A discrete event simulation method for performance analysis of an additive manufacturing in the dental clinic,INTERNATIONAL JOURNAL OF ADVANCED MANUFACTURING TECHNOLOGY,journalArticle,QSRSEXXN,,EXCLUDE,EXCLUDE,"该研究使用 Arena 仿真软件进行离散事件模拟（""simulated in Arena software""），Arena 是通用离散事件仿真软件，并非用于3D数据的处理、分析、建模或测量；证据片段中未表明本研究使用任何具名第三方非牙科三维（3D）软件对3D数据进行处理、分析、建模或测量。",-,-,-,-,"【判定】: EXCLUDE
【证据】: 该研究使用 Arena 仿真软件进行离散事件模拟（""simulated in Arena software""），Arena 是通用离散事件仿真软件，并非用于3D数据的处理、分析、建模或测量；证据片段中未表明本研究使用任何具名第三方非牙科三维（3D）软件对3D数据进行处理、分析、建模或测量。
【软件】: -
【专科】: -
【应用场景】: -
【研究设计】: -"
computer aided design and additively manufactured resin bonded framework to retain an existing ceramic crown as the interim restoration after extraction a dental technique,Computer-aided design and additively manufactured resin-bonded framework to retain an existing ceramic crown as the interim restoration after extraction: A dental technique,JOURNAL OF PROSTHETIC DENTISTRY,journalArticle,6KII8UX6,,EXCLUDE,EXCLUDE,该研究仅使用了牙科专用软件（exocad Dental 3.0 Galway; exocad GmbH）和口内扫描仪（TRIOS 3; 3Shape A/S），未使用任何具名的第三方非牙科3D软件。,-,-,-,-,"【判定】: EXCLUDE
【证据】: 该研究仅使用了牙科专用软件（exocad Dental 3.0 Galway; exocad GmbH）和口内扫描仪（TRIOS 3; 3Shape A/S），未使用任何具名的第三方非牙科3D软件。
【软件】: -
【专科】: -
【应用场景】: -
【研究设计】: -"
three dimensional dental image segmentation and classification using deep learning with tunicate swarm algorithm,Three-dimensional dental image segmentation and classification using deep learning with tunicate swarm algorithm,EXPERT SYSTEMS,journalArticle,RSZLELIR,,EXCLUDE,EXCLUDE,"证据片段仅描述 U-Net 框架与 TSA 优化算法的原理（""The U-Net framework encompasses two major components...""、""The TSA is a population-based swarm optimizer...""），未出现任何具名第三方非牙科3D软件，也无 ""we used / were analysed using / imported into / processed in"" 等表明本研究自身使用某具名软件的表述；该研究为自建深度学习模型（3DDISC-DLTSA），缺少使用具名第三方3D软件的证据。",-,-,-,-,"【判定】: EXCLUDE
【证据】: 证据片段仅描述 U-Net 框架与 TSA 优化算法的原理（""The U-Net framework encompasses two major components...""、""The TSA is a population-based swarm optimizer...""），未出现任何具名第三方非牙科3D软件，也无 ""we used / were analysed using / imported into / processed in"" 等表明本研究自身使用某具名软件的表述；该研究为自建深度学习模型（3DDISC-DLTSA），缺少使用具名第三方3D软件的证据。
【软件】: -
【专科】: -
【应用场景】: -
【研究设计】: -"
effect of data size on tooth numbering performance via artificial intelligence using panoramic radiographs,Effect of data size on tooth numbering performance via artificial intelligence using panoramic radiographs,ORAL RADIOLOGY,journalArticle,J7MWBCZY,,EXCLUDE,EXCLUDE,"证据片段仅涉及作者贡献、单位、参考文献及对他人研究（Muresan et al.）的引用，未出现 ""we used / were analysed using / imported into / processed in"" 等表明本研究自身使用具名第三方非牙科3D软件的表述；摘要中仅提及 YOLOv4 深度学习算法，无具名第三方3D软件。",-,-,-,-,"【判定】: EXCLUDE
【证据】: 证据片段仅涉及作者贡献、单位、参考文献及对他人研究（Muresan et al.）的引用，未出现 ""we used / were analysed using / imported into / processed in"" 等表明本研究自身使用具名第三方非牙科3D软件的表述；摘要中仅提及 YOLOv4 深度学习算法，无具名第三方3D软件。
【软件】: -
【专科】: -
【应用场景】: -
【研究设计】: -"
workflow for the creation of 3d stereoscopic models of supra and infratentorial brain venous anatomy and their integration in a virtual reality environment,Workflow for the Creation of 3D Stereoscopic Models of Supra- and Infratentorial Brain Venous Anatomy and their Integration in a Virtual Reality Environment,NEUROINFORMATICS,journalArticle,XLKXHVXY,,EXCLUDE,EXCLUDE,该研究主题为颅内静脉系统的3D解剖模型与VR教学，属于神经解剖学/神经影像学教育，不属于口腔医学任一学科；且证据片段中使用的 Blender 用于神经解剖模型处理，与口腔医学无关。,-,-,-,-,"【判定】: EXCLUDE
【证据】: 该研究主题为颅内静脉系统的3D解剖模型与VR教学，属于神经解剖学/神经影像学教育，不属于口腔医学任一学科；且证据片段中使用的 Blender 用于神经解剖模型处理，与口腔医学无关。
【软件】: -
【专科】: -
【应用场景】: -
【研究设计】: -"
three dimensional 3d printing in dental practice applications areas of interest and level of evidence,"Three-dimensional (3D) printing in dental practice: Applications, areas of interest, and level of evidence",CLINICAL ORAL INVESTIGATIONS,journalArticle,783IKDYJ,,EXCLUDE,EXCLUDE,"该文献为综述（""The aim of this review to overview three-dimensional (3D) printing technologies...""），方法学片段中未出现任何表明本研究自身使用某一具名第三方非牙科3D软件的表述（如 ""we used / were analysed using / imported into / processed in""），仅泛述 CAD/CAM、SLA、SLS 等通用技术名词。",-,-,-,-,"【判定】: EXCLUDE
【证据】: 该文献为综述（""The aim of this review to overview three-dimensional (3D) printing technologies...""），方法学片段中未出现任何表明本研究自身使用某一具名第三方非牙科3D软件的表述（如 ""we used / were analysed using / imported into / processed in""），仅泛述 CAD/CAM、SLA、SLS 等通用技术名词。
【软件】: -
【专科】: -
【应用场景】: -
【研究设计】: -"
three dimensional evaluation of zygomaticomaxillary complex displacement and rotational centre in adults induced by maxillary skeletal expander analysed with cbct and heuristic search algorithm,"Three-Dimensional Evaluation of Zygomaticomaxillary Complex Displacement and Rotational Centre in Adults Induced by Maxillary Skeletal Expander, Analysed With CBCT and Heuristic Search Algorithm",ORTHODONTICS & CRANIOFACIAL RESEARCH,journalArticle,ANTXG7HM,,EXCLUDE,EXCLUDE,"证据片段中仅出现 ""All CBCT images were reconstructed and reoriented using Dolphin Software (Version 11.95, Patterson dental)""，Dolphin 属牙科专用软件；其余软件相关表述（如 G*Power 仅用于统计功效分析）不属非牙科3D软件，且未出现本研究使用 Mimics、3D Slicer、MATLAB 等具名第三方非牙科3D软件进行3D数据处理/分析/建模/测量的表述。",-,-,-,-,"【判定】: EXCLUDE
【证据】: 证据片段中仅出现 ""All CBCT images were reconstructed and reoriented using Dolphin Software (Version 11.95, Patterson dental)""，Dolphin 属牙科专用软件；其余软件相关表述（如 G*Power 仅用于统计功效分析）不属非牙科3D软件，且未出现本研究使用 Mimics、3D Slicer、MATLAB 等具名第三方非牙科3D软件进行3D数据处理/分析/建模/测量的表述。
【软件】: -
【专科】: -
【应用场景】: -
【研究设计】: -"
artificial intelligence in detecting and segmenting vertical misfit of prosthesis in radiographic images of dental implants a cross sectional analysis,Artificial Intelligence in Detecting and Segmenting Vertical Misfit of Prosthesis in Radiographic Images of Dental Implants: A Cross-Sectional Analysis,CLINICAL ORAL IMPLANTS RESEARCH,journalArticle,9MTJQ34Q,,EXCLUDE,EXCLUDE,该研究使用自建深度学习模型（ResNet-50、U-Net），方法学片段中仅出现 Python、TensorFlow、SPSS、Roboflow 等，未表明本研究自身使用任何具名的第三方非牙科三维（3D）软件进行3D数据处理、分析、建模或测量；ResNet-50/U-Net 为自建深度学习模型，不属于具名第三方3D软件。,-,-,-,-,"【判定】: EXCLUDE
【证据】: 该研究使用自建深度学习模型（ResNet-50、U-Net），方法学片段中仅出现 Python、TensorFlow、SPSS、Roboflow 等，未表明本研究自身使用任何具名的第三方非牙科三维（3D）软件进行3D数据处理、分析、建模或测量；ResNet-50/U-Net 为自建深度学习模型，不属于具名第三方3D软件。
【软件】: -
【专科】: -
【应用场景】: -
【研究设计】: -"
flexible allyl modified gelatin photoclick resin tailored for volumetric bioprinting of matrices for soft tissue engineering,Flexible Allyl-Modified Gelatin Photoclick Resin Tailored for Volumetric Bioprinting of Matrices for Soft Tissue Engineering,ADVANCED HEALTHCARE MATERIALS,journalArticle,NY8FFRL4,,EXCLUDE,EXCLUDE,该研究使用的软件为 Readily3D SA（Tomolite v1.0 配套内置软件）、Thingiverse、Olympus cellSens Dimension、ImageJ，均非用于3D数据处理/分析/建模/测量的具名第三方非牙科3D软件（Readily3D为体积打印设备专用软件，Thingiverse为模型下载平台，ImageJ/cellSens为图像处理软件）；且主题为软组织工程生物打印，不属于口腔医学任一学科。,-,-,-,-,"【判定】: EXCLUDE
【证据】: 该研究使用的软件为 Readily3D SA（Tomolite v1.0 配套内置软件）、Thingiverse、Olympus cellSens Dimension、ImageJ，均非用于3D数据处理/分析/建模/测量的具名第三方非牙科3D软件（Readily3D为体积打印设备专用软件，Thingiverse为模型下载平台，ImageJ/cellSens为图像处理软件）；且主题为软组织工程生物打印，不属于口腔医学任一学科。
【软件】: -
【专科】: -
【应用场景】: -
【研究设计】: -"
three dimensional thermophotonic image optimization modalities of truncated correlation photothermal coherence tomography,Three-dimensional thermophotonic image optimization modalities of truncated correlation photothermal coherence tomography,JOURNAL OF BIOPHOTONICS,journalArticle,5V3UD9KJ,,EXCLUDE,EXCLUDE,证据片段中仅出现 LabVIEW（用于控制相机与函数发生器的仪器控制程序），未表明本研究使用任何具名的第三方非牙科三维（3D）软件进行3D数据的处理、分析、建模或测量；TC-PCT/eTC-PCT 算法与 LIOP 通道均为本研究自研方法，未使用如 Mimics、3D Slicer、MATLAB、Amira 等具名第三方3D软件。,-,-,-,-,"【判定】: EXCLUDE
【证据】: 证据片段中仅出现 LabVIEW（用于控制相机与函数发生器的仪器控制程序），未表明本研究使用任何具名的第三方非牙科三维（3D）软件进行3D数据的处理、分析、建模或测量；TC-PCT/eTC-PCT 算法与 LIOP 通道均为本研究自研方法，未使用如 Mimics、3D Slicer、MATLAB、Amira 等具名第三方3D软件。
【软件】: -
【专科】: -
【应用场景】: -
【研究设计】: -"
effect of different impression techniques on marginal integrity of cad cam milled all on four mandibular frameworks an in vitro study,Effect of different impression techniques on marginal integrity of CAD-CAM milled all-on-four mandibular frameworks: an in vitro study,BMC ORAL HEALTH,journalArticle,GKQDU4CQ,,EXCLUDE,EXCLUDE,方法学片段中出现的软件为 Exocad (DentalCad 2016) 和 Blue Sky Plan，均属牙科专用软件；Medit i-700 与 Medit T-Series 为牙科口内/技工室扫描仪，非第三方非牙科3D软件。未发现本研究自身使用任何具名第三方非牙科3D软件（如 Mimics、3D Slicer、Geomagic、MATLAB 等）进行3D数据处理、分析、建模或测量。,-,-,-,-,"【判定】: EXCLUDE
【证据】: 方法学片段中出现的软件为 Exocad (DentalCad 2016) 和 Blue Sky Plan，均属牙科专用软件；Medit i-700 与 Medit T-Series 为牙科口内/技工室扫描仪，非第三方非牙科3D软件。未发现本研究自身使用任何具名第三方非牙科3D软件（如 Mimics、3D Slicer、Geomagic、MATLAB 等）进行3D数据处理、分析、建模或测量。
【软件】: -
【专科】: -
【应用场景】: -
【研究设计】: -"
a tooth segmentation method based on multiple geometric feature learning,A Tooth Segmentation Method Based on Multiple Geometric Feature Learning,HEALTHCARE,journalArticle,J44Q7MX9,,EXCLUDE,EXCLUDE,"证据片段仅显示该研究提出了基于深度学习的牙齿分割方法（T-Net、MLP、ECA 等自研模块），未出现任何具名第三方非牙科3D软件（如 Mimics、3D Slicer、Geomagic 等）被""we used / imported into / processed in""等表述表明本研究自身使用的证据。",-,-,-,-,"【判定】: EXCLUDE
【证据】: 证据片段仅显示该研究提出了基于深度学习的牙齿分割方法（T-Net、MLP、ECA 等自研模块），未出现任何具名第三方非牙科3D软件（如 Mimics、3D Slicer、Geomagic 等）被""we used / imported into / processed in""等表述表明本研究自身使用的证据。
【软件】: -
【专科】: -
【应用场景】: -
【研究设计】: -"
augmented reality presentation system of skeleton image based on biomedical features,Augmented reality presentation system of skeleton image based on biomedical features,VIRTUAL REALITY,journalArticle,C5PC5D7P,,EXCLUDE,EXCLUDE,"片段中 ""The Wrap operation is used to optimize the reconstructed initial hip bone surface model by Materialize Mimics V20.0"" 表明本研究使用了 Mimics，但该研究主题为基于生物医学特征的骨骼影像增强现实呈现系统，属于通用医学影像/虚拟现实领域，未涉及口腔医学任一学科（无牙、颌面、口腔等相关内容），不符合纳入标准第1条。",-,-,-,-,"【判定】: EXCLUDE
【证据】: 片段中 ""The Wrap operation is used to optimize the reconstructed initial hip bone surface model by Materialize Mimics V20.0"" 表明本研究使用了 Mimics，但该研究主题为基于生物医学特征的骨骼影像增强现实呈现系统，属于通用医学影像/虚拟现实领域，未涉及口腔医学任一学科（无牙、颌面、口腔等相关内容），不符合纳入标准第1条。
【软件】: -
【专科】: -
【应用场景】: -
【研究设计】: -"
three dimensional evaluation of the effects of bionator and forsus appliances on oropharyngeal airway volume in patients with mandibular retrognathia,Three-dimensional evaluation of the effects of Bionator and Forsus appliances on oropharyngeal airway volume in patients with mandibular retrognathia,CRANIO-THE JOURNAL OF CRANIOMANDIBULAR & SLEEP PRACTICE,journalArticle,29Y6WKV5,,EXCLUDE,INCLUDE,"""Three-dimensional measurements ... were measured in units of cubic millimeters (mm3) in all groups using Dolphin 3D software (Dolphin Imaging, Chatsworth, CA, USA)."" 以及 ""Antero-posterior and transversal millimetric (mm) measurements were performed in all axial areas using ImageJ software""",ImageJ,Orthodontics,3D data analysis and accuracy assessment,clinical,"【判定】: INCLUDE
【证据】: ""Three-dimensional measurements ... were measured in units of cubic millimeters (mm3) in all groups using Dolphin 3D software (Dolphin Imaging, Chatsworth, CA, USA)."" 以及 ""Antero-posterior and transversal millimetric (mm) measurements were performed in all axial areas using ImageJ software""
【软件】: ImageJ
【专科】: Orthodontics
【应用场景】: 3D data analysis and accuracy assessment
【研究设计】: clinical"
accurate prediction of melt electrowritten laydown patterns from simple geometrical considerations,Accurate Prediction of Melt Electrowritten Laydown Patterns from Simple Geometrical Considerations,ADVANCED MATERIALS TECHNOLOGIES,journalArticle,8B5C3WBK,,EXCLUDE,EXCLUDE,"证据片段仅包含致谢、资助信息、利益冲突声明和关键词，未出现任何表明本研究自身使用具名第三方非牙科3D软件的表述（如 ""we used / were analysed using / imported into / processed in""）。",-,-,-,-,"【判定】: EXCLUDE
【证据】: 证据片段仅包含致谢、资助信息、利益冲突声明和关键词，未出现任何表明本研究自身使用具名第三方非牙科3D软件的表述（如 ""we used / were analysed using / imported into / processed in""）。
【软件】: -
【专科】: -
【应用场景】: -
【研究设计】: -"
a 3d printed customizable platform for multiplex dynamic biofilm studies,A 3D-Printed Customizable Platform for Multiplex Dynamic Biofilm Studies,ADVANCED MATERIALS TECHNOLOGIES,journalArticle,K9WWSFHG,,EXCLUDE,EXCLUDE,该研究主题为生物膜（biofilm）动态研究平台，属于微生物学/生物医学工程领域，而非口腔医学任一学科；虽使用了 COMSOL Multiphysics 进行流体动力学模拟，但主题不属于口腔医学，故不符合纳入标准第1条。,-,-,-,-,"【判定】: EXCLUDE
【证据】: 该研究主题为生物膜（biofilm）动态研究平台，属于微生物学/生物医学工程领域，而非口腔医学任一学科；虽使用了 COMSOL Multiphysics 进行流体动力学模拟，但主题不属于口腔医学，故不符合纳入标准第1条。
【软件】: -
【专科】: -
【应用场景】: -
【研究设计】: -"
automated analysis of three dimensional cbct images taken in natural head position that combines facial profile processing and multiple deep learning models,Automated analysis of three-dimensional CBCT images taken in natural head position that combines facial profile processing and multiple deep-learning models,COMPUTER METHODS AND PROGRAMS IN BIOMEDICINE,journalArticle,NB6F7YE9,,EXCLUDE,EXCLUDE,"证据片段中仅出现自研方法（""our proposed method""、""Mask-RCNN, a trained decentralized convolutional neural network""）及牙科专用软件（""a commercial dental program""、""Software Do-It Ceph (Dental Studio NX version 4.1, USA)""，且后者出现在他文引用中）。未出现任何表明本研究自身使用了具名第三方非牙科3D软件（如 Mimics、3D Slicer、MATLAB 等）的表述（如 ""we used / were analysed using / imported into / processed in""）。",-,-,-,-,"【判定】: EXCLUDE
【证据】: 证据片段中仅出现自研方法（""our proposed method""、""Mask-RCNN, a trained decentralized convolutional neural network""）及牙科专用软件（""a commercial dental program""、""Software Do-It Ceph (Dental Studio NX version 4.1, USA)""，且后者出现在他文引用中）。未出现任何表明本研究自身使用了具名第三方非牙科3D软件（如 Mimics、3D Slicer、MATLAB 等）的表述（如 ""we used / were analysed using / imported into / processed in""）。
【软件】: -
【专科】: -
【应用场景】: -
【研究设计】: -"
utilization of tenting pole abutments for the reconstruction of severely resorbed alveolar bone technical considerations and case series reports,Utilization of Tenting Pole Abutments for the Reconstruction of Severely Resorbed Alveolar Bone: Technical Considerations and Case Series Reports,JOURNAL OF CLINICAL MEDICINE,journalArticle,XRZSYJ46,,EXCLUDE,EXCLUDE,"证据片段中未出现任何具名第三方非牙科3D软件，也无 ""we used / were analysed using / imported into / processed in"" 等表明本研究自身使用某软件的表述；片段仅为技术讨论与参考文献引用。",-,-,-,-,"【判定】: EXCLUDE
【证据】: 证据片段中未出现任何具名第三方非牙科3D软件，也无 ""we used / were analysed using / imported into / processed in"" 等表明本研究自身使用某软件的表述；片段仅为技术讨论与参考文献引用。
【软件】: -
【专科】: -
【应用场景】: -
【研究设计】: -"
flexural strength and mode of failure of interim implant supported fixed dental prostheses following different conversion techniques and structural reinforcement,Flexural strength and mode of failure of interim implant- supported fixed dental prostheses following different conversion techniques and structural reinforcement,JOURNAL OF PROSTHETIC DENTISTRY,journalArticle,6YK2IBH7,,EXCLUDE,EXCLUDE,证据片段中仅出现统计软件（G*Power、Prism）和CAD-CAM牙科加工设备（Versamill 5X 铣床），未出现任何本研究自身使用的具名第三方非牙科三维（3D）软件（如用于3D数据处理、分析、建模或测量的 Mimics、3D Slicer、Geomagic、MATLAB 等）的表述。,-,-,-,-,"【判定】: EXCLUDE
【证据】: 证据片段中仅出现统计软件（G*Power、Prism）和CAD-CAM牙科加工设备（Versamill 5X 铣床），未出现任何本研究自身使用的具名第三方非牙科三维（3D）软件（如用于3D数据处理、分析、建模或测量的 Mimics、3D Slicer、Geomagic、MATLAB 等）的表述。
【软件】: -
【专科】: -
【应用场景】: -
【研究设计】: -"
comparison of marginal and internal fit of 10 unit fixed dental prostheses fabricated from cobalt chromium alloys or zirconia ceramics using digital workflows,Comparison of marginal and internal fit of 10-unit fixed dental prostheses fabricated from cobalt chromium alloys or zirconia ceramics using digital workflows,JOURNAL OF PROSTHETIC DENTISTRY,journalArticle,4WH6LK8R,,EXCLUDE,EXCLUDE,"证据片段中仅出现 ""imported into a CAD software program (Dental System 2020; 3Shape A/S)""，该软件为牙科专用软件（3Shape Dental System），不符合""具名第三方非牙科3D软件""的要求；未发现本研究使用 Mimics、3D Slicer、Geomagic、MATLAB 等非牙科3D软件的表述。",-,-,-,-,"【判定】: EXCLUDE
【证据】: 证据片段中仅出现 ""imported into a CAD software program (Dental System 2020; 3Shape A/S)""，该软件为牙科专用软件（3Shape Dental System），不符合""具名第三方非牙科3D软件""的要求；未发现本研究使用 Mimics、3D Slicer、Geomagic、MATLAB 等非牙科3D软件的表述。
【软件】: -
【专科】: -
【应用场景】: -
【研究设计】: -"
clinical validation of the virtual splint registration workflow for craniomaxillofacial surgery,Clinical validation of the virtual splint registration workflow for craniomaxillofacial surgery,INTERNATIONAL JOURNAL OF ORAL AND MAXILLOFACIAL SURGERY,journalArticle,FGNMQN65,,EXCLUDE,INCLUDE,"""For this study, the fusion was performed in Blender (version 2.81; Blender Foundation, Amsterdam, the Netherlands) to prevent resolution loss."" 以及 ""imported into Brainlab Elements software using the 'STL import' function, for the virtual surgical planning.""",Blender; Brainlab Elements,Oral and Maxillofacial Surgery,Surgical planning and precise implementation,clinical,"【判定】: INCLUDE
【证据】: ""For this study, the fusion was performed in Blender (version 2.81; Blender Foundation, Amsterdam, the Netherlands) to prevent resolution loss."" 以及 ""imported into Brainlab Elements software using the 'STL import' function, for the virtual surgical planning.""
【软件】: Blender; Brainlab Elements
【专科】: Oral and Maxillofacial Surgery
【应用场景】: Surgical planning and precise implementation
【研究设计】: clinical"
volume change of masticatory muscles by skeletal class iii orthognathic surgery with and without facial asymmetry a cross sectional and longitudinal study,Volume Change of Masticatory Muscles by Skeletal Class III Orthognathic Surgery with and Without Facial Asymmetry: A Cross-Sectional and Longitudinal Study,JOURNAL OF CLINICAL MEDICINE,journalArticle,SDFXVAB9,,EXCLUDE,EXCLUDE,"证据片段中仅出现 ""SimPlant OMS software (Dental Version 14.0: Materialise Software, Leuven, Belgium)""，该软件为牙科专用软件（SimPlant 属 Materialise 牙科/口腔颌面专用产品线），不符合""非牙科3D软件""要求；片段中未出现任何具名的第三方非牙科3D软件（如 Mimics、3D Slicer、Geomagic 等）被本研究使用。",-,-,-,-,"【判定】: EXCLUDE
【证据】: 证据片段中仅出现 ""SimPlant OMS software (Dental Version 14.0: Materialise Software, Leuven, Belgium)""，该软件为牙科专用软件（SimPlant 属 Materialise 牙科/口腔颌面专用产品线），不符合""非牙科3D软件""要求；片段中未出现任何具名的第三方非牙科3D软件（如 Mimics、3D Slicer、Geomagic 等）被本研究使用。
【软件】: -
【专科】: -
【应用场景】: -
【研究设计】: -"
enhancing preclinical dental education through a vr based digital platform for inlay tooth preparation,Enhancing preclinical dental education through a VR-based digital platform for inlay tooth preparation,BMC MEDICAL EDUCATION,journalArticle,9S2FY68J,,EXCLUDE,EXCLUDE,"片段仅显示该平台由 VIVEDM 公司开发，并使用 IntelliJ IDEA、Visual Studio、Unity 等开发工具构建；未出现 ""we used / were analysed using / imported into / processed in"" 等表明本研究自身使用某一具名第三方非牙科3D软件进行3D数据处理、分析、建模或测量的表述。Unity 为游戏/应用开发引擎，且证据未表明其用于3D数据的处理、分析、建模或测量。",-,-,-,-,"【判定】: EXCLUDE
【证据】: 片段仅显示该平台由 VIVEDM 公司开发，并使用 IntelliJ IDEA、Visual Studio、Unity 等开发工具构建；未出现 ""we used / were analysed using / imported into / processed in"" 等表明本研究自身使用某一具名第三方非牙科3D软件进行3D数据处理、分析、建模或测量的表述。Unity 为游戏/应用开发引擎，且证据未表明其用于3D数据的处理、分析、建模或测量。
【软件】: -
【专科】: -
【应用场景】: -
【研究设计】: -"
is additive manufacturing of dental zirconia comparable to subtractive methods when considering printing orientation and layer thickness a systematic review and meta analysis,Is Additive Manufacturing of Dental Zirconia Comparable to Subtractive Methods When Considering Printing Orientation and Layer Thickness? A Systematic Review and Meta-Analysis,JOURNAL OF ESTHETIC AND RESTORATIVE DENTISTRY,journalArticle,TUK7DSEX,,EXCLUDE,EXCLUDE,"该文献为系统综述与Meta分析（""This systematic review followed PRISMA guidelines""），类型不符；且证据片段中出现的软件（Microsoft Excel、WebPlotDigitizer、Review Manager）均为文献筛选/数据提取/统计分析工具，并非用于3D数据处理、分析、建模或测量的非牙科三维软件，未出现""we used / imported into / processed in""等表明本研究自身使用具名第三方3D软件处理3D数据的表述。",-,-,-,-,"【判定】: EXCLUDE
【证据】: 该文献为系统综述与Meta分析（""This systematic review followed PRISMA guidelines""），类型不符；且证据片段中出现的软件（Microsoft Excel、WebPlotDigitizer、Review Manager）均为文献筛选/数据提取/统计分析工具，并非用于3D数据处理、分析、建模或测量的非牙科三维软件，未出现""we used / imported into / processed in""等表明本研究自身使用具名第三方3D软件处理3D数据的表述。
【软件】: -
【专科】: -
【应用场景】: -
【研究设计】: -"
lrvrg a local region based variational region growing algorithm for fast mandible segmentation from cbct images,LRVRG: a local region-based variational region growing algorithm for fast mandible segmentation from CBCT images,ORAL RADIOLOGY,journalArticle,VJ7NSKC3,,EXCLUDE,EXCLUDE,"证据片段中仅描述该研究自研的 LRVRG 算法（""This paper proposes a local region-based variational region growing algorithm""），未出现任何具名第三方非牙科3D软件（如 Mimics、3D Slicer、ITK-SNAP、MATLAB 等）被本研究使用的表述（如 ""we used / were analysed using / imported into / processed in""）。缺失""本研究自身使用具名第三方非牙科3D软件""的证据。",-,-,-,-,"【判定】: EXCLUDE
【证据】: 证据片段中仅描述该研究自研的 LRVRG 算法（""This paper proposes a local region-based variational region growing algorithm""），未出现任何具名第三方非牙科3D软件（如 Mimics、3D Slicer、ITK-SNAP、MATLAB 等）被本研究使用的表述（如 ""we used / were analysed using / imported into / processed in""）。缺失""本研究自身使用具名第三方非牙科3D软件""的证据。
【软件】: -
【专科】: -
【应用场景】: -
【研究设计】: -"
three dimensional evaluation of the transfer accuracy of a bracket jig fabricated using computer aided design and manufacturing to the anterior dentition an in vitro study,Three-dimensional evaluation of the transfer accuracy of a bracket jig fabricated using computer-aided design and manufacturing to the anterior dentition: An in vitro study,KOREAN JOURNAL OF ORTHODONTICS,journalArticle,E962PLRC,,EXCLUDE,EXCLUDE,"证据片段中仅出现 ""computer-aided design and manufacturing (CAD/CAM)"" 及 ""3D digital superimposition (best-fit algorithm)"" 等泛述，未出现任何具名第三方非牙科3D软件名（如 Mimics、Geomagic、MATLAB 等），也无 ""we used / imported into / processed in"" 等表明本研究自身使用某具名软件的表述；片段中出现的软件相关内容均为参考文献列表（如 Am J Orthod Dentofacial Orthop 2020;158:315 等）。",-,-,-,-,"【判定】: EXCLUDE
【证据】: 证据片段中仅出现 ""computer-aided design and manufacturing (CAD/CAM)"" 及 ""3D digital superimposition (best-fit algorithm)"" 等泛述，未出现任何具名第三方非牙科3D软件名（如 Mimics、Geomagic、MATLAB 等），也无 ""we used / imported into / processed in"" 等表明本研究自身使用某具名软件的表述；片段中出现的软件相关内容均为参考文献列表（如 Am J Orthod Dentofacial Orthop 2020;158:315 等）。
【软件】: -
【专科】: -
【应用场景】: -
【研究设计】: -"
inter and intraindividual variability in virtual single tooth implant positioning,Inter- and intraindividual variability in virtual single-tooth implant positioning,CLINICAL ORAL IMPLANTS RESEARCH,journalArticle,NUN2T7K6,,EXCLUDE,EXCLUDE,"片段中仅出现牙科专用软件 ""CoDiagnostiX 10.7, Dental Wings Inc.""（属排除名单中的 coDiagnostiX），以及 ""a software algorithm"" 这类未具名的泛述；未出现任何具名的第三方非牙科3D软件（如 Mimics、3D Slicer、Geomagic 等）被本研究自身使用的表述。",-,-,-,-,"【判定】: EXCLUDE
【证据】: 片段中仅出现牙科专用软件 ""CoDiagnostiX 10.7, Dental Wings Inc.""（属排除名单中的 coDiagnostiX），以及 ""a software algorithm"" 这类未具名的泛述；未出现任何具名的第三方非牙科3D软件（如 Mimics、3D Slicer、Geomagic 等）被本研究自身使用的表述。
【软件】: -
【专科】: -
【应用场景】: -
【研究设计】: -"
revolutionizing dental implant research a systematic review on three dimensional in vitro models,Revolutionizing Dental Implant Research: A Systematic Review on Three-Dimensional In Vitro Models,TISSUE ENGINEERING PART C-METHODS,journalArticle,6Q7XWKSI,,EXCLUDE,EXCLUDE,"该文献为系统综述（题名及摘要明确为 ""A Systematic Review""），不符合纳入标准第3条（排除综述、系统综述）；且证据片段中未出现任何表明本研究自身使用了具名第三方非牙科3D软件的表述（如 ""we used / were analysed using / imported into / processed in""）。",-,-,-,-,"【判定】: EXCLUDE
【证据】: 该文献为系统综述（题名及摘要明确为 ""A Systematic Review""），不符合纳入标准第3条（排除综述、系统综述）；且证据片段中未出现任何表明本研究自身使用了具名第三方非牙科3D软件的表述（如 ""we used / were analysed using / imported into / processed in""）。
【软件】: -
【专科】: -
【应用场景】: -
【研究设计】: -"
integration of imaging modalities in digital dental workflows possibilities limitations and potential future developments,"Integration of imaging modalities in digital dental workflows - possibilities, limitations, and potential future developments",DENTOMAXILLOFACIAL RADIOLOGY,journalArticle,U6NMXLSS,,EXCLUDE,EXCLUDE,"证据片段中未出现任何表明本研究自身使用了具名第三方非牙科3D软件的表述（如 ""we used / were analysed using / imported into / processed in""）；片段仅为对数字牙科影像链、CBCT、IOS、CAD-CAM 等的一般性综述性描述，未提及具体软件名。",-,-,-,-,"【判定】: EXCLUDE
【证据】: 证据片段中未出现任何表明本研究自身使用了具名第三方非牙科3D软件的表述（如 ""we used / were analysed using / imported into / processed in""）；片段仅为对数字牙科影像链、CBCT、IOS、CAD-CAM 等的一般性综述性描述，未提及具体软件名。
【软件】: -
【专科】: -
【应用场景】: -
【研究设计】: -"
toothformer a region adaptive and axis aware transformer network for precise 3d cbct tooth segmentation,ToothFormer: A Region-Adaptive and Axis-Aware Transformer Network for Precise 3D CBCT Tooth Segmentation,IEEE ACCESS,journalArticle,I7Y67RM9,,EXCLUDE,EXCLUDE,"证据片段仅显示该研究提出了自研的 ToothFormer transformer 网络（""This paper proposes a transformer-based approach, ToothFormer""），未出现任何具名第三方非牙科3D软件（如 Mimics、3D Slicer、MATLAB 等）被""we used / were analysed using / imported into / processed in""等表述表明本研究自身使用的证据；缺失""本研究自身使用具名第三方非牙科3D软件""的证据。",-,-,-,-,"【判定】: EXCLUDE
【证据】: 证据片段仅显示该研究提出了自研的 ToothFormer transformer 网络（""This paper proposes a transformer-based approach, ToothFormer""），未出现任何具名第三方非牙科3D软件（如 Mimics、3D Slicer、MATLAB 等）被""we used / were analysed using / imported into / processed in""等表述表明本研究自身使用的证据；缺失""本研究自身使用具名第三方非牙科3D软件""的证据。
【软件】: -
【专科】: -
【应用场景】: -
【研究设计】: -"
emerging technologies in the treatment of orbital floor fractures a systematic review,Emerging Technologies in the Treatment of Orbital Floor Fractures: A Systematic Review,MEDICINA-LITHUANIA,journalArticle,J9FU9DVK,,EXCLUDE,EXCLUDE,"该文献为系统综述（题名 ""A Systematic Review""，摘要 ""A systematic review was conducted according to the PRISMA 2020 guidelines""），文献类型不符；且证据片段中仅出现参考文献管理软件 ""Endnote 21.4""，未表明本研究自身使用了具名第三方非牙科3D软件进行3D数据处理、分析、建模或测量。",-,-,-,-,"【判定】: EXCLUDE
【证据】: 该文献为系统综述（题名 ""A Systematic Review""，摘要 ""A systematic review was conducted according to the PRISMA 2020 guidelines""），文献类型不符；且证据片段中仅出现参考文献管理软件 ""Endnote 21.4""，未表明本研究自身使用了具名第三方非牙科3D软件进行3D数据处理、分析、建模或测量。
【软件】: -
【专科】: -
【应用场景】: -
【研究设计】: -"
relationship between maxillofacial asymmetry and cranial base morphology in patients with jaw deformities a three dimensional computed tomography analysis,Relationship between maxillofacial asymmetry and cranial base morphology in patients with jaw deformities: a three-dimensional computed tomography analysis,JOURNAL OF STOMATOLOGY ORAL AND MAXILLOFACIAL SURGERY,journalArticle,ZKMI2LI4,,EXCLUDE,EXCLUDE,"片段中明确使用的软件为 ""PROPLAN CMF ver.3.0.1, Materialize""，属于牙科/颅颌面专用软件（Materialise 的 ProPlan CMF 为颅颌面手术规划专用软件），不属于原始开发领域在牙科之外的非牙科3D软件；其余软件（IBM SPSS、G*Power）为统计分析软件，非3D数据处理软件。缺失""使用具名第三方非牙科3D软件""的证据。",-,-,-,-,"【判定】: EXCLUDE
【证据】: 片段中明确使用的软件为 ""PROPLAN CMF ver.3.0.1, Materialize""，属于牙科/颅颌面专用软件（Materialise 的 ProPlan CMF 为颅颌面手术规划专用软件），不属于原始开发领域在牙科之外的非牙科3D软件；其余软件（IBM SPSS、G*Power）为统计分析软件，非3D数据处理软件。缺失""使用具名第三方非牙科3D软件""的证据。
【软件】: -
【专科】: -
【应用场景】: -
【研究设计】: -"
top down design and fabrication with digital technology of removable partial dentures incorporating custom abutments a dental technique,Top-down design and fabrication with digital technology of removable partial dentures incorporating custom abutments: A dental technique,JOURNAL OF PROSTHETIC DENTISTRY,journalArticle,FQVDPA8S,,EXCLUDE,EXCLUDE,"证据片段中仅出现泛称 ""a computer-aided design (CAD) software program""，未给出任何具名第三方非牙科3D软件名称；且该表述出现在文献回顾性论述（""virtual teeth can be easily arranged by using a computer-aided design (CAD) software program.7,13""）中，并非本研究自身使用某具名软件的明确表述。缺失证据：本研究自身在材料与方法中使用的具名第三方非牙科3D软件名称。",-,-,-,-,"【判定】: EXCLUDE
【证据】: 证据片段中仅出现泛称 ""a computer-aided design (CAD) software program""，未给出任何具名第三方非牙科3D软件名称；且该表述出现在文献回顾性论述（""virtual teeth can be easily arranged by using a computer-aided design (CAD) software program.7,13""）中，并非本研究自身使用某具名软件的明确表述。缺失证据：本研究自身在材料与方法中使用的具名第三方非牙科3D软件名称。
【软件】: -
【专科】: -
【应用场景】: -
【研究设计】: -"
personalized 3d printed tdm zro2 scaffolds laden with ipsc derived sox9 sclerotomal progenitors for functional osteochondral regeneration,Personalized 3D-printed TDM/ZrO2 scaffolds laden with iPSC-derived SOX9+sclerotomal progenitors for functional osteochondral regeneration,INTERNATIONAL JOURNAL OF BIOPRINTING,journalArticle,WVHHNQX4,,EXCLUDE,EXCLUDE,"证据片段中仅出现 ""Jade software""（XRD 数据分析，非3D软件）及 ""evaluation software (software, developer, country)""（软件名被占位符替代，未给出具名第三方非牙科3D软件）；未见本研究使用 Mimics、3D Slicer、Geomagic 等具名非牙科3D软件进行3D数据处理/分析/建模/测量的表述。",-,-,-,-,"【判定】: EXCLUDE
【证据】: 证据片段中仅出现 ""Jade software""（XRD 数据分析，非3D软件）及 ""evaluation software (software, developer, country)""（软件名被占位符替代，未给出具名第三方非牙科3D软件）；未见本研究使用 Mimics、3D Slicer、Geomagic 等具名非牙科3D软件进行3D数据处理/分析/建模/测量的表述。
【软件】: -
【专科】: -
【应用场景】: -
【研究设计】: -"
3d printing of a patient specific biomodel and cutting guide for metatarsal reconstruction with an osteocutaneous scip flap using open source software a case report,3D Printing of a Patient-Specific Biomodel and Cutting Guide for Metatarsal Reconstruction With an Osteocutaneous SCIP Flap Using Open-Source Software: A Case Report,MICROSURGERY,journalArticle,PGQJVZ2Y,,EXCLUDE,EXCLUDE,"该研究自身使用了 OrtogOnBlender（""imported into OrtogOnBlender (Version 2.80 Beta, Brazil), a free open-source software""），但 OrtogOnBlender 是牙科/颌面外科领域开发的专用开源软件（由巴西口腔颌面外科团队基于 Blender 开发），不属于""原始开发领域不在牙科""的第三方非牙科3D软件；证据片段中未出现任何符合纳入标准的非牙科3D软件名（如 Mimics、3D Slicer、Blender 本体等）。",-,-,-,-,"【判定】: EXCLUDE
【证据】: 该研究自身使用了 OrtogOnBlender（""imported into OrtogOnBlender (Version 2.80 Beta, Brazil), a free open-source software""），但 OrtogOnBlender 是牙科/颌面外科领域开发的专用开源软件（由巴西口腔颌面外科团队基于 Blender 开发），不属于""原始开发领域不在牙科""的第三方非牙科3D软件；证据片段中未出现任何符合纳入标准的非牙科3D软件名（如 Mimics、3D Slicer、Blender 本体等）。
【软件】: -
【专科】: -
【应用场景】: -
【研究设计】: -"
comparing direct measurements and three dimensional 3d scans for evaluating facial soft tissue,Comparing Direct Measurements and Three-Dimensional (3D) Scans for Evaluating Facial Soft Tissue,SENSORS,journalArticle,4KMVHT4D,,EXCLUDE,EXCLUDE,"证据片段中仅出现 ""we used Bellus3D software and Arc scanner (Bellus 3D, version 1.6.2, Bellus3D, Inc., Campbell, CA, USA)""，Bellus3D 为牙科/面部扫描专用软件，不属于非牙科第三方3D软件；其余软件名（IBM SPSS）为统计分析软件，非3D数据处理软件。未发现本研究使用任何具名的非牙科第三方3D软件（如 Mimics、3D Slicer、Geomagic 等）。",-,-,-,-,"【判定】: EXCLUDE
【证据】: 证据片段中仅出现 ""we used Bellus3D software and Arc scanner (Bellus 3D, version 1.6.2, Bellus3D, Inc., Campbell, CA, USA)""，Bellus3D 为牙科/面部扫描专用软件，不属于非牙科第三方3D软件；其余软件名（IBM SPSS）为统计分析软件，非3D数据处理软件。未发现本研究使用任何具名的非牙科第三方3D软件（如 Mimics、3D Slicer、Geomagic 等）。
【软件】: -
【专科】: -
【应用场景】: -
【研究设计】: -"
influence of the surgical method used for lip closure on the shape of the maxillary arch a retrospective 3d analysis of plaster models,Influence of the surgical method used for lip closure on the shape of the maxillary arch: a retrospective 3D analysis of plaster models,HEAD & FACE MEDICINE,journalArticle,9MIU7DNB,,EXCLUDE,EXCLUDE,"该研究仅使用牙科专用软件 OnyxCeph3™ 进行2D测量，3D分析使用自研软件（""our self-developed customized software application (SMP)""），未使用任何具名的第三方非牙科3D软件。",-,-,-,-,"【判定】: EXCLUDE
【证据】: 该研究仅使用牙科专用软件 OnyxCeph3™ 进行2D测量，3D分析使用自研软件（""our self-developed customized software application (SMP)""），未使用任何具名的第三方非牙科3D软件。
【软件】: -
【专科】: -
【应用场景】: -
【研究设计】: -"
estimation of coronary artery movement using a non rigid registration with global local structure preservation,Estimation of coronary artery movement using a non-rigid registration with global-local structure preservation,COMPUTERS IN BIOLOGY AND MEDICINE,journalArticle,SWW7KEJ8,,EXCLUDE,EXCLUDE,"该研究主题为冠状动脉运动估计（心血管/医学影像领域），不属于口腔医学任一学科；虽证据片段中提及 ""The software 'Mimics' was used to segment the coronary arteries""，但主题不符纳入标准第1条。",-,-,-,-,"【判定】: EXCLUDE
【证据】: 该研究主题为冠状动脉运动估计（心血管/医学影像领域），不属于口腔医学任一学科；虽证据片段中提及 ""The software 'Mimics' was used to segment the coronary arteries""，但主题不符纳入标准第1条。
【软件】: -
【专科】: -
【应用场景】: -
【研究设计】: -"
digital three dimensional assessment of free gingival graft remodeling over 12 months,Digital three-dimensional assessment of free gingival graft remodeling over 12 months,JOURNAL OF DENTISTRY,journalArticle,YLELC4FZ,,EXCLUDE,EXCLUDE,"片段中仅出现 ""using digital software"" 和 ""a digital imaging software (Swissmeda software/Smop, Swissmeda, Zurich, Switzerland)""，Swissmeda/Smop 为牙科专用软件，不属于具名第三方非牙科3D软件；另 Random Allocation Software 2.0 仅用于随机分组，非3D数据处理。缺失使用具名第三方非牙科3D软件的证据。",-,-,-,-,"【判定】: EXCLUDE
【证据】: 片段中仅出现 ""using digital software"" 和 ""a digital imaging software (Swissmeda software/Smop, Swissmeda, Zurich, Switzerland)""，Swissmeda/Smop 为牙科专用软件，不属于具名第三方非牙科3D软件；另 Random Allocation Software 2.0 仅用于随机分组，非3D数据处理。缺失使用具名第三方非牙科3D软件的证据。
【软件】: -
【专科】: -
【应用场景】: -
【研究设计】: -"
guided surgery with 3d printed device a case report,Guided Surgery with 3D Printed Device: A Case Report,JOURNAL OF ORAL IMPLANTOLOGY,journalArticle,UZEPFW5V,,EXCLUDE,EXCLUDE,"片段中唯一具名软件为 ""ImplantViewer""（""After virtual planning using ImplantViewer""），该软件为牙科种植规划专用软件，不属于非牙科来源的第三方3D软件；片段中未出现任何符合纳入标准的非牙科3D软件（如 Mimics、3D Slicer、Geomagic、MATLAB 等）被本研究自身使用的表述。",-,-,-,-,"【判定】: EXCLUDE
【证据】: 片段中唯一具名软件为 ""ImplantViewer""（""After virtual planning using ImplantViewer""），该软件为牙科种植规划专用软件，不属于非牙科来源的第三方3D软件；片段中未出现任何符合纳入标准的非牙科3D软件（如 Mimics、3D Slicer、Geomagic、MATLAB 等）被本研究自身使用的表述。
【软件】: -
【专科】: -
【应用场景】: -
【研究设计】: -"
implications of three dimensional cell culture in cancer therapeutic research,Implications of Three-Dimensional Cell Culture in Cancer Therapeutic Research,FRONTIERS IN ONCOLOGY,journalArticle,HGZFPPWP,,EXCLUDE,EXCLUDE,缺失证据：该文献为综述（题名及摘要为 3D cell culture in cancer therapeutic research 的综述性论述），且方法学片段中未出现任何表明本研究自身使用具名第三方非牙科3D软件的表述（如 we used / were analysed using / imported into / processed in 等）；片段内容为对 3D 培养技术、水凝胶、微流控模型等的泛述及参考文献列表。,-,-,-,-,"【判定】: EXCLUDE
【证据】: 缺失证据：该文献为综述（题名及摘要为 3D cell culture in cancer therapeutic research 的综述性论述），且方法学片段中未出现任何表明本研究自身使用具名第三方非牙科3D软件的表述（如 we used / were analysed using / imported into / processed in 等）；片段内容为对 3D 培养技术、水凝胶、微流控模型等的泛述及参考文献列表。
【软件】: -
【专科】: -
【应用场景】: -
【研究设计】: -"
development of multi physics calculation method in lead cooled fast reactor code system mosasaur,Development of multi-physics calculation method in lead cooled fast reactor code system MOSASAUR,NUCLEAR ENGINEERING AND TECHNOLOGY,journalArticle,56EZEDCR,,EXCLUDE,EXCLUDE,主题为铅冷快堆（LFR）多物理场计算方法与 MOSASAUR 程序开发，不属于口腔医学任一学科；证据片段中未出现任何用于口腔3D数据处理、分析、建模或测量的具名第三方非牙科3D软件。,-,-,-,-,"【判定】: EXCLUDE
【证据】: 主题为铅冷快堆（LFR）多物理场计算方法与 MOSASAUR 程序开发，不属于口腔医学任一学科；证据片段中未出现任何用于口腔3D数据处理、分析、建模或测量的具名第三方非牙科3D软件。
【软件】: -
【专科】: -
【应用场景】: -
【研究设计】: -"
shape adaptive magnetic field assisted batch polishing of three dimensional surfaces,Shape-adaptive magnetic field-assisted batch polishing of three-dimensional surfaces,PRECISION ENGINEERING-JOURNAL OF THE INTERNATIONAL SOCIETIES FOR PRECISION ENGINEERING AND NANOTECHNOLOGY,journalArticle,QLD6QTJK,,EXCLUDE,EXCLUDE,该研究使用 ANSYS MAXWELL 进行磁场仿真，但主题为精密抛光技术（非口腔医学），不属于口腔医学任一学科。,-,-,-,-,"【判定】: EXCLUDE
【证据】: 该研究使用 ANSYS MAXWELL 进行磁场仿真，但主题为精密抛光技术（非口腔医学），不属于口腔医学任一学科。
【软件】: -
【专科】: -
【应用场景】: -
【研究设计】: -"
the cnn model aided the study of the clinical value hidden in the implant images,The CNN model aided the study of the clinical value hidden in the implant images,JOURNAL OF APPLIED CLINICAL MEDICAL PHYSICS,journalArticle,G5QKVLPU,,EXCLUDE,EXCLUDE,该研究仅使用自建 CNN 模型（基于 VGG-16）及 Onevolume Viewer 软件进行测量；Onevolume Viewer 为牙科/影像专用软件，且未出现任何具名第三方非牙科 3D 软件（如 Mimics、3D Slicer、MATLAB 等）被本研究使用的表述。,-,-,-,-,"【判定】: EXCLUDE
【证据】: 该研究仅使用自建 CNN 模型（基于 VGG-16）及 Onevolume Viewer 软件进行测量；Onevolume Viewer 为牙科/影像专用软件，且未出现任何具名第三方非牙科 3D 软件（如 Mimics、3D Slicer、MATLAB 等）被本研究使用的表述。
【软件】: -
【专科】: -
【应用场景】: -
【研究设计】: -"
advances in the resection and reconstruction of midfacial tumors through computer assisted surgery,Advances in the Resection and Reconstruction of Midfacial Tumors Through Computer Assisted Surgery,FRONTIERS IN ONCOLOGY,journalArticle,EXVEHKU3,,EXCLUDE,INCLUDE,"""The process of digital planning was carried out using the planning software iPlan® (version 3.0.5, Brainlab, Feldkirchen, Germany)."" 以及 ""merged via iPlan® software (version 3.0.5, Brainlab, Feldkirchen, Germany) using the automatic 'best ﬁt' algorithm.""",Brainlab iPlan,Oral and Maxillofacial Surgery,Surgical planning and precise implementation,clinical,"【判定】: INCLUDE
【证据】: ""The process of digital planning was carried out using the planning software iPlan® (version 3.0.5, Brainlab, Feldkirchen, Germany)."" 以及 ""merged via iPlan® software (version 3.0.5, Brainlab, Feldkirchen, Germany) using the automatic 'best ﬁt' algorithm.""
【软件】: Brainlab iPlan
【专科】: Oral and Maxillofacial Surgery
【应用场景】: Surgical planning and precise implementation
【研究设计】: clinical"
a web based rendering application for communicating dental conditions,A Web-Based Rendering Application for Communicating Dental Conditions,HEALTHCARE,journalArticle,7WWWDUCV,,EXCLUDE,EXCLUDE,"证据片段仅描述自研的 web-based informatics pipeline（SculptorHD）及 UV mapping 等通用渲染概念，未出现任何具名第三方非牙科3D软件（如 Blender、Mimics、3D Slicer 等），也无 ""we used / imported into / processed in"" 等表明本研究使用某具名第三方软件处理3D数据的表述。",-,-,-,-,"【判定】: EXCLUDE
【证据】: 证据片段仅描述自研的 web-based informatics pipeline（SculptorHD）及 UV mapping 等通用渲染概念，未出现任何具名第三方非牙科3D软件（如 Blender、Mimics、3D Slicer 等），也无 ""we used / imported into / processed in"" 等表明本研究使用某具名第三方软件处理3D数据的表述。
【软件】: -
【专科】: -
【应用场景】: -
【研究设计】: -"
force driven model for automated clear aligner staging design based on stepwise tooth displacement and rotation in 3d space,Force-Driven Model for Automated Clear Aligner Staging Design Based on Stepwise Tooth Displacement and Rotation in 3D Space,BIOENGINEERING-BASEL,journalArticle,7SPMCGS2,,EXCLUDE,EXCLUDE,片段仅显示该研究用 C++ 实现算法并集成到自研/牙科专用软件 SmarteeCheck3.0（WebGL-based）中，未出现使用具名第三方非牙科3D软件（如 Mimics、3D Slicer、Geomagic、MATLAB 等）进行3D数据处理、分析、建模或测量的表述；缺失“本研究自身使用具名第三方非牙科3D软件”的证据。,-,-,-,-,"【判定】: EXCLUDE
【证据】: 片段仅显示该研究用 C++ 实现算法并集成到自研/牙科专用软件 SmarteeCheck3.0（WebGL-based）中，未出现使用具名第三方非牙科3D软件（如 Mimics、3D Slicer、Geomagic、MATLAB 等）进行3D数据处理、分析、建模或测量的表述；缺失“本研究自身使用具名第三方非牙科3D软件”的证据。
【软件】: -
【专科】: -
【应用场景】: -
【研究设计】: -"
accuracy of soft tissue prediction in skeletal type iii relationship using a computer aided three dimensional surgical simulation planning program,Accuracy of Soft Tissue Prediction in Skeletal Type III Relationship Using a Computer-Aided Three-Dimensional Surgical Simulation Planning Program,APPLIED SCIENCES-BASEL,journalArticle,Y7AJ5J7V,,EXCLUDE,EXCLUDE,"证据片段仅显示本研究使用 ""Simplant O&O software""（""The software was used to analyze...""），但 Simplant O&O 属于牙科专用软件（口腔颌面外科/正畸手术规划软件），不符合""非牙科三维软件""要求；片段中未出现任何具名的第三方非牙科3D软件（如 Mimics、3D Slicer、Geomagic 等）被本研究自身使用的表述。",-,-,-,-,"【判定】: EXCLUDE
【证据】: 证据片段仅显示本研究使用 ""Simplant O&O software""（""The software was used to analyze...""），但 Simplant O&O 属于牙科专用软件（口腔颌面外科/正畸手术规划软件），不符合""非牙科三维软件""要求；片段中未出现任何具名的第三方非牙科3D软件（如 Mimics、3D Slicer、Geomagic 等）被本研究自身使用的表述。
【软件】: -
【专科】: -
【应用场景】: -
【研究设计】: -"
effect of preparation designs and cad cam materials on step stress fatigue survival of premolar partial coverage restorations an in vitro study with fractographic analysis,Effect of preparation designs and CAD-CAM materials on step-stress fatigue survival of premolar partial coverage restorations: An in-vitro study with fractographic analysis,DENTAL MATERIALS,journalArticle,F6AW7R93,,EXCLUDE,EXCLUDE,"证据片段仅出现泛述 ""CAD software was used to create digital models of the restorations""，未指明任何具名第三方非牙科3D软件（如 Mimics、3D Slicer、Geomagic、SolidWorks 等），无法证明本研究自身使用了符合纳入标准的具名软件。",-,-,-,-,"【判定】: EXCLUDE
【证据】: 证据片段仅出现泛述 ""CAD software was used to create digital models of the restorations""，未指明任何具名第三方非牙科3D软件（如 Mimics、3D Slicer、Geomagic、SolidWorks 等），无法证明本研究自身使用了符合纳入标准的具名软件。
【软件】: -
【专科】: -
【应用场景】: -
【研究设计】: -"
3d printed drug loaded composite scaffolds to promote osteogenesis and antibacterial activity,3D-Printed Drug-Loaded Composite Scaffolds to Promote Osteogenesis and Antibacterial Activity,ACS APPLIED POLYMER MATERIALS,journalArticle,HF33Z57F,,EXCLUDE,EXCLUDE,"片段中仅出现 ""CAD software was used to design the scaﬀold material"" 和 ""Origin Pro 9.0 software""（统计软件），未出现任何具名第三方非牙科3D软件（如 Mimics、3D Slicer、Geomagic、SolidWorks 等）用于3D数据处理、分析、建模或测量；""CAD software"" 为泛述，未指明具体软件名。",-,-,-,-,"【判定】: EXCLUDE
【证据】: 片段中仅出现 ""CAD software was used to design the scaﬀold material"" 和 ""Origin Pro 9.0 software""（统计软件），未出现任何具名第三方非牙科3D软件（如 Mimics、3D Slicer、Geomagic、SolidWorks 等）用于3D数据处理、分析、建模或测量；""CAD software"" 为泛述，未指明具体软件名。
【软件】: -
【专科】: -
【应用场景】: -
【研究设计】: -"
video based craniomaxillofacial disease screening system,Video-based craniomaxillofacial disease screening system,DISPLAYS,journalArticle,TYPEDT2Z,,EXCLUDE,EXCLUDE,"证据片段仅描述自研系统（WeChat mini-program、背景算法、三维重建算法），未出现任何具名第三方非牙科3D软件（如 Mimics、3D Slicer、Geomagic 等）被本研究使用的表述；缺失""we used / were analysed using / imported into / processed in + 具名第三方3D软件""的证据。",-,-,-,-,"【判定】: EXCLUDE
【证据】: 证据片段仅描述自研系统（WeChat mini-program、背景算法、三维重建算法），未出现任何具名第三方非牙科3D软件（如 Mimics、3D Slicer、Geomagic 等）被本研究使用的表述；缺失""we used / were analysed using / imported into / processed in + 具名第三方3D软件""的证据。
【软件】: -
【专科】: -
【应用场景】: -
【研究设计】: -"
numerical and machine aided experimental models for simulating the 3d compliance of a toothbrush,Numerical and Machine-Aided Experimental Models for Simulating the 3D Compliance of a Toothbrush,MACHINES,journalArticle,QV2TI6LM,,EXCLUDE,EXCLUDE,"片段中仅提及 ""imported into a CAD environment""（未具名第三方软件），以及 ""Microscribe GX2 by Revware""（三维坐标测量机，属硬件测量设备而非3D软件）；未出现任何本研究自身使用的具名第三方非牙科3D软件名。",-,-,-,-,"【判定】: EXCLUDE
【证据】: 片段中仅提及 ""imported into a CAD environment""（未具名第三方软件），以及 ""Microscribe GX2 by Revware""（三维坐标测量机，属硬件测量设备而非3D软件）；未出现任何本研究自身使用的具名第三方非牙科3D软件名。
【软件】: -
【专科】: -
【应用场景】: -
【研究设计】: -"
mineralized osteoblast derived exosomes and 3d printed ceramic based scaffolds for enhanced bone healing a preclinical exploration,Mineralized osteoblast-derived exosomes and 3D-printed ceramic-based scaffolds for enhanced bone healing: A preclinical exploration,ACTA BIOMATERIALIA,journalArticle,S3XDHQ38,,EXCLUDE,INCLUDE,"""Gyroid scaffolds were designed by nTopology v.3 software with a wall thickness of 0.2 mm and pores of 0.8 mm.""",nTopology,Oral and Maxillofacial Surgery,Digital design and manufacturing,computational,"【判定】: INCLUDE
【证据】: ""Gyroid scaffolds were designed by nTopology v.3 software with a wall thickness of 0.2 mm and pores of 0.8 mm.""
【软件】: nTopology
【专科】: Oral and Maxillofacial Surgery
【应用场景】: Digital design and manufacturing
【研究设计】: computational"
toward quieter dental devices transient cfd simulation of airflow and noise in air turbine handpieces,Toward Quieter Dental Devices: Transient CFD Simulation of Airflow and Noise in Air Turbine Handpieces,APPLIED SCIENCES-BASEL,journalArticle,FUMHC8Y2,,EXCLUDE,EXCLUDE,片段中仅提及使用 micro-CT 扫描仪（phoenix v|tome|x m300）进行成像、自研的 building cube method (BCM) 框架进行网格生成与 CFD 仿真，以及 Artemis SUITE（声学分析软件）进行噪声频谱分析；未出现任何具名第三方非牙科三维（3D）软件（如 Mimics、3D Slicer、Geomagic、ANSYS 等）被本研究用于3D数据处理、分析、建模或测量的表述。所提及的软件均非用于3D数据处理/建模/测量的第三方非牙科3D软件。,-,-,-,-,"【判定】: EXCLUDE
【证据】: 片段中仅提及使用 micro-CT 扫描仪（phoenix v|tome|x m300）进行成像、自研的 building cube method (BCM) 框架进行网格生成与 CFD 仿真，以及 Artemis SUITE（声学分析软件）进行噪声频谱分析；未出现任何具名第三方非牙科三维（3D）软件（如 Mimics、3D Slicer、Geomagic、ANSYS 等）被本研究用于3D数据处理、分析、建模或测量的表述。所提及的软件均非用于3D数据处理/建模/测量的第三方非牙科3D软件。
【软件】: -
【专科】: -
【应用场景】: -
【研究设计】: -"
optimization of print parameters for batch and continuous manufacturing of three dimensional 3d printed dosage forms using artificial intelligence and machine learning,Optimization of print parameters for batch and continuous manufacturing of three-dimensional (3D) printed dosage forms using artificial intelligence and machine learning,DRUG DELIVERY AND TRANSLATIONAL RESEARCH,journalArticle,9NQ8BFIU,,EXCLUDE,EXCLUDE,该研究主题为3D打印药物剂型（printlets）的打印参数优化，属于药学/药物递送领域，不属于口腔医学任一学科；且所用软件（Tinkercad、Prusa Slicer、Creality Slicer、OpenCV）均非用于口腔3D数据处理。缺失证据：主题属于口腔医学。,-,-,-,-,"【判定】: EXCLUDE
【证据】: 该研究主题为3D打印药物剂型（printlets）的打印参数优化，属于药学/药物递送领域，不属于口腔医学任一学科；且所用软件（Tinkercad、Prusa Slicer、Creality Slicer、OpenCV）均非用于口腔3D数据处理。缺失证据：主题属于口腔医学。
【软件】: -
【专科】: -
【应用场景】: -
【研究设计】: -"
the effect of the digital manufacturing technique of cantilevered implant supported frameworks on abutment screw preload,The effect of the digital manufacturing technique of cantilevered implant-supported frameworks on abutment screw preload,JOURNAL OF ADVANCED PROSTHODONTICS,journalArticle,IIQPEHZZ,,EXCLUDE,EXCLUDE,证据片段中出现的软件为 Ceramill Mind software（Amann Girrbach AG），属于牙科专用 CAD 软件；未出现任何具名的第三方非牙科 3D 软件（如 Mimics、3D Slicer、Geomagic、ANSYS 等）被本研究自身用于 3D 数据处理、分析、建模或测量的表述。,-,-,-,-,"【判定】: EXCLUDE
【证据】: 证据片段中出现的软件为 Ceramill Mind software（Amann Girrbach AG），属于牙科专用 CAD 软件；未出现任何具名的第三方非牙科 3D 软件（如 Mimics、3D Slicer、Geomagic、ANSYS 等）被本研究自身用于 3D 数据处理、分析、建模或测量的表述。
【软件】: -
【专科】: -
【应用场景】: -
【研究设计】: -"
recent advances in 3d models of the nervous system for neural regeneration research and drug development,Recent advances in 3D models of the nervous system for neural regeneration research and drug development,ACTA BIOMATERIALIA,journalArticle,TJ6WXLRY,,EXCLUDE,EXCLUDE,"该文献为综述（题名含 ""Recent advances... review""，摘要明确 ""This review examines...""），且主题为神经系统3D模型与神经再生/药物开发，不属于口腔医学任一学科；证据片段中亦未出现本研究自身使用具名第三方非牙科3D软件的表述。",-,-,-,-,"【判定】: EXCLUDE
【证据】: 该文献为综述（题名含 ""Recent advances... review""，摘要明确 ""This review examines...""），且主题为神经系统3D模型与神经再生/药物开发，不属于口腔医学任一学科；证据片段中亦未出现本研究自身使用具名第三方非牙科3D软件的表述。
【软件】: -
【专科】: -
【应用场景】: -
【研究设计】: -"
enhancing bone tissue engineering with 3d printed polycaprolactone scaffolds integrated with tragacanth gum bioactive glass,Enhancing bone tissue engineering with 3D-Printed polycaprolactone scaffolds integrated with tragacanth gum/bioactive glass,MATERIALS TODAY BIO,journalArticle,8B728BRE,,EXCLUDE,EXCLUDE,"证据片段中仅出现 ""CAD-based model""、""designed using CAD software"" 等泛述，未指明任何具名第三方非牙科3D软件（如 SolidWorks、AutoCAD、Fusion 360 等）；GraphPad Prism 与 OriginPro 仅用于绘图和统计，不属于3D数据处理/建模/测量软件。",-,-,-,-,"【判定】: EXCLUDE
【证据】: 证据片段中仅出现 ""CAD-based model""、""designed using CAD software"" 等泛述，未指明任何具名第三方非牙科3D软件（如 SolidWorks、AutoCAD、Fusion 360 等）；GraphPad Prism 与 OriginPro 仅用于绘图和统计，不属于3D数据处理/建模/测量软件。
【软件】: -
【专科】: -
【应用场景】: -
【研究设计】: -"
three dimensional quantitative analysis of maxillary arch morphology across sagittal and vertical skeletal patterns,Three-Dimensional Quantitative Analysis of Maxillary Arch Morphology Across Sagittal and Vertical Skeletal Patterns,APPLIED SCIENCES-BASEL,journalArticle,X4EJBTIQ,,EXCLUDE,INCLUDE,"""The resulting STL files were analyzed using a custom, fully automated algorithm (MaxArchAnalyzer v2.1) developed in MATLAB R2022a (MathWorks, Natick, MA, USA).""",MATLAB,Orthodontics,Morphological and phenotypic analysis,computational,"【判定】: INCLUDE
【证据】: ""The resulting STL files were analyzed using a custom, fully automated algorithm (MaxArchAnalyzer v2.1) developed in MATLAB R2022a (MathWorks, Natick, MA, USA).""
【软件】: MATLAB
【专科】: Orthodontics
【应用场景】: Morphological and phenotypic analysis
【研究设计】: computational"
advancements in microfluidic organ on a chip for oral medicine,Advancements in Microfluidic Organ-on-a-chip for Oral Medicine,INTERNATIONAL DENTAL JOURNAL,journalArticle,QIEFEE8C,,EXCLUDE,EXCLUDE,"该文献为综述（摘要明确 ""This review highlights the development of this fast-growing technology""），且证据片段中未出现任何表明本研究自身使用具名第三方非牙科3D软件的表述（如 ""we used / were analysed using / imported into / processed in""）；片段中仅提及 ""an image analysis software programme""（未具名）及参考文献列表中的软件名。",-,-,-,-,"【判定】: EXCLUDE
【证据】: 该文献为综述（摘要明确 ""This review highlights the development of this fast-growing technology""），且证据片段中未出现任何表明本研究自身使用具名第三方非牙科3D软件的表述（如 ""we used / were analysed using / imported into / processed in""）；片段中仅提及 ""an image analysis software programme""（未具名）及参考文献列表中的软件名。
【软件】: -
【专科】: -
【应用场景】: -
【研究设计】: -"
sfi ensemble sugeno fuzzy integral based ensemble of cnn models with meta heuristic fuzzy measures for mouth and oral disease detection,SFI-ensemble: Sugeno fuzzy integral-based ensemble of CNN models with meta-heuristic fuzzy measures for mouth and oral disease detection,ARTIFICIAL IN℡LIGENCE REVIEW,journalArticle,P2QVBDUM,,EXCLUDE,EXCLUDE,"证据片段中未出现任何表明本研究自身使用了具名第三方非牙科3D软件的表述（如 ""we used / were analysed using / imported into / processed in""）；片段内容均为对既往研究的泛述与引用（如 ""Study by Silva et al. (2022) employs...""、""Bakare et al. (2021) employed...""），且本研究仅涉及自建深度学习集成框架（SFI-Ensemble、CNN模型），无具名第三方3D软件使用证据。",-,-,-,-,"【判定】: EXCLUDE
【证据】: 证据片段中未出现任何表明本研究自身使用了具名第三方非牙科3D软件的表述（如 ""we used / were analysed using / imported into / processed in""）；片段内容均为对既往研究的泛述与引用（如 ""Study by Silva et al. (2022) employs...""、""Bakare et al. (2021) employed...""），且本研究仅涉及自建深度学习集成框架（SFI-Ensemble、CNN模型），无具名第三方3D软件使用证据。
【软件】: -
【专科】: -
【应用场景】: -
【研究设计】: -"
guidance on biomaterials for periodontal tissue regeneration fabrication methods materials and biological considerations,"Guidance on biomaterials for periodontal tissue regeneration: Fabrication methods, materials and biological considerations",DENTAL MATERIALS,journalArticle,PKH8V7FJ,,EXCLUDE,EXCLUDE,"文献类型为指南/综述（""This article, an initiative of the Academy of Dental Materials, provides guidance...""），非原创研究、技术说明或病例报告；且证据片段中软件名（ImageJ/Fiji、MATLAB、SpectraBase、NIST）仅出现在泛述性方法介绍（""some software can automate""、""can be done automatically using software like Fiji or ImageJ""）或参考文献列表中，未表明本研究自身使用。",-,-,-,-,"【判定】: EXCLUDE
【证据】: 文献类型为指南/综述（""This article, an initiative of the Academy of Dental Materials, provides guidance...""），非原创研究、技术说明或病例报告；且证据片段中软件名（ImageJ/Fiji、MATLAB、SpectraBase、NIST）仅出现在泛述性方法介绍（""some software can automate""、""can be done automatically using software like Fiji or ImageJ""）或参考文献列表中，未表明本研究自身使用。
【软件】: -
【专科】: -
【应用场景】: -
【研究设计】: -"
use of advanced artificial intelligence in forensic medicine forensic anthropology and clinical anatomy,"Use of Advanced Artificial Intelligence in Forensic Medicine, Forensic Anthropology and Clinical Anatomy",HEALTHCARE,journalArticle,XIPF9RSI,,EXCLUDE,EXCLUDE,"证据片段仅描述自研的 3D CNN 算法工作流（""novel clinical workflow based on implementing three-dimensional convolutional neural network (3D CNN) algorithms""），未出现任何具名第三方非牙科3D软件（如 Mimics、3D Slicer、MATLAB 等）被本研究使用的表述（如 ""we used / were analysed using / imported into / processed in""）。",-,-,-,-,"【判定】: EXCLUDE
【证据】: 证据片段仅描述自研的 3D CNN 算法工作流（""novel clinical workflow based on implementing three-dimensional convolutional neural network (3D CNN) algorithms""），未出现任何具名第三方非牙科3D软件（如 Mimics、3D Slicer、MATLAB 等）被本研究使用的表述（如 ""we used / were analysed using / imported into / processed in""）。
【软件】: -
【专科】: -
【应用场景】: -
【研究设计】: -"
adaptive point learning with uncertainty quantification to generate margin lines on prepared teeth,Adaptive Point Learning with Uncertainty Quantification to Generate Margin Lines on Prepared Teeth,APPLIED SCIENCES-BASEL,journalArticle,FUZY7784,,EXCLUDE,EXCLUDE,"证据片段中仅提及 ""inspired by the AdaPointTr model"" 及自研深度学习模型（""we propose to generate margin line points... using adaptive point learning inspired by the AdaPointTr model""），未出现任何本研究自身使用具名第三方非牙科3D软件（如 Mimics、3D Slicer、Geomagic、MATLAB 等）进行3D数据处理、分析、建模或测量的表述；缺失表明本研究使用了具名第三方非牙科3D软件的证据。",-,-,-,-,"【判定】: EXCLUDE
【证据】: 证据片段中仅提及 ""inspired by the AdaPointTr model"" 及自研深度学习模型（""we propose to generate margin line points... using adaptive point learning inspired by the AdaPointTr model""），未出现任何本研究自身使用具名第三方非牙科3D软件（如 Mimics、3D Slicer、Geomagic、MATLAB 等）进行3D数据处理、分析、建模或测量的表述；缺失表明本研究使用了具名第三方非牙科3D软件的证据。
【软件】: -
【专科】: -
【应用场景】: -
【研究设计】: -"
chatios improving automatic 3 dimensional tooth segmentation via gpt 4v and multimodal pre training,ChatIOS: Improving automatic 3-dimensional tooth segmentation via GPT-4V and multimodal pre-training,JOURNAL OF DENTISTRY,journalArticle,HWDWK85G,,EXCLUDE,EXCLUDE,"证据片段中仅描述该研究提出并开发了自研框架 ChatIOS（""The first step of the proposed framework, ChatIOS, is to pre-process the 3D IOS data...""），并使用 GPT-4V 生成文本描述，未出现任何具名第三方非牙科三维软件（如 Mimics、3D Slicer、Geomagic、MATLAB 等）被本研究自身用于3D数据处理、分析、建模或测量的表述（如 ""we used / were analysed using / imported into / processed in""）。GPT-4V 属多模态大语言模型，非三维处理软件，且无第三方3D软件使用证据。",-,-,-,-,"【判定】: EXCLUDE
【证据】: 证据片段中仅描述该研究提出并开发了自研框架 ChatIOS（""The first step of the proposed framework, ChatIOS, is to pre-process the 3D IOS data...""），并使用 GPT-4V 生成文本描述，未出现任何具名第三方非牙科三维软件（如 Mimics、3D Slicer、Geomagic、MATLAB 等）被本研究自身用于3D数据处理、分析、建模或测量的表述（如 ""we used / were analysed using / imported into / processed in""）。GPT-4V 属多模态大语言模型，非三维处理软件，且无第三方3D软件使用证据。
【软件】: -
【专科】: -
【应用场景】: -
【研究设计】: -"
identifying sources of error in computer navigated total knee arthroplasty using sensitivity analyses in knee models,Identifying Sources of Error in Computer-Navigated Total Knee Arthroplasty Using Sensitivity Analyses in Knee Models,JOURNAL OF ARTHROPLASTY,journalArticle,KJI2CQKC,,EXCLUDE,EXCLUDE,"片段中 SolidWorks 仅用于""modeled using SolidWorks... and 3D printed""制作一个半球形髋臼模型（实验装置），并非用于3D数据的处理、分析、建模或测量；且该研究主题为全膝关节置换术（骨科），不属于口腔医学任一学科。",-,-,-,-,"【判定】: EXCLUDE
【证据】: 片段中 SolidWorks 仅用于""modeled using SolidWorks... and 3D printed""制作一个半球形髋臼模型（实验装置），并非用于3D数据的处理、分析、建模或测量；且该研究主题为全膝关节置换术（骨科），不属于口腔医学任一学科。
【软件】: -
【专科】: -
【应用场景】: -
【研究设计】: -"
dose titration of solid dosage forms via fdm 3d printed mini tablets,Dose Titration of Solid Dosage Forms via FDM 3D-Printed Mini-Tablets,PHARMACEUTICS,journalArticle,WRE7G4MD,,EXCLUDE,EXCLUDE,该研究主题为药剂学（固体剂型剂量滴定、FDM 3D打印迷你片），不属于口腔医学任一学科；虽使用了 Autodesk Fusion 360 等非牙科3D软件，但主题不符纳入标准第1条。,-,-,-,-,"【判定】: EXCLUDE
【证据】: 该研究主题为药剂学（固体剂型剂量滴定、FDM 3D打印迷你片），不属于口腔医学任一学科；虽使用了 Autodesk Fusion 360 等非牙科3D软件，但主题不符纳入标准第1条。
【软件】: -
【专科】: -
【应用场景】: -
【研究设计】: -"
development of a preliminary diagnostic tool for the segmentation of benign jaw lesions in cbct images using nnu net v2 an artificial intelligence based approach,Development of a Preliminary Diagnostic Tool for the Segmentation of Benign Jaw Lesions in CBCT Images Using nnU-Net v2: An Artificial Intelligence-Based Approach,JOURNAL OF IMAGING INFORMATICS IN MEDICINE,journalArticle,M5KL88SX,,EXCLUDE,EXCLUDE,"证据片段仅显示本研究使用/评估了 nnU-Net v2 深度学习模型（""This study evaluated the nnU-Net v2 algorithm for 3D segmentation""），未出现任何具名第三方非牙科3D软件（如 Mimics、3D Slicer、ITK-SNAP 等）被本研究自身用于3D数据处理、分析、建模或测量的表述；nnU-Net 属自建/深度学习模型，不符合纳入标准第2条。",-,-,-,-,"【判定】: EXCLUDE
【证据】: 证据片段仅显示本研究使用/评估了 nnU-Net v2 深度学习模型（""This study evaluated the nnU-Net v2 algorithm for 3D segmentation""），未出现任何具名第三方非牙科3D软件（如 Mimics、3D Slicer、ITK-SNAP 等）被本研究自身用于3D数据处理、分析、建模或测量的表述；nnU-Net 属自建/深度学习模型，不符合纳入标准第2条。
【软件】: -
【专科】: -
【应用场景】: -
【研究设计】: -"
hybrid photometric geometric 3d reconstruction framework for manufacturing oriented assessment of tablet surface cqas under pat rtrt,Hybrid Photometric-Geometric 3D Reconstruction Framework for Manufacturing-Oriented Assessment of Tablet Surface CQAs under PAT/RTRT,AAPS PHARMSCITECH,journalArticle,TPS8WUC4,,EXCLUDE,EXCLUDE,主题为药物片剂表面质量评估（制药领域），不属于口腔医学任一学科；证据片段中仅出现 Python（SciPy/NumPy）用于统计分析，未表明本研究使用具名第三方非牙科3D软件进行3D数据处理/建模/测量。,-,-,-,-,"【判定】: EXCLUDE
【证据】: 主题为药物片剂表面质量评估（制药领域），不属于口腔医学任一学科；证据片段中仅出现 Python（SciPy/NumPy）用于统计分析，未表明本研究使用具名第三方非牙科3D软件进行3D数据处理/建模/测量。
【软件】: -
【专科】: -
【应用场景】: -
【研究设计】: -"
motion correction for separate mandibular and cranial movements in cone beam ct reconstructions,Motion correction for separate mandibular and cranial movements in cone beam CT reconstructions,MEDICAL PHYSICS,journalArticle,DA9LWSBD,,EXCLUDE,EXCLUDE,"证据片段中未出现任何具名第三方非牙科3D软件被本研究自身使用的表述。片段中提到的软件/工具（如 PointRend、Mask-RCNN、AnatomyNet、Marching Cubes）均为深度学习分割网络或算法，且 Marching Cubes 为算法而非具名第三方软件；文中 ""we use the nonlinear conjugate gradient method""、""we perform 2D segmentations... by using the segmentation network PointRend"" 表明本研究使用的是自研算法与深度学习模型，未使用纳入标准所列的具名第三方非牙科3D软件（如 Mimics、3D Slicer、MATLAB 等）。",-,-,-,-,"【判定】: EXCLUDE
【证据】: 证据片段中未出现任何具名第三方非牙科3D软件被本研究自身使用的表述。片段中提到的软件/工具（如 PointRend、Mask-RCNN、AnatomyNet、Marching Cubes）均为深度学习分割网络或算法，且 Marching Cubes 为算法而非具名第三方软件；文中 ""we use the nonlinear conjugate gradient method""、""we perform 2D segmentations... by using the segmentation network PointRend"" 表明本研究使用的是自研算法与深度学习模型，未使用纳入标准所列的具名第三方非牙科3D软件（如 Mimics、3D Slicer、MATLAB 等）。
【软件】: -
【专科】: -
【应用场景】: -
【研究设计】: -"
a graph neural network framework for mapping histological topology in oral mucosal tissue,A graph neural network framework for mapping histological topology in oral mucosal tissue,BMC BIOINFORMATICS,journalArticle,VW2QVI5W,,EXCLUDE,EXCLUDE,"证据片段中仅出现 ""3D Histech Midi Scanner System"" 和 ""CaseViewer""（切片扫描仪及配套查看软件），未出现任何本研究自身使用的具名第三方非牙科三维软件（如 Mimics、3D Slicer、MATLAB 等）用于3D数据处理、分析、建模或测量的表述；研究核心为自建 CNN/GNN 深度学习流程，属自研模型，无第三方3D软件使用证据。",-,-,-,-,"【判定】: EXCLUDE
【证据】: 证据片段中仅出现 ""3D Histech Midi Scanner System"" 和 ""CaseViewer""（切片扫描仪及配套查看软件），未出现任何本研究自身使用的具名第三方非牙科三维软件（如 Mimics、3D Slicer、MATLAB 等）用于3D数据处理、分析、建模或测量的表述；研究核心为自建 CNN/GNN 深度学习流程，属自研模型，无第三方3D软件使用证据。
【软件】: -
【专科】: -
【应用场景】: -
【研究设计】: -"
injectable and 3d printed hydrogels state of the art platform for bone regeneration in dentistry,Injectable and 3D-printed hydrogels: State-of-the-art platform for bone regeneration in dentistry,INORGANIC CHEMISTRY COMMUNICATIONS,journalArticle,NCZWT798,,EXCLUDE,EXCLUDE,"该文献为综述（题名 ""State-of-the-art platform""、摘要 ""This study reviews hydrogel-related dental bone tissue engineering""），且证据片段中出现的 ""CAD""、""3D printing"" 等仅为泛述或引用他人研究（如 ""A person-alized treatment could be completed using computer-aided design (CAD) models""），未表明本研究自身在材料与方法中使用某一具名第三方非牙科3D软件。",-,-,-,-,"【判定】: EXCLUDE
【证据】: 该文献为综述（题名 ""State-of-the-art platform""、摘要 ""This study reviews hydrogel-related dental bone tissue engineering""），且证据片段中出现的 ""CAD""、""3D printing"" 等仅为泛述或引用他人研究（如 ""A person-alized treatment could be completed using computer-aided design (CAD) models""），未表明本研究自身在材料与方法中使用某一具名第三方非牙科3D软件。
【软件】: -
【专科】: -
【应用场景】: -
【研究设计】: -"
precise point set registration based on feature fusion,Precise Point Set Registration Based on Feature Fusion,COMPUTER JOURNAL,journalArticle,U3JKMSXD,,EXCLUDE,EXCLUDE,"证据片段中未出现任何具名第三方非牙科3D软件（如 Mimics、3D Slicer、MATLAB 等）被本研究使用的表述；文中仅描述""we propose an automatic extraction method combining the principal component analysis projection and density-based clustering method""等自研算法，无 ""we used / were analysed using / imported into / processed in"" 等表明使用具名第三方软件的证据。",-,-,-,-,"【判定】: EXCLUDE
【证据】: 证据片段中未出现任何具名第三方非牙科3D软件（如 Mimics、3D Slicer、MATLAB 等）被本研究使用的表述；文中仅描述""we propose an automatic extraction method combining the principal component analysis projection and density-based clustering method""等自研算法，无 ""we used / were analysed using / imported into / processed in"" 等表明使用具名第三方软件的证据。
【软件】: -
【专科】: -
【应用场景】: -
【研究设计】: -"
feature extraction for margin lines using region growing with a dynamic weight function in a one point bidirectional path search,Feature extraction for margin lines using region growing with a dynamic weight function in a one-point bidirectional path search,JOURNAL OF COMPUTATIONAL DESIGN AND ENGINEERING,journalArticle,GK77S9CY,,EXCLUDE,EXCLUDE,"证据片段仅显示该研究提出了自研算法（""we propose a bidirectional path-search algorithm using a single input point""），并与""a commercial dental CAD system""及""previous works""进行比较，但未出现任何具名第三方非牙科3D软件（如 Mimics、3D Slicer、MATLAB 等）被本研究使用的表述（无 ""we used / were analysed using / imported into / processed in"" 等指向具名软件的语句）。",-,-,-,-,"【判定】: EXCLUDE
【证据】: 证据片段仅显示该研究提出了自研算法（""we propose a bidirectional path-search algorithm using a single input point""），并与""a commercial dental CAD system""及""previous works""进行比较，但未出现任何具名第三方非牙科3D软件（如 Mimics、3D Slicer、MATLAB 等）被本研究使用的表述（无 ""we used / were analysed using / imported into / processed in"" 等指向具名软件的语句）。
【软件】: -
【专科】: -
【应用场景】: -
【研究设计】: -"
three dimensional complementary breast ultrasound 3d cbus improving 3d spatial resolution uniformity with orthogonal images,Three-dimensional complementary breast ultrasound (3D CBUS): Improving 3D spatial resolution uniformity with orthogonal images,MEDICAL PHYSICS,journalArticle,9B9AU6TU,,EXCLUDE,EXCLUDE,"该研究主题为乳腺超声三维成像（breast ultrasound），不属于口腔医学任一学科；虽方法学片段中出现 ""manually segmenting five spherical inclusions within the inclusion phantom using 3D Slicer (3D Slicer, Version 5.2.2)""，表明本研究使用了非牙科3D软件，但主题不符纳入标准第1条。",-,-,-,-,"【判定】: EXCLUDE
【证据】: 该研究主题为乳腺超声三维成像（breast ultrasound），不属于口腔医学任一学科；虽方法学片段中出现 ""manually segmenting five spherical inclusions within the inclusion phantom using 3D Slicer (3D Slicer, Version 5.2.2)""，表明本研究使用了非牙科3D软件，但主题不符纳入标准第1条。
【软件】: -
【专科】: -
【应用场景】: -
【研究设计】: -"
transverse maxillary correction leaf expander vs rapid maxillary expansion appliances a systematic review and meta analysis,Transverse Maxillary Correction: Leaf Expander vs. Rapid Maxillary Expansion Appliances-A Systematic Review and Meta-Analysis,CHILDREN-BASEL,journalArticle,A42J5F8W,,EXCLUDE,EXCLUDE,"该文献为系统综述与Meta分析（""A systematic review was conducted in accordance with PRISMA 2020 guidelines""），方法学中仅使用统计软件 R 4.3.1（""The software used was R 4.3.1""），未使用任何具名第三方非牙科三维（3D）软件进行3D数据处理、分析、建模或测量；文中提及的三维分割分析（""three-dimensional segmentation analysis""）系引用 Ugolini et al. 的他文研究，非本研究自身使用。",-,-,-,-,"【判定】: EXCLUDE
【证据】: 该文献为系统综述与Meta分析（""A systematic review was conducted in accordance with PRISMA 2020 guidelines""），方法学中仅使用统计软件 R 4.3.1（""The software used was R 4.3.1""），未使用任何具名第三方非牙科三维（3D）软件进行3D数据处理、分析、建模或测量；文中提及的三维分割分析（""three-dimensional segmentation analysis""）系引用 Ugolini et al. 的他文研究，非本研究自身使用。
【软件】: -
【专科】: -
【应用场景】: -
【研究设计】: -"
does crown root and bone visualization in a clear aligner virtual setup impact treatment decisions,"Does crown, root, and bone visualization in a clear aligner virtual setup impact treatment decisions?",AMERICAN JOURNAL OF ORTHODONTICS AND DENTOFACIAL ORTHOPEDICS,journalArticle,AULZ2CKN,,EXCLUDE,EXCLUDE,"证据片段中出现的软件为 ""3D Predict aligner system""（牙科专用正畸治疗计划软件）及 ""REDCap""（用于数据采集与管理的网络平台，非3D数据处理/分析/建模/测量软件）。片段中未出现任何本研究自身使用具名第三方非牙科3D软件（如 Mimics、3D Slicer、Geomagic 等）进行3D数据处理、分析、建模或测量的表述。",-,-,-,-,"【判定】: EXCLUDE
【证据】: 证据片段中出现的软件为 ""3D Predict aligner system""（牙科专用正畸治疗计划软件）及 ""REDCap""（用于数据采集与管理的网络平台，非3D数据处理/分析/建模/测量软件）。片段中未出现任何本研究自身使用具名第三方非牙科3D软件（如 Mimics、3D Slicer、Geomagic 等）进行3D数据处理、分析、建模或测量的表述。
【软件】: -
【专科】: -
【应用场景】: -
【研究设计】: -"
digitally fabricated dentures for full mouth rehabilitation with zirconia polyetheretherketone and selective laser melted ti 6al 4v material,"Digitally Fabricated Dentures for Full Mouth Rehabilitation with Zirconia, Polyetheretherketone and Selective Laser Melted Ti-6Al-4V Material",INTERNATIONAL JOURNAL OF ENVIRONMENTAL RESEARCH AND PUBLIC HEALTH,journalArticle,9TZHBXIG,,EXCLUDE,EXCLUDE,"该研究仅使用了牙科专用软件（Exocad DentalCAD）进行设计，未使用任何具名的第三方非牙科3D软件。证据片段中出现的软件为 ""CAD software (Exocad DentalCAD, exocad GmbH, Darmstadt, Germany)""，属于牙科专用软件，不符合纳入标准第2条。",-,-,-,-,"【判定】: EXCLUDE
【证据】: 该研究仅使用了牙科专用软件（Exocad DentalCAD）进行设计，未使用任何具名的第三方非牙科3D软件。证据片段中出现的软件为 ""CAD software (Exocad DentalCAD, exocad GmbH, Darmstadt, Germany)""，属于牙科专用软件，不符合纳入标准第2条。
【软件】: -
【专科】: -
【应用场景】: -
【研究设计】: -"
oral ct image processing based on oral ct image filtering algorithm,Oral CT Image Processing Based on Oral CT Image Filtering Algorithm,COMPUTATIONAL IN℡LIGENCE AND NEUROSCIENCE,journalArticle,J5XU7G3J,,EXCLUDE,EXCLUDE,"证据片段全部为参考文献列表条目（如 ""[8] W. Xie..."", ""[19] C. Tang...""），未出现任何表明本研究自身使用具名第三方非牙科3D软件的表述（如 ""we used / were analysed using / imported into / processed in""）。",-,-,-,-,"【判定】: EXCLUDE
【证据】: 证据片段全部为参考文献列表条目（如 ""[8] W. Xie..."", ""[19] C. Tang...""），未出现任何表明本研究自身使用具名第三方非牙科3D软件的表述（如 ""we used / were analysed using / imported into / processed in""）。
【软件】: -
【专科】: -
【应用场景】: -
【研究设计】: -"
identifying lymph nodes and their statuses from pretreatment computer tomography images of patients with head and neck cancer using a clinical data driven deep learning algorithm,Identifying Lymph Nodes and Their Statuses from Pretreatment Computer Tomography Images of Patients with Head and Neck Cancer Using a Clinical-Data-Driven Deep Learning Algorithm,CANCERS,journalArticle,9H75HRKJ,,EXCLUDE,EXCLUDE,"该研究仅使用自研/自建深度学习模型（3D UNet、nnUNet、Pytorch），未在材料与方法中表明本研究自身使用了具名的第三方非牙科3D软件进行3D数据处理、分析、建模或测量；片段中出现的软件名（如 Pytorch）为深度学习框架，非3D数据处理软件，且无 ""we used / imported into / processed in"" 等表明使用第三方3D软件的表述。",-,-,-,-,"【判定】: EXCLUDE
【证据】: 该研究仅使用自研/自建深度学习模型（3D UNet、nnUNet、Pytorch），未在材料与方法中表明本研究自身使用了具名的第三方非牙科3D软件进行3D数据处理、分析、建模或测量；片段中出现的软件名（如 Pytorch）为深度学习框架，非3D数据处理软件，且无 ""we used / imported into / processed in"" 等表明使用第三方3D软件的表述。
【软件】: -
【专科】: -
【应用场景】: -
【研究设计】: -"
assessment of temperature effects on photopolymer resin dental prosthetics fabricated by stereolithography using optical coherence tomography,Assessment of temperature effects on photopolymer resin dental prosthetics fabricated by stereolithography using optical coherence tomography,OPTICS AND LASER TECHNOLOGY,journalArticle,PCL6JTNN,,EXCLUDE,EXCLUDE,"证据片段中未出现任何表明本研究自身使用了具名第三方非牙科3D软件的表述；片段内容均为引言/文献回顾（如 ""Rungrojwittayakul et al. evaluated...""、""Huotilainen et al. evaluated...""），软件名（如 Model Builder、surface matching software）仅出现在他文引用与泛述中，无 ""we used / were analysed using / imported into / processed in"" 等本研究自用表述。",-,-,-,-,"【判定】: EXCLUDE
【证据】: 证据片段中未出现任何表明本研究自身使用了具名第三方非牙科3D软件的表述；片段内容均为引言/文献回顾（如 ""Rungrojwittayakul et al. evaluated...""、""Huotilainen et al. evaluated...""），软件名（如 Model Builder、surface matching software）仅出现在他文引用与泛述中，无 ""we used / were analysed using / imported into / processed in"" 等本研究自用表述。
【软件】: -
【专科】: -
【应用场景】: -
【研究设计】: -"
nanobiotechnological approaches for breast cancer management drug delivery systems and 3d in vitro models,Nanobiotechnological approaches for breast cancer Management: Drug delivery systems and 3D In-Vitro models,COORDINATION CHEMISTRY REVIEWS,journalArticle,ILRPW2I6,,EXCLUDE,EXCLUDE,"缺失证据：方法学片段中未出现任何表明本研究自身使用了具名第三方非牙科3D软件的表述（如 ""we used / were analysed using / imported into / processed in""），且片段内容为光热治疗机制的泛述，未涉及3D软件使用。",-,-,-,-,"【判定】: EXCLUDE
【证据】: 缺失证据：方法学片段中未出现任何表明本研究自身使用了具名第三方非牙科3D软件的表述（如 ""we used / were analysed using / imported into / processed in""），且片段内容为光热治疗机制的泛述，未涉及3D软件使用。
【软件】: -
【专科】: -
【应用场景】: -
【研究设计】: -"
hierarchical chitin nanocrystal based 3d printed dual layer membranes hydrogels a dual drug delivery nano platform for periodontal tissue regeneration,Hierarchical Chitin Nanocrystal-Based 3D Printed Dual-Layer Membranes Hydrogels: A Dual Drug Delivery Nano-Platform for Periodontal Tissue Regeneration,ACS NANO,journalArticle,977YT8IH,,EXCLUDE,EXCLUDE,"片段中仅出现 ""CAD software"" 这一泛称，未指明任何具名第三方非牙科3D软件（如 SolidWorks、AutoCAD、Fusion 360 等）；ImageJ 虽为具名软件，但其原始开发领域为生物图像分析，且在本研究中用于二维图像分析（测量纳米晶体尺寸、打印结构面积），并非用于3D数据的处理、分析、建模或测量，不满足纳入标准第2条。",-,-,-,-,"【判定】: EXCLUDE
【证据】: 片段中仅出现 ""CAD software"" 这一泛称，未指明任何具名第三方非牙科3D软件（如 SolidWorks、AutoCAD、Fusion 360 等）；ImageJ 虽为具名软件，但其原始开发领域为生物图像分析，且在本研究中用于二维图像分析（测量纳米晶体尺寸、打印结构面积），并非用于3D数据的处理、分析、建模或测量，不满足纳入标准第2条。
【软件】: -
【专科】: -
【应用场景】: -
【研究设计】: -"
a novel artificial intelligence based approach for quantitative assessment of angiogenesis in the ex ovo cam model,A Novel Artificial Intelligence-Based Approach for Quantitative Assessment of Angiogenesis in the Ex Ovo CAM Model,CANCERS,journalArticle,9RG8ZHBS,,EXCLUDE,EXCLUDE,该研究主题为鸡胚绒毛尿囊膜（CAM）模型的血管生成定量评估，属于肿瘤/血管生成研究，不属于口腔医学任一学科；且证据片段中出现的软件（ImageJ、ImageScope、AngioTool、IKOSA）均非牙科3D软件，亦无口腔医学应用场景。,-,-,-,-,"【判定】: EXCLUDE
【证据】: 该研究主题为鸡胚绒毛尿囊膜（CAM）模型的血管生成定量评估，属于肿瘤/血管生成研究，不属于口腔医学任一学科；且证据片段中出现的软件（ImageJ、ImageScope、AngioTool、IKOSA）均非牙科3D软件，亦无口腔医学应用场景。
【软件】: -
【专科】: -
【应用场景】: -
【研究设计】: -"
fully automated mandibular condyle segmentation more detailed extraction with hybrid customized sam,Fully Automated Mandibular Condyle Segmentation: More Detailed Extraction With Hybrid Customized SAM,INTERNATIONAL JOURNAL OF IMAGING SYSTEMS AND TECHNOLOGY,journalArticle,I7Y42AG2,,EXCLUDE,EXCLUDE,"证据片段仅显示该研究提出并使用了自研框架（adapting the ""Segmentation Anything Model"" (SAM) 并引入 dual-adapter system 与 boundary-optimized loss function），未出现任何具名第三方非牙科3D软件（如 Mimics、3D Slicer、ITK-SNAP、MATLAB 等）被本研究使用的表述（如 ""we used / were analysed using / imported into / processed in""）。",-,-,-,-,"【判定】: EXCLUDE
【证据】: 证据片段仅显示该研究提出并使用了自研框架（adapting the ""Segmentation Anything Model"" (SAM) 并引入 dual-adapter system 与 boundary-optimized loss function），未出现任何具名第三方非牙科3D软件（如 Mimics、3D Slicer、ITK-SNAP、MATLAB 等）被本研究使用的表述（如 ""we used / were analysed using / imported into / processed in""）。
【软件】: -
【专科】: -
【应用场景】: -
【研究设计】: -"
cartilage repair unleashing prp s potential in organoid models,Cartilage repair: unleashing PRP's potential in organoid models,CYTOTECHNOLOGY,journalArticle,IE7RDNAX,,EXCLUDE,EXCLUDE,"证据片段中未出现任何表明本研究自身使用了具名第三方非牙科3D软件的表述（如 ""we used / were analysed using / imported into / processed in""）；片段内容为摘要性论述及参考文献列表，且摘要明确为 ""this review aims to...""，属综述类型。",-,-,-,-,"【判定】: EXCLUDE
【证据】: 证据片段中未出现任何表明本研究自身使用了具名第三方非牙科3D软件的表述（如 ""we used / were analysed using / imported into / processed in""）；片段内容为摘要性论述及参考文献列表，且摘要明确为 ""this review aims to...""，属综述类型。
【软件】: -
【专科】: -
【应用场景】: -
【研究设计】: -"
in vitro comparison of internal and marginal adaptation between printed and milled onlays,In Vitro Comparison of Internal and Marginal Adaptation between Printed and Milled Onlays,MATERIALS,journalArticle,NF7ZX4PJ,,EXCLUDE,EXCLUDE,"证据片段中仅出现 ""a specific software was used to measure the margin..."" 和 ""proprietary dental software (Exocad Galway...)""，未出现任何具名第三方非牙科3D软件名（如 Geomagic、GOM Inspect、CloudCompare 等）；Exocad 属牙科专用软件，不符合纳入标准第2条。",-,-,-,-,"【判定】: EXCLUDE
【证据】: 证据片段中仅出现 ""a specific software was used to measure the margin..."" 和 ""proprietary dental software (Exocad Galway...)""，未出现任何具名第三方非牙科3D软件名（如 Geomagic、GOM Inspect、CloudCompare 等）；Exocad 属牙科专用软件，不符合纳入标准第2条。
【软件】: -
【专科】: -
【应用场景】: -
【研究设计】: -"
the effect of functionally graded materials on bone remodeling around osseointegrated trans femoral prostheses,The effect of functionally graded materials on bone remodeling around osseointegrated trans-femoral prostheses,JOURNAL OF THE MECHANICAL BEHAVIOR OF BIOMEDICAL MATERIALS,journalArticle,V4SM7JXW,,EXCLUDE,EXCLUDE,"主题为经股骨骨整合假体（trans-femoral prosthesis）的骨重塑有限元分析，属于骨科/生物力学领域，不属于口腔医学任一学科；缺失""主题属于口腔医学""这一证据。",-,-,-,-,"【判定】: EXCLUDE
【证据】: 主题为经股骨骨整合假体（trans-femoral prosthesis）的骨重塑有限元分析，属于骨科/生物力学领域，不属于口腔医学任一学科；缺失""主题属于口腔医学""这一证据。
【软件】: -
【专科】: -
【应用场景】: -
【研究设计】: -"
assessment of all in focus image quality in shape from focus technique,Assessment of All-in-focus Image Quality in Shape-from-focus Technique,SENSORS AND MATERIALS,journalArticle,KS6SA2QE,,EXCLUDE,EXCLUDE,缺失证据：片段中仅出现 OpenCV library（AKAZE 算法），OpenCV 为计算机视觉库而非具名第三方非牙科三维（3D）软件，且未表明本研究使用 Mimics、3D Slicer、Geomagic、MATLAB 等具名非牙科3D软件进行3D数据处理、分析、建模或测量；SFF 为自研方法。,-,-,-,-,"【判定】: EXCLUDE
【证据】: 缺失证据：片段中仅出现 OpenCV library（AKAZE 算法），OpenCV 为计算机视觉库而非具名第三方非牙科三维（3D）软件，且未表明本研究使用 Mimics、3D Slicer、Geomagic、MATLAB 等具名非牙科3D软件进行3D数据处理、分析、建模或测量；SFF 为自研方法。
【软件】: -
【专科】: -
【应用场景】: -
【研究设计】: -"
digital application of three dimensional diagnosis and treatment with a virtual articulator,Digital application of three-dimensional diagnosis and treatment with a virtual articulator,JOURNAL OF ESTHETIC AND RESTORATIVE DENTISTRY,journalArticle,59C32I24,,EXCLUDE,EXCLUDE,"片段中出现的软件为 R2GATE（MegaGEN IMPLANT CO., Ltd.）及 Raydent splint design / Raydent studio（Ray），均属牙科专用软件；未出现任何具名的第三方非牙科3D软件（如 Mimics、3D Slicer、Geomagic、MATLAB 等）被本研究自身使用的表述。",-,-,-,-,"【判定】: EXCLUDE
【证据】: 片段中出现的软件为 R2GATE（MegaGEN IMPLANT CO., Ltd.）及 Raydent splint design / Raydent studio（Ray），均属牙科专用软件；未出现任何具名的第三方非牙科3D软件（如 Mimics、3D Slicer、Geomagic、MATLAB 等）被本研究自身使用的表述。
【软件】: -
【专科】: -
【应用场景】: -
【研究设计】: -"
a novel artificial intelligence powered tool for automated root canal segmentation in single rooted teeth on cone beam computed tomography,A novel artificial intelligence-powered tool for automated root canal segmentation in single-rooted teeth on cone-beam computed tomography,INTERNATIONAL ENDODONTIC JOURNAL,journalArticle,MBMSHJXN,,EXCLUDE,EXCLUDE,"证据片段中仅提及 ""Virtual Patient Creator platform""（用于人工分割建立 ground truth），未出现任何具名第三方非牙科3D软件（如 Mimics、3D Slicer、ITK-SNAP、Geomagic、MATLAB 等）被本研究自身用于3D数据处理、分析、建模或测量的表述；该研究核心为自建 CNN 深度学习模型，缺乏使用具名第三方非牙科3D软件的证据。",-,-,-,-,"【判定】: EXCLUDE
【证据】: 证据片段中仅提及 ""Virtual Patient Creator platform""（用于人工分割建立 ground truth），未出现任何具名第三方非牙科3D软件（如 Mimics、3D Slicer、ITK-SNAP、Geomagic、MATLAB 等）被本研究自身用于3D数据处理、分析、建模或测量的表述；该研究核心为自建 CNN 深度学习模型，缺乏使用具名第三方非牙科3D软件的证据。
【软件】: -
【专科】: -
【应用场景】: -
【研究设计】: -"
biofabrication of an in vitro bone model for gaucher disease,Biofabrication of an in-vitro bone model for Gaucher disease,BIOFABRICATION,journalArticle,QHQCR9ID,,EXCLUDE,EXCLUDE,"缺失证据：方法学片段仅描述使用商业搅拌机（E8100, Waring Commercial）和离心等操作，未出现任何具名第三方非牙科3D软件（如 Mimics、3D Slicer、ANSYS、Geomagic 等）用于3D数据处理、分析、建模或测量的表述。",-,-,-,-,"【判定】: EXCLUDE
【证据】: 缺失证据：方法学片段仅描述使用商业搅拌机（E8100, Waring Commercial）和离心等操作，未出现任何具名第三方非牙科3D软件（如 Mimics、3D Slicer、ANSYS、Geomagic 等）用于3D数据处理、分析、建模或测量的表述。
【软件】: -
【专科】: -
【应用场景】: -
【研究设计】: -"
fracture strength of different veneers on polyetheretherketone peek frameworks in implant supported single crowns,Fracture strength of different veneers on polyetheretherketone (PEEK) frameworks in implant-supported single crowns,AMERICAN JOURNAL OF DENTISTRY,journalArticle,R7TJEP7M,,EXCLUDE,EXCLUDE,"证据片段中仅出现 ""CAD-CAM system"" 这一泛称，未指明任何具名的第三方非牙科三维软件（如 Mimics、3D Slicer、Geomagic、SolidWorks 等），也无 ""we used / were analysed using / imported into / processed in"" 等表明本研究自身使用某具名软件的表述；所提及的均为牙科 CAD-CAM 材料与系统（如 IPS e.max CAD、Lava Ultimate 等）。",-,-,-,-,"【判定】: EXCLUDE
【证据】: 证据片段中仅出现 ""CAD-CAM system"" 这一泛称，未指明任何具名的第三方非牙科三维软件（如 Mimics、3D Slicer、Geomagic、SolidWorks 等），也无 ""we used / were analysed using / imported into / processed in"" 等表明本研究自身使用某具名软件的表述；所提及的均为牙科 CAD-CAM 材料与系统（如 IPS e.max CAD、Lava Ultimate 等）。
【软件】: -
【专科】: -
【应用场景】: -
【研究设计】: -"
deep reinforcement learning for efficient registration between intraoral scan meshes and ct images,Deep reinforcement learning for efficient registration between intraoral-scan meshes and CT images,PATTERN RECOGNITION,journalArticle,3RU3YSFY,,EXCLUDE,EXCLUDE,"证据片段中仅描述自研的深度强化学习框架（DRL、graph convolution-based backbone network）及采样方法，未出现任何具名第三方非牙科3D软件（如 Mimics、3D Slicer、MATLAB 等）被本研究使用的表述（如 ""we used / imported into / processed in""）。",-,-,-,-,"【判定】: EXCLUDE
【证据】: 证据片段中仅描述自研的深度强化学习框架（DRL、graph convolution-based backbone network）及采样方法，未出现任何具名第三方非牙科3D软件（如 Mimics、3D Slicer、MATLAB 等）被本研究使用的表述（如 ""we used / imported into / processed in""）。
【软件】: -
【专科】: -
【应用场景】: -
【研究设计】: -"
the evolution of jaw kinematic analysis from early observations to latest technologies,The Evolution of Jaw Kinematic Analysis: From Early Observations to Latest Technologies,APPLIED SCIENCES-BASEL,journalArticle,FSAV72S8,,EXCLUDE,EXCLUDE,"该文献为综述（""This review aims to provide a historically structured overview of methods used in jaw kinematic analysis""），且证据片段中未出现任何表明本研究自身使用了具名第三方非牙科3D软件的表述（如 ""we used / were analysed using / imported into / processed in""），仅涉及历史方法与设备的泛述。",-,-,-,-,"【判定】: EXCLUDE
【证据】: 该文献为综述（""This review aims to provide a historically structured overview of methods used in jaw kinematic analysis""），且证据片段中未出现任何表明本研究自身使用了具名第三方非牙科3D软件的表述（如 ""we used / were analysed using / imported into / processed in""），仅涉及历史方法与设备的泛述。
【软件】: -
【专科】: -
【应用场景】: -
【研究设计】: -"
clinical applications of polyetheretherketone in removable dental prostheses accuracy characteristics and performance,"Clinical Applications of Polyetheretherketone in Removable Dental Prostheses: Accuracy, Characteristics, and Performance",POLYMERS,journalArticle,SA5CK9Q5,,EXCLUDE,EXCLUDE,"缺失表明本研究自身使用了具名第三方非牙科3D软件的证据。片段中仅泛述 ""digital methods using 3D software"" 及引用他文（""in accordance with a laboratory study [15]... 3D digital software was used""），未出现任何具名第三方3D软件名，也无 ""we used / imported into / processed in"" 等本研究自用表述。",-,-,-,-,"【判定】: EXCLUDE
【证据】: 缺失表明本研究自身使用了具名第三方非牙科3D软件的证据。片段中仅泛述 ""digital methods using 3D software"" 及引用他文（""in accordance with a laboratory study [15]... 3D digital software was used""），未出现任何具名第三方3D软件名，也无 ""we used / imported into / processed in"" 等本研究自用表述。
【软件】: -
【专科】: -
【应用场景】: -
【研究设计】: -"
development and optimization of 3d printed orally dissolving films of vitamin d3 using a quality by design approach,Development and Optimization of 3D-Printed Orally Dissolving Films of Vitamin D3 Using a Quality by Design Approach,JOURNAL OF PHARMACEUTICAL INNOVATION,journalArticle,JG3WXI76,,EXCLUDE,EXCLUDE,该研究使用 Cellink Inkredible+ 生物打印机（牙科/制药专用3D打印设备）及 Design Expert®（统计优化软件，非3D数据处理软件）；证据片段中未出现任何本研究自身使用具名第三方非牙科三维（3D）软件（如 Mimics、3D Slicer、Geomagic、MATLAB 等）进行3D数据处理、分析、建模或测量的表述。CAD 仅作为模板设计泛述，未指明具体具名非牙科3D软件。,-,-,-,-,"【判定】: EXCLUDE
【证据】: 该研究使用 Cellink Inkredible+ 生物打印机（牙科/制药专用3D打印设备）及 Design Expert®（统计优化软件，非3D数据处理软件）；证据片段中未出现任何本研究自身使用具名第三方非牙科三维（3D）软件（如 Mimics、3D Slicer、Geomagic、MATLAB 等）进行3D数据处理、分析、建模或测量的表述。CAD 仅作为模板设计泛述，未指明具体具名非牙科3D软件。
【软件】: -
【专科】: -
【应用场景】: -
【研究设计】: -"
deep learning based approach automated gingival inflammation grading model using gingival removal strategy,Deep learning based approach: automated gingival inflammation grading model using gingival removal strategy,SCIENTIFIC REPORTS,journalArticle,DEFPLRRS,,EXCLUDE,EXCLUDE,证据片段中仅出现 TensorFlow、LabelBox 等软件，均非具名第三方非牙科三维（3D）软件；该研究为自建深度学习模型（DenseNet、U-Net、t-SNE、Grad-CAM++），未使用任何用于3D数据处理/分析/建模/测量的第三方非牙科3D软件（如 Mimics、3D Slicer、Geomagic 等）。,-,-,-,-,"【判定】: EXCLUDE
【证据】: 证据片段中仅出现 TensorFlow、LabelBox 等软件，均非具名第三方非牙科三维（3D）软件；该研究为自建深度学习模型（DenseNet、U-Net、t-SNE、Grad-CAM++），未使用任何用于3D数据处理/分析/建模/测量的第三方非牙科3D软件（如 Mimics、3D Slicer、Geomagic 等）。
【软件】: -
【专科】: -
【应用场景】: -
【研究设计】: -"
comparison of cbct radiation doses with conventional radiographs in tmj imaging using monte carlo simulations,Comparison of CBCT radiation doses with conventional radiographs in TMJ imaging using Monte Carlo simulations,RADIATION AND ENVIRONMENTAL BIOPHYSICS,journalArticle,2YP4TDQT,,EXCLUDE,EXCLUDE,该研究使用的是 PCXMC 2.0 软件进行剂量计算，PCXMC 是辐射剂量蒙特卡罗模拟专用软件，并非用于3D数据的处理、分析、建模或测量；且未使用任何具名的第三方非牙科三维（3D）软件进行3D数据处理。,-,-,-,-,"【判定】: EXCLUDE
【证据】: 该研究使用的是 PCXMC 2.0 软件进行剂量计算，PCXMC 是辐射剂量蒙特卡罗模拟专用软件，并非用于3D数据的处理、分析、建模或测量；且未使用任何具名的第三方非牙科三维（3D）软件进行3D数据处理。
【软件】: -
【专科】: -
【应用场景】: -
【研究设计】: -"
color three dimensional imaging based on patterned illumination using a negative pinhole array,Color three-dimensional imaging based on patterned illumination using a negative pinhole array,OPTICS EXPRESS,journalArticle,PKG7FRXM,,EXCLUDE,EXCLUDE,"缺失证据：片段中未出现任何具名第三方非牙科3D软件（如 Mimics、MATLAB 等）被本研究使用的表述；仅描述了自研的图像配准/矩阵计算算法，无 ""we used / were analysed using / imported into / processed in"" 等指向具名软件的表述。",-,-,-,-,"【判定】: EXCLUDE
【证据】: 缺失证据：片段中未出现任何具名第三方非牙科3D软件（如 Mimics、MATLAB 等）被本研究使用的表述；仅描述了自研的图像配准/矩阵计算算法，无 ""we used / were analysed using / imported into / processed in"" 等指向具名软件的表述。
【软件】: -
【专科】: -
【应用场景】: -
【研究设计】: -"
deapir efficient and enhanced dental arch guided panoramic image reconstruction from cbct data,DeAPIR: Efficient and Enhanced Dental Arch-Guided Panoramic Image Reconstruction from CBCT Data,APPLIED SCIENCES-BASEL,journalArticle,KFG4F76J,,EXCLUDE,EXCLUDE,"证据片段中 OpenInventor 仅出现在性能对比（""approximately 10 times faster than OpenInventor""）和对比图（""DeAPIR vs. state-of-the-art software (a) BlueSkyPlan, (b) OpenInventor""）中，属于与已有软件的对比，而非本研究自身使用该软件进行3D数据处理；本研究提出的是自研框架（""we propose a novel framework""），未表明使用具名第三方非牙科3D软件。",-,-,-,-,"【判定】: EXCLUDE
【证据】: 证据片段中 OpenInventor 仅出现在性能对比（""approximately 10 times faster than OpenInventor""）和对比图（""DeAPIR vs. state-of-the-art software (a) BlueSkyPlan, (b) OpenInventor""）中，属于与已有软件的对比，而非本研究自身使用该软件进行3D数据处理；本研究提出的是自研框架（""we propose a novel framework""），未表明使用具名第三方非牙科3D软件。
【软件】: -
【专科】: -
【应用场景】: -
【研究设计】: -"
minimizing inconsistencies in gray values in small field of view dental computed tomography by modulating reconstruction filter intensity simulation study,Minimizing inconsistencies in gray values in small field-of-view dental computed tomography by modulating reconstruction filter intensity: simulation study,JOURNAL OF INSTRUMENTATION,journalArticle,AXGUCU7Q,,EXCLUDE,EXCLUDE,"证据片段中未出现任何具名第三方非牙科3D软件（如 Mimics、3D Slicer、MATLAB 等）；仅提及 ""Our software-based approach"" 及 ""computer-aided software""，属于自研方法/自研代码，未表明本研究使用了具名第三方软件。",-,-,-,-,"【判定】: EXCLUDE
【证据】: 证据片段中未出现任何具名第三方非牙科3D软件（如 Mimics、3D Slicer、MATLAB 等）；仅提及 ""Our software-based approach"" 及 ""computer-aided software""，属于自研方法/自研代码，未表明本研究使用了具名第三方软件。
【软件】: -
【专科】: -
【应用场景】: -
【研究设计】: -"
noninvasive three dimensional in situ and in vivo characterization of bioprinted hydrogel scaffolds using the x ray propagation based imaging technique,Noninvasive Three-Dimensional In Situ and In Vivo Characterization of Bioprinted Hydrogel Scaffolds Using the X-ray Propagation-Based Imaging Technique,ACS APPLIED MATERIALS & INTERFACES,journalArticle,CDF2J78D,,EXCLUDE,EXCLUDE,"该研究使用 Avizo 9.1 重建支架3D模型，但主题为生物打印水凝胶支架的成像表征（组织工程/再生医学），不属于口腔医学任一学科；缺失""主题属于口腔医学""这一证据。",-,-,-,-,"【判定】: EXCLUDE
【证据】: 该研究使用 Avizo 9.1 重建支架3D模型，但主题为生物打印水凝胶支架的成像表征（组织工程/再生医学），不属于口腔医学任一学科；缺失""主题属于口腔医学""这一证据。
【软件】: -
【专科】: -
【应用场景】: -
【研究设计】: -"
primary exploration of the clinical application of 3d printed complete dentures,Primary Exploration of the Clinical Application of 3D-Printed Complete Dentures,INTERNATIONAL JOURNAL OF PROSTHODONTICS,journalArticle,PV2RKASC,,EXCLUDE,EXCLUDE,证据片段中仅出现 SPSS version 22.0（统计分析软件，非3D数据处理/建模/测量软件）及牙科专用软件（3Shape Dental System、DentalScan、AccuWare、SHINING 3D Dental 等），未出现本研究自身使用具名第三方非牙科3D软件（如 Mimics、3D Slicer、Geomagic、Blender 等）进行3D数据处理、分析、建模或测量的表述。,-,-,-,-,"【判定】: EXCLUDE
【证据】: 证据片段中仅出现 SPSS version 22.0（统计分析软件，非3D数据处理/建模/测量软件）及牙科专用软件（3Shape Dental System、DentalScan、AccuWare、SHINING 3D Dental 等），未出现本研究自身使用具名第三方非牙科3D软件（如 Mimics、3D Slicer、Geomagic、Blender 等）进行3D数据处理、分析、建模或测量的表述。
【软件】: -
【专科】: -
【应用场景】: -
【研究设计】: -"
engineering 3d printed strontium titanium scaffold integrated highly bioactive serum exosomes for critical bone defects by osteogenesis and angiogenesis,Engineering 3D-Printed Strontium-Titanium Scaffold-Integrated Highly Bioactive Serum Exosomes for Critical Bone Defects by Osteogenesis and Angiogenesis,ACS APPLIED MATERIALS & INTERFACES,journalArticle,ZVIVQ3U8,,EXCLUDE,EXCLUDE,"证据片段中出现的软件为 Image-Pro Plus 6.0（图像分析）、Cutadapt/perl5/Bowtie/edgeR（测序数据处理），均非用于3D数据处理、分析、建模或测量的非牙科三维软件；3D打印部分使用的是 EBM S12 系统（Arcam AB）进行选择性激光熔化制造，属于增材制造设备而非具名第三方非牙科3D建模/分析软件。缺失""本研究自身使用具名第三方非牙科3D软件进行3D数据处理/分析/建模/测量""的证据。",-,-,-,-,"【判定】: EXCLUDE
【证据】: 证据片段中出现的软件为 Image-Pro Plus 6.0（图像分析）、Cutadapt/perl5/Bowtie/edgeR（测序数据处理），均非用于3D数据处理、分析、建模或测量的非牙科三维软件；3D打印部分使用的是 EBM S12 系统（Arcam AB）进行选择性激光熔化制造，属于增材制造设备而非具名第三方非牙科3D建模/分析软件。缺失""本研究自身使用具名第三方非牙科3D软件进行3D数据处理/分析/建模/测量""的证据。
【软件】: -
【专科】: -
【应用场景】: -
【研究设计】: -"
advantages of deep learning with convolutional neural network in detecting disc displacement of the temporomandibular joint in magnetic resonance imaging,Advantages of deep learning with convolutional neural network in detecting disc displacement of the temporomandibular joint in magnetic resonance imaging,SCIENTIFIC REPORTS,journalArticle,JURF9NTK,,EXCLUDE,EXCLUDE,证据片段仅显示使用了 IBM SPSS、R、Python 进行统计分析，未出现任何具名第三方非牙科三维（3D）软件用于3D数据处理、分析、建模或测量；该研究为自建卷积神经网络深度学习模型，无第三方3D软件使用证据。,-,-,-,-,"【判定】: EXCLUDE
【证据】: 证据片段仅显示使用了 IBM SPSS、R、Python 进行统计分析，未出现任何具名第三方非牙科三维（3D）软件用于3D数据处理、分析、建模或测量；该研究为自建卷积神经网络深度学习模型，无第三方3D软件使用证据。
【软件】: -
【专科】: -
【应用场景】: -
【研究设计】: -"
evaluation of the methods for determining accuracy of fit and precision of rpd framework in digital 3d printed milled and conventional rpds a systematic review,"Evaluation of the methods for determining accuracy of fit and precision of RPD framework in Digital (3D printed, milled) and conventional RPDs - a systematic review",BMC ORAL HEALTH,journalArticle,6EQBH5FS,,EXCLUDE,EXCLUDE,"该文献为系统综述（题名及摘要明确为 ""a systematic review""），不符合纳入标准第3条（排除综述、系统综述）。证据片段中出现的 Geomagic、NX 等软件名均为对既往纳入研究的描述（如 ""Ye et al. [25] ... 3D digital analyses using a dedicated software (Geomagic Qualify 2012, Geomagic)""、""Chen et al. 2019 [19] ... geomagic and NX image software""），并非本研究自身在材料与方法中使用。",-,-,-,-,"【判定】: EXCLUDE
【证据】: 该文献为系统综述（题名及摘要明确为 ""a systematic review""），不符合纳入标准第3条（排除综述、系统综述）。证据片段中出现的 Geomagic、NX 等软件名均为对既往纳入研究的描述（如 ""Ye et al. [25] ... 3D digital analyses using a dedicated software (Geomagic Qualify 2012, Geomagic)""、""Chen et al. 2019 [19] ... geomagic and NX image software""），并非本研究自身在材料与方法中使用。
【软件】: -
【专科】: -
【应用场景】: -
【研究设计】: -"
automated classification of sagittal vertical and transverse malocclusions from 3d intraoral scans via a multi head cnn framework,"Automated classification of sagittal, vertical, and transverse malocclusions from 3D intraoral scans via a multi-head CNN framework",ODONTOLOGY,journalArticle,ASA8N7WW,,EXCLUDE,EXCLUDE,"缺失证据：方法学片段中仅描述使用自建的多头CNN深度学习模型（""A shared-backbone, multi-head architecture was designed""、""an AI-based model""），未出现任何具名第三方非牙科3D软件（如 Mimics、3D Slicer、Geomagic、MATLAB 等）被本研究自身用于3D数据处理、分析、建模或测量的表述。",-,-,-,-,"【判定】: EXCLUDE
【证据】: 缺失证据：方法学片段中仅描述使用自建的多头CNN深度学习模型（""A shared-backbone, multi-head architecture was designed""、""an AI-based model""），未出现任何具名第三方非牙科3D软件（如 Mimics、3D Slicer、Geomagic、MATLAB 等）被本研究自身用于3D数据处理、分析、建模或测量的表述。
【软件】: -
【专科】: -
【应用场景】: -
【研究设计】: -"
a novel methodology for detecting separated endodontic instruments using a combination of algorithms in post processing cbct software,A novel methodology for detecting separated endodontic instruments using a combination of algorithms in post-processing CBCT software,SCIENTIFIC REPORTS,journalArticle,4U5H6G63,,EXCLUDE,EXCLUDE,"题名与摘要主题为根管分离器械的 CBCT 检测（口腔医学），但所给方法学证据片段内容为面部三维扫描数据处理（""process three-dimensional facial data and conduct SRP extraction""、""Geomagic Studio 2013""），与题名/摘要所述研究不一致，未提供本研究自身使用具名第三方非牙科3D软件处理根管/CBCT数据的证据（摘要仅提及 ""CBCT post-processing software"" 与 PreXion-3D-Elite，未给出具名非牙科3D软件名）。",-,-,-,-,"【判定】: EXCLUDE
【证据】: 题名与摘要主题为根管分离器械的 CBCT 检测（口腔医学），但所给方法学证据片段内容为面部三维扫描数据处理（""process three-dimensional facial data and conduct SRP extraction""、""Geomagic Studio 2013""），与题名/摘要所述研究不一致，未提供本研究自身使用具名第三方非牙科3D软件处理根管/CBCT数据的证据（摘要仅提及 ""CBCT post-processing software"" 与 PreXion-3D-Elite，未给出具名非牙科3D软件名）。
【软件】: -
【专科】: -
【应用场景】: -
【研究设计】: -"
facial surface tracing approach to reduce the observation errors in 3d curvilinear landmark annotations on cone beam computed tomography images,Facial surface tracing approach to reduce the observation errors in 3D curvilinear landmark annotations on cone-beam computed tomography images,JOURNAL OF DENTISTRY,journalArticle,ZZBMKRSQ,,EXCLUDE,EXCLUDE,"方法学片段中仅出现 InVivo Dental 6.0（牙科专用软件）和 R Studio / G*Power（统计软件，非3D数据处理软件）；3D-FAST 算法为自研算法（Otsu 阈值法、marching cubes 等为通用算法，未使用具名第三方非牙科3D软件），未出现 ""we used / imported into / processed in"" 等表明本研究使用具名第三方非牙科3D软件的表述。",-,-,-,-,"【判定】: EXCLUDE
【证据】: 方法学片段中仅出现 InVivo Dental 6.0（牙科专用软件）和 R Studio / G*Power（统计软件，非3D数据处理软件）；3D-FAST 算法为自研算法（Otsu 阈值法、marching cubes 等为通用算法，未使用具名第三方非牙科3D软件），未出现 ""we used / imported into / processed in"" 等表明本研究使用具名第三方非牙科3D软件的表述。
【软件】: -
【专科】: -
【应用场景】: -
【研究设计】: -"
implant position accuracy using dynamic computer assisted implant surgery cais combined with augmented reality a randomized controlled clinical trial,Implant position accuracy using dynamic computer-assisted implant surgery (CAIS) combined with augmented reality: A randomized controlled clinical trial,JOURNAL OF DENTAL SCIENCES,journalArticle,G8SSCC6I,,EXCLUDE,EXCLUDE,"证据片段中仅出现 ""3D implant planning software""（未具名）及 ""G*power version 3.1 software""（用于样本量计算的统计软件，非3D数据处理/分析/建模/测量软件）；未出现任何本研究自身使用的具名第三方非牙科3D软件（如 Mimics、3D Slicer、Geomagic 等）用于3D数据处理、分析、建模或测量的表述。",-,-,-,-,"【判定】: EXCLUDE
【证据】: 证据片段中仅出现 ""3D implant planning software""（未具名）及 ""G*power version 3.1 software""（用于样本量计算的统计软件，非3D数据处理/分析/建模/测量软件）；未出现任何本研究自身使用的具名第三方非牙科3D软件（如 Mimics、3D Slicer、Geomagic 等）用于3D数据处理、分析、建模或测量的表述。
【软件】: -
【专科】: -
【应用场景】: -
【研究设计】: -"
validation of a biomechanical injury and disease assessment platform applying an inertial based biosensor and axis vector computation,Validation of a Biomechanical Injury and Disease Assessment Platform Applying an Inertial-Based Biosensor and Axis Vector Computation,ELECTRONICS,journalArticle,5R8DUV5Q,,EXCLUDE,EXCLUDE,"证据片段中未出现任何表明本研究自身在材料与方法中使用具名第三方非牙科3D软件进行3D数据处理、分析、建模或测量的表述；仅提及 IMU 传感器、SDK（Movella DOT）及通用图形/视觉/虚拟现实软件应用，无具体第三方3D软件名及""we used / imported into / processed in""等本研究使用表述。",-,-,-,-,"【判定】: EXCLUDE
【证据】: 证据片段中未出现任何表明本研究自身在材料与方法中使用具名第三方非牙科3D软件进行3D数据处理、分析、建模或测量的表述；仅提及 IMU 传感器、SDK（Movella DOT）及通用图形/视觉/虚拟现实软件应用，无具体第三方3D软件名及""we used / imported into / processed in""等本研究使用表述。
【软件】: -
【专科】: -
【应用场景】: -
【研究设计】: -"
a comprehensive narrative review exploring the current landscape of digital complete denture technology and advancements,A comprehensive narrative review exploring the current landscape of digital complete denture technology and advancements,HELIYON,journalArticle,UF76VYHR,,EXCLUDE,EXCLUDE,"该文献为综述（""This review article comprehensively discusses...""），且证据片段中未出现任何表明本研究自身使用具名第三方非牙科3D软件的表述（如 ""we used / were analysed using / imported into / processed in""）；仅泛述 CAD/CAM、3D 打印等概念及他文引用。",-,-,-,-,"【判定】: EXCLUDE
【证据】: 该文献为综述（""This review article comprehensively discusses...""），且证据片段中未出现任何表明本研究自身使用具名第三方非牙科3D软件的表述（如 ""we used / were analysed using / imported into / processed in""）；仅泛述 CAD/CAM、3D 打印等概念及他文引用。
【软件】: -
【专科】: -
【应用场景】: -
【研究设计】: -"
three dimensional correlation method for non invasive blood glucose monitoring with optical coherence tomography,Three-dimensional correlation method for non-invasive blood glucose monitoring with optical coherence tomography,OPTICS AND LASERS IN ENGINEERING,journalArticle,29X9ZLAU,,EXCLUDE,EXCLUDE,"证据片段中未出现任何表明本研究自身使用了具名第三方非牙科3D软件的表述；片段仅包含作者贡献声明、致谢、参考文献列表，无 ""we used / were analysed using / imported into / processed in"" 等使用证据。",-,-,-,-,"【判定】: EXCLUDE
【证据】: 证据片段中未出现任何表明本研究自身使用了具名第三方非牙科3D软件的表述；片段仅包含作者贡献声明、致谢、参考文献列表，无 ""we used / were analysed using / imported into / processed in"" 等使用证据。
【软件】: -
【专科】: -
【应用场景】: -
【研究设计】: -"
ai assisted preoperative surgical planning for dental implant,AI-assisted preoperative surgical planning for dental implant,JOURNAL OF TRANSLATIONAL MEDICINE,journalArticle,8E7MJ7MS,,EXCLUDE,EXCLUDE,"证据片段中未出现任何表明本研究自身使用了具名第三方非牙科3D软件的表述（如 ""we used / were analysed using / imported into / processed in""）；仅提及他文引用（Setzer et al.、Lim et al.）及自建3D-CNN深度学习模型，无第三方软件使用证据。",-,-,-,-,"【判定】: EXCLUDE
【证据】: 证据片段中未出现任何表明本研究自身使用了具名第三方非牙科3D软件的表述（如 ""we used / were analysed using / imported into / processed in""）；仅提及他文引用（Setzer et al.、Lim et al.）及自建3D-CNN深度学习模型，无第三方软件使用证据。
【软件】: -
【专科】: -
【应用场景】: -
【研究设计】: -"
accuracy of 3 calibration methods of computer assisted dynamic navigation for implant placement an in vitro study,Accuracy of 3 calibration methods of computer-assisted dynamic navigation for implant placement: An in vitro study,JOURNAL OF PROSTHETIC DENTISTRY,journalArticle,89NYGYEU,,EXCLUDE,EXCLUDE,片段中出现的具名软件为 G*Power（样本量计算）、IBM SPSS Statistics（统计分析）、OriginPro（绘图与数据分析），均非用于3D数据的处理、分析、建模或测量；未出现任何本研究自身使用的具名第三方非牙科3D软件（如用于偏差分析、三维重建、配准等）的证据。,-,-,-,-,"【判定】: EXCLUDE
【证据】: 片段中出现的具名软件为 G*Power（样本量计算）、IBM SPSS Statistics（统计分析）、OriginPro（绘图与数据分析），均非用于3D数据的处理、分析、建模或测量；未出现任何本研究自身使用的具名第三方非牙科3D软件（如用于偏差分析、三维重建、配准等）的证据。
【软件】: -
【专科】: -
【应用场景】: -
【研究设计】: -"
additively manufactured devices with varying designs and sizes for acquiring initial intraoral implant scans,Additively manufactured devices with varying designs and sizes for acquiring initial intraoral implant scans,JOURNAL OF PROSTHODONTICS-IMPLANT ESTHETIC AND RECONSTRUCTIVE DENTISTRY,journalArticle,6CTFUQY4,,EXCLUDE,EXCLUDE,"证据片段中出现的软件为 ""PreForm; Formlabs""，属于3D打印机的切片/打印软件，且该片段仅表明将STL文件导入打印机软件进行打印排版，未体现使用具名第三方非牙科三维软件进行3D数据的处理、分析、建模或测量；缺失符合纳入标准2的具名非牙科3D软件使用证据。",-,-,-,-,"【判定】: EXCLUDE
【证据】: 证据片段中出现的软件为 ""PreForm; Formlabs""，属于3D打印机的切片/打印软件，且该片段仅表明将STL文件导入打印机软件进行打印排版，未体现使用具名第三方非牙科三维软件进行3D数据的处理、分析、建模或测量；缺失符合纳入标准2的具名非牙科3D软件使用证据。
【软件】: -
【专科】: -
【应用场景】: -
【研究设计】: -"
development and evaluation of a low cost open source nasometer,Development and Evaluation of a Low-Cost Open-Source Nasometer,SENSORS,journalArticle,B6P9N33F,,EXCLUDE,EXCLUDE,"证据片段中仅提及 3D 打印（""3D-printed baffle plate""、""3D-printable components""）及自研开源移动应用（""developed using Flutter (Dart)""），未出现任何本研究自身使用具名第三方非牙科三维软件（如 Mimics、3D Slicer、Geomagic、SolidWorks、Blender 等）进行 3D 数据处理、分析、建模或测量的表述；所提及的 Praat 属他文引用（Kılıç et al. [25]），非本研究使用。",-,-,-,-,"【判定】: EXCLUDE
【证据】: 证据片段中仅提及 3D 打印（""3D-printed baffle plate""、""3D-printable components""）及自研开源移动应用（""developed using Flutter (Dart)""），未出现任何本研究自身使用具名第三方非牙科三维软件（如 Mimics、3D Slicer、Geomagic、SolidWorks、Blender 等）进行 3D 数据处理、分析、建模或测量的表述；所提及的 Praat 属他文引用（Kılıç et al. [25]），非本研究使用。
【软件】: -
【专科】: -
【应用场景】: -
【研究设计】: -"
gender estimation from morphometric measurements of mandibular lingula by using machine learning algorithms and artificial neural networks,Gender Estimation from Morphometric Measurements of Mandibular Lingula by Using Machine Learning Algorithms and Artificial Neural Networks,JOURNAL OF BIG DATA,journalArticle,HFHUWPGM,,EXCLUDE,EXCLUDE,"该研究使用的 RadiAnt DICOM Viewer 为医学影像查看软件，但并非用于3D数据处理/分析/建模/测量的第三方非牙科3D软件（其3D渲染为查看器内置功能）；且未使用纳入标准列举的具名第三方非牙科3D软件（如 Mimics、3D Slicer、MATLAB 等）。文中 ""scikit-learn 1.1.1 framework and Python 3.9"" 属自研代码/机器学习建模，非3D软件。",-,-,-,-,"【判定】: EXCLUDE
【证据】: 该研究使用的 RadiAnt DICOM Viewer 为医学影像查看软件，但并非用于3D数据处理/分析/建模/测量的第三方非牙科3D软件（其3D渲染为查看器内置功能）；且未使用纳入标准列举的具名第三方非牙科3D软件（如 Mimics、3D Slicer、MATLAB 等）。文中 ""scikit-learn 1.1.1 framework and Python 3.9"" 属自研代码/机器学习建模，非3D软件。
【软件】: -
【专科】: -
【应用场景】: -
【研究设计】: -"
geometric learning and statistical modeling for surgical outcomes evaluation in craniosynostosis using 3d photogrammetry,Geometric learning and statistical modeling for surgical outcomes evaluation in craniosynostosis using 3D photogrammetry,COMPUTER METHODS AND PROGRAMS IN BIOMEDICINE,journalArticle,STPAGHYV,,EXCLUDE,EXCLUDE,"证据片段中未出现任何具名第三方非牙科3D软件（如 Mimics、3D Slicer、MATLAB 等）被本研究自身使用的表述；文中仅描述""we present a new fully automated method based on geometric deep learning""，属于自研方法/自建深度学习模型，未提及使用具名第三方软件。",-,-,-,-,"【判定】: EXCLUDE
【证据】: 证据片段中未出现任何具名第三方非牙科3D软件（如 Mimics、3D Slicer、MATLAB 等）被本研究自身使用的表述；文中仅描述""we present a new fully automated method based on geometric deep learning""，属于自研方法/自建深度学习模型，未提及使用具名第三方软件。
【软件】: -
【专科】: -
【应用场景】: -
【研究设计】: -"
quantitative evaluation of changes in three dimensional ct density distributions in pulmonary alveolar proteinosis after gm csf inhalation,Quantitative Evaluation of Changes in Three-Dimensional CT Density Distributions in Pulmonary Alveolar Proteinosis after GM-CSF Inhalation,RESPIRATION,journalArticle,WET3NHPF,,EXCLUDE,EXCLUDE,该研究使用 U-Net (R231) 深度学习模型进行肺野分割，并用自研 Python 程序计算直方图；统计软件为 Excel、SAS、IBM SPSS、R。证据中未出现任何具名第三方非牙科三维软件（如 Mimics、3D Slicer、MATLAB 等）用于3D数据处理、分析、建模或测量。,-,-,-,-,"【判定】: EXCLUDE
【证据】: 该研究使用 U-Net (R231) 深度学习模型进行肺野分割，并用自研 Python 程序计算直方图；统计软件为 Excel、SAS、IBM SPSS、R。证据中未出现任何具名第三方非牙科三维软件（如 Mimics、3D Slicer、MATLAB 等）用于3D数据处理、分析、建模或测量。
【软件】: -
【专科】: -
【应用场景】: -
【研究设计】: -"
the effect on the performance of a dynamic navigation system of superimposing a standard tessellation language stl file obtained with an intraoral scan on a cone beam computer tomograph cbct an experimental in vitro study,The effect on the performance of a dynamic navigation system of superimposing a standard tessellation language (STL) file obtained with an intraoral scan on a cone beam computer tomograph (CBCT). An experimental in vitro study,JOURNAL OF DENTISTRY,journalArticle,WI52KM9V,,EXCLUDE,EXCLUDE,"证据片段中仅提及使用 Navident® 动态导航系统（牙科专用系统）进行种植体植入，以及 CBCT/STL 图像的叠加与配准，但未出现任何具名第三方非牙科3D软件（如 Mimics、3D Slicer、Geomagic 等）被本研究自身用于3D数据处理、分析、建模或测量的表述（如 ""we used / were analysed using / imported into / processed in""）。",-,-,-,-,"【判定】: EXCLUDE
【证据】: 证据片段中仅提及使用 Navident® 动态导航系统（牙科专用系统）进行种植体植入，以及 CBCT/STL 图像的叠加与配准，但未出现任何具名第三方非牙科3D软件（如 Mimics、3D Slicer、Geomagic 等）被本研究自身用于3D数据处理、分析、建模或测量的表述（如 ""we used / were analysed using / imported into / processed in""）。
【软件】: -
【专科】: -
【应用场景】: -
【研究设计】: -"
a novel method for testing accuracy of bite registration using intraoral scanners,A novel method for testing accuracy of bite registration using intraoral scanners,KOREAN JOURNAL OF ORTHODONTICS,journalArticle,HTYKXD2Z,,EXCLUDE,EXCLUDE,"片段中仅出现 ""Viewbox software was used to measure the distance between opposing posts and compute roll and pitch""，但 Viewbox 是牙科专用软件（用于口内扫描/咬合配准分析），不属于非牙科第三方3D软件；片段中未出现任何具名的非牙科3D软件（如 Mimics、3D Slicer、Geomagic 等）被本研究使用的表述。",-,-,-,-,"【判定】: EXCLUDE
【证据】: 片段中仅出现 ""Viewbox software was used to measure the distance between opposing posts and compute roll and pitch""，但 Viewbox 是牙科专用软件（用于口内扫描/咬合配准分析），不属于非牙科第三方3D软件；片段中未出现任何具名的非牙科3D软件（如 Mimics、3D Slicer、Geomagic 等）被本研究使用的表述。
【软件】: -
【专科】: -
【应用场景】: -
【研究设计】: -"
effect of manufacturing type and aging on the fit of metal frameworks an in vitro micro ct study,Effect of manufacturing type and aging on the fit of metal frameworks: an in vitro Micro-CT study,CLINICAL ORAL INVESTIGATIONS,journalArticle,D4Y88T8X,,EXCLUDE,EXCLUDE,"证据片段中仅出现 ""metal frameworks were designed with ExoCAD software""，ExoCAD 为牙科专用软件（exocad），不属于具名的第三方非牙科3D软件；片段中未出现任何本研究自身使用的非牙科3D软件（如 Mimics、3D Slicer、Geomagic 等）用于3D数据处理、分析、建模或测量的表述。",-,-,-,-,"【判定】: EXCLUDE
【证据】: 证据片段中仅出现 ""metal frameworks were designed with ExoCAD software""，ExoCAD 为牙科专用软件（exocad），不属于具名的第三方非牙科3D软件；片段中未出现任何本研究自身使用的非牙科3D软件（如 Mimics、3D Slicer、Geomagic 等）用于3D数据处理、分析、建模或测量的表述。
【软件】: -
【专科】: -
【应用场景】: -
【研究设计】: -"
modeling periodontal host microbe interactions using vascularized gingival connective tissue equivalents,Modeling periodontal host-microbe interactions using vascularized gingival connective tissue equivalents,BIOFABRICATION,journalArticle,34Y6HBAL,,EXCLUDE,EXCLUDE,"片段中出现的具名软件为 Imaris（用于处理 z-stack 图像）与 STRING（蛋白互作分析）。Imaris 属于生物成像/显微图像分析软件，其原始开发领域为生命科学显微成像，并非纳入标准所列的非牙科三维（3D）工程/建模/测量类软件（如 Mimics、3D Slicer、Geomagic、ANSYS 等），且其用途为共聚焦图像处理而非口腔3D数据处理、建模或测量；STRING 为在线蛋白互作数据库工具，亦非3D软件。故缺失""使用一个具名的第三方非牙科三维（3D）软件用于3D数据处理、分析、建模或测量""这一关键证据。",-,-,-,-,"【判定】: EXCLUDE
【证据】: 片段中出现的具名软件为 Imaris（用于处理 z-stack 图像）与 STRING（蛋白互作分析）。Imaris 属于生物成像/显微图像分析软件，其原始开发领域为生命科学显微成像，并非纳入标准所列的非牙科三维（3D）工程/建模/测量类软件（如 Mimics、3D Slicer、Geomagic、ANSYS 等），且其用途为共聚焦图像处理而非口腔3D数据处理、建模或测量；STRING 为在线蛋白互作数据库工具，亦非3D软件。故缺失""使用一个具名的第三方非牙科三维（3D）软件用于3D数据处理、分析、建模或测量""这一关键证据。
【软件】: -
【专科】: -
【应用场景】: -
【研究设计】: -"
three dimensional reconstruction of porous polymer films from fib sem nanotomography data using random forests,Three-dimensional reconstruction of porous polymer films from FIB-SEM nanotomography data using random forests,JOURNAL OF MICROSCOPY,journalArticle,WMCPUUSX,,EXCLUDE,EXCLUDE,主题为药物控释聚合物薄膜的FIB-SEM三维重建，不属于口腔医学任一学科；且方法为自研随机森林分割方法，未使用具名第三方非牙科3D软件。,-,-,-,-,"【判定】: EXCLUDE
【证据】: 主题为药物控释聚合物薄膜的FIB-SEM三维重建，不属于口腔医学任一学科；且方法为自研随机森林分割方法，未使用具名第三方非牙科3D软件。
【软件】: -
【专科】: -
【应用场景】: -
【研究设计】: -"
3d bioprinting of patient derived cardiac tissue models for studying congenital heart disease,3D-bioprinting of patient-derived cardiac tissue models for studying congenital heart disease,FRONTIERS IN CARDIOVASCULAR MEDICINE,journalArticle,JX2LCMGD,,EXCLUDE,EXCLUDE,主题为先天性心脏病的心脏组织3D生物打印，不属于口腔医学任一学科；虽使用了 Creo Parametric 与 MATLAB，但主题不符纳入标准第1条。,-,-,-,-,"【判定】: EXCLUDE
【证据】: 主题为先天性心脏病的心脏组织3D生物打印，不属于口腔医学任一学科；虽使用了 Creo Parametric 与 MATLAB，但主题不符纳入标准第1条。
【软件】: -
【专科】: -
【应用场景】: -
【研究设计】: -"
a hybrid computational method for the simulation of ultrasonic wave reflection at the bone implant interface,A hybrid computational method for the simulation of ultrasonic wave reflection at the bone-implant interface,JOURNAL OF THE ACOUSTICAL SOCIETY OF AMERICA,journalArticle,YA33UVLN,,EXCLUDE,EXCLUDE,"片段中出现的软件为 ""open-source SIMSONIC software""，用于FDTD波场计算。但 SIMSONIC 是超声/弹性动力学波传播仿真软件，属于声学/生物医学超声领域，并非纳入标准所列的通用非牙科3D数据处理/分析/建模/测量软件（如 Mimics、3D Slicer、ANSYS、ABAQUS、MATLAB 等）。该研究虽涉及3D图像与建模，但证据片段中未表明本研究使用了纳入标准所要求的具名第三方非牙科3D软件（如用于3D数据处理、分割、建模或测量的软件）；SIMSONIC 属于专用波传播求解器，不符合""非牙科三维（3D）软件""的界定。",-,-,-,-,"【判定】: EXCLUDE
【证据】: 片段中出现的软件为 ""open-source SIMSONIC software""，用于FDTD波场计算。但 SIMSONIC 是超声/弹性动力学波传播仿真软件，属于声学/生物医学超声领域，并非纳入标准所列的通用非牙科3D数据处理/分析/建模/测量软件（如 Mimics、3D Slicer、ANSYS、ABAQUS、MATLAB 等）。该研究虽涉及3D图像与建模，但证据片段中未表明本研究使用了纳入标准所要求的具名第三方非牙科3D软件（如用于3D数据处理、分割、建模或测量的软件）；SIMSONIC 属于专用波传播求解器，不符合""非牙科三维（3D）软件""的界定。
【软件】: -
【专科】: -
【应用场景】: -
【研究设计】: -"
evolving strategies and materials for scaffold development in regenerative dentistry,Evolving Strategies and Materials for Scaffold Development in Regenerative Dentistry,APPLIED SCIENCES-BASEL,journalArticle,QQXSPG3Y,,EXCLUDE,EXCLUDE,"文献类型为综述（""This review provides a concise overview...""），且证据片段中未出现任何表明本研究自身使用具名第三方非牙科3D软件的表述（如 ""we used / were analysed using / imported into / processed in""）；片段中仅泛述他人技术（optical scanning、AI segmentation、micro-CT methods）及作者贡献声明中的 ""software"" 字样，无具体软件名。",-,-,-,-,"【判定】: EXCLUDE
【证据】: 文献类型为综述（""This review provides a concise overview...""），且证据片段中未出现任何表明本研究自身使用具名第三方非牙科3D软件的表述（如 ""we used / were analysed using / imported into / processed in""）；片段中仅泛述他人技术（optical scanning、AI segmentation、micro-CT methods）及作者贡献声明中的 ""software"" 字样，无具体软件名。
【软件】: -
【专科】: -
【应用场景】: -
【研究设计】: -"
time efficiency and cost analysis between digital and conventional workflows for the fabrication of fixed dental prostheses a systematic review,Time efficiency and cost analysis between digital and conventional workflows for the fabrication of fixed dental prostheses: A systematic review,JOURNAL OF PROSTHETIC DENTISTRY,journalArticle,NBQGIJYQ,,EXCLUDE,EXCLUDE,"该文献为系统综述（systematic review），类型不符纳入标准第3条；且证据片段中未出现任何表明本研究自身使用了具名第三方非牙科3D软件的表述（如 ""we used / were analysed using / imported into / processed in""），仅泛述 CAD software program、CAD-CAM 等。",-,-,-,-,"【判定】: EXCLUDE
【证据】: 该文献为系统综述（systematic review），类型不符纳入标准第3条；且证据片段中未出现任何表明本研究自身使用了具名第三方非牙科3D软件的表述（如 ""we used / were analysed using / imported into / processed in""），仅泛述 CAD software program、CAD-CAM 等。
【软件】: -
【专科】: -
【应用场景】: -
【研究设计】: -"
survival analysis up to 8 years of 304 anatomical contour implant supported zirconia crowns fabricated with a fully digital cast free workflow and directly screwed on external hexagonal implant connections without the interposition of a ti base a multicentric retrospective study,Survival Analysis up to 8 Years of 304 Anatomical-Contour Implant-Supported Zirconia Crowns Fabricated with a Fully Digital Cast-Free Workflow and Directly Screwed on External Hexagonal Implant Connections Without the Interposition of a Ti-Base: A Multicentric Retrospective Study,INTERNATIONAL JOURNAL OF ORAL & MAXILLOFACIAL IMPLANTS,journalArticle,PI7Y4QGT,,EXCLUDE,EXCLUDE,"片段中出现的软件为 ""CAD software (Dental System, 3Shape)"" 及 ""Medcalc 12.1 software""；前者为牙科专用软件（3Shape Dental System），后者为统计软件而非用于3D数据处理/分析/建模/测量的非牙科3D软件。片段中未出现任何本研究自身使用的具名第三方非牙科3D软件（如 Mimics、3D Slicer、Geomagic 等）。",-,-,-,-,"【判定】: EXCLUDE
【证据】: 片段中出现的软件为 ""CAD software (Dental System, 3Shape)"" 及 ""Medcalc 12.1 software""；前者为牙科专用软件（3Shape Dental System），后者为统计软件而非用于3D数据处理/分析/建模/测量的非牙科3D软件。片段中未出现任何本研究自身使用的具名第三方非牙科3D软件（如 Mimics、3D Slicer、Geomagic 等）。
【软件】: -
【专科】: -
【应用场景】: -
【研究设计】: -"
a personalized automated system of 3d facial soft tissue landmarks annotation based on deep learning and computer vision,A personalized automated system of 3D facial soft tissue landmarks annotation based on deep learning and computer vision,BMC ORAL HEALTH,journalArticle,XC63D9X7,,EXCLUDE,INCLUDE,The preprocessed 3D images were imported into 3DSlicer version 5.6.2 in Obj format. Two orthodontic experts... independently performed the manual annotation of 21 commonly used soft tissue landmark points in each image.,3D Slicer,Orthodontics,Image segmentation and 3D reconstruction,computational,"【判定】: INCLUDE
【证据】: The preprocessed 3D images were imported into 3DSlicer version 5.6.2 in Obj format. Two orthodontic experts... independently performed the manual annotation of 21 commonly used soft tissue landmark points in each image.
【软件】: 3D Slicer
【专科】: Orthodontics
【应用场景】: Image segmentation and 3D reconstruction
【研究设计】: computational"
the development of a functional human small intestinal epithelium model for drug absorption,The development of a functional human small intestinal epithelium model for drug absorption,SCIENCE ADVANCES,journalArticle,DUNG6UUV,,EXCLUDE,EXCLUDE,主题为小肠上皮细胞模型与药物吸收，不属于口腔医学任一学科；片段中出现的 FlowJo、FV1000、ZEN 等软件亦非用于口腔3D数据处理，且无口腔相关3D软件使用证据。,-,-,-,-,"【判定】: EXCLUDE
【证据】: 主题为小肠上皮细胞模型与药物吸收，不属于口腔医学任一学科；片段中出现的 FlowJo、FV1000、ZEN 等软件亦非用于口腔3D数据处理，且无口腔相关3D软件使用证据。
【软件】: -
【专科】: -
【应用场景】: -
【研究设计】: -"
fractal analysis of the mandible cortical bone correlation among fractal dimension values obtained by two processing methods from periapical radiograph and micro computed tomography with cone beam computed tomography,Fractal analysis of the mandible cortical bone: correlation among fractal dimension values obtained by two processing methods from periapical radiograph and micro-computed tomography with cone-beam computed tomography,RADIATION AND ENVIRONMENTAL BIOPHYSICS,journalArticle,K7WNNJK9,,EXCLUDE,EXCLUDE,"片段中出现的软件为 SOPRO Imaging（牙科影像软件）、Scanco 软件及 µCT Evaluation Program（micro-CT 设备自带软件）、GraphPad Prism 9（统计软件），均非纳入标准所要求的""具名第三方非牙科三维（3D）软件""；未发现本研究使用 Mimics、3D Slicer、MATLAB 等非牙科3D处理/分析/建模/测量软件的表述。",-,-,-,-,"【判定】: EXCLUDE
【证据】: 片段中出现的软件为 SOPRO Imaging（牙科影像软件）、Scanco 软件及 µCT Evaluation Program（micro-CT 设备自带软件）、GraphPad Prism 9（统计软件），均非纳入标准所要求的""具名第三方非牙科三维（3D）软件""；未发现本研究使用 Mimics、3D Slicer、MATLAB 等非牙科3D处理/分析/建模/测量软件的表述。
【软件】: -
【专科】: -
【应用场景】: -
【研究设计】: -"
deep learning based automated diagnosis of temporomandibular joint anterior disc displacement and its clinical application,Deep learning-based automated diagnosis of temporomandibular joint anterior disc displacement and its clinical application,FRONTIERS IN PHYSIOLOGY,journalArticle,4BUYS2B2,,EXCLUDE,EXCLUDE,"缺失证据：方法学片段中仅描述使用自建深度学习模型（ResNet101_vd、U-Net++、U-Net、DeepLabV3+、Segnet 等），未出现任何具名第三方非牙科3D软件（如 Mimics、3D Slicer、ITK-SNAP、MATLAB 等）被本研究自身使用的表述（如 ""we used / were analysed using / imported into / processed in""）。",-,-,-,-,"【判定】: EXCLUDE
【证据】: 缺失证据：方法学片段中仅描述使用自建深度学习模型（ResNet101_vd、U-Net++、U-Net、DeepLabV3+、Segnet 等），未出现任何具名第三方非牙科3D软件（如 Mimics、3D Slicer、ITK-SNAP、MATLAB 等）被本研究自身使用的表述（如 ""we used / were analysed using / imported into / processed in""）。
【软件】: -
【专科】: -
【应用场景】: -
【研究设计】: -"
mrcm uctransnet automatic and accurate 3d tooth segmentation network from cone beam ct images,MRCM-UCTransNet: Automatic and Accurate 3D Tooth Segmentation Network From Cone-Beam CT Images,INTERNATIONAL JOURNAL OF IMAGING SYSTEMS AND TECHNOLOGY,journalArticle,LSI9SW78,,EXCLUDE,EXCLUDE,"片段中 Mimics 仅出现在 ""we compared the 3D models of the neural network segmentation results with those obtained from the built-in segmentation algorithm in Mimics"" 及图注中，属于将本研究自研神经网络结果与 Mimics 内置算法结果进行对比，未表明本研究自身使用 Mimics 进行 3D 数据处理、分析、建模或测量；本研究核心为自建深度学习模型 MRCM-UCTransNet，缺乏""本研究自己使用具名第三方非牙科3D软件""的证据。",-,-,-,-,"【判定】: EXCLUDE
【证据】: 片段中 Mimics 仅出现在 ""we compared the 3D models of the neural network segmentation results with those obtained from the built-in segmentation algorithm in Mimics"" 及图注中，属于将本研究自研神经网络结果与 Mimics 内置算法结果进行对比，未表明本研究自身使用 Mimics 进行 3D 数据处理、分析、建模或测量；本研究核心为自建深度学习模型 MRCM-UCTransNet，缺乏""本研究自己使用具名第三方非牙科3D软件""的证据。
【软件】: -
【专科】: -
【应用场景】: -
【研究设计】: -"
in vivo comparison of customized zirconia barriers in guided bone regeneration an experimental study,In vivo comparison of customized zirconia barriers in guided bone regeneration: An experimental study,HELIYON,journalArticle,UCGNAILE,,EXCLUDE,EXCLUDE,"片段仅泛述 ""The membranes were designed using a 3D software system and transferred to the CAD/CAM software system in stl""，未给出任何具名第三方非牙科3D软件名称（如 Mimics、3D Slicer、Geomagic、Blender 等），无法确认本研究自身使用了符合纳入标准的具名软件。",-,-,-,-,"【判定】: EXCLUDE
【证据】: 片段仅泛述 ""The membranes were designed using a 3D software system and transferred to the CAD/CAM software system in stl""，未给出任何具名第三方非牙科3D软件名称（如 Mimics、3D Slicer、Geomagic、Blender 等），无法确认本研究自身使用了符合纳入标准的具名软件。
【软件】: -
【专科】: -
【应用场景】: -
【研究设计】: -"
structurally tuned drug release from hybrid manufactured tablets via overprinting and overmolding,Structurally tuned drug release from hybrid manufactured tablets via overprinting and overmolding,INTERNATIONAL JOURNAL OF PHARMACEUTICS,journalArticle,4EGT3E2C,,EXCLUDE,EXCLUDE,该研究主题为药物片剂的口腔给药制剂（pharmaceutical tablet drug release），不属于口腔医学任一学科；且使用的 SolidWorks 2018 用于片剂3D设计，非口腔医学应用场景。,-,-,-,-,"【判定】: EXCLUDE
【证据】: 该研究主题为药物片剂的口腔给药制剂（pharmaceutical tablet drug release），不属于口腔医学任一学科；且使用的 SolidWorks 2018 用于片剂3D设计，非口腔医学应用场景。
【软件】: -
【专科】: -
【应用场景】: -
【研究设计】: -"
differential diagnosis of okc and sbc on panoramic radiographs leveraging deep learning algorithms,Differential Diagnosis of OKC and SBC on Panoramic Radiographs: Leveraging Deep Learning Algorithms,DIAGNOSTICS,journalArticle,Q7NK8ADB,,EXCLUDE,EXCLUDE,"证据片段中仅出现自研深度学习模型（Inception-ResNet-V2）及参考文献引用，未出现任何表明本研究自身使用了具名第三方非牙科3D软件（如 ""we used / were analysed using / imported into / processed in"" 等）的表述；所提及软件均为深度学习框架/模型，非3D数据处理软件。",-,-,-,-,"【判定】: EXCLUDE
【证据】: 证据片段中仅出现自研深度学习模型（Inception-ResNet-V2）及参考文献引用，未出现任何表明本研究自身使用了具名第三方非牙科3D软件（如 ""we used / were analysed using / imported into / processed in"" 等）的表述；所提及软件均为深度学习框架/模型，非3D数据处理软件。
【软件】: -
【专科】: -
【应用场景】: -
【研究设计】: -"
trans vnet transformer based tooth semantic segmentation in cbct images,Trans-VNet: Transformer-based tooth semantic segmentation in CBCT images,BIOMEDICAL SIGNAL PROCESSING AND CONTROL,journalArticle,LRPW5FSM,,EXCLUDE,EXCLUDE,"证据片段仅描述该研究提出自研的 Trans-VNet 框架（""we present a novel transformer-based framework""），未出现任何具名第三方非牙科3D软件被本研究使用的表述（如 ""we used / were analysed using / imported into / processed in""）；文中提及的 V-Net、nn-UNet、Unetr++ 均为对比的深度学习模型，非具名第三方3D软件。",-,-,-,-,"【判定】: EXCLUDE
【证据】: 证据片段仅描述该研究提出自研的 Trans-VNet 框架（""we present a novel transformer-based framework""），未出现任何具名第三方非牙科3D软件被本研究使用的表述（如 ""we used / were analysed using / imported into / processed in""）；文中提及的 V-Net、nn-UNet、Unetr++ 均为对比的深度学习模型，非具名第三方3D软件。
【软件】: -
【专科】: -
【应用场景】: -
【研究设计】: -"
masticatory simulators based on oral physiology in food research a systematic review,Masticatory simulators based on oral physiology in food research: A systematic review,JOURNAL OF TEXTURE STUDIES,journalArticle,8XAHIZWN,,EXCLUDE,EXCLUDE,"文献类型为系统综述（题名 ""A systematic review""），不符合纳入标准第3条；且证据片段中出现的软件名（BioPak、BITE Master II）均系引用他人研究（Meullenet & Gandhapuneni, 2006），无 ""we used / were analysed using / imported into / processed in"" 等表明本研究自身使用软件的表述。",-,-,-,-,"【判定】: EXCLUDE
【证据】: 文献类型为系统综述（题名 ""A systematic review""），不符合纳入标准第3条；且证据片段中出现的软件名（BioPak、BITE Master II）均系引用他人研究（Meullenet & Gandhapuneni, 2006），无 ""we used / were analysed using / imported into / processed in"" 等表明本研究自身使用软件的表述。
【软件】: -
【专科】: -
【应用场景】: -
【研究设计】: -"
numerical simulations on periprosthetic bone remodeling a systematic review,Numerical simulations on periprosthetic bone remodeling: a systematic review,COMPUTER METHODS AND PROGRAMS IN BIOMEDICINE,journalArticle,VD3UIIH6,,EXCLUDE,EXCLUDE,"该文献为系统综述（""a systematic review was conducted on 9 databases""），类型不符；且证据片段中出现的软件/工具相关内容仅为参考文献列表条目（如 [61]-[69] 等），未表明本研究自身使用了某一具名第三方非牙科3D软件。",-,-,-,-,"【判定】: EXCLUDE
【证据】: 该文献为系统综述（""a systematic review was conducted on 9 databases""），类型不符；且证据片段中出现的软件/工具相关内容仅为参考文献列表条目（如 [61]-[69] 等），未表明本研究自身使用了某一具名第三方非牙科3D软件。
【软件】: -
【专科】: -
【应用场景】: -
【研究设计】: -"
large scale open source three dimensional growth curves for clinical facial assessment and objective description of facial dysmorphism,Large-scale open-source three-dimensional growth curves for clinical facial assessment and objective description of facial dysmorphism,SCIENTIFIC REPORTS,journalArticle,V2T3FF6J,,EXCLUDE,EXCLUDE,"片段中出现的具名软件为 ""MeshMonk""（""we use the open-source implementation 'MeshMonk' for automatic non-rigid image registration""），但 MeshMonk 是本研究团队（TheWebMonks）自行开发的开源配准工具，属于自研代码/自建方法，而非原始开发领域不在牙科的第三方非牙科3D软件；片段中未出现任何其他具名第三方非牙科3D软件（如 Mimics、3D Slicer、Geomagic、MATLAB 等）被本研究使用的表述。",-,-,-,-,"【判定】: EXCLUDE
【证据】: 片段中出现的具名软件为 ""MeshMonk""（""we use the open-source implementation 'MeshMonk' for automatic non-rigid image registration""），但 MeshMonk 是本研究团队（TheWebMonks）自行开发的开源配准工具，属于自研代码/自建方法，而非原始开发领域不在牙科的第三方非牙科3D软件；片段中未出现任何其他具名第三方非牙科3D软件（如 Mimics、3D Slicer、Geomagic、MATLAB 等）被本研究使用的表述。
【软件】: -
【专科】: -
【应用场景】: -
【研究设计】: -"
inferior alveolar canal automatic detection with deep learning cnns on cbcts development of a novel model and release of open source dataset and algorithm,Inferior Alveolar Canal Automatic Detection with Deep Learning CNNs on CBCTs: Development of a Novel Model and Release of Open-Source Dataset and Algorithm,APPLIED SCIENCES-BASEL,journalArticle,TUE7JTLY,,EXCLUDE,EXCLUDE,"证据片段仅描述该研究开发了自研的卷积神经网络（CNN）和深度学习标签传播模型（""the creation of a novel deep label propagation model""），并公开了自建数据集与源代码（""the datasets and the source codes used were publicly released""），未出现任何具名第三方非牙科3D软件（如 Mimics、3D Slicer、ITK-SNAP 等）被本研究使用的表述（如 ""we used / were analysed using / imported into / processed in""）。",-,-,-,-,"【判定】: EXCLUDE
【证据】: 证据片段仅描述该研究开发了自研的卷积神经网络（CNN）和深度学习标签传播模型（""the creation of a novel deep label propagation model""），并公开了自建数据集与源代码（""the datasets and the source codes used were publicly released""），未出现任何具名第三方非牙科3D软件（如 Mimics、3D Slicer、ITK-SNAP 等）被本研究使用的表述（如 ""we used / were analysed using / imported into / processed in""）。
【软件】: -
【专科】: -
【应用场景】: -
【研究设计】: -"
the effect of common dental fixtures on treatment planning and delivery for head and neck intensity modulated proton therapy,The effect of common dental fixtures on treatment planning and delivery for head and neck intensity modulated proton therapy,JOURNAL OF APPLIED CLINICAL MEDICAL PHYSICS,journalArticle,9QILX753,,EXCLUDE,EXCLUDE,"片段中仅提及 ""using the software included in the institutional treatment planning system (TPS)""，未指明任何具名的第三方非牙科3D软件；Eclipse 为放射治疗计划系统，非3D数据处理/建模/测量软件，且未以 ""we used / imported into / processed in"" 等表述表明本研究使用了具名非牙科3D软件。",-,-,-,-,"【判定】: EXCLUDE
【证据】: 片段中仅提及 ""using the software included in the institutional treatment planning system (TPS)""，未指明任何具名的第三方非牙科3D软件；Eclipse 为放射治疗计划系统，非3D数据处理/建模/测量软件，且未以 ""we used / imported into / processed in"" 等表述表明本研究使用了具名非牙科3D软件。
【软件】: -
【专科】: -
【应用场景】: -
【研究设计】: -"
blood vessel on a chip examines the biomechanics of microvasculature,Blood vessel-on-a-chip examines the biomechanics of microvasculature,SOFT MATTER,journalArticle,7XQRAIBP,,EXCLUDE,EXCLUDE,该研究使用 Autodesk Inventor 进行 CAD 建模，但主题为血管芯片（blood vessel-on-a-chip）的微血管生物力学，不属于口腔医学任一学科；且证据片段中未见口腔医学相关应用。,-,-,-,-,"【判定】: EXCLUDE
【证据】: 该研究使用 Autodesk Inventor 进行 CAD 建模，但主题为血管芯片（blood vessel-on-a-chip）的微血管生物力学，不属于口腔医学任一学科；且证据片段中未见口腔医学相关应用。
【软件】: -
【专科】: -
【应用场景】: -
【研究设计】: -"
triple layered platform utilizing electrospun nanofibers and 3d printed sodium alginate based hydrogel for effective topical treatment of rheumatoid arthritis,Triple-layered platform utilizing electrospun nanofibers and 3D-printed sodium alginate-based hydrogel for effective topical treatment of rheumatoid arthritis,INTERNATIONAL JOURNAL OF BIOLOGICAL MACROMOLECULES,journalArticle,HRNKHTE6,,EXCLUDE,EXCLUDE,"主题为类风湿关节炎经皮给药平台，不属于口腔医学任一学科；且证据片段中未出现任何具名第三方非牙科3D软件（仅提及3D bioprinter BIO X, Cellink及""open-source image analysis software""未具名）。",-,-,-,-,"【判定】: EXCLUDE
【证据】: 主题为类风湿关节炎经皮给药平台，不属于口腔医学任一学科；且证据片段中未出现任何具名第三方非牙科3D软件（仅提及3D bioprinter BIO X, Cellink及""open-source image analysis software""未具名）。
【软件】: -
【专科】: -
【应用场景】: -
【研究设计】: -"
chairside vs prefabricated sealing socket abutments for posterior immediate implants a randomized clinical trial,Chairside vs Prefabricated Sealing Socket Abutments for Posterior Immediate Implants: A Randomized Clinical Trial,CLINICAL IMPLANT DENTISTRY AND RELATED RESEARCH,journalArticle,QM47ETB9,,EXCLUDE,EXCLUDE,片段中出现的软件为 3Shape Implant Studio（牙科专用种植规划软件）和 SMOP（Swissmeda AG，牙科/种植专用影像分析软件），均属牙科专用软件；未出现任何具名的第三方非牙科3D软件（如 Mimics、3D Slicer、Geomagic、MATLAB 等）被本研究自身用于3D数据处理、分析、建模或测量。,-,-,-,-,"【判定】: EXCLUDE
【证据】: 片段中出现的软件为 3Shape Implant Studio（牙科专用种植规划软件）和 SMOP（Swissmeda AG，牙科/种植专用影像分析软件），均属牙科专用软件；未出现任何具名的第三方非牙科3D软件（如 Mimics、3D Slicer、Geomagic、MATLAB 等）被本研究自身用于3D数据处理、分析、建模或测量。
【软件】: -
【专科】: -
【应用场景】: -
【研究设计】: -"
patient specific reference model estimation for orthognathic surgical planning,Patient-specific reference model estimation for orthognathic surgical planning,INTERNATIONAL JOURNAL OF COMPUTER ASSISTED RADIOLOGY AND SURGERY,journalArticle,YA9MSA57,,EXCLUDE,EXCLUDE,"证据片段仅描述自研的深度查询网络（DQN）、自监督学习框架、SVD、CPD 等算法流程，未出现任何具名第三方非牙科3D软件（如 Mimics、3D Slicer、MATLAB 等）被本研究使用的表述（如 ""we used / were analysed using / imported into / processed in""）。",-,-,-,-,"【判定】: EXCLUDE
【证据】: 证据片段仅描述自研的深度查询网络（DQN）、自监督学习框架、SVD、CPD 等算法流程，未出现任何具名第三方非牙科3D软件（如 Mimics、3D Slicer、MATLAB 等）被本研究使用的表述（如 ""we used / were analysed using / imported into / processed in""）。
【软件】: -
【专科】: -
【应用场景】: -
【研究设计】: -"
relationship between medial meniscus extrusion and cartilage measurements in the knee by fully automatic three dimensional mri analysis,Relationship between medial meniscus extrusion and cartilage measurements in the knee by fully automatic three-dimensional MRI analysis,BMC MUSCULOSKELETAL DISORDERS,journalArticle,V8QWI6T2,,EXCLUDE,EXCLUDE,"该研究为膝关节骨关节炎的3D MRI分析，主题不属于口腔医学任一学科；且方法学片段显示该研究为自研神经网络/软件（""We developed a fully automatic three-dimensional knee MRI analysis software""、""We constructed a neural network for the software""），未使用具名第三方非牙科3D软件。",-,-,-,-,"【判定】: EXCLUDE
【证据】: 该研究为膝关节骨关节炎的3D MRI分析，主题不属于口腔医学任一学科；且方法学片段显示该研究为自研神经网络/软件（""We developed a fully automatic three-dimensional knee MRI analysis software""、""We constructed a neural network for the software""），未使用具名第三方非牙科3D软件。
【软件】: -
【专科】: -
【应用场景】: -
【研究设计】: -"
a multivariate logistic regression analysis of risk factors for peri implant bone loss,A Multivariate Logistic Regression Analysis of Risk Factors for Peri-implant Bone Loss,INTERNATIONAL JOURNAL OF ORAL & MAXILLOFACIAL IMPLANTS,journalArticle,RFT3JZXH,,EXCLUDE,EXCLUDE,题名与摘要为种植体周围骨丧失危险因素的多元logistic回归分析（临床病例对照研究），未涉及任何三维软件；所给方法学证据片段（3D Slicer、颅面标志点测量）与本文题名/摘要内容不符，无法证明本研究自身使用了具名第三方非牙科3D软件。,-,-,-,-,"【判定】: EXCLUDE
【证据】: 题名与摘要为种植体周围骨丧失危险因素的多元logistic回归分析（临床病例对照研究），未涉及任何三维软件；所给方法学证据片段（3D Slicer、颅面标志点测量）与本文题名/摘要内容不符，无法证明本研究自身使用了具名第三方非牙科3D软件。
【软件】: -
【专科】: -
【应用场景】: -
【研究设计】: -"
principles of interdisciplinary orthodontic and restorative treatment,Principles of interdisciplinary orthodontic and restorative treatment,BRITISH DENTAL JOURNAL,journalArticle,IF7WG7DS,,EXCLUDE,EXCLUDE,"证据片段中软件名（ClinCheck、Spark Approver、Suresmile、uLab uDesign、OnyxCeph、ExoCad、Digital Smile Design、Invisalign Smile Architect）仅作为泛述举例出现（""are examples of such software packages""、""eg ExoCad or Digital Smile Design""），未出现 ""we used / were analysed using / imported into / processed in"" 等表明本研究自身使用该软件的表述；且所提及软件均为牙科专用软件。",-,-,-,-,"【判定】: EXCLUDE
【证据】: 证据片段中软件名（ClinCheck、Spark Approver、Suresmile、uLab uDesign、OnyxCeph、ExoCad、Digital Smile Design、Invisalign Smile Architect）仅作为泛述举例出现（""are examples of such software packages""、""eg ExoCad or Digital Smile Design""），未出现 ""we used / were analysed using / imported into / processed in"" 等表明本研究自身使用该软件的表述；且所提及软件均为牙科专用软件。
【软件】: -
【专科】: -
【应用场景】: -
【研究设计】: -"
two experimental methods to integrate intra oral scans into 3d stereophotogrammetric facial images,Two experimental methods to integrate intra-oral scans into 3D stereophotogrammetric facial images,CLINICAL ORAL INVESTIGATIONS,journalArticle,ZJFKXSSM,,EXCLUDE,EXCLUDE,"证据片段仅泛述研究背景与方法流程（如 ""the 3D fusion model can be made""、""Processing of data""），未出现任何具名第三方非牙科3D软件名，也无 ""we used / were analysed using / imported into / processed in"" 等表明本研究自身使用某具体软件的表述。",-,-,-,-,"【判定】: EXCLUDE
【证据】: 证据片段仅泛述研究背景与方法流程（如 ""the 3D fusion model can be made""、""Processing of data""），未出现任何具名第三方非牙科3D软件名，也无 ""we used / were analysed using / imported into / processed in"" 等表明本研究自身使用某具体软件的表述。
【软件】: -
【专科】: -
【应用场景】: -
【研究设计】: -"
polysaccharide protein microparticles based scaffolds to recover soft tissue loss in mild periodontitis,Polysaccharide-protein microparticles based-scaffolds to recover soft tissue loss in mild periodontitis,INTERNATIONAL JOURNAL OF PHARMACEUTICS,journalArticle,9ZT8GFB8,,EXCLUDE,EXCLUDE,"证据片段中仅出现 ""This work benefited from the use of the SasView application""，但 SasView 是用于小角散射（SAXS）数据分析的科学软件，且该片段位于致谢/参考文献部分，未表明本研究自身在材料与方法中使用具名第三方非牙科三维（3D）软件进行3D数据处理、分析、建模或测量；缺失""we used / were analysed using / imported into / processed in""等表明本研究自己使用3D软件处理3D数据的证据。",-,-,-,-,"【判定】: EXCLUDE
【证据】: 证据片段中仅出现 ""This work benefited from the use of the SasView application""，但 SasView 是用于小角散射（SAXS）数据分析的科学软件，且该片段位于致谢/参考文献部分，未表明本研究自身在材料与方法中使用具名第三方非牙科三维（3D）软件进行3D数据处理、分析、建模或测量；缺失""we used / were analysed using / imported into / processed in""等表明本研究自己使用3D软件处理3D数据的证据。
【软件】: -
【专科】: -
【应用场景】: -
【研究设计】: -"
digital science platform an interactive web application and database of osteological material for anatomy education,Digital science platform: an interactive web application and database of osteological material for anatomy education,BMC MEDICAL EDUCATION,journalArticle,NHTJCU8E,,EXCLUDE,EXCLUDE,主题为解剖学教育（osteological material for anatomy education），不属于口腔医学任一学科；且证据片段中未出现表明本研究自身在材料与方法中使用具名第三方非牙科3D软件进行3D数据处理/分析/建模/测量的表述（VisNow 仅作为可视化平台被提及，且该研究主题不符）。,-,-,-,-,"【判定】: EXCLUDE
【证据】: 主题为解剖学教育（osteological material for anatomy education），不属于口腔医学任一学科；且证据片段中未出现表明本研究自身在材料与方法中使用具名第三方非牙科3D软件进行3D数据处理/分析/建模/测量的表述（VisNow 仅作为可视化平台被提及，且该研究主题不符）。
【软件】: -
【专科】: -
【应用场景】: -
【研究设计】: -"
development of a multicellular 3d bioprinted microtissue model of human periodontal ligament alveolar bone biointerface towards a pre clinical model of periodontal diseases and personalized periodontal tissue engineering,Development of a multicellular 3D-bioprinted microtissue model of human periodontal ligament-alveolar bone biointerface: Towards a pre-clinical model of periodontal diseases and personalized periodontal tissue engineering,GENES & DISEASES,journalArticle,UBMKKMB9,,EXCLUDE,EXCLUDE,"片段中仅提及 ""Computer-Aided Design (CAD) software""（未具名）和 ""Slic3r software""（切片软件，非3D数据处理/分析/建模/测量类具名第三方非牙科3D软件，且Slic3r为3D打印切片工具，不属于所列3D数据处理分析软件范畴）；未出现本研究使用具名第三方非牙科3D软件（如Mimics、3D Slicer、Geomagic等）进行3D数据处理、分析、建模或测量的表述。",-,-,-,-,"【判定】: EXCLUDE
【证据】: 片段中仅提及 ""Computer-Aided Design (CAD) software""（未具名）和 ""Slic3r software""（切片软件，非3D数据处理/分析/建模/测量类具名第三方非牙科3D软件，且Slic3r为3D打印切片工具，不属于所列3D数据处理分析软件范畴）；未出现本研究使用具名第三方非牙科3D软件（如Mimics、3D Slicer、Geomagic等）进行3D数据处理、分析、建模或测量的表述。
【软件】: -
【专科】: -
【应用场景】: -
【研究设计】: -"
torque loss survival and strain distribution of implant supported prostheses with zirconia and cobalt chromium hybrid abutments,"Torque Loss, Survival, and Strain Distribution of Implant-Supported Prostheses with Zirconia and Cobalt-Chromium Hybrid Abutments",MEDICINA-LITHUANIA,journalArticle,R2YYAV9G,,EXCLUDE,EXCLUDE,证据片段中仅出现 CAD/CAM 及牙科专用系统（Ceramill M-Plant、Ceramill Motion 2、Ceramill ZI、Ceramill Sintron、Ceramill Zolid，均为 AmannGirrbach 牙科CAD/CAM系统），未出现任何具名的第三方非牙科3D软件（如 Mimics、3D Slicer、Geomagic、ANSYS、MATLAB 等）被本研究自身用于3D数据处理、分析、建模或测量。,-,-,-,-,"【判定】: EXCLUDE
【证据】: 证据片段中仅出现 CAD/CAM 及牙科专用系统（Ceramill M-Plant、Ceramill Motion 2、Ceramill ZI、Ceramill Sintron、Ceramill Zolid，均为 AmannGirrbach 牙科CAD/CAM系统），未出现任何具名的第三方非牙科3D软件（如 Mimics、3D Slicer、Geomagic、ANSYS、MATLAB 等）被本研究自身用于3D数据处理、分析、建模或测量。
【软件】: -
【专科】: -
【应用场景】: -
【研究设计】: -"
ai initiated second opinions a framework for advanced caries treatment planning,AI-initiated second opinions: a framework for advanced caries treatment planning,BMC ORAL HEALTH,journalArticle,3SM4ML53,,EXCLUDE,EXCLUDE,"证据片段中未出现任何具名第三方非牙科3D软件（如 Mimics、3D Slicer、Geomagic 等）被本研究使用的表述；仅提及自研 AI 模型（""We developed an AI model""）及泛述性软件集成设想（""could be integrated into existing dentistry software""），无 ""we used / imported into / processed in"" 等表明本研究自身使用具名第三方3D软件的原文。",-,-,-,-,"【判定】: EXCLUDE
【证据】: 证据片段中未出现任何具名第三方非牙科3D软件（如 Mimics、3D Slicer、Geomagic 等）被本研究使用的表述；仅提及自研 AI 模型（""We developed an AI model""）及泛述性软件集成设想（""could be integrated into existing dentistry software""），无 ""we used / imported into / processed in"" 等表明本研究自身使用具名第三方3D软件的原文。
【软件】: -
【专科】: -
【应用场景】: -
【研究设计】: -"
osteomatrix as a personalized 3d tissue specific invasion test bed for oral carcinoma,Osteomatrix as a personalized 3D tissue-specific invasion test-bed for oral carcinoma,BIOMATERIALS SCIENCE,journalArticle,FC9UPLQ5,,EXCLUDE,EXCLUDE,片段中出现的软件为 FlowJo（流式细胞术分析）、ImageJ（图像分析）、GraphPad Prism（统计分析），均非用于3D数据的处理、分析、建模或测量；未出现任何具名第三方非牙科三维（3D）软件的使用证据。,-,-,-,-,"【判定】: EXCLUDE
【证据】: 片段中出现的软件为 FlowJo（流式细胞术分析）、ImageJ（图像分析）、GraphPad Prism（统计分析），均非用于3D数据的处理、分析、建模或测量；未出现任何具名第三方非牙科三维（3D）软件的使用证据。
【软件】: -
【专科】: -
【应用场景】: -
【研究设计】: -"
3d printing of metal organic framework incorporated porous scaffolds to promote osteogenic differentiation and bone regeneration,3D printing of metal-organic framework incorporated porous scaffolds to promote osteogenic differentiation and bone regeneration,NANOSCALE,journalArticle,4FBLMYQK,,EXCLUDE,EXCLUDE,"证据片段中出现的软件为 SCANCO Medical visualizer（Micro-CT 自带牙科/骨分析软件）、FlowJo（流式细胞术分析）、Image J、SPSS、OriginPro、GraphPad Prism、Photoshop，均非纳入标准所列的具名第三方非牙科三维（3D）软件；且未出现 ""we used / imported into / processed in"" 等表明本研究使用 Mimics、3D Slicer、Geomagic、ANSYS 等非牙科3D软件进行3D数据处理、分析、建模或测量的表述。缺失证据：本研究自身使用具名第三方非牙科3D软件的原文表述。",-,-,-,-,"【判定】: EXCLUDE
【证据】: 证据片段中出现的软件为 SCANCO Medical visualizer（Micro-CT 自带牙科/骨分析软件）、FlowJo（流式细胞术分析）、Image J、SPSS、OriginPro、GraphPad Prism、Photoshop，均非纳入标准所列的具名第三方非牙科三维（3D）软件；且未出现 ""we used / imported into / processed in"" 等表明本研究使用 Mimics、3D Slicer、Geomagic、ANSYS 等非牙科3D软件进行3D数据处理、分析、建模或测量的表述。缺失证据：本研究自身使用具名第三方非牙科3D软件的原文表述。
【软件】: -
【专科】: -
【应用场景】: -
【研究设计】: -"
transforming surgical planning and procedures through the synergistic use of additive manufacturing advanced materials and artificial intelligence challenges and opportunities,"Transforming surgical planning and procedures through the synergistic use of additive manufacturing, advanced materials and artificial intelligence: challenges and opportunities",MATERIALS HORIZONS,journalArticle,Q4WEAUUG,,EXCLUDE,EXCLUDE,"证据片段中软件名（3D Slicer、Invesalius、Osirix、Mimics）仅出现在 Table 1 ""Standard volume rendering software employed in image processing and 3D model reconstruction"" 的综述性罗列中，未出现 ""we used / were analysed using / imported into / processed in"" 等表明本研究自身使用该软件的表述；且该文献为综述（""this review explores...""），类型不符。",-,-,-,-,"【判定】: EXCLUDE
【证据】: 证据片段中软件名（3D Slicer、Invesalius、Osirix、Mimics）仅出现在 Table 1 ""Standard volume rendering software employed in image processing and 3D model reconstruction"" 的综述性罗列中，未出现 ""we used / were analysed using / imported into / processed in"" 等表明本研究自身使用该软件的表述；且该文献为综述（""this review explores...""），类型不符。
【软件】: -
【专科】: -
【应用场景】: -
【研究设计】: -"
a 3d co culture system inspired by fracture healing cell interactions for bone tissue engineering,A 3D Co-Culture System Inspired by Fracture Healing Cell Interactions for Bone Tissue Engineering,ADVANCED HEALTHCARE MATERIALS,journalArticle,B7TAIWTK,,EXCLUDE,INCLUDE,All 3D models were designed using Materialise Magics software 24.0.,Materialise Magics,Oral and Maxillofacial Surgery,Digital design and manufacturing,in_vitro,"【判定】: INCLUDE
【证据】: All 3D models were designed using Materialise Magics software 24.0.
【软件】: Materialise Magics
【专科】: Oral and Maxillofacial Surgery
【应用场景】: Digital design and manufacturing
【研究设计】: in_vitro"
feasibility of a hybrid semd vmi nmar framework for metal artifact reduction in dental computed tomography simulation study,Feasibility of a hybrid SEMD-VMI-NMAR framework for metal artifact reduction in dental computed tomography: simulation study,JOURNAL OF INSTRUMENTATION,journalArticle,SMP7ULWB,,EXCLUDE,EXCLUDE,"证据片段中未出现任何具名第三方非牙科3D软件（如 Mimics、MATLAB、3D Slicer 等）被本研究使用的表述；仅描述了自研的 SEMD-VMI-NMAR 框架、NMAR 算法及 FBP 重建流程，属于自研代码/算法，缺少""使用具名第三方3D软件""的证据。",-,-,-,-,"【判定】: EXCLUDE
【证据】: 证据片段中未出现任何具名第三方非牙科3D软件（如 Mimics、MATLAB、3D Slicer 等）被本研究使用的表述；仅描述了自研的 SEMD-VMI-NMAR 框架、NMAR 算法及 FBP 重建流程，属于自研代码/算法，缺少""使用具名第三方3D软件""的证据。
【软件】: -
【专科】: -
【应用场景】: -
【研究设计】: -"
self organized vascularized microtissue based on the human microvascular unit for tissue repair and regeneration,Self-Organized Vascularized Microtissue Based on the Human Microvascular Unit for Tissue Repair and Regeneration,ACS APPLIED MATERIALS & INTERFACES,journalArticle,GPMMUGAQ,,EXCLUDE,EXCLUDE,片段中出现的软件为 CTVox、CTAn（Bruker）及 GraphPad Prism，均为本研究使用的软件，但 CTVox/CTAn 属 μ-CT 专用分析软件，非纳入标准所列的非牙科通用三维软件；且该研究主题为血管化微组织用于脊髓、皮肤、股骨缺损修复，不属于口腔医学任一学科。,-,-,-,-,"【判定】: EXCLUDE
【证据】: 片段中出现的软件为 CTVox、CTAn（Bruker）及 GraphPad Prism，均为本研究使用的软件，但 CTVox/CTAn 属 μ-CT 专用分析软件，非纳入标准所列的非牙科通用三维软件；且该研究主题为血管化微组织用于脊髓、皮肤、股骨缺损修复，不属于口腔医学任一学科。
【软件】: -
【专科】: -
【应用场景】: -
【研究设计】: -"
efficient tooth gingival margin line reconstruction via adversarial learning,Efficient tooth gingival margin line reconstruction via adversarial learning,BIOMEDICAL SIGNAL PROCESSING AND CONTROL,journalArticle,IU4TXBBS,,EXCLUDE,EXCLUDE,"证据片段中未出现任何表明本研究自身使用了具名第三方非牙科3D软件的表述（如 ""we used / were analysed using / imported into / processed in""）；片段仅泛述 CAD 技术、引用他人研究（Kondo et al.、Yuan et al.、Li et al.、Zhang et al.、Cui et al.、Lian et al.、Xu et al.），且摘要显示该研究为自研深度对抗网络（GMLR），属自建深度学习模型，无具名第三方软件使用证据。",-,-,-,-,"【判定】: EXCLUDE
【证据】: 证据片段中未出现任何表明本研究自身使用了具名第三方非牙科3D软件的表述（如 ""we used / were analysed using / imported into / processed in""）；片段仅泛述 CAD 技术、引用他人研究（Kondo et al.、Yuan et al.、Li et al.、Zhang et al.、Cui et al.、Lian et al.、Xu et al.），且摘要显示该研究为自研深度对抗网络（GMLR），属自建深度学习模型，无具名第三方软件使用证据。
【软件】: -
【专科】: -
【应用场景】: -
【研究设计】: -"
ginger extract release from 3d printed calcium phosphate scaffolds for bone regeneration,Ginger extract release from 3D printed calcium phosphate scaffolds for bone regeneration,BIOMATERIALS ADVANCES,journalArticle,FEHPJQNB,,EXCLUDE,EXCLUDE,"片段中仅出现 ""RGB analysis and area measurement methods were utilized using ImageJ software""，ImageJ 属于图像分析软件，非牙科三维（3D）软件，未用于3D数据的处理、分析、建模或测量；其余软件（GraphPad Prism）为统计软件。缺失使用具名第三方非牙科3D软件进行3D处理的证据。",-,-,-,-,"【判定】: EXCLUDE
【证据】: 片段中仅出现 ""RGB analysis and area measurement methods were utilized using ImageJ software""，ImageJ 属于图像分析软件，非牙科三维（3D）软件，未用于3D数据的处理、分析、建模或测量；其余软件（GraphPad Prism）为统计软件。缺失使用具名第三方非牙科3D软件进行3D处理的证据。
【软件】: -
【专科】: -
【应用场景】: -
【研究设计】: -"
development of a statistical shape model and assessment of anatomical shape variations in the hemipelvis,Development of a Statistical Shape Model and Assessment of Anatomical Shape Variations in the Hemipelvis,JOURNAL OF CLINICAL MEDICINE,journalArticle,GT3HSR5N,,EXCLUDE,EXCLUDE,该研究主题为骨盆（hemipelvis）形态的统计形状模型，属于骨科/解剖学领域，而非口腔医学任一学科；摘要与方法学片段均未涉及口腔、牙科或颌面部相关研究内容。,-,-,-,-,"【判定】: EXCLUDE
【证据】: 该研究主题为骨盆（hemipelvis）形态的统计形状模型，属于骨科/解剖学领域，而非口腔医学任一学科；摘要与方法学片段均未涉及口腔、牙科或颌面部相关研究内容。
【软件】: -
【专科】: -
【应用场景】: -
【研究设计】: -"
deep absolute phase recovery from single frequency phase map for handheld 3d measurement,Deep absolute phase recovery from single- frequency phase map for handheld 3D measurement,OPTICS COMMUNICATIONS,journalArticle,3BAYRGI4,,EXCLUDE,EXCLUDE,该研究仅使用自研的轻量级DCNN（深度学习网络）进行相位解包裹，方法学片段中未出现任何具名第三方非牙科3D软件（如Mimics、MATLAB等）的使用表述；且主题为条纹投影轮廓术（fringe projection profilometry）的相位恢复，不属于口腔医学任一学科。,-,-,-,-,"【判定】: EXCLUDE
【证据】: 该研究仅使用自研的轻量级DCNN（深度学习网络）进行相位解包裹，方法学片段中未出现任何具名第三方非牙科3D软件（如Mimics、MATLAB等）的使用表述；且主题为条纹投影轮廓术（fringe projection profilometry）的相位恢复，不属于口腔医学任一学科。
【软件】: -
【专科】: -
【应用场景】: -
【研究设计】: -"
a robust registration algorithm based on salient object detection,A robust registration algorithm based on salient object detection,MULTIMEDIA TOOLS AND APPLICATIONS,journalArticle,HIGYUZZD,,EXCLUDE,EXCLUDE,"主题不属于口腔医学（该文为计算机视觉领域的点云配准算法研究，发表于 Multimedia Tools and Applications，摘要与方法片段均未涉及口腔医学）；且证据片段中未出现任何表明本研究自身使用了具名第三方非牙科3D软件的表述（如 ""we used / were analysed using / imported into / processed in""），仅泛述 ICP、GICP 等算法。",-,-,-,-,"【判定】: EXCLUDE
【证据】: 主题不属于口腔医学（该文为计算机视觉领域的点云配准算法研究，发表于 Multimedia Tools and Applications，摘要与方法片段均未涉及口腔医学）；且证据片段中未出现任何表明本研究自身使用了具名第三方非牙科3D软件的表述（如 ""we used / were analysed using / imported into / processed in""），仅泛述 ICP、GICP 等算法。
【软件】: -
【专科】: -
【应用场景】: -
【研究设计】: -"
simple and cost effective generation of 3d cell sheets and spheroids using curvature controlled paraffin wax substrates,Simple and Cost-Effective Generation of 3D Cell Sheets and Spheroids Using Curvature-Controlled Paraffin Wax Substrates,NANO CONVERGENCE,journalArticle,TT3FFFAV,,EXCLUDE,EXCLUDE,"片段中仅出现 ""Cell counts in the images were analyzed using ImageJ software""，ImageJ 用于二维细胞计数，并非三维（3D）数据处理、分析、建模或测量；且未出现任何具名第三方非牙科3D软件用于3D数据处理的表述。",-,-,-,-,"【判定】: EXCLUDE
【证据】: 片段中仅出现 ""Cell counts in the images were analyzed using ImageJ software""，ImageJ 用于二维细胞计数，并非三维（3D）数据处理、分析、建模或测量；且未出现任何具名第三方非牙科3D软件用于3D数据处理的表述。
【软件】: -
【专科】: -
【应用场景】: -
【研究设计】: -"
a rare coeliacomesenteric trunk arising from the aorta and a hepatophrenic trunk giving rise to an accessory left hepatic artery proposal of a new classification system for hepatic arterial variations,A Rare Coeliacomesenteric Trunk Arising from the Aorta and a Hepatophrenic Trunk Giving Rise to an Accessory Left Hepatic Artery: Proposal of a New Classification System for Hepatic Arterial Variations,BRATISLAVA MEDICAL JOURNAL,journalArticle,58D6XU47,,EXCLUDE,EXCLUDE,主题为肝动脉变异（腹部CT三维重建），不属于口腔医学任一学科；且所用软件 Vitrea 为医学影像软件，非口腔领域，但核心排除原因是主题不符。,-,-,-,-,"【判定】: EXCLUDE
【证据】: 主题为肝动脉变异（腹部CT三维重建），不属于口腔医学任一学科；且所用软件 Vitrea 为医学影像软件，非口腔领域，但核心排除原因是主题不符。
【软件】: -
【专科】: -
【应用场景】: -
【研究设计】: -"
a retrospective cohort study on scan quality of implant scanbodies matched with cad libraries,A Retrospective Cohort Study on Scan Quality of Implant Scanbodies Matched With CAD Libraries,CLINICAL IMPLANT DENTISTRY AND RELATED RESEARCH,journalArticle,7XTL6VPY,,EXCLUDE,EXCLUDE,"证据片段中仅出现 ""dental CAD software""（牙科CAD软件）这一泛称，未出现任何具名第三方非牙科3D软件名；且无 ""we used / were analysed using / imported into / processed in"" 等表明本研究自身使用某具名软件的表述。",-,-,-,-,"【判定】: EXCLUDE
【证据】: 证据片段中仅出现 ""dental CAD software""（牙科CAD软件）这一泛称，未出现任何具名第三方非牙科3D软件名；且无 ""we used / were analysed using / imported into / processed in"" 等表明本研究自身使用某具名软件的表述。
【软件】: -
【专科】: -
【应用场景】: -
【研究设计】: -"
temporal modulation of dna methylation and gene expression in monolayer and 3d spheroids of dental pulp stem cells during osteogenic differentiation a comparative study,Temporal Modulation of DNA Methylation and Gene Expression in Monolayer and 3D Spheroids of Dental Pulp Stem Cells during Osteogenic Differentiation: A Comparative Study,TISSUE ENGINEERING AND REGENERATIVE MEDICINE,journalArticle,RAR7M36P,,EXCLUDE,EXCLUDE,片段中出现的软件为 'BioEdit'（free online software，用于测序结果分析）和 GraphPad Prism 6（统计分析），以及 micro-CT 设备（Phoenix Nanotom S）。BioEdit 为序列分析软件，非三维（3D）数据处理/建模/测量软件；GraphPad Prism 为统计软件；micro-CT 为成像设备而非具名第三方非牙科3D软件。缺失证据：本研究未在材料与方法中使用任何具名的第三方非牙科三维（3D）软件（如 Mimics、3D Slicer、Geomagic 等）进行3D数据的处理、分析、建模或测量。,-,-,-,-,"【判定】: EXCLUDE
【证据】: 片段中出现的软件为 'BioEdit'（free online software，用于测序结果分析）和 GraphPad Prism 6（统计分析），以及 micro-CT 设备（Phoenix Nanotom S）。BioEdit 为序列分析软件，非三维（3D）数据处理/建模/测量软件；GraphPad Prism 为统计软件；micro-CT 为成像设备而非具名第三方非牙科3D软件。缺失证据：本研究未在材料与方法中使用任何具名的第三方非牙科三维（3D）软件（如 Mimics、3D Slicer、Geomagic 等）进行3D数据的处理、分析、建模或测量。
【软件】: -
【专科】: -
【应用场景】: -
【研究设计】: -"
novel standardized method for inducing medication related osteonecrosis of the jaw in rats and precise quantitative assessment of pathological outcomes,Novel standardized method for inducing medication-related osteonecrosis of the jaw in rats and precise quantitative assessment of pathological outcomes,ODONTOLOGY,journalArticle,A88G5IRI,,EXCLUDE,INCLUDE,"The acquired images were processed and analyzed using the TRI/3D-BON-FCS64 software (Ratoc System Engineering, Tokyo, Japan).",TRI/3D-BON-FCS64,Oral and Maxillofacial Surgery,Image segmentation and 3D reconstruction,in_vitro,"【判定】: INCLUDE
【证据】: The acquired images were processed and analyzed using the TRI/3D-BON-FCS64 software (Ratoc System Engineering, Tokyo, Japan).
【软件】: TRI/3D-BON-FCS64
【专科】: Oral and Maxillofacial Surgery
【应用场景】: Image segmentation and 3D reconstruction
【研究设计】: in_vitro"
3d printing for tissue organ regeneration in china,3D printing for tissue/organ regeneration in China,BIO-DESIGN AND MANUFACTURING,journalArticle,6FE3CE5K,,EXCLUDE,EXCLUDE,"该文献为综述（摘要明确 ""this review brings together...""），且证据片段中未出现任何表明本研究自身使用具名第三方非牙科3D软件的表述（如 ""we used / were analysed using / imported into / processed in""）；片段仅泛述他人工作（如 ""the Han group optimized... via finite element modeling""），未指明本研究使用的具体软件。",-,-,-,-,"【判定】: EXCLUDE
【证据】: 该文献为综述（摘要明确 ""this review brings together...""），且证据片段中未出现任何表明本研究自身使用具名第三方非牙科3D软件的表述（如 ""we used / were analysed using / imported into / processed in""）；片段仅泛述他人工作（如 ""the Han group optimized... via finite element modeling""），未指明本研究使用的具体软件。
【软件】: -
【专科】: -
【应用场景】: -
【研究设计】: -"
innovative approach to computer aided measurement of unilateral cleft lip and palate models using onyxceph3,Innovative Approach to Computer-Aided Measurement of Unilateral Cleft Lip and Palate Models Using OnyxCeph3?,APPLIED SCIENCES-BASEL,journalArticle,TJ9ACC3S,,EXCLUDE,EXCLUDE,"该研究仅使用 OnyxCeph3™（Image Instruments® GmbH, Chemnitz, Germany）进行计算机辅助测量，未使用任何具名的第三方非牙科3D软件（如 Mimics、3D Slicer、Geomagic、MATLAB 等）。OnyxCeph3 为牙科正畸专用软件，不符合纳入标准第2条。",-,-,-,-,"【判定】: EXCLUDE
【证据】: 该研究仅使用 OnyxCeph3™（Image Instruments® GmbH, Chemnitz, Germany）进行计算机辅助测量，未使用任何具名的第三方非牙科3D软件（如 Mimics、3D Slicer、Geomagic、MATLAB 等）。OnyxCeph3 为牙科正畸专用软件，不符合纳入标准第2条。
【软件】: -
【专科】: -
【应用场景】: -
【研究设计】: -"
establishment and validation of an efficient method for the 3d culture of osteoclasts in vitro,Establishment and validation of an efficient method for the 3D culture of osteoclasts in vitro,JOURNAL OF DENTISTRY,journalArticle,22UQETPW,,EXCLUDE,EXCLUDE,"证据片段仅包含参考文献列表（如 ""[35] M.W. Tibbitt...""）和基金/作者贡献声明，未出现任何表明本研究自身使用了具名第三方非牙科3D软件的表述（如 ""we used / were analysed using / imported into / processed in""）。",-,-,-,-,"【判定】: EXCLUDE
【证据】: 证据片段仅包含参考文献列表（如 ""[35] M.W. Tibbitt...""）和基金/作者贡献声明，未出现任何表明本研究自身使用了具名第三方非牙科3D软件的表述（如 ""we used / were analysed using / imported into / processed in""）。
【软件】: -
【专科】: -
【应用场景】: -
【研究设计】: -"
evaluating surgical approaches for hemimandibular hyperplasia associated with osteochondroma a systematic literature review,Evaluating Surgical Approaches for Hemimandibular Hyperplasia Associated with Osteochondroma: A Systematic Literature Review,JOURNAL OF CLINICAL MEDICINE,journalArticle,FUT7TPXZ,,EXCLUDE,EXCLUDE,"该文献为系统综述（Systematic Literature Review），类型不符纳入标准第3条；且证据片段中未出现任何表明本研究自身使用具名第三方非牙科3D软件的表述（如 ""we used / were analysed using / imported into / processed in""），仅提及他文引用（Seres et al. 2014 使用 computer-aided planning and 3D rapid prototyping）。",-,-,-,-,"【判定】: EXCLUDE
【证据】: 该文献为系统综述（Systematic Literature Review），类型不符纳入标准第3条；且证据片段中未出现任何表明本研究自身使用具名第三方非牙科3D软件的表述（如 ""we used / were analysed using / imported into / processed in""），仅提及他文引用（Seres et al. 2014 使用 computer-aided planning and 3D rapid prototyping）。
【软件】: -
【专科】: -
【应用场景】: -
【研究设计】: -"
3d models for oral inflammation using gingival fibroblasts lipopolysaccharides and hypoxia,"3D models for oral inflammation using gingival fibroblasts, lipopolysaccharides and hypoxia",SCIENTIFIC REPORTS,journalArticle,99SWF2CI,,EXCLUDE,EXCLUDE,片段中出现的软件为 FIJI（图像处理）、Luminex xPONENT 3.1、GraphPad Prism 9、IBM SPSS Statistics 30，均非纳入标准所列的非牙科三维（3D）软件；FIJI 虽用于共聚焦图像处理，但属于二维图像分析软件，未用于3D数据的处理、分析、建模或测量，缺乏使用具名第三方非牙科3D软件处理3D数据的证据。,-,-,-,-,"【判定】: EXCLUDE
【证据】: 片段中出现的软件为 FIJI（图像处理）、Luminex xPONENT 3.1、GraphPad Prism 9、IBM SPSS Statistics 30，均非纳入标准所列的非牙科三维（3D）软件；FIJI 虽用于共聚焦图像处理，但属于二维图像分析软件，未用于3D数据的处理、分析、建模或测量，缺乏使用具名第三方非牙科3D软件处理3D数据的证据。
【软件】: -
【专科】: -
【应用场景】: -
【研究设计】: -"
factors influencing craniofaciadental changes in skeletal class iii orthognathic surgery by using machine learning,Factors influencing craniofaciadental changes in skeletal Class III orthognathic surgery by using machine learning,JOURNAL OF DENTAL SCIENCES,journalArticle,XCI3WWY4,,EXCLUDE,EXCLUDE,"证据片段中仅出现 ""WEBCEPH digital cephalometric analysis software""（牙科专用头影测量软件）及 ""SPSS""、""Python""（统计/编程工具，非三维软件）；未出现任何具名第三方非牙科三维（3D）软件用于3D数据处理、分析、建模或测量的表述。",-,-,-,-,"【判定】: EXCLUDE
【证据】: 证据片段中仅出现 ""WEBCEPH digital cephalometric analysis software""（牙科专用头影测量软件）及 ""SPSS""、""Python""（统计/编程工具，非三维软件）；未出现任何具名第三方非牙科三维（3D）软件用于3D数据处理、分析、建模或测量的表述。
【软件】: -
【专科】: -
【应用场景】: -
【研究设计】: -"
artificial intelligence performance in maxillary canine impaction a systematic review,Artificial intelligence performance in maxillary canine impaction: a systematic review,EUROPEAN JOURNAL OF MEDICAL RESEARCH,journalArticle,J59JBZ9K,,EXCLUDE,EXCLUDE,"该文献为系统综述（systematic review），摘要明确为 ""This systematic review evaluates the literature""，方法学片段描述的是检索策略、PICO框架、QUADAS-2/PROBASS T工具及对纳入研究的汇总（如 ""AI demonstrated high diagnostic performance... 3D U-Net, 3D ResNet50""），均为对他人研究的引用与归纳，未出现 ""we used / were analysed using / imported into / processed in"" 等表明本研究自身使用某具名第三方非牙科3D软件的表述。缺失证据：本研究自身在材料与方法中使用具名第三方非牙科3D软件处理/分析/建模/测量的原文。",-,-,-,-,"【判定】: EXCLUDE
【证据】: 该文献为系统综述（systematic review），摘要明确为 ""This systematic review evaluates the literature""，方法学片段描述的是检索策略、PICO框架、QUADAS-2/PROBASS T工具及对纳入研究的汇总（如 ""AI demonstrated high diagnostic performance... 3D U-Net, 3D ResNet50""），均为对他人研究的引用与归纳，未出现 ""we used / were analysed using / imported into / processed in"" 等表明本研究自身使用某具名第三方非牙科3D软件的表述。缺失证据：本研究自身在材料与方法中使用具名第三方非牙科3D软件处理/分析/建模/测量的原文。
【软件】: -
【专科】: -
【应用场景】: -
【研究设计】: -"
effect of different surface treatments on the bond strength of milled polyetheretherketone posts,Effect of different surface treatments on the bond strength of milled polyetheretherketone posts,JOURNAL OF PROSTHETIC DENTISTRY,journalArticle,8CQXSRJC,,EXCLUDE,EXCLUDE,该研究使用的软件为 CEREC Primescan Software v.9（Dentsply Sirona）及 CAD-CAM 系统，均属牙科专用软件/系统；证据片段中未出现任何具名的第三方非牙科三维软件（如 Mimics、3D Slicer、Geomagic 等）用于3D数据处理、分析、建模或测量。,-,-,-,-,"【判定】: EXCLUDE
【证据】: 该研究使用的软件为 CEREC Primescan Software v.9（Dentsply Sirona）及 CAD-CAM 系统，均属牙科专用软件/系统；证据片段中未出现任何具名的第三方非牙科三维软件（如 Mimics、3D Slicer、Geomagic 等）用于3D数据处理、分析、建模或测量。
【软件】: -
【专科】: -
【应用场景】: -
【研究设计】: -"
intraoral scanning versus conventional methods for obtaining full arch implant supported prostheses a systematic review with meta analysis,Intraoral Scanning Versus Conventional Methods for Obtaining Full-Arch Implant-Supported Prostheses: A Systematic Review with Meta-Analysis,APPLIED SCIENCES-BASEL,journalArticle,NZG7YSMU,,EXCLUDE,EXCLUDE,该研究为系统综述（Systematic Review with Meta-Analysis），文献类型不符（排除综述、系统综述）。且证据片段中出现的软件为 Review Manager 7.2，仅用于Meta分析的定量统计阶段，并非用于3D数据的处理、分析、建模或测量，不属于具名第三方非牙科三维（3D）软件。,-,-,-,-,"【判定】: EXCLUDE
【证据】: 该研究为系统综述（Systematic Review with Meta-Analysis），文献类型不符（排除综述、系统综述）。且证据片段中出现的软件为 Review Manager 7.2，仅用于Meta分析的定量统计阶段，并非用于3D数据的处理、分析、建模或测量，不属于具名第三方非牙科三维（3D）软件。
【软件】: -
【专科】: -
【应用场景】: -
【研究设计】: -"
iteration of tumor organoids in drug development simplification and integration,Iteration of Tumor Organoids in Drug Development: Simplification and Integration,PHARMACEUTICALS,journalArticle,R9QBMTFF,,EXCLUDE,EXCLUDE,"该文献为综述（题名 ""Iteration of Tumor Organoids in Drug Development: Simplification and Integration""，摘要明确 ""This review highlights...""），且证据片段中出现的软件名（如 OrgaExtractor）仅出现在对他文研究的泛述中，无 ""we used / were analysed using / imported into / processed in"" 等表明本研究自身使用该软件的表述；同时主题为肿瘤类器官药物开发，不属于口腔医学。",-,-,-,-,"【判定】: EXCLUDE
【证据】: 该文献为综述（题名 ""Iteration of Tumor Organoids in Drug Development: Simplification and Integration""，摘要明确 ""This review highlights...""），且证据片段中出现的软件名（如 OrgaExtractor）仅出现在对他文研究的泛述中，无 ""we used / were analysed using / imported into / processed in"" 等表明本研究自身使用该软件的表述；同时主题为肿瘤类器官药物开发，不属于口腔医学。
【软件】: -
【专科】: -
【应用场景】: -
【研究设计】: -"
differential osteo specific invasion of patient derived cancer cells in a microfluidic co culture model,Differential osteo-specific invasion of patient-derived cancer cells in a microfluidic co-culture model,CHEMICAL ENGINEERING JOURNAL,journalArticle,BRZ6NS5I,,EXCLUDE,EXCLUDE,该研究虽在方法学中使用 COMSOL Multiphysics 和 Autodesk Inventor 进行微流控芯片建模与流体仿真，但主题为口腔鳞癌细胞的微流控共培养侵袭模型，属于肿瘤生物学/组织工程范畴，而非口腔医学任一学科的临床或牙科相关研究；且软件用于微流控装置设计而非牙科3D数据处理。,-,-,-,-,"【判定】: EXCLUDE
【证据】: 该研究虽在方法学中使用 COMSOL Multiphysics 和 Autodesk Inventor 进行微流控芯片建模与流体仿真，但主题为口腔鳞癌细胞的微流控共培养侵袭模型，属于肿瘤生物学/组织工程范畴，而非口腔医学任一学科的临床或牙科相关研究；且软件用于微流控装置设计而非牙科3D数据处理。
【软件】: -
【专科】: -
【应用场景】: -
【研究设计】: -"
the relevance of intraoral scanner ios for periodontal diagnosis a scoping review,The relevance of intraoral scanner (IOS) for periodontal diagnosis: A scoping review,JOURNAL OF DENTISTRY,journalArticle,QFG24RI9,,EXCLUDE,EXCLUDE,"该文献为 scoping review（范围综述），摘要明确 ""The aim of this scoping review was to map the literature...""，方法学片段中出现的 Mimics、MeshLab、Amira、GOM Inspect、Geomagic Studio 等软件名均来自被纳入综述的**他人研究**的汇总表格（如 ""Aydinyurt et al. [41]... Mimics 10""、""Measurements: MeshLab software""），并非本综述自身在材料与方法中使用；且文献类型为综述，不符合纳入标准第3条。",-,-,-,-,"【判定】: EXCLUDE
【证据】: 该文献为 scoping review（范围综述），摘要明确 ""The aim of this scoping review was to map the literature...""，方法学片段中出现的 Mimics、MeshLab、Amira、GOM Inspect、Geomagic Studio 等软件名均来自被纳入综述的**他人研究**的汇总表格（如 ""Aydinyurt et al. [41]... Mimics 10""、""Measurements: MeshLab software""），并非本综述自身在材料与方法中使用；且文献类型为综述，不符合纳入标准第3条。
【软件】: -
【专科】: -
【应用场景】: -
【研究设计】: -"
fabrication of multilayer heterogeneous cell assembly for pathophysiologically relevant 3d in vitro ibd disease model for high throughput drug screening,Fabrication of multilayer heterogeneous cell assembly for pathophysiologically relevant 3D in-vitro IBD disease model for high throughput drug screening,BIOFABRICATION,journalArticle,XQQ4EMYY,,EXCLUDE,EXCLUDE,"证据片段均为对他人研究（Kim and Kim、Torras et al 等）的综述性描述（""In one study... developed""、""Torras et al developed""），其中出现的 Image J 仅出现在描述他人研究的引文中，未表明本研究自身使用该软件；且摘要与题名主题为体外肠道疾病模型与药物筛选，不属于口腔医学。",-,-,-,-,"【判定】: EXCLUDE
【证据】: 证据片段均为对他人研究（Kim and Kim、Torras et al 等）的综述性描述（""In one study... developed""、""Torras et al developed""），其中出现的 Image J 仅出现在描述他人研究的引文中，未表明本研究自身使用该软件；且摘要与题名主题为体外肠道疾病模型与药物筛选，不属于口腔医学。
【软件】: -
【专科】: -
【应用场景】: -
【研究设计】: -"
automated segmentation of head ct scans for computer assisted craniomaxillofacial surgery applying a hierarchical patch based stack of convolutional neural networks,Automated segmentation of head CT scans for computer-assisted craniomaxillofacial surgery applying a hierarchical patch-based stack of convolutional neural networks,INTERNATIONAL JOURNAL OF COMPUTER ASSISTED RADIOLOGY AND SURGERY,journalArticle,YPPZ6Q53,,EXCLUDE,EXCLUDE,"证据片段仅显示该研究基于 ""patchwork toolbox"" 使用自建的多尺度3D卷积神经网络栈（""The deep learning approach of this study was based on the patchwork toolbox, using a multiscale stack of 3D convolutional neural networks""），未出现任何具名第三方非牙科3D软件（如 Mimics、3D Slicer、ITK-SNAP、MATLAB 等）被本研究用于3D数据处理、分析、建模或测量的表述。",-,-,-,-,"【判定】: EXCLUDE
【证据】: 证据片段仅显示该研究基于 ""patchwork toolbox"" 使用自建的多尺度3D卷积神经网络栈（""The deep learning approach of this study was based on the patchwork toolbox, using a multiscale stack of 3D convolutional neural networks""），未出现任何具名第三方非牙科3D软件（如 Mimics、3D Slicer、ITK-SNAP、MATLAB 等）被本研究用于3D数据处理、分析、建模或测量的表述。
【软件】: -
【专科】: -
【应用场景】: -
【研究设计】: -"
cmf net craniomaxillofacial landmark localization on cbct images using geometric constraint and transformer,CMF-Net: craniomaxillofacial landmark localization on CBCT images using geometric constraint and transformer,PHYSICS IN MEDICINE AND BIOLOGY,journalArticle,GY8ZSQRM,,EXCLUDE,EXCLUDE,"证据片段仅涉及相关工作综述（""Related work""），描述他人方法（如 Shahidi et al 2014、Gupta et al 2015、Zhang et al 2017 等），未出现 ""we used / were analysed using / imported into / processed in"" 等表明本研究自身使用某具名第三方非牙科3D软件的表述；摘要亦仅描述自研的 CMF-Net 深度学习框架，无第三方软件使用证据。",-,-,-,-,"【判定】: EXCLUDE
【证据】: 证据片段仅涉及相关工作综述（""Related work""），描述他人方法（如 Shahidi et al 2014、Gupta et al 2015、Zhang et al 2017 等），未出现 ""we used / were analysed using / imported into / processed in"" 等表明本研究自身使用某具名第三方非牙科3D软件的表述；摘要亦仅描述自研的 CMF-Net 深度学习框架，无第三方软件使用证据。
【软件】: -
【专科】: -
【应用场景】: -
【研究设计】: -"
a 3d bioprinted material that recapitulates the perivascular bone marrow structure for sustained hematopoietic and cancer models,A 3D Bioprinted Material That Recapitulates the Perivascular Bone Marrow Structure for Sustained Hematopoietic and Cancer Models,POLYMERS,journalArticle,8HLZZQ59,,EXCLUDE,EXCLUDE,该研究主题为3D生物打印骨髓结构用于造血与癌症模型，不属于口腔医学任一学科；且证据片段中出现的软件（ImageJ、FV10-ASW Viewer）为图像分析软件，未体现使用具名第三方非牙科三维（3D）软件进行3D数据处理、分析、建模或测量。,-,-,-,-,"【判定】: EXCLUDE
【证据】: 该研究主题为3D生物打印骨髓结构用于造血与癌症模型，不属于口腔医学任一学科；且证据片段中出现的软件（ImageJ、FV10-ASW Viewer）为图像分析软件，未体现使用具名第三方非牙科三维（3D）软件进行3D数据处理、分析、建模或测量。
【软件】: -
【专科】: -
【应用场景】: -
【研究设计】: -"
fhd hybridnet a fuzzy hellinger distance guided hybrid deep learning framework for robust multiclass brain tumor classification,FHD-HybridNet: A fuzzy hellinger distance-guided hybrid deep learning framework for robust multiclass brain tumor classification,BIOMEDICAL SIGNAL PROCESSING AND CONTROL,journalArticle,2DHJ2WE8,,EXCLUDE,EXCLUDE,"主题为脑肿瘤MRI分类，不属于口腔医学任一学科；且证据片段中未出现任何具名第三方非牙科3D软件（仅涉及自研深度学习框架 FHD-HybridNet 及 DenseNet121/MobileNet/ResNet50 等网络），缺失""本研究自身使用具名第三方非牙科3D软件""的证据。",-,-,-,-,"【判定】: EXCLUDE
【证据】: 主题为脑肿瘤MRI分类，不属于口腔医学任一学科；且证据片段中未出现任何具名第三方非牙科3D软件（仅涉及自研深度学习框架 FHD-HybridNet 及 DenseNet121/MobileNet/ResNet50 等网络），缺失""本研究自身使用具名第三方非牙科3D软件""的证据。
【软件】: -
【专科】: -
【应用场景】: -
【研究设计】: -"
computational design of a multi epitope vaccine against porphyromonas gingivalis,Computational Design of a Multi-Epitope Vaccine Against Porphyromonas gingivalis,FRONTIERS IN IMMUNOLOGY,journalArticle,UZP59EBY,,EXCLUDE,EXCLUDE,"片段中出现的软件名（如 Amber v.20、FireDock、PatchDock）均为分子对接与分子动力学模拟工具，属于免疫信息学/生物信息学领域，并非用于口腔医学3D数据的处理、分析、建模或测量；且未出现 ""we used / were analysed using / imported into / processed in"" 等表明本研究对口腔三维数据进行第三方非牙科3D软件处理的表述。缺失证据：本研究自身使用具名第三方非牙科3D软件进行3D数据处理/分析/建模/测量的原文。",-,-,-,-,"【判定】: EXCLUDE
【证据】: 片段中出现的软件名（如 Amber v.20、FireDock、PatchDock）均为分子对接与分子动力学模拟工具，属于免疫信息学/生物信息学领域，并非用于口腔医学3D数据的处理、分析、建模或测量；且未出现 ""we used / were analysed using / imported into / processed in"" 等表明本研究对口腔三维数据进行第三方非牙科3D软件处理的表述。缺失证据：本研究自身使用具名第三方非牙科3D软件进行3D数据处理/分析/建模/测量的原文。
【软件】: -
【专科】: -
【应用场景】: -
【研究设计】: -"
fabrication and in vitro characterization of novel hydroxyapatite scaffolds 3d printed using polyvinyl alcohol as a thermoplastic binder,Fabrication and In Vitro Characterization of Novel Hydroxyapatite Scaffolds 3D Printed Using Polyvinyl Alcohol as a Thermoplastic Binder,INTERNATIONAL JOURNAL OF MOLECULAR SCIENCES,journalArticle,E92DLAGP,,EXCLUDE,EXCLUDE,片段中出现的软件为 Tinkercad、Repetier-Host、Slic3r、Match!、Omnic，均非用于3D数据的处理、分析、建模或测量（Tinkercad/Slic3r 属3D打印切片建模，但该研究为骨组织工程支架，主题不属于口腔医学任一学科；且未出现 Mimics、3D Slicer、Geomagic 等非牙科3D分析软件用于3D数据处理/分析/测量的表述）。缺失证据：本研究自身使用具名第三方非牙科3D软件进行3D数据处理、分析、建模或测量的明确表述，且主题不属口腔医学。,-,-,-,-,"【判定】: EXCLUDE
【证据】: 片段中出现的软件为 Tinkercad、Repetier-Host、Slic3r、Match!、Omnic，均非用于3D数据的处理、分析、建模或测量（Tinkercad/Slic3r 属3D打印切片建模，但该研究为骨组织工程支架，主题不属于口腔医学任一学科；且未出现 Mimics、3D Slicer、Geomagic 等非牙科3D分析软件用于3D数据处理/分析/测量的表述）。缺失证据：本研究自身使用具名第三方非牙科3D软件进行3D数据处理、分析、建模或测量的明确表述，且主题不属口腔医学。
【软件】: -
【专科】: -
【应用场景】: -
【研究设计】: -"
automatic landmark identification for surgical 3d navigation a proposed method for marker free dental surgical navigation systems,Automatic landmark identification for surgical 3d-navigation - A proposed method for marker-free dental surgical navigation systems,BIOMEDICAL ENGINEERING-BIOMEDIZINISCHE TECHNIK,journalArticle,LZEYGM5C,,INCLUDE,INCLUDE,"""The proposed method was implemented in MATLAB (R) and validated in vitro with one artificial mandible."" 以及 ""the MATLAB®-function pcregistericp returns this value and can be used directly.""",MATLAB,Oral and Maxillofacial Surgery,Surgical planning and precise implementation,computational,"【判定】: INCLUDE
【证据】: ""The proposed method was implemented in MATLAB (R) and validated in vitro with one artificial mandible."" 以及 ""the MATLAB®-function pcregistericp returns this value and can be used directly.""
【软件】: MATLAB
【专科】: Oral and Maxillofacial Surgery
【应用场景】: Surgical planning and precise implementation
【研究设计】: computational"
unsupervised learning of reference bony shapes for orthognathic surgical planning with a surface deformation network,Unsupervised learning of reference bony shapes for orthognathic surgical planning with a surface deformation network,MEDICAL PHYSICS,journalArticle,4CJX2G8D,,EXCLUDE,EXCLUDE,"证据片段中仅提及 PointNet、PointNet++、PointConv 等深度学习网络架构（作为方法学背景/他文引用），未出现本研究自身使用具名第三方非牙科3D软件（如 Mimics、3D Slicer、MATLAB 等）进行3D数据处理、分析、建模或测量的表述；该研究为自建深度学习框架（surface deformation network / SDNet），属""只使用自研代码/自建深度学习模型，没有使用具名第三方软件""的排除情形。",-,-,-,-,"【判定】: EXCLUDE
【证据】: 证据片段中仅提及 PointNet、PointNet++、PointConv 等深度学习网络架构（作为方法学背景/他文引用），未出现本研究自身使用具名第三方非牙科3D软件（如 Mimics、3D Slicer、MATLAB 等）进行3D数据处理、分析、建模或测量的表述；该研究为自建深度学习框架（surface deformation network / SDNet），属""只使用自研代码/自建深度学习模型，没有使用具名第三方软件""的排除情形。
【软件】: -
【专科】: -
【应用场景】: -
【研究设计】: -"
planning system for the optimization of electric field delivery using implanted electrodes for brain tumor control,Planning system for the optimization of electric field delivery using implanted electrodes for brain tumor control,MEDICAL PHYSICS,journalArticle,6FDZK9VR,,EXCLUDE,EXCLUDE,"该研究主题为脑肿瘤电场治疗规划系统（brain tumor control），不属于口腔医学任一学科；证据片段中虽表明本研究使用了 3D Slicer（""The integrated planning pipeline in 3D Slicer begins with importing and segmenting patient magnetic resonance images (MRI) or computed tomography (CT) images""），但主题不符，故排除。",-,-,-,-,"【判定】: EXCLUDE
【证据】: 该研究主题为脑肿瘤电场治疗规划系统（brain tumor control），不属于口腔医学任一学科；证据片段中虽表明本研究使用了 3D Slicer（""The integrated planning pipeline in 3D Slicer begins with importing and segmenting patient magnetic resonance images (MRI) or computed tomography (CT) images""），但主题不符，故排除。
【软件】: -
【专科】: -
【应用场景】: -
【研究设计】: -"
in vitro and in vivo evaluation of 3d printed poly ethylene glycol dimethacrylate based photocurable hydrogel platform for bone tissue engineering,In Vitro and In Vivo Evaluation of 3D Printed Poly(Ethylene Glycol) Dimethacrylate-Based Photocurable Hydrogel Platform for Bone Tissue Engineering,MACROMOLECULAR BIOSCIENCE,journalArticle,4CX3I2NW,,EXCLUDE,EXCLUDE,该研究主题为骨组织工程（颅骨缺损修复），不属于口腔医学任一学科；且证据片段中出现的 Autodesk Fusion 360 用于支架建模，但研究主题与口腔医学无关，故不满足纳入标准第1条。,-,-,-,-,"【判定】: EXCLUDE
【证据】: 该研究主题为骨组织工程（颅骨缺损修复），不属于口腔医学任一学科；且证据片段中出现的 Autodesk Fusion 360 用于支架建模，但研究主题与口腔医学无关，故不满足纳入标准第1条。
【软件】: -
【专科】: -
【应用场景】: -
【研究设计】: -"
reconstructing dietary ecology of extinct strepsirrhines primates mammalia with new approaches for characterizing and analyzing tooth shape,"Reconstructing dietary ecology of extinct strepsirrhines (Primates, Mammalia) with new approaches for characterizing and analyzing tooth shape",PALEOBIOLOGY,journalArticle,JTQCYKPI,,EXCLUDE,EXCLUDE,该研究主题为灵长类（strepsirrhines）牙齿形态与食性生态重建，属于古生物学/进化生物学，不属于口腔医学任一学科；虽使用了 Avizo、Geomagic 等非牙科3D软件，但主题不符纳入标准第1条。,-,-,-,-,"【判定】: EXCLUDE
【证据】: 该研究主题为灵长类（strepsirrhines）牙齿形态与食性生态重建，属于古生物学/进化生物学，不属于口腔医学任一学科；虽使用了 Avizo、Geomagic 等非牙科3D软件，但主题不符纳入标准第1条。
【软件】: -
【专科】: -
【应用场景】: -
【研究设计】: -"
marginal and internal fit of three unit zirconia fixed dental prostheses effects of prosthesis design cement space and zirconia type,"Marginal and internal fit of three-unit zirconia fixed dental prostheses: Effects of prosthesis design, cement space, and zirconia type",JOURNAL OF PROSTHODONTIC RESEARCH,journalArticle,D5VQSNCE,,EXCLUDE,EXCLUDE,"方法学片段中仅出现牙科专用软件：设计使用 ""CAD software (S-WAVE Dental System Premium, Shofu, Kyoto, Japan)""，CAM 使用 ""CAM software (GO2dental, Shofu)""，扫描使用 ""intraoral scanner (Trios 3, 3SHAPE)""。未出现任何具名第三方非牙科3D软件（如 Mimics、3D Slicer、Geomagic、MATLAB 等）被本研究自身用于3D数据处理、分析、建模或测量。",-,-,-,-,"【判定】: EXCLUDE
【证据】: 方法学片段中仅出现牙科专用软件：设计使用 ""CAD software (S-WAVE Dental System Premium, Shofu, Kyoto, Japan)""，CAM 使用 ""CAM software (GO2dental, Shofu)""，扫描使用 ""intraoral scanner (Trios 3, 3SHAPE)""。未出现任何具名第三方非牙科3D软件（如 Mimics、3D Slicer、Geomagic、MATLAB 等）被本研究自身用于3D数据处理、分析、建模或测量。
【软件】: -
【专科】: -
【应用场景】: -
【研究设计】: -"
geometric and dosimetric impact of 3d generative adversarial network based metal artifact reduction algorithm on vmat and impt for the head and neck region,Geometric and dosimetric impact of 3D generative adversarial network-based metal artifact reduction algorithm on VMAT and IMPT for the head and neck region,RADIATION ONCOLOGY,journalArticle,HTI9YI8V,,EXCLUDE,EXCLUDE,"证据片段中仅出现 ""all statistical analyses were performed using the R (version 3.6.1) package""，R 为统计分析软件，并非用于3D数据的处理、分析、建模或测量；未出现本研究自身使用具名第三方非牙科3D软件（如 Mimics、3D Slicer、MATLAB 等）进行3D数据处理/建模/测量的表述。",-,-,-,-,"【判定】: EXCLUDE
【证据】: 证据片段中仅出现 ""all statistical analyses were performed using the R (version 3.6.1) package""，R 为统计分析软件，并非用于3D数据的处理、分析、建模或测量；未出现本研究自身使用具名第三方非牙科3D软件（如 Mimics、3D Slicer、MATLAB 等）进行3D数据处理/建模/测量的表述。
【软件】: -
【专科】: -
【应用场景】: -
【研究设计】: -"
automated condylar seating assessment using a deep learning based three step approach,Automated condylar seating assessment using a deep learning-based three-step approach,CLINICAL ORAL INVESTIGATIONS,journalArticle,UEXGMEK7,,EXCLUDE,EXCLUDE,"证据片段仅显示该研究使用自研的深度学习算法（3D U-Net、ray-casting、FFNN）进行髁突定位评估，未出现任何具名第三方非牙科3D软件（如 Mimics、3D Slicer、MATLAB 等）被""we used / imported into / processed in""等表述表明本研究自身使用的证据。",-,-,-,-,"【判定】: EXCLUDE
【证据】: 证据片段仅显示该研究使用自研的深度学习算法（3D U-Net、ray-casting、FFNN）进行髁突定位评估，未出现任何具名第三方非牙科3D软件（如 Mimics、3D Slicer、MATLAB 等）被""we used / imported into / processed in""等表述表明本研究自身使用的证据。
【软件】: -
【专科】: -
【应用场景】: -
【研究设计】: -"
3d environment with bmp 2 releasing nanocarriers enhances osteogenic commitment of human tendon stem cells,3D environment with BMP-2-releasing nanocarriers enhances osteogenic commitment of human tendon stem cells,BIOMEDICAL MATERIALS,journalArticle,7ZKZHFDS,,EXCLUDE,EXCLUDE,"片段中出现的具名软件为 Creator K（3D打印切片软件，属制造设备配套软件）和 ImageJ（二维图像分析软件），均非用于3D数据的处理、分析、建模或测量的第三方非牙科三维（3D）软件；ImageJ 仅用于 SEM 图像 Feret 直径与荧光强度等二维定量分析，不满足""3D软件""要求。缺失证据：本研究自身使用具名第三方非牙科三维（3D）软件处理/分析/建模/测量3D数据的表述。",-,-,-,-,"【判定】: EXCLUDE
【证据】: 片段中出现的具名软件为 Creator K（3D打印切片软件，属制造设备配套软件）和 ImageJ（二维图像分析软件），均非用于3D数据的处理、分析、建模或测量的第三方非牙科三维（3D）软件；ImageJ 仅用于 SEM 图像 Feret 直径与荧光强度等二维定量分析，不满足""3D软件""要求。缺失证据：本研究自身使用具名第三方非牙科三维（3D）软件处理/分析/建模/测量3D数据的表述。
【软件】: -
【专科】: -
【应用场景】: -
【研究设计】: -"
material discriminating chromatic x ray stationary intraoral computed tomography technology,Material-discriminating chromatic X-ray stationary intraoral computed tomography technology,APPLIED OPTICS,journalArticle,T5ULN7W4,,EXCLUDE,EXCLUDE,"证据片段中未出现任何表明本研究自身使用了具名第三方非牙科3D软件的表述；片段仅涉及金属伪影成因的泛述及参考文献列表（如 [22,23]），未出现 ""we used / were analysed using / imported into / processed in"" 等本研究自用软件的表述。",-,-,-,-,"【判定】: EXCLUDE
【证据】: 证据片段中未出现任何表明本研究自身使用了具名第三方非牙科3D软件的表述；片段仅涉及金属伪影成因的泛述及参考文献列表（如 [22,23]），未出现 ""we used / were analysed using / imported into / processed in"" 等本研究自用软件的表述。
【软件】: -
【专科】: -
【应用场景】: -
【研究设计】: -"
automatic and standardized reporting of perioperative mris in patients with central nervous system tumors,Automatic and standardized reporting of perioperative MRIs in patients with central nervous system tumors,FRONTIERS IN NEUROLOGY,journalArticle,QW9W4XKJ,,EXCLUDE,EXCLUDE,该研究仅使用自研深度学习模型（Attention U-Net、DenseNet 架构）进行分割与分类，并将其整合进自研开源平台 Raidionics；证据片段中未出现任何具名第三方非牙科3D软件（如 Mimics、3D Slicer、MATLAB 等）被本研究使用的表述。,-,-,-,-,"【判定】: EXCLUDE
【证据】: 该研究仅使用自研深度学习模型（Attention U-Net、DenseNet 架构）进行分割与分类，并将其整合进自研开源平台 Raidionics；证据片段中未出现任何具名第三方非牙科3D软件（如 Mimics、3D Slicer、MATLAB 等）被本研究使用的表述。
【软件】: -
【专科】: -
【应用场景】: -
【研究设计】: -"
evaluating a preclinical orthodontic training using haptic enhanced vr simulation system a longitudinal study,Evaluating a preclinical orthodontic training using haptic-enhanced VR simulation system: a longitudinal study,BMC MEDICAL EDUCATION,journalArticle,TAIBSVUD,,EXCLUDE,EXCLUDE,"证据片段仅显示该研究使用自研的虚拟正畸训练系统（VLNP、VSTES，由南京医科大学开发并获软件著作权），以及""a 3D laser scanner""进行扫描测量；未出现任何具名第三方非牙科3D软件（如 Mimics、3D Slicer、Geomagic 等）被本研究使用的表述。",-,-,-,-,"【判定】: EXCLUDE
【证据】: 证据片段仅显示该研究使用自研的虚拟正畸训练系统（VLNP、VSTES，由南京医科大学开发并获软件著作权），以及""a 3D laser scanner""进行扫描测量；未出现任何具名第三方非牙科3D软件（如 Mimics、3D Slicer、Geomagic 等）被本研究使用的表述。
【软件】: -
【专科】: -
【应用场景】: -
【研究设计】: -"
rankl neutralisation prevents osteoclast activation in a human in vitro ameloblastoma bone model,RANKL neutralisation prevents osteoclast activation in a human in vitro ameloblastoma-bone model,JOURNAL OF TISSUE ENGINEERING,journalArticle,BPXF2FW7,,EXCLUDE,EXCLUDE,"片段中出现的软件为 Zeiss ZEN、Fiji ImageJ、Image Lab、GraphPad Prism，均为图像采集/分析或统计软件，未见本研究使用具名第三方非牙科三维（3D）软件进行3D数据处理、分析、建模或测量的表述（如 ""we used / imported into / processed in"" 等）。",-,-,-,-,"【判定】: EXCLUDE
【证据】: 片段中出现的软件为 Zeiss ZEN、Fiji ImageJ、Image Lab、GraphPad Prism，均为图像采集/分析或统计软件，未见本研究使用具名第三方非牙科三维（3D）软件进行3D数据处理、分析、建模或测量的表述（如 ""we used / imported into / processed in"" 等）。
【软件】: -
【专科】: -
【应用场景】: -
【研究设计】: -"
accuracy of intraoral scanning methods for maxillary kennedy class i arch,Accuracy of intraoral scanning methods for maxillary Kennedy class I arch,JOURNAL OF DENTAL SCIENCES,journalArticle,UBSHIVXV,,EXCLUDE,EXCLUDE,"该研究使用的软件为 Exocad（""superimposed using Exocad computer-aided design software""、""processed with the best fit matching and cut view tools in a CAD program-Exocad""），属于牙科专用软件；未使用任何具名的第三方非牙科3D软件。",-,-,-,-,"【判定】: EXCLUDE
【证据】: 该研究使用的软件为 Exocad（""superimposed using Exocad computer-aided design software""、""processed with the best fit matching and cut view tools in a CAD program-Exocad""），属于牙科专用软件；未使用任何具名的第三方非牙科3D软件。
【软件】: -
【专科】: -
【应用场景】: -
【研究设计】: -"
structural composition of antibacterial zinc doped geopolymers,Structural composition of antibacterial zinc-doped geopolymers,DALTON TRANSACTIONS,journalArticle,PIJCZ274,,EXCLUDE,EXCLUDE,"证据片段仅为数据可用性声明、利益冲突声明、致谢和参考文献列表，未出现任何表明本研究自身使用具名第三方非牙科3D软件的表述（如 ""we used / were analysed using / imported into / processed in""）。",-,-,-,-,"【判定】: EXCLUDE
【证据】: 证据片段仅为数据可用性声明、利益冲突声明、致谢和参考文献列表，未出现任何表明本研究自身使用具名第三方非牙科3D软件的表述（如 ""we used / were analysed using / imported into / processed in""）。
【软件】: -
【专科】: -
【应用场景】: -
【研究设计】: -"
direct inkjet writing type 1 bovine collagen tricalcium phosphate scaffolds for bone regeneration,Direct inkjet writing type 1 bovine collagen/β-tricalcium phosphate scaffolds for bone regeneration,JOURNAL OF BIOMEDICAL MATERIALS RESEARCH PART B-APPLIED BIOMATERIALS,journalArticle,KT7GJAGK,,EXCLUDE,EXCLUDE,片段中出现的软件为 RoboCAD 5.0（3D Inks LLC，用于支架CAD设计）、ImageJ（图像合并）和 SPSS（统计分析）。RoboCAD 为牙科/生物打印专用或非通用第三方3D软件，ImageJ 与 SPSS 不用于3D数据处理、分析、建模或测量；未出现本研究自身使用 Mimics、3D Slicer、Geomagic 等具名第三方非牙科3D软件的表述。,-,-,-,-,"【判定】: EXCLUDE
【证据】: 片段中出现的软件为 RoboCAD 5.0（3D Inks LLC，用于支架CAD设计）、ImageJ（图像合并）和 SPSS（统计分析）。RoboCAD 为牙科/生物打印专用或非通用第三方3D软件，ImageJ 与 SPSS 不用于3D数据处理、分析、建模或测量；未出现本研究自身使用 Mimics、3D Slicer、Geomagic 等具名第三方非牙科3D软件的表述。
【软件】: -
【专科】: -
【应用场景】: -
【研究设计】: -"
self organization of the hematopoietic vascular niche and emergent innate immunity on a chip,Self-organization of the hematopoietic vascular niche and emergent innate immunity on a chip,CELL STEM CELL,journalArticle,HJWH77MB,,EXCLUDE,EXCLUDE,缺失证据：片段中出现的软件（Cell Ranger、Seurat、Monocle3、DESeq2、STAR aligner、CellPhoneDB、GraphPad Prism）均为单细胞测序/统计分析工具，未表明本研究使用具名第三方非牙科三维（3D）软件进行3D数据处理、分析、建模或测量；且主题为造血血管微环境与先天免疫芯片，不属于口腔医学任一学科。,-,-,-,-,"【判定】: EXCLUDE
【证据】: 缺失证据：片段中出现的软件（Cell Ranger、Seurat、Monocle3、DESeq2、STAR aligner、CellPhoneDB、GraphPad Prism）均为单细胞测序/统计分析工具，未表明本研究使用具名第三方非牙科三维（3D）软件进行3D数据处理、分析、建模或测量；且主题为造血血管微环境与先天免疫芯片，不属于口腔医学任一学科。
【软件】: -
【专科】: -
【应用场景】: -
【研究设计】: -"
effect of implant shape and length on the accuracy of robot assisted immediate implant surgery an in vitro study,Effect of implant shape and length on the accuracy of robot-assisted immediate implant surgery: An in vitro study,CLINICAL ORAL IMPLANTS RESEARCH,journalArticle,KG6ATNQX,,EXCLUDE,EXCLUDE,证据片段中出现的软件为 NNT Viewer（DICOM 格式转换）和 RemebotDent（机器人规划软件），均为牙科/手术机器人专用软件；未出现任何具名的第三方非牙科三维软件（如 Mimics、3D Slicer、Geomagic 等）被本研究自身用于 3D 数据处理、分析、建模或测量。,-,-,-,-,"【判定】: EXCLUDE
【证据】: 证据片段中出现的软件为 NNT Viewer（DICOM 格式转换）和 RemebotDent（机器人规划软件），均为牙科/手术机器人专用软件；未出现任何具名的第三方非牙科三维软件（如 Mimics、3D Slicer、Geomagic 等）被本研究自身用于 3D 数据处理、分析、建模或测量。
【软件】: -
【专科】: -
【应用场景】: -
【研究设计】: -"
engineering materials and devices for the prevention diagnosis and treatment of covid 19 and infectious diseases,"Engineering Materials and Devices for the Prevention, Diagnosis, and Treatment of COVID-19 and Infectious Diseases",NANOMATERIALS,journalArticle,T5PIL2ZE,,EXCLUDE,EXCLUDE,"该文献为综述（题名含 ""Engineering Materials and Devices...""，摘要明确 ""This review discusses...""），且证据片段中未出现本研究自身使用具名第三方非牙科3D软件的表述（如 ""we used / were analysed using / imported into / processed in""），仅泛述他人使用3D打印、CAD等。",-,-,-,-,"【判定】: EXCLUDE
【证据】: 该文献为综述（题名含 ""Engineering Materials and Devices...""，摘要明确 ""This review discusses...""），且证据片段中未出现本研究自身使用具名第三方非牙科3D软件的表述（如 ""we used / were analysed using / imported into / processed in""），仅泛述他人使用3D打印、CAD等。
【软件】: -
【专科】: -
【应用场景】: -
【研究设计】: -"
patient reported outcomes and framework fit accuracy of removable partial dentures fabricated using digital techniques a systematic review and meta analysis,Patient-reported outcomes and framework fit accuracy of removable partial dentures fabricated using digital techniques: A systematic review and meta-analysis,JOURNAL OF PROSTHODONTICS-IMPLANT ESTHETIC AND RECONSTRUCTIVE DENTISTRY,journalArticle,CVJSTDZ9,,EXCLUDE,EXCLUDE,"该文献为系统综述与meta分析（""This review aimed to summarize the evidence...""; ""Ten randomized controlled trials were included in the systematic review""），文献类型不符（排除综述、系统综述）。证据片段中亦未出现本研究自身使用某一具名第三方非牙科3D软件的表述（仅见检索策略中的 CAD/CAM、3D printing 等泛述关键词）。",-,-,-,-,"【判定】: EXCLUDE
【证据】: 该文献为系统综述与meta分析（""This review aimed to summarize the evidence...""; ""Ten randomized controlled trials were included in the systematic review""），文献类型不符（排除综述、系统综述）。证据片段中亦未出现本研究自身使用某一具名第三方非牙科3D软件的表述（仅见检索策略中的 CAD/CAM、3D printing 等泛述关键词）。
【软件】: -
【专科】: -
【应用场景】: -
【研究设计】: -"
biomaterialomics data science driven pathways to develop fourth generation biomaterials,Biomaterialomics: Data science-driven pathways to develop fourth-generation biomaterials,ACTA BIOMATERIALIA,journalArticle,7ANUKW4R,,EXCLUDE,EXCLUDE,"证据片段中未出现任何表明本研究自身在材料与方法中使用具名第三方非牙科3D软件的表述（如 ""we used / were analysed using / imported into / processed in""）；片段仅为对机器学习算法、FEA、μCT、本体建模等的一般性综述性描述，且题名/摘要显示本文为概念性综述（biomaterialomics 概念阐述），非原创研究。",-,-,-,-,"【判定】: EXCLUDE
【证据】: 证据片段中未出现任何表明本研究自身在材料与方法中使用具名第三方非牙科3D软件的表述（如 ""we used / were analysed using / imported into / processed in""）；片段仅为对机器学习算法、FEA、μCT、本体建模等的一般性综述性描述，且题名/摘要显示本文为概念性综述（biomaterialomics 概念阐述），非原创研究。
【软件】: -
【专科】: -
【应用场景】: -
【研究设计】: -"
improving accuracy and efficiency of the machined peek denture based on nsga ii integrated gabp neural network,Improving accuracy and efficiency of the machined PEEK denture based on NSGA-II integrated GABP neural network,DENTAL MATERIALS,journalArticle,XTXGD7BC,,EXCLUDE,EXCLUDE,"证据片段中未出现任何具名第三方非牙科3D软件（如 Mimics、3D Slicer、Geomagic、MATLAB 等）被本研究自身使用的表述；仅提及 NSGA-II 与 GABP 神经网络算法（自研模型/算法），以及 CAD/CAM 泛述，无 ""we used / imported into / processed in"" 等表明本研究使用具名第三方3D软件的原文。",-,-,-,-,"【判定】: EXCLUDE
【证据】: 证据片段中未出现任何具名第三方非牙科3D软件（如 Mimics、3D Slicer、Geomagic、MATLAB 等）被本研究自身使用的表述；仅提及 NSGA-II 与 GABP 神经网络算法（自研模型/算法），以及 CAD/CAM 泛述，无 ""we used / imported into / processed in"" 等表明本研究使用具名第三方3D软件的原文。
【软件】: -
【专科】: -
【应用场景】: -
【研究设计】: -"
optimized design of a tooth simulating screw for enhanced accuracy in robot assisted implant placement in completely edentulous jaws,Optimized design of a tooth-simulating screw for enhanced accuracy in robot-assisted implant placement in completely edentulous jaws,JOURNAL OF PROSTHETIC DENTISTRY,journalArticle,6V6YHWRX,,EXCLUDE,EXCLUDE,"证据片段仅提及 ""imported into a robotic planning software program""（机器人规划软件程序），未给出任何具名的第三方非牙科3D软件名称；且该软件为机器人种植规划专用软件，属于牙科专用软件范畴，不满足纳入标准2。",-,-,-,-,"【判定】: EXCLUDE
【证据】: 证据片段仅提及 ""imported into a robotic planning software program""（机器人规划软件程序），未给出任何具名的第三方非牙科3D软件名称；且该软件为机器人种植规划专用软件，属于牙科专用软件范畴，不满足纳入标准2。
【软件】: -
【专科】: -
【应用场景】: -
【研究设计】: -"
accuracy of immediately placed implants using surgical guides from different 3 dimensional printers an in vitro study,Accuracy of immediately placed implants using surgical guides from different 3-dimensional printers: An in vitro study,CLINICAL IMPLANT DENTISTRY AND RELATED RESEARCH,journalArticle,G3QQG2SA,,EXCLUDE,EXCLUDE,"证据片段中本研究自身使用的软件为 CoDiagnostix®（Dental Wings, Montréal, Canada），属于牙科专用软件（coDiagnostiX），不符合""具名第三方非牙科3D软件""的要求；片段中未出现任何非牙科3D软件（如 Mimics、3D Slicer、Geomagic 等）被本研究使用的表述。",-,-,-,-,"【判定】: EXCLUDE
【证据】: 证据片段中本研究自身使用的软件为 CoDiagnostix®（Dental Wings, Montréal, Canada），属于牙科专用软件（coDiagnostiX），不符合""具名第三方非牙科3D软件""的要求；片段中未出现任何非牙科3D软件（如 Mimics、3D Slicer、Geomagic 等）被本研究使用的表述。
【软件】: -
【专科】: -
【应用场景】: -
【研究设计】: -"
smartphone and tablet based 3d scanner for anthropometric assessments in adults a systematic review of reliability validity and accuracy,"Smartphone and tablet-based 3D scanner for anthropometric assessments in adults: a systematic review of reliability, validity, and accuracy",BIOMEDICAL ENGINEERING ONLINE,journalArticle,MW6S9KL4,,EXCLUDE,EXCLUDE,"该文献为系统综述（题名与摘要明确 ""a systematic review""，摘要亦声明 ""no Meta-analysis, systematic reviews or reviews"" 被排除），方法学片段仅为数据库检索策略（PubMed/Web of Science 检索式），未出现任何表明本研究自身使用具名第三方非牙科3D软件的表述（如 we used / were analysed using / imported into / processed in）。",-,-,-,-,"【判定】: EXCLUDE
【证据】: 该文献为系统综述（题名与摘要明确 ""a systematic review""，摘要亦声明 ""no Meta-analysis, systematic reviews or reviews"" 被排除），方法学片段仅为数据库检索策略（PubMed/Web of Science 检索式），未出现任何表明本研究自身使用具名第三方非牙科3D软件的表述（如 we used / were analysed using / imported into / processed in）。
【软件】: -
【专科】: -
【应用场景】: -
【研究设计】: -"
advances in neoteric modular tissue engineering strategies for regenerative dentistry,Advances in neoteric modular tissue engineering strategies for regenerative dentistry,JOURNAL OF SCIENCE-ADVANCED MATERIALS AND DEVICES,journalArticle,DZH7NH4V,,EXCLUDE,EXCLUDE,"证据片段中未出现任何表明本研究自身使用了具名第三方非牙科3D软件的表述（如 ""we used / were analysed using / imported into / processed in""）；片段内容为综述性论述（""This review compiles the neoteric scaffold-less strategies...""），且出现的软件/文献信息仅位于参考文献列表。",-,-,-,-,"【判定】: EXCLUDE
【证据】: 证据片段中未出现任何表明本研究自身使用了具名第三方非牙科3D软件的表述（如 ""we used / were analysed using / imported into / processed in""）；片段内容为综述性论述（""This review compiles the neoteric scaffold-less strategies...""），且出现的软件/文献信息仅位于参考文献列表。
【软件】: -
【专科】: -
【应用场景】: -
【研究设计】: -"
automated planning of mandible reconstruction with fibula free flap based on shape completion and morphometric descriptors,Automated planning of mandible reconstruction with fibula free flap based on shape completion and morphometric descriptors,MEDICAL IMAGE ANALYSIS,journalArticle,9WHDZH6I,,EXCLUDE,EXCLUDE,"证据片段中仅出现 ""The implementation was carried out using software libraries including Visualization Toolkit, Open3D, and PyTorch""，这些为编程库/深度学习框架，并非纳入标准所列的具名第三方非牙科3D软件；其余软件名（CAD/CAM、SSM等）均出现在他文引用（Yu et al., Mascha et al., Qu et al., Xiao et al., Li et al. 等）中，未表明本研究自身使用。",-,-,-,-,"【判定】: EXCLUDE
【证据】: 证据片段中仅出现 ""The implementation was carried out using software libraries including Visualization Toolkit, Open3D, and PyTorch""，这些为编程库/深度学习框架，并非纳入标准所列的具名第三方非牙科3D软件；其余软件名（CAD/CAM、SSM等）均出现在他文引用（Yu et al., Mascha et al., Qu et al., Xiao et al., Li et al. 等）中，未表明本研究自身使用。
【软件】: -
【专科】: -
【应用场景】: -
【研究设计】: -"
3d engineered human gingiva fabricated with electrospun collagen scaffolds provides a platform for in vitro analysis of gingival seal to abutment materials,3D engineered human gingiva fabricated with electrospun collagen scaffolds provides a platform for in vitro analysis of gingival seal to abutment materials,PLOS ONE,journalArticle,GEREGG8M,,EXCLUDE,EXCLUDE,"片段中出现的软件为 ImageJ（""The area of each sample was measured using ImageJ software""）和 SigmaPlot（统计分析），但 ImageJ 属于图像分析软件，未用于3D数据的处理、分析、建模或测量；SigmaPlot 为统计软件，非3D软件。缺失证据：本研究未在材料与方法中使用任何具名第三方非牙科三维（3D）软件进行3D数据处理、分析、建模或测量。",-,-,-,-,"【判定】: EXCLUDE
【证据】: 片段中出现的软件为 ImageJ（""The area of each sample was measured using ImageJ software""）和 SigmaPlot（统计分析），但 ImageJ 属于图像分析软件，未用于3D数据的处理、分析、建模或测量；SigmaPlot 为统计软件，非3D软件。缺失证据：本研究未在材料与方法中使用任何具名第三方非牙科三维（3D）软件进行3D数据处理、分析、建模或测量。
【软件】: -
【专科】: -
【应用场景】: -
【研究设计】: -"
deep learning based automatic measurement of the distance between the maxillary sinus and maxillary posterior teeth on cbct images,Deep-Learning-Based Automatic Measurement of the Distance Between the Maxillary Sinus and Maxillary Posterior Teeth on CBCT Images,INTERNATIONAL ENDODONTIC JOURNAL,journalArticle,3NFN4EA2,,EXCLUDE,EXCLUDE,"证据片段中仅描述使用自研的 U-Net CBAM 深度学习分割模型和 3D point cloud algorithm（""A segmentation model ... based on the U-Net convolutional block attention (CBAM) architecture was trained""；""calibrated point clouds were reconstructed using segmented anatomical structure data""），未出现任何具名第三方非牙科3D软件（如 Mimics、3D Slicer、MATLAB 等）被本研究使用的表述。",-,-,-,-,"【判定】: EXCLUDE
【证据】: 证据片段中仅描述使用自研的 U-Net CBAM 深度学习分割模型和 3D point cloud algorithm（""A segmentation model ... based on the U-Net convolutional block attention (CBAM) architecture was trained""；""calibrated point clouds were reconstructed using segmented anatomical structure data""），未出现任何具名第三方非牙科3D软件（如 Mimics、3D Slicer、MATLAB 等）被本研究使用的表述。
【软件】: -
【专科】: -
【应用场景】: -
【研究设计】: -"
prediction of orthognathic surgery plan from 3d cephalometric analysis via deep learning,Prediction of orthognathic surgery plan from 3D cephalometric analysis via deep learning,BMC ORAL HEALTH,journalArticle,AUL932PG,,EXCLUDE,EXCLUDE,"证据片段中仅出现 ""Proplan CMF software (Materialise company, Belgium)""，该软件为牙科/颌面外科专用软件，不属于非牙科3D软件；且研究核心为自研深度学习模型（VSP transformer），未使用纳入标准所列的具名第三方非牙科3D软件。",-,-,-,-,"【判定】: EXCLUDE
【证据】: 证据片段中仅出现 ""Proplan CMF software (Materialise company, Belgium)""，该软件为牙科/颌面外科专用软件，不属于非牙科3D软件；且研究核心为自研深度学习模型（VSP transformer），未使用纳入标准所列的具名第三方非牙科3D软件。
【软件】: -
【专科】: -
【应用场景】: -
【研究设计】: -"
the influence of radiographic marker registration versus a markerless trace registration method on the implant placement accuracy achieved by dynamic computer assisted implant surgery an in vitro study,The influence of radiographic marker registration versus a markerless trace registration method on the implant placement accuracy achieved by dynamic computer-assisted implant surgery. An in-vitro study,JOURNAL OF DENTISTRY,journalArticle,EY5PW2ZD,,EXCLUDE,EXCLUDE,"证据片段中未出现任何具名第三方非牙科3D软件（如 Mimics、3D Slicer、Geomagic 等）的原文表述；仅提及 dCAIS 系统、CBCT 及 ""the software"" 等泛称，无 ""we used / were analysed using / imported into / processed in"" 等表明本研究自身使用某具名第三方3D软件的语句。",-,-,-,-,"【判定】: EXCLUDE
【证据】: 证据片段中未出现任何具名第三方非牙科3D软件（如 Mimics、3D Slicer、Geomagic 等）的原文表述；仅提及 dCAIS 系统、CBCT 及 ""the software"" 等泛称，无 ""we used / were analysed using / imported into / processed in"" 等表明本研究自身使用某具名第三方3D软件的语句。
【软件】: -
【专科】: -
【应用场景】: -
【研究设计】: -"
deep learning based prediction of mandibular growth trend in children with anterior crossbite using cephalometric radiographs,Deep learning-based prediction of mandibular growth trend in children with anterior crossbite using cephalometric radiographs,BMC ORAL HEALTH,journalArticle,NPX3F9WI,,EXCLUDE,EXCLUDE,"证据片段中仅出现 ""uploaded into Dolphin software (Version 11.9, Dolphin Digital Imaging, Chatsworth, Calif, USA)""，Dolphin 为牙科专用软件，不属于具名第三方非牙科3D软件；本研究核心为自建 ResNet50 深度学习模型，未使用任何非牙科3D软件。",-,-,-,-,"【判定】: EXCLUDE
【证据】: 证据片段中仅出现 ""uploaded into Dolphin software (Version 11.9, Dolphin Digital Imaging, Chatsworth, Calif, USA)""，Dolphin 为牙科专用软件，不属于具名第三方非牙科3D软件；本研究核心为自建 ResNet50 深度学习模型，未使用任何非牙科3D软件。
【软件】: -
【专科】: -
【应用场景】: -
【研究设计】: -"
patch based convolutional neural networks for automatic landmark detection of 3d facial images in clinical settings,Patch-based convolutional neural networks for automatic landmark detection of 3D facial images in clinical settings,EUROPEAN JOURNAL OF ORTHODONTICS,journalArticle,UQQICCU6,,EXCLUDE,EXCLUDE,"证据片段中仅出现 ""The landmarks were identified on each 3D image using the Di3DView software""，Di3DView 为牙科/面部专用软件，非纳入标准所列的非牙科第三方3D软件；其余片段为参考文献列表或作者贡献声明，未表明本研究使用了具名的非牙科3D软件（本研究核心为自研CNN模型）。",-,-,-,-,"【判定】: EXCLUDE
【证据】: 证据片段中仅出现 ""The landmarks were identified on each 3D image using the Di3DView software""，Di3DView 为牙科/面部专用软件，非纳入标准所列的非牙科第三方3D软件；其余片段为参考文献列表或作者贡献声明，未表明本研究使用了具名的非牙科3D软件（本研究核心为自研CNN模型）。
【软件】: -
【专科】: -
【应用场景】: -
【研究设计】: -"
unveiling the power of artificial intelligence for image based diagnosis and treatment in endodontics an ally or adversary,Unveiling the power of artificial intelligence for image-based diagnosis and treatment in endodontics: An ally or adversary?,INTERNATIONAL ENDODONTIC JOURNAL,journalArticle,CD63K8E4,,EXCLUDE,EXCLUDE,"缺失证据：该文献为叙述性综述（narrative review），摘要明确 ""Through a narrative review""，方法学片段中未出现任何表明本研究自身使用具名第三方非牙科3D软件的表述（如 we used / were analysed using / imported into / processed in），仅泛述他人研究中的 AI/DL 算法与 CBCT 应用。",-,-,-,-,"【判定】: EXCLUDE
【证据】: 缺失证据：该文献为叙述性综述（narrative review），摘要明确 ""Through a narrative review""，方法学片段中未出现任何表明本研究自身使用具名第三方非牙科3D软件的表述（如 we used / were analysed using / imported into / processed in），仅泛述他人研究中的 AI/DL 算法与 CBCT 应用。
【软件】: -
【专科】: -
【应用场景】: -
【研究设计】: -"
assessment of occlusal contacts recorded with the medit intraoral scanner vs exocad software,Assessment of Occlusal Contacts Recorded with the Medit Intraoral Scanner vs. Exocad Software,JOURNAL OF CLINICAL MEDICINE,journalArticle,NDU69W2E,,EXCLUDE,EXCLUDE,"证据片段仅涉及 Exocad 与 Medit（均为牙科专用软件）的对比分析，未出现任何具名第三方非牙科3D软件（如 Mimics、3D Slicer、Geomagic、MATLAB 等）被本研究自身使用的表述（如 ""we used / imported into / processed in""）。",-,-,-,-,"【判定】: EXCLUDE
【证据】: 证据片段仅涉及 Exocad 与 Medit（均为牙科专用软件）的对比分析，未出现任何具名第三方非牙科3D软件（如 Mimics、3D Slicer、Geomagic、MATLAB 等）被本研究自身使用的表述（如 ""we used / imported into / processed in""）。
【软件】: -
【专科】: -
【应用场景】: -
【研究设计】: -"
skin viscoelasticity as a predictor of optimal facial prosthesis design using 4d facial expression modeling,Skin viscoelasticity as a predictor of optimal facial prosthesis design using 4D facial expression modeling,JOURNAL OF PROSTHETIC DENTISTRY,journalArticle,NFEQYJAL,,EXCLUDE,EXCLUDE,"证据片段中仅出现统计软件 ""IBM SPSS Statistics, v28""（非3D软件），其余软件名（如 CAD/CAM）仅出现在参考文献列表中；未提供本研究自身使用具名第三方非牙科3D软件（如 Mimics、Geomagic、3D Slicer 等）进行3D数据处理/分析/建模/测量的原文表述。",-,-,-,-,"【判定】: EXCLUDE
【证据】: 证据片段中仅出现统计软件 ""IBM SPSS Statistics, v28""（非3D软件），其余软件名（如 CAD/CAM）仅出现在参考文献列表中；未提供本研究自身使用具名第三方非牙科3D软件（如 Mimics、Geomagic、3D Slicer 等）进行3D数据处理/分析/建模/测量的原文表述。
【软件】: -
【专科】: -
【应用场景】: -
【研究设计】: -"
radiomic biomarkers of locoregional recurrence prognostic insights from oral cavity squamous cell carcinoma preoperative ct scans,Radiomic biomarkers of locoregional recurrence: prognostic insights from oral cavity squamous cell carcinoma preoperative CT scans,FRONTIERS IN ONCOLOGY,journalArticle,2TSB6AS5,,EXCLUDE,EXCLUDE,"片段中仅出现 ""using the Varian Medical System Eclipse software environment""，该软件为放射治疗专用软件（非通用第三方非牙科3D软件，且属放疗领域专用系统），且未表明本研究使用任何符合纳入标准的具名第三方非牙科3D软件（如 Mimics、3D Slicer、MATLAB 等）进行3D数据处理、分析、建模或测量；其余软件名（GLCM、GLRLM、GLDM）仅为特征提取方法/参考文献中的泛述。",-,-,-,-,"【判定】: EXCLUDE
【证据】: 片段中仅出现 ""using the Varian Medical System Eclipse software environment""，该软件为放射治疗专用软件（非通用第三方非牙科3D软件，且属放疗领域专用系统），且未表明本研究使用任何符合纳入标准的具名第三方非牙科3D软件（如 Mimics、3D Slicer、MATLAB 等）进行3D数据处理、分析、建模或测量；其余软件名（GLCM、GLRLM、GLDM）仅为特征提取方法/参考文献中的泛述。
【软件】: -
【专科】: -
【应用场景】: -
【研究设计】: -"
digital image correlation in dental materials and related research a review,Digital image correlation in dental materials and related research: A review,DENTAL MATERIALS,journalArticle,5DBUDE5I,,EXCLUDE,EXCLUDE,"该文献为综述（题名 ""A review""，摘要明确为 review paper，方法为 literature survey and review），不符合纳入标准第3条（排除综述）；且证据片段中软件名（如 Vic-3D）仅出现在对他人研究（Clelland et al. [92]）的转述中，无 ""we used / were analysed using"" 等表明本研究自身使用的表述。",-,-,-,-,"【判定】: EXCLUDE
【证据】: 该文献为综述（题名 ""A review""，摘要明确为 review paper，方法为 literature survey and review），不符合纳入标准第3条（排除综述）；且证据片段中软件名（如 Vic-3D）仅出现在对他人研究（Clelland et al. [92]）的转述中，无 ""we used / were analysed using"" 等表明本研究自身使用的表述。
【软件】: -
【专科】: -
【应用场景】: -
【研究设计】: -"
the preliminary in vitro study and application of deep learning algorithm in cone beam computed tomography image implant recognition,The preliminary in vitro study and application of deep learning algorithm in cone beam computed tomography image implant recognition,SCIENTIFIC REPORTS,journalArticle,D47HL2MJ,,EXCLUDE,EXCLUDE,"该研究仅使用自研深度学习算法（GoogleNet、ResNet 等）及自建应用软件（PyQt5 开发），未在材料与方法中出现任何具名第三方非牙科三维软件（如 Mimics、3D Slicer、Geomagic 等）用于3D数据处理、分析、建模或测量；缺失""本研究自身使用具名第三方非牙科3D软件""的证据。",-,-,-,-,"【判定】: EXCLUDE
【证据】: 该研究仅使用自研深度学习算法（GoogleNet、ResNet 等）及自建应用软件（PyQt5 开发），未在材料与方法中出现任何具名第三方非牙科三维软件（如 Mimics、3D Slicer、Geomagic 等）用于3D数据处理、分析、建模或测量；缺失""本研究自身使用具名第三方非牙科3D软件""的证据。
【软件】: -
【专科】: -
【应用场景】: -
【研究设计】: -"
machine learning models for differentiating benign and malignant breast masses integrating automated breast volume scanning intra tumoral peri tumoral features and clinical information,"Machine-learning models for differentiating benign and malignant breast masses: Integrating automated breast volume scanning intra-tumoral, peri-tumoral features, and clinical information",DIGITAL HEALTH,journalArticle,QIULYBZU,,EXCLUDE,EXCLUDE,"该研究主题为乳腺肿块（breast masses）的良恶性鉴别，使用 ABVS 乳腺影像与机器学习模型，不属于口腔医学任一学科；虽方法学片段中明确出现 ""The ITK-SNAP software (version 3.8.0) was used to manually delineate the ROI layer by layer""，表明本研究自身使用了具名第三方非牙科3D软件，但主题不符合纳入标准第1条。",-,-,-,-,"【判定】: EXCLUDE
【证据】: 该研究主题为乳腺肿块（breast masses）的良恶性鉴别，使用 ABVS 乳腺影像与机器学习模型，不属于口腔医学任一学科；虽方法学片段中明确出现 ""The ITK-SNAP software (version 3.8.0) was used to manually delineate the ROI layer by layer""，表明本研究自身使用了具名第三方非牙科3D软件，但主题不符合纳入标准第1条。
【软件】: -
【专科】: -
【应用场景】: -
【研究设计】: -"
comparison of accuracy of fit of three unit fixed ceramic cobalt chromium dental prostheses fabricated by three different techniques,Comparison of Accuracy of Fit of Three-Unit Fixed Ceramic Cobalt-Chromium Dental Prostheses Fabricated by Three Different Techniques,INTERNATIONAL JOURNAL OF PROSTHODONTICS,journalArticle,RMPM2EHR,,EXCLUDE,EXCLUDE,"片段中出现的软件均为牙科专用软件（Ceramill Mind、Ceramill Match 2、Ceramill map 400，均为 Amann Girrbach 牙科 CAD/CAM 系统），另 Image J 仅用于 SEM 图像测量而非三维数据处理/建模，且 nQuery 为统计功效计算软件，均不满足""具名第三方非牙科三维（3D）软件用于3D数据处理、分析、建模或测量""的要求。",-,-,-,-,"【判定】: EXCLUDE
【证据】: 片段中出现的软件均为牙科专用软件（Ceramill Mind、Ceramill Match 2、Ceramill map 400，均为 Amann Girrbach 牙科 CAD/CAM 系统），另 Image J 仅用于 SEM 图像测量而非三维数据处理/建模，且 nQuery 为统计功效计算软件，均不满足""具名第三方非牙科三维（3D）软件用于3D数据处理、分析、建模或测量""的要求。
【软件】: -
【专科】: -
【应用场景】: -
【研究设计】: -"
a modified deep learning model in the classification of post covid 19 lung disease and a comparative study on iranian and international databases,A modified deep learning model in the classification of post-COVID-19 lung disease and a comparative study on Iranian and international databases,INTERNATIONAL JOURNAL OF RADIATION RESEARCH,journalArticle,N4DE7DW7,,EXCLUDE,EXCLUDE,"该研究主题为COVID-19肺部疾病分类，不属于口腔医学任一学科；且证据片段中虽出现 ""using 3D Slicer software""，但主题不符纳入标准第1条。",-,-,-,-,"【判定】: EXCLUDE
【证据】: 该研究主题为COVID-19肺部疾病分类，不属于口腔医学任一学科；且证据片段中虽出现 ""using 3D Slicer software""，但主题不符纳入标准第1条。
【软件】: -
【专科】: -
【应用场景】: -
【研究设计】: -"
quantitative 3d imaging of the cranial microvascular environment at single cell resolution,Quantitative 3D imaging of the cranial microvascular environment at single-cell resolution,NATURE COMMUNICATIONS,journalArticle,B74HA57S,,EXCLUDE,EXCLUDE,"片段中虽出现 ""we quantiﬁed newly formed bone in the defects using Mimics 14 software"" 和 ""We performed all image processing and analysis using Imaris 9.5 software""，但 Mimics 与 Imaris 均属牙科/生物医学影像常用软件，且 Imaris 为显微成像专用软件，不属于原始开发领域不在牙科的非牙科3D软件范畴；同时该研究主题为颅骨微血管环境成像，属骨生物学而非口腔医学任一学科。",-,-,-,-,"【判定】: EXCLUDE
【证据】: 片段中虽出现 ""we quantiﬁed newly formed bone in the defects using Mimics 14 software"" 和 ""We performed all image processing and analysis using Imaris 9.5 software""，但 Mimics 与 Imaris 均属牙科/生物医学影像常用软件，且 Imaris 为显微成像专用软件，不属于原始开发领域不在牙科的非牙科3D软件范畴；同时该研究主题为颅骨微血管环境成像，属骨生物学而非口腔医学任一学科。
【软件】: -
【专科】: -
【应用场景】: -
【研究设计】: -"
a novel probabilistic and 3d column p300 stimulus presentation paradigm for eeg based spelling systems,A novel probabilistic and 3D column P300 stimulus presentation paradigm for EEG-based spelling systems,NEURAL COMPUTING & APPLICATIONS,journalArticle,W8WPQ4EQ,,EXCLUDE,EXCLUDE,该研究主题为基于EEG的P300拼写系统（脑机接口），不属于口腔医学任一学科；且MATLAB用于视觉刺激呈现与EEG信号处理，并非用于牙科3D数据的处理、分析、建模或测量。,-,-,-,-,"【判定】: EXCLUDE
【证据】: 该研究主题为基于EEG的P300拼写系统（脑机接口），不属于口腔医学任一学科；且MATLAB用于视觉刺激呈现与EEG信号处理，并非用于牙科3D数据的处理、分析、建模或测量。
【软件】: -
【专科】: -
【应用场景】: -
【研究设计】: -"
improved tooth crown edge smoothing method based on noise classification and fitting,Improved Tooth Crown Edge Smoothing Method Based on Noise Classification and Fitting,JOURNAL OF MEDICAL IMAGING AND HEALTH INFORMATICS,journalArticle,KMX2BFHT,,EXCLUDE,EXCLUDE,"证据片段仅提及 ""the compilation was performed in the Microsoft Visual Studio 2012 and VTK7.1.1 environment""，VTK 为开发库而非具名第三方非牙科3D应用软件；其余片段（Laplacian smoothing、least squares fitting、Gaussian curvature）均为方法泛述或引用，未出现 ""we used / imported into / processed in"" 等表明本研究使用具名第三方非牙科3D软件的表述。",-,-,-,-,"【判定】: EXCLUDE
【证据】: 证据片段仅提及 ""the compilation was performed in the Microsoft Visual Studio 2012 and VTK7.1.1 environment""，VTK 为开发库而非具名第三方非牙科3D应用软件；其余片段（Laplacian smoothing、least squares fitting、Gaussian curvature）均为方法泛述或引用，未出现 ""we used / imported into / processed in"" 等表明本研究使用具名第三方非牙科3D软件的表述。
【软件】: -
【专科】: -
【应用场景】: -
【研究设计】: -"
osteogenic potential of 3d printed porous poly lactide co trimethylene carbonate scaffolds coated with mg doped hydroxyapatite,Osteogenic Potential of 3D-Printed Porous Poly(lactide-co-trimethylene carbonate) Scaffolds Coated with Mg-Doped Hydroxyapatite,ACS APPLIED MATERIALS & INTERFACES,journalArticle,33Z49IEH,,EXCLUDE,INCLUDE,"""The parameters derived from mathematical modeling were input parameters in the COMSOL Multiphysics (ver. 6.1, Comsol Inc., Sweden) for the Carreau model within the polymer flow module. Specifically, the values of λ and η obtained from the mathematical model were applied as Carreau parameters in COMSOL to define the flow (fully developed flow) properties.""",COMSOL Multiphysics,Oral and Maxillofacial Surgery,Biomechanical analysis and simulation,computational,"【判定】: INCLUDE
【证据】: ""The parameters derived from mathematical modeling were input parameters in the COMSOL Multiphysics (ver. 6.1, Comsol Inc., Sweden) for the Carreau model within the polymer flow module. Specifically, the values of λ and η obtained from the mathematical model were applied as Carreau parameters in COMSOL to define the flow (fully developed flow) properties.""
【软件】: COMSOL Multiphysics
【专科】: Oral and Maxillofacial Surgery
【应用场景】: Biomechanical analysis and simulation
【研究设计】: computational"
the bio restorative concept for implant supported restorations,The Bio-Restorative Concept for Implant-Supported Restorations,JOURNAL OF ESTHETIC AND RESTORATIVE DENTISTRY,journalArticle,H2NHEP4A,,EXCLUDE,EXCLUDE,"片段中仅泛述 ""digital tools are employed""、""combining digital information from optical surface scans (e.g., PLY or STL files) and 3D radiographic imaging (e.g., DICOM files)""，未出现任何具名第三方非牙科3D软件名，也无 ""we used / were analysed using / imported into / processed in"" 等表明本研究自身使用某具名软件的表述。",-,-,-,-,"【判定】: EXCLUDE
【证据】: 片段中仅泛述 ""digital tools are employed""、""combining digital information from optical surface scans (e.g., PLY or STL files) and 3D radiographic imaging (e.g., DICOM files)""，未出现任何具名第三方非牙科3D软件名，也无 ""we used / were analysed using / imported into / processed in"" 等表明本研究自身使用某具名软件的表述。
【软件】: -
【专科】: -
【应用场景】: -
【研究设计】: -"
digital workflow in implant prosthodontics the critical aspects for reliable accuracy,Digital workflow in implant prosthodontics: The critical aspects for reliable accuracy,JOURNAL OF ESTHETIC AND RESTORATIVE DENTISTRY,journalArticle,EN2MHM36,,EXCLUDE,EXCLUDE,"证据片段中未出现任何具名第三方非牙科3D软件名，仅泛述 ""CAD software""、""best fit function of the CAD softwares""，未表明本研究自身使用某一具名软件；且该文为综述性 ""comprehensive treaty/guide""，非原创研究。",-,-,-,-,"【判定】: EXCLUDE
【证据】: 证据片段中未出现任何具名第三方非牙科3D软件名，仅泛述 ""CAD software""、""best fit function of the CAD softwares""，未表明本研究自身使用某一具名软件；且该文为综述性 ""comprehensive treaty/guide""，非原创研究。
【软件】: -
【专科】: -
【应用场景】: -
【研究设计】: -"
technical note automatic segmentation of ct images for ventral body composition analysis,Technical Note: Automatic segmentation of CT images for ventral body composition analysis,MEDICAL PHYSICS,journalArticle,WAYS2G79,,EXCLUDE,EXCLUDE,"证据片段仅显示该研究开发了自研的卷积神经网络（CNN）模型和图像处理流程（""A convolutional neural network (CNN) model with densely connected layers was developed""），未出现任何具名第三方非牙科3D软件的使用表述（如 ""we used / were analysed using / imported into / processed in""）。",-,-,-,-,"【判定】: EXCLUDE
【证据】: 证据片段仅显示该研究开发了自研的卷积神经网络（CNN）模型和图像处理流程（""A convolutional neural network (CNN) model with densely connected layers was developed""），未出现任何具名第三方非牙科3D软件的使用表述（如 ""we used / were analysed using / imported into / processed in""）。
【软件】: -
【专科】: -
【应用场景】: -
【研究设计】: -"
mixed reality as a digital visualisation solution for the head and neck tumour board application creation and implementation study,Mixed Reality as a Digital Visualisation Solution for the Head and Neck Tumour Board: Application Creation and Implementation Study,CANCERS,journalArticle,TY5VT4UV,,EXCLUDE,INCLUDE,"The DICOM data of CT and MRI images were imported into the planning software, and relevant anatomical structures were segmented automatically (e.g., bone), semi-automatically (tumour) or manually (lymph nodes, critical structures). / the DICOM data of patients' preoperative CT or MRI scans were imported into the planning software (Elements, Brainlab, Munich, Germany) to process them for 3D visualisation",Brainlab Elements; Brainlab Mixed Reality Viewer,Oral and Maxillofacial Surgery,Image segmentation and 3D reconstruction,technical_note,"【判定】: INCLUDE
【证据】: The DICOM data of CT and MRI images were imported into the planning software, and relevant anatomical structures were segmented automatically (e.g., bone), semi-automatically (tumour) or manually (lymph nodes, critical structures). / the DICOM data of patients' preoperative CT or MRI scans were imported into the planning software (Elements, Brainlab, Munich, Germany) to process them for 3D visualisation
【软件】: Brainlab Elements; Brainlab Mixed Reality Viewer
【专科】: Oral and Maxillofacial Surgery
【应用场景】: Image segmentation and 3D reconstruction
【研究设计】: technical_note"
evaluating the effect of pore size for 3d printed bone scaffolds,Evaluating the effect of pore size for 3d-printed bone scaffolds,HELIYON,journalArticle,SZNPBGT5,,EXCLUDE,EXCLUDE,该研究使用了 COMSOL Multiphysics 和 nTopology 进行 CFD 与 FE 仿真，但主题为骨支架（bone scaffolds）的孔隙尺寸与力学性能评估，属于骨科/生物医学工程领域，而非口腔医学任一学科；摘要与证据片段中均未涉及口腔颌面、牙种植或口腔相关应用。,-,-,-,-,"【判定】: EXCLUDE
【证据】: 该研究使用了 COMSOL Multiphysics 和 nTopology 进行 CFD 与 FE 仿真，但主题为骨支架（bone scaffolds）的孔隙尺寸与力学性能评估，属于骨科/生物医学工程领域，而非口腔医学任一学科；摘要与证据片段中均未涉及口腔颌面、牙种植或口腔相关应用。
【软件】: -
【专科】: -
【应用场景】: -
【研究设计】: -"
physics driven computational multispectral imaging for accurate color measurement,Physics-Driven Computational Multispectral Imaging for Accurate Color Measurement,SENSORS,journalArticle,WQ43MFDP,,EXCLUDE,EXCLUDE,"证据片段中未出现任何表明本研究自身使用了具名第三方非牙科3D软件的表述；仅提及自研深度学习网络（SRNet、dual-attention modular-information fusion neural network）及牙科专用设备（AMW-500 牙科陶瓷研磨仪、CSF 200 烧结炉），无 ""we used / were analysed using / imported into / processed in"" 等指向第三方非牙科3D软件的原文。",-,-,-,-,"【判定】: EXCLUDE
【证据】: 证据片段中未出现任何表明本研究自身使用了具名第三方非牙科3D软件的表述；仅提及自研深度学习网络（SRNet、dual-attention modular-information fusion neural network）及牙科专用设备（AMW-500 牙科陶瓷研磨仪、CSF 200 烧结炉），无 ""we used / were analysed using / imported into / processed in"" 等指向第三方非牙科3D软件的原文。
【软件】: -
【专科】: -
【应用场景】: -
【研究设计】: -"
chairside applicable ms fgelma hydrogel with enhanced osteogenesis and mechanical adaptability for alveolar ridge preservation,Chairside-applicable MS/FGelMA hydrogel with enhanced osteogenesis and mechanical adaptability for alveolar ridge preservation,JOURNAL OF BIOMATERIALS SCIENCE-POLYMER EDITION,journalArticle,U9JDHKQD,,EXCLUDE,EXCLUDE,证据片段中仅出现 ImageJ（用于测量粒径和孔径）和 MDI Jade 6.5（XRD 分析），但 ImageJ 属于图像分析软件而非三维（3D）数据处理/建模/测量软件，且未用于3D数据的处理、分析、建模或测量；MDI Jade 属于XRD物相分析软件，亦非3D软件。片段中未出现任何本研究自身使用的具名第三方非牙科三维（3D）软件（如 Mimics、3D Slicer、Geomagic、MATLAB 等）用于3D数据处理、分析、建模或测量的表述。,-,-,-,-,"【判定】: EXCLUDE
【证据】: 证据片段中仅出现 ImageJ（用于测量粒径和孔径）和 MDI Jade 6.5（XRD 分析），但 ImageJ 属于图像分析软件而非三维（3D）数据处理/建模/测量软件，且未用于3D数据的处理、分析、建模或测量；MDI Jade 属于XRD物相分析软件，亦非3D软件。片段中未出现任何本研究自身使用的具名第三方非牙科三维（3D）软件（如 Mimics、3D Slicer、Geomagic、MATLAB 等）用于3D数据处理、分析、建模或测量的表述。
【软件】: -
【专科】: -
【应用场景】: -
【研究设计】: -"
injectable aba triblock copolyether hydrogel for dental implant mediated drug delivery,Injectable ABA Triblock Copolyether Hydrogel for Dental Implant-Mediated Drug Delivery,BIOMACROMOLECULES,journalArticle,LQVKL9I3,,EXCLUDE,EXCLUDE,"片段仅提到 ""A customized dental implant fixture was designed using 3D modeling software""，未给出任何具名第三方非牙科3D软件名称；其余软件名（GraphPad Prism）为统计分析软件，非3D软件。",-,-,-,-,"【判定】: EXCLUDE
【证据】: 片段仅提到 ""A customized dental implant fixture was designed using 3D modeling software""，未给出任何具名第三方非牙科3D软件名称；其余软件名（GraphPad Prism）为统计分析软件，非3D软件。
【软件】: -
【专科】: -
【应用场景】: -
【研究设计】: -"
in vitro and in vivo accuracy of autonomous robotic vs fully guided static computer assisted implant surgery,In vitro and in vivo accuracy of autonomous robotic vs. fully guided static computer-assisted implant surgery,CLINICAL IMPLANT DENTISTRY AND RELATED RESEARCH,journalArticle,8S49AU3F,,EXCLUDE,EXCLUDE,片段中出现的具名软件为 STATA 14（仅用于随机化序列生成）、G*Power（样本量计算）、R（统计分析）、coDiagnostiX（牙科专用软件）以及 DentalNavi（机器人手术系统，非通用第三方3D数据处理软件）。未出现本研究自身使用具名第三方非牙科3D软件（如 Mimics、3D Slicer、Geomagic 等）进行3D数据处理、分析、建模或测量的表述。,-,-,-,-,"【判定】: EXCLUDE
【证据】: 片段中出现的具名软件为 STATA 14（仅用于随机化序列生成）、G*Power（样本量计算）、R（统计分析）、coDiagnostiX（牙科专用软件）以及 DentalNavi（机器人手术系统，非通用第三方3D数据处理软件）。未出现本研究自身使用具名第三方非牙科3D软件（如 Mimics、3D Slicer、Geomagic 等）进行3D数据处理、分析、建模或测量的表述。
【软件】: -
【专科】: -
【应用场景】: -
【研究设计】: -"
instantaneous center of rotation the first step to build up the digital laboratory of complex motions,"Instantaneous center of rotation, the first step to build up the digital laboratory of complex motions",PLOS ONE,journalArticle,PZLBG7A6,,EXCLUDE,EXCLUDE,"证据片段中仅出现 ""The blender should be set to Y Forward and Z Up"" 这一句提及 Blender，但该句是在说明 Obj. 文件导入时的朝向设置注意事项，并未使用 ""we used / were analysed using / imported into / processed in"" 等表述表明本研究自身在材料与方法中使用了该具名第三方非牙科3D软件进行3D数据处理、分析、建模或测量；其余片段均为理论/数学建模与结果讨论，未提供本研究自行使用具名第三方3D软件的证据。",-,-,-,-,"【判定】: EXCLUDE
【证据】: 证据片段中仅出现 ""The blender should be set to Y Forward and Z Up"" 这一句提及 Blender，但该句是在说明 Obj. 文件导入时的朝向设置注意事项，并未使用 ""we used / were analysed using / imported into / processed in"" 等表述表明本研究自身在材料与方法中使用了该具名第三方非牙科3D软件进行3D数据处理、分析、建模或测量；其余片段均为理论/数学建模与结果讨论，未提供本研究自行使用具名第三方3D软件的证据。
【软件】: -
【专科】: -
【应用场景】: -
【研究设计】: -"
spatiotemporally orchestrated bone healing a composite scaffold system for sequential hemostasis and osteogenesis,Spatiotemporally Orchestrated Bone Healing: A Composite Scaffold System for Sequential Hemostasis and Osteogenesis,ACS APPLIED MATERIALS & INTERFACES,journalArticle,3ERPLNPN,,EXCLUDE,EXCLUDE,"证据片段中未出现任何具名第三方非牙科3D软件（如 Mimics、3D Slicer、Geomagic 等）被本研究使用的表述；片段仅涉及动物实验、血液吸收测试、参考文献列表及致谢，无 ""we used / were analysed using / imported into / processed in"" 等表明本研究自行使用该类软件的语句。",-,-,-,-,"【判定】: EXCLUDE
【证据】: 证据片段中未出现任何具名第三方非牙科3D软件（如 Mimics、3D Slicer、Geomagic 等）被本研究使用的表述；片段仅涉及动物实验、血液吸收测试、参考文献列表及致谢，无 ""we used / were analysed using / imported into / processed in"" 等表明本研究自行使用该类软件的语句。
【软件】: -
【专科】: -
【应用场景】: -
【研究设计】: -"
enhance stereo dic in low quality speckle pattern by cross scale stereo matching with application in dental crack detection,Enhance stereo-DIC in low quality speckle pattern by cross-scale stereo matching with application in dental crack detection,OPTICS AND LASERS IN ENGINEERING,journalArticle,JER44APL,,EXCLUDE,EXCLUDE,"证据片段中未出现任何具名第三方非牙科3D软件（如 Mimics、3D Slicer、MATLAB 等）被本研究使用的表述；文中仅描述自研算法 CS-GCSGM、GC-SGM、IC-GN、SIFT-aided、FFTCC 等，属于自研代码/自建方法，无 ""we used / were analysed using / imported into / processed in"" 等表明使用具名第三方软件的证据。",-,-,-,-,"【判定】: EXCLUDE
【证据】: 证据片段中未出现任何具名第三方非牙科3D软件（如 Mimics、3D Slicer、MATLAB 等）被本研究使用的表述；文中仅描述自研算法 CS-GCSGM、GC-SGM、IC-GN、SIFT-aided、FFTCC 等，属于自研代码/自建方法，无 ""we used / were analysed using / imported into / processed in"" 等表明使用具名第三方软件的证据。
【软件】: -
【专科】: -
【应用场景】: -
【研究设计】: -"
surface roughness of high performance polymers used for fixed implant supported prostheses,Surface roughness of high-performance polymers used for fixed implant-supported prostheses,JOURNAL OF PROSTHETIC DENTISTRY,journalArticle,VTNU2Q8E,,EXCLUDE,EXCLUDE,"证据片段中未出现任何表明本研究自身使用了具名第三方非牙科3D软件的表述（如 ""we used / were analysed using / imported into / processed in""）；仅提及 CAD-CAM 材料、接触式轮廓仪（contact profilometer）及统计软件（MIXED procedure），无符合纳入标准的非牙科3D软件使用证据。",-,-,-,-,"【判定】: EXCLUDE
【证据】: 证据片段中未出现任何表明本研究自身使用了具名第三方非牙科3D软件的表述（如 ""we used / were analysed using / imported into / processed in""）；仅提及 CAD-CAM 材料、接触式轮廓仪（contact profilometer）及统计软件（MIXED procedure），无符合纳入标准的非牙科3D软件使用证据。
【软件】: -
【专科】: -
【应用场景】: -
【研究设计】: -"
dynamic navigation may be used for most implant surgery scenarios due to its satisfactory accuracy,DYNAMIC NAVIGATION MAY BE USED FOR MOST IMPLANT SURGERY SCENARIOS DUE TO ITS SATISFACTORY ACCURACY,JOURNAL OF EVIDENCE-BASED DENTAL PRACTICE,journalArticle,58D7NV25,,EXCLUDE,EXCLUDE,"证据片段中未出现任何表明本研究自身在材料与方法中使用具名第三方非牙科3D软件的表述（如 ""we used / were analysed using / imported into / processed in""）；片段内容为对 dCAIS 与 sCAIS 的泛述及参考文献列表，且该文献为系统综述与 meta 分析，类型不符。",-,-,-,-,"【判定】: EXCLUDE
【证据】: 证据片段中未出现任何表明本研究自身在材料与方法中使用具名第三方非牙科3D软件的表述（如 ""we used / were analysed using / imported into / processed in""）；片段内容为对 dCAIS 与 sCAIS 的泛述及参考文献列表，且该文献为系统综述与 meta 分析，类型不符。
【软件】: -
【专科】: -
【应用场景】: -
【研究设计】: -"
harmonization of protocols for multi species organoid platforms to study the intestinal biology of toxoplasma gondii and other protozoan infections,Harmonization of Protocols for Multi-Species Organoid Platforms to Study the Intestinal Biology of Toxoplasma gondii and Other Protozoan Infections,FRONTIERS IN CELLULAR AND INFECTION MICROBIOLOGY,journalArticle,BZ9HE4MG,,EXCLUDE,EXCLUDE,主题为肠道类器官与弓形虫等原虫感染研究，不属于口腔医学任一学科；证据片段中出现的 ImageJ 等软件用于荧光显微图像分析，与口腔3D数据处理无关。,-,-,-,-,"【判定】: EXCLUDE
【证据】: 主题为肠道类器官与弓形虫等原虫感染研究，不属于口腔医学任一学科；证据片段中出现的 ImageJ 等软件用于荧光显微图像分析，与口腔3D数据处理无关。
【软件】: -
【专科】: -
【应用场景】: -
【研究设计】: -"
multi analytical framework to assess the in vitro swallowability of solid oral dosage forms targeting patient acceptability and adherence,Multi-Analytical Framework to Assess the In Vitro Swallowability of Solid Oral Dosage Forms Targeting Patient Acceptability and Adherence,PHARMACEUTICS,journalArticle,Z5PW9R3S,,EXCLUDE,EXCLUDE,该研究主题为固体口服剂型（片剂）的吞咽性评估，属于药剂学/制药领域，不属于口腔医学任一学科；虽使用了 Tinkercad、ImageJ 等非牙科3D软件，但主题不符纳入标准第1条。,-,-,-,-,"【判定】: EXCLUDE
【证据】: 该研究主题为固体口服剂型（片剂）的吞咽性评估，属于药剂学/制药领域，不属于口腔医学任一学科；虽使用了 Tinkercad、ImageJ 等非牙科3D软件，但主题不符纳入标准第1条。
【软件】: -
【专科】: -
【应用场景】: -
【研究设计】: -"
design and implement strategy of wireless bite force device,Design and Implement Strategy of Wireless Bite Force Device,BIOENGINEERING-BASEL,journalArticle,62V28LZT,,EXCLUDE,EXCLUDE,"证据片段中仅提及 ""designed by using computer-aided design (CAD) software"" 和 ""The data from the CAD technology were imported into a 3D printer""，未给出任何具名的第三方非牙科3D软件名称；文中出现的软件/设备（DS-EX Pro 口内扫描仪、SLA600 3D打印机）为硬件设备而非3D数据处理/分析/建模软件，且扫描仪属牙科专用设备。缺失""本研究自身使用了一个具名第三方非牙科3D软件""的证据。",-,-,-,-,"【判定】: EXCLUDE
【证据】: 证据片段中仅提及 ""designed by using computer-aided design (CAD) software"" 和 ""The data from the CAD technology were imported into a 3D printer""，未给出任何具名的第三方非牙科3D软件名称；文中出现的软件/设备（DS-EX Pro 口内扫描仪、SLA600 3D打印机）为硬件设备而非3D数据处理/分析/建模软件，且扫描仪属牙科专用设备。缺失""本研究自身使用了一个具名第三方非牙科3D软件""的证据。
【软件】: -
【专科】: -
【应用场景】: -
【研究设计】: -"
extraction of 3d trajectories of mandibular condyles from 2d real time mri,Extraction of 3D trajectories of mandibular condyles from 2D real-time MRI,MAGNETIC RESONANCE MATERIALS IN PHYSICS BIOLOGY AND MEDICINE,journalArticle,52XQ7XHB,,EXCLUDE,EXCLUDE,"片段中仅提及使用 U-Net 卷积神经网络进行分割（""training using a U-Net convolutional neural network""），未出现任何具名第三方非牙科3D软件（如 Mimics、3D Slicer、MATLAB 等）被本研究自身使用的表述；缺失""本研究使用了具名第三方非牙科3D软件""的证据。",-,-,-,-,"【判定】: EXCLUDE
【证据】: 片段中仅提及使用 U-Net 卷积神经网络进行分割（""training using a U-Net convolutional neural network""），未出现任何具名第三方非牙科3D软件（如 Mimics、3D Slicer、MATLAB 等）被本研究自身使用的表述；缺失""本研究使用了具名第三方非牙科3D软件""的证据。
【软件】: -
【专科】: -
【应用场景】: -
【研究设计】: -"
flexible multibody approaches for simulating the deflection and contact mechanics of toothbrush bristles modelling and testing,Flexible multibody approaches for simulating the deflection and contact mechanics of toothbrush bristles: modelling and testing,MULTIBODY SYSTEM DYNAMICS,journalArticle,2R6WAHXA,,EXCLUDE,EXCLUDE,"证据片段中未出现任何具名第三方非牙科3D软件（如Mimics、ANSYS、ABAQUS等）被本研究使用的表述；片段仅涉及PRB/PRBM、DFM等多体动力学模型及参考文献列表，无 ""we used / were analysed using / imported into / processed in"" 等表明本研究自身使用某具名第三方软件的证据。",-,-,-,-,"【判定】: EXCLUDE
【证据】: 证据片段中未出现任何具名第三方非牙科3D软件（如Mimics、ANSYS、ABAQUS等）被本研究使用的表述；片段仅涉及PRB/PRBM、DFM等多体动力学模型及参考文献列表，无 ""we used / were analysed using / imported into / processed in"" 等表明本研究自身使用某具名第三方软件的证据。
【软件】: -
【专科】: -
【应用场景】: -
【研究设计】: -"
evaluation of accuracy of photogrammetry with 3d scanning and conventional impression method for craniomaxillofacial defects using a software analysis,Evaluation of accuracy of photogrammetry with 3D scanning and conventional impression method for craniomaxillofacial defects using a software analysis,TRIALS,journalArticle,64LU2QXD,,EXCLUDE,EXCLUDE,"片段中仅出现泛述 ""The CAD software was used to design the prosthesis"" 和 ""analysed by a software using reverse engineering technology""，未给出任何具名第三方非牙科3D软件名称；""freeware"" 亦非具名软件。缺失表明本研究自身使用了具名第三方非牙科3D软件的证据。",-,-,-,-,"【判定】: EXCLUDE
【证据】: 片段中仅出现泛述 ""The CAD software was used to design the prosthesis"" 和 ""analysed by a software using reverse engineering technology""，未给出任何具名第三方非牙科3D软件名称；""freeware"" 亦非具名软件。缺失表明本研究自身使用了具名第三方非牙科3D软件的证据。
【软件】: -
【专科】: -
【应用场景】: -
【研究设计】: -"
morphology and function dual adjustable biomimetic 4d printed scaffold for the regenerative restoration of complex bone defects,Morphology and Function Dual-Adjustable Biomimetic 4D-Printed Scaffold for the Regenerative Restoration of Complex Bone Defects,ADVANCED FUNCTIONAL MATERIALS,journalArticle,TLW8WS3P,,EXCLUDE,INCLUDE,"""Cero 8.0 software was used to design the 3D CAD models, which were then opened in the printing software.""",Creo,Oral and Maxillofacial Surgery,Digital design and manufacturing,in_vitro,"【判定】: INCLUDE
【证据】: ""Cero 8.0 software was used to design the 3D CAD models, which were then opened in the printing software.""
【软件】: Creo
【专科】: Oral and Maxillofacial Surgery
【应用场景】: Digital design and manufacturing
【研究设计】: in_vitro"
x ray microtomographic evaluation of the absolute marginal fit of fixed prostheses made from soft co cr and zirconia,X-ray microtomographic evaluation of the absolute marginal fit of fixed prostheses made from soft Co-Cr and zirconia,JOURNAL OF PROSTHETIC DENTISTRY,journalArticle,RJLY54ML,,EXCLUDE,EXCLUDE,缺失证据：方法学片段中出现的软件（Ceramill map 400、Ceramill Mind、VOLEX6、Volume Player Plus）中，Ceramill 系列为牙科专用 CAD/CAM 软件，而 VOLEX6 与 Volume Player Plus 为 Fraunhofer IIS 的专用 CT 重建/分析软件，均不属于纳入标准所列的具名第三方非牙科三维软件（如 Mimics、3D Slicer、Geomagic、MATLAB 等）；未发现本研究使用任一符合标准的非牙科 3D 软件。,-,-,-,-,"【判定】: EXCLUDE
【证据】: 缺失证据：方法学片段中出现的软件（Ceramill map 400、Ceramill Mind、VOLEX6、Volume Player Plus）中，Ceramill 系列为牙科专用 CAD/CAM 软件，而 VOLEX6 与 Volume Player Plus 为 Fraunhofer IIS 的专用 CT 重建/分析软件，均不属于纳入标准所列的具名第三方非牙科三维软件（如 Mimics、3D Slicer、Geomagic、MATLAB 等）；未发现本研究使用任一符合标准的非牙科 3D 软件。
【软件】: -
【专科】: -
【应用场景】: -
【研究设计】: -"
interpretable two stage deep learning for pediatric obstructive sleep apnea diagnosis using lateral cephalograms,Interpretable two-stage deep learning for pediatric obstructive sleep apnea diagnosis using lateral cephalograms,FRONTIERS IN PEDIATRICS,journalArticle,7XYUKH88,,EXCLUDE,EXCLUDE,该研究使用 Labelme（标注软件）和自建的 nnU-Net 深度学习框架，未使用纳入标准所列的具名第三方非牙科三维（3D）软件进行3D数据处理、分析、建模或测量；Labelme 为2D图像标注工具，nnU-Net 为自建/开源深度学习分割框架，均不属于标准要求的非牙科3D软件。,-,-,-,-,"【判定】: EXCLUDE
【证据】: 该研究使用 Labelme（标注软件）和自建的 nnU-Net 深度学习框架，未使用纳入标准所列的具名第三方非牙科三维（3D）软件进行3D数据处理、分析、建模或测量；Labelme 为2D图像标注工具，nnU-Net 为自建/开源深度学习分割框架，均不属于标准要求的非牙科3D软件。
【软件】: -
【专科】: -
【应用场景】: -
【研究设计】: -"
explainable deep learning framework for classifying mandibular fractures on panoramic radiographs,Explainable Deep Learning Framework for Classifying Mandibular Fractures on Panoramic Radiographs,JOURNAL OF CRANIOFACIAL SURGERY,journalArticle,NZXWSQ9R,,EXCLUDE,EXCLUDE,"证据片段仅显示该研究使用自建/预训练的卷积神经网络（CNN）及 CLAHE 图像增强，未出现任何具名第三方非牙科3D软件（如 Mimics、3D Slicer、MATLAB 等）被本研究使用的表述（如 ""we used / imported into / processed in""）。",-,-,-,-,"【判定】: EXCLUDE
【证据】: 证据片段仅显示该研究使用自建/预训练的卷积神经网络（CNN）及 CLAHE 图像增强，未出现任何具名第三方非牙科3D软件（如 Mimics、3D Slicer、MATLAB 等）被本研究使用的表述（如 ""we used / imported into / processed in""）。
【软件】: -
【专科】: -
【应用场景】: -
【研究设计】: -"
three dimensional tooth model reconstruction using statistical randomization based particle swarm optimization,Three-Dimensional Tooth Model Reconstruction Using Statistical Randomization-Based Particle Swarm Optimization,APPLIED SCIENCES-BASEL,journalArticle,2M6V9TT2,,EXCLUDE,EXCLUDE,"缺失证据：片段中仅描述作者自研的 SR-PSO 算法与 ICP 方法（""our proposed statistical randomization-based particle swarm optimization (SR-PSO) algorithm""），未出现任何具名第三方非牙科3D软件被本研究使用的表述（如 we used / imported into / processed in 等）。",-,-,-,-,"【判定】: EXCLUDE
【证据】: 缺失证据：片段中仅描述作者自研的 SR-PSO 算法与 ICP 方法（""our proposed statistical randomization-based particle swarm optimization (SR-PSO) algorithm""），未出现任何具名第三方非牙科3D软件被本研究使用的表述（如 we used / imported into / processed in 等）。
【软件】: -
【专科】: -
【应用场景】: -
【研究设计】: -"
a new deep learning algorithm for detecting spinal metastases on computed tomography images,A New Deep Learning Algorithm for Detecting Spinal Metastases on Computed Tomography Images,SPINE,journalArticle,4MS9MATQ,,EXCLUDE,EXCLUDE,该研究为脊柱骨转移瘤的深度学习检测，主题不属于口腔医学；且方法学中仅使用自研深度学习模型（DeepLabv3+）及 MD.ai 标注平台，未使用具名第三方非牙科三维软件进行3D数据处理、分析、建模或测量。,-,-,-,-,"【判定】: EXCLUDE
【证据】: 该研究为脊柱骨转移瘤的深度学习检测，主题不属于口腔医学；且方法学中仅使用自研深度学习模型（DeepLabv3+）及 MD.ai 标注平台，未使用具名第三方非牙科三维软件进行3D数据处理、分析、建模或测量。
【软件】: -
【专科】: -
【应用场景】: -
【研究设计】: -"
clinical feasibility of deep learning based automatic head cbct image segmentation and landmark detection in computer aided surgical simulation for orthognathic surgery,Clinical feasibility of deep learning-based automatic head CBCT image segmentation and landmark detection in computer- aided surgical simulation for orthognathic surgery,INTERNATIONAL JOURNAL OF ORAL AND MAXILLOFACIAL SURGERY,journalArticle,MU6UNASA,,EXCLUDE,EXCLUDE,"证据片段仅显示该研究使用自研深度学习系统 ""SkullEngine"" 进行自动分割与标志点检测（""deep learning-based automatic segmentation and landmark detection, the SkullEngine""），未出现任何具名第三方非牙科3D软件（如 Mimics、3D Slicer、MATLAB 等）被本研究使用的表述（如 ""we used / were analysed using / imported into / processed in""）。",-,-,-,-,"【判定】: EXCLUDE
【证据】: 证据片段仅显示该研究使用自研深度学习系统 ""SkullEngine"" 进行自动分割与标志点检测（""deep learning-based automatic segmentation and landmark detection, the SkullEngine""），未出现任何具名第三方非牙科3D软件（如 Mimics、3D Slicer、MATLAB 等）被本研究使用的表述（如 ""we used / were analysed using / imported into / processed in""）。
【软件】: -
【专科】: -
【应用场景】: -
【研究设计】: -"
on the feasibility of minimally invasive le fort i with patient specific implants proof of concept,On the feasibility of minimally invasive Le Fort I with patient-specific implants: Proof of concept,JOURNAL OF STOMATOLOGY ORAL AND MAXILLOFACIAL SURGERY,journalArticle,WGAXESY9,,EXCLUDE,EXCLUDE,该研究仅使用 Dolphin software（Dolphin Imaging & Management Solutions 12.09）进行3D规划与体素叠加测量，Dolphin 属于牙科/正颌专用软件，不属于非牙科第三方3D软件；证据片段中未出现任何具名的非牙科3D软件（如 Mimics、3D Slicer、Geomagic 等）被本研究自身使用。,-,-,-,-,"【判定】: EXCLUDE
【证据】: 该研究仅使用 Dolphin software（Dolphin Imaging & Management Solutions 12.09）进行3D规划与体素叠加测量，Dolphin 属于牙科/正颌专用软件，不属于非牙科第三方3D软件；证据片段中未出现任何具名的非牙科3D软件（如 Mimics、3D Slicer、Geomagic 等）被本研究自身使用。
【软件】: -
【专科】: -
【应用场景】: -
【研究设计】: -"
retracted early diagnosis of oral cancer using a hybrid arrangement of deep belief networkand combined group teaching algorithm retracted article see vol 15 2025,"RETRACTED: Early diagnosis of oral cancer using a hybrid arrangement of deep belief networkand combined group teaching algorithm (Retracted article. See vol. 15, 2025)",SCIENTIFIC REPORTS,journalArticle,PZ65JJ6U,,EXCLUDE,EXCLUDE,"证据片段中未出现任何具名第三方非牙科3D软件（如 Mimics、3D Slicer、MATLAB 等）被本研究使用的表述；仅描述自研深度信念网络（DBN）与元启发式算法，无 ""we used / imported into / processed in"" 等使用第三方软件的语句。",-,-,-,-,"【判定】: EXCLUDE
【证据】: 证据片段中未出现任何具名第三方非牙科3D软件（如 Mimics、3D Slicer、MATLAB 等）被本研究使用的表述；仅描述自研深度信念网络（DBN）与元启发式算法，无 ""we used / imported into / processed in"" 等使用第三方软件的语句。
【软件】: -
【专科】: -
【应用场景】: -
【研究设计】: -"
examining the influence of freehand pilot guided and fully guided surgical protocols on the accuracy of immediately placed implants an in vitro study,"Examining the Influence of Freehand, Pilot-Guided, and Fully Guided Surgical Protocols on the Accuracy of Immediately Placed Implants-An In Vitro Study",APPLIED SCIENCES-BASEL,journalArticle,UCYUH8Y6,,EXCLUDE,EXCLUDE,"该研究在材料与方法中仅使用了牙科专用软件 CoDiagnostix®（""was made in CoDiagnostix®""、""were imported into CoDiagnostix®""、""using the 'Treatment Evaluation' tool in CoDiagnostix®""），未出现任何具名的第三方非牙科3D软件（如 Mimics、3D Slicer、Geomagic、MATLAB 等）用于3D数据处理、分析、建模或测量；G*Power 仅用于样本量计算，不属于3D数据处理软件。",-,-,-,-,"【判定】: EXCLUDE
【证据】: 该研究在材料与方法中仅使用了牙科专用软件 CoDiagnostix®（""was made in CoDiagnostix®""、""were imported into CoDiagnostix®""、""using the 'Treatment Evaluation' tool in CoDiagnostix®""），未出现任何具名的第三方非牙科3D软件（如 Mimics、3D Slicer、Geomagic、MATLAB 等）用于3D数据处理、分析、建模或测量；G*Power 仅用于样本量计算，不属于3D数据处理软件。
【软件】: -
【专科】: -
【应用场景】: -
【研究设计】: -"
premolar and molar inclination changes following micro implant assisted maxillary skeletal expander mse a three dimensional analysis and visualization,Premolar and Molar Inclination Changes Following Micro-Implant-Assisted Maxillary Skeletal Expander (MSE): A Three-Dimensional Analysis and Visualization,APPLIED SCIENCES-BASEL,journalArticle,HPTKUJ9W,,EXCLUDE,EXCLUDE,该研究仅使用 OnDemand3D（牙科专用软件）和 Graphpad（统计软件，非3D数据处理/建模/测量软件）；未出现任何具名第三方非牙科3D软件（如 Mimics、3D Slicer、Geomagic 等）用于3D数据处理、分析、建模或测量的表述。,-,-,-,-,"【判定】: EXCLUDE
【证据】: 该研究仅使用 OnDemand3D（牙科专用软件）和 Graphpad（统计软件，非3D数据处理/建模/测量软件）；未出现任何具名第三方非牙科3D软件（如 Mimics、3D Slicer、Geomagic 等）用于3D数据处理、分析、建模或测量的表述。
【软件】: -
【专科】: -
【应用场景】: -
【研究设计】: -"
reorientation methodology for reproducible head posture in serial cone beam computed tomography images,Reorientation methodology for reproducible head posture in serial cone beam computed tomography images,SCIENTIFIC REPORTS,journalArticle,W4VK5BNE,,EXCLUDE,EXCLUDE,"方法学片段仅显示 ""The algorithm proposed was implemented and tested by Python 3.7.13""，即该研究使用自研算法（Python 实现），未出现任何具名第三方非牙科3D软件（如 Mimics、3D Slicer、MATLAB 等）被本研究使用的表述；片段中提及的 imaging software 仅为泛述（""reorientation methods of imaging software25""），属他文引用，不构成本研究使用证据。",-,-,-,-,"【判定】: EXCLUDE
【证据】: 方法学片段仅显示 ""The algorithm proposed was implemented and tested by Python 3.7.13""，即该研究使用自研算法（Python 实现），未出现任何具名第三方非牙科3D软件（如 Mimics、3D Slicer、MATLAB 等）被本研究使用的表述；片段中提及的 imaging software 仅为泛述（""reorientation methods of imaging software25""），属他文引用，不构成本研究使用证据。
【软件】: -
【专科】: -
【应用场景】: -
【研究设计】: -"
image navigator based automated coronary magnetic resonance angiography for the detection of coronary artery stenosis,"Image navigator-based, automated coronary magnetic resonance angiography for the detection of coronary artery stenosis",JOURNAL OF CARDIOVASCULAR MAGNETIC RESONANCE,journalArticle,Z8IXXBA4,,EXCLUDE,EXCLUDE,该文献主题为冠状动脉磁共振血管成像（心血管领域），不属于口腔医学任一学科；证据片段中亦未出现任何具名第三方非牙科3D软件用于本研究3D数据处理、分析、建模或测量的表述。,-,-,-,-,"【判定】: EXCLUDE
【证据】: 该文献主题为冠状动脉磁共振血管成像（心血管领域），不属于口腔医学任一学科；证据片段中亦未出现任何具名第三方非牙科3D软件用于本研究3D数据处理、分析、建模或测量的表述。
【软件】: -
【专科】: -
【应用场景】: -
【研究设计】: -"
comparison of three dimensional tooth movements in virtual setups using different software packages for clear aligner therapy,Comparison of three-dimensional tooth movements in virtual setups using different software packages for clear aligner therapy,BMC ORAL HEALTH,journalArticle,E2M3G8UJ,,EXCLUDE,EXCLUDE,该研究使用的软件为 Ortho Analyzer®、Maestro 3D Ortho Studio®、Blue Sky Plan®、ClinCheck® Pro 及 Medit Link，均属牙科/正畸专用软件（虚拟排牙、隐形矫治设计软件），未使用任何具名的第三方非牙科三维软件（如 Mimics、3D Slicer、Geomagic、MATLAB 等）进行3D数据处理、分析、建模或测量。,-,-,-,-,"【判定】: EXCLUDE
【证据】: 该研究使用的软件为 Ortho Analyzer®、Maestro 3D Ortho Studio®、Blue Sky Plan®、ClinCheck® Pro 及 Medit Link，均属牙科/正畸专用软件（虚拟排牙、隐形矫治设计软件），未使用任何具名的第三方非牙科三维软件（如 Mimics、3D Slicer、Geomagic、MATLAB 等）进行3D数据处理、分析、建模或测量。
【软件】: -
【专科】: -
【应用场景】: -
【研究设计】: -"
icex advances in the automatic extraction and volume calculation of cranial cavities,Icex: Advances in the automatic extraction and volume calculation of cranial cavities,JOURNAL OF ANATOMY,journalArticle,49MPN24G,,EXCLUDE,EXCLUDE,"该研究主题为颅腔（鼻腔、鼻窦、眶腔等）的解剖学/古人类学研究，不属于口腔医学任一学科；且其自身开发了 R 软件工具 Icex，证据片段中仅出现 ""reconstructing the CT images in Avizo Lite software"" 用于生成颅骨3D表面网格，但主题不符口腔医学，故排除。",-,-,-,-,"【判定】: EXCLUDE
【证据】: 该研究主题为颅腔（鼻腔、鼻窦、眶腔等）的解剖学/古人类学研究，不属于口腔医学任一学科；且其自身开发了 R 软件工具 Icex，证据片段中仅出现 ""reconstructing the CT images in Avizo Lite software"" 用于生成颅骨3D表面网格，但主题不符口腔医学，故排除。
【软件】: -
【专科】: -
【应用场景】: -
【研究设计】: -"
accuracy of removable partial denture metal frameworks fabricated by computer aided design computer aided manufacturing method a systematic review and meta analysis,ACCURACY OF REMOVABLE PARTIAL DENTURE METAL FRAMEWORKS FABRICATED BY COMPUTER-AIDED DESIGN/COMPUTER-AIDED MANUFACTURING METHOD: A SYSTEMATIC REVIEW AND META-ANALYSIS,JOURNAL OF EVIDENCE-BASED DENTAL PRACTICE,journalArticle,WIWXEEA2,,EXCLUDE,EXCLUDE,"该文献为系统综述与meta分析（""This systematic review and meta-analysis aimed to investigate...""），方法学片段中未出现任何表明本研究自身使用了具名第三方非牙科3D软件的表述（如 ""we used / were analysed using / imported into / processed in""），仅涉及文献检索与meta分析方法。",-,-,-,-,"【判定】: EXCLUDE
【证据】: 该文献为系统综述与meta分析（""This systematic review and meta-analysis aimed to investigate...""），方法学片段中未出现任何表明本研究自身使用了具名第三方非牙科3D软件的表述（如 ""we used / were analysed using / imported into / processed in""），仅涉及文献检索与meta分析方法。
【软件】: -
【专科】: -
【应用场景】: -
【研究设计】: -"
generating tooth organoids using defined bioorthogonally cross linked hydrogels,Generating Tooth Organoids Using Defined Bioorthogonally Cross-Linked Hydrogels,ACS MACRO LETTERS,journalArticle,Y3KDF7PV,,EXCLUDE,EXCLUDE,"证据片段仅涉及水凝胶流变学测试、溶胀测试及参考文献列表，未出现任何具名第三方非牙科3D软件（如 Mimics、3D Slicer、MATLAB 等）被本研究使用的表述（如 ""we used / were analysed using / imported into / processed in""）。",-,-,-,-,"【判定】: EXCLUDE
【证据】: 证据片段仅涉及水凝胶流变学测试、溶胀测试及参考文献列表，未出现任何具名第三方非牙科3D软件（如 Mimics、3D Slicer、MATLAB 等）被本研究使用的表述（如 ""we used / were analysed using / imported into / processed in""）。
【软件】: -
【专科】: -
【应用场景】: -
【研究设计】: -"
robust and precise isotropic scaling registration algorithm using bi directional distance and correntropy,Robust and precise isotropic scaling registration algorithm using bi-directional distance and correntropy,PATTERN RECOGNITION LETTERS,journalArticle,BITQ8URU,,EXCLUDE,EXCLUDE,"证据片段仅显示该研究提出了一种新的配准算法（""this paper proposes a new registration algorithm with iterative closest point""），未出现任何具名第三方非牙科3D软件（如 Mimics、3D Slicer、Geomagic、MATLAB 等）被本研究使用的表述（如 ""we used / were analysed using / imported into / processed in""）。缺失""本研究自身使用了具名第三方非牙科3D软件""的证据。",-,-,-,-,"【判定】: EXCLUDE
【证据】: 证据片段仅显示该研究提出了一种新的配准算法（""this paper proposes a new registration algorithm with iterative closest point""），未出现任何具名第三方非牙科3D软件（如 Mimics、3D Slicer、Geomagic、MATLAB 等）被本研究使用的表述（如 ""we used / were analysed using / imported into / processed in""）。缺失""本研究自身使用了具名第三方非牙科3D软件""的证据。
【软件】: -
【专科】: -
【应用场景】: -
【研究设计】: -"
imaging and 3d analysis based on two or more three dimensional cbct recordings before and after orthodontic treatment and maxillofacial therapy,Imaging and 3D Analysis Based on Two or More Three-Dimensional CBCT Recordings before and after Orthodontic Treatment and Maxillofacial Therapy,APPLIED SCIENCES-BASEL,journalArticle,4BLBU3YQ,,EXCLUDE,EXCLUDE,"方法学片段中明确使用的软件为 ""Anatomage Invivo software""（牙科/颌面专用软件）和 ""Mirror PhotoTools software""（Canfield 专用扫描软件）；Procrustes analysis、ICP 等仅为算法/统计方法，未指明使用任何具名第三方非牙科3D软件（如 MATLAB、Geomagic 等）。缺失表明本研究自身使用了具名第三方非牙科3D软件的证据。",-,-,-,-,"【判定】: EXCLUDE
【证据】: 方法学片段中明确使用的软件为 ""Anatomage Invivo software""（牙科/颌面专用软件）和 ""Mirror PhotoTools software""（Canfield 专用扫描软件）；Procrustes analysis、ICP 等仅为算法/统计方法，未指明使用任何具名第三方非牙科3D软件（如 MATLAB、Geomagic 等）。缺失表明本研究自身使用了具名第三方非牙科3D软件的证据。
【软件】: -
【专科】: -
【应用场景】: -
【研究设计】: -"
digital workflow for fabricating a patient specific detachable 3d printing model for mesiodens extraction to enhance surgical planning and dental education,Digital workflow for fabricating a patient-specific detachable 3D-printing model for mesiodens extraction to enhance surgical planning and dental education,BMC ORAL HEALTH,journalArticle,NRXIPVW4,,EXCLUDE,EXCLUDE,"方法学片段中明确使用的软件为 ""a dental design software program (RealGUIDE version 5.3, 3DIEMME, Milan, Italy)""，属于牙科专用软件；未出现任何具名第三方非牙科3D软件（如 Mimics、3D Slicer、Geomagic 等）被本研究自身使用的表述。",-,-,-,-,"【判定】: EXCLUDE
【证据】: 方法学片段中明确使用的软件为 ""a dental design software program (RealGUIDE version 5.3, 3DIEMME, Milan, Italy)""，属于牙科专用软件；未出现任何具名第三方非牙科3D软件（如 Mimics、3D Slicer、Geomagic 等）被本研究自身使用的表述。
【软件】: -
【专科】: -
【应用场景】: -
【研究设计】: -"
the butterfly effect in oral and maxillofacial surgery understanding and applying chaos theory and complex systems principles,The butterfly effect in oral and maxillofacial surgery: Understanding and applying chaos theory and complex systems principles,JOURNAL OF CRANIO-MAXILLOFACIAL SURGERY,journalArticle,Q9W8VEJT,,EXCLUDE,EXCLUDE,"证据片段中未出现任何表明本研究自身使用了具名第三方非牙科3D软件的表述（如 ""we used / were analysed using / imported into / processed in""）；仅提及 ""finite element analysis""、""planning software""、""Stable Diffusion AI Image Generator"" 等泛述或他文引用，无具体具名非牙科3D软件用于本研究3D数据处理。",-,-,-,-,"【判定】: EXCLUDE
【证据】: 证据片段中未出现任何表明本研究自身使用了具名第三方非牙科3D软件的表述（如 ""we used / were analysed using / imported into / processed in""）；仅提及 ""finite element analysis""、""planning software""、""Stable Diffusion AI Image Generator"" 等泛述或他文引用，无具体具名非牙科3D软件用于本研究3D数据处理。
【软件】: -
【专科】: -
【应用场景】: -
【研究设计】: -"
evaluation of the marginal and internal gaps in 3d printed interim crowns using different finish line detection methods an in vitro study,Evaluation of the marginal and internal gaps in 3D-printed interim crowns using different finish line detection methods: An in vitro study,PLOS ONE,journalArticle,JL3QCSFC,,EXCLUDE,EXCLUDE,证据片段中仅出现牙科专用软件（CEREC InLab system、Dentbird software），未出现任何具名第三方非牙科3D软件（如 Mimics、3D Slicer、Geomagic、MATLAB 等）被本研究自身使用的表述。,-,-,-,-,"【判定】: EXCLUDE
【证据】: 证据片段中仅出现牙科专用软件（CEREC InLab system、Dentbird software），未出现任何具名第三方非牙科3D软件（如 Mimics、3D Slicer、Geomagic、MATLAB 等）被本研究自身使用的表述。
【软件】: -
【专科】: -
【应用场景】: -
【研究设计】: -"
intraoral scanners for in vivo 3d imaging of the gingiva and the alveolar process,Intraoral Scanners for In Vivo 3D Imaging of the Gingiva and the Alveolar Process,JOURNAL OF CLINICAL MEDICINE,journalArticle,SXRLMTP9,,EXCLUDE,EXCLUDE,"缺失证据：方法学片段中仅提及使用牙科专用口内扫描仪（CS 3600, Carestream 和 TRIOS 3, 3Shape）及其自带软件（CS Imaging、TRIOS Software），未出现任何具名第三方非牙科3D软件（如 Geomagic、CloudCompare、MeshLab、MATLAB 等）被本研究自身用于3D数据处理、分析、建模或测量的表述。",-,-,-,-,"【判定】: EXCLUDE
【证据】: 缺失证据：方法学片段中仅提及使用牙科专用口内扫描仪（CS 3600, Carestream 和 TRIOS 3, 3Shape）及其自带软件（CS Imaging、TRIOS Software），未出现任何具名第三方非牙科3D软件（如 Geomagic、CloudCompare、MeshLab、MATLAB 等）被本研究自身用于3D数据处理、分析、建模或测量的表述。
【软件】: -
【专科】: -
【应用场景】: -
【研究设计】: -"
mechanical and biological properties of polymer materials for oral appliances produced with additive 3d printing and subtractive cad cam techniques compared to conventional methods a systematic review and meta analysis,Mechanical and biological properties of polymer materials for oral appliances produced with additive 3D printing and subtractive CAD-CAM techniques compared to conventional methods: a systematic review and meta-analysis,CLINICAL ORAL INVESTIGATIONS,journalArticle,HWUQ4VDF,,EXCLUDE,EXCLUDE,"该文献为系统综述与meta分析（题名及摘要明确 ""a systematic review and meta-analysis""），方法学片段中出现的 Netfabb、Geomagic Design X、Geomagic Studio 等软件名均来自被纳入分析的原始研究（如 ""Netfabb 2020 (Autodesk) used as the slicing software""、""designed with CAD-software (Geomagic Design X, 3D Systems)"" 等），并非本综述自身使用；本研究自身仅使用 Stata17 进行统计分析，未使用任何非牙科3D软件处理3D数据。",-,-,-,-,"【判定】: EXCLUDE
【证据】: 该文献为系统综述与meta分析（题名及摘要明确 ""a systematic review and meta-analysis""），方法学片段中出现的 Netfabb、Geomagic Design X、Geomagic Studio 等软件名均来自被纳入分析的原始研究（如 ""Netfabb 2020 (Autodesk) used as the slicing software""、""designed with CAD-software (Geomagic Design X, 3D Systems)"" 等），并非本综述自身使用；本研究自身仅使用 Stata17 进行统计分析，未使用任何非牙科3D软件处理3D数据。
【软件】: -
【专科】: -
【应用场景】: -
【研究设计】: -"
a multimodal explainable ai framework to assist in the differential diagnosis of head and neck reactive follicular hyperplasia and follicular lymphoma an international multicentre study,A multimodal explainable ai framework to assist in the differential diagnosis of head and neck reactive follicular hyperplasia and follicular lymphoma: an international multicentre study,VIRCHOWS ARCHIV,journalArticle,IBDZN4D8,,EXCLUDE,EXCLUDE,该研究仅使用自研/自建深度学习模型（U-Net++、CellViT++、Cell-GNN、XGBoost 等）及 QuPath、Aperio ImageScope、GraphPad Prism、R、PyTorch 等软件；未出现使用具名第三方非牙科三维（3D）软件（如 Mimics、3D Slicer、Geomagic 等）进行3D数据处理、分析、建模或测量的表述。,-,-,-,-,"【判定】: EXCLUDE
【证据】: 该研究仅使用自研/自建深度学习模型（U-Net++、CellViT++、Cell-GNN、XGBoost 等）及 QuPath、Aperio ImageScope、GraphPad Prism、R、PyTorch 等软件；未出现使用具名第三方非牙科三维（3D）软件（如 Mimics、3D Slicer、Geomagic 等）进行3D数据处理、分析、建模或测量的表述。
【软件】: -
【专科】: -
【应用场景】: -
【研究设计】: -"
adjunctive therapies in periodontitis current concepts and the future,Adjunctive Therapies in Periodontitis: Current Concepts and the Future,JOURNAL OF PERIODONTAL RESEARCH,journalArticle,RFQCJLX7,,EXCLUDE,EXCLUDE,"该文献为叙述性综述（narrative review），摘要明确 ""This narrative review integrates...""，方法学片段仅描述文献检索与证据综合（""Evidence was synthesized from experimental, translational, and clinical studies retrieved from PubMed, Scopus, and Web of Science""），未出现任何表明本研究自身使用具名第三方非牙科3D软件的表述（无 ""we used / were analysed using / imported into / processed in"" 等）。",-,-,-,-,"【判定】: EXCLUDE
【证据】: 该文献为叙述性综述（narrative review），摘要明确 ""This narrative review integrates...""，方法学片段仅描述文献检索与证据综合（""Evidence was synthesized from experimental, translational, and clinical studies retrieved from PubMed, Scopus, and Web of Science""），未出现任何表明本研究自身使用具名第三方非牙科3D软件的表述（无 ""we used / were analysed using / imported into / processed in"" 等）。
【软件】: -
【专科】: -
【应用场景】: -
【研究设计】: -"
growth allometry and dental topography in upper triassic conodonts support trophic differentiation and molar like element function,Growth allometry and dental topography in Upper Triassic conodonts support trophic differentiation and molar-like element function,PALEOBIOLOGY,journalArticle,MZW42EWD,,EXCLUDE,EXCLUDE,该研究主题为三叠纪牙形石（conodont）的生长异速生长与牙齿形态学，属于古生物学/古生物学形态功能研究，不属于口腔医学任一学科；虽方法学中使用了 Amira、MeshLab、Avizo 等非牙科3D软件，但主题不符纳入标准第1条。,-,-,-,-,"【判定】: EXCLUDE
【证据】: 该研究主题为三叠纪牙形石（conodont）的生长异速生长与牙齿形态学，属于古生物学/古生物学形态功能研究，不属于口腔医学任一学科；虽方法学中使用了 Amira、MeshLab、Avizo 等非牙科3D软件，但主题不符纳入标准第1条。
【软件】: -
【专科】: -
【应用场景】: -
【研究设计】: -"
spontaneous bone regeneration achieved through one step alignment of human mesenchymal stem cell embedded collagen,Spontaneous bone regeneration achieved through one-step alignment of human mesenchymal stem cell-embedded collagen,ACTA BIOMATERIALIA,journalArticle,3TMAVBSZ,,EXCLUDE,EXCLUDE,片段中出现的软件为 ImageJ（含 DiameterJ 插件）和 Image-Pro Premier 9.2，均用于二维荧光/显微图像的定量分析（胶原取向、细胞核长宽比、ITGA2 形态特征），未表明本研究使用具名第三方非牙科三维（3D）软件进行3D数据处理、分析、建模或测量；且主题为骨组织工程/干细胞成骨，不属于口腔医学任一学科。,-,-,-,-,"【判定】: EXCLUDE
【证据】: 片段中出现的软件为 ImageJ（含 DiameterJ 插件）和 Image-Pro Premier 9.2，均用于二维荧光/显微图像的定量分析（胶原取向、细胞核长宽比、ITGA2 形态特征），未表明本研究使用具名第三方非牙科三维（3D）软件进行3D数据处理、分析、建模或测量；且主题为骨组织工程/干细胞成骨，不属于口腔医学任一学科。
【软件】: -
【专科】: -
【应用场景】: -
【研究设计】: -"
three dimensional periodontal investigations using a prototype handheld ultrasound scanner with spatial positioning reading sensor,Three-dimensional periodontal investigations using a prototype handheld ultrasound scanner with spatial positioning reading sensor,MEDICAL ULTRASONOGRAPHY,journalArticle,MW553XBE,,EXCLUDE,EXCLUDE,"缺失证据：方法学片段中仅提及 ""in-house developed labeling software""、""in-house developed GUI software ... implemented in the Python programming language, based mainly on libraries such as OpenCV, Numpy, and Tkinter""，均为自研软件/自研代码，未出现任何具名第三方非牙科3D软件（如 Mimics、3D Slicer、MATLAB 等）被本研究自身使用的表述。",-,-,-,-,"【判定】: EXCLUDE
【证据】: 缺失证据：方法学片段中仅提及 ""in-house developed labeling software""、""in-house developed GUI software ... implemented in the Python programming language, based mainly on libraries such as OpenCV, Numpy, and Tkinter""，均为自研软件/自研代码，未出现任何具名第三方非牙科3D软件（如 Mimics、3D Slicer、MATLAB 等）被本研究自身使用的表述。
【软件】: -
【专科】: -
【应用场景】: -
【研究设计】: -"
micromagnify a multiplexed expansion microscopy method for pathogens and infected tissues,MicroMagnify: A Multiplexed Expansion Microscopy Method for Pathogens and Infected Tissues,ADVANCED SCIENCE,journalArticle,UQTGLARJ,,EXCLUDE,EXCLUDE,该研究为微生物学/病理学领域的超分辨成像方法（expansion microscopy），主题不属于口腔医学任一学科；虽涉及人角膜感染标本，但研究本身并非口腔医学研究。此外，证据片段中出现的软件（NIS-Elements、FIJI/ImageJ、ConfocalVR/ExMicroVR、VLFeat）均非用于牙科3D数据处理，且无口腔医学应用场景。,-,-,-,-,"【判定】: EXCLUDE
【证据】: 该研究为微生物学/病理学领域的超分辨成像方法（expansion microscopy），主题不属于口腔医学任一学科；虽涉及人角膜感染标本，但研究本身并非口腔医学研究。此外，证据片段中出现的软件（NIS-Elements、FIJI/ImageJ、ConfocalVR/ExMicroVR、VLFeat）均非用于牙科3D数据处理，且无口腔医学应用场景。
【软件】: -
【专科】: -
【应用场景】: -
【研究设计】: -"
human bone marrow organoids for disease modeling discovery and validation of therapeutic targets in hematologic malignancies,"Human Bone Marrow Organoids for Disease Modeling, Discovery, and Validation of Therapeutic Targets in Hematologic Malignancies",CANCER DISCOVERY,journalArticle,BNP6WFER,,EXCLUDE,EXCLUDE,证据片段仅涉及单细胞测序分析软件（CellRanger、SingCellaR、R Studio、GraphPad PRISM），未出现任何具名第三方非牙科三维（3D）软件用于3D数据处理、分析、建模或测量的表述；且主题为血液肿瘤骨髓类器官，不属于口腔医学。,-,-,-,-,"【判定】: EXCLUDE
【证据】: 证据片段仅涉及单细胞测序分析软件（CellRanger、SingCellaR、R Studio、GraphPad PRISM），未出现任何具名第三方非牙科三维（3D）软件用于3D数据处理、分析、建模或测量的表述；且主题为血液肿瘤骨髓类器官，不属于口腔医学。
【软件】: -
【专科】: -
【应用场景】: -
【研究设计】: -"
cad cam fabricated rpd frameworks show lower fit accuracy compared to conventional casting with indirect 3d printing offering comparable results,"CAD/CAM-FABRICATED RPD FRAMEWORKS SHOW LOWER FIT ACCURACY COMPARED TO CONVENTIONAL CASTING, WITH INDIRECT 3D PRINTING OFFERING COMPARABLE RESULTS",JOURNAL OF EVIDENCE-BASED DENTAL PRACTICE,journalArticle,6TRMWJXT,,EXCLUDE,EXCLUDE,"该文献为系统综述与Meta分析（""The purpose of this systematic review and Meta-analysis is to evaluate...""），类型不符（排除综述/系统综述）；且证据片段中未出现任何本研究自身使用的具名第三方非牙科3D软件（无 ""we used / were analysed using / imported into / processed in"" 等表述）。",-,-,-,-,"【判定】: EXCLUDE
【证据】: 该文献为系统综述与Meta分析（""The purpose of this systematic review and Meta-analysis is to evaluate...""），类型不符（排除综述/系统综述）；且证据片段中未出现任何本研究自身使用的具名第三方非牙科3D软件（无 ""we used / were analysed using / imported into / processed in"" 等表述）。
【软件】: -
【专科】: -
【应用场景】: -
【研究设计】: -"
facial imaging to screen for fetal alcohol spectrum disorder a scoping review,Facial imaging to screen for fetal alcohol spectrum disorder: A scoping review,ALCOHOL-CLINICAL AND EXPERIMENTAL RESEARCH,journalArticle,HHE9ZNHG,,EXCLUDE,EXCLUDE,"该文献为 scoping review（范围综述），摘要明确 ""This scoping review describes the current state of evidence...""，且方法学片段中未出现本研究自身使用具名第三方非牙科3D软件的表述（仅提及 Zotero 文献管理软件及对他人研究的描述）。",-,-,-,-,"【判定】: EXCLUDE
【证据】: 该文献为 scoping review（范围综述），摘要明确 ""This scoping review describes the current state of evidence...""，且方法学片段中未出现本研究自身使用具名第三方非牙科3D软件的表述（仅提及 Zotero 文献管理软件及对他人研究的描述）。
【软件】: -
【专科】: -
【应用场景】: -
【研究设计】: -"
prosthodontic rehabilitation with all on four implant treatment combined cad cam prosthesis in an oral cancer patient a case report,Prosthodontic rehabilitation with all-on-four implant treatment combined CAD/CAM prosthesis in an oral cancer patient: a case report,BMC ORAL HEALTH,journalArticle,256P6Y8Z,,EXCLUDE,EXCLUDE,"证据片段仅提及 ""CAD/CAM""、""computer-aided design and computer-assisted manufacturing (CAD/CAM)""、""A CAD/CAM system was used""，未出现任何具名第三方非牙科3D软件（如 Mimics、3D Slicer、Geomagic、SolidWorks 等）的名称，无法证明本研究自身使用了具名第三方非牙科3D软件。",-,-,-,-,"【判定】: EXCLUDE
【证据】: 证据片段仅提及 ""CAD/CAM""、""computer-aided design and computer-assisted manufacturing (CAD/CAM)""、""A CAD/CAM system was used""，未出现任何具名第三方非牙科3D软件（如 Mimics、3D Slicer、Geomagic、SolidWorks 等）的名称，无法证明本研究自身使用了具名第三方非牙科3D软件。
【软件】: -
【专科】: -
【应用场景】: -
【研究设计】: -"
three dimensionally printed implant surgical guide related experience knowledge attitude and professional behaviors among 2028 dentists in china a cross sectional study,"Three-dimensionally printed implant surgical guide-related experience, knowledge, attitude, and professional behaviors among 2028 dentists in China: A cross-sectional study",JOURNAL OF PROSTHETIC DENTISTRY,journalArticle,7YM79VJK,,EXCLUDE,EXCLUDE,"片段中仅出现统计软件（PASW Statistics v18.0; SPSS Inc, R version 4.0.3），未出现任何具名第三方非牙科三维（3D）软件用于3D数据处理、分析、建模或测量；文中提及的 ""digital design software program""、""implant planning software programs""、""guide design software program"" 均为泛述，未指明具体软件名，也无 ""we used / imported into / processed in"" 等本研究自用某3D软件的表述。",-,-,-,-,"【判定】: EXCLUDE
【证据】: 片段中仅出现统计软件（PASW Statistics v18.0; SPSS Inc, R version 4.0.3），未出现任何具名第三方非牙科三维（3D）软件用于3D数据处理、分析、建模或测量；文中提及的 ""digital design software program""、""implant planning software programs""、""guide design software program"" 均为泛述，未指明具体软件名，也无 ""we used / imported into / processed in"" 等本研究自用某3D软件的表述。
【软件】: -
【专科】: -
【应用场景】: -
【研究设计】: -"
treatment efficiency of maxillary and mandibular orovestibular tooth expansion and compression movements with the invisalign system in adolescents and adults,Treatment Efficiency of Maxillary and Mandibular Orovestibular Tooth Expansion and Compression Movements with the Invisalign? System in Adolescents and Adults,JOURNAL OF CLINICAL MEDICINE,journalArticle,Z96VKUQ8,,EXCLUDE,EXCLUDE,证据片段中仅出现 ClinChecks®（Align Technology 的牙科专用软件）及 Invisalign® 专有叠加软件 ToothMeasure，未出现任何具名第三方非牙科3D软件（如 Mimics、3D Slicer、Geomagic 等）被本研究自身使用的表述。,-,-,-,-,"【判定】: EXCLUDE
【证据】: 证据片段中仅出现 ClinChecks®（Align Technology 的牙科专用软件）及 Invisalign® 专有叠加软件 ToothMeasure，未出现任何具名第三方非牙科3D软件（如 Mimics、3D Slicer、Geomagic 等）被本研究自身使用的表述。
【软件】: -
【专科】: -
【应用场景】: -
【研究设计】: -"
cad cam resin composites effective components for further development,CAD-CAM resin composites: Effective components for further development,DENTAL MATERIALS,journalArticle,A8D7MDVM,,EXCLUDE,EXCLUDE,"证据片段中未出现任何具名第三方非牙科3D软件名（如 Mimics、ANSYS、ABAQUS、MATLAB 等）；仅泛述 ""in silico multi-scale analysis, in silico nonlinear dynamic finite element analysis (FEA), and artificial intelligence (AI) were used""，未指明本研究自身使用了某一具名第三方软件，且片段中出现的软件相关内容均为参考文献引用（如 [39][40][41][42][43]）或他文引用（Yamaguchi et al. [18]）。",-,-,-,-,"【判定】: EXCLUDE
【证据】: 证据片段中未出现任何具名第三方非牙科3D软件名（如 Mimics、ANSYS、ABAQUS、MATLAB 等）；仅泛述 ""in silico multi-scale analysis, in silico nonlinear dynamic finite element analysis (FEA), and artificial intelligence (AI) were used""，未指明本研究自身使用了某一具名第三方软件，且片段中出现的软件相关内容均为参考文献引用（如 [39][40][41][42][43]）或他文引用（Yamaguchi et al. [18]）。
【软件】: -
【专科】: -
【应用场景】: -
【研究设计】: -"
polymeric sustained release chlorhexidine coating on gutta percha points for prolonged intracanal antimicrobial delivery an in vitro study,Polymeric Sustained-Release Chlorhexidine Coating on Gutta-Percha Points for Prolonged Intracanal Antimicrobial Delivery: An In Vitro Study,PHARMACEUTICS,journalArticle,DKRR8WYW,,EXCLUDE,EXCLUDE,"片段中出现的软件为 ImageJ（NIH）和 NIS-Elements（Nikon）。ImageJ 虽为具名第三方软件，但其用途为对培养皿照片进行灰度转换与抑菌圈测量（2D 图像分析），并非用于 3D 数据的处理、分析、建模或测量；NIS-Elements 为显微镜配套软件，亦非 3D 软件。缺失""使用具名第三方非牙科三维（3D）软件处理/分析/建模/测量 3D 数据""的证据。",-,-,-,-,"【判定】: EXCLUDE
【证据】: 片段中出现的软件为 ImageJ（NIH）和 NIS-Elements（Nikon）。ImageJ 虽为具名第三方软件，但其用途为对培养皿照片进行灰度转换与抑菌圈测量（2D 图像分析），并非用于 3D 数据的处理、分析、建模或测量；NIS-Elements 为显微镜配套软件，亦非 3D 软件。缺失""使用具名第三方非牙科三维（3D）软件处理/分析/建模/测量 3D 数据""的证据。
【软件】: -
【专科】: -
【应用场景】: -
【研究设计】: -"
marginal bone level of dental implants using computer aided design computer aided manufacturing customized abutment and prefabricated abutment a five year follow up,Marginal bone level of dental implants using computer-aided design/computer-aided manufacturing customized abutment and prefabricated abutment-A five-year follow-up,JOURNAL OF DENTAL SCIENCES,journalArticle,TGGBQBPM,,EXCLUDE,EXCLUDE,"证据片段中仅泛述 ""Computer-Aided Design/Computer-Aided Manufacturing (CAD/CAM) technology provides personalized sizes and shapes of titanium abutments""，未出现任何具名第三方非牙科3D软件（如 Mimics、3D Slicer、Geomagic 等），也无 ""we used / were analysed using / imported into / processed in"" 等表明本研究自身使用某具名软件的表述；CAD/CAM 为通用技术类别而非具名软件。",-,-,-,-,"【判定】: EXCLUDE
【证据】: 证据片段中仅泛述 ""Computer-Aided Design/Computer-Aided Manufacturing (CAD/CAM) technology provides personalized sizes and shapes of titanium abutments""，未出现任何具名第三方非牙科3D软件（如 Mimics、3D Slicer、Geomagic 等），也无 ""we used / were analysed using / imported into / processed in"" 等表明本研究自身使用某具名软件的表述；CAD/CAM 为通用技术类别而非具名软件。
【软件】: -
【专科】: -
【应用场景】: -
【研究设计】: -"
advanced surface functionalization strategies for nanofibers in biomedical applications,Advanced surface functionalization strategies for nanofibers in biomedical applications,NEW JOURNAL OF CHEMISTRY,journalArticle,D5QJTGL2,,EXCLUDE,EXCLUDE,"缺失证据：片段中未出现任何表明本研究自身在材料与方法中使用具名第三方非牙科3D软件的表述（如 ""we used / were analysed using / imported into / processed in""）；仅提及他人研究（""Chen et al. developed...""）及综述性内容。",-,-,-,-,"【判定】: EXCLUDE
【证据】: 缺失证据：片段中未出现任何表明本研究自身在材料与方法中使用具名第三方非牙科3D软件的表述（如 ""we used / were analysed using / imported into / processed in""）；仅提及他人研究（""Chen et al. developed...""）及综述性内容。
【软件】: -
【专科】: -
【应用场景】: -
【研究设计】: -"
patient satisfaction with cad cam 3d printed complete dentures a systematic analysis of the clinical studies,Patient Satisfaction with CAD/CAM 3D-Printed Complete Dentures: A Systematic Analysis of the Clinical Studies,HEALTHCARE,journalArticle,36MGJIUJ,,EXCLUDE,EXCLUDE,"该文献为系统综述（Systematic Review），类型不符（排除综述、系统综述）；且证据片段中未出现任何表明本研究自身使用具名第三方非牙科3D软件的表述（如 ""we used / were analysed using / imported into / processed in""）。",-,-,-,-,"【判定】: EXCLUDE
【证据】: 该文献为系统综述（Systematic Review），类型不符（排除综述、系统综述）；且证据片段中未出现任何表明本研究自身使用具名第三方非牙科3D软件的表述（如 ""we used / were analysed using / imported into / processed in""）。
【软件】: -
【专科】: -
【应用场景】: -
【研究设计】: -"
tsegnet an efficient and accurate tooth segmentation network on 3d dental model,TSegNet: An efficient and accurate tooth segmentation network on 3D dental model,MEDICAL IMAGE ANALYSIS,journalArticle,E77NGNB4,,EXCLUDE,EXCLUDE,"证据片段仅包含题名、作者单位、摘要及关键词等，未出现任何表明本研究自身使用了具名第三方非牙科3D软件的方法学表述（如 ""we used / were analysed using / imported into / processed in"" 等）；该研究为自研深度学习网络 TSegNet，属自研模型，无具名第三方软件使用证据。",-,-,-,-,"【判定】: EXCLUDE
【证据】: 证据片段仅包含题名、作者单位、摘要及关键词等，未出现任何表明本研究自身使用了具名第三方非牙科3D软件的方法学表述（如 ""we used / were analysed using / imported into / processed in"" 等）；该研究为自研深度学习网络 TSegNet，属自研模型，无具名第三方软件使用证据。
【软件】: -
【专科】: -
【应用场景】: -
【研究设计】: -"
mandibular canal segmentation from cbct image using 3d convolutional neural network with scse attention,Mandibular Canal Segmentation From CBCT Image Using 3D Convolutional Neural Network With scSE Attention,IEEE ACCESS,journalArticle,C4RBNK8Y,,EXCLUDE,EXCLUDE,"证据片段仅显示该研究提出基于3D卷积神经网络（含scSE注意力模块）的下颌管分割方法，未出现任何具名第三方非牙科3D软件（如 Mimics、3D Slicer、ITK-SNAP、MATLAB 等）被""we used / were analysed using / imported into / processed in""等表述表明本研究自身使用；缺失""本研究使用具名第三方非牙科3D软件""的证据。",-,-,-,-,"【判定】: EXCLUDE
【证据】: 证据片段仅显示该研究提出基于3D卷积神经网络（含scSE注意力模块）的下颌管分割方法，未出现任何具名第三方非牙科3D软件（如 Mimics、3D Slicer、ITK-SNAP、MATLAB 等）被""we used / were analysed using / imported into / processed in""等表述表明本研究自身使用；缺失""本研究使用具名第三方非牙科3D软件""的证据。
【软件】: -
【专科】: -
【应用场景】: -
【研究设计】: -"
biomechanics of dental implantation in the giant panda ailuropoda melanoleuca a comparative study using finite element analysis,Biomechanics of Dental Implantation in the Giant Panda (Ailuropoda melanoleuca): A Comparative Study Using Finite Element Analysis,JOURNAL OF VETERINARY DENTISTRY,journalArticle,NM8NYVD6,,EXCLUDE,EXCLUDE,"证据片段中 SolidWorks 19.0 与 Ansys Workbench 2020 R2 仅出现在图注（figure caption）的软件清单中，未出现 ""we used / were analysed using / imported into / processed in"" 等表明本研究自身使用该软件的表述；摘要中仅泛述 ""computer-aided design 3D mechanical drawing software"" 和 ""an analysis software system""，未具名。",-,-,-,-,"【判定】: EXCLUDE
【证据】: 证据片段中 SolidWorks 19.0 与 Ansys Workbench 2020 R2 仅出现在图注（figure caption）的软件清单中，未出现 ""we used / were analysed using / imported into / processed in"" 等表明本研究自身使用该软件的表述；摘要中仅泛述 ""computer-aided design 3D mechanical drawing software"" 和 ""an analysis software system""，未具名。
【软件】: -
【专科】: -
【应用场景】: -
【研究设计】: -"
latest advances in augmented reality technology and its integration into the digital workflow,Latest advances in augmented reality technology and its integration into the digital workflow,INTERNATIONAL JOURNAL OF COMPUTERIZED DENTISTRY,journalArticle,243K7RNJ,,EXCLUDE,EXCLUDE,"片段仅泛述 ""Mit spezieller Software wurde ein virtuelles AR-Mock-up angefertigt"" 和 ""der abschließende AR-Entwurf in ein CAD-Programm importiert""，未给出任何具名第三方非牙科3D软件名称（如 Mimics、3D Slicer、Blender、Geomagic 等），无法确认本研究自身使用了符合纳入标准的具名软件。",-,-,-,-,"【判定】: EXCLUDE
【证据】: 片段仅泛述 ""Mit spezieller Software wurde ein virtuelles AR-Mock-up angefertigt"" 和 ""der abschließende AR-Entwurf in ein CAD-Programm importiert""，未给出任何具名第三方非牙科3D软件名称（如 Mimics、3D Slicer、Blender、Geomagic 等），无法确认本研究自身使用了符合纳入标准的具名软件。
【软件】: -
【专科】: -
【应用场景】: -
【研究设计】: -"
refined surgical protocol for the insertion of bioactive coated titanium microscrews in the rat tibia,Refined Surgical Protocol for the Insertion of Bioactive-coated Titanium Microscrews in the Rat Tibia,IN VIVO,journalArticle,K8X9AYTL,,EXCLUDE,INCLUDE,"The images were reconstructed and analyzed using Dragonfly 4.1 (Object Research Systems, Montreal, Canada).",Dragonfly,Oral and Maxillofacial Surgery,Image segmentation and 3D reconstruction,in_vitro,"【判定】: INCLUDE
【证据】: The images were reconstructed and analyzed using Dragonfly 4.1 (Object Research Systems, Montreal, Canada).
【软件】: Dragonfly
【专科】: Oral and Maxillofacial Surgery
【应用场景】: Image segmentation and 3D reconstruction
【研究设计】: in_vitro"
from transparent cranial windows to multifunctional smart cranial platforms,From Transparent Cranial Windows to Multifunctional Smart Cranial Platforms,ELECTRONICS,journalArticle,UEURX7WW,,EXCLUDE,EXCLUDE,"证据片段仅包含作者贡献声明、基金信息、参考文献列表（如 ""Cell Rep. 2016""、""Nat. Meth. 2005""、""3D printing based on imaging data: Review of medical applications"" 等），未出现任何表明本研究自身在材料与方法中使用具名第三方非牙科3D软件的表述（如 ""we used / were analysed using / imported into / processed in""）。",-,-,-,-,"【判定】: EXCLUDE
【证据】: 证据片段仅包含作者贡献声明、基金信息、参考文献列表（如 ""Cell Rep. 2016""、""Nat. Meth. 2005""、""3D printing based on imaging data: Review of medical applications"" 等），未出现任何表明本研究自身在材料与方法中使用具名第三方非牙科3D软件的表述（如 ""we used / were analysed using / imported into / processed in""）。
【软件】: -
【专科】: -
【应用场景】: -
【研究设计】: -"
ligand based design of novel quinoline derivatives as potential anticancer agents an in silico virtual screening approach,Ligand-Based Design of Novel Quinoline Derivatives as Potential Anticancer Agents: An In-Silico Virtual Screening Approach,MOLECULES,journalArticle,5PXEM5JA,,EXCLUDE,EXCLUDE,"该研究主题为抗癌喹啉衍生物的计算机辅助药物设计（3D-QSAR、分子对接），不属于口腔医学任一学科；且所用软件（SYBYL-X、AutoDock、Discovery Studio、MedCalc、POM/Osiris等）均非用于牙科3D数据处理，缺失""口腔医学主题""及""非牙科3D软件用于3D数据处理/建模/测量""的证据。",-,-,-,-,"【判定】: EXCLUDE
【证据】: 该研究主题为抗癌喹啉衍生物的计算机辅助药物设计（3D-QSAR、分子对接），不属于口腔医学任一学科；且所用软件（SYBYL-X、AutoDock、Discovery Studio、MedCalc、POM/Osiris等）均非用于牙科3D数据处理，缺失""口腔医学主题""及""非牙科3D软件用于3D数据处理/建模/测量""的证据。
【软件】: -
【专科】: -
【应用场景】: -
【研究设计】: -"
the effect of hard tissue defects on the clinical outcome of endodontic microsurgery a systematic review and meta analysis,The effect of hard tissue defects on the clinical outcome of endodontic microsurgery: a systematic review and meta-analysis,CLINICAL ORAL INVESTIGATIONS,journalArticle,HVD7DYA7,,EXCLUDE,EXCLUDE,"该文献为系统综述与meta分析（""systematic review and meta-analysis""），类型不符纳入标准第3条；且证据片段中出现的软件为 Review Manager (RevMan) 和 Zotero，均非用于3D数据处理/分析/建模/测量的非牙科三维软件，缺失""本研究自身使用具名第三方非牙科3D软件处理3D数据""的证据。",-,-,-,-,"【判定】: EXCLUDE
【证据】: 该文献为系统综述与meta分析（""systematic review and meta-analysis""），类型不符纳入标准第3条；且证据片段中出现的软件为 Review Manager (RevMan) 和 Zotero，均非用于3D数据处理/分析/建模/测量的非牙科三维软件，缺失""本研究自身使用具名第三方非牙科3D软件处理3D数据""的证据。
【软件】: -
【专科】: -
【应用场景】: -
【研究设计】: -"
influence of screw channel angulation on the fracture resistance of zirconia abutments an in vitro study,Influence of Screw Channel Angulation on the Fracture Resistance of Zirconia Abutments: An In Vitro Study,JOURNAL OF PROSTHODONTICS-IMPLANT ESTHETIC AND RECONSTRUCTIVE DENTISTRY,journalArticle,DK37WK6Y,,EXCLUDE,EXCLUDE,"片段中出现的软件为 ""NobelProcera 3D GUI""（Nobel Biocare）和 ""Bluehill 2 Software""（Instron）。NobelProcera 为牙科专用 CAD/CAM 系统，不属于非牙科第三方 3D 软件；Bluehill 2 为万能试验机操作软件，非 3D 数据处理/建模/测量软件。缺失证据：未出现任何具名的第三方非牙科 3D 软件（如 Mimics、3D Slicer、Geomagic、ANSYS 等）被本研究自身用于 3D 数据处理、分析、建模或测量。",-,-,-,-,"【判定】: EXCLUDE
【证据】: 片段中出现的软件为 ""NobelProcera 3D GUI""（Nobel Biocare）和 ""Bluehill 2 Software""（Instron）。NobelProcera 为牙科专用 CAD/CAM 系统，不属于非牙科第三方 3D 软件；Bluehill 2 为万能试验机操作软件，非 3D 数据处理/建模/测量软件。缺失证据：未出现任何具名的第三方非牙科 3D 软件（如 Mimics、3D Slicer、Geomagic、ANSYS 等）被本研究自身用于 3D 数据处理、分析、建模或测量。
【软件】: -
【专科】: -
【应用场景】: -
【研究设计】: -"
path planning and navigation of miniature serpentine robot for bronchoscopy application,Path Planning and Navigation of Miniature Serpentine Robot for Bronchoscopy Application,MICROMACHINES,journalArticle,4WCH6H5S,,EXCLUDE,EXCLUDE,"证据片段中未出现任何表明本研究自身使用了具名第三方非牙科3D软件的表述；片段仅泛述他文（ref. [13]）的配准/导航方法，以及作者贡献、基金、专利等，无 ""we used / were analysed using / imported into / processed in"" 等本研究使用软件的原文。",-,-,-,-,"【判定】: EXCLUDE
【证据】: 证据片段中未出现任何表明本研究自身使用了具名第三方非牙科3D软件的表述；片段仅泛述他文（ref. [13]）的配准/导航方法，以及作者贡献、基金、专利等，无 ""we used / were analysed using / imported into / processed in"" 等本研究使用软件的原文。
【软件】: -
【专科】: -
【应用场景】: -
【研究设计】: -"
a rare case of loricrin gene c 684dup mutation associated with vohwinkel syndrome in a turkish patient in silico analysis and literature review,"A rare case of LORICRIN gene c.684dup mutation associated with Vohwinkel syndrome in a Turkish patient, in silico analysis and literature review",MOLECULAR BIOLOGY REPORTS,journalArticle,7XXVP386,,EXCLUDE,EXCLUDE,"证据片段仅为参考文献列表（如 ""Khalil S et al (2017)... J Eur Acad Dermatol Venereol""），未出现表明本研究自身使用某具名第三方非牙科3D软件的表述（如 ""we used / were analysed using / imported into / processed in""）。",-,-,-,-,"【判定】: EXCLUDE
【证据】: 证据片段仅为参考文献列表（如 ""Khalil S et al (2017)... J Eur Acad Dermatol Venereol""），未出现表明本研究自身使用某具名第三方非牙科3D软件的表述（如 ""we used / were analysed using / imported into / processed in""）。
【软件】: -
【专科】: -
【应用场景】: -
【研究设计】: -"
dc yolov5 based target detection algorithm for cervical vertebral maturation,DC-YOLOv5-based target detection algorithm for cervical vertebral maturation,PHYSICAL AND ENGINEERING SCIENCES IN MEDICINE,journalArticle,JY2ZTUL8,,EXCLUDE,EXCLUDE,证据片段仅显示该研究使用自建/自研深度学习模型（DC-YOLOv5，基于 YOLOv5 优化），软件环境为 ubuntu18.04、pytorch1.7.0、cuda10.2，未出现任何具名第三方非牙科三维（3D）软件用于3D数据处理、分析、建模或测量。,-,-,-,-,"【判定】: EXCLUDE
【证据】: 证据片段仅显示该研究使用自建/自研深度学习模型（DC-YOLOv5，基于 YOLOv5 优化），软件环境为 ubuntu18.04、pytorch1.7.0、cuda10.2，未出现任何具名第三方非牙科三维（3D）软件用于3D数据处理、分析、建模或测量。
【软件】: -
【专科】: -
【应用场景】: -
【研究设计】: -"
vistooth a visualization framework for tooth segmentation on panoramic radiograph,ViSTooth: a visualization framework for tooth segmentation on panoramic radiograph,JOURNAL OF VISUALIZATION,journalArticle,EX7GXGSG,,EXCLUDE,EXCLUDE,"证据片段中 ITK-SNAP 仅出现在对现有分割工具能力的泛述性讨论中（""Tools like LabelMe... ITK-SNAP... though advanced, focuses on general medical image segmentation and is not specifically tailored for dental use""），未使用 ""we used / were analysed using / imported into / processed in"" 等表述表明本研究自身使用了该软件；本研究实际使用的是自研的 ViSTooth 框架与 Mask R-CNN 模型。",-,-,-,-,"【判定】: EXCLUDE
【证据】: 证据片段中 ITK-SNAP 仅出现在对现有分割工具能力的泛述性讨论中（""Tools like LabelMe... ITK-SNAP... though advanced, focuses on general medical image segmentation and is not specifically tailored for dental use""），未使用 ""we used / were analysed using / imported into / processed in"" 等表述表明本研究自身使用了该软件；本研究实际使用的是自研的 ViSTooth 框架与 Mask R-CNN 模型。
【软件】: -
【专科】: -
【应用场景】: -
【研究设计】: -"
influence of printing angulation on the surface roughness of additive manufactured clear silicone indices an in vitro study,Influence of printing angulation on the surface roughness of additive manufactured clear silicone indices: An in vitro study,JOURNAL OF PROSTHETIC DENTISTRY,journalArticle,7E9FRYX7,,EXCLUDE,EXCLUDE,方法学片段中仅提及使用 DLP 3D 打印机（EnvisionTEC VIDA HD）及其配套打印机软件（Perfactory Build Style Editor; EnvisionTEC）进行打印参数、打印角度、支撑参数和切片设置，未出现任何具名的第三方非牙科三维软件（如 Mimics、3D Slicer、Geomagic、MATLAB 等）用于3D数据处理、分析、建模或测量；缺失“本研究自身使用具名第三方非牙科3D软件”的证据。,-,-,-,-,"【判定】: EXCLUDE
【证据】: 方法学片段中仅提及使用 DLP 3D 打印机（EnvisionTEC VIDA HD）及其配套打印机软件（Perfactory Build Style Editor; EnvisionTEC）进行打印参数、打印角度、支撑参数和切片设置，未出现任何具名的第三方非牙科三维软件（如 Mimics、3D Slicer、Geomagic、MATLAB 等）用于3D数据处理、分析、建模或测量；缺失“本研究自身使用具名第三方非牙科3D软件”的证据。
【软件】: -
【专科】: -
【应用场景】: -
【研究设计】: -"
b onic platform for point of care 3d printing in oral and maxillofacial surgery clinical implementation and surgical impact,B-Onic Platform for Point-of-Care 3D Printing in Oral and Maxillofacial Surgery: Clinical Implementation and Surgical Impact,MEDICINA-LITHUANIA,journalArticle,ANKKID2R,,EXCLUDE,EXCLUDE,"证据片段仅泛述 3D 打印/CAD/CAM 的一般应用（""The application of 3D printing in OMFS has been shown to...""）及 B-Onic 平台工作流（""Preoperative imaging data were imported for segmentation and three-dimensional reconstruction""），未出现任何具名第三方非牙科 3D 软件（如 Mimics、3D Slicer、Geomagic 等）被本研究使用的表述。",-,-,-,-,"【判定】: EXCLUDE
【证据】: 证据片段仅泛述 3D 打印/CAD/CAM 的一般应用（""The application of 3D printing in OMFS has been shown to...""）及 B-Onic 平台工作流（""Preoperative imaging data were imported for segmentation and three-dimensional reconstruction""），未出现任何具名第三方非牙科 3D 软件（如 Mimics、3D Slicer、Geomagic 等）被本研究使用的表述。
【软件】: -
【专科】: -
【应用场景】: -
【研究设计】: -"
reproducibility of a three dimensional skeletal based craniofacial orientation method for virtual surgical planning,Reproducibility of a three-dimensional skeletal-based craniofacial orientation method for virtual surgical planning,BRITISH JOURNAL OF ORAL & MAXILLOFACIAL SURGERY,journalArticle,2UKDGZ3I,,EXCLUDE,EXCLUDE,"证据片段中仅出现 ""Dolphin Imaging software version 11.95 (Dolphin Imaging and Management Solutions)""，Dolphin Imaging 属于牙科专用软件（正畸/颌面影像软件），不符合""非牙科三维软件""要求；未出现任何具名第三方非牙科3D软件（如 Mimics、3D Slicer、Geomagic 等）被本研究使用的表述。",-,-,-,-,"【判定】: EXCLUDE
【证据】: 证据片段中仅出现 ""Dolphin Imaging software version 11.95 (Dolphin Imaging and Management Solutions)""，Dolphin Imaging 属于牙科专用软件（正畸/颌面影像软件），不符合""非牙科三维软件""要求；未出现任何具名第三方非牙科3D软件（如 Mimics、3D Slicer、Geomagic 等）被本研究使用的表述。
【软件】: -
【专科】: -
【应用场景】: -
【研究设计】: -"
effectiveness of cad cam milled versus dmls titanium frameworks for hybrid denture prosthesis a narrative review,Effectiveness of CAD-CAM Milled Versus DMLS Titanium Frameworks for Hybrid Denture Prosthesis: A Narrative Review,JOURNAL OF FUNCTIONAL BIOMATERIALS,journalArticle,SUD7BUUE,,EXCLUDE,EXCLUDE,"该文献为 narrative review（叙述性综述），摘要明确 ""This narrative review aimed to evaluate...""，且方法学片段中未出现任何表明本研究自身使用具名第三方非牙科3D软件的表述（无 ""we used / were analysed using / imported into / processed in"" 等）。缺失证据：本研究自身使用具名第三方非牙科3D软件进行3D数据处理/分析/建模/测量的原文表述。",-,-,-,-,"【判定】: EXCLUDE
【证据】: 该文献为 narrative review（叙述性综述），摘要明确 ""This narrative review aimed to evaluate...""，且方法学片段中未出现任何表明本研究自身使用具名第三方非牙科3D软件的表述（无 ""we used / were analysed using / imported into / processed in"" 等）。缺失证据：本研究自身使用具名第三方非牙科3D软件进行3D数据处理/分析/建模/测量的原文表述。
【软件】: -
【专科】: -
【应用场景】: -
【研究设计】: -"
peptide platform for 3d printed ti implants with synergistic antibacterial and osteogenic functions to enhance osseointegration,Peptide platform for 3D-printed Ti implants with synergistic antibacterial and osteogenic functions to enhance osseointegration,MATERIALS TODAY BIO,journalArticle,LVWLQ4KG,,EXCLUDE,EXCLUDE,片段中出现的软件为 PSIPRED、PEP-FOLD（蛋白质结构预测软件）和 Origin（数据绘图/动力学建模软件），均非用于3D数据的处理、分析、建模或测量的非牙科三维（3D）软件；未出现任何本研究自身使用的具名第三方非牙科3D软件（如 Mimics、3D Slicer、Geomagic、ANSYS 等）的证据。,-,-,-,-,"【判定】: EXCLUDE
【证据】: 片段中出现的软件为 PSIPRED、PEP-FOLD（蛋白质结构预测软件）和 Origin（数据绘图/动力学建模软件），均非用于3D数据的处理、分析、建模或测量的非牙科三维（3D）软件；未出现任何本研究自身使用的具名第三方非牙科3D软件（如 Mimics、3D Slicer、Geomagic、ANSYS 等）的证据。
【软件】: -
【专科】: -
【应用场景】: -
【研究设计】: -"
wirelessly powered ingestible capsule for optical stimulation of the gastrointestinal tract in rodents,Wirelessly Powered Ingestible Capsule for Optical Stimulation of the Gastrointestinal Tract in Rodents,ADVANCED MATERIALS TECHNOLOGIES,journalArticle,EVEZQULA,,EXCLUDE,EXCLUDE,主题为胃肠道光遗传学刺激的电子胶囊（啮齿动物），不属于口腔医学任一学科；虽使用了 Ansys Electronic Desktop、Tinkercad 等非牙科3D软件，但主题不符。,-,-,-,-,"【判定】: EXCLUDE
【证据】: 主题为胃肠道光遗传学刺激的电子胶囊（啮齿动物），不属于口腔医学任一学科；虽使用了 Ansys Electronic Desktop、Tinkercad 等非牙科3D软件，但主题不符。
【软件】: -
【专科】: -
【应用场景】: -
【研究设计】: -"
three dimensional assessment of condylar head position in cbct scans before and after orthognathic surgery,Three-dimensional assessment of condylar head position in CBCT scans before and after orthognathic surgery,BMC ORAL HEALTH,journalArticle,ZTHT59HZ,,EXCLUDE,EXCLUDE,"方法学片段中明确本研究自身使用的软件为 ""CBCT analysis was performed in IPS CaseDesigner® (KLS Martin, Tuttlingen, Germany)""，IPS CaseDesigner 为牙科专用软件；其余提及的 Label Studio、Python、Visual Studio Code 均非三维（3D）数据处理/分析/建模/测量软件。未发现本研究自身使用任何具名的第三方非牙科3D软件。",-,-,-,-,"【判定】: EXCLUDE
【证据】: 方法学片段中明确本研究自身使用的软件为 ""CBCT analysis was performed in IPS CaseDesigner® (KLS Martin, Tuttlingen, Germany)""，IPS CaseDesigner 为牙科专用软件；其余提及的 Label Studio、Python、Visual Studio Code 均非三维（3D）数据处理/分析/建模/测量软件。未发现本研究自身使用任何具名的第三方非牙科3D软件。
【软件】: -
【专科】: -
【应用场景】: -
【研究设计】: -"
artificial intelligence based classification and prediction of medical imaging using a novel framework of inverted and self attention deep neural network architecture,Artificial intelligence based classification and prediction of medical imaging using a novel framework of inverted and self-attention deep neural network architecture,SCIENTIFIC REPORTS,journalArticle,BSQF9HQ9,,EXCLUDE,EXCLUDE,"证据片段中未出现任何具名第三方非牙科3D软件（如 Mimics、3D Slicer、MATLAB 等）被本研究自身使用的表述；仅提及自研深度学习架构（IRCNN、SACNN）及自研优化算法（SScSEM），无 ""we used / imported into / processed in"" 等表明使用具名第三方3D软件的原文。",-,-,-,-,"【判定】: EXCLUDE
【证据】: 证据片段中未出现任何具名第三方非牙科3D软件（如 Mimics、3D Slicer、MATLAB 等）被本研究自身使用的表述；仅提及自研深度学习架构（IRCNN、SACNN）及自研优化算法（SScSEM），无 ""we used / imported into / processed in"" 等表明使用具名第三方3D软件的原文。
【软件】: -
【专科】: -
【应用场景】: -
【研究设计】: -"
prediction of age and sex from paranasal sinus images using a deep learning network,Prediction of age and sex from paranasal sinus images using a deep learning network,MEDICINE,journalArticle,JKKFZSKB,,EXCLUDE,EXCLUDE,"证据片段仅涉及自建 CNN 模型（ResNet-152、DenseNet-169）及 class activation map，未出现任何具名第三方非牙科3D软件被本研究使用的表述（如 ""we used / imported into / processed in""）；片段中出现的软件相关词仅为作者贡献声明中的 ""Software: Myung-Je Lee""，不构成软件使用证据。",-,-,-,-,"【判定】: EXCLUDE
【证据】: 证据片段仅涉及自建 CNN 模型（ResNet-152、DenseNet-169）及 class activation map，未出现任何具名第三方非牙科3D软件被本研究使用的表述（如 ""we used / imported into / processed in""）；片段中出现的软件相关词仅为作者贡献声明中的 ""Software: Myung-Je Lee""，不构成软件使用证据。
【软件】: -
【专科】: -
【应用场景】: -
【研究设计】: -"
a systematic review of digital removable partial dentures part ii cad cam framework artificial teeth and denture base,"A systematic review of digital removable partial dentures. Part II: CAD/CAM framework, artificial teeth, and denture base",JOURNAL OF PROSTHODONTIC RESEARCH,journalArticle,4C8YNE69,,EXCLUDE,EXCLUDE,"该文献为系统综述（题名 ""A systematic review of digital removable partial dentures. Part II""），方法学片段为汇总表格，列出各纳入研究所用的 CAD/CAM 软件（如 Rhinoceros、FreeForm、Geomagic 等），但均为对既往文献的归纳，未表明本研究自身使用某一具名第三方非牙科3D软件处理/分析/建模/测量3D数据。",-,-,-,-,"【判定】: EXCLUDE
【证据】: 该文献为系统综述（题名 ""A systematic review of digital removable partial dentures. Part II""），方法学片段为汇总表格，列出各纳入研究所用的 CAD/CAM 软件（如 Rhinoceros、FreeForm、Geomagic 等），但均为对既往文献的归纳，未表明本研究自身使用某一具名第三方非牙科3D软件处理/分析/建模/测量3D数据。
【软件】: -
【专科】: -
【应用场景】: -
【研究设计】: -"
blunt force vs fall induced head trauma a systematic review and methodological framework,Blunt force vs. fall-induced head trauma: a systematic review and methodological framework,FORENSIC SCIENCE MEDICINE AND PATHOLOGY,journalArticle,V6GBIM4R,,EXCLUDE,EXCLUDE,"该文献为系统综述（""a systematic review using PubMed, Scopus and Web of Science databases has been performed""），类型不符；且证据片段中未出现任何表明本研究自身使用具名第三方非牙科3D软件的表述（如 ""we used / were analysed using / imported into / processed in""），仅泛述他人研究中的 FEM、3D reconstruction 等技术。",-,-,-,-,"【判定】: EXCLUDE
【证据】: 该文献为系统综述（""a systematic review using PubMed, Scopus and Web of Science databases has been performed""），类型不符；且证据片段中未出现任何表明本研究自身使用具名第三方非牙科3D软件的表述（如 ""we used / were analysed using / imported into / processed in""），仅泛述他人研究中的 FEM、3D reconstruction 等技术。
【软件】: -
【专科】: -
【应用场景】: -
【研究设计】: -"
structure aware 3d tooth modeling via prompt guided segmentation and multi view projection,Structure-Aware 3D Tooth Modeling via Prompt-Guided Segmentation and Multi-View Projection,PROCESSES,journalArticle,LYV7BI9J,,EXCLUDE,EXCLUDE,"证据片段仅显示该研究使用自研流程及深度学习模型（Segment Anything Model (SAM)、T-Rex2），未出现任何具名第三方非牙科3D软件（如 Mimics、3D Slicer、Geomagic 等）被本研究使用的表述（如 ""we used / imported into / processed in""）。",-,-,-,-,"【判定】: EXCLUDE
【证据】: 证据片段仅显示该研究使用自研流程及深度学习模型（Segment Anything Model (SAM)、T-Rex2），未出现任何具名第三方非牙科3D软件（如 Mimics、3D Slicer、Geomagic 等）被本研究使用的表述（如 ""we used / imported into / processed in""）。
【软件】: -
【专科】: -
【应用场景】: -
【研究设计】: -"
framework nucleic acid nanomaterials for central nervous system therapies design for barrier penetration targeted delivery cellular uptake and endosomal escape,"Framework Nucleic Acid Nanomaterials for Central Nervous System Therapies: Design for Barrier Penetration, Targeted Delivery, Cellular Uptake, and Endosomal Escape",ACS NANO,journalArticle,IPXV8YNC,,EXCLUDE,EXCLUDE,"该文献为综述（摘要明确 ""This review systematically analyzes...""），且证据片段中未出现任何表明本研究自身使用具名第三方非牙科3D软件的表述（如 ""we used / were analysed using / imported into / processed in""）；片段中仅提及 BioRender.com 用于绘图，不属于3D数据处理/分析/建模/测量软件。",-,-,-,-,"【判定】: EXCLUDE
【证据】: 该文献为综述（摘要明确 ""This review systematically analyzes...""），且证据片段中未出现任何表明本研究自身使用具名第三方非牙科3D软件的表述（如 ""we used / were analysed using / imported into / processed in""）；片段中仅提及 BioRender.com 用于绘图，不属于3D数据处理/分析/建模/测量软件。
【软件】: -
【专科】: -
【应用场景】: -
【研究设计】: -"
freehand 3d ultrasound imaging toward midfacial bone surface reconstruction for intraoperative image registration,Freehand 3D ultrasound imaging toward midfacial bone surface reconstruction for intraoperative image registration,MEDICAL PHYSICS,journalArticle,AP2R48W4,,EXCLUDE,EXCLUDE,"证据片段中仅描述了自研网络（STDC 分割网络、FUNSR 自监督神经表面重建网络）及统计方法（t-tests、ANOVA），未出现任何具名第三方非牙科3D软件（如 Mimics、3D Slicer、MATLAB 等）被本研究使用的表述（如 ""we used / were analysed using / imported into / processed in""）。",-,-,-,-,"【判定】: EXCLUDE
【证据】: 证据片段中仅描述了自研网络（STDC 分割网络、FUNSR 自监督神经表面重建网络）及统计方法（t-tests、ANOVA），未出现任何具名第三方非牙科3D软件（如 Mimics、3D Slicer、MATLAB 等）被本研究使用的表述（如 ""we used / were analysed using / imported into / processed in""）。
【软件】: -
【专科】: -
【应用场景】: -
【研究设计】: -"
a pointwise contextual multiscale texture operator and its application to 3d medical image segmentation,A pointwise contextual multiscale texture operator and its application to 3D medical image segmentation,AIMS MATHEMATICS,journalArticle,38ACQQKI,,EXCLUDE,EXCLUDE,"证据片段中未出现任何具名第三方非牙科3D软件（如 Mimics、3D Slicer、MATLAB 等）被本研究使用的表述；文中仅描述自研的 ""pointwise contextual multiscale texture operator"" 及 ""texture-coherence-driven region-growing framework""，属于自研算法，未提及 ""we used / were analysed using / imported into / processed in"" 等使用具名第三方软件的表述。",-,-,-,-,"【判定】: EXCLUDE
【证据】: 证据片段中未出现任何具名第三方非牙科3D软件（如 Mimics、3D Slicer、MATLAB 等）被本研究使用的表述；文中仅描述自研的 ""pointwise contextual multiscale texture operator"" 及 ""texture-coherence-driven region-growing framework""，属于自研算法，未提及 ""we used / were analysed using / imported into / processed in"" 等使用具名第三方软件的表述。
【软件】: -
【专科】: -
【应用场景】: -
【研究设计】: -"
the importance of interfaces in multi material biofabricated tissue structures,The Importance of Interfaces in Multi-Material Biofabricated Tissue Structures,ADVANCED HEALTHCARE MATERIALS,journalArticle,72UG4277,,EXCLUDE,EXCLUDE,"该文献为综述（摘要明确 ""In this review, this gap is bridged by critically examining...""），且证据片段中未出现任何表明本研究自身使用具名第三方非牙科3D软件的表述（如 ""we used / were analysed using / imported into / processed in""）；片段中出现的 CAD 等仅为引用他人研究及参考文献内容。",-,-,-,-,"【判定】: EXCLUDE
【证据】: 该文献为综述（摘要明确 ""In this review, this gap is bridged by critically examining...""），且证据片段中未出现任何表明本研究自身使用具名第三方非牙科3D软件的表述（如 ""we used / were analysed using / imported into / processed in""）；片段中出现的 CAD 等仅为引用他人研究及参考文献内容。
【软件】: -
【专科】: -
【应用场景】: -
【研究设计】: -"
flame made nanoparticles for magnetic hyperthermia and mri in colorectal cancer theranostics,Flame-made nanoparticles for magnetic hyperthermia and MRI in colorectal cancer theranostics,NANOSCALE ADVANCES,journalArticle,8FPRU8TV,,EXCLUDE,EXCLUDE,主题为结直肠癌纳米颗粒磁热疗与MRI诊疗，不属于口腔医学任一学科；证据片段中亦未出现任何具名第三方非牙科3D软件用于3D数据处理、分析、建模或测量。,-,-,-,-,"【判定】: EXCLUDE
【证据】: 主题为结直肠癌纳米颗粒磁热疗与MRI诊疗，不属于口腔医学任一学科；证据片段中亦未出现任何具名第三方非牙科3D软件用于3D数据处理、分析、建模或测量。
【软件】: -
【专科】: -
【应用场景】: -
【研究设计】: -"
analysis of craniomaxillofacial malformations in mice using three dimensional microcomputed tomography,Analysis of Craniomaxillofacial Malformations in Mice Using Three-dimensional Microcomputed Tomography,JOVE-JOURNAL OF VISUALIZED EXPERIMENTS,journalArticle,CH3DKDRH,,EXCLUDE,EXCLUDE,"片段中仅出现泛称 ""MicroCT software was used to slice..."" 和 ""we employed computer software to analyze and reconstruct...""，未给出任何具名第三方非牙科3D软件名称（如 Mimics、3D Slicer、Amira 等），无法确认本研究使用了符合纳入标准的具名软件。",-,-,-,-,"【判定】: EXCLUDE
【证据】: 片段中仅出现泛称 ""MicroCT software was used to slice..."" 和 ""we employed computer software to analyze and reconstruct...""，未给出任何具名第三方非牙科3D软件名称（如 Mimics、3D Slicer、Amira 等），无法确认本研究使用了符合纳入标准的具名软件。
【软件】: -
【专科】: -
【应用场景】: -
【研究设计】: -"
c2f 3dtoothseg coarse to fine 3d tooth segmentation via intuitive single clicks,C2F-3DToothSeg: Coarse-to-fine 3D tooth segmentation via intuitive single clicks,COMPUTERS & GRAPHICS-UK,journalArticle,C8GFSH6N,,EXCLUDE,EXCLUDE,"证据片段仅描述该研究提出了自研算法 C2F-3DToothSeg（""This paper presents a coarse-to-fine 3D tooth segmentation algorithm, called C2F-3DToothSeg""），未出现任何具名第三方非牙科3D软件（如 Mimics、3D Slicer、MeshLab、Geomagic 等）被本研究使用的表述（如 ""we used / were analysed using / imported into / processed in""）。缺失""本研究自身使用了具名第三方非牙科3D软件""的证据。",-,-,-,-,"【判定】: EXCLUDE
【证据】: 证据片段仅描述该研究提出了自研算法 C2F-3DToothSeg（""This paper presents a coarse-to-fine 3D tooth segmentation algorithm, called C2F-3DToothSeg""），未出现任何具名第三方非牙科3D软件（如 Mimics、3D Slicer、MeshLab、Geomagic 等）被本研究使用的表述（如 ""we used / were analysed using / imported into / processed in""）。缺失""本研究自身使用了具名第三方非牙科3D软件""的证据。
【软件】: -
【专科】: -
【应用场景】: -
【研究设计】: -"
osteopontin induces osteogenic differentiation by human periodontal ligament cells via calcium binding domain activin receptor like kinase alk 1 interaction,Osteopontin induces osteogenic differentiation by human periodontal ligament cells via calcium binding domain-activin receptor-like kinase (ALK-1) interaction,JOURNAL OF PERIODONTOLOGY,journalArticle,8XV2R53H,,EXCLUDE,EXCLUDE,"该研究在方法学中使用了 PEP-FOLD3（肽结构预测）、iGEMDOCK（分子对接软件）和 ImageJ（骨形成测量）。但 PEP-FOLD3 和 iGEMDOCK 属于分子建模/对接软件，并非用于3D数据的处理、分析、建模或测量（如三维重建、形态测量、生物力学仿真等）；ImageJ 为二维图像分析软件，非三维软件。因此缺少""使用具名第三方非牙科三维（3D）软件用于3D数据处理、分析、建模或测量""的证据。",-,-,-,-,"【判定】: EXCLUDE
【证据】: 该研究在方法学中使用了 PEP-FOLD3（肽结构预测）、iGEMDOCK（分子对接软件）和 ImageJ（骨形成测量）。但 PEP-FOLD3 和 iGEMDOCK 属于分子建模/对接软件，并非用于3D数据的处理、分析、建模或测量（如三维重建、形态测量、生物力学仿真等）；ImageJ 为二维图像分析软件，非三维软件。因此缺少""使用具名第三方非牙科三维（3D）软件用于3D数据处理、分析、建模或测量""的证据。
【软件】: -
【专科】: -
【应用场景】: -
【研究设计】: -"
polyetheretherketone computer aided design and computer aided manufacturing framework for all on four mandibular full arch prosthesis 3 years retrospective study of peri implant soft tissue changes and ridge base relationship,Polyetheretherketone computer-aided design and computer-aided manufacturing framework for All-on-Four mandibular full-arch prosthesis: 3 Years' retrospective study of peri-implant soft tissue changes and ridge base relationship,JOURNAL OF PROSTHODONTICS-IMPLANT ESTHETIC AND RECONSTRUCTIVE DENTISTRY,journalArticle,CIW9E352,,EXCLUDE,EXCLUDE,"证据片段中仅出现 ""SPSS® software version 22"" 用于统计分析，未出现任何具名第三方非牙科三维（3D）软件用于3D数据处理、分析、建模或测量；CAD-CAM 为通用工艺表述，未指明具体软件名。",-,-,-,-,"【判定】: EXCLUDE
【证据】: 证据片段中仅出现 ""SPSS® software version 22"" 用于统计分析，未出现任何具名第三方非牙科三维（3D）软件用于3D数据处理、分析、建模或测量；CAD-CAM 为通用工艺表述，未指明具体软件名。
【软件】: -
【专科】: -
【应用场景】: -
【研究设计】: -"
design and validation of a high fidelity left atrial cardiac simulator for the study and advancement of left atrial appendage occlusion,Design and Validation of a High-Fidelity Left Atrial Cardiac Simulator for the Study and Advancement of Left Atrial Appendage Occlusion,CARDIOVASCULAR ENGINEERING AND TECHNOLOGY,journalArticle,LMQDB4W2,,EXCLUDE,EXCLUDE,该研究主题为左心耳封堵（LAAO）心脏模拟器，属于心血管/结构性心脏病领域，不属于口腔医学任一学科；虽使用了 3D Slicer、Meshmixer、SolidWorks 等非牙科3D软件，但主题不符纳入标准第1条。,-,-,-,-,"【判定】: EXCLUDE
【证据】: 该研究主题为左心耳封堵（LAAO）心脏模拟器，属于心血管/结构性心脏病领域，不属于口腔医学任一学科；虽使用了 3D Slicer、Meshmixer、SolidWorks 等非牙科3D软件，但主题不符纳入标准第1条。
【软件】: -
【专科】: -
【应用场景】: -
【研究设计】: -"
predicting toxicity and bioactivity of the chemical exposome a case study for the blood exposome database,Predicting toxicity and bioactivity of the chemical exposome: a case study for the blood exposome database,JOURNAL OF CHEMINFORMATICS,journalArticle,XGLGTVCV,,EXCLUDE,EXCLUDE,该研究主题为化学暴露组毒性/生物活性预测（化学信息学），不属于口腔医学任一学科；方法学中仅使用 Chemprop、RDKit、scikit-learn 等化学信息学/机器学习框架，未使用任何具名第三方非牙科三维（3D）软件进行3D数据处理、分析、建模或测量。,-,-,-,-,"【判定】: EXCLUDE
【证据】: 该研究主题为化学暴露组毒性/生物活性预测（化学信息学），不属于口腔医学任一学科；方法学中仅使用 Chemprop、RDKit、scikit-learn 等化学信息学/机器学习框架，未使用任何具名第三方非牙科三维（3D）软件进行3D数据处理、分析、建模或测量。
【软件】: -
【专科】: -
【应用场景】: -
【研究设计】: -"
computed tomography three dimensional reconstruction algorithm in the diagnosis of periodontitis and its correlation with hypertension,Computed Tomography Three-Dimensional Reconstruction Algorithm in the Diagnosis of Periodontitis and Its Correlation with Hypertension,COMPUTATIONAL AND MATHEMATICAL METHODS IN MEDICINE,journalArticle,FLISDX7U,,EXCLUDE,EXCLUDE,"证据片段仅包含数据可用性声明、利益冲突声明、致谢和参考文献列表，未出现任何表明本研究自身使用了具名第三方非牙科3D软件的表述（如 ""we used / were analysed using / imported into / processed in""）。",-,-,-,-,"【判定】: EXCLUDE
【证据】: 证据片段仅包含数据可用性声明、利益冲突声明、致谢和参考文献列表，未出现任何表明本研究自身使用了具名第三方非牙科3D软件的表述（如 ""we used / were analysed using / imported into / processed in""）。
【软件】: -
【专科】: -
【应用场景】: -
【研究设计】: -"
diagnosis of architectural distortion on digital breast tomosynthesis using radiomics and deep learning,Diagnosis of architectural distortion on digital breast tomosynthesis using radiomics and deep learning,FRONTIERS IN ONCOLOGY,journalArticle,3PWLRRPK,,EXCLUDE,EXCLUDE,该研究主题为乳腺数字断层合成（DBT）影像的架构扭曲诊断，属于肿瘤/放射学领域，不属于口腔医学任一学科；且证据片段中出现的 ImageJ 虽为具名第三方软件，但主题不符已足以排除。,-,-,-,-,"【判定】: EXCLUDE
【证据】: 该研究主题为乳腺数字断层合成（DBT）影像的架构扭曲诊断，属于肿瘤/放射学领域，不属于口腔医学任一学科；且证据片段中出现的 ImageJ 虽为具名第三方软件，但主题不符已足以排除。
【软件】: -
【专科】: -
【应用场景】: -
【研究设计】: -"
mugharet el aliya affinities of an enigmatic north african aterian maxillary fragment,Mugharet el'Aliya: Affinities of an enigmatic north African Aterian maxillary fragment,AMERICAN JOURNAL OF BIOLOGICAL ANTHROPOLOGY,journalArticle,4UEZB8TK,,EXCLUDE,EXCLUDE,该研究主题为古人类学（Mugharet el'Aliya 北非 Aterian 上颌骨化石的分类学亲缘关系分析），不属于口腔医学任一学科；虽使用了 Avizo 9.2 Lite 等非牙科3D软件，但主题不符纳入标准第1条。,-,-,-,-,"【判定】: EXCLUDE
【证据】: 该研究主题为古人类学（Mugharet el'Aliya 北非 Aterian 上颌骨化石的分类学亲缘关系分析），不属于口腔医学任一学科；虽使用了 Avizo 9.2 Lite 等非牙科3D软件，但主题不符纳入标准第1条。
【软件】: -
【专科】: -
【应用场景】: -
【研究设计】: -"
enhancing panoramic dental imaging with ai driven arch surface fitting achieving improved clarity and accuracy through an optimal reconstruction zone,Enhancing panoramic dental imaging with AI-driven arch surface fitting: achieving improved clarity and accuracy through an optimal reconstruction zone,DENTOMAXILLOFACIAL RADIOLOGY,journalArticle,K24ZBIB8,,EXCLUDE,INCLUDE,"""MATLAB R2023a (MathWorks) was used for developing and analysing panoramic views.""",MATLAB,Oral and Maxillofacial Radiology,Image segmentation and 3D reconstruction,computational,"【判定】: INCLUDE
【证据】: ""MATLAB R2023a (MathWorks) was used for developing and analysing panoramic views.""
【软件】: MATLAB
【专科】: Oral and Maxillofacial Radiology
【应用场景】: Image segmentation and 3D reconstruction
【研究设计】: computational"
neurosurgical management of cerebrospinal tumors in the era of artificial intelligence a scoping review,Neurosurgical Management of Cerebrospinal Tumors in the Era of Artificial Intelligence : A Scoping Review,JOURNAL OF KOREAN NEUROSURGICAL SOCIETY,journalArticle,KZA6BJGC,,EXCLUDE,EXCLUDE,"证据片段中出现的软件/方法（如 Finite Element Method、machine learning regression algorithms）均出现在对他人研究的引用或参考文献列表中（如 ""Frisken S et al. (2019) proposed...""、""Nam KH et al. (2019) have applied...""），未出现 ""we used / were analysed using / imported into / processed in"" 等表明本研究自身使用具名第三方非牙科3D软件的表述；且该文献为 scoping review，类型不符。",-,-,-,-,"【判定】: EXCLUDE
【证据】: 证据片段中出现的软件/方法（如 Finite Element Method、machine learning regression algorithms）均出现在对他人研究的引用或参考文献列表中（如 ""Frisken S et al. (2019) proposed...""、""Nam KH et al. (2019) have applied...""），未出现 ""we used / were analysed using / imported into / processed in"" 等表明本研究自身使用具名第三方非牙科3D软件的表述；且该文献为 scoping review，类型不符。
【软件】: -
【专科】: -
【应用场景】: -
【研究设计】: -"
a tiered approach to risk assess microbiome perturbations induced by application of beauty and personal care products,A tiered approach to risk assess microbiome perturbations induced by application of beauty and personal care products,MICROBIAL RISK ANALYSIS,journalArticle,22E3LTVB,,EXCLUDE,EXCLUDE,"证据片段仅为参考文献列表（如 ""Computational Toxicol. 7, 20–26""、""PLoS Comput. Biol. 12 (7), e1004977"" 等），未出现任何表明本研究自身使用具名第三方非牙科3D软件的表述（如 ""we used / were analysed using / imported into / processed in""）。",-,-,-,-,"【判定】: EXCLUDE
【证据】: 证据片段仅为参考文献列表（如 ""Computational Toxicol. 7, 20–26""、""PLoS Comput. Biol. 12 (7), e1004977"" 等），未出现任何表明本研究自身使用具名第三方非牙科3D软件的表述（如 ""we used / were analysed using / imported into / processed in""）。
【软件】: -
【专科】: -
【应用场景】: -
【研究设计】: -"
current knowledge and future perspectives of exosomes as nanocarriers in diagnosis and treatment of diseases,Current Knowledge and Future Perspectives of Exosomes as Nanocarriers in Diagnosis and Treatment of Diseases,INTERNATIONAL JOURNAL OF NANOMEDICINE,journalArticle,MK2D6HAZ,,EXCLUDE,EXCLUDE,"缺失证据：文献为综述（题名 ""Current Knowledge and Future Perspectives""），且证据片段中未出现任何表明本研究自身使用具名第三方非牙科3D软件的表述（如 ""we used / were analysed using / imported into / processed in""）；片段内容为参考文献列表及致谢，无方法学使用证据。",-,-,-,-,"【判定】: EXCLUDE
【证据】: 缺失证据：文献为综述（题名 ""Current Knowledge and Future Perspectives""），且证据片段中未出现任何表明本研究自身使用具名第三方非牙科3D软件的表述（如 ""we used / were analysed using / imported into / processed in""）；片段内容为参考文献列表及致谢，无方法学使用证据。
【软件】: -
【专科】: -
【应用场景】: -
【研究设计】: -"
engineering osteoclast resorption units via sacrificial microgels in a bone on chip platform,Engineering osteoclast resorption units via sacrificial microgels in a bone-on-chip platform,LAB ON A CHIP,journalArticle,IA75VX32,,EXCLUDE,EXCLUDE,该研究使用了 ImageJ（含 3D Suite 插件）和 Ilastik 进行图像分割与体积定量，但 ImageJ/Ilastik 属于图像分析软件，且证据片段中未出现任何被纳入标准明确列举的具名第三方非牙科三维（3D）软件（如 Mimics、3D Slicer、Geomagic、ANSYS 等）用于3D数据处理、分析、建模或测量；同时该研究主题为骨重塑/骨芯片平台，不属于口腔医学任一学科。,-,-,-,-,"【判定】: EXCLUDE
【证据】: 该研究使用了 ImageJ（含 3D Suite 插件）和 Ilastik 进行图像分割与体积定量，但 ImageJ/Ilastik 属于图像分析软件，且证据片段中未出现任何被纳入标准明确列举的具名第三方非牙科三维（3D）软件（如 Mimics、3D Slicer、Geomagic、ANSYS 等）用于3D数据处理、分析、建模或测量；同时该研究主题为骨重塑/骨芯片平台，不属于口腔医学任一学科。
【软件】: -
【专科】: -
【应用场景】: -
【研究设计】: -"
influence of 3d printing orientations on physico mechanical properties and accuracy of additively manufactured dental ceramics,Influence of 3D printing orientations on physico-mechanical properties and accuracy of additively manufactured dental ceramics,JOURNAL OF PROSTHODONTIC RESEARCH,journalArticle,H9AU3UZX,,EXCLUDE,EXCLUDE,"该文献为系统综述（""This systematic review aims to assess...""），方法学片段中仅出现 Endnote（参考文献管理软件）和 Cochrane Review Manager 5.4（Meta分析软件），均非用于3D数据处理/分析/建模/测量的非牙科3D软件；CryoBeryl Software 出现在被纳入研究的描述中（他文引用），并非本研究自身使用。缺失证据：本研究自身在材料与方法中使用具名第三方非牙科3D软件处理3D数据。",-,-,-,-,"【判定】: EXCLUDE
【证据】: 该文献为系统综述（""This systematic review aims to assess...""），方法学片段中仅出现 Endnote（参考文献管理软件）和 Cochrane Review Manager 5.4（Meta分析软件），均非用于3D数据处理/分析/建模/测量的非牙科3D软件；CryoBeryl Software 出现在被纳入研究的描述中（他文引用），并非本研究自身使用。缺失证据：本研究自身在材料与方法中使用具名第三方非牙科3D软件处理3D数据。
【软件】: -
【专科】: -
【应用场景】: -
【研究设计】: -"
novel bisphosphonate based cathepsin k triggered compound targets the enthesis without impairing soft tissue to bone healing,Novel bisphosphonate-based cathepsin K-triggered compound targets the enthesis without impairing soft tissue-to-bone healing,FRONTIERS IN BIOENGINEERING AND BIOTECHNOLOGY,journalArticle,XNBZP7KT,,EXCLUDE,EXCLUDE,该研究使用的具名软件为 Aivia 13.0（AI图像分析）、CurveAlign、CT-FIRE（MATLAB-based）、Stata、G*Power，均非用于3D数据的处理、分析、建模或测量；且主题为肌腱-骨愈合的生物力学与组织学，不属于口腔医学任一学科。,-,-,-,-,"【判定】: EXCLUDE
【证据】: 该研究使用的具名软件为 Aivia 13.0（AI图像分析）、CurveAlign、CT-FIRE（MATLAB-based）、Stata、G*Power，均非用于3D数据的处理、分析、建模或测量；且主题为肌腱-骨愈合的生物力学与组织学，不属于口腔医学任一学科。
【软件】: -
【专科】: -
【应用场景】: -
【研究设计】: -"
handheld structured light system for panoramic 3d measurement in mesoscale,Handheld structured light system for panoramic 3D measurement in mesoscale,MEASUREMENT SCIENCE AND TECHNOLOGY,journalArticle,9D8263JD,,EXCLUDE,EXCLUDE,"证据片段中未出现任何表明本研究自身使用了具名第三方非牙科3D软件的表述（如 ""we used / were analysed using / imported into / processed in"" 等）；仅提及自研手持系统、深度神经网络及多线程数据处理框架，无具名第三方软件。",-,-,-,-,"【判定】: EXCLUDE
【证据】: 证据片段中未出现任何表明本研究自身使用了具名第三方非牙科3D软件的表述（如 ""we used / were analysed using / imported into / processed in"" 等）；仅提及自研手持系统、深度神经网络及多线程数据处理框架，无具名第三方软件。
【软件】: -
【专科】: -
【应用场景】: -
【研究设计】: -"
inflammatory risk and cardiovascular events in patients without obstructive coronary artery disease the orfan multicentre longitudinal cohort study,"Inflammatory risk and cardiovascular events in patients without obstructive coronary artery disease: the ORFAN multicentre, longitudinal cohort study",LANCET,journalArticle,QDF38Q6W,,EXCLUDE,EXCLUDE,"证据片段仅包含利益冲突声明、专利信息与数据共享声明，未出现任何表明本研究自身在材料与方法中使用具名第三方非牙科3D软件（如 ""we used / were analysed using / imported into / processed in"" 等）的表述；且主题为心血管（冠状动脉）影像，不属于口腔医学任一学科。",-,-,-,-,"【判定】: EXCLUDE
【证据】: 证据片段仅包含利益冲突声明、专利信息与数据共享声明，未出现任何表明本研究自身在材料与方法中使用具名第三方非牙科3D软件（如 ""we used / were analysed using / imported into / processed in"" 等）的表述；且主题为心血管（冠状动脉）影像，不属于口腔医学任一学科。
【软件】: -
【专科】: -
【应用场景】: -
【研究设计】: -"
novel anterior cranial base area for voxel based superimposition of craniofacial cbcts,Novel Anterior Cranial Base Area for Voxel-Based Superimposition of Craniofacial CBCTs,JOURNAL OF CLINICAL MEDICINE,journalArticle,FPPNK9J9,,EXCLUDE,EXCLUDE,"片段中唯一具名软件为 ""Dolphin 3D software""，但 Dolphin 3D 属于牙科/正畸专用软件，不属于非牙科第三方3D软件；片段中未出现任何符合纳入标准的非牙科3D软件（如 Mimics、3D Slicer、Geomagic 等）被本研究自身使用的表述。",-,-,-,-,"【判定】: EXCLUDE
【证据】: 片段中唯一具名软件为 ""Dolphin 3D software""，但 Dolphin 3D 属于牙科/正畸专用软件，不属于非牙科第三方3D软件；片段中未出现任何符合纳入标准的非牙科3D软件（如 Mimics、3D Slicer、Geomagic 等）被本研究自身使用的表述。
【软件】: -
【专科】: -
【应用场景】: -
【研究设计】: -"
high precision 3d teeth reconstruction based on five view intra oral photos,High-precision 3D teeth reconstruction based on five-view intra-oral photos,DISPLAYS,journalArticle,JFWKWNYD,,EXCLUDE,EXCLUDE,"证据片段中出现的软件名（如 ReCap）仅出现在对他人研究（Saghiri et al. [23]）的引用中（""Saghiri et al. [23] proposed... using multi-view photos taken by mobile phones and ReCap software""），并非本研究自身使用；本研究自身使用的是自研框架及 SAM、Depth Anything 等深度学习模型，未表明在材料与方法中使用具名第三方非牙科3D软件。",-,-,-,-,"【判定】: EXCLUDE
【证据】: 证据片段中出现的软件名（如 ReCap）仅出现在对他人研究（Saghiri et al. [23]）的引用中（""Saghiri et al. [23] proposed... using multi-view photos taken by mobile phones and ReCap software""），并非本研究自身使用；本研究自身使用的是自研框架及 SAM、Depth Anything 等深度学习模型，未表明在材料与方法中使用具名第三方非牙科3D软件。
【软件】: -
【专科】: -
【应用场景】: -
【研究设计】: -"
machine learning analysis of rivaroxaban solubility in mixed solvents for application in pharmaceutical crystallization,Machine learning analysis of rivaroxaban solubility in mixed solvents for application in pharmaceutical crystallization,SCIENTIFIC REPORTS,journalArticle,RQVHK958,,EXCLUDE,EXCLUDE,"证据片段中未出现任何表明本研究自身使用了具名第三方非牙科3D软件的表述；片段仅为参考文献、致谢、作者贡献与声明，缺失 ""we used / were analysed using / imported into / processed in"" 等本研究使用软件的证据。",-,-,-,-,"【判定】: EXCLUDE
【证据】: 证据片段中未出现任何表明本研究自身使用了具名第三方非牙科3D软件的表述；片段仅为参考文献、致谢、作者贡献与声明，缺失 ""we used / were analysed using / imported into / processed in"" 等本研究使用软件的证据。
【软件】: -
【专科】: -
【应用场景】: -
【研究设计】: -"
detection and localization of myocardial infarction based on multi scale resnet and attention mechanism,Detection and Localization of Myocardial Infarction Based on Multi-Scale ResNet and Attention Mechanism,FRONTIERS IN PHYSIOLOGY,journalArticle,I8RY5NYE,,EXCLUDE,EXCLUDE,主题为心肌梗死（Myocardial infarction）的 ECG 深度学习检测，不属于口腔医学任一学科；证据片段中亦未出现任何具名第三方非牙科3D软件用于3D数据处理、分析、建模或测量。,-,-,-,-,"【判定】: EXCLUDE
【证据】: 主题为心肌梗死（Myocardial infarction）的 ECG 深度学习检测，不属于口腔医学任一学科；证据片段中亦未出现任何具名第三方非牙科3D软件用于3D数据处理、分析、建模或测量。
【软件】: -
【专科】: -
【应用场景】: -
【研究设计】: -"
multiclass cbct image segmentation for orthodontics with deep learning,Multiclass CBCT Image Segmentation for Orthodontics with Deep Learning,JOURNAL OF DENTAL RESEARCH,journalArticle,QMGYIHYL,,EXCLUDE,INCLUDE,"""This segmentation was performed with global thresholding, followed by manual correction—that is, removing noise, arti- facts, and unrelated parts, as well as adding missing thin bony structures and filling erroneous cavities in the segmented scans through Mimics 21.0 software (Materialise).""",Mimics,Orthodontics,Image segmentation and 3D reconstruction,computational,"【判定】: INCLUDE
【证据】: ""This segmentation was performed with global thresholding, followed by manual correction—that is, removing noise, arti- facts, and unrelated parts, as well as adding missing thin bony structures and filling erroneous cavities in the segmented scans through Mimics 21.0 software (Materialise).""
【软件】: Mimics
【专科】: Orthodontics
【应用场景】: Image segmentation and 3D reconstruction
【研究设计】: computational"
mimicking the biology of engineered protein and mrna nanoparticle delivery using a versatile microfluidic platform,Mimicking the Biology of Engineered Protein and mRNA Nanoparticle Delivery Using a Versatile Microfluidic Platform,PHARMACEUTICS,journalArticle,7MPMH7WD,,EXCLUDE,EXCLUDE,片段中仅出现 Leica Application Suite X（显微镜成像软件，非3D数据处理/建模/测量软件），且无任何具名第三方非牙科3D软件（如 Mimics、3D Slicer、Geomagic 等）被本研究用于3D数据处理、分析、建模或测量的表述。,-,-,-,-,"【判定】: EXCLUDE
【证据】: 片段中仅出现 Leica Application Suite X（显微镜成像软件，非3D数据处理/建模/测量软件），且无任何具名第三方非牙科3D软件（如 Mimics、3D Slicer、Geomagic 等）被本研究用于3D数据处理、分析、建模或测量的表述。
【软件】: -
【专科】: -
【应用场景】: -
【研究设计】: -"
biophotonic nano structures from fundamentals to emerging applications,Biophotonic (nano)structures: from fundamentals to emerging applications,RSC ADVANCES,journalArticle,8PZN48A5,,EXCLUDE,EXCLUDE,"缺失证据：该文献为综述（题名 ""Biophotonic (nano)structures: from fundamentals to emerging applications""，摘要为领域综述性概述），且方法学片段中未出现任何表明本研究自身使用具名第三方非牙科3D软件的表述（无 ""we used / were analysed using / imported into / processed in"" 等），亦无任何具名3D软件名。",-,-,-,-,"【判定】: EXCLUDE
【证据】: 缺失证据：该文献为综述（题名 ""Biophotonic (nano)structures: from fundamentals to emerging applications""，摘要为领域综述性概述），且方法学片段中未出现任何表明本研究自身使用具名第三方非牙科3D软件的表述（无 ""we used / were analysed using / imported into / processed in"" 等），亦无任何具名3D软件名。
【软件】: -
【专科】: -
【应用场景】: -
【研究设计】: -"
noninvasive total cholesterol level measurement using an e nose system and machine learning on exhaled breath samples,Noninvasive Total Cholesterol Level Measurement Using an E-Nose System and Machine Learning on Exhaled Breath Samples,ACS SENSORS,journalArticle,WHLDYICG,,EXCLUDE,EXCLUDE,主题不属于口腔医学（该研究为呼气样本无创测量总胆固醇的电子鼻系统，与口腔医学任一学科无关）；且证据片段中软件名（Scikit-learn、LightGBM）仅出现在参考文献列表中，未表明本研究自身在材料与方法中使用具名第三方非牙科3D软件进行3D数据处理。,-,-,-,-,"【判定】: EXCLUDE
【证据】: 主题不属于口腔医学（该研究为呼气样本无创测量总胆固醇的电子鼻系统，与口腔医学任一学科无关）；且证据片段中软件名（Scikit-learn、LightGBM）仅出现在参考文献列表中，未表明本研究自身在材料与方法中使用具名第三方非牙科3D软件进行3D数据处理。
【软件】: -
【专科】: -
【应用场景】: -
【研究设计】: -"
permeability benchmarking guidelines for comparing in silico in vitro and in vivo measurements,"Permeability Benchmarking: Guidelines for Comparing in Silico, in Vitro, and in Vivo Measurements",JOURNAL OF CHEMICAL INFORMATION AND MODELING,journalArticle,6FYTI4BQ,,EXCLUDE,EXCLUDE,主题不属于口腔医学（该文为药物渗透性基准测试的方法学视角文章，发表于化学信息学期刊）；且文献类型为 perspective/综述性指南，非原创研究、技术说明或病例报告；证据片段中出现的软件名（如 Schrödinger QikProp）仅出现在引言泛述或参考文献列表中，未表明本研究自身在材料与方法中使用具名第三方非牙科3D软件进行3D数据处理。,-,-,-,-,"【判定】: EXCLUDE
【证据】: 主题不属于口腔医学（该文为药物渗透性基准测试的方法学视角文章，发表于化学信息学期刊）；且文献类型为 perspective/综述性指南，非原创研究、技术说明或病例报告；证据片段中出现的软件名（如 Schrödinger QikProp）仅出现在引言泛述或参考文献列表中，未表明本研究自身在材料与方法中使用具名第三方非牙科3D软件进行3D数据处理。
【软件】: -
【专科】: -
【应用场景】: -
【研究设计】: -"
high precision teeth reconstruction based on automatic multimodal fusion with cbct and ios,High-precision teeth reconstruction based on automatic multimodal fusion with CBCT and IOS,COMPUTER AIDED GEOMETRIC DESIGN,journalArticle,4FW75KRW,,EXCLUDE,EXCLUDE,"证据片段中 Meshmixer 仅出现在参考文献列表（Schmidt, R., Singh, K., 2010. Meshmixer: an interface for rapid mesh composition），未表明本研究自身使用该软件；其余片段仅描述自研的配准与参数化方法（ICP、conformal parameterization），未出现""we used / were analysed using / imported into / processed in""等表明本研究使用具名第三方非牙科3D软件的表述。",-,-,-,-,"【判定】: EXCLUDE
【证据】: 证据片段中 Meshmixer 仅出现在参考文献列表（Schmidt, R., Singh, K., 2010. Meshmixer: an interface for rapid mesh composition），未表明本研究自身使用该软件；其余片段仅描述自研的配准与参数化方法（ICP、conformal parameterization），未出现""we used / were analysed using / imported into / processed in""等表明本研究使用具名第三方非牙科3D软件的表述。
【软件】: -
【专科】: -
【应用场景】: -
【研究设计】: -"
3d printed 13 93b3 borate bioactive glass hydroxypropyl methyl cellulose gelatin scaffolds with cerium oxide submicrometric particles for potential bone regeneration,3D printed 13-93B3 borate bioactive glass/hydroxypropyl methyl cellulose/gelatin scaffolds with cerium oxide submicrometric particles for potential bone regeneration,BIOMEDICAL MATERIALS,journalArticle,Z5F5675I,,EXCLUDE,EXCLUDE,片段中出现的软件为 REPETIERHOST、SLIC3R（3D打印切片/控制软件）、OriginPro、ImageJ、GraphPad Prism、NEXYGEN Plus，均非用于3D数据的处理、分析、建模或测量的具名第三方非牙科三维（3D）软件；未出现 Mimics、3D Slicer、Geomagic、ANSYS 等符合纳入标准的3D软件使用证据。,-,-,-,-,"【判定】: EXCLUDE
【证据】: 片段中出现的软件为 REPETIERHOST、SLIC3R（3D打印切片/控制软件）、OriginPro、ImageJ、GraphPad Prism、NEXYGEN Plus，均非用于3D数据的处理、分析、建模或测量的具名第三方非牙科三维（3D）软件；未出现 Mimics、3D Slicer、Geomagic、ANSYS 等符合纳入标准的3D软件使用证据。
【软件】: -
【专科】: -
【应用场景】: -
【研究设计】: -"
impact of 3d printing orientation on accuracy properties cost and time efficiency of additively manufactured dental models a systematic review,"Impact of 3D printing orientation on accuracy, properties, cost, and time efficiency of additively manufactured dental models: a systematic review",BMC ORAL HEALTH,journalArticle,NGUJFIRV,,EXCLUDE,EXCLUDE,"文献类型为系统综述（题名 ""a systematic review""，摘要 ""This systematic review aimed to assess...""），不符合纳入标准第3条（排除综述、系统综述）。证据片段中仅出现 Endnote X 20.4.1（参考文献管理软件，非3D软件），未表明本研究自身使用了具名第三方非牙科3D软件。",-,-,-,-,"【判定】: EXCLUDE
【证据】: 文献类型为系统综述（题名 ""a systematic review""，摘要 ""This systematic review aimed to assess...""），不符合纳入标准第3条（排除综述、系统综述）。证据片段中仅出现 Endnote X 20.4.1（参考文献管理软件，非3D软件），未表明本研究自身使用了具名第三方非牙科3D软件。
【软件】: -
【专科】: -
【应用场景】: -
【研究设计】: -"
cervical tissue hydration level monitoring by a resonant microwave coaxial probe,Cervical Tissue Hydration Level Monitoring by a Resonant Microwave Coaxial Probe,SENSORS,journalArticle,UQEARA5K,,EXCLUDE,EXCLUDE,该研究主题为宫颈组织水合水平监测（早产诊断），不属于口腔医学任一学科；虽使用了 COMSOL Multiphysics 进行3D电磁仿真，但主题不符纳入标准第1条。,-,-,-,-,"【判定】: EXCLUDE
【证据】: 该研究主题为宫颈组织水合水平监测（早产诊断），不属于口腔医学任一学科；虽使用了 COMSOL Multiphysics 进行3D电磁仿真，但主题不符纳入标准第1条。
【软件】: -
【专科】: -
【应用场景】: -
【研究设计】: -"
mri radiomics and machine learning for the prediction of oncotype dx recurrence score in invasive breast cancer,MRI Radiomics and Machine Learning for the Prediction of Oncotype Dx Recurrence Score in Invasive Breast Cancer,CANCERS,journalArticle,S4X9XUFL,,EXCLUDE,EXCLUDE,"该研究主题为乳腺癌MRI影像组学（""invasive breast cancer""），不属于口腔医学任一学科；虽使用了 ITK-SNAP 进行分割，但主题不符纳入标准第1条。",-,-,-,-,"【判定】: EXCLUDE
【证据】: 该研究主题为乳腺癌MRI影像组学（""invasive breast cancer""），不属于口腔医学任一学科；虽使用了 ITK-SNAP 进行分割，但主题不符纳入标准第1条。
【软件】: -
【专科】: -
【应用场景】: -
【研究设计】: -"
advancing towards sustainability in liquid crystal display 3d printing via adaptive slicing,Advancing towards sustainability in liquid crystal display 3D printing via adaptive slicing,SUSTAINABLE PRODUCTION AND CONSUMPTION,journalArticle,N44U8CH7,,EXCLUDE,EXCLUDE,"片段中仅出现 ""The supports of the two models are designed using the software Netfabb by Autodesk.""，但该研究主题为液晶显示3D打印的生命周期评估与自适应切片算法，属于增材制造/可持续生产领域，并非口腔医学任一学科；摘要中虽提及牙科应用背景，但研究本身不属口腔医学研究。",-,-,-,-,"【判定】: EXCLUDE
【证据】: 片段中仅出现 ""The supports of the two models are designed using the software Netfabb by Autodesk.""，但该研究主题为液晶显示3D打印的生命周期评估与自适应切片算法，属于增材制造/可持续生产领域，并非口腔医学任一学科；摘要中虽提及牙科应用背景，但研究本身不属口腔医学研究。
【软件】: -
【专科】: -
【应用场景】: -
【研究设计】: -"
universal hydrogel carrier enhances bone graft success preclinical and clinical evaluation,Universal Hydrogel Carrier Enhances Bone Graft Success: Preclinical and Clinical Evaluation,ADVANCED HEALTHCARE MATERIALS,journalArticle,Z4T3ADUK,,EXCLUDE,EXCLUDE,"片段中出现的软件为 CTAn (CT-Analyzer, Bruker BioSciences)、DICOM Works (ezDICOM medical viewer)、GraphPad Prism，均非纳入标准所列的非牙科三维（3D）建模/分析软件；CTAn 为骨形态计量学专用分析软件，DICOM Works 为医学影像查看器，GraphPad Prism 为统计软件，均不满足""具名第三方非牙科3D软件用于3D数据处理、分析、建模或测量""的要求。缺失证据：未出现任何符合纳入标准的非牙科3D软件（如 Mimics、3D Slicer、Geomagic、ANSYS 等）被本研究自身使用的表述。",-,-,-,-,"【判定】: EXCLUDE
【证据】: 片段中出现的软件为 CTAn (CT-Analyzer, Bruker BioSciences)、DICOM Works (ezDICOM medical viewer)、GraphPad Prism，均非纳入标准所列的非牙科三维（3D）建模/分析软件；CTAn 为骨形态计量学专用分析软件，DICOM Works 为医学影像查看器，GraphPad Prism 为统计软件，均不满足""具名第三方非牙科3D软件用于3D数据处理、分析、建模或测量""的要求。缺失证据：未出现任何符合纳入标准的非牙科3D软件（如 Mimics、3D Slicer、Geomagic、ANSYS 等）被本研究自身使用的表述。
【软件】: -
【专科】: -
【应用场景】: -
【研究设计】: -"
a custom cad cam resilient attachment a dental technique,A custom CAD-CAM resilient attachment: A dental technique,JOURNAL OF PROSTHETIC DENTISTRY,journalArticle,IMV29YQ5,,EXCLUDE,EXCLUDE,"片段中唯一具名的设计软件为 ""3Shape Dental System 2021 software; 3Shape A/S""，属牙科专用软件；未出现任何本研究自身使用的具名第三方非牙科3D软件（如 Mimics、Geomagic、Blender、MATLAB 等）的表述。",-,-,-,-,"【判定】: EXCLUDE
【证据】: 片段中唯一具名的设计软件为 ""3Shape Dental System 2021 software; 3Shape A/S""，属牙科专用软件；未出现任何本研究自身使用的具名第三方非牙科3D软件（如 Mimics、Geomagic、Blender、MATLAB 等）的表述。
【软件】: -
【专科】: -
【应用场景】: -
【研究设计】: -"
performance comparison in workflow efficiency between a remotely installed 3d workstation and an on premises image processing workstation for dental cone beam ct image reconstruction,Performance comparison in workflow efficiency between a remotely installed 3D workstation and an on-premises image processing workstation for dental cone-beam CT image reconstruction,ORAL RADIOLOGY,journalArticle,M6RAALB4,,EXCLUDE,EXCLUDE,"证据片段中未出现表明本研究自身使用了某个具名第三方非牙科3D软件的表述（如 ""we used / were analysed using / imported into / processed in"" 等）。摘要中提到的 OnDemand 3D Dental（Cybermed Inc.）为牙科专用软件，ZIO STATION 为远程工作站硬件，均不符合""非牙科3D软件""要求；方法学片段仅泛述图像处理依赖设备与处理器，并出现参考文献列表内容。",-,-,-,-,"【判定】: EXCLUDE
【证据】: 证据片段中未出现表明本研究自身使用了某个具名第三方非牙科3D软件的表述（如 ""we used / were analysed using / imported into / processed in"" 等）。摘要中提到的 OnDemand 3D Dental（Cybermed Inc.）为牙科专用软件，ZIO STATION 为远程工作站硬件，均不符合""非牙科3D软件""要求；方法学片段仅泛述图像处理依赖设备与处理器，并出现参考文献列表内容。
【软件】: -
【专科】: -
【应用场景】: -
【研究设计】: -"
from lab to life technological innovations in transforming cancer metastasis detection and therapy,From lab to life: technological innovations in transforming cancer metastasis detection and therapy,DISCOVER ONCOLOGY,journalArticle,T5XDG7U7,,EXCLUDE,EXCLUDE,"文献为综述（题名 ""technological innovations in transforming cancer metastasis detection and therapy""，摘要明确 ""This review explores...""），主题为肿瘤转移检测与治疗，不属于口腔医学；证据片段中亦未出现任何本研究自身使用的具名第三方非牙科3D软件。",-,-,-,-,"【判定】: EXCLUDE
【证据】: 文献为综述（题名 ""technological innovations in transforming cancer metastasis detection and therapy""，摘要明确 ""This review explores...""），主题为肿瘤转移检测与治疗，不属于口腔医学；证据片段中亦未出现任何本研究自身使用的具名第三方非牙科3D软件。
【软件】: -
【专科】: -
【应用场景】: -
【研究设计】: -"
watertight 2 manifold 3d bone surface model reconstruction from ct images based on visual hyper spherical mapping,Watertight 2-manifold 3D bone surface model reconstruction from CT images based on visual hyper-spherical mapping,MATHEMATICAL BIOSCIENCES AND ENGINEERING,journalArticle,4ZXJMZHN,,EXCLUDE,EXCLUDE,"证据片段中 Mimics 仅出现在图注中（""by Materialize Mimics software (Version 20.0)""），用于展示对比/参考结果，未见 ""we used / were analysed using / imported into / processed in"" 等表明本研究自身在材料与方法中使用该软件的表述；本研究核心为自研算法（visual hyper-spherical mapping），未使用具名第三方软件。",-,-,-,-,"【判定】: EXCLUDE
【证据】: 证据片段中 Mimics 仅出现在图注中（""by Materialize Mimics software (Version 20.0)""），用于展示对比/参考结果，未见 ""we used / were analysed using / imported into / processed in"" 等表明本研究自身在材料与方法中使用该软件的表述；本研究核心为自研算法（visual hyper-spherical mapping），未使用具名第三方软件。
【软件】: -
【专科】: -
【应用场景】: -
【研究设计】: -"
evaluation of daily ct for epid based transit in vivo dosimetry,Evaluation of Daily CT for EPID-Based Transit In Vivo Dosimetry,FRONTIERS IN ONCOLOGY,journalArticle,LR5H7QAW,,EXCLUDE,EXCLUDE,主题为放射治疗（EPID剂量学），不属于口腔医学任一学科；摘要中口腔仅为八个照射部位之一，研究本身非口腔研究。且证据片段中未出现具名第三方非牙科3D软件（仅提及自研Monte Carlo算法）。,-,-,-,-,"【判定】: EXCLUDE
【证据】: 主题为放射治疗（EPID剂量学），不属于口腔医学任一学科；摘要中口腔仅为八个照射部位之一，研究本身非口腔研究。且证据片段中未出现具名第三方非牙科3D软件（仅提及自研Monte Carlo算法）。
【软件】: -
【专科】: -
【应用场景】: -
【研究设计】: -"
the design fabrication and clinical application of a universal donor tooth model in autotransplantation,"The design, fabrication, and clinical application of a universal donor tooth model in autotransplantation",JOURNAL OF DENTISTRY,journalArticle,QUM75BR7,,EXCLUDE,EXCLUDE,"证据片段中 MIMICS 和 Geomagic Studio 仅出现在对既往定制化流程的泛述中（""it requires both CBCT scans and specialized 3D modeling software such as MIMICS and Geomagic Studio""），未以 ""we used / imported into / processed in"" 等表述表明本研究自身使用了该软件；本研究自身的方法描述（多点点云配准、融合、滤波、边界提取）未指明使用任何具名第三方非牙科3D软件。",-,-,-,-,"【判定】: EXCLUDE
【证据】: 证据片段中 MIMICS 和 Geomagic Studio 仅出现在对既往定制化流程的泛述中（""it requires both CBCT scans and specialized 3D modeling software such as MIMICS and Geomagic Studio""），未以 ""we used / imported into / processed in"" 等表述表明本研究自身使用了该软件；本研究自身的方法描述（多点点云配准、融合、滤波、边界提取）未指明使用任何具名第三方非牙科3D软件。
【软件】: -
【专科】: -
【应用场景】: -
【研究设计】: -"
characterization of thermoresponsive methylcellulose based injectable hydrogels incorporating 58s bioactive glass for non load bearing bone regeneration,Characterization of Thermoresponsive Methylcellulose-Based Injectable Hydrogels Incorporating 58S Bioactive Glass for Non-Load-Bearing Bone Regeneration,ACS OMEGA,journalArticle,9D2EIIS2,,EXCLUDE,EXCLUDE,"证据片段中仅出现统计软件 Statistica、OriginPro 及语言润色工具 ChatGPT/Gemini，未出现任何具名第三方非牙科三维（3D）软件用于3D数据处理、分析、建模或测量；缺失""本研究自身使用非牙科3D软件处理3D数据""的证据。",-,-,-,-,"【判定】: EXCLUDE
【证据】: 证据片段中仅出现统计软件 Statistica、OriginPro 及语言润色工具 ChatGPT/Gemini，未出现任何具名第三方非牙科三维（3D）软件用于3D数据处理、分析、建模或测量；缺失""本研究自身使用非牙科3D软件处理3D数据""的证据。
【软件】: -
【专科】: -
【应用场景】: -
【研究设计】: -"
two way mr forest based growing path classification for malignancy estimation of pulmonary nodules,Two-Way MR-Forest Based Growing Path Classification for Malignancy Estimation of Pulmonary Nodules,IEEE JOURNAL OF BIOMEDICAL AND HEALTH INFORMATICS,journalArticle,PNCAU4SQ,,EXCLUDE,EXCLUDE,该文献主题为肺结节恶性度估计（pulmonary nodules），不属于口腔医学任一学科；证据片段中亦未出现任何本研究自身使用的具名第三方非牙科3D软件（仅见 Mask R-CNN 等自研/深度学习框架及作者单位信息）。,-,-,-,-,"【判定】: EXCLUDE
【证据】: 该文献主题为肺结节恶性度估计（pulmonary nodules），不属于口腔医学任一学科；证据片段中亦未出现任何本研究自身使用的具名第三方非牙科3D软件（仅见 Mask R-CNN 等自研/深度学习框架及作者单位信息）。
【软件】: -
【专科】: -
【应用场景】: -
【研究设计】: -"
remote controlled magnetic stimulation of cell based bioengineered tissues for in situ bone regeneration,Remote-Controlled Magnetic Stimulation of Cell-Based Bioengineered Tissues for In Situ Bone Regeneration,ADVANCED MATERIALS,journalArticle,IRH364NW,,EXCLUDE,EXCLUDE,"证据片段中出现的软件（ZetaSizer software、NRecon、Dragonfly、FlowJo、matplotlib/pyplot）均非用于3D数据的处理、分析、建模或测量；其中 NRecon 与 Dragonfly 用于 micro-CT 虚拟切片重建与3D渲染，但 Dragonfly 属牙科/生物成像专用软件范畴，且未出现 ""we used / imported into / processed in"" 等表明本研究使用具名第三方非牙科3D软件进行3D数据处理、分析、建模或测量的表述。缺失证据：本研究自身使用具名第三方非牙科3D软件（如 Mimics、3D Slicer、Geomagic 等）进行3D数据处理/分析/建模/测量的原文表述。",-,-,-,-,"【判定】: EXCLUDE
【证据】: 证据片段中出现的软件（ZetaSizer software、NRecon、Dragonfly、FlowJo、matplotlib/pyplot）均非用于3D数据的处理、分析、建模或测量；其中 NRecon 与 Dragonfly 用于 micro-CT 虚拟切片重建与3D渲染，但 Dragonfly 属牙科/生物成像专用软件范畴，且未出现 ""we used / imported into / processed in"" 等表明本研究使用具名第三方非牙科3D软件进行3D数据处理、分析、建模或测量的表述。缺失证据：本研究自身使用具名第三方非牙科3D软件（如 Mimics、3D Slicer、Geomagic 等）进行3D数据处理/分析/建模/测量的原文表述。
【软件】: -
【专科】: -
【应用场景】: -
【研究设计】: -"
tooth colored cad cam materials for application in 3 unit fixed dental prostheses in the molar area an illustrated clinical comparison,Tooth-Colored CAD/CAM Materials for Application in 3-Unit Fixed Dental Prostheses in the Molar Area: An Illustrated Clinical Comparison,MATERIALS,journalArticle,P3IZEWV7,,EXCLUDE,EXCLUDE,"证据片段中未出现任何具名第三方非牙科3D软件（如 Mimics、3D Slicer、Geomagic、MATLAB 等）被本研究自身使用的表述；仅泛述 ""Tooth-colored CAD/CAM materials are processed by using CAD software and can be milled with 4- or 5-axis CAM machines""，未指明具体软件名，也无 ""we used / imported into / processed in"" 等本研究使用某具名软件的表述。",-,-,-,-,"【判定】: EXCLUDE
【证据】: 证据片段中未出现任何具名第三方非牙科3D软件（如 Mimics、3D Slicer、Geomagic、MATLAB 等）被本研究自身使用的表述；仅泛述 ""Tooth-colored CAD/CAM materials are processed by using CAD software and can be milled with 4- or 5-axis CAM machines""，未指明具体软件名，也无 ""we used / imported into / processed in"" 等本研究使用某具名软件的表述。
【软件】: -
【专科】: -
【应用场景】: -
【研究设计】: -"
optimized placement of sensor networks by machine learning for microclimate evaluation,Optimized placement of sensor networks by machine learning for microclimate evaluation,COMPUTERS AND ELECTRONICS IN AGRICULTURE,journalArticle,YTNVC9S6,,EXCLUDE,EXCLUDE,主题为精准农业微气候传感器网络布点，不属于口腔医学任一学科；证据片段中亦未出现任何具名第三方非牙科3D软件用于3D数据处理、分析、建模或测量。,-,-,-,-,"【判定】: EXCLUDE
【证据】: 主题为精准农业微气候传感器网络布点，不属于口腔医学任一学科；证据片段中亦未出现任何具名第三方非牙科3D软件用于3D数据处理、分析、建模或测量。
【软件】: -
【专科】: -
【应用场景】: -
【研究设计】: -"
redescription of three basal anomodonts a phylogenetic reassessment of the holotype of eodicynodon oelofseni nmqr 2913,Redescription of three basal anomodonts: a phylogenetic reassessment of the holotype of Eodicynodon oelofseni (NMQR 2913),FRONTIERS IN EARTH SCIENCE,journalArticle,IHP5B529,,EXCLUDE,EXCLUDE,"该研究主题为古生物学（二叠纪-三叠纪兽孔类化石的形态学与系统发育分析），不属于口腔医学任一学科，缺失""主题属于口腔医学""这一证据。",-,-,-,-,"【判定】: EXCLUDE
【证据】: 该研究主题为古生物学（二叠纪-三叠纪兽孔类化石的形态学与系统发育分析），不属于口腔医学任一学科，缺失""主题属于口腔医学""这一证据。
【软件】: -
【专科】: -
【应用场景】: -
【研究设计】: -"
augmented reality calibration using feature triangulation iteration based registration for surgical navigation,Augmented reality calibration using feature triangulation iteration-based registration for surgical navigation,COMPUTERS IN BIOLOGY AND MEDICINE,journalArticle,NFJ2DZJ6,,EXCLUDE,EXCLUDE,"证据片段中仅出现 ""Microsoft HoloLens device""（AR显示设备），未出现任何具名第三方非牙科3D软件（如 Mimics、3D Slicer、Geomagic、MATLAB 等）被本研究用于3D数据处理、分析、建模或测量的表述；所提出的重建、分割、配准方法均为自研算法（""A shape feature matching-based search method is proposed""、""The double clustering-based 3D point cloud segmentation method... are also proposed""），缺少使用具名第三方3D软件的证据。",-,-,-,-,"【判定】: EXCLUDE
【证据】: 证据片段中仅出现 ""Microsoft HoloLens device""（AR显示设备），未出现任何具名第三方非牙科3D软件（如 Mimics、3D Slicer、Geomagic、MATLAB 等）被本研究用于3D数据处理、分析、建模或测量的表述；所提出的重建、分割、配准方法均为自研算法（""A shape feature matching-based search method is proposed""、""The double clustering-based 3D point cloud segmentation method... are also proposed""），缺少使用具名第三方3D软件的证据。
【软件】: -
【专科】: -
【应用场景】: -
【研究设计】: -"
intrinsic antibacterial and osteoinductive sterosomes promote infected bone healing,Intrinsic antibacterial and osteoinductive sterosomes promote infected bone healing,JOURNAL OF CONTROLLED RELEASE,journalArticle,SHXEUBB9,,EXCLUDE,EXCLUDE,"片段中仅出现 ImageJ（用于骨表面积测量）和 SkyScan CT-Analyzer（Bruker，牙科/骨微CT专用分析软件），未出现任何符合纳入标准的具名第三方非牙科3D软件（如 Mimics、3D Slicer、Geomagic 等）用于3D数据处理、分析、建模或测量的表述；ImageJ 为二维图像分析软件，且 SkyScan CT-Analyzer 属专用骨分析软件，均不满足""非牙科三维软件""要求。",-,-,-,-,"【判定】: EXCLUDE
【证据】: 片段中仅出现 ImageJ（用于骨表面积测量）和 SkyScan CT-Analyzer（Bruker，牙科/骨微CT专用分析软件），未出现任何符合纳入标准的具名第三方非牙科3D软件（如 Mimics、3D Slicer、Geomagic 等）用于3D数据处理、分析、建模或测量的表述；ImageJ 为二维图像分析软件，且 SkyScan CT-Analyzer 属专用骨分析软件，均不满足""非牙科三维软件""要求。
【软件】: -
【专科】: -
【应用场景】: -
【研究设计】: -"
removable complete denture with a metal base integration of digital design and conventional fabrication techniques,Removable complete denture with a metal base: Integration of digital design and conventional fabrication techniques,JOURNAL OF ESTHETIC AND RESTORATIVE DENTISTRY,journalArticle,UPIIQ5SQ,,EXCLUDE,EXCLUDE,"缺失证据：片段中仅出现 ""CAD software"" 及牙科专用软件 ""Dental System 2021, 3Shape A/S""，未出现任何具名的第三方非牙科三维软件（如 Mimics、3D Slicer、Geomagic、Blender 等）被本研究自身使用的表述。",-,-,-,-,"【判定】: EXCLUDE
【证据】: 缺失证据：片段中仅出现 ""CAD software"" 及牙科专用软件 ""Dental System 2021, 3Shape A/S""，未出现任何具名的第三方非牙科三维软件（如 Mimics、3D Slicer、Geomagic、Blender 等）被本研究自身使用的表述。
【软件】: -
【专科】: -
【应用场景】: -
【研究设计】: -"
bdnf loaded pdadmac heparin multilayers a novel approach for neuroblastoma cell study,BDNF-loaded PDADMAC-heparin multilayers: a novel approach for neuroblastoma cell study,SCIENTIFIC REPORTS,journalArticle,ARDMFN5F,,EXCLUDE,EXCLUDE,缺失证据：本研究未在材料与方法中使用任何具名的第三方非牙科三维（3D）软件。片段中出现的 SkanIt™ Software（微板读数分析）和 GraphPad Prism（统计分析）均非3D数据处理/分析/建模/测量软件；且主题为生物材料与神经母细胞瘤细胞研究，不属于口腔医学任一学科。,-,-,-,-,"【判定】: EXCLUDE
【证据】: 缺失证据：本研究未在材料与方法中使用任何具名的第三方非牙科三维（3D）软件。片段中出现的 SkanIt™ Software（微板读数分析）和 GraphPad Prism（统计分析）均非3D数据处理/分析/建模/测量软件；且主题为生物材料与神经母细胞瘤细胞研究，不属于口腔医学任一学科。
【软件】: -
【专科】: -
【应用场景】: -
【研究设计】: -"
computer assisted preoperative planning system with an automated registration method in prosthesis driven oral implantology,Computer-assisted preoperative planning system with an automated registration method in prosthesis-driven oral implantology,INTERNATIONAL JOURNAL OF COMPUTER ASSISTED RADIOLOGY AND SURGERY,journalArticle,LQ9NU9KT,,EXCLUDE,EXCLUDE,"证据片段仅描述方法学原理（threshold segmentation、morphological feature filtering、automated registration algorithm），未出现任何具名第三方非牙科3D软件名，也无 ""we used / were analysed using / imported into / processed in"" 等表明本研究使用某具名软件的表述；缺失""本研究自身使用一个具名第三方非牙科3D软件""的证据。",-,-,-,-,"【判定】: EXCLUDE
【证据】: 证据片段仅描述方法学原理（threshold segmentation、morphological feature filtering、automated registration algorithm），未出现任何具名第三方非牙科3D软件名，也无 ""we used / were analysed using / imported into / processed in"" 等表明本研究使用某具名软件的表述；缺失""本研究自身使用一个具名第三方非牙科3D软件""的证据。
【软件】: -
【专科】: -
【应用场景】: -
【研究设计】: -"
an explainable deep learning model for dental caries detection and segmentation,An explainable deep learning model for dental caries detection and segmentation,VISUAL COMPUTER,journalArticle,F9ZHLP87,,EXCLUDE,EXCLUDE,"证据片段仅显示该研究使用自研深度学习框架（YOLO11-seg 架构、Optuna 超参数优化、Grad-CAM、LIME），未出现任何具名第三方非牙科三维（3D）软件用于3D数据处理、分析、建模或测量的表述（如 ""we used / were analysed using / imported into / processed in"" 等）。",-,-,-,-,"【判定】: EXCLUDE
【证据】: 证据片段仅显示该研究使用自研深度学习框架（YOLO11-seg 架构、Optuna 超参数优化、Grad-CAM、LIME），未出现任何具名第三方非牙科三维（3D）软件用于3D数据处理、分析、建模或测量的表述（如 ""we used / were analysed using / imported into / processed in"" 等）。
【软件】: -
【专科】: -
【应用场景】: -
【研究设计】: -"
addition of progesterone to feminizing gender affirming hormone therapy in transgender individuals for breast development a randomized controlled trial,Addition of progesterone to feminizing gender-affirming hormone therapy in transgender individuals for breast development: a randomized controlled trial,BMC PHARMACOLOGY & TOXICOLOGY,journalArticle,F72QFWK7,,EXCLUDE,EXCLUDE,"主题为跨性别者激素治疗与乳房发育，不属于口腔医学任一学科；虽方法学片段中提及 ""All 3D scan files are analyzed in GOM-inspect ... and Meshmixer ... for breast volume estimation""，表明本研究使用了非牙科3D软件，但主题不符纳入标准第1条。",-,-,-,-,"【判定】: EXCLUDE
【证据】: 主题为跨性别者激素治疗与乳房发育，不属于口腔医学任一学科；虽方法学片段中提及 ""All 3D scan files are analyzed in GOM-inspect ... and Meshmixer ... for breast volume estimation""，表明本研究使用了非牙科3D软件，但主题不符纳入标准第1条。
【软件】: -
【专科】: -
【应用场景】: -
【研究设计】: -"
beyond silencing integrative multi omics and spatial profiling unravel the systems level role of pirnas in hbv driven hepatocarcinogenesis,Beyond silencing: integrative multi-omics and spatial profiling unravel the systems-level role of piRNAs in HBV-driven Hepatocarcinogenesis,MOLECULAR BIOLOGY REPORTS,journalArticle,I7M67463,,EXCLUDE,EXCLUDE,"该文献为综述（题名 ""integrative multi-omics and spatial profiling unravel...""，摘要明确 ""This review considers...""），且证据片段中未出现任何本研究自身使用的具名第三方非牙科3D软件（仅提及 Hi-C、ChIP-seq、WGS、small RNA sequencing 等组学方法，无 3D 软件名及 ""we used/imported into/processed in"" 等表述）。缺失：原创研究类型 + 本研究自身使用具名非牙科3D软件的证据。",-,-,-,-,"【判定】: EXCLUDE
【证据】: 该文献为综述（题名 ""integrative multi-omics and spatial profiling unravel...""，摘要明确 ""This review considers...""），且证据片段中未出现任何本研究自身使用的具名第三方非牙科3D软件（仅提及 Hi-C、ChIP-seq、WGS、small RNA sequencing 等组学方法，无 3D 软件名及 ""we used/imported into/processed in"" 等表述）。缺失：原创研究类型 + 本研究自身使用具名非牙科3D软件的证据。
【软件】: -
【专科】: -
【应用场景】: -
【研究设计】: -"
soft tissue changes associated with class iii orthopaedic treatment in growing patients a systematic review and meta analysis,Soft tissue changes associated with Class III orthopaedic treatment in growing patients: a systematic review and meta-analysis,PROGRESS IN ORTHODONTICS,journalArticle,534R4TGE,,EXCLUDE,EXCLUDE,"该研究为系统综述与meta分析（题名及摘要明确为 ""a systematic review and meta-analysis""），文献类型不符（排除综述、系统综述）。此外，片段中出现的 ""MIMICs software"" 仅出现在对他人研究的描述中（""The second study evaluated... using... 3dMD patient software and then transferred to MIMICs software""），并非本研究自身使用；本研究自身仅使用了 RevMan 软件进行meta分析，未使用具名第三方非牙科3D软件处理3D数据。",-,-,-,-,"【判定】: EXCLUDE
【证据】: 该研究为系统综述与meta分析（题名及摘要明确为 ""a systematic review and meta-analysis""），文献类型不符（排除综述、系统综述）。此外，片段中出现的 ""MIMICs software"" 仅出现在对他人研究的描述中（""The second study evaluated... using... 3dMD patient software and then transferred to MIMICs software""），并非本研究自身使用；本研究自身仅使用了 RevMan 软件进行meta分析，未使用具名第三方非牙科3D软件处理3D数据。
【软件】: -
【专科】: -
【应用场景】: -
【研究设计】: -"
what s in a nam,What's in a NAM?,LAB ANIMAL,journalArticle,2IGXI3JV,,EXCLUDE,EXCLUDE,"证据片段中未出现任何表明本研究自身使用了具名第三方非牙科3D软件的表述；片段内容仅为参考文献列表（如 ""Howard, Y., et al.""、""Lauwereyns, J. et al."" 等），无 ""we used / were analysed using / imported into / processed in"" 等本研究使用软件的表述。",-,-,-,-,"【判定】: EXCLUDE
【证据】: 证据片段中未出现任何表明本研究自身使用了具名第三方非牙科3D软件的表述；片段内容仅为参考文献列表（如 ""Howard, Y., et al.""、""Lauwereyns, J. et al."" 等），无 ""we used / were analysed using / imported into / processed in"" 等本研究使用软件的表述。
【软件】: -
【专科】: -
【应用场景】: -
【研究设计】: -"
3d printing vs conventional wax patterns a comparative in vitro study on retention of rpd framework,3D printing vs. conventional wax patterns: a comparative in vitro study on retention of RPD framework,ODONTOLOGY,journalArticle,EXD2A2LP,,EXCLUDE,EXCLUDE,方法学片段中出现的软件为 3Shape dental design system（Dental Designer）和 PreForm（Formlabs），前者为牙科专用软件（3Shape），后者为3D打印准备软件而非用于3D数据处理/分析/建模/测量的第三方非牙科3D软件；片段中未出现任何本研究自身使用的具名第三方非牙科3D软件（如 Mimics、3D Slicer、Geomagic、MATLAB 等）的证据。,-,-,-,-,"【判定】: EXCLUDE
【证据】: 方法学片段中出现的软件为 3Shape dental design system（Dental Designer）和 PreForm（Formlabs），前者为牙科专用软件（3Shape），后者为3D打印准备软件而非用于3D数据处理/分析/建模/测量的第三方非牙科3D软件；片段中未出现任何本研究自身使用的具名第三方非牙科3D软件（如 Mimics、3D Slicer、Geomagic、MATLAB 等）的证据。
【软件】: -
【专科】: -
【应用场景】: -
【研究设计】: -"
enhancing airway obstruction diagnosis with multimodal 3d shape analysis,Enhancing airway obstruction diagnosis with multimodal 3D shape analysis,INTERNATIONAL JOURNAL OF COMPUTER ASSISTED RADIOLOGY AND SURGERY,journalArticle,YTY8B4LH,,EXCLUDE,EXCLUDE,"该研究使用自研深度学习模型（""we propose an open-source, automated deep learning tool""、""our approach combines multi-view and point cloud representations""），分割使用 AMASSS（基于 MONAI 框架的自研/专用自动分割工具），未出现本研究自身使用具名第三方非牙科3D软件（如 Mimics、3D Slicer、MATLAB 等）进行3D数据处理、分析、建模或测量的表述；文中提及的 Grad-CAM 为可解释性方法而非3D数据处理软件。",-,-,-,-,"【判定】: EXCLUDE
【证据】: 该研究使用自研深度学习模型（""we propose an open-source, automated deep learning tool""、""our approach combines multi-view and point cloud representations""），分割使用 AMASSS（基于 MONAI 框架的自研/专用自动分割工具），未出现本研究自身使用具名第三方非牙科3D软件（如 Mimics、3D Slicer、MATLAB 等）进行3D数据处理、分析、建模或测量的表述；文中提及的 Grad-CAM 为可解释性方法而非3D数据处理软件。
【软件】: -
【专科】: -
【应用场景】: -
【研究设计】: -"
multi view deep fusion for forensic dental age estimation in tomographic imaging,Multi-view deep fusion for forensic dental age estimation in tomographic imaging,INTERNATIONAL JOURNAL OF LEGAL MEDICINE,journalArticle,S9X9MBYM,,EXCLUDE,EXCLUDE,证据片段中未出现任何具名第三方非牙科3D软件（如 Mimics、3D Slicer、ITK-SNAP、MATLAB 等）被本研究自身使用的表述；仅提及自研双流 EfficientNet-V2 深度学习架构及自动化 PTR 提取流程，属于自建深度学习模型，无第三方具名软件使用证据。,-,-,-,-,"【判定】: EXCLUDE
【证据】: 证据片段中未出现任何具名第三方非牙科3D软件（如 Mimics、3D Slicer、ITK-SNAP、MATLAB 等）被本研究自身使用的表述；仅提及自研双流 EfficientNet-V2 深度学习架构及自动化 PTR 提取流程，属于自建深度学习模型，无第三方具名软件使用证据。
【软件】: -
【专科】: -
【应用场景】: -
【研究设计】: -"
new generation cad cam materials for implant supported definitive frameworks fabricated by using subtractive technologies,New generation CAD-CAM materials for implant-supported definitive frameworks fabricated by using subtractive technologies,BIOMED RESEARCH INTERNATIONAL,journalArticle,KRNC254H,,EXCLUDE,EXCLUDE,"该文献为综述（""Review Article""、""Revue de la littérature""、""This comprehensive review summarizes...""），类型不符；且证据片段中未出现任何本研究自身使用具名第三方非牙科3D软件的表述（无 ""we used / were analysed using / imported into / processed in"" 等）。",-,-,-,-,"【判定】: EXCLUDE
【证据】: 该文献为综述（""Review Article""、""Revue de la littérature""、""This comprehensive review summarizes...""），类型不符；且证据片段中未出现任何本研究自身使用具名第三方非牙科3D软件的表述（无 ""we used / were analysed using / imported into / processed in"" 等）。
【软件】: -
【专科】: -
【应用场景】: -
【研究设计】: -"
diagnostic agreement between visual examination and an automated scanner system with fluorescence for detecting and classifying occlusal carious lesions in primary teeth,Diagnostic agreement between visual examination and an automated scanner system with fluorescence for detecting and classifying occlusal carious lesions in primary teeth,JOURNAL OF DENTISTRY,journalArticle,G3CI4KFG,,EXCLUDE,EXCLUDE,该研究使用的是牙科专用软件（TRIOS 4 IOS、Trios Patient Monitoring (TPM) software、3Shape TRIOS A/S），属于牙科专用设备/软件，未使用具名的第三方非牙科3D软件。,-,-,-,-,"【判定】: EXCLUDE
【证据】: 该研究使用的是牙科专用软件（TRIOS 4 IOS、Trios Patient Monitoring (TPM) software、3Shape TRIOS A/S），属于牙科专用设备/软件，未使用具名的第三方非牙科3D软件。
【软件】: -
【专科】: -
【应用场景】: -
【研究设计】: -"
aquila particle swarm based cooperative search optimizer with superpixel techniques for epithelial layer segmentation,Aquila-particle swarm based cooperative search optimizer with superpixel techniques for epithelial layer segmentation,APPLIED SOFT COMPUTING,journalArticle,MLN8KSCM,,EXCLUDE,EXCLUDE,证据片段中未出现任何具名第三方非牙科3D软件（如 Mimics、3D Slicer、MATLAB 等）被本研究使用的表述；该研究仅提出并使用自研的 Cooperative Search (CS) 优化算法与超像素聚类方法，属于自研代码/算法，无第三方具名软件使用证据。,-,-,-,-,"【判定】: EXCLUDE
【证据】: 证据片段中未出现任何具名第三方非牙科3D软件（如 Mimics、3D Slicer、MATLAB 等）被本研究使用的表述；该研究仅提出并使用自研的 Cooperative Search (CS) 优化算法与超像素聚类方法，属于自研代码/算法，无第三方具名软件使用证据。
【软件】: -
【专科】: -
【应用场景】: -
【研究设计】: -"
3d monitoring of toothbrushing regions and force using multimodal sensors and unity,3D Monitoring of Toothbrushing Regions and Force Using Multimodal Sensors and Unity,IEEE ACCESS,journalArticle,SM98IZIT,,EXCLUDE,EXCLUDE,"证据片段仅显示 ""a visual interface based on Unity was designed to display detection results in real-time""，Unity 是游戏/实时3D引擎，用于可视化界面显示，而非用于3D数据的处理、分析、建模或测量；且该研究核心为自建 RFC/RFR 机器学习模型，未使用具名第三方非牙科3D软件进行3D数据处理、分析、建模或测量。",-,-,-,-,"【判定】: EXCLUDE
【证据】: 证据片段仅显示 ""a visual interface based on Unity was designed to display detection results in real-time""，Unity 是游戏/实时3D引擎，用于可视化界面显示，而非用于3D数据的处理、分析、建模或测量；且该研究核心为自建 RFC/RFR 机器学习模型，未使用具名第三方非牙科3D软件进行3D数据处理、分析、建模或测量。
【软件】: -
【专科】: -
【应用场景】: -
【研究设计】: -"
mixed reality combined with surgical navigation versus conventional navigation for resection of oral and maxillofacial tumors a comparative study,Mixed reality combined with surgical navigation versus conventional navigation for resection of oral and maxillofacial tumors: a comparative study,BMC ORAL HEALTH,journalArticle,ZC52QN7Q,,EXCLUDE,INCLUDE,"""The CT and MRI data were exported in DICOM format to iplan CMF 3.0 software (Brainlab, Germany)."" 及 ""The preoperative surgical design and the STL files of the postoperative maxilla/mandible were imported into Geomagic Control software (3D Systems, Inc., USA), and the preoperatively designed virtual 3D model was aligned with the actual postoperative 3D model.""",iplan CMF 3.0 (Brainlab); Geomagic Control,Oral and Maxillofacial Surgery,Surgical planning and precise implementation,clinical,"【判定】: INCLUDE
【证据】: ""The CT and MRI data were exported in DICOM format to iplan CMF 3.0 software (Brainlab, Germany)."" 及 ""The preoperative surgical design and the STL files of the postoperative maxilla/mandible were imported into Geomagic Control software (3D Systems, Inc., USA), and the preoperatively designed virtual 3D model was aligned with the actual postoperative 3D model.""
【软件】: iplan CMF 3.0 (Brainlab); Geomagic Control
【专科】: Oral and Maxillofacial Surgery
【应用场景】: Surgical planning and precise implementation
【研究设计】: clinical"
laboratory efficiency of additive manufacturing for removable denture frameworks a literature based review,Laboratory efficiency of additive manufacturing for removable denture frameworks: A literature-based review,DENTAL MATERIALS JOURNAL,journalArticle,R8UHSTK3,,EXCLUDE,EXCLUDE,"该文献为文献综述（题名 ""A literature-based review""，摘要 ""The purpose of this literature review was...""），不符合纳入标准第3条（排除综述）。证据片段中亦未出现本研究自身使用具名第三方非牙科3D软件的表述（如 ""we used / were analysed using / imported into / processed in""），仅泛述 CAD/CAM、SLM、EBM 等技术及他人研究结果。",-,-,-,-,"【判定】: EXCLUDE
【证据】: 该文献为文献综述（题名 ""A literature-based review""，摘要 ""The purpose of this literature review was...""），不符合纳入标准第3条（排除综述）。证据片段中亦未出现本研究自身使用具名第三方非牙科3D软件的表述（如 ""we used / were analysed using / imported into / processed in""），仅泛述 CAD/CAM、SLM、EBM 等技术及他人研究结果。
【软件】: -
【专科】: -
【应用场景】: -
【研究设计】: -"
accuracy of cad cam systems for removable partial denture framework fabrication a systematic review,Accuracy of CAD -CAM systems for removable partial denture framework fabrication: A systematic review,JOURNAL OF PROSTHETIC DENTISTRY,journalArticle,HDHJW59L,,EXCLUDE,EXCLUDE,"该文献为系统综述（题名含 ""A systematic review""，摘要明确 ""The purpose of this systematic review was...""），不符合纳入标准第3条（排除综述、系统综述）。证据片段中出现的 Geomagic Studio 2014、Geomagic Control 2014、Geomagic Qualify 2012 均系被纳入的原始研究（他文）所使用，而非本综述自身在材料与方法中使用。",-,-,-,-,"【判定】: EXCLUDE
【证据】: 该文献为系统综述（题名含 ""A systematic review""，摘要明确 ""The purpose of this systematic review was...""），不符合纳入标准第3条（排除综述、系统综述）。证据片段中出现的 Geomagic Studio 2014、Geomagic Control 2014、Geomagic Qualify 2012 均系被纳入的原始研究（他文）所使用，而非本综述自身在材料与方法中使用。
【软件】: -
【专科】: -
【应用场景】: -
【研究设计】: -"
lmvsegrnn and poseidon3d addressing challenging teeth segmentation cases in 3d dental surface orthodontic scans,LMVSegRNN and Poseidon3D: Addressing Challenging Teeth Segmentation Cases in 3D Dental Surface Orthodontic Scans,BIOENGINEERING-BASEL,journalArticle,R7ISRWUL,,EXCLUDE,EXCLUDE,"证据片段仅包含题名、作者、摘要、关键词及引言部分，未出现任何表明本研究自身使用了具名第三方非牙科3D软件（如 ""we used / were analysed using / imported into / processed in"" 等表述）的方法学内容；该研究提出的是自研方法（LMVSegRNN）与自建数据集（Poseidon3D），缺乏使用具名第三方3D软件的证据。",-,-,-,-,"【判定】: EXCLUDE
【证据】: 证据片段仅包含题名、作者、摘要、关键词及引言部分，未出现任何表明本研究自身使用了具名第三方非牙科3D软件（如 ""we used / were analysed using / imported into / processed in"" 等表述）的方法学内容；该研究提出的是自研方法（LMVSegRNN）与自建数据集（Poseidon3D），缺乏使用具名第三方3D软件的证据。
【软件】: -
【专科】: -
【应用场景】: -
【研究设计】: -"
accuracy of endodontic access cavities performed using an augmented reality appliance an in vitro study,Accuracy of Endodontic Access Cavities Performed Using an Augmented Reality Appliance: An In Vitro Study,INTERNATIONAL JOURNAL OF ENVIRONMENTAL RESEARCH AND PUBLIC HEALTH,journalArticle,VIUWMA2F,,EXCLUDE,EXCLUDE,"该研究使用的软件为 NemoScan®（Nemotec, Madrid, Spain），属于牙科专用种植规划软件（3D implant planning software），不属于非牙科来源的第三方3D软件；证据片段中未出现任何具名的非牙科3D软件（如 Mimics、3D Slicer、Geomagic 等）被本研究使用的表述。",-,-,-,-,"【判定】: EXCLUDE
【证据】: 该研究使用的软件为 NemoScan®（Nemotec, Madrid, Spain），属于牙科专用种植规划软件（3D implant planning software），不属于非牙科来源的第三方3D软件；证据片段中未出现任何具名的非牙科3D软件（如 Mimics、3D Slicer、Geomagic 等）被本研究使用的表述。
【软件】: -
【专科】: -
【应用场景】: -
【研究设计】: -"
an overview of selective laser sintering 3d printing technology for biomedical and sports device applications processes materials and applications,"An overview of selective laser sintering 3D printing technology for biomedical and sports device applications: Processes, materials, and applications",OPTICS AND LASER TECHNOLOGY,journalArticle,KPAT4YHU,,EXCLUDE,EXCLUDE,"证据片段中仅泛述 ""The CAD software, integrated with the computer, plays a pivotal role in generating the digital d...""、""a 3D model of the patient's bone structure is generated using software such as CAD""，未出现任何具名第三方非牙科3D软件名，也无 ""we used / imported into / processed in"" 等表明本研究自身使用某具体软件的表述；且文献类型为综述（overview）。",-,-,-,-,"【判定】: EXCLUDE
【证据】: 证据片段中仅泛述 ""The CAD software, integrated with the computer, plays a pivotal role in generating the digital d...""、""a 3D model of the patient's bone structure is generated using software such as CAD""，未出现任何具名第三方非牙科3D软件名，也无 ""we used / imported into / processed in"" 等表明本研究自身使用某具体软件的表述；且文献类型为综述（overview）。
【软件】: -
【专科】: -
【应用场景】: -
【研究设计】: -"
evaluation of the fatigue strength of a cad cam nanoceramic resin crown on titanium and zirconia titanium abutments,Evaluation of the Fatigue Strength of a CAD-CAM Nanoceramic Resin Crown on Titanium and Zirconia-Titanium Abutments,APPLIED SCIENCES-BASEL,journalArticle,G2ET6V96,,EXCLUDE,EXCLUDE,"证据片段仅包含题名、作者、摘要、参考文献引用及引言讨论内容，未出现任何表明本研究自身在材料与方法中使用具名第三方非牙科3D软件的表述（如 ""we used / were analysed using / imported into / processed in"" 等）；片段中亦未出现任何具体非牙科3D软件名。",-,-,-,-,"【判定】: EXCLUDE
【证据】: 证据片段仅包含题名、作者、摘要、参考文献引用及引言讨论内容，未出现任何表明本研究自身在材料与方法中使用具名第三方非牙科3D软件的表述（如 ""we used / were analysed using / imported into / processed in"" 等）；片段中亦未出现任何具体非牙科3D软件名。
【软件】: -
【专科】: -
【应用场景】: -
【研究设计】: -"
leveraging solid solubility and miscibility of etoricoxib in soluplus towards manufacturing of 3d printed etoricoxib tablets by additive manufacturing,Leveraging solid solubility and miscibility of etoricoxib in Soluplus? towards manufacturing of 3D printed etoricoxib tablets by additive manufacturing,INTERNATIONAL JOURNAL OF PHARMACEUTICS,journalArticle,5BZNI5MC,,EXCLUDE,EXCLUDE,该研究主题为药剂学/3D打印药物片剂（etoricoxib tablets），不属于口腔医学任一学科；虽使用了 SOLIDWORKS 等软件，但主题不符纳入标准第1条。,-,-,-,-,"【判定】: EXCLUDE
【证据】: 该研究主题为药剂学/3D打印药物片剂（etoricoxib tablets），不属于口腔医学任一学科；虽使用了 SOLIDWORKS 等软件，但主题不符纳入标准第1条。
【软件】: -
【专科】: -
【应用场景】: -
【研究设计】: -"
the impact of open versus closed computer aided design computer aided manufacturing systems on the marginal gap of zirconia reinforced lithium silicate single crowns evaluated by scanning electron microscopy a comparative in vitro study,The Impact of Open versus Closed Computer-Aided Design/Computer-Aided Manufacturing Systems on the Marginal Gap of Zirconia-Reinforced Lithium Silicate Single Crowns Evaluated by Scanning Electron Microscopy: A Comparative In Vitro Study,JOURNAL OF FUNCTIONAL BIOMATERIALS,journalArticle,MWC6EET8,,EXCLUDE,EXCLUDE,证据片段中仅出现 CEREC 软件和 EXOCAD 软件，二者均为牙科专用 CAD 软件（CEREC 为 Dentsply Sirona 牙科专用系统，EXOCAD 为牙科专用 CAD 软件），未出现任何具名的第三方非牙科 3D 软件（如 Mimics、3D Slicer、Geomagic、MATLAB 等）被本研究自身用于 3D 数据处理、分析、建模或测量。,-,-,-,-,"【判定】: EXCLUDE
【证据】: 证据片段中仅出现 CEREC 软件和 EXOCAD 软件，二者均为牙科专用 CAD 软件（CEREC 为 Dentsply Sirona 牙科专用系统，EXOCAD 为牙科专用 CAD 软件），未出现任何具名的第三方非牙科 3D 软件（如 Mimics、3D Slicer、Geomagic、MATLAB 等）被本研究自身用于 3D 数据处理、分析、建模或测量。
【软件】: -
【专科】: -
【应用场景】: -
【研究设计】: -"
robust segmentation of partial and imperfect dental arches,Robust Segmentation of Partial and Imperfect Dental Arches,APPLIED SCIENCES-BASEL,journalArticle,TII25L59,,EXCLUDE,EXCLUDE,"证据片段中仅提及 ""The Point Transformer V2 deep learning model is used as the backbone for the ArchSeg framework""，属于自研深度学习框架/模型，未出现任何具名第三方非牙科3D软件（如 Mimics、3D Slicer、MeshLab、Geomagic 等）被本研究自身使用的表述（如 ""we used / imported into / processed in""）。",-,-,-,-,"【判定】: EXCLUDE
【证据】: 证据片段中仅提及 ""The Point Transformer V2 deep learning model is used as the backbone for the ArchSeg framework""，属于自研深度学习框架/模型，未出现任何具名第三方非牙科3D软件（如 Mimics、3D Slicer、MeshLab、Geomagic 等）被本研究自身使用的表述（如 ""we used / imported into / processed in""）。
【软件】: -
【专科】: -
【应用场景】: -
【研究设计】: -"
clinical application of an intraoral scanner and cad cam system for a kennedy class i partially edentulous patient,Clinical application of an intraoral scanner and CAD/CAM system for a Kennedy class I partially edentulous patient,JOURNAL OF ORAL SCIENCE,journalArticle,4HJ9WGCQ,,EXCLUDE,EXCLUDE,"该研究使用的软件为 IOS（TRIOS3, 3Shape）及专用设计软件（DWOS Partial Frameworks, Dental Wings），均属牙科专用软件；证据片段中未出现任何具名的第三方非牙科3D软件（如 Mimics、3D Slicer、Geomagic 等）被本研究自身用于3D数据处理、分析、建模或测量。",-,-,-,-,"【判定】: EXCLUDE
【证据】: 该研究使用的软件为 IOS（TRIOS3, 3Shape）及专用设计软件（DWOS Partial Frameworks, Dental Wings），均属牙科专用软件；证据片段中未出现任何具名的第三方非牙科3D软件（如 Mimics、3D Slicer、Geomagic 等）被本研究自身用于3D数据处理、分析、建模或测量。
【软件】: -
【专科】: -
【应用场景】: -
【研究设计】: -"
a rapid advancing image segmentation approach in dental to predict cryst,A Rapid Advancing Image Segmentation Approach in Dental to Predict Cryst,TRAITEMENT DU SIGNAL,journalArticle,SD6KI78W,,EXCLUDE,EXCLUDE,"证据片段中未出现任何具名第三方非牙科3D软件（如 Mimics、3D Slicer、MATLAB 等）被本研究使用的表述；片段仅泛述 CAD、FMM、图像分割方法，无 ""we used / were analysed using / imported into / processed in"" 等表明本研究自身使用某具名软件的证据。",-,-,-,-,"【判定】: EXCLUDE
【证据】: 证据片段中未出现任何具名第三方非牙科3D软件（如 Mimics、3D Slicer、MATLAB 等）被本研究使用的表述；片段仅泛述 CAD、FMM、图像分割方法，无 ""we used / were analysed using / imported into / processed in"" 等表明本研究自身使用某具名软件的证据。
【软件】: -
【专科】: -
【应用场景】: -
【研究设计】: -"
a resource sharing approach for pss enabled additive manufacturing platform,A resource sharing approach for PSS-enabled additive manufacturing platform,CIRP JOURNAL OF MANUFACTURING SCIENCE AND TECHNOLOGY,journalArticle,MT46QW8Q,,EXCLUDE,EXCLUDE,"证据片段仅泛述牙科增材制造流程（""3D scanning, fine-tuning in design software, printing...""）及案例公司业务，未出现任何表明本研究自身在材料与方法中使用具名第三方非牙科3D软件的表述（如 we used / imported into / processed in 等）；本研究核心为深度强化学习资源调度算法，属自研模型，无具名第三方3D软件使用证据。",-,-,-,-,"【判定】: EXCLUDE
【证据】: 证据片段仅泛述牙科增材制造流程（""3D scanning, fine-tuning in design software, printing...""）及案例公司业务，未出现任何表明本研究自身在材料与方法中使用具名第三方非牙科3D软件的表述（如 we used / imported into / processed in 等）；本研究核心为深度强化学习资源调度算法，属自研模型，无具名第三方3D软件使用证据。
【软件】: -
【专科】: -
【应用场景】: -
【研究设计】: -"
morphological comparison between artificial intelligence driven and manual cad design in single tooth restoration a preliminary study,Morphological comparison between artificial intelligence-driven and manual CAD design in single tooth restoration: a preliminary study,BMC ORAL HEALTH,journalArticle,345A5AVQ,,EXCLUDE,EXCLUDE,"证据片段中仅出现牙科专用软件（3Shape Automate、3Shape Dental System），未出现任何具名第三方非牙科3D软件（如 Mimics、3D Slicer、Geomagic、MATLAB 等）被本研究自身使用的表述；摘要中""3D deviation analysis""未指明所用软件，方法学片段亦无 ""we used / were analysed using / imported into / processed in"" 等表明本研究使用非牙科3D软件的原文。",-,-,-,-,"【判定】: EXCLUDE
【证据】: 证据片段中仅出现牙科专用软件（3Shape Automate、3Shape Dental System），未出现任何具名第三方非牙科3D软件（如 Mimics、3D Slicer、Geomagic、MATLAB 等）被本研究自身使用的表述；摘要中""3D deviation analysis""未指明所用软件，方法学片段亦无 ""we used / were analysed using / imported into / processed in"" 等表明本研究使用非牙科3D软件的原文。
【软件】: -
【专科】: -
【应用场景】: -
【研究设计】: -"
mechanical properties and biocompatibility of 3d printing acrylic material with bioactive components,Mechanical Properties and Biocompatibility of 3D Printing Acrylic Material with Bioactive Components,JOURNAL OF FUNCTIONAL BIOMATERIALS,journalArticle,JQFBPBTC,,EXCLUDE,EXCLUDE,"证据片段中未出现任何表明本研究自身使用了具名第三方非牙科3D软件的表述（如 ""we used / were analysed using / imported into / processed in""）；片段仅涉及参考文献引用、致谢、缩写表和参考文献列表，无本研究使用3D软件处理、分析、建模或测量的证据。",-,-,-,-,"【判定】: EXCLUDE
【证据】: 证据片段中未出现任何表明本研究自身使用了具名第三方非牙科3D软件的表述（如 ""we used / were analysed using / imported into / processed in""）；片段仅涉及参考文献引用、致谢、缩写表和参考文献列表，无本研究使用3D软件处理、分析、建模或测量的证据。
【软件】: -
【专科】: -
【应用场景】: -
【研究设计】: -"
teeth segmentation in panoramic dental x ray using mask regional convolutional neural network,Teeth Segmentation in Panoramic Dental X-ray Using Mask Regional Convolutional Neural Network,APPLIED SCIENCES-BASEL,journalArticle,DQC6CF2F,,EXCLUDE,EXCLUDE,"证据片段仅显示该研究训练了自建的 Mask-RCNN 深度学习模型（""An instance segmentation model was trained using the architecture of a Mask Region-based Convolutional Neural Network (Mask-RCNN)""），未出现任何具名第三方非牙科3D软件（如 Mimics、3D Slicer、MATLAB 等）被本研究使用的表述（如 ""we used / imported into / processed in""）。",-,-,-,-,"【判定】: EXCLUDE
【证据】: 证据片段仅显示该研究训练了自建的 Mask-RCNN 深度学习模型（""An instance segmentation model was trained using the architecture of a Mask Region-based Convolutional Neural Network (Mask-RCNN)""），未出现任何具名第三方非牙科3D软件（如 Mimics、3D Slicer、MATLAB 等）被本研究使用的表述（如 ""we used / imported into / processed in""）。
【软件】: -
【专科】: -
【应用场景】: -
【研究设计】: -"
3d printing of chewable oral tablets using drug nanosuspension inks an experimental and machine learning study,3D Printing of chewable oral tablets using drug nanosuspension inks: an experimental and machine learning study,VIRTUAL AND PHYSICAL PROTOTYPING,journalArticle,SAQED9KP,,EXCLUDE,EXCLUDE,该研究主题为3D打印咀嚼片（药物制剂/药学），不属于口腔医学任一学科；且证据片段中出现的 Fusion 360 虽为非牙科3D软件，但主题不符纳入标准第1条。,-,-,-,-,"【判定】: EXCLUDE
【证据】: 该研究主题为3D打印咀嚼片（药物制剂/药学），不属于口腔医学任一学科；且证据片段中出现的 Fusion 360 虽为非牙科3D软件，但主题不符纳入标准第1条。
【软件】: -
【专科】: -
【应用场景】: -
【研究设计】: -"
3d modelling and x ray depth analysis map of the pulp with computer software via digital periapical radiography and cone beam computed tomography,3D modelling and x-ray depth analysis map of the pulp with computer software via digital periapical radiography and cone beam computed tomography,BMC ORAL HEALTH,journalArticle,AGVFZ3RW,,EXCLUDE,EXCLUDE,"该研究自述 ""The aim of this study was to create a software (XPAR)""，即自行开发了名为 XPAR 的软件；证据片段中未出现任何具名第三方非牙科3D软件（如 Mimics、3D Slicer、MATLAB 等）被本研究使用的表述（如 ""we used / were analysed using / imported into / processed in""）。",-,-,-,-,"【判定】: EXCLUDE
【证据】: 该研究自述 ""The aim of this study was to create a software (XPAR)""，即自行开发了名为 XPAR 的软件；证据片段中未出现任何具名第三方非牙科3D软件（如 Mimics、3D Slicer、MATLAB 等）被本研究使用的表述（如 ""we used / were analysed using / imported into / processed in""）。
【软件】: -
【专科】: -
【应用场景】: -
【研究设计】: -"
does cad software affect the marginal and internal fit of milled full ceramic crowns,Does cad software affect the marginal and internal fit of milled full ceramic crowns?,BRAZILIAN ORAL RESEARCH,journalArticle,YW7JPGUN,,EXCLUDE,EXCLUDE,证据片段中仅出现牙科专用 CAD 系统（CEREC、KaVo、Planmeca）及牙科扫描仪（3Shape TRIOS），以及统计软件 Open Source R Statistical Software；未出现任何本研究自身使用的具名第三方非牙科三维软件（如 Mimics、3D Slicer、Geomagic、MATLAB 等）用于3D数据处理、分析、建模或测量。缺失“本研究使用非牙科3D软件”的证据。,-,-,-,-,"【判定】: EXCLUDE
【证据】: 证据片段中仅出现牙科专用 CAD 系统（CEREC、KaVo、Planmeca）及牙科扫描仪（3Shape TRIOS），以及统计软件 Open Source R Statistical Software；未出现任何本研究自身使用的具名第三方非牙科三维软件（如 Mimics、3D Slicer、Geomagic、MATLAB 等）用于3D数据处理、分析、建模或测量。缺失“本研究使用非牙科3D软件”的证据。
【软件】: -
【专科】: -
【应用场景】: -
【研究设计】: -"
tooth segmentation and gingival tissue deformation framework for 3d orthodontic treatment planning and evaluating,Tooth segmentation and gingival tissue deformation framework for 3D orthodontic treatment planning and evaluating,MEDICAL & BIOLOGICAL ENGINEERING & COMPUTING,journalArticle,UCAQGWW6,,EXCLUDE,EXCLUDE,"证据片段中未出现任何具名第三方非牙科3D软件（如 Mimics、3D Slicer、Geomagic、MATLAB 等）被本研究使用的表述；文中仅描述 ""we propose an integrated tooth segmentation and gingival tissue deformation simulation framework""，属于自研方法/算法，未提及使用具名第三方软件进行3D数据处理。",-,-,-,-,"【判定】: EXCLUDE
【证据】: 证据片段中未出现任何具名第三方非牙科3D软件（如 Mimics、3D Slicer、Geomagic、MATLAB 等）被本研究使用的表述；文中仅描述 ""we propose an integrated tooth segmentation and gingival tissue deformation simulation framework""，属于自研方法/算法，未提及使用具名第三方软件进行3D数据处理。
【软件】: -
【专科】: -
【应用场景】: -
【研究设计】: -"
research on panoramic stitching algorithm of lateral cranial sequence images in dental multifunctional cone beam computed tomography,Research on Panoramic Stitching Algorithm of Lateral Cranial Sequence Images in Dental Multifunctional Cone Beam Computed Tomography,SENSORS,journalArticle,TFCJ859I,,EXCLUDE,EXCLUDE,"缺失证据：片段中未出现任何具名第三方非牙科3D软件（如 Mimics、3D Slicer、MATLAB 等）被本研究自身使用的表述；所述算法（Block-Matching and 3D filtering、Gaussian Mixture Model、Particle Swarm Optimization 等）均为自研/通用算法，未提及具体软件名，且""3D""仅出现在算法名称""Block-Matching and 3D filtering""中，非三维软件。",-,-,-,-,"【判定】: EXCLUDE
【证据】: 缺失证据：片段中未出现任何具名第三方非牙科3D软件（如 Mimics、3D Slicer、MATLAB 等）被本研究自身使用的表述；所述算法（Block-Matching and 3D filtering、Gaussian Mixture Model、Particle Swarm Optimization 等）均为自研/通用算法，未提及具体软件名，且""3D""仅出现在算法名称""Block-Matching and 3D filtering""中，非三维软件。
【软件】: -
【专科】: -
【应用场景】: -
【研究设计】: -"
an enhanced cad system based on machine learning algorithm for brain mri classification,An enhanced CAD system based on machine Learning Algorithm for brain MRI classification,JOURNAL OF IN℡LIGENT & FUZZY SYSTEMS,journalArticle,VBMMA9IP,,EXCLUDE,EXCLUDE,该研究主题为脑部MRI分类（brain image classification），不属于口腔医学任一学科；且方法学片段中未出现任何具名第三方非牙科3D软件用于3D数据处理、分析、建模或测量，仅使用自研算法（DR-KPLS+SVM）。,-,-,-,-,"【判定】: EXCLUDE
【证据】: 该研究主题为脑部MRI分类（brain image classification），不属于口腔医学任一学科；且方法学片段中未出现任何具名第三方非牙科3D软件用于3D数据处理、分析、建模或测量，仅使用自研算法（DR-KPLS+SVM）。
【软件】: -
【专科】: -
【应用场景】: -
【研究设计】: -"
optimizing orthognathic surgery leveraging the average skull as a dynamic template for surgical simulation and planning in 30 patient cases,Optimizing Orthognathic Surgery: Leveraging the Average Skull as a Dynamic Template for Surgical Simulation and Planning in 30 Patient Cases,JOURNAL OF CLINICAL MEDICINE,journalArticle,JH54KM88,,EXCLUDE,EXCLUDE,证据片段中出现的具名软件为 Materialise ProPlan CMF 3.0、3Shape TRIOS 3、Dolphin Imaging 11.95，均属牙科/颌面专用软件（ProPlan CMF、Dolphin Imaging 为颌面外科专用，TRIOS 为牙科口扫），未出现任何原始开发领域不在牙科的非牙科3D软件（如 Mimics、3D Slicer、Geomagic、MATLAB 等）被本研究自身使用的表述。,-,-,-,-,"【判定】: EXCLUDE
【证据】: 证据片段中出现的具名软件为 Materialise ProPlan CMF 3.0、3Shape TRIOS 3、Dolphin Imaging 11.95，均属牙科/颌面专用软件（ProPlan CMF、Dolphin Imaging 为颌面外科专用，TRIOS 为牙科口扫），未出现任何原始开发领域不在牙科的非牙科3D软件（如 Mimics、3D Slicer、Geomagic、MATLAB 等）被本研究自身使用的表述。
【软件】: -
【专科】: -
【应用场景】: -
【研究设计】: -"
extrusion based 3d printing of cross scale porous bone scaffolds and their micro topological structures for bone repair,Extrusion-based 3D printing of cross-scale porous bone scaffolds and their micro-topological structures for bone repair,BIOMATERIALS ADVANCES,journalArticle,NZ84ZXUF,,EXCLUDE,EXCLUDE,"该文献为综述（摘要明确 ""This review establishes a microstructure-property framework...""），且证据片段中未出现任何表明本研究自身使用了具名第三方非牙科3D软件的表述（如 ""we used / were analysed using / imported into / processed in""）；片段中仅泛述他人研究（如 ""Zhang et al. used finite element analysis...""）及参考文献列表。",-,-,-,-,"【判定】: EXCLUDE
【证据】: 该文献为综述（摘要明确 ""This review establishes a microstructure-property framework...""），且证据片段中未出现任何表明本研究自身使用了具名第三方非牙科3D软件的表述（如 ""we used / were analysed using / imported into / processed in""）；片段中仅泛述他人研究（如 ""Zhang et al. used finite element analysis...""）及参考文献列表。
【软件】: -
【专科】: -
【应用场景】: -
【研究设计】: -"
a novel technique for maxillary regional superimposition using merged cbcts and intra oral scans,A novel technique for maxillary regional superimposition using merged CBCTs and intra-oral scans,SEMINARS IN ORTHODONTICS,journalArticle,SWR4VY3Q,,EXCLUDE,EXCLUDE,"片段中仅出现 ""merging CBCT and IOS data within image processing software""，未指明任何具名的第三方非牙科3D软件（如 Mimics、3D Slicer、Geomagic 等）；无 ""we used / imported into / processed in + 具体软件名"" 的表述，缺失具名软件证据。",-,-,-,-,"【判定】: EXCLUDE
【证据】: 片段中仅出现 ""merging CBCT and IOS data within image processing software""，未指明任何具名的第三方非牙科3D软件（如 Mimics、3D Slicer、Geomagic 等）；无 ""we used / imported into / processed in + 具体软件名"" 的表述，缺失具名软件证据。
【软件】: -
【专科】: -
【应用场景】: -
【研究设计】: -"
optimization of petg 3d printing parameters for the design and development of biocompatible bone implants,Optimization of PETG 3D printing parameters for the design and development of biocompatible bone implants,FRONTIERS IN BIOENGINEERING AND BIOTECHNOLOGY,journalArticle,5PW99INS,,EXCLUDE,INCLUDE,"""The 3D slicer software was used to reconstruct the skull of the patient from two-dimensional CT scan images"" 以及 ""the bafﬂe planner module under the 'Slicer Heart' extension is used to design the customized cranial""",3D Slicer,Oral and Maxillofacial Surgery,Image segmentation and 3D reconstruction,computational,"【判定】: INCLUDE
【证据】: ""The 3D slicer software was used to reconstruct the skull of the patient from two-dimensional CT scan images"" 以及 ""the bafﬂe planner module under the 'Slicer Heart' extension is used to design the customized cranial""
【软件】: 3D Slicer
【专科】: Oral and Maxillofacial Surgery
【应用场景】: Image segmentation and 3D reconstruction
【研究设计】: computational"
effect of acidic saliva on monomer leaching and surface roughness of 3d printed and milled denture base materials,Effect of acidic saliva on monomer leaching and surface roughness of 3D-printed and milled denture-base materials,POLIMERY,journalArticle,JJ3KRVA4,,EXCLUDE,EXCLUDE,"证据片段中仅提及 CAD/CAM 技术、3D 打印、HPLC 和非接触式光学轮廓仪，未出现任何具名第三方非牙科三维软件（如 Mimics、3D Slicer、Geomagic、MATLAB 等），也无 ""we used / imported into / processed in"" 等表明本研究自身使用某具名非牙科3D软件的表述。",-,-,-,-,"【判定】: EXCLUDE
【证据】: 证据片段中仅提及 CAD/CAM 技术、3D 打印、HPLC 和非接触式光学轮廓仪，未出现任何具名第三方非牙科三维软件（如 Mimics、3D Slicer、Geomagic、MATLAB 等），也无 ""we used / imported into / processed in"" 等表明本研究自身使用某具名非牙科3D软件的表述。
【软件】: -
【专科】: -
【应用场景】: -
【研究设计】: -"
refined tooth and pulp segmentation using u net in cbct image,Refined tooth and pulp segmentation using U-Net in CBCT image,DENTOMAXILLOFACIAL RADIOLOGY,journalArticle,VJ3W9JV3,,EXCLUDE,EXCLUDE,"该研究仅提出并使用了自研的两阶段深度学习方案（RPN+FPN 与 U-Net 模型），证据片段中未出现任何具名第三方非牙科3D软件（如 Mimics、3D Slicer、ITK-SNAP、MATLAB 等）被本研究使用的表述（如 ""we used / imported into / processed in""）。",-,-,-,-,"【判定】: EXCLUDE
【证据】: 该研究仅提出并使用了自研的两阶段深度学习方案（RPN+FPN 与 U-Net 模型），证据片段中未出现任何具名第三方非牙科3D软件（如 Mimics、3D Slicer、ITK-SNAP、MATLAB 等）被本研究使用的表述（如 ""we used / imported into / processed in""）。
【软件】: -
【专科】: -
【应用场景】: -
【研究设计】: -"
comparison of the accuracy of bracket positioning between direct and digital indirect bonding techniques in the maxillary arch a three dimensional study,Comparison of the accuracy of bracket positioning between direct and digital indirect bonding techniques in the maxillary arch: a three-dimensional study,PROGRESS IN ORTHODONTICS,journalArticle,ZAEM42C7,,EXCLUDE,EXCLUDE,"该研究使用的软件为 OrthoAnalyzer™ (3Shape; Copenhagen, Denmark)，属于牙科专用软件（正畸/牙科CAD软件），不符合""具名的第三方非牙科三维软件""要求；文中未出现使用 Mimics、3D Slicer、Geomagic 等非牙科3D软件的表述。",-,-,-,-,"【判定】: EXCLUDE
【证据】: 该研究使用的软件为 OrthoAnalyzer™ (3Shape; Copenhagen, Denmark)，属于牙科专用软件（正畸/牙科CAD软件），不符合""具名的第三方非牙科三维软件""要求；文中未出现使用 Mimics、3D Slicer、Geomagic 等非牙科3D软件的表述。
【软件】: -
【专科】: -
【应用场景】: -
【研究设计】: -"
tongue model construction based on ultrasound images with image processing and deep learning method,Tongue model construction based on ultrasound images with image processing and deep learning method,JOURNAL OF MEDICAL ULTRASONICS,journalArticle,SSTCR6WQ,,EXCLUDE,EXCLUDE,"片段中仅提及 ""U-net [15] is employed as the CNN model""（自建/深度学习模型，非具名第三方3D软件），以及 ""a mandible model created using computer graphics""（未指明具名第三方软件）；未出现 ""we used / were analysed using / imported into / processed in"" 等表明本研究使用了具名第三方非牙科3D软件的表述。",-,-,-,-,"【判定】: EXCLUDE
【证据】: 片段中仅提及 ""U-net [15] is employed as the CNN model""（自建/深度学习模型，非具名第三方3D软件），以及 ""a mandible model created using computer graphics""（未指明具名第三方软件）；未出现 ""we used / were analysed using / imported into / processed in"" 等表明本研究使用了具名第三方非牙科3D软件的表述。
【软件】: -
【专科】: -
【应用场景】: -
【研究设计】: -"
iterative tomographic reconstruction with tv prior for low dose cbct dental imaging,Iterative tomographic reconstruction with TV prior for low-dose CBCT dental imaging,PHYSICS IN MEDICINE AND BIOLOGY,journalArticle,AXWQZGS4,,EXCLUDE,EXCLUDE,"证据片段仅包含致谢、ORCID 等非方法学内容，未出现任何表明本研究自身使用具名第三方非牙科3D软件的表述（如 ""we used / were analysed using / imported into / processed in""）。",-,-,-,-,"【判定】: EXCLUDE
【证据】: 证据片段仅包含致谢、ORCID 等非方法学内容，未出现任何表明本研究自身使用具名第三方非牙科3D软件的表述（如 ""we used / were analysed using / imported into / processed in""）。
【软件】: -
【专科】: -
【应用场景】: -
【研究设计】: -"
influence of contemporary cad cam milling systems on the fit and adaptation of partially stabilized zirconia fixed partial dentures,Influence of contemporary CAD-CAM milling systems on the fit and adaptation of partially stabilized Zirconia fixed partial dentures,PAKISTAN JOURNAL OF MEDICAL SCIENCES,journalArticle,QFTSW5DN,,EXCLUDE,EXCLUDE,"证据片段仅提及 CAD-CAM 铣削系统（LAVA™、Cerec®、GM1000、DWX-50N）及金相显微镜（Zeiss, Germany），未出现任何具名第三方非牙科三维软件（如 Mimics、3D Slicer、Geomagic、MATLAB 等）被本研究用于3D数据处理、分析、建模或测量的表述；缺失""本研究自身使用具名非牙科3D软件""的证据。",-,-,-,-,"【判定】: EXCLUDE
【证据】: 证据片段仅提及 CAD-CAM 铣削系统（LAVA™、Cerec®、GM1000、DWX-50N）及金相显微镜（Zeiss, Germany），未出现任何具名第三方非牙科三维软件（如 Mimics、3D Slicer、Geomagic、MATLAB 等）被本研究用于3D数据处理、分析、建模或测量的表述；缺失""本研究自身使用具名非牙科3D软件""的证据。
【软件】: -
【专科】: -
【应用场景】: -
【研究设计】: -"
effect of printing layer thickness on the trueness and margin quality of 3d printed interim dental crowns,Effect of Printing Layer Thickness on the Trueness and Margin Quality of 3D-Printed Interim Dental Crowns,APPLIED SCIENCES-BASEL,journalArticle,PGYSBHYW,,EXCLUDE,EXCLUDE,"片段中仅出现 ""The compare tool of the 3D analysis software was used to superimpose the test scans...""，未指明该 3D 分析软件的具名第三方软件名称（如 Geomagic、GOM Inspect、CloudCompare 等）；其余具名软件为牙科专用软件（Exocad Dental CAD）或打印机配套软件（MoonRay S100 Software），均不符合""具名第三方非牙科3D软件""要求。",-,-,-,-,"【判定】: EXCLUDE
【证据】: 片段中仅出现 ""The compare tool of the 3D analysis software was used to superimpose the test scans...""，未指明该 3D 分析软件的具名第三方软件名称（如 Geomagic、GOM Inspect、CloudCompare 等）；其余具名软件为牙科专用软件（Exocad Dental CAD）或打印机配套软件（MoonRay S100 Software），均不符合""具名第三方非牙科3D软件""要求。
【软件】: -
【专科】: -
【应用场景】: -
【研究设计】: -"
fit accuracy of removable partial denture frameworks fabricated with cad cam rapid prototyping and conventional techniques a systematic review,"Fit Accuracy of Removable Partial Denture Frameworks Fabricated with CAD/CAM, Rapid Prototyping, and Conventional Techniques: A Systematic Review",BIOMED RESEARCH INTERNATIONAL,journalArticle,AY5XXZWQ,,EXCLUDE,EXCLUDE,"该文献为系统综述（Systematic Review），方法学部分仅描述文献检索与纳入标准（""The present systematic review was carried out according to PRISMA guidelines. The search was carried out on PubMed/MEDLINE...""），未表明本研究自身使用任何具名第三方非牙科3D软件；且文献类型为综述，不符合纳入标准第3条。",-,-,-,-,"【判定】: EXCLUDE
【证据】: 该文献为系统综述（Systematic Review），方法学部分仅描述文献检索与纳入标准（""The present systematic review was carried out according to PRISMA guidelines. The search was carried out on PubMed/MEDLINE...""），未表明本研究自身使用任何具名第三方非牙科3D软件；且文献类型为综述，不符合纳入标准第3条。
【软件】: -
【专科】: -
【应用场景】: -
【研究设计】: -"
increased rate of pseudarthrosis in the anterior intersegmental gap after mandibular reconstruction with fibula free flaps a volumetric analysis,Increased rate of pseudarthrosis in the anterior intersegmental gap after mandibular reconstruction with fibula free flaps: a volumetric analysis,DENTOMAXILLOFACIAL RADIOLOGY,journalArticle,M6X88YQR,,EXCLUDE,INCLUDE,"DICOM files of CBCT scans were imported into the image processing software ImageJ (ImageJ for Java 8, version 1.53f, National Institute of Health, Bethesda, Maryland, USA). Volume and gap width analyses were performed exclusively for the anterior and posterior intersegmental gap between fibula and the native mandible",ImageJ,Oral and Maxillofacial Surgery,Image segmentation and 3D reconstruction,clinical,"【判定】: INCLUDE
【证据】: DICOM files of CBCT scans were imported into the image processing software ImageJ (ImageJ for Java 8, version 1.53f, National Institute of Health, Bethesda, Maryland, USA). Volume and gap width analyses were performed exclusively for the anterior and posterior intersegmental gap between fibula and the native mandible
【软件】: ImageJ
【专科】: Oral and Maxillofacial Surgery
【应用场景】: Image segmentation and 3D reconstruction
【研究设计】: clinical"
defects evolution during printing debinding and sintering for additive manufacturing of yttria stabilized zirconia,"Defects evolution during printing, debinding and sintering for additive manufacturing of yttria stabilized zirconia",MATERIALS CHARACTERIZATION,journalArticle,ES72J95F,,EXCLUDE,EXCLUDE,"该研究主题为氧化钇稳定氧化锆（YSZ）增材制造中的缺陷演化，属于材料科学/陶瓷增材制造领域，不属于口腔医学任一学科；虽证据片段中出现 SolidWorks（""The design files were modeled using SolidWorks""），但主题不符纳入标准第1条。",-,-,-,-,"【判定】: EXCLUDE
【证据】: 该研究主题为氧化钇稳定氧化锆（YSZ）增材制造中的缺陷演化，属于材料科学/陶瓷增材制造领域，不属于口腔医学任一学科；虽证据片段中出现 SolidWorks（""The design files were modeled using SolidWorks""），但主题不符纳入标准第1条。
【软件】: -
【专科】: -
【应用场景】: -
【研究设计】: -"
evaluation of differentiation of the umbilical cord blood derived mesenchymal stem cells into male germ line cells in two dimensional and three dimensional scaffolds containing naringin,Evaluation of differentiation of the umbilical cord blood-derived mesenchymal stem cells into male germ-line cells in two-dimensional and three-dimensional scaffolds containing naringin,IRANIAN JOURNAL OF BASIC MEDICAL SCIENCES,journalArticle,D578TBEP,,EXCLUDE,EXCLUDE,主题为脐带血间充质干细胞向雄性生殖细胞分化，属于干细胞/生殖生物学研究，不属于口腔医学任一学科；证据片段中出现的 ImageJ、OriginPro 等软件用于支架孔隙/纤维测量，但主题不符即已排除。,-,-,-,-,"【判定】: EXCLUDE
【证据】: 主题为脐带血间充质干细胞向雄性生殖细胞分化，属于干细胞/生殖生物学研究，不属于口腔医学任一学科；证据片段中出现的 ImageJ、OriginPro 等软件用于支架孔隙/纤维测量，但主题不符即已排除。
【软件】: -
【专科】: -
【应用场景】: -
【研究设计】: -"
principal component analysis of 3 dimensional facial soft tissue morphology in three adult populations,Principal component analysis of 3-dimensional facial soft-tissue morphology in three adult populations,SCIENTIFIC REPORTS,journalArticle,EI2TNAGK,,EXCLUDE,INCLUDE,"""Principal Component Analysis was conducted on the simplified data sets (63 variables per subject), to identify the most significant principal components using R software.""",R,Orthodontics,Morphological and phenotypic analysis,computational,"【判定】: INCLUDE
【证据】: ""Principal Component Analysis was conducted on the simplified data sets (63 variables per subject), to identify the most significant principal components using R software.""
【软件】: R
【专科】: Orthodontics
【应用场景】: Morphological and phenotypic analysis
【研究设计】: computational"
a comprehensive study on additive manufacturing techniques machine learning integration and internet of things driven sustainability opportunities,"A Comprehensive Study on Additive Manufacturing Techniques, Machine Learning Integration, and Internet of Things-Driven Sustainability Opportunities",JOURNAL OF MATERIALS ENGINEERING AND PERFORMANCE,journalArticle,QN62CWY4,,EXCLUDE,EXCLUDE,"证据片段中未出现任何表明本研究自身使用了具名第三方非牙科3D软件的表述（如 ""we used / were analysed using / imported into / processed in""）；片段仅为对AM技术、ML、FEA、CFD等的泛述与文献引用（如 ""FEA was used to predict...""、""Ref 13, 14""），无本研究具体软件使用证据。",-,-,-,-,"【判定】: EXCLUDE
【证据】: 证据片段中未出现任何表明本研究自身使用了具名第三方非牙科3D软件的表述（如 ""we used / were analysed using / imported into / processed in""）；片段仅为对AM技术、ML、FEA、CFD等的泛述与文献引用（如 ""FEA was used to predict...""、""Ref 13, 14""），无本研究具体软件使用证据。
【软件】: -
【专科】: -
【应用场景】: -
【研究设计】: -"
reproducibility and reliability of intraoral scanners for evaluating peri implant tissues and implant supported prostheses a cross sectional study,Reproducibility and Reliability of Intraoral Scanners for Evaluating Peri-Implant Tissues and Implant-Supported Prostheses: A Cross-Sectional Study,JOURNAL OF ESTHETIC AND RESTORATIVE DENTISTRY,journalArticle,L5YURVCU,,EXCLUDE,EXCLUDE,"方法学片段中仅出现统计软件 ""R, version 4.1.0""（""all analyses in this report were performed with the statistics software R""），未出现任何具名第三方非牙科三维（3D）软件用于3D数据处理、分析、建模或测量；文中提及的 ""software packages available in the market"" 属泛述，且 ""3D evaluation"" 仅为未来展望，均未表明本研究自身使用了此类软件。",-,-,-,-,"【判定】: EXCLUDE
【证据】: 方法学片段中仅出现统计软件 ""R, version 4.1.0""（""all analyses in this report were performed with the statistics software R""），未出现任何具名第三方非牙科三维（3D）软件用于3D数据处理、分析、建模或测量；文中提及的 ""software packages available in the market"" 属泛述，且 ""3D evaluation"" 仅为未来展望，均未表明本研究自身使用了此类软件。
【软件】: -
【专科】: -
【应用场景】: -
【研究设计】: -"
finite element analysis of the performance of additively manufactured scaffolds for scapholunate ligament reconstruction,Finite element analysis of the performance of additively manufactured scaffolds for scapholunate ligament reconstruction,PLOS ONE,journalArticle,WM585CHN,,EXCLUDE,EXCLUDE,"证据片段仅泛述 ""Through segmentation and image processing of medical image data... detailed 3D geometries... could be derived"" 及 ""finite element analysis (FEA)""，未出现任何具名第三方非牙科3D软件名（如 Mimics、3D Slicer、ANSYS、ABAQUS 等），也无 ""we used / imported into / processed in"" 等指明本研究使用某具名软件的表述。",-,-,-,-,"【判定】: EXCLUDE
【证据】: 证据片段仅泛述 ""Through segmentation and image processing of medical image data... detailed 3D geometries... could be derived"" 及 ""finite element analysis (FEA)""，未出现任何具名第三方非牙科3D软件名（如 Mimics、3D Slicer、ANSYS、ABAQUS 等），也无 ""we used / imported into / processed in"" 等指明本研究使用某具名软件的表述。
【软件】: -
【专科】: -
【应用场景】: -
【研究设计】: -"
in vitro evaluation of material dependent force damping behavior of implant supported restorations using different cad cam materials and luting conditions,In vitro evaluation of material dependent force damping behavior of implant-supported restorations using different CAD-CAM materials and luting conditions,JOURNAL OF PROSTHETIC DENTISTRY,journalArticle,8BZTZAFZ,,EXCLUDE,EXCLUDE,方法学片段中仅出现牙科专用软件（exocad DentalCAD、3Shape 扫描仪），未出现任何具名第三方非牙科3D软件（如 Mimics、3D Slicer、Geomagic、ANSYS 等）被本研究自身用于3D数据处理、分析、建模或测量的表述。,-,-,-,-,"【判定】: EXCLUDE
【证据】: 方法学片段中仅出现牙科专用软件（exocad DentalCAD、3Shape 扫描仪），未出现任何具名第三方非牙科3D软件（如 Mimics、3D Slicer、Geomagic、ANSYS 等）被本研究自身用于3D数据处理、分析、建模或测量的表述。
【软件】: -
【专科】: -
【应用场景】: -
【研究设计】: -"
impact of the veneering technique and framework material on the failure loads of all ceramic computer aided design computer aided manufacturing fixed partial dentures,Impact of the Veneering Technique and Framework Material on the Failure Loads of All-Ceramic Computer-Aided Design/Computer-Aided Manufacturing Fixed Partial Dentures,MATERIALS,journalArticle,A4ENMSWJ,,EXCLUDE,EXCLUDE,"证据片段中未出现任何表明本研究自身使用了具名第三方非牙科3D软件的表述；仅提及 CAD/CAM 制造工艺及牙科材料（IPS e.max），无 ""we used / were analysed using / imported into / processed in"" 等使用非牙科3D软件的原文。",-,-,-,-,"【判定】: EXCLUDE
【证据】: 证据片段中未出现任何表明本研究自身使用了具名第三方非牙科3D软件的表述；仅提及 CAD/CAM 制造工艺及牙科材料（IPS e.max），无 ""we used / were analysed using / imported into / processed in"" 等使用非牙科3D软件的原文。
【软件】: -
【专科】: -
【应用场景】: -
【研究设计】: -"
learning center and boundary aware instance representation for 3d tooth segmentation,Learning center-and boundary-aware instance representation for 3D tooth segmentation,COMPUTERS & GRAPHICS-UK,journalArticle,PX77W3FF,,EXCLUDE,EXCLUDE,"证据片段仅描述自研神经网络框架（""we introduce a novel segmentation framework that features a neural network...""），未出现任何具名第三方非牙科3D软件（如 Mimics、3D Slicer、MeshLab、Blender 等）被本研究使用的表述（如 ""we used / were analysed using / imported into / processed in""）。缺失：本研究自身使用具名第三方非牙科3D软件的证据。",-,-,-,-,"【判定】: EXCLUDE
【证据】: 证据片段仅描述自研神经网络框架（""we introduce a novel segmentation framework that features a neural network...""），未出现任何具名第三方非牙科3D软件（如 Mimics、3D Slicer、MeshLab、Blender 等）被本研究使用的表述（如 ""we used / were analysed using / imported into / processed in""）。缺失：本研究自身使用具名第三方非牙科3D软件的证据。
【软件】: -
【专科】: -
【应用场景】: -
【研究设计】: -"
metal framework reinforcement in implant overdenture fabricated with a digital workflow and the double milling technique a dental technique,Metal framework reinforcement in implant overdenture fabricated with a digital workflow and the double milling technique: A dental technique,JOURNAL OF PROSTHETIC DENTISTRY,journalArticle,3DSF7TP6,,EXCLUDE,EXCLUDE,"证据片段中仅出现牙科专用软件 ""3Shape Dental Designer; 3Shape A/S""，未出现任何具名第三方非牙科3D软件（如 Mimics、3D Slicer、Geomagic、Blender、MATLAB 等）被本研究自身使用的表述。",-,-,-,-,"【判定】: EXCLUDE
【证据】: 证据片段中仅出现牙科专用软件 ""3Shape Dental Designer; 3Shape A/S""，未出现任何具名第三方非牙科3D软件（如 Mimics、3D Slicer、Geomagic、Blender、MATLAB 等）被本研究自身使用的表述。
【软件】: -
【专科】: -
【应用场景】: -
【研究设计】: -"
development of photoreactive demineralized bone matrix 3d printing colloidal inks for bone tissue engineering,Development of photoreactive demineralized bone matrix 3D printing colloidal inks for bone tissue engineering,REGENERATIVE BIOMATERIALS,journalArticle,EXGJ4ZB3,,EXCLUDE,EXCLUDE,"片段中仅出现 ""ImageJ (version 1.53f) was used to quantify the dried diameters of GNPs...""，ImageJ 为二维图像分析软件，非三维（3D）软件，且未用于3D数据处理、分析、建模或测量；其余软件名（BioRender）仅出现在致谢中，非本研究方法学使用。",-,-,-,-,"【判定】: EXCLUDE
【证据】: 片段中仅出现 ""ImageJ (version 1.53f) was used to quantify the dried diameters of GNPs...""，ImageJ 为二维图像分析软件，非三维（3D）软件，且未用于3D数据处理、分析、建模或测量；其余软件名（BioRender）仅出现在致谢中，非本研究方法学使用。
【软件】: -
【专科】: -
【应用场景】: -
【研究设计】: -"
increased stress concentration in prosthesis adhesive cement and periodontal tissue with zirconia rbfdps by the reduced alveolar bone height,"Increased Stress Concentration in Prosthesis, Adhesive Cement, and Periodontal Tissue with Zirconia RBFDPs by the Reduced Alveolar Bone Height",JOURNAL OF PROSTHODONTICS-IMPLANT ESTHETIC AND RECONSTRUCTIVE DENTISTRY,journalArticle,DEQZTLEK,,EXCLUDE,EXCLUDE,"证据片段中未出现任何具名第三方非牙科3D软件（如 Mimics、3D Slicer、ANSYS、ABAQUS 等）被本研究使用的表述；片段仅提及 ""finite element analysis (FEA)""、""conjugate gradient (CG) method algorithm"" 等通用方法，以及 3D 打印机（objet500 Connex, Stratasys）和 micro-CT 扫描设备，均非用于3D数据处理/分析/建模/测量的具名第三方非牙科3D软件。",-,-,-,-,"【判定】: EXCLUDE
【证据】: 证据片段中未出现任何具名第三方非牙科3D软件（如 Mimics、3D Slicer、ANSYS、ABAQUS 等）被本研究使用的表述；片段仅提及 ""finite element analysis (FEA)""、""conjugate gradient (CG) method algorithm"" 等通用方法，以及 3D 打印机（objet500 Connex, Stratasys）和 micro-CT 扫描设备，均非用于3D数据处理/分析/建模/测量的具名第三方非牙科3D软件。
【软件】: -
【专科】: -
【应用场景】: -
【研究设计】: -"
few sampling meshes based 3d tooth segmentation via region aware graph convolutional network,Few sampling meshes-based 3D tooth segmentation via region-aware graph convolutional network,EXPERT SYSTEMS WITH APPLICATIONS,journalArticle,R74WTZGY,,EXCLUDE,EXCLUDE,"证据片段仅显示该研究提出了自研的 Region-Aware Graph Convolutional Network (RAGCNet)，并使用改进的 Farthest Point Sampling (FPS) 算法和 K-Nearest Neighbor (KNN) 方法，未出现任何具名第三方非牙科3D软件（如 Mimics、3D Slicer、MeshLab、Geomagic 等）被""we used / imported into / processed in""等表述表明本研究自身使用的证据。",-,-,-,-,"【判定】: EXCLUDE
【证据】: 证据片段仅显示该研究提出了自研的 Region-Aware Graph Convolutional Network (RAGCNet)，并使用改进的 Farthest Point Sampling (FPS) 算法和 K-Nearest Neighbor (KNN) 方法，未出现任何具名第三方非牙科3D软件（如 Mimics、3D Slicer、MeshLab、Geomagic 等）被""we used / imported into / processed in""等表述表明本研究自身使用的证据。
【软件】: -
【专科】: -
【应用场景】: -
【研究设计】: -"
development of ann model for predicting mechanical properties of 3d printed peek polymer using fdm and optimization of process parameters for better mechanical properties,Development of ANN model for predicting mechanical properties of 3D printed PEEK polymer using FDM and optimization of process parameters for better mechanical properties,PHYSICA SCRIPTA,journalArticle,WRZG7CHI,,EXCLUDE,EXCLUDE,"该研究使用 Fusion 360 创建 CAD 模型、使用 MATLAB 训练神经网络，但主题为 PEEK 3D 打印工艺参数优化（FDM 打印力学性能），并非口腔医学任一学科的研究；摘要中提及 ""implant prosthetic teeth"" 仅为应用背景泛述，研究本身未涉及口腔医学对象或临床/牙科相关测量。",-,-,-,-,"【判定】: EXCLUDE
【证据】: 该研究使用 Fusion 360 创建 CAD 模型、使用 MATLAB 训练神经网络，但主题为 PEEK 3D 打印工艺参数优化（FDM 打印力学性能），并非口腔医学任一学科的研究；摘要中提及 ""implant prosthetic teeth"" 仅为应用背景泛述，研究本身未涉及口腔医学对象或临床/牙科相关测量。
【软件】: -
【专科】: -
【应用场景】: -
【研究设计】: -"
effectiveness of a 3d simulation tool to teach the designing of metal removable partial dentures a mixed method study,Effectiveness of a 3D simulation tool to teach the designing of metal removable partial dentures: A mixed-method study,EUROPEAN JOURNAL OF DENTAL EDUCATION,journalArticle,XI5WDDJD,,EXCLUDE,EXCLUDE,"证据片段中仅出现 ""example of the 3D mRPD software""（该软件为作者自研的教学工具，非具名第三方非牙科3D软件）；其余具名软件为 Qualtrics（在线问卷）、Teams（视频会议）、GraphPad Prism（统计分析），均非用于3D数据处理/分析/建模/测量的非牙科3D软件。缺失证据：本研究自身使用具名第三方非牙科3D软件（如 Mimics、3D Slicer、Geomagic 等）处理3D数据的表述。",-,-,-,-,"【判定】: EXCLUDE
【证据】: 证据片段中仅出现 ""example of the 3D mRPD software""（该软件为作者自研的教学工具，非具名第三方非牙科3D软件）；其余具名软件为 Qualtrics（在线问卷）、Teams（视频会议）、GraphPad Prism（统计分析），均非用于3D数据处理/分析/建模/测量的非牙科3D软件。缺失证据：本研究自身使用具名第三方非牙科3D软件（如 Mimics、3D Slicer、Geomagic 等）处理3D数据的表述。
【软件】: -
【专科】: -
【应用场景】: -
【研究设计】: -"
enabling complex fibre geometries using 3d printed axon mimetic phantoms,Enabling Complex Fibre Geometries Using 3D Printed Axon-Mimetic Phantoms,FRONTIERS IN NEUROSCIENCE,journalArticle,5QNKAX9U,,EXCLUDE,EXCLUDE,主题为扩散磁共振成像（dMRI）的轴突模拟体模，属于神经影像/神经科学领域，不属于口腔医学任一学科；且所用软件 Ultimaker Cura 为3D打印切片软件，非用于3D数据处理/分析/建模/测量的第三方非牙科3D软件。,-,-,-,-,"【判定】: EXCLUDE
【证据】: 主题为扩散磁共振成像（dMRI）的轴突模拟体模，属于神经影像/神经科学领域，不属于口腔医学任一学科；且所用软件 Ultimaker Cura 为3D打印切片软件，非用于3D数据处理/分析/建模/测量的第三方非牙科3D软件。
【软件】: -
【专科】: -
【应用场景】: -
【研究设计】: -"
sailfish optimization with deep learning based oral cancer classification model,Sailfish Optimization with Deep Learning Based Oral Cancer Classification Model,COMPUTER SYSTEMS SCIENCE AND ENGINEERING,journalArticle,VX3SHB2K,,EXCLUDE,EXCLUDE,"证据片段仅涉及自研 CAD 模型（VGGNet-16、ResNet、ELM、SFO 算法），未出现任何具名第三方非牙科三维软件的使用表述（如 ""we used / imported into / processed in"" 等）；片段中出现的软件名仅见于参考文献列表。",-,-,-,-,"【判定】: EXCLUDE
【证据】: 证据片段仅涉及自研 CAD 模型（VGGNet-16、ResNet、ELM、SFO 算法），未出现任何具名第三方非牙科三维软件的使用表述（如 ""we used / imported into / processed in"" 等）；片段中出现的软件名仅见于参考文献列表。
【软件】: -
【专科】: -
【应用场景】: -
【研究设计】: -"
an in vitro study using confocal laser scanning microscopy to evaluate the marginal misfits of different implant supported frameworks,An in vitro study using confocal laser scanning microscopy to evaluate the marginal misfits of different implant-supported frameworks,JOURNAL OF PROSTHODONTICS-IMPLANT ESTHETIC AND RECONSTRUCTIVE DENTISTRY,journalArticle,P8ASA5T4,,EXCLUDE,EXCLUDE,"方法学片段中仅提及 ""confocal laser scanning microscopy""（共聚焦激光扫描显微镜，属测量仪器而非三维软件）及泛述 ""CAD-CAM""、""CAD software""，未出现任何具名第三方非牙科3D软件（如 Mimics、Geomagic、MATLAB 等），也无 ""we used / imported into / processed in"" 等表明本研究自身使用某具名3D软件的表述。",-,-,-,-,"【判定】: EXCLUDE
【证据】: 方法学片段中仅提及 ""confocal laser scanning microscopy""（共聚焦激光扫描显微镜，属测量仪器而非三维软件）及泛述 ""CAD-CAM""、""CAD software""，未出现任何具名第三方非牙科3D软件（如 Mimics、Geomagic、MATLAB 等），也无 ""we used / imported into / processed in"" 等表明本研究自身使用某具名3D软件的表述。
【软件】: -
【专科】: -
【应用场景】: -
【研究设计】: -"
teeth mold point cloud completion via data augmentation and hybrid rl gan,Teeth Mold Point Cloud Completion Via Data Augmentation and Hybrid RL-GAN,JOURNAL OF COMPUTING AND INFORMATION SCIENCE IN ENGINEERING,journalArticle,DJ3W6TQG,,EXCLUDE,EXCLUDE,"证据片段中仅描述了自研框架（two-step data augmentation、hybrid RL-GAN、deep autoencoder）及与 PCN、CRN、VRC-Net 等基准方法的比较，未出现任何具名第三方非牙科3D软件（如 Mimics、3D Slicer、Geomagic、MATLAB 等）被本研究使用的表述（如 ""we used / imported into / processed in""）。",-,-,-,-,"【判定】: EXCLUDE
【证据】: 证据片段中仅描述了自研框架（two-step data augmentation、hybrid RL-GAN、deep autoencoder）及与 PCN、CRN、VRC-Net 等基准方法的比较，未出现任何具名第三方非牙科3D软件（如 Mimics、3D Slicer、Geomagic、MATLAB 等）被本研究使用的表述（如 ""we used / imported into / processed in""）。
【软件】: -
【专科】: -
【应用场景】: -
【研究设计】: -"
3d intraoral scan and diagnostic plaster model under general data protection regulation legal protection,3D intraoral scan and diagnostic plaster model under General Data Protection Regulation-Legal protection,JOURNAL OF FORENSIC AND LEGAL MEDICINE,journalArticle,R8FSQM6B,,EXCLUDE,EXCLUDE,"片段中仅泛述 ""using various types of software""、""with the use of appropriate viewing software""，未出现任何具名第三方非牙科3D软件名，也无 ""we used / were analysed using / imported into / processed in"" 等表明本研究自身使用某具名软件的表述；该文为法律分析类文章，未在材料与方法中使用具名3D软件。",-,-,-,-,"【判定】: EXCLUDE
【证据】: 片段中仅泛述 ""using various types of software""、""with the use of appropriate viewing software""，未出现任何具名第三方非牙科3D软件名，也无 ""we used / were analysed using / imported into / processed in"" 等表明本研究自身使用某具名软件的表述；该文为法律分析类文章，未在材料与方法中使用具名3D软件。
【软件】: -
【专科】: -
【应用场景】: -
【研究设计】: -"
comprehensive deciphering the complexity of the deep bite insight from animal model to human subjects,Comprehensive Deciphering the Complexity of the Deep Bite: Insight from Animal Model to Human Subjects,JOURNAL OF PERSONALIZED MEDICINE,journalArticle,PCEP6D42,,EXCLUDE,EXCLUDE,"摘要为综述性内容（""we discuss the current clinical treatment strategies... summarize the already published findings... propose a comprehensive roadmap""），方法学片段仅泛述 ""technological developments like 3D printing and computer-aided design and manufacture (CAD/CAM)""，未出现任何具名第三方非牙科3D软件，也无 ""we used / imported into / processed in"" 等表明本研究自身使用某软件进行3D数据处理、分析、建模或测量的表述。",-,-,-,-,"【判定】: EXCLUDE
【证据】: 摘要为综述性内容（""we discuss the current clinical treatment strategies... summarize the already published findings... propose a comprehensive roadmap""），方法学片段仅泛述 ""technological developments like 3D printing and computer-aided design and manufacture (CAD/CAM)""，未出现任何具名第三方非牙科3D软件，也无 ""we used / imported into / processed in"" 等表明本研究自身使用某软件进行3D数据处理、分析、建模或测量的表述。
【软件】: -
【专科】: -
【应用场景】: -
【研究设计】: -"
mesh based segmentation for automated margin line generation on incisors receiving crown treatment,Mesh-based segmentation for automated margin line generation on incisors receiving crown treatment,MATHEMATICS AND COMPUTERS IN SIMULATION,journalArticle,ERXN9CSV,,EXCLUDE,EXCLUDE,"证据片段中仅提及 ""commercial dental design software"" 及自研的 ""mesh-based neural network""、""deep learning segmentation model""，未出现任何具名第三方非牙科3D软件（如 Mimics、3D Slicer、MATLAB、Blender 等）被本研究自身使用的表述（如 ""we used / imported into / processed in""）。",-,-,-,-,"【判定】: EXCLUDE
【证据】: 证据片段中仅提及 ""commercial dental design software"" 及自研的 ""mesh-based neural network""、""deep learning segmentation model""，未出现任何具名第三方非牙科3D软件（如 Mimics、3D Slicer、MATLAB、Blender 等）被本研究自身使用的表述（如 ""we used / imported into / processed in""）。
【软件】: -
【专科】: -
【应用场景】: -
【研究设计】: -"
enhancement of cone beam computed tomography dental maxillofacial images by sampling kantorovich algorithm,Enhancement of Cone-Beam Computed Tomography Dental-Maxillofacial Images by Sampling Kantorovich Algorithm,SYMMETRY-BASEL,journalArticle,F9GVJVYF,,EXCLUDE,EXCLUDE,"片段中仅提及 ""the 3D model constructed by CBCT images reconstructed by the SK algorithm"" 及未来可能进行的 ""registration procedure for 3D images""，未出现任何具名第三方非牙科3D软件（如 Mimics、3D Slicer、MATLAB 等）被本研究使用的表述（如 we used / were analysed using / imported into / processed in）；其余片段为作者贡献声明与参考文献列表。",-,-,-,-,"【判定】: EXCLUDE
【证据】: 片段中仅提及 ""the 3D model constructed by CBCT images reconstructed by the SK algorithm"" 及未来可能进行的 ""registration procedure for 3D images""，未出现任何具名第三方非牙科3D软件（如 Mimics、3D Slicer、MATLAB 等）被本研究使用的表述（如 we used / were analysed using / imported into / processed in）；其余片段为作者贡献声明与参考文献列表。
【软件】: -
【专科】: -
【应用场景】: -
【研究设计】: -"
preoperative planning framework for robot assisted dental implant surgery finite parameter surrogate model and optimization of instrument placement,Preoperative Planning Framework for Robot-Assisted Dental Implant Surgery: Finite-Parameter Surrogate Model and Optimization of Instrument Placement,BIOENGINEERING-BASEL,journalArticle,7RG5Y6L8,,EXCLUDE,EXCLUDE,"证据片段中未出现任何表明本研究自身使用了具名第三方非牙科3D软件的表述（如 ""we used / were analysed using / imported into / processed in""）。片段中提及的 CAD 模型、iMTECH 软件等均出现在文献综述/他文引用语境（如 ""Their method""、""Preda et al. developed""），并非本研究自身使用；本研究方法基于自研的有限参数代理模型（FPSM）与粒子群优化（PSO），未使用具名第三方3D软件。",-,-,-,-,"【判定】: EXCLUDE
【证据】: 证据片段中未出现任何表明本研究自身使用了具名第三方非牙科3D软件的表述（如 ""we used / were analysed using / imported into / processed in""）。片段中提及的 CAD 模型、iMTECH 软件等均出现在文献综述/他文引用语境（如 ""Their method""、""Preda et al. developed""），并非本研究自身使用；本研究方法基于自研的有限参数代理模型（FPSM）与粒子群优化（PSO），未使用具名第三方3D软件。
【软件】: -
【专科】: -
【应用场景】: -
【研究设计】: -"
accuracy assessment of removable partial denture frameworks fabricated by selective laser melting using two different workflows a cross over clinical study,Accuracy assessment of removable partial denture frameworks fabricated by selective laser melting using two different workflows: A cross-over clinical study,BMC ORAL HEALTH,journalArticle,VEYNSW2C,,EXCLUDE,EXCLUDE,"证据片段中仅出现 ""Both groups used 3Shape software for digital design of the RPD framework""，3Shape 属于牙科专用软件（CAD/CAM 牙科设计软件），不符合""非牙科三维软件""要求；片段中未出现任何具名第三方非牙科3D软件（如 Mimics、Geomagic、CloudCompare 等）被本研究自身使用的表述。",-,-,-,-,"【判定】: EXCLUDE
【证据】: 证据片段中仅出现 ""Both groups used 3Shape software for digital design of the RPD framework""，3Shape 属于牙科专用软件（CAD/CAM 牙科设计软件），不符合""非牙科三维软件""要求；片段中未出现任何具名第三方非牙科3D软件（如 Mimics、Geomagic、CloudCompare 等）被本研究自身使用的表述。
【软件】: -
【专科】: -
【应用场景】: -
【研究设计】: -"
evaluation of osteogenic potential for rat adipose derived stem cells under xeno free environment,Evaluation of Osteogenic Potential for Rat Adipose-Derived Stem Cells under Xeno-Free Environment,INTERNATIONAL JOURNAL OF MOLECULAR SCIENCES,journalArticle,FB2S72TH,,EXCLUDE,EXCLUDE,"片段中出现的具名软件为 Image J（图像分析）、FlowJo X（流式分析）、CTAN（Bruker 随 μCT 附带的骨分析软件）、SPSS（统计），均非用于3D数据处理/建模/测量的第三方非牙科3D软件；CTAN 为厂商随扫描仪捆绑的专用分析软件，且未体现""3D数据处理、分析、建模或测量""的通用3D软件用途。缺失证据：本研究自身使用具名第三方非牙科3D软件（如 Mimics、3D Slicer、Geomagic、MATLAB 等）进行3D数据处理/分析/建模/测量的原文表述。",-,-,-,-,"【判定】: EXCLUDE
【证据】: 片段中出现的具名软件为 Image J（图像分析）、FlowJo X（流式分析）、CTAN（Bruker 随 μCT 附带的骨分析软件）、SPSS（统计），均非用于3D数据处理/建模/测量的第三方非牙科3D软件；CTAN 为厂商随扫描仪捆绑的专用分析软件，且未体现""3D数据处理、分析、建模或测量""的通用3D软件用途。缺失证据：本研究自身使用具名第三方非牙科3D软件（如 Mimics、3D Slicer、Geomagic、MATLAB 等）进行3D数据处理/分析/建模/测量的原文表述。
【软件】: -
【专科】: -
【应用场景】: -
【研究设计】: -"
explainable deep learning for age and gender estimation in dental cbct scans using attention mechanisms and multi task learning,Explainable deep learning for age and gender estimation in dental CBCT scans using attention mechanisms and multi task learning,SCIENTIFIC REPORTS,journalArticle,GUNSSW5U,,EXCLUDE,EXCLUDE,"证据片段中未出现任何表明本研究自身使用了具名第三方非牙科3D软件的表述；片段内容均为对他人研究（Vila-Blanco et al.、da Silva et al.、Hou et al. 等）的引用与文献列表，且本研究为自建多任务深度学习模型（CBAM、Grad-CAM），无 ""we used / were analysed using / imported into / processed in"" 等自用软件证据。",-,-,-,-,"【判定】: EXCLUDE
【证据】: 证据片段中未出现任何表明本研究自身使用了具名第三方非牙科3D软件的表述；片段内容均为对他人研究（Vila-Blanco et al.、da Silva et al.、Hou et al. 等）的引用与文献列表，且本研究为自建多任务深度学习模型（CBAM、Grad-CAM），无 ""we used / were analysed using / imported into / processed in"" 等自用软件证据。
【软件】: -
【专科】: -
【应用场景】: -
【研究设计】: -"
computerized generation of endodontic files by reproducing the flute grinding manufacturing process,Computerized Generation of Endodontic Files by Reproducing the Flute Grinding Manufacturing Process,BIOENGINEERING-BASEL,journalArticle,2B8FAF4H,,EXCLUDE,EXCLUDE,"证据片段中未出现任何具名第三方非牙科3D软件（如 Mimics、3D Slicer、SolidWorks、MATLAB 等）被本研究自身使用的表述；文中仅泛述 ""3D CAD or complex scanning methods must be used"" 及引用他人方法（Roda-Casanova [20] developed an automated procedure），未表明本研究使用了某一具名第三方软件。",-,-,-,-,"【判定】: EXCLUDE
【证据】: 证据片段中未出现任何具名第三方非牙科3D软件（如 Mimics、3D Slicer、SolidWorks、MATLAB 等）被本研究自身使用的表述；文中仅泛述 ""3D CAD or complex scanning methods must be used"" 及引用他人方法（Roda-Casanova [20] developed an automated procedure），未表明本研究使用了某一具名第三方软件。
【软件】: -
【专科】: -
【应用场景】: -
【研究设计】: -"
deep learning for detection and 3d segmentation of maxillofacial bone lesions in cone beam ct,Deep learning for detection and 3D segmentation of maxillofacial bone lesions in cone beam CT,EUROPEAN RADIOLOGY,journalArticle,6QR3JDFT,,EXCLUDE,EXCLUDE,"证据片段中仅描述该研究开发了自研的 Mask-RCNN 深度学习算法（""A Mask-RCNN algorithm segmented the bone lesions in each axial slice""），未出现任何具名第三方非牙科3D软件（如 Mimics、3D Slicer、MATLAB 等）被本研究使用的表述（如 ""we used / were analysed using / imported into / processed in""）。",-,-,-,-,"【判定】: EXCLUDE
【证据】: 证据片段中仅描述该研究开发了自研的 Mask-RCNN 深度学习算法（""A Mask-RCNN algorithm segmented the bone lesions in each axial slice""），未出现任何具名第三方非牙科3D软件（如 Mimics、3D Slicer、MATLAB 等）被本研究使用的表述（如 ""we used / were analysed using / imported into / processed in""）。
【软件】: -
【专科】: -
【应用场景】: -
【研究设计】: -"
digital removable denture workflows in dental education a systematic review and curriculum development exploration,Digital Removable Denture Workflows in Dental Education: A Systematic Review and Curriculum Development Exploration,EUROPEAN JOURNAL OF DENTAL EDUCATION,journalArticle,QPRKN26Y,,EXCLUDE,EXCLUDE,"该文献为系统综述（题名及摘要明确为 ""A Systematic Review""），类型不符纳入标准第3条；且证据片段中出现的 3Shape Dental System、AvaDent 均为牙科专用软件，且系引用他人研究（Porcherot et al.、Kattadiyil et al.、Srinivasan et al.），并非本研究自身使用具名第三方非牙科3D软件。",-,-,-,-,"【判定】: EXCLUDE
【证据】: 该文献为系统综述（题名及摘要明确为 ""A Systematic Review""），类型不符纳入标准第3条；且证据片段中出现的 3Shape Dental System、AvaDent 均为牙科专用软件，且系引用他人研究（Porcherot et al.、Kattadiyil et al.、Srinivasan et al.），并非本研究自身使用具名第三方非牙科3D软件。
【软件】: -
【专科】: -
【应用场景】: -
【研究设计】: -"
automatic placement of simulated dental implants within cbct images in optimum positions a deep learning model,Automatic placement of simulated dental implants within CBCT images in optimum positions: a deep learning model,MEDICAL & BIOLOGICAL ENGINEERING & COMPUTING,journalArticle,5ULQ4TSV,,EXCLUDE,EXCLUDE,"证据片段中未出现任何表明本研究自身使用了具名第三方非牙科3D软件的表述；片段仅描述""the dentist will use a software program""（泛指，未具名），其余软件名（如 Neuro-T）均出现在对他人研究（Park et al. [24]）的引用中，非本研究使用。本研究为自建深度学习模型（YOLOv11 框架），未使用具名第三方3D软件。",-,-,-,-,"【判定】: EXCLUDE
【证据】: 证据片段中未出现任何表明本研究自身使用了具名第三方非牙科3D软件的表述；片段仅描述""the dentist will use a software program""（泛指，未具名），其余软件名（如 Neuro-T）均出现在对他人研究（Park et al. [24]）的引用中，非本研究使用。本研究为自建深度学习模型（YOLOv11 框架），未使用具名第三方3D软件。
【软件】: -
【专科】: -
【应用场景】: -
【研究设计】: -"
optimizing the esthetic outcome by using screw retained implant abutment crowns a 3 year clinical follow up,Optimizing the esthetic outcome by using screw-retained implant abutment crowns: A 3-year clinical follow-up,JOURNAL OF PROSTHETIC DENTISTRY,journalArticle,WDXU8KLT,,EXCLUDE,EXCLUDE,"片段中仅提及 ""computer-aided design and computer-aided manufacturing (CAD-CAM)"" 及 ""digital workflow""、""virtual planning""、""3D-printed surgical guide""，但未出现任何具名第三方非牙科3D软件名（如 Mimics、3D Slicer、Geomagic 等），也无 ""we used / imported into / processed in"" 等表明本研究使用某具名软件的表述。",-,-,-,-,"【判定】: EXCLUDE
【证据】: 片段中仅提及 ""computer-aided design and computer-aided manufacturing (CAD-CAM)"" 及 ""digital workflow""、""virtual planning""、""3D-printed surgical guide""，但未出现任何具名第三方非牙科3D软件名（如 Mimics、3D Slicer、Geomagic 等），也无 ""we used / imported into / processed in"" 等表明本研究使用某具名软件的表述。
【软件】: -
【专科】: -
【应用场景】: -
【研究设计】: -"
b onic platform a single center clinical evaluation of an integrated fablab workflow for patient specific surgical planning and xr based validation,B-onic Platform: A Single-Center Clinical Evaluation of an Integrated FabLab Workflow for Patient-Specific Surgical Planning and XR-Based Validation,JOURNAL OF CLINICAL MEDICINE,journalArticle,2TEAV3QA,,EXCLUDE,EXCLUDE,"证据片段中 Brainlab 仅出现在 ""Commercial navigation systems such as Brainlab and Medtronic StealthStation are widely used in neurosurgery and orthopedics [35,36]"" 这一泛述/他文引用语境中，未表明本研究自身使用该软件；本研究实际使用的是自研平台 B-onic Platform 及其 NavigatorPro XR 模块，未提及使用任何具名第三方非牙科3D软件。",-,-,-,-,"【判定】: EXCLUDE
【证据】: 证据片段中 Brainlab 仅出现在 ""Commercial navigation systems such as Brainlab and Medtronic StealthStation are widely used in neurosurgery and orthopedics [35,36]"" 这一泛述/他文引用语境中，未表明本研究自身使用该软件；本研究实际使用的是自研平台 B-onic Platform 及其 NavigatorPro XR 模块，未提及使用任何具名第三方非牙科3D软件。
【软件】: -
【专科】: -
【应用场景】: -
【研究设计】: -"
five years of radiographic evaluation for the peri implant bone changes of all on four implant prostheses constructed from different framework materials using different digital construction techniques,Five years of radiographic evaluation for the peri-implant bone changes of all-on-four implant prostheses constructed from different framework materials using different digital construction techniques,BMC ORAL HEALTH,journalArticle,CR88F8X6,,EXCLUDE,EXCLUDE,"证据片段中仅出现 CAD/CAM、CAD-CAM machine、CAD data 等泛称，未出现任何具名的第三方非牙科三维软件（如 Mimics、3D Slicer、Geomagic、MATLAB 等）；文中提及的 BreCAM. BioHPP、Ceramill Sintron、VULCAN TECH 等均为材料/制造设备，非三维分析软件，且无 ""we used / imported into / processed in"" 等表明本研究使用具名第三方3D软件的表述。",-,-,-,-,"【判定】: EXCLUDE
【证据】: 证据片段中仅出现 CAD/CAM、CAD-CAM machine、CAD data 等泛称，未出现任何具名的第三方非牙科三维软件（如 Mimics、3D Slicer、Geomagic、MATLAB 等）；文中提及的 BreCAM. BioHPP、Ceramill Sintron、VULCAN TECH 等均为材料/制造设备，非三维分析软件，且无 ""we used / imported into / processed in"" 等表明本研究使用具名第三方3D软件的表述。
【软件】: -
【专科】: -
【应用场景】: -
【研究设计】: -"
cronodent i 3d interactive manual for self learning of the dental chronology of equines,"Cronodent I, 3D interactive manual for self-learning of the dental chronology of equines",FRONTIERS IN VETERINARY SCIENCE,journalArticle,BZ9TQX42,,EXCLUDE,EXCLUDE,"片段中出现的软件为 ""Artec Studio r13""，用于3D扫描数据处理（""Data acquisition and processing were performed using Artec Studio r13 software""）。但 Artec Studio 是 Artec 3D 扫描仪的配套专用软件，其原始开发领域即为三维扫描/牙科/生物医学扫描采集，不属于纳入标准所要求的""原始开发领域不在牙科""的通用第三方非牙科3D软件（如 Mimics、3D Slicer、Geomagic 等）。此外，该研究主题为马（equine）牙齿年代学教学，属于兽医教育，而非口腔医学（人类口腔医学）任一学科，主题不符。",-,-,-,-,"【判定】: EXCLUDE
【证据】: 片段中出现的软件为 ""Artec Studio r13""，用于3D扫描数据处理（""Data acquisition and processing were performed using Artec Studio r13 software""）。但 Artec Studio 是 Artec 3D 扫描仪的配套专用软件，其原始开发领域即为三维扫描/牙科/生物医学扫描采集，不属于纳入标准所要求的""原始开发领域不在牙科""的通用第三方非牙科3D软件（如 Mimics、3D Slicer、Geomagic 等）。此外，该研究主题为马（equine）牙齿年代学教学，属于兽医教育，而非口腔医学（人类口腔医学）任一学科，主题不符。
【软件】: -
【专科】: -
【应用场景】: -
【研究设计】: -"
revealing the representative facial traits of different sagittal skeletal types decipher what artificial intelligence can see by grad cam,Revealing the representative facial traits of different sagittal skeletal types: decipher what artificial intelligence can see by Grad-CAM,JOURNAL OF DENTISTRY,journalArticle,7WKYIP2L,,EXCLUDE,EXCLUDE,"证据片段中未出现任何具名第三方非牙科3D软件（如 Mimics、3D Slicer、Geomagic 等）被本研究自身使用的表述；片段仅提及 ""finite element method (FEM)""、""PointNet++ architecture""、""CNN""、""Grad-CAM"" 等泛述或自建模型，且 ""3D facial stereophotogrammetry"" 为技术泛述而非具名软件，无 ""we used / imported into / processed in"" 等表明本研究使用某具名第三方3D软件的原文。",-,-,-,-,"【判定】: EXCLUDE
【证据】: 证据片段中未出现任何具名第三方非牙科3D软件（如 Mimics、3D Slicer、Geomagic 等）被本研究自身使用的表述；片段仅提及 ""finite element method (FEM)""、""PointNet++ architecture""、""CNN""、""Grad-CAM"" 等泛述或自建模型，且 ""3D facial stereophotogrammetry"" 为技术泛述而非具名软件，无 ""we used / imported into / processed in"" 等表明本研究使用某具名第三方3D软件的原文。
【软件】: -
【专科】: -
【应用场景】: -
【研究设计】: -"
research on advances in production of human dentition and dental bridges using additive manufacturing metal 3d printing,Research on Advances in Production of Human Dentition and Dental Bridges Using Additive Manufacturing (Metal 3D Printing),2024 E-Health and Bioengineering Conference (EHB),conferencePaper,FEBJG2N6,,EXCLUDE,EXCLUDE,"片段中仅出现 ""teeth and bridges were digitally designed using software like 3Shape and Exocad""，且 3Shape、Exocad 均为牙科专用软件；未出现任何本研究自身使用具名第三方非牙科3D软件的表述（如 we used / imported into / processed in 等）。",-,-,-,-,"【判定】: EXCLUDE
【证据】: 片段中仅出现 ""teeth and bridges were digitally designed using software like 3Shape and Exocad""，且 3Shape、Exocad 均为牙科专用软件；未出现任何本研究自身使用具名第三方非牙科3D软件的表述（如 we used / imported into / processed in 等）。
【软件】: -
【专科】: -
【应用场景】: -
【研究设计】: -"
toward semantically consistent deformable 2d 3d registration for 3d craniofacial structure estimation from a single view lateral cephalometric radiograph,Toward Semantically-Consistent Deformable 2D-3D Registration for 3D Craniofacial Structure Estimation From a Single-View Lateral Cephalometric Radiograph,IEEE Transactions on Medical Imaging,journalArticle,Y6J5I5QF,,EXCLUDE,EXCLUDE,"证据片段仅显示该研究提出自研深度学习框架（""our framework employs a self-supervised scheme to learn a voxel-level refiner""），并公开自研源代码（""The source code is available at https://github.com/Jyk-122/SC-DREG""），未出现任何具名第三方非牙科3D软件（如 Mimics、3D Slicer、MATLAB 等）被本研究使用的表述（如 ""we used / were analysed using / imported into / processed in""）。",-,-,-,-,"【判定】: EXCLUDE
【证据】: 证据片段仅显示该研究提出自研深度学习框架（""our framework employs a self-supervised scheme to learn a voxel-level refiner""），并公开自研源代码（""The source code is available at https://github.com/Jyk-122/SC-DREG""），未出现任何具名第三方非牙科3D软件（如 Mimics、3D Slicer、MATLAB 等）被本研究使用的表述（如 ""we used / were analysed using / imported into / processed in""）。
【软件】: -
【专科】: -
【应用场景】: -
【研究设计】: -"
automatic 3d teeth reconstruction from five intra oral photos using parametric teeth model,Automatic 3D Teeth Reconstruction From Five Intra-Oral Photos Using Parametric Teeth Model,IEEE Transactions on Visualization and Computer Graphics,journalArticle,VD6R8JZN,,EXCLUDE,EXCLUDE,"证据片段中未出现任何具名第三方非牙科3D软件（如 Mimics、3D Slicer、Geomagic、MATLAB 等）被本研究自身使用的表述；文中仅提及自研算法（non-rigid registration algorithm、Coherent Point Drift (CPD) algorithm、Gaussian process (GP)）及自建深度学习模型（modified U-net），并公开自研源代码（github.com/SJTUzhou/...），属于""只使用自研代码/自建深度学习模型，没有使用具名第三方软件""的排除情形。",-,-,-,-,"【判定】: EXCLUDE
【证据】: 证据片段中未出现任何具名第三方非牙科3D软件（如 Mimics、3D Slicer、Geomagic、MATLAB 等）被本研究自身使用的表述；文中仅提及自研算法（non-rigid registration algorithm、Coherent Point Drift (CPD) algorithm、Gaussian process (GP)）及自建深度学习模型（modified U-net），并公开自研源代码（github.com/SJTUzhou/...），属于""只使用自研代码/自建深度学习模型，没有使用具名第三方软件""的排除情形。
【软件】: -
【专科】: -
【应用场景】: -
【研究设计】: -"
enhancing maxillofacial surgery 3d printed models from ct scans for improved surgical planning,Enhancing Maxillofacial Surgery: 3D-Printed Models from CT Scans for Improved Surgical Planning,2024 IEEE Central America and Panama Student Conference (CONESCAPAN),conferencePaper,LFFHBJQR,,EXCLUDE,INCLUDE,"""It was programmed using Materialize Mimics, with algorithmic parameter adjustments and simulation tests to ensure proper functioning."" 以及 ""Subsequently, the surgical guide was constructed in Materialize 3-Matic software."" 和 ""the segmentation process is carried out using Materialize Mimics, a specialized and paid software.""",Materialise Mimics; Materialise 3-Matic,Oral and Maxillofacial Surgery,Surgical planning and precise implementation,technical_note,"【判定】: INCLUDE
【证据】: ""It was programmed using Materialize Mimics, with algorithmic parameter adjustments and simulation tests to ensure proper functioning."" 以及 ""Subsequently, the surgical guide was constructed in Materialize 3-Matic software."" 和 ""the segmentation process is carried out using Materialize Mimics, a specialized and paid software.""
【软件】: Materialise Mimics; Materialise 3-Matic
【专科】: Oral and Maxillofacial Surgery
【应用场景】: Surgical planning and precise implementation
【研究设计】: technical_note"
automated measurements of tooth size and arch widths on cone beam computerized tomography and scan images of plaster dental models,Automated Measurements of Tooth Size and Arch Widths on Cone-Beam Computerized Tomography and Scan Images of Plaster Dental Models,BIOENGINEERING-BASEL,journalArticle,9WZ73UZY,,EXCLUDE,EXCLUDE,"缺失证据：方法学片段中仅描述自研的多步计算方法（3D分割、Mask R-CNN、去中心化CNN），未出现任何具名第三方非牙科3D软件被""本研究自己使用""的表述（如 we used / imported into / processed in）。片段中""using software [29]""为泛述并指向参考文献，非本研究具体使用的具名软件。",-,-,-,-,"【判定】: EXCLUDE
【证据】: 缺失证据：方法学片段中仅描述自研的多步计算方法（3D分割、Mask R-CNN、去中心化CNN），未出现任何具名第三方非牙科3D软件被""本研究自己使用""的表述（如 we used / imported into / processed in）。片段中""using software [29]""为泛述并指向参考文献，非本研究具体使用的具名软件。
【软件】: -
【专科】: -
【应用场景】: -
【研究设计】: -"
a systematic study of oral clinical therapy based on computer 3d modeling technology,A Systematic Study of Oral Clinical Therapy Based on Computer 3D Modeling Technology,"2024 Asia-Pacific Conference on Software Engineering, Social Network Analysis and Intelligent Computing (SSAIC)",conferencePaper,I7X6LX6Z,,EXCLUDE,EXCLUDE,"证据片段中 Mimics 仅出现在泛述性语句 ""there are more and more software specialized for medical reconstruction, such as 3D-Doctor and Mimics software, etc.""，属于对现有软件的泛泛介绍，并未出现 ""we used / were analysed using / imported into / processed in"" 等表明本研究自身使用该软件的表述；本研究实际提出的是自研算法与自建 ""digital oral prototype system""。",-,-,-,-,"【判定】: EXCLUDE
【证据】: 证据片段中 Mimics 仅出现在泛述性语句 ""there are more and more software specialized for medical reconstruction, such as 3D-Doctor and Mimics software, etc.""，属于对现有软件的泛泛介绍，并未出现 ""we used / were analysed using / imported into / processed in"" 等表明本研究自身使用该软件的表述；本研究实际提出的是自研算法与自建 ""digital oral prototype system""。
【软件】: -
【专科】: -
【应用场景】: -
【研究设计】: -"
3d registration method based on mvfnet and super4pcs for nonhomologous face pointclouds,3D Registration Method Based On MVFNet And Super4PCS For Nonhomologous Face Pointclouds,2022 4th International Conference on Frontiers Technology of Information and Computer (ICFTIC),conferencePaper,GMMYW9V7,,EXCLUDE,EXCLUDE,"证据片段仅显示该研究使用自研的 MVFNet 模型与 Super4PCS 算法（""a MVFNet-based 3D face reconstruction... the Super4PCS algorithm is used""），未出现任何具名第三方非牙科3D软件（如 Mimics、3D Slicer、Geomagic 等）被本研究使用的表述；缺失""本研究自身使用具名第三方非牙科3D软件""的证据。",-,-,-,-,"【判定】: EXCLUDE
【证据】: 证据片段仅显示该研究使用自研的 MVFNet 模型与 Super4PCS 算法（""a MVFNet-based 3D face reconstruction... the Super4PCS algorithm is used""），未出现任何具名第三方非牙科3D软件（如 Mimics、3D Slicer、Geomagic 等）被本研究使用的表述；缺失""本研究自身使用具名第三方非牙科3D软件""的证据。
【软件】: -
【专科】: -
【应用场景】: -
【研究设计】: -"
dental x ray segmentation and auto implant design based on convolutional neural network,Dental X-ray Segmentation and Auto Implant Design Based on Convolutional Neural Network,2024 IEEE 7th International Conference on Multimedia Information Processing and Retrieval (MIPR),conferencePaper,Q5HUNS56,,EXCLUDE,EXCLUDE,"证据片段中仅描述了自研 CNN 模型（基于 ResUNet）及边缘检测、PCA、线性回归等方法，未出现任何具名第三方非牙科3D软件（如 Mimics、3D Slicer、MATLAB 等）被本研究使用的表述（如 ""we used / imported into / processed in""）。文中提及的 3D 建模仅为泛述，且明确转向 2D 图像分析。",-,-,-,-,"【判定】: EXCLUDE
【证据】: 证据片段中仅描述了自研 CNN 模型（基于 ResUNet）及边缘检测、PCA、线性回归等方法，未出现任何具名第三方非牙科3D软件（如 Mimics、3D Slicer、MATLAB 等）被本研究使用的表述（如 ""we used / imported into / processed in""）。文中提及的 3D 建模仅为泛述，且明确转向 2D 图像分析。
【软件】: -
【专科】: -
【应用场景】: -
【研究设计】: -"
a novel augmented reality approach in oral and maxillofacial surgery super imposition based on modified rigid and non rigid iterative closest point,A Novel Augmented Reality Approach in Oral and Maxillofacial Surgery: Super-Imposition Based on Modified Rigid and Non-Rigid Iterative Closest Point,2020 5th International Conference on Innovative Technologies in Intelligent Systems and Industrial Applications (CITISIA),conferencePaper,GH6JBVEJ,,EXCLUDE,EXCLUDE,"证据片段中 ""3D slicer"" 仅出现在对他人研究的引用中（""Riccardo et al. [6] implemented an AR system ... using a 3D slicer for reconstruction of CT scan images""），未出现 ""we used / were analysed using / imported into / processed in"" 等表明本研究自身使用该软件的表述；本研究自身仅提出自研算法（Enhanced TLD、MRaNRICP），无具名第三方非牙科3D软件的使用证据。",-,-,-,-,"【判定】: EXCLUDE
【证据】: 证据片段中 ""3D slicer"" 仅出现在对他人研究的引用中（""Riccardo et al. [6] implemented an AR system ... using a 3D slicer for reconstruction of CT scan images""），未出现 ""we used / were analysed using / imported into / processed in"" 等表明本研究自身使用该软件的表述；本研究自身仅提出自研算法（Enhanced TLD、MRaNRICP），无具名第三方非牙科3D软件的使用证据。
【软件】: -
【专科】: -
【应用场景】: -
【研究设计】: -"
toothsegnet image degradation meets tooth segmentation in cbct images,Toothsegnet: Image Degradation Meets Tooth Segmentation in CBCT Images,2023 IEEE 20th International Symposium on Biomedical Imaging (ISBI),conferencePaper,9W9E5HVY,,EXCLUDE,EXCLUDE,"缺失证据：片段中仅描述自研框架 ToothSegNet（""we propose ToothSegNet, a new framework...""），未出现任何具名第三方非牙科3D软件（如 Mimics、3D Slicer、ITK-SNAP 等）被本研究使用的表述（如 ""we used / were analysed using / imported into / processed in""）。",-,-,-,-,"【判定】: EXCLUDE
【证据】: 缺失证据：片段中仅描述自研框架 ToothSegNet（""we propose ToothSegNet, a new framework...""），未出现任何具名第三方非牙科3D软件（如 Mimics、3D Slicer、ITK-SNAP 等）被本研究使用的表述（如 ""we used / were analysed using / imported into / processed in""）。
【软件】: -
【专科】: -
【应用场景】: -
【研究设计】: -"
distributed force measurement and mapping using pressure sensitive film and image processing for active and passive aligners on orthodontic attachments,Distributed Force Measurement and Mapping Using Pressure-Sensitive Film and Image Processing for Active and Passive Aligners on Orthodontic Attachments,IEEE Access,journalArticle,9YS9C7RQ,,EXCLUDE,EXCLUDE,"证据片段中出现的软件名（AnalySIS Soft Image System、Fujifilm FPD-8010E）均出现在对他人研究的描述中（""The image stains...were taken using AnalySIS Soft Image System software""、""This study applied Fujifilm FPD-8010E analysis software""），属于他文引用/文献回顾，未出现 ""we used / were analysed using / imported into / processed in"" 等表明本研究自身使用某具名第三方非牙科3D软件的表述；本研究自身方法为 histogram-based K-means clustering 图像处理，未见具名第三方3D软件。",-,-,-,-,"【判定】: EXCLUDE
【证据】: 证据片段中出现的软件名（AnalySIS Soft Image System、Fujifilm FPD-8010E）均出现在对他人研究的描述中（""The image stains...were taken using AnalySIS Soft Image System software""、""This study applied Fujifilm FPD-8010E analysis software""），属于他文引用/文献回顾，未出现 ""we used / were analysed using / imported into / processed in"" 等表明本研究自身使用某具名第三方非牙科3D软件的表述；本研究自身方法为 histogram-based K-means clustering 图像处理，未见具名第三方3D软件。
【软件】: -
【专科】: -
【应用场景】: -
【研究设计】: -"
automatic 3d registration of dental cbct and face scan data using 2d projection images,Automatic 3D Registration of Dental CBCT and Face Scan Data Using 2D Projection Images,IEEE Access,journalArticle,YB659UGD,,EXCLUDE,EXCLUDE,"证据片段仅提及 ""reusing an existing machine-learning-based 2D landmark detection algorithm in an open-source library"" 及 ""Iterative Closest Point method""，未出现任何具名第三方非牙科3D软件名（如 Mimics、3D Slicer、MATLAB 等），也无 ""we used / imported into / processed in"" 等表明本研究使用具名第三方3D软件的表述。",-,-,-,-,"【判定】: EXCLUDE
【证据】: 证据片段仅提及 ""reusing an existing machine-learning-based 2D landmark detection algorithm in an open-source library"" 及 ""Iterative Closest Point method""，未出现任何具名第三方非牙科3D软件名（如 Mimics、3D Slicer、MATLAB 等），也无 ""we used / imported into / processed in"" 等表明本研究使用具名第三方3D软件的表述。
【软件】: -
【专科】: -
【应用场景】: -
【研究设计】: -"
dbganet dual branch geometric attention network for accurate 3d tooth segmentation,DBGANet: Dual-Branch Geometric Attention Network for Accurate 3D Tooth Segmentation,IEEE Transactions on Circuits and Systems for Video Technology,journalArticle,ARLUFDDL,,EXCLUDE,EXCLUDE,"证据片段仅描述自研的 DBGANet 深度学习网络（""a Dual-Branch Geometric Attention Network (DBGANet) for 3D tooth segmentation is proposed""），未出现任何具名第三方非牙科3D软件被本研究使用的表述（如 ""we used / were analysed using / imported into / processed in""）。",-,-,-,-,"【判定】: EXCLUDE
【证据】: 证据片段仅描述自研的 DBGANet 深度学习网络（""a Dual-Branch Geometric Attention Network (DBGANet) for 3D tooth segmentation is proposed""），未出现任何具名第三方非牙科3D软件被本研究使用的表述（如 ""we used / were analysed using / imported into / processed in""）。
【软件】: -
【专科】: -
【应用场景】: -
【研究设计】: -"
a collaborative learning framework with coupling graph transformers for 3d tooth segmentation,A Collaborative Learning Framework With Coupling Graph Transformers for 3D Tooth Segmentation,IEEE Transactions on Multimedia,journalArticle,R4T9MXJC,,EXCLUDE,EXCLUDE,"证据片段仅描述该研究提出自研的协同学习框架（CGT-CLF）及图Transformer编码器，未出现任何具名第三方非牙科3D软件（如 Mimics、3D Slicer、Geomagic、MATLAB 等）被""we used / imported into / processed in""等表述表明本研究自身使用；缺失""本研究使用具名第三方非牙科3D软件""的证据。",-,-,-,-,"【判定】: EXCLUDE
【证据】: 证据片段仅描述该研究提出自研的协同学习框架（CGT-CLF）及图Transformer编码器，未出现任何具名第三方非牙科3D软件（如 Mimics、3D Slicer、Geomagic、MATLAB 等）被""we used / imported into / processed in""等表述表明本研究自身使用；缺失""本研究使用具名第三方非牙科3D软件""的证据。
【软件】: -
【专科】: -
【应用场景】: -
【研究设计】: -"
dtr net dual space 3d tooth model reconstruction from panoramic x ray images,DTR-Net: Dual-Space 3D Tooth Model Reconstruction From Panoramic X-Ray Images,IEEE Transactions on Medical Imaging,journalArticle,YGXMR9CF,,EXCLUDE,EXCLUDE,"证据片段仅描述该研究提出自研的 DTR-Net 框架（""we propose a novel dual-space framework, namely DTR-Net""），使用自建的 2D-to-3D 生成模型与隐式函数网络，未出现任何具名第三方非牙科3D软件（如 Mimics、3D Slicer、MATLAB 等）被本研究使用的表述（如 ""we used / were analysed using / imported into / processed in""）。",-,-,-,-,"【判定】: EXCLUDE
【证据】: 证据片段仅描述该研究提出自研的 DTR-Net 框架（""we propose a novel dual-space framework, namely DTR-Net""），使用自建的 2D-to-3D 生成模型与隐式函数网络，未出现任何具名第三方非牙科3D软件（如 Mimics、3D Slicer、MATLAB 等）被本研究使用的表述（如 ""we used / were analysed using / imported into / processed in""）。
【软件】: -
【专科】: -
【应用场景】: -
【研究设计】: -"
hierarchical self supervised learning for 3d tooth segmentation in intra oral mesh scans,Hierarchical Self-Supervised Learning for 3D Tooth Segmentation in Intra-Oral Mesh Scans,IEEE Transactions on Medical Imaging,journalArticle,EED4NH95,,EXCLUDE,EXCLUDE,"证据片段仅显示该研究提出了自研的自监督学习框架 STSNet（""we propose a novel self-supervised learning framework, named STSNet""），未出现任何具名第三方非牙科3D软件（如 Mimics、3D Slicer、MeshLab、Blender 等）被本研究使用的表述（如 ""we used / were analysed using / imported into / processed in""）。",-,-,-,-,"【判定】: EXCLUDE
【证据】: 证据片段仅显示该研究提出了自研的自监督学习框架 STSNet（""we propose a novel self-supervised learning framework, named STSNet""），未出现任何具名第三方非牙科3D软件（如 Mimics、3D Slicer、MeshLab、Blender 等）被本研究使用的表述（如 ""we used / were analysed using / imported into / processed in""）。
【软件】: -
【专科】: -
【应用场景】: -
【研究设计】: -"
3d dental biometrics transformer based dental arch extraction and matching,3D Dental Biometrics: Transformer-based Dental Arch Extraction and Matching,2023 IEEE Conference on Artificial Intelligence (CAI),conferencePaper,GHBMTCSZ,,EXCLUDE,EXCLUDE,"证据片段仅为参考文献列表（[12][13] 等条目及 IEEE 授权下载声明），未出现任何表明本研究自身使用某具名第三方非牙科3D软件的表述（如 ""we used / were analysed using / imported into / processed in""）。",-,-,-,-,"【判定】: EXCLUDE
【证据】: 证据片段仅为参考文献列表（[12][13] 等条目及 IEEE 授权下载声明），未出现任何表明本研究自身使用某具名第三方非牙科3D软件的表述（如 ""we used / were analysed using / imported into / processed in""）。
【软件】: -
【专科】: -
【应用场景】: -
【研究设计】: -"
teeth seg an efficient instance segmentation framework for orthodontic treatment based on multi scale aggregation and anthropic prior knowledge,Teeth-SEG: An Efficient Instance Segmentation Framework for Orthodontic Treatment Based on Multi-Scale Aggregation and Anthropic Prior Knowledge,2024 IEEE/CVF Conference on Computer Vision and Pattern Recognition (CVPR),conferencePaper,IZYKSX6Q,,EXCLUDE,EXCLUDE,"证据片段仅显示该研究提出自研的 TeethSEG 框架（""we propose a ViT-based framework named TeethSEG""），并使用自建数据集 IO150K；未出现任何具名第三方非牙科3D软件（如 Mimics、3D Slicer、Geomagic 等）被本研究使用的表述（如 ""we used / imported into / processed in""）。",-,-,-,-,"【判定】: EXCLUDE
【证据】: 证据片段仅显示该研究提出自研的 TeethSEG 框架（""we propose a ViT-based framework named TeethSEG""），并使用自建数据集 IO150K；未出现任何具名第三方非牙科3D软件（如 Mimics、3D Slicer、Geomagic 等）被本研究使用的表述（如 ""we used / imported into / processed in""）。
【软件】: -
【专科】: -
【应用场景】: -
【研究设计】: -"
two stage mesh deep learning for automated tooth segmentation and landmark localization on 3d intraoral scans,Two-Stage Mesh Deep Learning for Automated Tooth Segmentation and Landmark Localization on 3D Intraoral Scans,IEEE Transactions on Medical Imaging,journalArticle,R2XP7A3B,,EXCLUDE,EXCLUDE,"证据片段仅显示该研究提出了自研的 TS-MDL 框架（iMeshSegNet、PointNet-Reg），未出现任何具名第三方非牙科3D软件（如 Mimics、3D Slicer、MeshLab、Geomagic 等）被本研究使用的表述（如 ""we used / imported into / processed in""）。",-,-,-,-,"【判定】: EXCLUDE
【证据】: 证据片段仅显示该研究提出了自研的 TS-MDL 框架（iMeshSegNet、PointNet-Reg），未出现任何具名第三方非牙科3D软件（如 Mimics、3D Slicer、MeshLab、Geomagic 等）被本研究使用的表述（如 ""we used / imported into / processed in""）。
【软件】: -
【专科】: -
【应用场景】: -
【研究设计】: -"
dentassignnet assignment network for dental cast labeling in the presence of dental abnormalities,DentAssignNet: Assignment Network for Dental Cast Labeling in the Presence of Dental Abnormalities,IEEE Journal of Biomedical and Health Informatics,journalArticle,AP4TRDP3,,EXCLUDE,EXCLUDE,"证据片段中未出现任何具名第三方非牙科3D软件（如 Mimics、3D Slicer、MeshLab、Blender 等）被本研究自身使用的表述；片段仅描述自研卷积神经网络（DentAssignNet）及自建多步分割流程，无 ""we used / were analysed using / imported into / processed in"" 等表明使用具名第三方软件的证据。",-,-,-,-,"【判定】: EXCLUDE
【证据】: 证据片段中未出现任何具名第三方非牙科3D软件（如 Mimics、3D Slicer、MeshLab、Blender 等）被本研究自身使用的表述；片段仅描述自研卷积神经网络（DentAssignNet）及自建多步分割流程，无 ""we used / were analysed using / imported into / processed in"" 等表明使用具名第三方软件的证据。
【软件】: -
【专科】: -
【应用场景】: -
【研究设计】: -"
an end to end segmentation network for the temporomandibular joints cbct image based on 3d u net,An End-to-End Segmentation Network for the Temporomandibular Joints CBCT Image based on 3D U-Net,"2020 13th International Congress on Image and Signal Processing, BioMedical Engineering and Informatics (CISP-BMEI)",conferencePaper,NPUVHBWP,,EXCLUDE,EXCLUDE,"该研究仅提出并使用了自研的深度学习分割网络（""we proposed a novel end-to-end deep learning segmentation network based on 3D U-Net""），未在材料与方法中出现任何具名第三方非牙科3D软件（如 Mimics、3D Slicer、MATLAB 等）的使用表述；证据片段中无 ""we used / were analysed using / imported into / processed in"" 等表明本研究使用具名第三方软件的原文。",-,-,-,-,"【判定】: EXCLUDE
【证据】: 该研究仅提出并使用了自研的深度学习分割网络（""we proposed a novel end-to-end deep learning segmentation network based on 3D U-Net""），未在材料与方法中出现任何具名第三方非牙科3D软件（如 Mimics、3D Slicer、MATLAB 等）的使用表述；证据片段中无 ""we used / were analysed using / imported into / processed in"" 等表明本研究使用具名第三方软件的原文。
【软件】: -
【专科】: -
【应用场景】: -
【研究设计】: -"
computed tomography and 3 d face scan fusion for iot based diagnostic solutions,Computed Tomography and 3-D Face Scan Fusion for IoT-Based Diagnostic Solutions,IEEE Internet of Things Journal,journalArticle,PEXP9FTE,,EXCLUDE,EXCLUDE,"证据片段中仅描述 ""Deep point neural networks are used to extract feature points and a threshold iterative closest point algorithm performing registration""，属于自研算法/自建深度学习模型，未出现任何具名第三方非牙科3D软件（如 Mimics、3D Slicer、Geomagic 等）被本研究使用的表述（无 ""we used / imported into / processed in"" 等指向具体软件名的证据）。",-,-,-,-,"【判定】: EXCLUDE
【证据】: 证据片段中仅描述 ""Deep point neural networks are used to extract feature points and a threshold iterative closest point algorithm performing registration""，属于自研算法/自建深度学习模型，未出现任何具名第三方非牙科3D软件（如 Mimics、3D Slicer、Geomagic 等）被本研究使用的表述（无 ""we used / imported into / processed in"" 等指向具体软件名的证据）。
【软件】: -
【专科】: -
【应用场景】: -
【研究设计】: -"
ai based anatomical landmark recognition for robot assisted dynamic dental implant surgery,AI-Based Anatomical Landmark Recognition for Robot-Assisted Dynamic Dental Implant Surgery,2025 IEEE 21st International Conference on Intelligent Computer Communication and Processing (ICCP),conferencePaper,PSHQCDCF,,EXCLUDE,EXCLUDE,"证据片段显示该研究使用 Unity 进行三维可视化与配准（""registered to a preoperative STL model ... using Unity""、""A graphical user interface (GUI), developed in Unity""），但 Unity 属于游戏/实时3D开发引擎，不属于纳入标准所列的用于3D数据处理、分析、建模或测量的第三方非牙科3D软件范畴；且核心方法为自研 YOLOv11 深度学习模型，未使用具名第三方非牙科3D软件进行3D数据处理/分析/建模/测量。",-,-,-,-,"【判定】: EXCLUDE
【证据】: 证据片段显示该研究使用 Unity 进行三维可视化与配准（""registered to a preoperative STL model ... using Unity""、""A graphical user interface (GUI), developed in Unity""），但 Unity 属于游戏/实时3D开发引擎，不属于纳入标准所列的用于3D数据处理、分析、建模或测量的第三方非牙科3D软件范畴；且核心方法为自研 YOLOv11 深度学习模型，未使用具名第三方非牙科3D软件进行3D数据处理/分析/建模/测量。
【软件】: -
【专科】: -
【应用场景】: -
【研究设计】: -"
morphology prior enhanced teeth segmentation for high resolution oral scans,Morphology Prior Enhanced Teeth Segmentation for High-Resolution Oral Scans,IEEE Journal of Biomedical and Health Informatics,journalArticle,QVL4MH44,,EXCLUDE,EXCLUDE,"证据片段仅描述自研深度学习框架（""a morphology prior enhanced teeth segmentation framework is proposed in this paper""），未出现任何具名第三方非牙科3D软件（如 Mimics、3D Slicer、Geomagic、MATLAB 等）被本研究使用的表述（如 ""we used / were analysed using / imported into / processed in""）。",-,-,-,-,"【判定】: EXCLUDE
【证据】: 证据片段仅描述自研深度学习框架（""a morphology prior enhanced teeth segmentation framework is proposed in this paper""），未出现任何具名第三方非牙科3D软件（如 Mimics、3D Slicer、Geomagic、MATLAB 等）被本研究使用的表述（如 ""we used / were analysed using / imported into / processed in""）。
【软件】: -
【专科】: -
【应用场景】: -
【研究设计】: -"
research on denture feature matching point cloud data based on deep learning,Research on Denture Feature Matching Point Cloud Data Based on Deep Learning,"2023 6th International Conference on Computer Network, Electronic and Automation (ICCNEA)",conferencePaper,Q6XWVERF,,EXCLUDE,EXCLUDE,"证据片段仅描述该研究引入 EdgeConv 结构改进网络用于义齿点云匹配，并与传统 ICP 算法、PCRNet 网络进行比较；未出现任何具名第三方非牙科3D软件（如 Mimics、3D Slicer、Geomagic、MATLAB 等）被本研究使用的表述（如 ""we used / were analysed using / imported into / processed in""）。该研究使用的是自研/自建深度学习网络，缺少""使用具名第三方非牙科3D软件""的证据。",-,-,-,-,"【判定】: EXCLUDE
【证据】: 证据片段仅描述该研究引入 EdgeConv 结构改进网络用于义齿点云匹配，并与传统 ICP 算法、PCRNet 网络进行比较；未出现任何具名第三方非牙科3D软件（如 Mimics、3D Slicer、Geomagic、MATLAB 等）被本研究使用的表述（如 ""we used / were analysed using / imported into / processed in""）。该研究使用的是自研/自建深度学习网络，缺少""使用具名第三方非牙科3D软件""的证据。
【软件】: -
【专科】: -
【应用场景】: -
【研究设计】: -"
exploring the use of neural networks for early detection of oral cancer and other dental pathologies,Exploring the Use of Neural Networks for Early Detection of Oral Cancer and Other Dental Pathologies,2025 5th International Conference on Expert Clouds and Applications (ICOECA),conferencePaper,JPBKZHXW,,EXCLUDE,EXCLUDE,"证据片段仅泛述深度学习模型（CNN、ResNet、InceptionV3、DenseNet、InResNet）及他人研究（""It was found that the AI model can significantly decrease...""），未出现任何具名第三方非牙科3D软件，也无 ""we used / were analysed using / imported into / processed in"" 等表明本研究自身使用某具名3D软件的表述。",-,-,-,-,"【判定】: EXCLUDE
【证据】: 证据片段仅泛述深度学习模型（CNN、ResNet、InceptionV3、DenseNet、InResNet）及他人研究（""It was found that the AI model can significantly decrease...""），未出现任何具名第三方非牙科3D软件，也无 ""we used / were analysed using / imported into / processed in"" 等表明本研究自身使用某具名3D软件的表述。
【软件】: -
【专科】: -
【应用场景】: -
【研究设计】: -"
center sensitive and boundary aware tooth instance segmentation and classification from cone beam ct,Center-Sensitive and Boundary-Aware Tooth Instance Segmentation and Classification from Cone-Beam CT,2020 IEEE 17th International Symposium on Biomedical Imaging (ISBI),conferencePaper,QW4BJKGI,,EXCLUDE,EXCLUDE,"证据片段仅描述该研究提出自研的两级层次深度神经网络（DenseASPP-UNet）及自研损失函数与标签优化方法，未出现任何具名第三方非牙科3D软件（如 Mimics、3D Slicer、ITK-SNAP、MATLAB 等）被""we used / were analysed using / imported into / processed in""等表述表明本研究自身使用的证据。",-,-,-,-,"【判定】: EXCLUDE
【证据】: 证据片段仅描述该研究提出自研的两级层次深度神经网络（DenseASPP-UNet）及自研损失函数与标签优化方法，未出现任何具名第三方非牙科3D软件（如 Mimics、3D Slicer、ITK-SNAP、MATLAB 等）被""we used / were analysed using / imported into / processed in""等表述表明本研究自身使用的证据。
【软件】: -
【专科】: -
【应用场景】: -
【研究设计】: -"
a fully automated method for 3d individual tooth identification and segmentation in dental cbct,A Fully Automated Method for 3D Individual Tooth Identification and Segmentation in Dental CBCT,IEEE Transactions on Pattern Analysis and Machine Intelligence,journalArticle,EM5WIF9M,,EXCLUDE,EXCLUDE,"证据片段仅描述该研究提出了一种基于深度学习的分层多步模型（""developing a deep learning-based hierarchical multi-step model""），未出现任何具名第三方非牙科3D软件（如 Mimics、3D Slicer、MATLAB 等）被本研究使用的表述（如 ""we used / were analysed using / imported into / processed in""）。缺失表明本研究自身使用了具名第三方非牙科3D软件的证据。",-,-,-,-,"【判定】: EXCLUDE
【证据】: 证据片段仅描述该研究提出了一种基于深度学习的分层多步模型（""developing a deep learning-based hierarchical multi-step model""），未出现任何具名第三方非牙科3D软件（如 Mimics、3D Slicer、MATLAB 等）被本研究使用的表述（如 ""we used / were analysed using / imported into / processed in""）。缺失表明本研究自身使用了具名第三方非牙科3D软件的证据。
【软件】: -
【专科】: -
【应用场景】: -
【研究设计】: -"
vit nebla a hybrid vision transformer and neural beer lambert framework for single view 3d reconstruction of oral anatomy from panoramic radiographs,ViT-NeBLa: A Hybrid Vision Transformer and Neural Beer–Lambert Framework for Single-View 3D Reconstruction of Oral Anatomy From Panoramic Radiographs,IEEE Access,journalArticle,JX7Z45RP,,EXCLUDE,EXCLUDE,"证据片段仅显示该研究提出自研框架 ViT-NeBLa（Vision-Transformer Neural Beer–Lambert），使用自建深度学习模型（ViT–CNN backbone、MLP、hash positional encoding）进行3D重建；未出现任何具名第三方非牙科3D软件（如 Mimics、3D Slicer、MATLAB 等）被""we used / imported into / processed in""等表述表明本研究自身使用的证据。片段中出现的 Carestream CS9000、Planmeca VISOG7 为CBCT扫描设备，非3D处理软件。",-,-,-,-,"【判定】: EXCLUDE
【证据】: 证据片段仅显示该研究提出自研框架 ViT-NeBLa（Vision-Transformer Neural Beer–Lambert），使用自建深度学习模型（ViT–CNN backbone、MLP、hash positional encoding）进行3D重建；未出现任何具名第三方非牙科3D软件（如 Mimics、3D Slicer、MATLAB 等）被""we used / imported into / processed in""等表述表明本研究自身使用的证据。片段中出现的 Carestream CS9000、Planmeca VISOG7 为CBCT扫描设备，非3D处理软件。
【软件】: -
【专科】: -
【应用场景】: -
【研究设计】: -"
tooth segmentation of dental mesh based on improved region growing,Tooth Segmentation of Dental Mesh Based on Improved Region Growing,2021 IEEE International Conference on Real-time Computing and Robotics (RCAR),conferencePaper,YHB9JYVX,,EXCLUDE,INCLUDE,"""Considering that curvature calculation is not our concern, we directly go to MeshLab [2] for easy access.""",MeshLab,Orthodontics,Image segmentation and 3D reconstruction,computational,"【判定】: INCLUDE
【证据】: ""Considering that curvature calculation is not our concern, we directly go to MeshLab [2] for easy access.""
【软件】: MeshLab
【专科】: Orthodontics
【应用场景】: Image segmentation and 3D reconstruction
【研究设计】: computational"
facescape 3d facial dataset and benchmark for single view 3d face reconstruction,FaceScape: 3D Facial Dataset and Benchmark for Single-View 3D Face Reconstruction,IEEE Transactions on Pattern Analysis and Machine Intelligence,journalArticle,V76TVNA8,,EXCLUDE,EXCLUDE,"证据片段中未出现任何表明本研究自身使用了具名第三方非牙科3D软件的表述（如 ""we used / were analysed using / imported into / processed in"" 等）；仅提及自建多视角重建系统与自研算法，无具名第三方3D软件使用证据。",-,-,-,-,"【判定】: EXCLUDE
【证据】: 证据片段中未出现任何表明本研究自身使用了具名第三方非牙科3D软件的表述（如 ""we used / were analysed using / imported into / processed in"" 等）；仅提及自建多视角重建系统与自研算法，无具名第三方3D软件使用证据。
【软件】: -
【专科】: -
【应用场景】: -
【研究设计】: -"
estimating reference bony shape models for orthognathic surgical planning using 3d point cloud deep learning,Estimating Reference Bony Shape Models for Orthognathic Surgical Planning Using 3D Point-Cloud Deep Learning,IEEE Journal of Biomedical and Health Informatics,journalArticle,Z4HUPXT9,,EXCLUDE,EXCLUDE,"该研究为自研端到端深度学习框架（""We propose an end-to-end deep learning framework""），使用自建点云网络（PointConv 等作为网络组件），未在材料与方法中出现""we used / were analysed using / imported into / processed in""等表述表明本研究使用了具名第三方非牙科3D软件进行3D数据处理、分析、建模或测量；文中出现的 PointNet、PointNet++、MoNet 等均为他文引用/相关工作泛述，非本研究使用的第三方软件。",-,-,-,-,"【判定】: EXCLUDE
【证据】: 该研究为自研端到端深度学习框架（""We propose an end-to-end deep learning framework""），使用自建点云网络（PointConv 等作为网络组件），未在材料与方法中出现""we used / were analysed using / imported into / processed in""等表述表明本研究使用了具名第三方非牙科3D软件进行3D数据处理、分析、建模或测量；文中出现的 PointNet、PointNet++、MoNet 等均为他文引用/相关工作泛述，非本研究使用的第三方软件。
【软件】: -
【专科】: -
【应用场景】: -
【研究设计】: -"
adaptvr an adaptive learning vr system for dental students training,AdaptVR: An Adaptive Learning VR System for Dental Students Training,2024 International Conference on Computer and Applications (ICCA),conferencePaper,SUJ9NJWN,,EXCLUDE,EXCLUDE,"证据片段显示该研究使用 Unity 3D 开发 VR 培训系统（""AdaptVR utilizes Oculus Quest 2VR headset with Unity IDE""），但 Unity 是游戏/应用开发引擎，且该研究为自研 VR 系统，未使用纳入标准所列的具名第三方非牙科3D软件（如 Mimics、3D Slicer、Geomagic、MATLAB 等）进行3D数据的处理、分析、建模或测量；缺失""本研究自身使用具名第三方非牙科3D软件""的证据。",-,-,-,-,"【判定】: EXCLUDE
【证据】: 证据片段显示该研究使用 Unity 3D 开发 VR 培训系统（""AdaptVR utilizes Oculus Quest 2VR headset with Unity IDE""），但 Unity 是游戏/应用开发引擎，且该研究为自研 VR 系统，未使用纳入标准所列的具名第三方非牙科3D软件（如 Mimics、3D Slicer、Geomagic、MATLAB 等）进行3D数据的处理、分析、建模或测量；缺失""本研究自身使用具名第三方非牙科3D软件""的证据。
【软件】: -
【专科】: -
【应用场景】: -
【研究设计】: -"
virtueledent a compact xr tooth cutting training system using a physical emr based dental handpiece and teeth model,VirtuEleDent: A Compact XR Tooth-Cutting Training System Using a Physical EMR-based Dental Handpiece and Teeth Model,2025 IEEE Conference Virtual Reality and 3D User Interfaces (VR),conferencePaper,PA5RZYVZ,,EXCLUDE,EXCLUDE,证据片段中仅出现 Unity（游戏引擎，用于渲染 VR 训练环境），未出现任何具名第三方非牙科三维软件用于 3D 数据的处理、分析、建模或测量；文中提及的 3D Systems Openhaptics Unity Plugin 属于触觉设备插件，且用于对比系统而非本研究自身的数据处理。,-,-,-,-,"【判定】: EXCLUDE
【证据】: 证据片段中仅出现 Unity（游戏引擎，用于渲染 VR 训练环境），未出现任何具名第三方非牙科三维软件用于 3D 数据的处理、分析、建模或测量；文中提及的 3D Systems Openhaptics Unity Plugin 属于触觉设备插件，且用于对比系统而非本研究自身的数据处理。
【软件】: -
【专科】: -
【应用场景】: -
【研究设计】: -"
empowering rural and suburban dental care with open source image processing,Empowering Rural and Suburban Dental Care with Open-Source Image Processing,2023 Seventh International Conference on Image Information Processing (ICIIP),conferencePaper,25UHEYRE,,EXCLUDE,EXCLUDE,"片段中 ""Synopsys simpleware software is used for medical image processing purposes and 3D and 2D levels..."" 为泛述性描述，未使用 ""we used / were analysed using / imported into / processed in"" 等表明本研究自身使用该软件的表述；且该片段疑似来自会议论文正文的综述性段落，非本研究材料与方法。此外文献类型为会议论文（conference paper），不符合原创研究/技术说明/病例报告的要求。",-,-,-,-,"【判定】: EXCLUDE
【证据】: 片段中 ""Synopsys simpleware software is used for medical image processing purposes and 3D and 2D levels..."" 为泛述性描述，未使用 ""we used / were analysed using / imported into / processed in"" 等表明本研究自身使用该软件的表述；且该片段疑似来自会议论文正文的综述性段落，非本研究材料与方法。此外文献类型为会议论文（conference paper），不符合原创研究/技术说明/病例报告的要求。
【软件】: -
【专科】: -
【应用场景】: -
【研究设计】: -"
an automatic method for tooth segmentation from cbct images,An automatic method for tooth segmentation from CBCT images,2025 IEEE 12th Joint International Information Technology and Artificial Intelligence Conference (ITAIC),conferencePaper,6JRF9VV5,,EXCLUDE,EXCLUDE,"证据片段仅显示该研究提出基于 V-Net 的两阶段分割框架（自建深度学习模型），未出现任何具名第三方非牙科3D软件（如 Mimics、3D Slicer、ITK-SNAP 等）被""we used / were analysed using / imported into / processed in""等表述表明本研究自身使用的证据；缺失""本研究使用具名第三方非牙科3D软件""的证据。",-,-,-,-,"【判定】: EXCLUDE
【证据】: 证据片段仅显示该研究提出基于 V-Net 的两阶段分割框架（自建深度学习模型），未出现任何具名第三方非牙科3D软件（如 Mimics、3D Slicer、ITK-SNAP 等）被""we used / were analysed using / imported into / processed in""等表述表明本研究自身使用的证据；缺失""本研究使用具名第三方非牙科3D软件""的证据。
【软件】: -
【专科】: -
【应用场景】: -
【研究设计】: -"
efficient computer aided design of dental inlay restoration a deep adversarial framework,Efficient Computer-Aided Design of Dental Inlay Restoration: A Deep Adversarial Framework,IEEE Transactions on Medical Imaging,journalArticle,5TCS8KAX,,EXCLUDE,EXCLUDE,"证据片段仅描述该研究设计了自研的 DAIS 深度学习框架（WGAN + 局部-全局判别器），未出现 ""we used / were analysed using / imported into / processed in"" 等表明本研究自身使用了某个具名第三方非牙科3D软件的表述；文中提及的 CAD 系统、Pix2Pix、Laplacian surface editing 等均为泛述或他文引用。",-,-,-,-,"【判定】: EXCLUDE
【证据】: 证据片段仅描述该研究设计了自研的 DAIS 深度学习框架（WGAN + 局部-全局判别器），未出现 ""we used / were analysed using / imported into / processed in"" 等表明本研究自身使用了某个具名第三方非牙科3D软件的表述；文中提及的 CAD 系统、Pix2Pix、Laplacian surface editing 等均为泛述或他文引用。
【软件】: -
【专科】: -
【应用场景】: -
【研究设计】: -"
3d dental biometrics automatic pose invariant dental arch extraction and matching,3D Dental Biometrics: Automatic Pose-invariant Dental Arch Extraction and Matching,2020 25th International Conference on Pattern Recognition (ICPR),conferencePaper,VHPL5MDY,,EXCLUDE,EXCLUDE,"证据片段中仅提及扫描设备 ""Minolta VIVID 900 Surface Laser Scanner"" 及自研算法 ""Radial Ray Algorithm (RRA)""，未出现任何本研究自身使用的具名第三方非牙科3D软件（如 Mimics、3D Slicer、MATLAB 等）的表述；""we use different hardware and software"" 属泛述，未指明具体软件名。",-,-,-,-,"【判定】: EXCLUDE
【证据】: 证据片段中仅提及扫描设备 ""Minolta VIVID 900 Surface Laser Scanner"" 及自研算法 ""Radial Ray Algorithm (RRA)""，未出现任何本研究自身使用的具名第三方非牙科3D软件（如 Mimics、3D Slicer、MATLAB 等）的表述；""we use different hardware and software"" 属泛述，未指明具体软件名。
【软件】: -
【专科】: -
【应用场景】: -
【研究设计】: -"
segmenting the inferior alveolar canal in cbct volumes the toothfairy challenge,Segmenting the Inferior Alveolar Canal in CBCT Volumes: The ToothFairy Challenge,IEEE Transactions on Medical Imaging,journalArticle,2L78YVVC,,EXCLUDE,EXCLUDE,"证据片段仅显示该文献为 ToothFairy 挑战赛的综述性/比较评估论文（""This paper presents the details of the challenge and the contributions made by the most promising methods proposed by the participants""），未出现任何表明本研究自身在材料与方法中使用某一具名第三方非牙科3D软件的表述（如 ""we used / were analysed using / imported into / processed in""）。",-,-,-,-,"【判定】: EXCLUDE
【证据】: 证据片段仅显示该文献为 ToothFairy 挑战赛的综述性/比较评估论文（""This paper presents the details of the challenge and the contributions made by the most promising methods proposed by the participants""），未出现任何表明本研究自身在材料与方法中使用某一具名第三方非牙科3D软件的表述（如 ""we used / were analysed using / imported into / processed in""）。
【软件】: -
【专科】: -
【应用场景】: -
【研究设计】: -"
surgnavar an augmented reality surgical navigation framework for optical see through head mounted displays,SurgNavAR: An Augmented Reality Surgical Navigation Framework for Optical See-Through Head Mounted Displays,IEEE Transactions on Visualization and Computer Graphics,journalArticle,KWUMDHWD,,EXCLUDE,EXCLUDE,"片段中出现的具名软件（Brainlab Kick、Stryker NAV3i、Medtronic StealthStation、ClaroNav Navient）仅出现在对""Conventional navigation systems""的泛述/他文引用中，未表明本研究自身使用；本研究实际使用的是自研框架（基于 Unity、MRTK3、Vuforia-Unity SDK、ArUco/AprilTag 等自建/自研集成），未使用纳入标准所要求的具名第三方非牙科3D软件进行3D数据处理、分析、建模或测量。",-,-,-,-,"【判定】: EXCLUDE
【证据】: 片段中出现的具名软件（Brainlab Kick、Stryker NAV3i、Medtronic StealthStation、ClaroNav Navient）仅出现在对""Conventional navigation systems""的泛述/他文引用中，未表明本研究自身使用；本研究实际使用的是自研框架（基于 Unity、MRTK3、Vuforia-Unity SDK、ArUco/AprilTag 等自建/自研集成），未使用纳入标准所要求的具名第三方非牙科3D软件进行3D数据处理、分析、建模或测量。
【软件】: -
【专科】: -
【应用场景】: -
【研究设计】: -"
dental disease detection and classification in radiograph images using deep learning model,Dental Disease Detection and Classification in Radiograph Images using Deep Learning Model,"2023 5th International Conference on Advances in Computing, Communication Control and Networking (ICAC3N)",conferencePaper,86Y8P3DG,,EXCLUDE,EXCLUDE,"证据片段中未出现任何具名第三方非牙科3D软件（如 Mimics、3D Slicer、MATLAB 等）被本研究自身使用的表述；仅提及深度学习/CNN模型与图像分割分类方法，无 ""we used / were analysed using / imported into / processed in"" 等表明本研究使用具名第三方3D软件的原文。",-,-,-,-,"【判定】: EXCLUDE
【证据】: 证据片段中未出现任何具名第三方非牙科3D软件（如 Mimics、3D Slicer、MATLAB 等）被本研究自身使用的表述；仅提及深度学习/CNN模型与图像分割分类方法，无 ""we used / were analysed using / imported into / processed in"" 等表明本研究使用具名第三方3D软件的原文。
【软件】: -
【专科】: -
【应用场景】: -
【研究设计】: -"
innovative applications of ai and 3d printing in digital dentistry enhancing accuracy and efficiency in dental care,Innovative Applications of AI and 3D Printing in Digital Dentistry: Enhancing Accuracy and Efficiency in Dental Care,"2024 International Conference on Identification, Information and Knowledge in the Internet of Things (IIKI)",conferencePaper,SYTQBUTQ,,EXCLUDE,EXCLUDE,"证据片段中 Autodesk Meshmixer 仅出现在泛述性引用中（""For example, Autodesk Meshmixer and Cura provide customizable options where users can adjust parameters like support angle, density, and placement [19]""），属于他文引用/泛述，未表明本研究自身使用该软件；本研究实际使用的是自研 AI 框架与 autoencoder，无具名第三方非牙科3D软件的本研究使用证据。",-,-,-,-,"【判定】: EXCLUDE
【证据】: 证据片段中 Autodesk Meshmixer 仅出现在泛述性引用中（""For example, Autodesk Meshmixer and Cura provide customizable options where users can adjust parameters like support angle, density, and placement [19]""），属于他文引用/泛述，未表明本研究自身使用该软件；本研究实际使用的是自研 AI 框架与 autoencoder，无具名第三方非牙科3D软件的本研究使用证据。
【软件】: -
【专科】: -
【应用场景】: -
【研究设计】: -"
3d face reconstruction algorithm based on lightweight attention mechanism,3D Face Reconstruction Algorithm Based on Lightweight Attention Mechanism,2024 International Conference on Artificial Intelligence and Digital Technology (ICAIDT),conferencePaper,WRIGRGC8,,EXCLUDE,EXCLUDE,"证据片段仅描述自研算法（""We developed a three-dimensional face reconstruction algorithm based on light attention""），未出现任何具名第三方非牙科3D软件的使用表述（如 ""we used / were analysed using / imported into / processed in""）；片段中出现的软件/文献名仅见于参考文献列表。",-,-,-,-,"【判定】: EXCLUDE
【证据】: 证据片段仅描述自研算法（""We developed a three-dimensional face reconstruction algorithm based on light attention""），未出现任何具名第三方非牙科3D软件的使用表述（如 ""we used / were analysed using / imported into / processed in""）；片段中出现的软件/文献名仅见于参考文献列表。
【软件】: -
【专科】: -
【应用场景】: -
【研究设计】: -"
a method of dental model segmentation based on shortest path,A method of dental model segmentation based on shortest path,2021 IEEE International Conference on Artificial Intelligence and Computer Applications (ICAICA),conferencePaper,U67VEFUR,,EXCLUDE,EXCLUDE,"证据片段仅描述自研算法（""a new method based on the traditional Dijkstra shortest path algorithm with Sigmoid curvature transformation is proposed""），未出现任何具名第三方非牙科3D软件被本研究使用的表述（如 ""we used / were analysed using / imported into / processed in""）；片段中提及的 harmonic field、random walk、watershed、3Dsnake 均为方法学泛述或他文引用，非具名软件。",-,-,-,-,"【判定】: EXCLUDE
【证据】: 证据片段仅描述自研算法（""a new method based on the traditional Dijkstra shortest path algorithm with Sigmoid curvature transformation is proposed""），未出现任何具名第三方非牙科3D软件被本研究使用的表述（如 ""we used / were analysed using / imported into / processed in""）；片段中提及的 harmonic field、random walk、watershed、3Dsnake 均为方法学泛述或他文引用，非具名软件。
【软件】: -
【专科】: -
【应用场景】: -
【研究设计】: -"
advancements in fourth generation endodontic apex locators for enhanced precision in root canal treatments,Advancements in Fourth-Generation Endodontic Apex Locators for Enhanced Precision in Root Canal Treatments,2024 3rd International Congress of Biomedical Engineering and Bioengineering (CIIBBI),conferencePaper,JSGZDD7T,,EXCLUDE,EXCLUDE,"片段仅泛述 ""The device housing was designed using CAD software""，未指明任何具名第三方非牙科3D软件（如 SolidWorks、AutoCAD、Fusion 360 等），且软件部分为自研固件（C）与网页界面（HTML5/CSS/JavaScript），无具名第三方3D软件被本研究使用。",-,-,-,-,"【判定】: EXCLUDE
【证据】: 片段仅泛述 ""The device housing was designed using CAD software""，未指明任何具名第三方非牙科3D软件（如 SolidWorks、AutoCAD、Fusion 360 等），且软件部分为自研固件（C）与网页界面（HTML5/CSS/JavaScript），无具名第三方3D软件被本研究使用。
【软件】: -
【专科】: -
【应用场景】: -
【研究设计】: -"
3dcmm 3d comprehensive morphable models with uv unet for accurate head creation,3DCMM: 3D Comprehensive Morphable Models With UV-UNet for Accurate Head Creation,IEEE Transactions on Multimedia,journalArticle,ANNASBNI,,EXCLUDE,EXCLUDE,"证据片段中未出现任何具名第三方非牙科3D软件（如 Mimics、3D Slicer、Geomagic、MATLAB 等）被本研究自身使用的表述；仅提及自研方法（3DCMM、UV-UNet）及算法（NICP、GPA、PCA、FAN），无 ""we used / imported into / processed in"" 等使用具名第三方3D软件的原文。",-,-,-,-,"【判定】: EXCLUDE
【证据】: 证据片段中未出现任何具名第三方非牙科3D软件（如 Mimics、3D Slicer、Geomagic、MATLAB 等）被本研究自身使用的表述；仅提及自研方法（3DCMM、UV-UNet）及算法（NICP、GPA、PCA、FAN），无 ""we used / imported into / processed in"" 等使用具名第三方3D软件的原文。
【软件】: -
【专科】: -
【应用场景】: -
【研究设计】: -"
advanced teeth instance segmentation using contextual spatial attention and deeper mask head,Advanced Teeth Instance Segmentation Using Contextual Spatial Attention and Deeper Mask Head,2025 IEEE International Conference on Consumer Electronics (ICCE),conferencePaper,ZQ5HLDN3,,EXCLUDE,EXCLUDE,"证据片段仅描述自研框架 Seg-CSAB（""a novel framework that integrates the CSAB with dilated convolutions""），未出现任何具名第三方非牙科3D软件，也无 ""we used / were analysed using / imported into / processed in"" 等表明本研究使用某具名第三方软件的表述；Yolov8 与 Mask R-CNN 仅作为对比的 SOTA 方法提及，非本研究所用第三方3D软件。",-,-,-,-,"【判定】: EXCLUDE
【证据】: 证据片段仅描述自研框架 Seg-CSAB（""a novel framework that integrates the CSAB with dilated convolutions""），未出现任何具名第三方非牙科3D软件，也无 ""we used / were analysed using / imported into / processed in"" 等表明本研究使用某具名第三方软件的表述；Yolov8 与 Mask R-CNN 仅作为对比的 SOTA 方法提及，非本研究所用第三方3D软件。
【软件】: -
【专科】: -
【应用场景】: -
【研究设计】: -"
3dfacesculptor a common framework for image guided 3d face deformation,3DFaceSculptor: A Common Framework for Image-Guided 3D Face Deformation,IEEE Transactions on Visualization and Computer Graphics,journalArticle,5KGSFDRI,,EXCLUDE,EXCLUDE,"主题为计算机图形学/3D人脸编辑（非口腔医学）；且证据片段中 Blender 仅出现在参考文献列表（[61] B. O. Community, ""Blender""）及泛述中，未表明本研究自身在材料与方法中使用该软件处理口腔3D数据。",-,-,-,-,"【判定】: EXCLUDE
【证据】: 主题为计算机图形学/3D人脸编辑（非口腔医学）；且证据片段中 Blender 仅出现在参考文献列表（[61] B. O. Community, ""Blender""）及泛述中，未表明本研究自身在材料与方法中使用该软件处理口腔3D数据。
【软件】: -
【专科】: -
【应用场景】: -
【研究设计】: -"
tooth motion monitoring in orthodontic treatment by mobile device based multi view stereo,Tooth Motion Monitoring in Orthodontic Treatment by Mobile Device-Based Multi-View Stereo,IEEE Transactions on Visualization and Computer Graphics,journalArticle,TH6PYK56,,EXCLUDE,EXCLUDE,"证据片段中未出现任何表明本研究自身使用了具名第三方非牙科3D软件的表述（如 ""we used / were analysed using / imported into / processed in"" 等）；片段仅提及自研框架、DM 商业产品及参考文献中的软件/方法，缺乏本研究使用具名第三方3D软件的证据。",-,-,-,-,"【判定】: EXCLUDE
【证据】: 证据片段中未出现任何表明本研究自身使用了具名第三方非牙科3D软件的表述（如 ""we used / were analysed using / imported into / processed in"" 等）；片段仅提及自研框架、DM 商业产品及参考文献中的软件/方法，缺乏本研究使用具名第三方3D软件的证据。
【软件】: -
【专科】: -
【应用场景】: -
【研究设计】: -"
masked deep embeddings of patches for teeth segmentation in cone beam ct images,Masked Deep Embeddings of Patches for Teeth Segmentation in Cone Beam CT Images,2024 IEEE International Symposium on Biomedical Imaging (ISBI),conferencePaper,A3RPJ5SA,,EXCLUDE,EXCLUDE,"证据片段仅描述自研的 DEMAE（deep embedding MAE）自监督学习框架，未出现任何具名第三方非牙科3D软件（如 Mimics、3D Slicer、ITK-SNAP 等）被本研究使用的表述（无 ""we used / imported into / processed in"" 等指向具体软件名的句子）。",-,-,-,-,"【判定】: EXCLUDE
【证据】: 证据片段仅描述自研的 DEMAE（deep embedding MAE）自监督学习框架，未出现任何具名第三方非牙科3D软件（如 Mimics、3D Slicer、ITK-SNAP 等）被本研究使用的表述（无 ""we used / imported into / processed in"" 等指向具体软件名的句子）。
【软件】: -
【专科】: -
【应用场景】: -
【研究设计】: -"
teeth and jaw segmentation from cbct images using 3d deep learning models,Teeth and Jaw Segmentation from CBCT images Using 3D Deep Learning Models,2022 18th International Computer Engineering Conference (ICENCO),conferencePaper,FAVVAM5K,,EXCLUDE,EXCLUDE,"证据片段仅描述""we use several models to segment each jaw""（自研深度学习模型），未出现任何具名第三方非牙科3D软件（如 Mimics、3D Slicer、ITK-SNAP 等）被本研究使用的表述；缺失""本研究自身使用了具名第三方非牙科3D软件""的证据。",-,-,-,-,"【判定】: EXCLUDE
【证据】: 证据片段仅描述""we use several models to segment each jaw""（自研深度学习模型），未出现任何具名第三方非牙科3D软件（如 Mimics、3D Slicer、ITK-SNAP 等）被本研究使用的表述；缺失""本研究自身使用了具名第三方非牙科3D软件""的证据。
【软件】: -
【专科】: -
【应用场景】: -
【研究设计】: -"
archmap arch flattening and knowledge guided vision language model for tooth counting and structured dental understanding,ArchMap: Arch-Flattening and Knowledge-Guided Vision Language Model for Tooth Counting and Structured Dental Understanding,2025 IEEE International Conference on Big Data (BigData),conferencePaper,GFZ3RVCT,,EXCLUDE,EXCLUDE,"证据片段中未出现任何表明本研究自身使用了具名第三方非牙科3D软件的表述；片段仅泛述""this study likewise uses a deidentified IOS dataset primarily consisting of STL arch meshes""，以及引用他人研究（Jang et al.、Cui et al.）的深度学习模型，属他文引用与泛述，缺失""we used / imported into / processed in""等本研究自用软件的原文证据。",-,-,-,-,"【判定】: EXCLUDE
【证据】: 证据片段中未出现任何表明本研究自身使用了具名第三方非牙科3D软件的表述；片段仅泛述""this study likewise uses a deidentified IOS dataset primarily consisting of STL arch meshes""，以及引用他人研究（Jang et al.、Cui et al.）的深度学习模型，属他文引用与泛述，缺失""we used / imported into / processed in""等本研究自用软件的原文证据。
【软件】: -
【专科】: -
【应用场景】: -
【研究设计】: -"
transdfnet transformer based truncated signed distance fields for the shape design of removable partial denture clasps,TranSDFNet: Transformer-Based Truncated Signed Distance Fields for the Shape Design of Removable Partial Denture Clasps,IEEE Journal of Biomedical and Health Informatics,journalArticle,NN3EPFTW,,EXCLUDE,EXCLUDE,"证据片段中未出现任何表明本研究自身使用了具名第三方非牙科3D软件的表述（如 ""we used / were analysed using / imported into / processed in"" 等）；片段仅描述自研的 Transformer 网络与 TSDF 方法，并泛述他人研究（如 ""A similar method has proven its success...""），缺失本研究使用具名第三方非牙科3D软件的证据。",-,-,-,-,"【判定】: EXCLUDE
【证据】: 证据片段中未出现任何表明本研究自身使用了具名第三方非牙科3D软件的表述（如 ""we used / were analysed using / imported into / processed in"" 等）；片段仅描述自研的 Transformer 网络与 TSDF 方法，并泛述他人研究（如 ""A similar method has proven its success...""），缺失本研究使用具名第三方非牙科3D软件的证据。
【软件】: -
【专科】: -
【应用场景】: -
【研究设计】: -"
3d condyle mamba hybrid u net and mamba with shape priors for tmj condyle segmentation,3D Condyle-Mamba: Hybrid U-Net and Mamba with Shape Priors for TMJ Condyle Segmentation,2025 International Conference on Virtual Reality and Visualization (ICVRV),conferencePaper,4HHZUW3L,,EXCLUDE,EXCLUDE,"证据片段仅描述该研究提出自研混合架构 ""3D Condyle-Mamba, a hybrid architecture combining U-Net, Mamba state space models, and shape priors""，未出现任何具名第三方非牙科3D软件（如 Mimics、3D Slicer、MATLAB 等）被本研究使用的表述（如 ""we used / were analysed using / imported into / processed in""）。",-,-,-,-,"【判定】: EXCLUDE
【证据】: 证据片段仅描述该研究提出自研混合架构 ""3D Condyle-Mamba, a hybrid architecture combining U-Net, Mamba state space models, and shape priors""，未出现任何具名第三方非牙科3D软件（如 Mimics、3D Slicer、MATLAB 等）被本研究使用的表述（如 ""we used / were analysed using / imported into / processed in""）。
【软件】: -
【专科】: -
【应用场景】: -
【研究设计】: -"
research and design of cloud based digital three dimensional scanning system for denture digitization,Research and Design of Cloud-Based Digital Three-Dimensional Scanning System for Denture Digitization,2023 IEEE 3rd International Conference on Data Science and Computer Application (ICDSCA),conferencePaper,MTCKAFRR,,EXCLUDE,EXCLUDE,"证据片段仅提及 ""independently developed dual-spindle digital cutting machine"" 及自研系统架构，未出现任何具名第三方非牙科3D软件（如 Mimics、3D Slicer、Geomagic 等）被本研究使用的表述；缺失""本研究自身使用具名第三方非牙科3D软件""的证据。",-,-,-,-,"【判定】: EXCLUDE
【证据】: 证据片段仅提及 ""independently developed dual-spindle digital cutting machine"" 及自研系统架构，未出现任何具名第三方非牙科3D软件（如 Mimics、3D Slicer、Geomagic 等）被本研究使用的表述；缺失""本研究自身使用具名第三方非牙科3D软件""的证据。
【软件】: -
【专科】: -
【应用场景】: -
【研究设计】: -"
single bone modeler deep learning bone segmentation for cone beam ct,Single Bone Modeler: deep learning bone segmentation for cone-beam CT,2024 46th Annual International Conference of the IEEE Engineering in Medicine and Biology Society (EMBC),conferencePaper,NPAKCEJN,,EXCLUDE,EXCLUDE,主题为骨科（orthopedics）四肢骨分割，不属于口腔医学任一学科；摘要与证据片段均未涉及口腔/颌面/牙科应用。,-,-,-,-,"【判定】: EXCLUDE
【证据】: 主题为骨科（orthopedics）四肢骨分割，不属于口腔医学任一学科；摘要与证据片段均未涉及口腔/颌面/牙科应用。
【软件】: -
【专科】: -
【应用场景】: -
【研究设计】: -"
simultaneous reconstruction and tracking for motion correction in image guided surgery,Simultaneous Reconstruction and Tracking for Motion Correction in Image Guided Surgery,IEEE Transactions on Biomedical Engineering,journalArticle,IIUX7N4E,,EXCLUDE,EXCLUDE,"证据片段中 Brainlab 仅出现在 ""Brawanski et al. [14] used a Brainlab Z-touch laser pointer for surface matching"" 这一他文引用中，并非本研究自身使用；本研究为自研的同时重建与跟踪框架，未表明使用任何具名第三方非牙科3D软件。",-,-,-,-,"【判定】: EXCLUDE
【证据】: 证据片段中 Brainlab 仅出现在 ""Brawanski et al. [14] used a Brainlab Z-touch laser pointer for surface matching"" 这一他文引用中，并非本研究自身使用；本研究为自研的同时重建与跟踪框架，未表明使用任何具名第三方非牙科3D软件。
【软件】: -
【专科】: -
【应用场景】: -
【研究设计】: -"
anatomical deep learning analysis for automated detection of dental caries a novel approach,Anatomical Deep Learning Analysis for Automated Detection of Dental Caries: A Novel Approach,2024 Ninth International Conference on Science Technology Engineering and Mathematics (ICONSTEM),conferencePaper,EERIYCIP,,EXCLUDE,EXCLUDE,"证据片段中未出现任何表明本研究自身使用了具名第三方非牙科3D软件的表述；仅泛述 ""CT imaging provides sophisticated tools for image processing and analysis"" 及 ""segmentation methods, volume rendering, and multiplanar reconstruction included in these tools""，未指明具体软件名，也无 ""we used / were analysed using / imported into / processed in"" 等本研究使用软件的表述。该研究为自建CNN深度学习模型，缺乏具名第三方3D软件使用证据。",-,-,-,-,"【判定】: EXCLUDE
【证据】: 证据片段中未出现任何表明本研究自身使用了具名第三方非牙科3D软件的表述；仅泛述 ""CT imaging provides sophisticated tools for image processing and analysis"" 及 ""segmentation methods, volume rendering, and multiplanar reconstruction included in these tools""，未指明具体软件名，也无 ""we used / were analysed using / imported into / processed in"" 等本研究使用软件的表述。该研究为自建CNN深度学习模型，缺乏具名第三方3D软件使用证据。
【软件】: -
【专科】: -
【应用场景】: -
【研究设计】: -"
investigating the extension of self supervised learning algorithms to 3d medical and dental image applications,Investigating the Extension of Self Supervised Learning Algorithms to 3D Medical and Dental Image Applications,2025 4th OPJU International Technology Conference (OTCON) on Smart Computing for Innovation and Advancement in Industry 5.0,conferencePaper,BXJILH7G,,EXCLUDE,EXCLUDE,"证据片段中出现的 ""Brainlab"" 仅出现在参考文献列表（""[22] ... Robotic alignment system Cirq (Brainlab)...""），并非本研究自身在材料与方法中使用；其余片段仅描述自研的自监督学习算法/3D U-Net 架构，未表明本研究使用任何具名第三方非牙科3D软件。",-,-,-,-,"【判定】: EXCLUDE
【证据】: 证据片段中出现的 ""Brainlab"" 仅出现在参考文献列表（""[22] ... Robotic alignment system Cirq (Brainlab)...""），并非本研究自身在材料与方法中使用；其余片段仅描述自研的自监督学习算法/3D U-Net 架构，未表明本研究使用任何具名第三方非牙科3D软件。
【软件】: -
【专科】: -
【应用场景】: -
【研究设计】: -"
self supervised learning with masked autoencoders for teeth segmentation from intra oral 3d scans,Self-Supervised Learning with Masked Autoencoders for Teeth Segmentation from Intra-oral 3D Scans,2024 IEEE/CVF Winter Conference on Applications of Computer Vision (WACV),conferencePaper,2AL3VIDT,,EXCLUDE,EXCLUDE,"证据片段中未出现任何具名第三方非牙科3D软件（如 Mimics、3D Slicer、MeshLab、Blender 等）被本研究使用的表述；文中仅提及自研的 DentalMAE 框架及 MeshMAE transformer，属于自建深度学习模型，无 ""we used / were analysed using / imported into / processed in"" 等表明本研究使用具名第三方软件的证据。",-,-,-,-,"【判定】: EXCLUDE
【证据】: 证据片段中未出现任何具名第三方非牙科3D软件（如 Mimics、3D Slicer、MeshLab、Blender 等）被本研究使用的表述；文中仅提及自研的 DentalMAE 框架及 MeshMAE transformer，属于自建深度学习模型，无 ""we used / were analysed using / imported into / processed in"" 等表明本研究使用具名第三方软件的证据。
【软件】: -
【专科】: -
【应用场景】: -
【研究设计】: -"
towards reliable 3d face reconstruction from voice evaluating the consistency between regression metrics and ssim,Towards Reliable 3D Face Reconstruction from Voice: Evaluating the Consistency between Regression Metrics and SSIM,"2025 International Conference on Smart Computing, IoT and Machine Learning (SIML)",conferencePaper,TV7FIHW6,,EXCLUDE,EXCLUDE,该研究使用自建深度学习模型（MLP、VAE、Transformer）及 FLAME-DECA 参数化人脸模型，未在材料与方法中出现任何具名第三方非牙科3D软件（如 Mimics、3D Slicer、Blender、MATLAB 等）用于3D数据处理、分析、建模或测量；证据片段中仅提及自研 pipeline 与深度学习架构。,-,-,-,-,"【判定】: EXCLUDE
【证据】: 该研究使用自建深度学习模型（MLP、VAE、Transformer）及 FLAME-DECA 参数化人脸模型，未在材料与方法中出现任何具名第三方非牙科3D软件（如 Mimics、3D Slicer、Blender、MATLAB 等）用于3D数据处理、分析、建模或测量；证据片段中仅提及自研 pipeline 与深度学习架构。
【软件】: -
【专科】: -
【应用场景】: -
【研究设计】: -"
mvdc a multi view dental completion model based on contrastive learning,MVDC : A Multi-view Dental Completion Model Based on Contrastive Learning,"ICASSP 2025 - 2025 IEEE International Conference on Acoustics, Speech and Signal Processing (ICASSP)",conferencePaper,882UEMTA,,EXCLUDE,EXCLUDE,"证据片段中未出现任何表明本研究自身使用了具名第三方非牙科3D软件的表述（如 ""we used / were analysed using / imported into / processed in""）。片段仅泛述 ""there are some CAD software available for auxiliary design""，未指明具体软件名，且该研究为自研深度学习模型 MVDC（multi-view generator、discriminator、occlusal groove extraction network），无具名第三方软件使用证据。",-,-,-,-,"【判定】: EXCLUDE
【证据】: 证据片段中未出现任何表明本研究自身使用了具名第三方非牙科3D软件的表述（如 ""we used / were analysed using / imported into / processed in""）。片段仅泛述 ""there are some CAD software available for auxiliary design""，未指明具体软件名，且该研究为自研深度学习模型 MVDC（multi-view generator、discriminator、occlusal groove extraction network），无具名第三方软件使用证据。
【软件】: -
【专科】: -
【应用场景】: -
【研究设计】: -"
segmenting maxillofacial structures in cbct volumes,Segmenting Maxillofacial Structures in CBCT Volumes,2025 IEEE/CVF Conference on Computer Vision and Pattern Recognition (CVPR),conferencePaper,BY9DJMI6,,EXCLUDE,EXCLUDE,"片段中仅提及 ""adaptations to the nnU-Net framework"" 及 ""state-of-the-art neural network models""，未出现任何具名第三方非牙科3D软件（如 Mimics、3D Slicer、ITK-SNAP 等）被本研究自身用于3D数据处理/分析/建模/测量的表述；nnU-Net 为自建/深度学习分割框架，不属于纳入标准所列具名第三方非牙科3D软件。",-,-,-,-,"【判定】: EXCLUDE
【证据】: 片段中仅提及 ""adaptations to the nnU-Net framework"" 及 ""state-of-the-art neural network models""，未出现任何具名第三方非牙科3D软件（如 Mimics、3D Slicer、ITK-SNAP 等）被本研究自身用于3D数据处理/分析/建模/测量的表述；nnU-Net 为自建/深度学习分割框架，不属于纳入标准所列具名第三方非牙科3D软件。
【软件】: -
【专科】: -
【应用场景】: -
【研究设计】: -"
automatic detection of tooth gingiva trim lines on dental surfaces,Automatic Detection of Tooth-Gingiva Trim Lines on Dental Surfaces,IEEE Transactions on Medical Imaging,journalArticle,NECU8DQL,,EXCLUDE,EXCLUDE,"证据片段仅描述该研究提出自研的几何深度学习框架（TLP-Net、TLR-Net），未出现任何具名第三方非牙科3D软件（如 Mimics、3D Slicer、MATLAB 等）被""we used / were analysed using / imported into / processed in""等表述表明本研究自身使用的证据；片段中仅出现 U-Net（网络结构）与 LDDMM（索引词），均非第三方3D处理软件。",-,-,-,-,"【判定】: EXCLUDE
【证据】: 证据片段仅描述该研究提出自研的几何深度学习框架（TLP-Net、TLR-Net），未出现任何具名第三方非牙科3D软件（如 Mimics、3D Slicer、MATLAB 等）被""we used / were analysed using / imported into / processed in""等表述表明本研究自身使用的证据；片段中仅出现 U-Net（网络结构）与 LDDMM（索引词），均非第三方3D处理软件。
【软件】: -
【专科】: -
【应用场景】: -
【研究设计】: -"
realistic 3d human avatar creation for metaverse,Realistic 3D Human Avatar Creation for Metaverse,"2025 22nd International Conference on Electrical Engineering/Electronics, Computer, Telecommunications and Information Technology (ECTI-CON)",conferencePaper,MUGR4YEY,,EXCLUDE,EXCLUDE,"该研究主题为 Metaverse 虚拟人化身创建（3D avatar creation），不属于口腔医学任一学科；证据片段中虽表明本研究使用了 Blender（""we retopologise the reconstructed 3D face manually in 3D software tool Blender""、""import .obj file into the Blender""），但缺失""主题属于口腔医学""这一核心证据。",-,-,-,-,"【判定】: EXCLUDE
【证据】: 该研究主题为 Metaverse 虚拟人化身创建（3D avatar creation），不属于口腔医学任一学科；证据片段中虽表明本研究使用了 Blender（""we retopologise the reconstructed 3D face manually in 3D software tool Blender""、""import .obj file into the Blender""），但缺失""主题属于口腔医学""这一核心证据。
【软件】: -
【专科】: -
【应用场景】: -
【研究设计】: -"
feature fusion enhancement a novel solution for 2d 3d reconstruction in feature uniform contexts,Feature Fusion-Enhancement: A Novel Solution for 2D-3D Reconstruction in Feature-Uniform Contexts,2025 IEEE 20th Conference on Industrial Electronics and Applications (ICIEA),conferencePaper,7U3ZWC26,,EXCLUDE,EXCLUDE,"该研究为自研算法（EESD-H、EPnP-WGN、PatchMatch Stereo 等），方法学片段中未出现任何具名第三方非牙科3D软件（如 Mimics、3D Slicer、MATLAB 等）被""we used / imported into / processed in""等表述表明本研究自身使用的证据；仅提及 SfM、MVS、SIFT、EPnP、PatchMatch 等通用算法/方法名，不构成具名第三方软件。",-,-,-,-,"【判定】: EXCLUDE
【证据】: 该研究为自研算法（EESD-H、EPnP-WGN、PatchMatch Stereo 等），方法学片段中未出现任何具名第三方非牙科3D软件（如 Mimics、3D Slicer、MATLAB 等）被""we used / imported into / processed in""等表述表明本研究自身使用的证据；仅提及 SfM、MVS、SIFT、EPnP、PatchMatch 等通用算法/方法名，不构成具名第三方软件。
【软件】: -
【专科】: -
【应用场景】: -
【研究设计】: -"
example guided 3d human face reconstruction from sparse landmarks,Example-guided 3D Human Face Reconstruction from Sparse Landmarks,2021 International Conference on Cyberworlds (CW),conferencePaper,ER92BPSX,,EXCLUDE,EXCLUDE,"证据片段中未出现任何具名第三方非牙科3D软件（如 Mimics、3D Slicer、Geomagic、MATLAB 等）被本研究自身使用的表述；仅提及 PCA、multiple linear regression 等自研算法/统计方法，无 ""we used / imported into / processed in"" 等使用具名软件的证据。",-,-,-,-,"【判定】: EXCLUDE
【证据】: 证据片段中未出现任何具名第三方非牙科3D软件（如 Mimics、3D Slicer、Geomagic、MATLAB 等）被本研究自身使用的表述；仅提及 PCA、multiple linear regression 等自研算法/统计方法，无 ""we used / imported into / processed in"" 等使用具名软件的证据。
【软件】: -
【专科】: -
【应用场景】: -
【研究设计】: -"
a point based neural network for real scenario deformation prediction in additive manufacturing,A Point-Based Neural Network for Real-Scenario Deformation Prediction in Additive Manufacturing,2022 IEEE 18th International Conference on Automation Science and Engineering (CASE),conferencePaper,ARZKEJSM,,EXCLUDE,EXCLUDE,"证据片段中未出现任何具名第三方非牙科3D软件（如 Mimics、3D Slicer、Geomagic、MATLAB 等）被本研究自身使用的表述；仅提及自研点云神经网络及 FEM 等泛述，缺少""we used / imported into / processed in""等表明本研究使用具名第三方3D软件的原文。",-,-,-,-,"【判定】: EXCLUDE
【证据】: 证据片段中未出现任何具名第三方非牙科3D软件（如 Mimics、3D Slicer、Geomagic、MATLAB 等）被本研究自身使用的表述；仅提及自研点云神经网络及 FEM 等泛述，缺少""we used / imported into / processed in""等表明本研究使用具名第三方3D软件的原文。
【软件】: -
【专科】: -
【应用场景】: -
【研究设计】: -"
smartdent ai ai driven diagnosis and treatment solutions,SmartDent AI:AI-Driven Diagnosis and Treatment Solutions,2025 Global Conference in Emerging Technology (GINOTECH),conferencePaper,EZ79TJS5,,EXCLUDE,EXCLUDE,证据片段仅描述该研究使用自研深度学习模型（MobileNetV2、U-Net、Pix2Pix），未出现任何具名第三方非牙科3D软件（如 Mimics、3D Slicer、Geomagic 等）被本研究使用的表述；其余片段均为对他人研究的引用与综述性描述。,-,-,-,-,"【判定】: EXCLUDE
【证据】: 证据片段仅描述该研究使用自研深度学习模型（MobileNetV2、U-Net、Pix2Pix），未出现任何具名第三方非牙科3D软件（如 Mimics、3D Slicer、Geomagic 等）被本研究使用的表述；其余片段均为对他人研究的引用与综述性描述。
【软件】: -
【专科】: -
【应用场景】: -
【研究设计】: -"
face analyzer 3d automatic facial profile detection and occlusion classification for dental purposes,Face analyzer 3D: Automatic facial profile detection and occlusion classification for dental purposes,"2022 2nd International Mobile, Intelligent, and Ubiquitous Computing Conference (MIUCC)",conferencePaper,UZID4KPU,,EXCLUDE,INCLUDE,"""Measuring accuracy between two models using Hausdorff Filter [30] in MeshLab"" 及 ""applying the filter as shown in Figure 9b""（本研究使用 MeshLab 的 Hausdorff Distance Filter 进行三维模型精度评估）",MeshLab,Orthodontics,3D data analysis and accuracy assessment,computational,"【判定】: INCLUDE
【证据】: ""Measuring accuracy between two models using Hausdorff Filter [30] in MeshLab"" 及 ""applying the filter as shown in Figure 9b""（本研究使用 MeshLab 的 Hausdorff Distance Filter 进行三维模型精度评估）
【软件】: MeshLab
【专科】: Orthodontics
【应用场景】: 3D data analysis and accuracy assessment
【研究设计】: computational"
deep segmentation of the mandibular canal a new 3d annotated dataset of cbct volumes,Deep Segmentation of the Mandibular Canal: A New 3D Annotated Dataset of CBCT Volumes,IEEE Access,journalArticle,XL7QKKBG,,EXCLUDE,EXCLUDE,"证据片段中未出现任何表明本研究自身使用了具名第三方非牙科3D软件的表述（如 ""we used / were analysed using / imported into / processed in""）；文中仅泛述 ""depending on the available software"" 及自研深度学习/开源代码，无具体软件名。",-,-,-,-,"【判定】: EXCLUDE
【证据】: 证据片段中未出现任何表明本研究自身使用了具名第三方非牙科3D软件的表述（如 ""we used / were analysed using / imported into / processed in""）；文中仅泛述 ""depending on the available software"" 及自研深度学习/开源代码，无具体软件名。
【软件】: -
【专科】: -
【应用场景】: -
【研究设计】: -"
the precise 3d reconstruction of human faces based on 2d photograph,The Precise 3D Reconstruction of Human Faces Based on 2D Photograph,2023 IEEE 13th Annual Computing and Communication Workshop and Conference (CCWC),conferencePaper,RD6I3HU8,,EXCLUDE,EXCLUDE,"证据片段中软件名（COLMAP、Meshroom、Agisoft 等）仅出现在 ""EXISTING TOOLS AND THEIR COMPARISONS"" 对比表格及对现有软件的泛述中，未见 ""we used / were analysed using / imported into / processed in"" 等表明本研究自身使用某一具名第三方非牙科3D软件的表述。",-,-,-,-,"【判定】: EXCLUDE
【证据】: 证据片段中软件名（COLMAP、Meshroom、Agisoft 等）仅出现在 ""EXISTING TOOLS AND THEIR COMPARISONS"" 对比表格及对现有软件的泛述中，未见 ""we used / were analysed using / imported into / processed in"" 等表明本研究自身使用某一具名第三方非牙科3D软件的表述。
【软件】: -
【专科】: -
【应用场景】: -
【研究设计】: -"
simulation of postoperative facial appearances via geometric deep learning for efficient orthognathic surgical planning,Simulation of Postoperative Facial Appearances via Geometric Deep Learning for Efficient Orthognathic Surgical Planning,IEEE Transactions on Medical Imaging,journalArticle,K76EFK8M,,EXCLUDE,EXCLUDE,"证据片段中未出现任何表明本研究自身使用了具名第三方非牙科3D软件的表述（如 ""we used / were analysed using / imported into / processed in""）；该研究为自研深度学习框架 FSC-Net，属自建模型，未使用具名第三方3D软件。",-,-,-,-,"【判定】: EXCLUDE
【证据】: 证据片段中未出现任何表明本研究自身使用了具名第三方非牙科3D软件的表述（如 ""we used / were analysed using / imported into / processed in""）；该研究为自研深度学习框架 FSC-Net，属自建模型，未使用具名第三方3D软件。
【软件】: -
【专科】: -
【应用场景】: -
【研究设计】: -"
automatic 3d digital dental landmark based on point transformation weight,Automatic 3D Digital Dental Landmark Based on Point Transformation Weight,2023 International Conference on Artificial Intelligence in Information and Communication (ICAIIC),conferencePaper,CCHDS9W2,,EXCLUDE,EXCLUDE,"证据片段中仅描述 ""This study proposed a new method to identify each tooth using deep learning combined with weighted mesh points""，未出现任何具名第三方非牙科3D软件（如 Mimics、3D Slicer、MATLAB 等）被本研究使用的表述；该研究使用自研深度学习模型与加权网格点算法，无第三方软件名。",-,-,-,-,"【判定】: EXCLUDE
【证据】: 证据片段中仅描述 ""This study proposed a new method to identify each tooth using deep learning combined with weighted mesh points""，未出现任何具名第三方非牙科3D软件（如 Mimics、3D Slicer、MATLAB 等）被本研究使用的表述；该研究使用自研深度学习模型与加权网格点算法，无第三方软件名。
【软件】: -
【专科】: -
【应用场景】: -
【研究设计】: -"
maxillary sinus disease detection and analysis approaches in deep learning survey,Maxillary Sinus Disease Detection and Analysis Approaches in Deep Learning: Survey,2024 International Conference on Cognitive Robotics and Intelligent Systems (ICC - ROBINS),conferencePaper,G7XDUFQV,,EXCLUDE,EXCLUDE,"该文献为综述（Survey），题名即 ""Survey""，摘要自述 ""The intend of this literature survey...""；证据片段中出现的软件名（如 RadiAnt）均出现在对他人研究（[18] developed...）的转述中，而非本研究自身使用，缺失""本研究自身在材料与方法中使用具名第三方非牙科3D软件""的证据。",-,-,-,-,"【判定】: EXCLUDE
【证据】: 该文献为综述（Survey），题名即 ""Survey""，摘要自述 ""The intend of this literature survey...""；证据片段中出现的软件名（如 RadiAnt）均出现在对他人研究（[18] developed...）的转述中，而非本研究自身使用，缺失""本研究自身在材料与方法中使用具名第三方非牙科3D软件""的证据。
【软件】: -
【专科】: -
【应用场景】: -
【研究设计】: -"
refined individual tooth segmentation from cone beam ct images,Refined Individual Tooth Segmentation from Cone Beam CT Images,2024 IEEE International Symposium on Biomedical Imaging (ISBI),conferencePaper,EEDABI9Y,,EXCLUDE,EXCLUDE,"片段中 3D Slicer 仅出现在 ""These scans have been meticulously annotated at the tooth instance level by experienced dentists using 3D Slicer software"" —— 该软件用于数据集标注（数据准备），而非本研究自身对3D数据进行处理、分析、建模或测量；本研究核心为自研深度学习分割框架（embedding grouping network、Tripartite Fusion Module 等），未使用具名第三方非牙科3D软件进行3D数据处理/分析/建模/测量。",-,-,-,-,"【判定】: EXCLUDE
【证据】: 片段中 3D Slicer 仅出现在 ""These scans have been meticulously annotated at the tooth instance level by experienced dentists using 3D Slicer software"" —— 该软件用于数据集标注（数据准备），而非本研究自身对3D数据进行处理、分析、建模或测量；本研究核心为自研深度学习分割框架（embedding grouping network、Tripartite Fusion Module 等），未使用具名第三方非牙科3D软件进行3D数据处理/分析/建模/测量。
【软件】: -
【专科】: -
【应用场景】: -
【研究设计】: -"
single view 3d face reconstruction method with multi scale feature fusion encoder,Single-View 3D Face Reconstruction Method With Multi-Scale Feature Fusion Encoder,IEEE Access,journalArticle,87S2K99H,,EXCLUDE,EXCLUDE,"证据片段中未出现任何表明本研究自身使用了具名第三方非牙科3D软件的表述（如 ""we used / were analysed using / imported into / processed in""）；仅见自研网络（multi-scale feature fusion encoder）、损失函数公式及参考文献列表，缺失""本研究使用具名第三方3D软件""的证据。",-,-,-,-,"【判定】: EXCLUDE
【证据】: 证据片段中未出现任何表明本研究自身使用了具名第三方非牙科3D软件的表述（如 ""we used / were analysed using / imported into / processed in""）；仅见自研网络（multi-scale feature fusion encoder）、损失函数公式及参考文献列表，缺失""本研究使用具名第三方3D软件""的证据。
【软件】: -
【专科】: -
【应用场景】: -
【研究设计】: -"
3d face geometry enhancement a self supervised framework,3D Face Geometry Enhancement: A Self-Supervised Framework,2025 IEEE International Workshop on Radio Frequency and Antenna Technologies (iWRF&AT),conferencePaper,7GXKSU8K,,EXCLUDE,EXCLUDE,"缺失证据：片段中未出现任何表明本研究自身使用了具名第三方非牙科3D软件的表述（如 ""we used / were analysed using / imported into / processed in""）。文中提及的 HIFI3D++ 为3D人脸形变模型（非通用3D处理软件），PyTorch、PyTorch3D、Adam 为深度学习框架/优化器，BiSeNet 为分割网络，均不属于纳入标准所列的具名第三方非牙科3D软件；且该研究为自研自监督学习框架。",-,-,-,-,"【判定】: EXCLUDE
【证据】: 缺失证据：片段中未出现任何表明本研究自身使用了具名第三方非牙科3D软件的表述（如 ""we used / were analysed using / imported into / processed in""）。文中提及的 HIFI3D++ 为3D人脸形变模型（非通用3D处理软件），PyTorch、PyTorch3D、Adam 为深度学习框架/优化器，BiSeNet 为分割网络，均不属于纳入标准所列的具名第三方非牙科3D软件；且该研究为自研自监督学习框架。
【软件】: -
【专科】: -
【应用场景】: -
【研究设计】: -"
3d facial tracking and user authentication through lightweight single ear biosensors,3D Facial Tracking and User Authentication Through Lightweight Single-Ear Biosensors,IEEE Transactions on Mobile Computing,journalArticle,GSFURB8J,,EXCLUDE,EXCLUDE,"证据片段中未出现任何具名第三方非牙科3D软件（如 Mimics、3D Slicer、MATLAB 等）被本研究使用的表述；仅提及自建的 ""Biosignal-based Multi-input CNN Network""、""cross-modal transfer learning model"" 等自研模型，以及 ""Bandpass Filtering""、""Biosignal Frame Segmentation"" 等自研处理流程，缺少""本研究使用某具名第三方3D软件""的证据。",-,-,-,-,"【判定】: EXCLUDE
【证据】: 证据片段中未出现任何具名第三方非牙科3D软件（如 Mimics、3D Slicer、MATLAB 等）被本研究使用的表述；仅提及自建的 ""Biosignal-based Multi-input CNN Network""、""cross-modal transfer learning model"" 等自研模型，以及 ""Bandpass Filtering""、""Biosignal Frame Segmentation"" 等自研处理流程，缺少""本研究使用某具名第三方3D软件""的证据。
【软件】: -
【专科】: -
【应用场景】: -
【研究设计】: -"
localization of craniomaxillofacial landmarks on cbct images using 3d mask r cnn and local dependency learning,Localization of Craniomaxillofacial Landmarks on CBCT Images Using 3D Mask R-CNN and Local Dependency Learning,IEEE Transactions on Medical Imaging,journalArticle,VDZWG6NT,,EXCLUDE,EXCLUDE,"缺失表明本研究自身使用了具名第三方非牙科3D软件的证据。证据片段仅描述自研深度学习框架（Mask R-CNN 扩展、Multi-RPN、Recognition Network 等），未出现 ""we used / were analysed using / imported into / processed in"" 等表述指向任何具名第三方非牙科3D软件；Mask R-CNN 为深度学习模型架构而非三维数据处理软件。",-,-,-,-,"【判定】: EXCLUDE
【证据】: 缺失表明本研究自身使用了具名第三方非牙科3D软件的证据。证据片段仅描述自研深度学习框架（Mask R-CNN 扩展、Multi-RPN、Recognition Network 等），未出现 ""we used / were analysed using / imported into / processed in"" 等表述指向任何具名第三方非牙科3D软件；Mask R-CNN 为深度学习模型架构而非三维数据处理软件。
【软件】: -
【专科】: -
【应用场景】: -
【研究设计】: -"
design and development of hybrid artificial intelligence enabled virtual reality for digital inheritance and protection of intangible cultural heritage,Design and Development of Hybrid Artificial Intelligence-Enabled Virtual Reality for Digital Inheritance and Protection of Intangible Cultural Heritage,2025 International Conference on Intelligent Communication Networks and Computational Techniques (ICICNCT),conferencePaper,RUNVK5DH,,EXCLUDE,EXCLUDE,主题不属于口腔医学（为非物质文化遗产数字化保护），且文献类型为会议论文（ICICNCT 会议），不符合纳入标准。,-,-,-,-,"【判定】: EXCLUDE
【证据】: 主题不属于口腔医学（为非物质文化遗产数字化保护），且文献类型为会议论文（ICICNCT 会议），不符合纳入标准。
【软件】: -
【专科】: -
【应用场景】: -
【研究设计】: -"
segmentation of anterior tissues in craniofacial cone beam ct images,Segmentation of Anterior Tissues in Craniofacial Cone-Beam CT Images,2020 IEEE 33rd International Symposium on Computer-Based Medical Systems (CBMS),conferencePaper,87WQATRY,,EXCLUDE,EXCLUDE,"证据片段中仅描述 ""we describe our automated segmentation approach ... by combining a selected set of 2D image processing techniques""，未出现任何具名第三方非牙科3D软件（如 Mimics、3D Slicer、MATLAB 等）被本研究使用的表述；缺失表明本研究自身使用具名第三方3D软件的证据。",-,-,-,-,"【判定】: EXCLUDE
【证据】: 证据片段中仅描述 ""we describe our automated segmentation approach ... by combining a selected set of 2D image processing techniques""，未出现任何具名第三方非牙科3D软件（如 Mimics、3D Slicer、MATLAB 等）被本研究使用的表述；缺失表明本研究自身使用具名第三方3D软件的证据。
【软件】: -
【专科】: -
【应用场景】: -
【研究设计】: -"
quality evaluation of intraoral scanners using reverse engineered scan body,Quality Evaluation of Intraoral Scanners Using Reverse-Engineered Scan Body,IEEE Sensors Journal,journalArticle,6833KBVL,,EXCLUDE,EXCLUDE,"证据片段仅描述了逆向工程工作流程（""reverse-engineers the surface""、""creates their respective geometric primitives""、""generate a computer-aided design (CAD) model""），但未出现任何具名第三方非牙科3D软件名（如 Geomagic、GOM Inspect、PolyWorks、CloudCompare、MeshLab、MATLAB 等），也无 ""we used / were analysed using / imported into / processed in"" 等表明本研究自身使用某具名软件的表述。",-,-,-,-,"【判定】: EXCLUDE
【证据】: 证据片段仅描述了逆向工程工作流程（""reverse-engineers the surface""、""creates their respective geometric primitives""、""generate a computer-aided design (CAD) model""），但未出现任何具名第三方非牙科3D软件名（如 Geomagic、GOM Inspect、PolyWorks、CloudCompare、MeshLab、MATLAB 等），也无 ""we used / were analysed using / imported into / processed in"" 等表明本研究自身使用某具名软件的表述。
【软件】: -
【专科】: -
【应用场景】: -
【研究设计】: -"
geometry aware attenuation learning for sparse view cbct reconstruction,Geometry-Aware Attenuation Learning for Sparse-View CBCT Reconstruction,IEEE Transactions on Medical Imaging,journalArticle,ACDPQ8WA,,EXCLUDE,EXCLUDE,"证据片段中未出现任何表明本研究自身使用了具名第三方非牙科3D软件的表述；片段仅为参考文献列表、基金信息与作者单位信息，缺失 ""we used / were analysed using / imported into / processed in"" 等本研究使用软件的原文证据。",-,-,-,-,"【判定】: EXCLUDE
【证据】: 证据片段中未出现任何表明本研究自身使用了具名第三方非牙科3D软件的表述；片段仅为参考文献列表、基金信息与作者单位信息，缺失 ""we used / were analysed using / imported into / processed in"" 等本研究使用软件的原文证据。
【软件】: -
【专科】: -
【应用场景】: -
【研究设计】: -"
comparative analysis of cnn architectures for enhancing oral cancer detection using advanced image processing techniques,Comparative Analysis of CNN Architectures for Enhancing Oral Cancer Detection Using Advanced Image Processing Techniques,"2024 8th International Conference on Computing, Communication, Control and Automation (ICCUBEA)",conferencePaper,6LX67ZM8,,EXCLUDE,EXCLUDE,"证据片段仅涉及深度学习模型（VGG19、ResNet50、ResNet101、CNN）与图像处理技术，未出现任何具名第三方非牙科3D软件（如 Mimics、3D Slicer、MATLAB 等）被本研究使用的表述；缺失""本研究自身在材料与方法中使用具名第三方非牙科3D软件""的证据。",-,-,-,-,"【判定】: EXCLUDE
【证据】: 证据片段仅涉及深度学习模型（VGG19、ResNet50、ResNet101、CNN）与图像处理技术，未出现任何具名第三方非牙科3D软件（如 Mimics、3D Slicer、MATLAB 等）被本研究使用的表述；缺失""本研究自身在材料与方法中使用具名第三方非牙科3D软件""的证据。
【软件】: -
【专科】: -
【应用场景】: -
【研究设计】: -"
reinforcement learning based centerline tracking with cross sectional similarity for enhancing mandibular canal segmentation,Reinforcement Learning-Based Centerline Tracking With Cross-Sectional Similarity for Enhancing Mandibular Canal Segmentation,IEEE Access,journalArticle,QU4CCIPN,,EXCLUDE,EXCLUDE,"证据片段仅显示该研究提出了一个深度强化学习（DRL）框架（""we propose a deep reinforcement learning (DRL) framework""），未出现任何具名第三方非牙科3D软件（如 Mimics、3D Slicer、MATLAB 等）被本研究使用的表述（如 ""we used / were analysed using / imported into / processed in""）。缺失表明本研究自身使用了具名第三方非牙科3D软件的证据。",-,-,-,-,"【判定】: EXCLUDE
【证据】: 证据片段仅显示该研究提出了一个深度强化学习（DRL）框架（""we propose a deep reinforcement learning (DRL) framework""），未出现任何具名第三方非牙科3D软件（如 Mimics、3D Slicer、MATLAB 等）被本研究使用的表述（如 ""we used / were analysed using / imported into / processed in""）。缺失表明本研究自身使用了具名第三方非牙科3D软件的证据。
【软件】: -
【专科】: -
【应用场景】: -
【研究设计】: -"
balancing speed and accuracy a mouth eye 3d keypoints alignment framework for large poses,Balancing Speed and Accuracy: A Mouth-Eye 3D Keypoints Alignment Framework for Large Poses,IEEE Access,journalArticle,VZLM6VC3,,EXCLUDE,EXCLUDE,"缺失表明本研究自身在材料与方法中使用具名第三方非牙科3D软件进行3D数据处理/分析/建模/测量的证据。片段中仅提及 MediaPipe Face Mesh、Dlib、YOLOv11n 等作为对比方法或背景引用，且本研究核心为自研的 3D-KAME 框架（基于 MobileNetV3 自建模型），未出现 ""we used / were analysed using / imported into / processed in"" 等表明本研究自己使用某具名第三方非牙科3D软件的表述。",-,-,-,-,"【判定】: EXCLUDE
【证据】: 缺失表明本研究自身在材料与方法中使用具名第三方非牙科3D软件进行3D数据处理/分析/建模/测量的证据。片段中仅提及 MediaPipe Face Mesh、Dlib、YOLOv11n 等作为对比方法或背景引用，且本研究核心为自研的 3D-KAME 框架（基于 MobileNetV3 自建模型），未出现 ""we used / were analysed using / imported into / processed in"" 等表明本研究自己使用某具名第三方非牙科3D软件的表述。
【软件】: -
【专科】: -
【应用场景】: -
【研究设计】: -"
hybrid forecasting of occlusal changes in deep bite correction based on digital setup 3d models and design factors,"Hybrid Forecasting of Occlusal Changes in Deep Bite Correction Based on Digital Setup, 3D Models, and Design Factors",2026 International Conference on Integrated Intelligence and Cognitive Engineering (ICIICE),conferencePaper,DSCSKE4B,,EXCLUDE,EXCLUDE,"证据片段中 ""3D Slicer"" 仅出现在参考文献列表（""[20] SlicerCMF, 'SlicerCMF: Open-source dental image analysis extension for 3D Slicer.'""），未出现 ""we used / were analysed using / imported into / processed in"" 等表明本研究自身使用该软件的表述；其余片段为泛述（如 ""Comparisons of superimposition software and algorithms reveal differences...""），未指明本研究使用了某一具名第三方非牙科3D软件。",-,-,-,-,"【判定】: EXCLUDE
【证据】: 证据片段中 ""3D Slicer"" 仅出现在参考文献列表（""[20] SlicerCMF, 'SlicerCMF: Open-source dental image analysis extension for 3D Slicer.'""），未出现 ""we used / were analysed using / imported into / processed in"" 等表明本研究自身使用该软件的表述；其余片段为泛述（如 ""Comparisons of superimposition software and algorithms reveal differences...""），未指明本研究使用了某一具名第三方非牙科3D软件。
【软件】: -
【专科】: -
【应用场景】: -
【研究设计】: -"
topo4d realistic physically based 4d head capture with topology preserving gaussian splatting and expression priors,Topo4D++: Realistic Physically Based 4D Head Capture With Topology-Preserving Gaussian Splatting and Expression Priors,IEEE Transactions on Pattern Analysis and Machine Intelligence,journalArticle,CGDDK52Q,,EXCLUDE,EXCLUDE,"缺失证据：片段中未出现 ""we used / were analysed using / imported into / processed in"" 等表明本研究自身使用了某个具名第三方非牙科3D软件的表述；仅提及他人使用的 Wrap4D、Track4D（""experienced artists manually correct the tracking results using professional software such as Wrap4D and Track4D""），属他文/泛述引用，且该研究为自研框架 Topo4D++（自建方法/模型）。",-,-,-,-,"【判定】: EXCLUDE
【证据】: 缺失证据：片段中未出现 ""we used / were analysed using / imported into / processed in"" 等表明本研究自身使用了某个具名第三方非牙科3D软件的表述；仅提及他人使用的 Wrap4D、Track4D（""experienced artists manually correct the tracking results using professional software such as Wrap4D and Track4D""），属他文/泛述引用，且该研究为自研框架 Topo4D++（自建方法/模型）。
【软件】: -
【专科】: -
【应用场景】: -
【研究设计】: -"
fm 3dfr facial manipulation based 3 d face reconstruction,FM-3DFR: Facial Manipulation-Based 3-D Face Reconstruction,IEEE Transactions on Cybernetics,journalArticle,N2EG2QIJ,,EXCLUDE,EXCLUDE,"证据片段中未出现任何具名第三方非牙科3D软件（如 Mimics、3D Slicer、Blender、MATLAB 等）被本研究自身使用的表述；文中仅描述自研的 3DMM 框架、mesh editing 方法与加权采样算法，属于自研代码/自建模型，无 ""we used / were analysed using / imported into / processed in"" 等使用具名第三方软件的表述。",-,-,-,-,"【判定】: EXCLUDE
【证据】: 证据片段中未出现任何具名第三方非牙科3D软件（如 Mimics、3D Slicer、Blender、MATLAB 等）被本研究自身使用的表述；文中仅描述自研的 3DMM 框架、mesh editing 方法与加权采样算法，属于自研代码/自建模型，无 ""we used / were analysed using / imported into / processed in"" 等使用具名第三方软件的表述。
【软件】: -
【专科】: -
【应用场景】: -
【研究设计】: -"
tooth enamel segmentation from dental x ray using mask r cnn algorithm,Tooth Enamel segmentation from dental x-ray using MASK R-CNN Algorithm,2024 International Conference on Recent Advances in Science and Engineering Technology (ICRASET),conferencePaper,6HE5F6K3,,EXCLUDE,EXCLUDE,"证据片段仅描述使用自研/自建深度学习模型 ""Mask R-CNN"" 进行分割（""Our purpose is to apply Mask R-CNN to perform enamel region semantic segmentation""），未出现任何具名第三方非牙科3D软件（如 Mimics、3D Slicer、MATLAB 等）被本研究使用的表述（如 ""we used / imported into / processed in""）。",-,-,-,-,"【判定】: EXCLUDE
【证据】: 证据片段仅描述使用自研/自建深度学习模型 ""Mask R-CNN"" 进行分割（""Our purpose is to apply Mask R-CNN to perform enamel region semantic segmentation""），未出现任何具名第三方非牙科3D软件（如 Mimics、3D Slicer、MATLAB 等）被本研究使用的表述（如 ""we used / imported into / processed in""）。
【软件】: -
【专科】: -
【应用场景】: -
【研究设计】: -"
generative chained label propagation a semi supervised approach for enhanced 3d segmentation of the inferior alveolar nerve,Generative Chained Label Propagation: A Semi-Supervised Approach for Enhanced 3D Segmentation of the Inferior Alveolar Nerve,2025 IEEE 22nd International Symposium on Biomedical Imaging (ISBI),conferencePaper,9TE2J8EB,,EXCLUDE,EXCLUDE,"片段中 ITK-SNAP 仅出现在 ""All outputs were captured using ITK-SNAP[17]"" 这一图注说明中，用于可视化输出结果，并非本研究自身在材料与方法中用于3D数据处理、分析、建模或测量；本研究核心为自研算法 GCLP、PosPadUNet、ARP-UNet，属自建深度学习模型，未使用具名第三方非牙科3D软件进行方法学处理。",-,-,-,-,"【判定】: EXCLUDE
【证据】: 片段中 ITK-SNAP 仅出现在 ""All outputs were captured using ITK-SNAP[17]"" 这一图注说明中，用于可视化输出结果，并非本研究自身在材料与方法中用于3D数据处理、分析、建模或测量；本研究核心为自研算法 GCLP、PosPadUNet、ARP-UNet，属自建深度学习模型，未使用具名第三方非牙科3D软件进行方法学处理。
【软件】: -
【专科】: -
【应用场景】: -
【研究设计】: -"
investigation on learning accuracy for tongue surface extraction from ultrasound image,Investigation on Learning Accuracy for Tongue Surface Extraction from Ultrasound Image,2024 7th Asia Conference on Cognitive Engineering and Intelligent lnteraction (CEII),conferencePaper,E8SME964,,EXCLUDE,EXCLUDE,"片段中仅提及 ""employ U-net [16], which is a kind of CNN model""，属于自建/深度学习模型，未出现任何具名第三方非牙科3D软件（如 Mimics、3D Slicer、MATLAB 等）被本研究使用的表述；软件名仅出现在参考文献列表中。",-,-,-,-,"【判定】: EXCLUDE
【证据】: 片段中仅提及 ""employ U-net [16], which is a kind of CNN model""，属于自建/深度学习模型，未出现任何具名第三方非牙科3D软件（如 Mimics、3D Slicer、MATLAB 等）被本研究使用的表述；软件名仅出现在参考文献列表中。
【软件】: -
【专科】: -
【应用场景】: -
【研究设计】: -"
silhouette to contour registration aligning intraoral scan models with cephalometric radiographs,Silhouette-to-Contour Registration: Aligning Intraoral Scan Models with Cephalometric Radiographs,2025 IEEE International Conference on Bioinformatics and Biomedicine (BIBM),conferencePaper,5RMXCURX,,EXCLUDE,EXCLUDE,"证据片段中出现的软件名（3D Slicer）仅出现在参考文献列表中（""Drrgenerator: a three-dimensional slicer extension...""），并非本研究自身在材料与方法中使用；本研究提出的是自研框架 DentalSCR，未显示使用具名第三方非牙科3D软件。",-,-,-,-,"【判定】: EXCLUDE
【证据】: 证据片段中出现的软件名（3D Slicer）仅出现在参考文献列表中（""Drrgenerator: a three-dimensional slicer extension...""），并非本研究自身在材料与方法中使用；本研究提出的是自研框架 DentalSCR，未显示使用具名第三方非牙科3D软件。
【软件】: -
【专科】: -
【应用场景】: -
【研究设计】: -"
single image super resolution of noisy 3d dental ct images using tucker decomposition,Single Image Super-Resolution Of Noisy 3d Dental Ct Images Using Tucker Decomposition,2021 IEEE 18th International Symposium on Biomedical Imaging (ISBI),conferencePaper,P6I72WYR,,EXCLUDE,EXCLUDE,证据片段中未出现任何具名第三方非牙科3D软件（如 Mimics、3D Slicer、MATLAB 等）被本研究使用的表述；仅描述了自研的基于 Tucker/CPD 张量分解的算法（TD-SISR、TF-SISR），属于自研代码/自建方法，无第三方软件使用证据。,-,-,-,-,"【判定】: EXCLUDE
【证据】: 证据片段中未出现任何具名第三方非牙科3D软件（如 Mimics、3D Slicer、MATLAB 等）被本研究使用的表述；仅描述了自研的基于 Tucker/CPD 张量分解的算法（TD-SISR、TF-SISR），属于自研代码/自建方法，无第三方软件使用证据。
【软件】: -
【专科】: -
【应用场景】: -
【研究设计】: -"
how much does input data type impact final face model accuracy,How much does input data type impact final face model accuracy?,2022 IEEE/CVF Conference on Computer Vision and Pattern Recognition (CVPR),conferencePaper,2WB7X7TB,,EXCLUDE,EXCLUDE,"证据片段中未出现任何本研究自身使用具名第三方非牙科3D软件的表述（如 ""we used / were analysed using / imported into / processed in""）；仅提及 ICP 算法及他人方法代码，无具体软件名。",-,-,-,-,"【判定】: EXCLUDE
【证据】: 证据片段中未出现任何本研究自身使用具名第三方非牙科3D软件的表述（如 ""we used / were analysed using / imported into / processed in""）；仅提及 ICP 算法及他人方法代码，无具体软件名。
【软件】: -
【专科】: -
【应用场景】: -
【研究设计】: -"
construction of immersive english listening and speaking training platform in virtual reality environment and its effect evaluation system,Construction of Immersive English Listening and Speaking Training Platform in Virtual Reality Environment and Its Effect Evaluation System,"2025 IEEE International Conference on Electronics, Energy Systems and Power Engineering (EESPE)",conferencePaper,JHPJM7BR,,EXCLUDE,EXCLUDE,,-,-,-,-,"【判定】: EXCLUDE
【证据】主题为英语听说训练平台（VR/AR 教育技术），不属于口腔医学任一学科；证据片段中亦无口腔医学相关内容。
【软件】: -
【专科】: -
【应用场景】: -
【研究设计】: -"
patient specific panoramic reconstruction from spiral mdct data via projection domain ct style backprojection,Patient-Specific Panoramic Reconstruction From Spiral MDCT Data via Projection-Domain CT-Style Backprojection,IEEE Access,journalArticle,BUFGA2CW,,EXCLUDE,EXCLUDE,"证据片段中未出现任何具名第三方非牙科3D软件（如 Mimics、3D Slicer、MATLAB 等）的使用表述；仅描述了自研的分割、骨架化、样条平滑等算法流程（""intensity-based segmentation with a threshold of 1500""、""skeletonized""、""spline smoothing parameter λ""），无 ""we used / were analysed using / imported into / processed in"" 等表明本研究使用具名第三方软件的证据。",-,-,-,-,"【判定】: EXCLUDE
【证据】: 证据片段中未出现任何具名第三方非牙科3D软件（如 Mimics、3D Slicer、MATLAB 等）的使用表述；仅描述了自研的分割、骨架化、样条平滑等算法流程（""intensity-based segmentation with a threshold of 1500""、""skeletonized""、""spline smoothing parameter λ""），无 ""we used / were analysed using / imported into / processed in"" 等表明本研究使用具名第三方软件的证据。
【软件】: -
【专科】: -
【应用场景】: -
【研究设计】: -"
craniomaxillofacial bone segmentation and landmark detection using semantic segmentation networks and an unbiased heatmap,Craniomaxillofacial Bone Segmentation and Landmark Detection Using Semantic Segmentation Networks and an Unbiased Heatmap,IEEE Journal of Biomedical and Health Informatics,journalArticle,7GZC9JZE,,EXCLUDE,EXCLUDE,"证据片段中仅描述了自研的语义分割网络与热图关键点检测网络（""we proposed a semantic segmentation network""、""we used the top-down heatmap landmark detection network""），未出现任何具名第三方非牙科3D软件（如 Mimics、3D Slicer、MATLAB 等）被本研究使用的表述，缺失""本研究自身使用具名第三方3D软件""的证据。",-,-,-,-,"【判定】: EXCLUDE
【证据】: 证据片段中仅描述了自研的语义分割网络与热图关键点检测网络（""we proposed a semantic segmentation network""、""we used the top-down heatmap landmark detection network""），未出现任何具名第三方非牙科3D软件（如 Mimics、3D Slicer、MATLAB 等）被本研究使用的表述，缺失""本研究自身使用具名第三方3D软件""的证据。
【软件】: -
【专科】: -
【应用场景】: -
【研究设计】: -"
complex fusion structure slow dissociation simulation prediction method,Complex Fusion Structure Slow Dissociation Simulation Prediction Method,2024 China Automation Congress (CAC),conferencePaper,7FH92JB4,,EXCLUDE,EXCLUDE,"片段仅泛述 ""traditional numerical simulation methods are insufficient and require the use of dynamic mesh transient solution techniques""，未出现任何具名第三方非牙科3D软件名，也无 ""we used / imported into / processed in"" 等表明本研究自身使用某具名软件的表述。",-,-,-,-,"【判定】: EXCLUDE
【证据】: 片段仅泛述 ""traditional numerical simulation methods are insufficient and require the use of dynamic mesh transient solution techniques""，未出现任何具名第三方非牙科3D软件名，也无 ""we used / imported into / processed in"" 等表明本研究自身使用某具名软件的表述。
【软件】: -
【专科】: -
【应用场景】: -
【研究设计】: -"
automatic detection and classification of dental anomalies and tooth types using transformer based yolo with ga optimization,Automatic Detection and Classification of Dental Anomalies and Tooth Types Using Transformer-Based Yolo With GA Optimization,IEEE Access,journalArticle,ZUIVH67D,,EXCLUDE,EXCLUDE,"证据片段中未出现任何表明本研究自身使用了具名第三方非牙科3D软件的表述（如 ""we used / were analysed using / imported into / processed in""）；片段内容为参考文献列表、作者单位信息及对既往研究的泛述（如 ""researchers have explored""、""has been employed""），仅涉及自研 Transformer-Based YOLO 模型与遗传算法优化，无第三方3D软件使用证据。",-,-,-,-,"【判定】: EXCLUDE
【证据】: 证据片段中未出现任何表明本研究自身使用了具名第三方非牙科3D软件的表述（如 ""we used / were analysed using / imported into / processed in""）；片段内容为参考文献列表、作者单位信息及对既往研究的泛述（如 ""researchers have explored""、""has been employed""），仅涉及自研 Transformer-Based YOLO 模型与遗传算法优化，无第三方3D软件使用证据。
【软件】: -
【专科】: -
【应用场景】: -
【研究设计】: -"
a multi stage automatic framework for fracture fragments segmentation of zygomatic bone and arch,A Multi-Stage Automatic Framework for Fracture Fragments Segmentation of Zygomatic Bone and Arch,2025 WRC Symposium on Advanced Robotics and Automation (WRC SARA),conferencePaper,XWQH8X5W,,EXCLUDE,EXCLUDE,"证据片段中仅描述该研究提出并使用了自研的深度学习分割框架（3D Faster R-CNN、3D ConvNeXt、UPerNet、轻量2D分割网络），未出现任何具名第三方非牙科3D软件（如 Mimics、3D Slicer、ITK-SNAP、MATLAB 等）被本研究使用的表述（如 ""we used / were analysed using / imported into / processed in""）。",-,-,-,-,"【判定】: EXCLUDE
【证据】: 证据片段中仅描述该研究提出并使用了自研的深度学习分割框架（3D Faster R-CNN、3D ConvNeXt、UPerNet、轻量2D分割网络），未出现任何具名第三方非牙科3D软件（如 Mimics、3D Slicer、ITK-SNAP、MATLAB 等）被本研究使用的表述（如 ""we used / were analysed using / imported into / processed in""）。
【软件】: -
【专科】: -
【应用场景】: -
【研究设计】: -"
automatic plane of minimal hiatal dimensions extraction from 3d female pelvic floor ultrasound,Automatic Plane of Minimal Hiatal Dimensions Extraction From 3D Female Pelvic Floor Ultrasound,IEEE Transactions on Medical Imaging,journalArticle,IMN6HZ24,,EXCLUDE,EXCLUDE,"证据片段中未出现任何具名第三方非牙科3D软件（如 Mimics、3D Slicer、MATLAB 等）被本研究自身使用的表述；仅提及自研算法、U-Net 深度学习模型及 NVIDIA 资助，缺少""we used / were analysed using / imported into / processed in""等表明本研究使用具名第三方3D软件的原文。",-,-,-,-,"【判定】: EXCLUDE
【证据】: 证据片段中未出现任何具名第三方非牙科3D软件（如 Mimics、3D Slicer、MATLAB 等）被本研究自身使用的表述；仅提及自研算法、U-Net 深度学习模型及 NVIDIA 资助，缺少""we used / were analysed using / imported into / processed in""等表明本研究使用具名第三方3D软件的原文。
【软件】: -
【专科】: -
【应用场景】: -
【研究设计】: -"
a 3d clinical face phenotype space of genetic syndromes using a triplet based singular geometric autoencoder,A 3D Clinical Face Phenotype Space of Genetic Syndromes Using a Triplet-Based Singular Geometric Autoencoder,IEEE Access,journalArticle,4JBMYVVD,,EXCLUDE,EXCLUDE,"缺失证据：片段中未出现任何表明本研究自身在材料与方法中使用具名第三方非牙科3D软件的表述（如 ""we used / were analysed using / imported into / processed in"" 等）；仅见自研的 triplet-based singular geometric autoencoder、SVD layer、decoder 等自建模型组件，无具名第三方3D软件名。",-,-,-,-,"【判定】: EXCLUDE
【证据】: 缺失证据：片段中未出现任何表明本研究自身在材料与方法中使用具名第三方非牙科3D软件的表述（如 ""we used / were analysed using / imported into / processed in"" 等）；仅见自研的 triplet-based singular geometric autoencoder、SVD layer、decoder 等自建模型组件，无具名第三方3D软件名。
【软件】: -
【专科】: -
【应用场景】: -
【研究设计】: -"
algorithms to measure area and volume on 3d face models for facial surgeries,Algorithms to Measure Area and Volume on 3D Face Models for Facial Surgeries,IEEE Access,journalArticle,9AZDUGHA,,EXCLUDE,EXCLUDE,"片段中 Blender 仅出现在 ""While there exist 3D modeling software tools such as Blender [3] and Maya [4], none of them offer a convenient solution for 3D facial analysis"" 这一泛述及参考文献列表中，未表明本研究自身使用该软件；本研究为自研算法与开源代码（""we introduce two algorithms along with their open-source code""），缺乏使用具名第三方非牙科3D软件的证据。",-,-,-,-,"【判定】: EXCLUDE
【证据】: 片段中 Blender 仅出现在 ""While there exist 3D modeling software tools such as Blender [3] and Maya [4], none of them offer a convenient solution for 3D facial analysis"" 这一泛述及参考文献列表中，未表明本研究自身使用该软件；本研究为自研算法与开源代码（""we introduce two algorithms along with their open-source code""），缺乏使用具名第三方非牙科3D软件的证据。
【软件】: -
【专科】: -
【应用场景】: -
【研究设计】: -"
review of artificial intelligence methods for detecting cancer in medical image processing,Review of Artificial Intelligence methods for detecting cancer in medical image processing,2023 Third International Conference on Artificial Intelligence and Smart Energy (ICAIS),conferencePaper,SEHZXS2Z,,EXCLUDE,EXCLUDE,"该文献为综述（""This research reviews strategies for detecting liver, brain, and lung cancer using image processing""），且主题为医学图像处理中的癌症检测，不属于口腔医学任一学科；证据片段中未出现任何本研究自身使用的具名第三方非牙科3D软件。",-,-,-,-,"【判定】: EXCLUDE
【证据】: 该文献为综述（""This research reviews strategies for detecting liver, brain, and lung cancer using image processing""），且主题为医学图像处理中的癌症检测，不属于口腔医学任一学科；证据片段中未出现任何本研究自身使用的具名第三方非牙科3D软件。
【软件】: -
【专科】: -
【应用场景】: -
【研究设计】: -"
face expression recognition method based on mamba and different facial regions,Face Expression Recognition Method Based on Mamba and Different Facial Regions,2024 International Conference on Intelligent Robotics and Automatic Control (IRAC),conferencePaper,IMP22A3J,,EXCLUDE,EXCLUDE,"缺失证据：片段中未出现任何具名第三方非牙科3D软件（如 Mimics、3D Slicer、MATLAB 等）被本研究使用的表述；仅涉及 Vision Mamba、Grad-CAM 等自研/深度学习模型与算法，无 ""we used / imported into / processed in"" 等使用第三方3D软件的表述。",-,-,-,-,"【判定】: EXCLUDE
【证据】: 缺失证据：片段中未出现任何具名第三方非牙科3D软件（如 Mimics、3D Slicer、MATLAB 等）被本研究使用的表述；仅涉及 Vision Mamba、Grad-CAM 等自研/深度学习模型与算法，无 ""we used / imported into / processed in"" 等使用第三方3D软件的表述。
【软件】: -
【专科】: -
【应用场景】: -
【研究设计】: -"
future innovation in healthcare by spatial computing using projectdr,Future Innovation in Healthcare by Spatial Computing using ProjectDR,2021 Third International Conference on Inventive Research in Computing Applications (ICIRCA),conferencePaper,ZJPPRS6G,,EXCLUDE,EXCLUDE,"证据片段中未出现任何表明本研究自身在材料与方法中使用具名第三方非牙科3D软件的表述（如 ""we used / were analysed using / imported into / processed in""）；片段仅为对空间计算、AR/VR、数字孪生等概念的泛述及他文引用（如 [17]、[3]、[8]、[14]），无本研究使用具体软件的原文。",-,-,-,-,"【判定】: EXCLUDE
【证据】: 证据片段中未出现任何表明本研究自身在材料与方法中使用具名第三方非牙科3D软件的表述（如 ""we used / were analysed using / imported into / processed in""）；片段仅为对空间计算、AR/VR、数字孪生等概念的泛述及他文引用（如 [17]、[3]、[8]、[14]），无本研究使用具体软件的原文。
【软件】: -
【专科】: -
【应用场景】: -
【研究设计】: -"
using response time to evaluate noise fluctuations and lombard speech in auralizations,Using response time to evaluate noise fluctuations and Lombard speech in auralizations,2023 Immersive and 3D Audio: from Architecture to Automotive (I3DA),conferencePaper,RIQ6Q9W3,,EXCLUDE,EXCLUDE,主题为室内声学/可听化（auralization）与语音清晰度、听 effort 评估，不属于口腔医学任一学科；使用的 Odeon 为建筑声学仿真软件，非口腔3D数据处理软件。,-,-,-,-,"【判定】: EXCLUDE
【证据】: 主题为室内声学/可听化（auralization）与语音清晰度、听 effort 评估，不属于口腔医学任一学科；使用的 Odeon 为建筑声学仿真软件，非口腔3D数据处理软件。
【软件】: -
【专科】: -
【应用场景】: -
【研究设计】: -"
development of automatic assessment framework for spine deformity using freehand 3 d ultrasound imaging system,Development of Automatic Assessment Framework for Spine Deformity Using Freehand 3-D Ultrasound Imaging System,"IEEE Transactions on Ultrasonics, Ferroelectrics, and Frequency Control",journalArticle,HMLKHDYH,,EXCLUDE,EXCLUDE,"片段中仅出现 ""The 3-D volume after PCA is rendered by the 3-D slicer (https://www.slicer.org/)""，但该句所在语境为对图7示例的说明，且该文献主题为脊柱畸形（scoliosis）的超声自动评估框架，不属于口腔医学任一学科；同时缺失口腔医学主题证据。",-,-,-,-,"【判定】: EXCLUDE
【证据】: 片段中仅出现 ""The 3-D volume after PCA is rendered by the 3-D slicer (https://www.slicer.org/)""，但该句所在语境为对图7示例的说明，且该文献主题为脊柱畸形（scoliosis）的超声自动评估框架，不属于口腔医学任一学科；同时缺失口腔医学主题证据。
【软件】: -
【专科】: -
【应用场景】: -
【研究设计】: -"
blood vessel segmentation from low contrast and wide field optical microscopic images of cranial window by attention gate based network,Blood Vessel Segmentation from Low-Contrast and Wide-Field Optical Microscopic Images of Cranial Window by Attention-Gate-Based Network,2022 IEEE/CVF Conference on Computer Vision and Pattern Recognition Workshops (CVPRW),conferencePaper,LZXFM3VV,,EXCLUDE,EXCLUDE,"该研究提出的是基于 Attention U-Net 框架和 clDice 的自研深度学习方法（""Our method is based on the Attention U-Net framework and clDice""），证据片段中未出现任何具名第三方非牙科3D软件（如 Mimics、3D Slicer、MATLAB 等）被本研究自身使用的表述（无 ""we used / were analysed using / imported into / processed in"" 等）。",-,-,-,-,"【判定】: EXCLUDE
【证据】: 该研究提出的是基于 Attention U-Net 框架和 clDice 的自研深度学习方法（""Our method is based on the Attention U-Net framework and clDice""），证据片段中未出现任何具名第三方非牙科3D软件（如 Mimics、3D Slicer、MATLAB 等）被本研究自身使用的表述（无 ""we used / were analysed using / imported into / processed in"" 等）。
【软件】: -
【专科】: -
【应用场景】: -
【研究设计】: -"
effect of bar material on the biomechanical performance of hybrid dental prosthesis,Effect of bar material on the biomechanical performance of hybrid dental prosthesis,2021 3rd Novel Intelligent and Leading Emerging Sciences Conference (NILES),conferencePaper,8RD3AVC7,,EXCLUDE,INCLUDE,"""The analysis is performed using ANSYS18.1software."" 以及 ""SOLID WORKS software is used in the construction of model parts.""",ANSYS; SolidWorks,Prosthodontics,Biomechanical analysis and simulation,computational,"【判定】: INCLUDE
【证据】: ""The analysis is performed using ANSYS18.1software."" 以及 ""SOLID WORKS software is used in the construction of model parts.""
【软件】: ANSYS; SolidWorks
【专科】: Prosthodontics
【应用场景】: Biomechanical analysis and simulation
【研究设计】: computational"
teeth gap and position recognition system with intraoral scanner images using image processing,Teeth Gap and Position Recognition System with Intraoral Scanner Images Using Image Processing,"2023 IEEE International Students' Conference on Electrical, Electronics and Computer Science (SCEECS)",conferencePaper,B2QQSRHI,,EXCLUDE,EXCLUDE,证据片段中未出现任何表明本研究自身使用了具名第三方非牙科3D软件的表述；MATLAB 仅出现在文献调查表格中对他人研究（C. -M. Stancioi et al.）的引用，TensorFlow 为自建深度学习模型框架，均不满足纳入标准。,-,-,-,-,"【判定】: EXCLUDE
【证据】: 证据片段中未出现任何表明本研究自身使用了具名第三方非牙科3D软件的表述；MATLAB 仅出现在文献调查表格中对他人研究（C. -M. Stancioi et al.）的引用，TensorFlow 为自建深度学习模型框架，均不满足纳入标准。
【软件】: -
【专科】: -
【应用场景】: -
【研究设计】: -"
joint cranial bone labeling and landmark detection in pediatric ct images using context encoding,Joint Cranial Bone Labeling and Landmark Detection in Pediatric CT Images Using Context Encoding,IEEE Transactions on Medical Imaging,journalArticle,GIRL7L8M,,EXCLUDE,EXCLUDE,"片段中 ITK-Snap 仅用于 ""manually annotated by two different experts... using ITK-Snap 3.8.0""，即人工标注，而非本研究自身对3D数据进行处理、分析、建模或测量；本研究核心为自研 DenseNet 神经网络，未使用具名第三方非牙科3D软件进行3D数据处理/分析/建模/测量。",-,-,-,-,"【判定】: EXCLUDE
【证据】: 片段中 ITK-Snap 仅用于 ""manually annotated by two different experts... using ITK-Snap 3.8.0""，即人工标注，而非本研究自身对3D数据进行处理、分析、建模或测量；本研究核心为自研 DenseNet 神经网络，未使用具名第三方非牙科3D软件进行3D数据处理/分析/建模/测量。
【软件】: -
【专科】: -
【应用场景】: -
【研究设计】: -"
plug and play reconstruction with 3d deep prior for complex valued near field mimo imaging,Plug-and-Play Reconstruction with 3D Deep Prior for Complex-Valued Near-Field MIMO Imaging,2023 31st European Signal Processing Conference (EUSIPCO),conferencePaper,49E22KHB,,EXCLUDE,EXCLUDE,"证据片段仅包含参考文献列表（如 [21] K. Zhang... [22] O. Ronneberger... [23] I. Manisali...），未出现任何表明本研究自身使用具名第三方非牙科3D软件的表述（如 ""we used / were analysed using / imported into / processed in""）。",-,-,-,-,"【判定】: EXCLUDE
【证据】: 证据片段仅包含参考文献列表（如 [21] K. Zhang... [22] O. Ronneberger... [23] I. Manisali...），未出现任何表明本研究自身使用具名第三方非牙科3D软件的表述（如 ""we used / were analysed using / imported into / processed in""）。
【软件】: -
【专科】: -
【应用场景】: -
【研究设计】: -"
insightlens augmenting llm powered data analysis with interactive insight management and navigation,InsightLens: Augmenting LLM-Powered Data Analysis With Interactive Insight Management and Navigation,IEEE Transactions on Visualization and Computer Graphics,journalArticle,N74PHTST,,EXCLUDE,EXCLUDE,该文献主题为 LLM 驱动的数据分析与可视化（IEEE TVCG），不属于口腔医学任一学科；证据片段中亦未出现任何本研究自身使用的具名第三方非牙科3D软件（仅见参考文献列表与基金信息）。,-,-,-,-,"【判定】: EXCLUDE
【证据】: 该文献主题为 LLM 驱动的数据分析与可视化（IEEE TVCG），不属于口腔医学任一学科；证据片段中亦未出现任何本研究自身使用的具名第三方非牙科3D软件（仅见参考文献列表与基金信息）。
【软件】: -
【专科】: -
【应用场景】: -
【研究设计】: -"
segmentation of organs at risk from ct and mr images of the head and neck baseline results,Segmentation of Organs-At-Risk from Ct and Mr Images of the Head and Neck: Baseline Results,2022 IEEE 19th International Symposium on Biomedical Imaging (ISBI),conferencePaper,Y4RRM52Z,,EXCLUDE,EXCLUDE,"片段中仅出现 ""the baseline results that were obtained by applying the nnU-Net segmentation framework""，nnU-Net 为自建/深度学习分割框架，非具名第三方非牙科3D软件；且未出现 ""we used / imported into / processed in"" 等表明本研究使用具名第三方3D软件的表述。",-,-,-,-,"【判定】: EXCLUDE
【证据】: 片段中仅出现 ""the baseline results that were obtained by applying the nnU-Net segmentation framework""，nnU-Net 为自建/深度学习分割框架，非具名第三方非牙科3D软件；且未出现 ""we used / imported into / processed in"" 等表明本研究使用具名第三方3D软件的表述。
【软件】: -
【专科】: -
【应用场景】: -
【研究设计】: -"
otonet deep neural network for precise otoscopy image classification,OTONet: Deep Neural Network for Precise Otoscopy Image Classification,IEEE Access,journalArticle,4GDMUU8D,,EXCLUDE,EXCLUDE,主题为耳镜（otoscopy）图像分类，属于耳鼻喉科/耳科，不属于口腔医学任一学科；且证据片段中未出现任何具名第三方非牙科3D软件（如 Mimics、3D Slicer、MATLAB 等）被本研究自身使用的表述，仅涉及自研 OTONet 深度学习框架。,-,-,-,-,"【判定】: EXCLUDE
【证据】: 主题为耳镜（otoscopy）图像分类，属于耳鼻喉科/耳科，不属于口腔医学任一学科；且证据片段中未出现任何具名第三方非牙科3D软件（如 Mimics、3D Slicer、MATLAB 等）被本研究自身使用的表述，仅涉及自研 OTONet 深度学习框架。
【软件】: -
【专科】: -
【应用场景】: -
【研究设计】: -"
cfi net a choquet fuzzy integral based ensemble network with pso optimized fuzzy measures for diagnosing multiple skin diseases including mpox,CFI-Net: A Choquet Fuzzy Integral Based Ensemble Network With PSO-Optimized Fuzzy Measures for Diagnosing Multiple Skin Diseases Including Mpox,IEEE Journal of Biomedical and Health Informatics,journalArticle,KT26QVLT,,EXCLUDE,EXCLUDE,"证据片段仅显示本研究使用自研的 CFI-Net 集成网络与 PSO 优化模糊测度（""in our study, we have tackled the challenge of manual tuning by employing meta-heuristic optimization algorithm""），未出现任何具名第三方非牙科3D软件（如 Mimics、3D Slicer、MATLAB 等）用于3D数据处理、分析、建模或测量的表述；片段中出现的软件/方法均为自建深度学习模型与算法，且主题为皮肤病（含口腔疾病分类）的二维图像分类，不涉及3D软件使用。",-,-,-,-,"【判定】: EXCLUDE
【证据】: 证据片段仅显示本研究使用自研的 CFI-Net 集成网络与 PSO 优化模糊测度（""in our study, we have tackled the challenge of manual tuning by employing meta-heuristic optimization algorithm""），未出现任何具名第三方非牙科3D软件（如 Mimics、3D Slicer、MATLAB 等）用于3D数据处理、分析、建模或测量的表述；片段中出现的软件/方法均为自建深度学习模型与算法，且主题为皮肤病（含口腔疾病分类）的二维图像分类，不涉及3D软件使用。
【软件】: -
【专科】: -
【应用场景】: -
【研究设计】: -"
improving the recognition of sign language from acquired data by wireless body area network,Improving the Recognition of Sign Language from Acquired Data by Wireless Body Area Network,2020 IEEE Symposium on Computers and Communications (ISCC),conferencePaper,5BJNDFYZ,,EXCLUDE,EXCLUDE,"证据片段仅为他文引用（""Ibrahim et al. in [10] proposed...""），未出现 ""we used / were analysed using / imported into / processed in"" 等表明本研究自身使用具名第三方非牙科3D软件的表述；且主题为手语识别，不属于口腔医学。",-,-,-,-,"【判定】: EXCLUDE
【证据】: 证据片段仅为他文引用（""Ibrahim et al. in [10] proposed...""），未出现 ""we used / were analysed using / imported into / processed in"" 等表明本研究自身使用具名第三方非牙科3D软件的表述；且主题为手语识别，不属于口腔医学。
【软件】: -
【专科】: -
【应用场景】: -
【研究设计】: -"
smart feeder robot for severely disabled patients,Smart Feeder Robot for Severely Disabled Patients,"2020 IEEE 20th International Conference on Software Quality, Reliability and Security Companion (QRS-C)",conferencePaper,5UNAWU6T,,EXCLUDE,EXCLUDE,缺失证据：该研究主题为辅助喂食机器人（Smart Feeder Robot），不属于口腔医学任一学科；且证据片段中未表明本研究自身使用了具名的第三方非牙科3D软件（仅泛述 Tensorflow、Caffe2 等，且非3D数据处理软件）。,-,-,-,-,"【判定】: EXCLUDE
【证据】: 缺失证据：该研究主题为辅助喂食机器人（Smart Feeder Robot），不属于口腔医学任一学科；且证据片段中未表明本研究自身使用了具名的第三方非牙科3D软件（仅泛述 Tensorflow、Caffe2 等，且非3D数据处理软件）。
【软件】: -
【专科】: -
【应用场景】: -
【研究设计】: -"
minimally invasive micro needle sensors for plant growth analysis in agrivoltaic fields,Minimally Invasive Micro Needle Sensors for Plant Growth Analysis in Agrivoltaic Fields,2025 IEEE International Conference on Electro Information Technology (eIT),conferencePaper,VX2DKX3L,,EXCLUDE,EXCLUDE,"主题为植物生长分析（agrivoltaic fields 中的微针传感器），不属于口腔医学任一学科；且证据片段仅泛称 ""CAD software""、""an open-source design tool""、""Proteus software""，未给出具名第三方非牙科3D软件名。",-,-,-,-,"【判定】: EXCLUDE
【证据】: 主题为植物生长分析（agrivoltaic fields 中的微针传感器），不属于口腔医学任一学科；且证据片段仅泛称 ""CAD software""、""an open-source design tool""、""Proteus software""，未给出具名第三方非牙科3D软件名。
【软件】: -
【专科】: -
【应用场景】: -
【研究设计】: -"
earlier detection of pancreatic cancer using neural network based optimization technique,Earlier Detection of Pancreatic Cancer Using Neural Network Based Optimization Technique,"2023 7th International Conference on Electronics, Communication and Aerospace Technology (ICECA)",conferencePaper,KELB4BMB,,EXCLUDE,EXCLUDE,主题为胰腺癌（pancreatic cancer）的计算机辅助诊断，不属于口腔医学任一学科；且证据片段中未出现任何具名第三方非牙科3D软件（仅提及 CNN、Frog Leap、Flying Squirrel 等自研/算法方法），缺失“本研究自身使用具名第三方非牙科3D软件”的证据。,-,-,-,-,"【判定】: EXCLUDE
【证据】: 主题为胰腺癌（pancreatic cancer）的计算机辅助诊断，不属于口腔医学任一学科；且证据片段中未出现任何具名第三方非牙科3D软件（仅提及 CNN、Frog Leap、Flying Squirrel 等自研/算法方法），缺失“本研究自身使用具名第三方非牙科3D软件”的证据。
【软件】: -
【专科】: -
【应用场景】: -
【研究设计】: -"
ai diagnosis of mild cognitive impairment in neurodegenerative diseases from fdg pet images,AI Diagnosis of Mild Cognitive Impairment in Neurodegenerative Diseases from FDG Pet Images,"2024 International Conference on IoT, Communication and Automation Technology (ICICAT)",conferencePaper,EQXPU6L4,,EXCLUDE,EXCLUDE,"主题为FDG-PET神经影像的深度学习诊断（轻度认知障碍/神经退行性疾病），不属于口腔医学任一学科；且证据片段中出现的具名软件为 SPM12（神经影像统计参数平台），并非用于口腔3D数据处理，缺失""口腔医学主题""这一必要证据。",-,-,-,-,"【判定】: EXCLUDE
【证据】: 主题为FDG-PET神经影像的深度学习诊断（轻度认知障碍/神经退行性疾病），不属于口腔医学任一学科；且证据片段中出现的具名软件为 SPM12（神经影像统计参数平台），并非用于口腔3D数据处理，缺失""口腔医学主题""这一必要证据。
【软件】: -
【专科】: -
【应用场景】: -
【研究设计】: -"
generative ai for text to speech and sign language translation,Generative AI for Text to Speech and Sign Language Translation,2025 3rd International Conference on Disruptive Technologies (ICDT),conferencePaper,JZFZNDHC,,EXCLUDE,EXCLUDE,"主题为语音识别与手语翻译的AI平台，不属于口腔医学任一学科；虽使用 Blender 等3D软件，但缺失""主题属于口腔医学""这一证据。",-,-,-,-,"【判定】: EXCLUDE
【证据】: 主题为语音识别与手语翻译的AI平台，不属于口腔医学任一学科；虽使用 Blender 等3D软件，但缺失""主题属于口腔医学""这一证据。
【软件】: -
【专科】: -
【应用场景】: -
【研究设计】: -"
translation of sign language into nepali speech using a context aware neural network framework,Translation of Sign Language into Nepali Speech Using a Context-Aware Neural Network Framework,2025 3rd International Conference on Data Science and Network Security (ICDSNS),conferencePaper,UR3DAMEK,,EXCLUDE,EXCLUDE,主题为手语翻译（sign language translation），不属于口腔医学任一学科；证据片段中亦未出现任何用于口腔3D数据处理、分析、建模或测量的具名第三方非牙科3D软件（仅提及 MediaPipe、TensorFlow、PyTorch 等，且主题不符）。,-,-,-,-,"【判定】: EXCLUDE
【证据】: 主题为手语翻译（sign language translation），不属于口腔医学任一学科；证据片段中亦未出现任何用于口腔3D数据处理、分析、建模或测量的具名第三方非牙科3D软件（仅提及 MediaPipe、TensorFlow、PyTorch 等，且主题不符）。
【软件】: -
【专科】: -
【应用场景】: -
【研究设计】: -"
system on board integrated flexible oegfet aptasensor for multianalyte testing in saliva,System-on-Board Integrated Flexible OEGFET Aptasensor for Multianalyte Testing in Saliva,IEEE Journal on Flexible Electronics,journalArticle,QU3DP4UW,,EXCLUDE,EXCLUDE,"证据片段中未出现任何具名第三方非牙科3D软件（如 Mimics、3D Slicer、Geomagic 等）被本研究用于3D数据处理、分析、建模或测量的表述；片段仅提及 AD8210 电流监测器及信号滤波等技术细节，无 ""we used / imported into / processed in"" 等表明本研究使用该类软件的原文。",-,-,-,-,"【判定】: EXCLUDE
【证据】: 证据片段中未出现任何具名第三方非牙科3D软件（如 Mimics、3D Slicer、Geomagic 等）被本研究用于3D数据处理、分析、建模或测量的表述；片段仅提及 AD8210 电流监测器及信号滤波等技术细节，无 ""we used / imported into / processed in"" 等表明本研究使用该类软件的原文。
【软件】: -
【专科】: -
【应用场景】: -
【研究设计】: -"
a customized artificial ear based on vibrotactile feedback a pilot study,A Customized Artificial Ear Based on Vibrotactile Feedback: A Pilot Study,2022 IEEE-EMBS International Conference on Wearable and Implantable Body Sensor Networks (BSN),conferencePaper,RVQ8W7LL,,EXCLUDE,EXCLUDE,"缺失证据：片段中仅提及 ""a 3-D printed frame"" 和 ""Arduino Leonardo board""，未出现任何具名第三方非牙科三维（3D）软件（如 Mimics、3D Slicer、Geomagic、MATLAB 等）被本研究用于3D数据处理、分析、建模或测量的表述。",-,-,-,-,"【判定】: EXCLUDE
【证据】: 缺失证据：片段中仅提及 ""a 3-D printed frame"" 和 ""Arduino Leonardo board""，未出现任何具名第三方非牙科三维（3D）软件（如 Mimics、3D Slicer、Geomagic、MATLAB 等）被本研究用于3D数据处理、分析、建模或测量的表述。
【软件】: -
【专科】: -
【应用场景】: -
【研究设计】: -"
enhanced landmark detection in oral and maxillofacial ct and cbct scans a multistage global local integration approach,Enhanced Landmark Detection in Oral and Maxillofacial CT and CBCT Scans: A Multistage Global–Local Integration Approach,IEEE Transactions on Instrumentation and Measurement,journalArticle,6F9KM9CD,,EXCLUDE,EXCLUDE,"证据片段中仅出现自研方法（alignment network、3-D U-Net、MSGIEM、LAM）及 GitHub 代码链接，未出现任何具名第三方非牙科3D软件（如 Mimics、3D Slicer、MATLAB 等）被本研究使用的表述（如 ""we used / were analysed using / imported into / processed in""）。",-,-,-,-,"【判定】: EXCLUDE
【证据】: 证据片段中仅出现自研方法（alignment network、3-D U-Net、MSGIEM、LAM）及 GitHub 代码链接，未出现任何具名第三方非牙科3D软件（如 Mimics、3D Slicer、MATLAB 等）被本研究使用的表述（如 ""we used / were analysed using / imported into / processed in""）。
【软件】: -
【专科】: -
【应用场景】: -
【研究设计】: -"
efficient registration of intraoral point clouds using 3 d spatial consistent grouping method with global optimization,Efficient Registration of Intraoral Point Clouds Using 3-D Spatial Consistent Grouping Method With Global Optimization,IEEE Transactions on Instrumentation and Measurement,journalArticle,CLJ8NKK8,,EXCLUDE,EXCLUDE,"证据片段仅描述该研究提出并使用了自研方法（Tooth-Net、Score-Net、3D-SCG 等自建神经网络与算法），未出现任何具名第三方非牙科3D软件（如 Mimics、3D Slicer、Geomagic、MATLAB 等）被""we used / imported into / processed in""等表述表明本研究自身使用的证据；仅提及对比的传统方法 FPFH+ICP 算法，亦非具名第三方软件。",-,-,-,-,"【判定】: EXCLUDE
【证据】: 证据片段仅描述该研究提出并使用了自研方法（Tooth-Net、Score-Net、3D-SCG 等自建神经网络与算法），未出现任何具名第三方非牙科3D软件（如 Mimics、3D Slicer、Geomagic、MATLAB 等）被""we used / imported into / processed in""等表述表明本研究自身使用的证据；仅提及对比的传统方法 FPFH+ICP 算法，亦非具名第三方软件。
【软件】: -
【专科】: -
【应用场景】: -
【研究设计】: -"
intraoral 3 d measurement by means of group coding combined with consistent enhancement for fringe projection pattern,Intraoral 3-D Measurement by Means of Group Coding Combined With Consistent Enhancement for Fringe Projection Pattern,IEEE Transactions on Instrumentation and Measurement,journalArticle,GCV28PD9,,EXCLUDE,EXCLUDE,"证据片段中未出现任何具名第三方非牙科3D软件（如 Mimics、3D Slicer、Geomagic、MATLAB 等）被本研究自身使用的表述；文中仅描述自研的 group-multiline coding 算法与 CSFE 方法，无 ""we used / were analysed using / imported into / processed in"" 等表明使用具名第三方软件的语句。",-,-,-,-,"【判定】: EXCLUDE
【证据】: 证据片段中未出现任何具名第三方非牙科3D软件（如 Mimics、3D Slicer、Geomagic、MATLAB 等）被本研究自身使用的表述；文中仅描述自研的 group-multiline coding 算法与 CSFE 方法，无 ""we used / were analysed using / imported into / processed in"" 等表明使用具名第三方软件的语句。
【软件】: -
【专科】: -
【应用场景】: -
【研究设计】: -"
calibration of intraoral 3 d measurement system with using consummated model combined with highly accurate data pairs,Calibration of Intraoral 3-D Measurement System With Using Consummated Model Combined With Highly Accurate Data Pairs,IEEE Transactions on Instrumentation and Measurement,journalArticle,MMNAMT58,,EXCLUDE,EXCLUDE,"证据片段中未出现任何具名第三方非牙科3D软件（如 Mimics、MATLAB、Geomagic 等）被本研究使用的表述；仅提及自研算法（subpixel cross-center detection algorithm、Levenberg–Marquardt algorithm、3-D LUT），无 ""we used / imported into / processed in"" 等表明使用具名第三方软件的证据。",-,-,-,-,"【判定】: EXCLUDE
【证据】: 证据片段中未出现任何具名第三方非牙科3D软件（如 Mimics、MATLAB、Geomagic 等）被本研究使用的表述；仅提及自研算法（subpixel cross-center detection algorithm、Levenberg–Marquardt algorithm、3-D LUT），无 ""we used / imported into / processed in"" 等表明使用具名第三方软件的证据。
【软件】: -
【专科】: -
【应用场景】: -
【研究设计】: -"
high level features in deeper deep learning layers for breast cancer classification,High-level Features in Deeper Deep Learning Layers for Breast Cancer Classification,"2021 11th IEEE International Conference on Control System, Computing and Engineering (ICCSCE)",conferencePaper,RN2Q4D82,,EXCLUDE,EXCLUDE,主题为乳腺癌（breast cancer）的CNN分类，不属于口腔医学任一学科；且证据片段中未出现任何具名第三方非牙科3D软件用于3D数据处理/分析/建模/测量（仅涉及AlexNet、InceptionV3等深度学习网络）。,-,-,-,-,"【判定】: EXCLUDE
【证据】: 主题为乳腺癌（breast cancer）的CNN分类，不属于口腔医学任一学科；且证据片段中未出现任何具名第三方非牙科3D软件用于3D数据处理/分析/建模/测量（仅涉及AlexNet、InceptionV3等深度学习网络）。
【软件】: -
【专科】: -
【应用场景】: -
【研究设计】: -"
type of maxillary segment mobilization affects three dimensional nasal morphology,Type of maxillary segment mobilization affects three-dimensional nasal morphology,JOURNAL OF PLASTIC RECONSTRUCTIVE AND AESTHETIC SURGERY,journalArticle,3LP7326M,,EXCLUDE,INCLUDE,"The accuracy of this registration was verified by examining the distance color map (Geomagic 3D software, 3D Systems, Rock Hill, SC, USA) and root-mean-square deviation (3dMD Vultus software, 3dMD LLC, Atlanta, USA) between the preoperative and postoperative 3D digital images",Geomagic 3D software,Orthodontics,3D data analysis and accuracy assessment,clinical,"【判定】: INCLUDE
【证据】: The accuracy of this registration was verified by examining the distance color map (Geomagic 3D software, 3D Systems, Rock Hill, SC, USA) and root-mean-square deviation (3dMD Vultus software, 3dMD LLC, Atlanta, USA) between the preoperative and postoperative 3D digital images
【软件】: Geomagic 3D software
【专科】: Orthodontics
【应用场景】: 3D data analysis and accuracy assessment
【研究设计】: clinical"
learning disentangled features for nerf based face reconstruction,Learning Disentangled Features for Nerf-Based Face Reconstruction,2023 IEEE International Conference on Image Processing (ICIP),conferencePaper,QNTVYNKA,,EXCLUDE,EXCLUDE,该研究为计算机视觉领域的3D人脸重建（NeRF/HeadNeRF），主题不属于口腔医学任一学科；且方法中仅使用自研的人脸编码网络与SegLite分割网络，未使用具名第三方非牙科3D软件处理3D数据。,-,-,-,-,"【判定】: EXCLUDE
【证据】: 该研究为计算机视觉领域的3D人脸重建（NeRF/HeadNeRF），主题不属于口腔医学任一学科；且方法中仅使用自研的人脸编码网络与SegLite分割网络，未使用具名第三方非牙科3D软件处理3D数据。
【软件】: -
【专科】: -
【应用场景】: -
【研究设计】: -"
3d human reconstruction combined with facial features,3D Human Reconstruction Combined with Facial Features,"2022 International Conference on Image Processing, Computer Vision and Machine Learning (ICICML)",conferencePaper,CAZ49UPW,,EXCLUDE,EXCLUDE,主题不属于口腔医学（该研究为3D人体/面部重建，属计算机视觉领域）；且证据片段中未出现任何具名第三方非牙科3D软件被本研究使用的表述，仅涉及自研网络结构与THUman2.0数据集。,-,-,-,-,"【判定】: EXCLUDE
【证据】: 主题不属于口腔医学（该研究为3D人体/面部重建，属计算机视觉领域）；且证据片段中未出现任何具名第三方非牙科3D软件被本研究使用的表述，仅涉及自研网络结构与THUman2.0数据集。
【软件】: -
【专科】: -
【应用场景】: -
【研究设计】: -"
cmvnet centerline guided multi view network for continuous mandibular canal segmentation in cbct,CMVNet: Centerline-guided multi-view network for continuous mandibular canal segmentation in CBCT,BIOMEDICAL SIGNAL PROCESSING AND CONTROL,journalArticle,DMBNYJGJ,,EXCLUDE,EXCLUDE,"证据片段中仅出现 ""annotation completed by five dentists with rich clinical experience through 3D Slicer""，表明 3D Slicer 仅用于数据标注（annotation），而非本研究自身对3D数据进行处理、分析、建模或测量；本研究核心方法为自研网络 CMVNet（Coarse Localization Network、Refinement Network、SAFE 等），未使用具名第三方非牙科3D软件进行3D数据处理/分析/建模/测量。",-,-,-,-,"【判定】: EXCLUDE
【证据】: 证据片段中仅出现 ""annotation completed by five dentists with rich clinical experience through 3D Slicer""，表明 3D Slicer 仅用于数据标注（annotation），而非本研究自身对3D数据进行处理、分析、建模或测量；本研究核心方法为自研网络 CMVNet（Coarse Localization Network、Refinement Network、SAFE 等），未使用具名第三方非牙科3D软件进行3D数据处理/分析/建模/测量。
【软件】: -
【专科】: -
【应用场景】: -
【研究设计】: -"
vision guided nucleic acid detection and sampling robot,Vision-Guided Nucleic Acid Detection and Sampling Robot,2024 IEEE 2nd International Conference on Image Processing and Computer Applications (ICIPCA),conferencePaper,JEHNTLW4,,EXCLUDE,EXCLUDE,"缺失证据：片段中未出现任何具名第三方非牙科3D软件（如 Mimics、3D Slicer、Geomagic 等）被本研究使用的表述；仅提及 SSD 算法及自研目标检测模型，无 ""we used / imported into / processed in"" 等使用具名3D软件的原文。",-,-,-,-,"【判定】: EXCLUDE
【证据】: 缺失证据：片段中未出现任何具名第三方非牙科3D软件（如 Mimics、3D Slicer、Geomagic 等）被本研究使用的表述；仅提及 SSD 算法及自研目标检测模型，无 ""we used / imported into / processed in"" 等使用具名3D软件的原文。
【软件】: -
【专科】: -
【应用场景】: -
【研究设计】: -"
pwd 3dnet a deep learning based fully automated segmentation of multiple structures on temporal bone ct scans,PWD-3DNet: A Deep Learning-Based Fully-Automated Segmentation of Multiple Structures on Temporal Bone CT Scans,IEEE Transactions on Image Processing,journalArticle,VA5H2U59,,EXCLUDE,EXCLUDE,"该研究虽在方法中使用了 3D Slicer（""using the publicly available 3D Slicer software""、""performed using the region growing approach in the 3D Slicer software""、""removed using the connected-component island removal filter in 3D Slicer""），但主题为颞骨 CT 的多结构分割，属于耳科/颅底影像，不属于口腔医学任一学科；且期刊为 IEEE Transactions on Image Processing，非口腔医学文献。",-,-,-,-,"【判定】: EXCLUDE
【证据】: 该研究虽在方法中使用了 3D Slicer（""using the publicly available 3D Slicer software""、""performed using the region growing approach in the 3D Slicer software""、""removed using the connected-component island removal filter in 3D Slicer""），但主题为颞骨 CT 的多结构分割，属于耳科/颅底影像，不属于口腔医学任一学科；且期刊为 IEEE Transactions on Image Processing，非口腔医学文献。
【软件】: -
【专科】: -
【应用场景】: -
【研究设计】: -"
graph refinement with regression prior for 3d face reconstruction,Graph Refinement with Regression Prior for 3D Face Reconstruction,2022 IEEE International Conference on Image Processing (ICIP),conferencePaper,7NUXGGGT,,EXCLUDE,EXCLUDE,"缺失证据：片段中未出现任何具名第三方非牙科3D软件（如 Mimics、3D Slicer、MATLAB 等）被本研究自身使用的表述（如 ""we used / were analysed using / imported into / processed in""）；仅描述自研的 GRRP 框架、GCR 网络及图卷积方法，属自研代码/自建深度学习模型。",-,-,-,-,"【判定】: EXCLUDE
【证据】: 缺失证据：片段中未出现任何具名第三方非牙科3D软件（如 Mimics、3D Slicer、MATLAB 等）被本研究自身使用的表述（如 ""we used / were analysed using / imported into / processed in""）；仅描述自研的 GRRP 框架、GCR 网络及图卷积方法，属自研代码/自建深度学习模型。
【软件】: -
【专科】: -
【应用场景】: -
【研究设计】: -"
sivan classification system for diagnosis of jaw lesions based on visual volumetric analysis of 3 dimensional cone beam computed tomographic images,Sivan classification system for diagnosis of jaw lesions based on visual volumetric analysis of 3-dimensional cone-beam computed tomographic images,SCIENTIFIC REPORTS,journalArticle,F6V9KWK9,,EXCLUDE,EXCLUDE,"片段中仅出现 ""NNT software was used""，但 NNT 并非纳入标准所列的具名第三方非牙科三维软件（如 Mimics、3D Slicer、ITK-SNAP、InVesalius、Brainlab、ANSYS、ABAQUS、COMSOL、HyperMesh、ALGOR、Geomagic、GOM Inspect、PolyWorks、CloudCompare、MeshLab、Avizo、Amira、VGStudio、Blender、Meshmixer、ZBrush、SolidWorks、Rhinoceros、3-Matic、Solid Edge、CATIA、Creo、NX、Inventor、AutoCAD、Fusion 360、MATLAB、Magics、Netfabb 等），无法确认其属于非牙科来源的第三方3D软件；缺失证据：本研究自身使用一个具名的、原始开发领域不在牙科的第三方3D软件用于3D数据处理/分析/建模/测量的明确表述。",-,-,-,-,"【判定】: EXCLUDE
【证据】: 片段中仅出现 ""NNT software was used""，但 NNT 并非纳入标准所列的具名第三方非牙科三维软件（如 Mimics、3D Slicer、ITK-SNAP、InVesalius、Brainlab、ANSYS、ABAQUS、COMSOL、HyperMesh、ALGOR、Geomagic、GOM Inspect、PolyWorks、CloudCompare、MeshLab、Avizo、Amira、VGStudio、Blender、Meshmixer、ZBrush、SolidWorks、Rhinoceros、3-Matic、Solid Edge、CATIA、Creo、NX、Inventor、AutoCAD、Fusion 360、MATLAB、Magics、Netfabb 等），无法确认其属于非牙科来源的第三方3D软件；缺失证据：本研究自身使用一个具名的、原始开发领域不在牙科的第三方3D软件用于3D数据处理/分析/建模/测量的明确表述。
【软件】: -
【专科】: -
【应用场景】: -
【研究设计】: -"
plug and play regularization on magnitude with deep priors for 3d near field mimo imaging,Plug-and-Play Regularization on Magnitude With Deep Priors for 3D Near-Field MIMO Imaging,IEEE Transactions on Computational Imaging,journalArticle,PCEEZU3Y,,EXCLUDE,EXCLUDE,缺失证据：该文献主题为近场雷达MIMO成像，不属于口腔医学任一学科；证据片段中亦未出现任何表明本研究自身使用了具名第三方非牙科3D软件（如Mimics、3D Slicer等）用于3D数据处理、分析、建模或测量的表述。,-,-,-,-,"【判定】: EXCLUDE
【证据】: 缺失证据：该文献主题为近场雷达MIMO成像，不属于口腔医学任一学科；证据片段中亦未出现任何表明本研究自身使用了具名第三方非牙科3D软件（如Mimics、3D Slicer等）用于3D数据处理、分析、建模或测量的表述。
【软件】: -
【专科】: -
【应用场景】: -
【研究设计】: -"
a modified protocol to evaluate masseter morphology based on automatic segmentation and registration,A Modified Protocol to Evaluate Masseter Morphology Based on Automatic Segmentation and Registration,2022 International Conference on Service Robotics (ICoSR),conferencePaper,CT63NU2A,,EXCLUDE,EXCLUDE,"证据片段中未出现任何具名第三方非牙科3D软件名；仅提及 ""commercially available software""（泛述）以及自研算法（graph-cut automatic segmentation、matching cubes algorithm、ICP registration），无 ""we used / imported into / processed in + 具体软件名"" 的表述。",-,-,-,-,"【判定】: EXCLUDE
【证据】: 证据片段中未出现任何具名第三方非牙科3D软件名；仅提及 ""commercially available software""（泛述）以及自研算法（graph-cut automatic segmentation、matching cubes algorithm、ICP registration），无 ""we used / imported into / processed in + 具体软件名"" 的表述。
【软件】: -
【专科】: -
【应用场景】: -
【研究设计】: -"
treatment effects of 3d printed pcl fe3o4 3 o 4 zif 8 magnetic nanocomposite on infected bone defect,Treatment effects of 3D-printed PCL/Fe3O4@ 3 O 4 @ ZIF-8 magnetic nanocomposite on infected bone defect,INTERNATIONAL JOURNAL OF BIOPRINTING,journalArticle,JQX4HQ9M,,EXCLUDE,EXCLUDE,"片段中出现的具名软件为 ImageJ（用于定量细菌黏附数、蛋白表达半定量分析）和 GraphPad Prism（统计分析），均非三维（3D）数据处理/分析/建模/测量软件；micro-CT 分析使用的是 ""auxiliary histomorphometric software (Concepts NREC, USA)""，未表明本研究自身使用了具名第三方非牙科3D软件进行3D数据处理。缺失证据：本研究自身在材料与方法中使用具名第三方非牙科3D软件（如 Mimics、3D Slicer、Geomagic 等）处理/分析/建模/测量3D数据的表述。",-,-,-,-,"【判定】: EXCLUDE
【证据】: 片段中出现的具名软件为 ImageJ（用于定量细菌黏附数、蛋白表达半定量分析）和 GraphPad Prism（统计分析），均非三维（3D）数据处理/分析/建模/测量软件；micro-CT 分析使用的是 ""auxiliary histomorphometric software (Concepts NREC, USA)""，未表明本研究自身使用了具名第三方非牙科3D软件进行3D数据处理。缺失证据：本研究自身在材料与方法中使用具名第三方非牙科3D软件（如 Mimics、3D Slicer、Geomagic 等）处理/分析/建模/测量3D数据的表述。
【软件】: -
【专科】: -
【应用场景】: -
【研究设计】: -"
