_nt,Key,Title,原因代码,原始返回
the role of patient specific implants in the oral and maxillofacial region,GNTHJANG,The role of patient specific implants in the oral and maxillofacial region.,2,【原因代码】: 2
implementation of 3d printing and computer aided design and manufacturing cad cam in craniofacial reconstruction,4I6N7UPZ,Implementation of 3D Printing and Computer-Aided Design and Manufacturing (CAD/CAM) in Craniofacial Reconstruction.,2,【原因代码】: 2
cross center model adaptive tooth segmentation,GM2LLIKT,Cross-center Model Adaptive Tooth segmentation.,2,【原因代码】: 2
an open source three dimensional growth model of the mandible,CLHU5JFE,"An open-source, three-dimensional growth model of the mandible.",3,【原因代码】: 3
virtual setup in orthodontics planning and evaluation,7NEJ5SFL,Virtual setup in orthodontics: planning and evaluation.,2,【原因代码】: 2
3d printing technologies for removable dentures manufacturing a review of potentials and challenges,YWZB3ZFE,3D Printing Technologies for Removable Dentures Manufacturing: A Review of Potentials and Challenges.,2,【原因代码】: 2
geo net geometry guided pretraining for tooth point cloud segmentation,CY4M86BS,Geo-Net: Geometry-Guided Pretraining for Tooth Point Cloud Segmentation.,3,【原因代码】: 3
digital duplication of maxillary complete denture a dental technique,JP3XLWTI,Digital duplication of maxillary complete denture: A dental technique.,3,【原因代码】: 3
redefining mri based skull segmentation through ai driven multimodal integration,7G2A3A2R,Redefining MRI-Based Skull Segmentation Through AI-Driven Multimodal Integration.,1,【原因代码】: 1
root canal disinfection and maintenance of the remnant tooth tissues by using grape seed and cranberry extracts,78Q8XIIY,Root canal disinfection and maintenance of the remnant tooth tissues by using grape seed and cranberry extracts.,3,【原因代码】: 3
role of digital technologies in special care dentistry a scoping review,EILJESU9,Role of Digital Technologies in Special Care Dentistry: A Scoping Review.,2,【原因代码】: 2
fusion of intra oral scans in cone beam computed tomography scans,MGCLIWPA,Fusion of intra-oral scans in cone-beam computed tomography scans.,3,【原因代码】: 3
fully automated tooth segmentation and labeling for both full and partial arch intraoral scans using deep learning,V6QXLTTL,Fully Automated Tooth Segmentation and Labeling for Both Full- and Partial-Arch Intraoral Scans Using Deep Learning.,3,【原因代码】: 3
automated detection and numbering of primary and permanent teeth in digital impressions of children using artificial intelligence,CQ5RM9XW,Automated detection and numbering of primary and permanent teeth in digital impressions of children using artificial intelligence.,3,【原因代码】: 3
numerical assessment tool to measure realism in clinical simulation,YWHF6MK5,Numerical Assessment Tool to Measure Realism in Clinical Simulation.,1,【原因代码】: 1
a modified scan technique for multiple abutment teeth using the trim and lock function,32PVXFTI,A modified scan technique for multiple abutment teeth using the trim and lock function.,3,【原因代码】: 3
biomechanical evaluation of framework materials in all on four versus all on six prostheses a finite element study,QLPEUI2S,Biomechanical Evaluation of Framework Materials in All-on-Four Versus All-on-Six Prostheses: A Finite Element Study.,3,【原因代码】: 3
influence of the frameworks of implant supported prostheses and implant connections on stress distribution,UNK3IQDN,Influence of the frameworks of implant-supported prostheses and implant connections on stress distribution.,3,【原因代码】: 3
automated dentition segmentation 3d unet based approach with miscnn framework,R4FJVQAW,Automated dentition segmentation: 3D UNet-based approach with MIScnn framework.,2,【原因代码】: 2
an update on cad cam usage for removable partial denture fabrication a systematic review,PNHT9ZGI,An update on CAD-CAM usage for removable partial denture fabrication: A systematic review.,2,【原因代码】: 2
root canal segmentation in cbct images by 3d u net with global and local combination loss,V57RMVGL,Root Canal Segmentation in CBCT Images by 3D U-Net with Global and Local Combination Loss.,3,【原因代码】: 3
low cost high fidelity 3d printed temporomandibular joint tmj dislocation reduction task trainer,UNERRYKU,"Low-Cost, High-Fidelity 3D-Printed Temporomandibular Joint (TMJ) Dislocation Reduction Task Trainer.",3,【原因代码】: 3
a unified deep learning framework for visual diagnosis of palatal radicular grooves in cbct scans a multicenter validation study,XIG5K4XL,A Unified Deep Learning Framework for Visual Diagnosis of Palatal Radicular Grooves in CBCT Scans: A Multicenter Validation Study.,3,【原因代码】: 3
ai driven gingival segmentation on cbct validation using delineation by intraoral scanning and cbct based cotton roll separation,9CPYUG6Z,AI-driven gingival segmentation on CBCT: Validation using delineation by intraoral scanning and CBCT-based cotton roll separation.,3,【原因代码】: 3
evaluation of an ai based segmentation model for mandibular fracture segmentation on cbct using volumetric and 2d slice based validation approaches,SUK2X4DR,Evaluation of an AI-based segmentation model for mandibular fracture segmentation on CBCT using volumetric and 2D slice-based validation approaches.,3,【原因代码】: 3
a comparative study on the effectiveness of augmented reality on denture tooth selection,53Y9LVNA,A Comparative study on the Effectiveness of Augmented Reality on Denture Tooth Selection.,3,【原因代码】: 3
oriented tooth detection a cbct image processing method integrated with roi transformer,VPPTRWXZ,Oriented tooth detection: a CBCT image processing method integrated with RoI?transformer.,3,【原因代码】: 3
guidelines for orbital defect assessment and patient specific implant design introducing oa 2 orbital assessment algorithm,BXY6ILDH,Guidelines for Orbital Defect Assessment and Patient-Specific Implant Design: Introducing OA(2) (Orbital Assessment Algorithm).,2,【原因代码】: 2
the effect of defect morphology and membrane fixation on 3d graft material displacement during primary wound closure in horizontal bone augmentation an ex vivo study,KU78732Y,The Effect of Defect Morphology and Membrane Fixation on 3D Graft Material Displacement During Primary Wound Closure in Horizontal Bone Augmentation-An  Ex?Vivo Study.,3,【原因代码】: 3
anterior esthetic rehabilitation with computer aided design computer aided manufacturing zirconia a case report,43NA4DNK,Anterior Esthetic Rehabilitation with Computer-Aided Design/Computer-Aided Manufacturing Zirconia: A Case Report.,3,【原因代码】: 3
3d craniofacial generative model for surgical planning in mandibular reconstruction,E5ATG7MJ,3D craniofacial generative model for surgical planning in mandibular reconstruction.,2,【原因代码】: 2
mechanotherapeutic modulation of the nasal microenvironment rampa induced maxillofacial remodeling and its pathophysiological impact on mucus rheology and chronic inflammation,HHXKMFE3,Mechanotherapeutic Modulation of the Nasal Microenvironment: RAMPA-Induced Maxillofacial Remodeling and Its Pathophysiological Impact on Mucus Rheology and  Chronic Inflammation.,1,【原因代码】: 1
accuracy of static computer assisted implant placement in posterior edentulous areas with different levels of tooth support by novice clinicians,69LQ9WZ4,Accuracy of Static Computer- Assisted Implant Placement in Posterior Edentulous Areas with Different Levels of Tooth- Support by Novice Clinicians.,3,【原因代码】: 3
visualizing physiological sclerotic dentin via micro computed tomography a pilot study,JFGG5SRB,Visualizing physiological sclerotic dentin via micro-computed tomography: A pilot study.,3,【原因代码】: 3
management of total frontal bone loss after surgery for craniosynostosis the modified visor bone flap with brain cage,B5HAN576,Management of Total Frontal Bone Loss After Surgery for Craniosynostosis: The Modified Visor Bone Flap With Brain Cage.,1,【原因代码】: 1
tcfnet bidirectional face bone transformation via a transformer based coarse to fine point movement network,8PBRU82N,TCFNet: Bidirectional face-bone transformation via a Transformer-based coarse-to-fine point movement network.,1,【原因代码】: 1
a self supervised deep framework for reference bony shape estimation in orthognathic surgical planning,2NKG7SLL,A Self-Supervised Deep Framework for Reference Bony Shape Estimation in Orthognathic Surgical Planning.,3,【原因代码】: 3
madcrowner margin aware dental crown design with template deformation and refinement,Y3Y6L6FN,MADCrowner: Margin Aware Dental Crown design with template deformation and refinement.,3,【原因代码】: 3
fully automated ai based digital workflow for mirroring of healthy and defective craniofacial models,ZHH7IXHH,Fully Automated AI-Based Digital Workflow for Mirroring of Healthy and Defective Craniofacial Models.,2,【原因代码】: 2
treatment of progressive hemifacial atrophy by cartilage graft and free adipofascial flap combined with three dimensional planning,PYH6UXUZ,Treatment of Progressive Hemifacial Atrophy by Cartilage Graft and Free Adipofascial Flap Combined with Three-Dimensional Planning.,3,【原因代码】: 3
romero dental modification system from 2d diagrammatic representation to 3d digital models,IEJ4T68U,Romero dental modification system from 2D diagrammatic representation to 3D digital models.,3,【原因代码】: 3
ducu a conceptual framework for ai driven conversion of smile design to functional wax up,K64RLB43,DUCU: a conceptual framework for AI-driven conversion of smile design to functional wax-up.,2,【原因代码】: 2
evaluation of a novel drilling approach for dynamic navigation aided endodontic microsurgery a surgical simulation comparison study,DCY89A88,Evaluation of a Novel Drilling Approach for Dynamic Navigation-Aided Endodontic Microsurgery: A Surgical Simulation Comparison Study.,3,【原因代码】: 3
deep learning enabled 3d multimodal fusion of cone beam ct and intraoral mesh scans for clinically applicable tooth bone reconstruction,KZUDTGT4,Deep learning-enabled 3D multimodal fusion of cone-beam CT and intraoral mesh scans for clinically applicable tooth-bone reconstruction.,3,【原因代码】: 3
application of artifact suppression algorithm of post processing cbct software in root canal filling materials,8FVR9YAI,Application of artifact suppression algorithm of post-processing CBCT software in root canal filling materials.,3,【原因代码】: 3
a computational modeling method for root canal endoscopy using a specific cbct filter a new era in the metaverse of endodontics begins,ZRP4E5TI,A computational modeling method for root canal endoscopy using a specific CBCT filter: A new era in the metaverse of endodontics begins.,3,【原因代码】: 3
innovative endodontic management of pulp canal obliteration in mandibular incisors using a static navigation system a case report,ECNDVG7C,Innovative Endodontic Management of Pulp Canal Obliteration in Mandibular Incisors Using a Static Navigation System: A Case Report.,2,【原因代码】: 2
biomechanical considerations in rpd design application and perspective of finite element method in distal extension removable partial denture rehabilitation,REDS4QVI,Biomechanical considerations in RPD design: application and perspective of finite element method in distal extension removable partial denture rehabilitation.,2,【原因代码】: 2
impact of artifact reduction on dimensional accuracy of sealing materials for furcal perforations in cbct,SHZJNWAH,Impact of artifact reduction on dimensional accuracy of sealing materials for furcal perforations in CBCT.,3,【原因代码】: 3
numerical inverse design of patient specific dental implants accelerating fea based optimization via evolutionary neural surrogates,NLYE5CIG,Numerical Inverse Design of Patient-Specific Dental Implants: Accelerating FEA-Based Optimization via Evolutionary Neural Surrogates.,3,【原因代码】: 3
artificial intelligence guided occlusion reconstruction in nonoccluding cbct a validation study,LSXTAGI2,Artificial intelligence guided occlusion reconstruction in nonoccluding CBCT: A validation study.,5,【原因代码】: 5
the effect of different tooth preparation finishing procedures and immediate dentin sealing on the scanning accuracy of different intraoral scanners,IHRQELW2,The effect of different tooth preparation finishing procedures and immediate dentin sealing on the scanning accuracy of different intraoral scanners.,3,【原因代码】: 3
a novel approach for the replacement of accuracy and precision measurements with the visual instrument agreement scale vias in evaluating the performance of four intraoral scanners and one shade measurement device,469FIVNE,A novel approach for the replacement of accuracy and precision measurements with the visual instrument agreement scale (VIAS) in evaluating the performance of  four intraoral scanners and one shade measurement device.,3,【原因代码】: 3
integrating local and global attention mechanisms for enhanced oral cancer detection and explainability,ZF2YLA3S,Integrating local and global attention mechanisms for enhanced oral cancer detection and explainability.,1,【原因代码】: 1
the geometric relationship between root length and root surface area determined from digital tooth models,F5DKTHEG,The geometric relationship between root length and root surface area determined from digital tooth models.,3,【原因代码】: 3
clinical oriented 3d visualization and quantitative analysis of gingival thickness using convolutional neural networks and cbct,L54V6DLZ,Clinical-oriented 3D visualization and quantitative analysis of gingival thickness using convolutional neural networks and CBCT.,3,【原因代码】: 3
automated micro ct quantification of clear aligner fit a pilot comparison of manufacturing processes,LH8UPF46,Automated micro-CT quantification of clear aligner fit: a pilot comparison of manufacturing processes.,3,【原因代码】: 3
repair of inferior alveolar nerve in orthognathic surgery simulator rianos a novel open source combined 3d printed and ex vivo chicken sciatic nerve training model,Q7VVX4L9,"Repair of Inferior Alveolar Nerve in Orthognathic Surgery Simulator (RIANOS): A Novel, Open-Source, Combined 3D Printed, and Ex-Vivo Chicken Sciatic Nerve  Training Model.",2,【原因代码】: 2
a deep learning model for multiclass tooth segmentation on cone beam computed tomography scans,V32IVHH4,A deep learning model for multiclass tooth segmentation on cone-beam computed tomography scans.,3,【原因代码】: 3
development of an artificial intelligence based algorithm to classify images acquired with an intraoral scanner of individual molar teeth into three categories,7RUZVAC6,Development of an artificial intelligence-based algorithm to classify images acquired with an intraoral scanner of individual molar teeth into three  categories.,3,【原因代码】: 3
dicom segmentation and stl creation for 3d printing a process and software package comparison for osseous anatomy,8RUTEZHU,DICOM segmentation and STL creation for 3D printing: a process and software package comparison for osseous anatomy.,3,【原因代码】: 3
prospective study on the localization of anterolateral thigh perforator vessel based on mixed reality and artificial algorithm,7CZBUA54,Prospective study on the localization of anterolateral thigh perforator vessel based on mixed reality and artificial algorithm.,1,【原因代码】: 1
adaptive digital workflow for virtual patient modeling integrating static registration and six degree of freedom jaw tracking,T3K2TLQ3,Adaptive digital workflow for virtual patient modeling: Integrating static registration and six-degree-of-freedom jaw tracking.,2,【原因代码】: 2
effect of framework material and gyroid lattice design on the biomechanics of all on four full arch prostheses,9D6677BV,Effect of framework material and gyroid lattice design on the biomechanics of all-on-four full-arch prostheses.,3,【原因代码】: 3
development of micro ct based anatomically accurate tooth model for finite element analysis of composite restorations,ZUNK9NNI,Development of Micro-CT-Based Anatomically Accurate Tooth Model for Finite Element Analysis of Composite Restorations.,3,【原因代码】: 3
a full computerized workflow for planning surgically assisted rapid palatal expansion and orthognathic surgery in a skeletal class iii patient,T3Z6BX4T,A Full Computerized Workflow for Planning Surgically Assisted Rapid Palatal Expansion and Orthognathic Surgery in a Skeletal Class III Patient.,5,【原因代码】: 5
multi architecture deep learning for cbct segmentation of dental hard tissues and pulp in mixed dentition,K9NG599R,Multi-Architecture deep learning for CBCT segmentation of dental hard tissues and pulp in mixed dentition.,3,【原因代码】: 3
clinical evaluation of removable partial dentures with digitally fabricated metal framework after 4 years of clinical service,VA93LQUQ,Clinical evaluation of removable partial dentures with digitally fabricated metal framework after 4 years of clinical service.,3,【原因代码】: 3
stress distribution in titanium and zirconia implants with full arch prostheses a finite element analysis,2CNYCSQG,Stress distribution in titanium and zirconia implants with full-arch prostheses: a finite element analysis.,3,【原因代码】: 3
a step by step guide for implementation of virtual surgical applications and patient data centralization practical experience and lessons learned,SXE9C4CV,A step-by-step guide for implementation of virtual surgical applications and patient data centralization: practical experience and lessons learned.,2,【原因代码】: 2
digitally guided corticotomy using a customized surgical template suya corticotomy utility template a technique report,UBY7Q3RD,Digitally guided corticotomy using a customized surgical template (Suya corticotomy utility template): A technique report.,2,【原因代码】: 2
automatic 3 dimensional quantification of orthodontically induced root resorption in cone beam computed tomography images based on deep learning,37T73WT3,Automatic 3-dimensional quantification of orthodontically induced root resorption in cone-beam computed tomography images based on deep learning.,3,【原因代码】: 3
application of temporary patient specific plate in head and neck osteocutaneous free flap reconstruction a prospective pilot study,IHFWL9JR,Application of temporary patient-specific plate in head and neck osteocutaneous free flap reconstruction: a prospective pilot study.,3,【原因代码】: 3
deep learning based dental age estimation in adolescents using panoramic radiographs a comparative study with traditional methods,IDDEZY3C,Deep learning-based dental age estimation in adolescents using panoramic radiographs: a comparative study with traditional methods.,3,【原因代码】: 3
ai augmented mixed reality for 3d visualization of perforator vessels a feasibility study in fibular flap surgery,Y86TUGG7,AI-augmented mixed reality for 3D visualization of perforator vessels: A feasibility study in fibular flap surgery.,3,【原因代码】: 3
fully automated estimation of arch forms in cone beam ct with cubic b spline approximation evaluation of digital dental models with missing teeth,C7KWYD39,Fully automated estimation of arch forms in cone-beam CT with cubic B-spline approximation: Evaluation of digital dental models with missing teeth.,3,【原因代码】: 3
a finite element analysis of a dental implant with a conformal lattice structure a parametric exploration under occlusal loading,DTQPUFEH,A finite element analysis of a dental implant with a conformal lattice structure: a parametric exploration under occlusal loading.,3,【原因代码】: 3
automatic margin line extraction using 3d deep learning on digital surface models of prepared teeth for crown generation,S5KAPWQQ,Automatic margin line extraction using 3D deep learning on digital surface models of prepared teeth for crown generation.,3,【原因代码】: 3
pioneering fully automated bony orbit segmentation an in silico nnu net multicentre approach,YFK7UAPN,Pioneering fully automated bony orbit segmentation: an in silico nnU-Net multicentre approach.,1,【原因代码】: 1
accuracy and clinical outcomes of mandibular reconstruction using fibula free flaps and open source virtual surgical planning,IN7BTE67,Accuracy and Clinical Outcomes of Mandibular Reconstruction Using Fibula Free Flaps and Open-Source Virtual Surgical Planning.,3,【原因代码】: 3
electromagnetic navigation in mandibular reconstruction using autologous grafts a color coded assistance for precise positioning of bone segments,TYANEIC4,Electromagnetic Navigation in Mandibular Reconstruction Using Autologous Grafts: A Color-Coded Assistance for Precise Positioning of Bone Segments.,3,【原因代码】: 3
comparison of biomechanical performance of custom implants with different designs under functional load a finite element analysis,7QDPDBCV,Comparison of biomechanical performance of custom implants with different designs under functional load: a finite element analysis.,3,【原因代码】: 3
microfluidic pulp platform with vascular integration to evaluate biofunctional material,F7VE6S7L,Microfluidic pulp platform with vascular integration to evaluate biofunctional material.,3,【原因代码】: 3
individual high precision 3d mandibular model for finite element analysis of three unit bridges a biomechanical pilot study,RC9HDKWL,"Individual, High-Precision 3D Mandibular Model for Finite Element Analysis of Three-Unit Bridges: A Biomechanical Pilot Study.",3,【原因代码】: 3
customized 3d printed models for training in repairing large maxillary sinus membrane perforations,BLI79NLU,Customized 3D-printed models for training in repairing large maxillary sinus membrane perforations.,5,【原因代码】: 5
accuracy and generalizability of an open source deep learning model for facial bone segmentation on ct and cbct scans an ex vivo study,W32UUZHY,Accuracy and generalizability of an open-source deep learning model for facial bone segmentation on CT and CBCT scans: An ex vivo study.,3,【原因代码】: 3
a deep metric learning and multimodal gated fusion framework for ai driven risk assessment of lingual plate perforation and mandibular canal injury in posterior mandible implants,EU3ZJKMP,A Deep Metric Learning and Multimodal Gated Fusion Framework for AI-Driven Risk Assessment of Lingual Plate Perforation and Mandibular Canal Injury in Posterior  Mandible Implants.,3,【原因代码】: 3
comparison of low dose standard dose and high definition cbct protocols for stl reconstruction accuracy in digital bone scaffold workflows,EKQJE262,"Comparison of Low-Dose, Standard-Dose, and High-Definition CBCT Protocols for STL Reconstruction Accuracy in Digital Bone Scaffold Workflows.",3,【原因代码】: 3
evaluation of the effects of diameter length splinted or nonsplinted form and crown to implant ratio on the stress distribution around extra short implants in the posterior mandible finite element analysis,2ZLUSNLH,"Evaluation of the Effects of Diameter, Length, Splinted or Nonsplinted Form, and Crown-to-Implant Ratio on the Stress Distribution Around Extra-Short Implants in  the Posterior Mandible: Finite Element Analysis.",3,【原因代码】: 3
effect of simulated bur radius compensation on full contour cad crown morphology and trueness across tooth types an in silico study,SB3G68D5,Effect of simulated bur radius compensation on full-contour CAD crown morphology and trueness across tooth types. An in- silico study.,3,【原因代码】: 3
international symposium napoca biodent 2021 new challenges in dental research 10 th edition 5 th 6 th november 2021,WXJDH8BZ,"International Symposium Napoca Biodent 2021: New Challenges in Dental Research, 10(th) Edition, 5(th) - 6(th) November 2021.",2,【原因代码】: 2
influence of transmucosal contour on peri implant soft tissue dimensions a cross sectional study in posterior single tooth implants,WMEDMW72,Influence of Transmucosal Contour on Peri-Implant Soft Tissue Dimensions: A Cross-Sectional Study in Posterior Single-Tooth Implants.,3,【原因代码】: 3
functional models from limited data a parametric and multimodal approach to anatomy and 3d kinematics of feeding in basking sharks cetorhinus maximus,29DTNV7A,Functional models from limited data: A parametric and multimodal approach to anatomy and 3D kinematics of feeding in basking sharks (Cetorhinus maximus).,1,【原因代码】: 1
retroposition of the vestigial cartilage in patients with microtia a novel technique to enhance projection of the reconstructed ear,FHFQ7WB8,Retroposition of the Vestigial Cartilage in Patients With Microtia: A Novel Technique to Enhance Projection of the Reconstructed Ear.,1,【原因代码】: 1
effects of build angle and position in the build platform on the dimensional accuracy of 3d printed molar crowns using digital light processing technology,6Y2JX4E5,Effects of Build Angle and Position in the Build Platform on the Dimensional Accuracy of 3D-Printed Molar Crowns Using Digital Light Processing Technology.,3,【原因代码】: 3
specially designed and cad cam manufactured allogeneic bone blocks using for augmentation of a highly atrophic maxilla show a stable base for an all on six treatment concept a case report,GDZGDW9U,Specially designed and CAD/CAM manufactured allogeneic bone blocks using for augmentation of a highly atrophic maxilla show a stable base for an all-on-six  treatment concept: a case report.,3,【原因代码】: 3
extraction of tooth cusps based on dbscan density clustering and neighborhood search algorithm,HHH67P6U,Extraction of Tooth Cusps based on DBSCAN Density Clustering and Neighborhood Search Algorithm.,3,【原因代码】: 3
dynamic navigation for dental implant placement,UM9QT2SB,Dynamic Navigation for Dental Implant Placement.,2,【原因代码】: 2
fabrication of immediately loaded implant retained maxillary overdenture with flapless surgery using a cad cam surgical guide a technical report,EY9HHQH3,Fabrication of immediately loaded implant-retained maxillary overdenture with flapless surgery using a CAD/CAM surgical guide: A technical report.,2,【原因代码】: 2
revolutionizing dental restorations insights into computer aided design computer aided manufacturing materials a systematic review,KRGY2GF4,Revolutionizing dental restorations: Insights into computer-aided design/computer-aided manufacturing materials - A systematic review.,2,【原因代码】: 2
analysis of the accuracy of a dynamic navigation system in endodontic microsurgery a prospective case series study,ZSA2267Y,Analysis of the accuracy of a dynamic navigation system in endodontic microsurgery: A prospective case series study.,3,【原因代码】: 3
association of peri implant mucosa dimensions with emergence profile angles of the implant prosthesis,GC7Z6UQ8,Association of Peri-Implant Mucosa Dimensions With Emergence Profile Angles of the Implant Prosthesis.,3,【原因代码】: 3
three dimensional finite element analysis of temporomandibular joint stresses following botulinum toxin injection and occlusal splint therapy in bruxism,TYDR2R9S,Three-dimensional finite element analysis of temporomandibular joint stresses following botulinum toxin injection and occlusal splint therapy in bruxism.,3,【原因代码】: 3
automatic surgical planning based on point cloud filtering and geometric constraints for temporomandibular joint prosthesis implantation,2E6KGKNK,Automatic surgical planning based on point cloud filtering and geometric constraints for temporomandibular joint prosthesis implantation.,3,【原因代码】: 3
digital simulation and clinical validation of a novel open source based workflow for 3d printed surgical guide gorst in esthetic crown lengthening a case report,XHTXIG78,Digital Simulation and Clinical Validation of a Novel Open-Source-Based Workflow for 3D-Printed Surgical Guide (GORST) in Esthetic Crown Lengthening: A Case  Report.,2,【原因代码】: 2
real time face gesture based robot control using ghostnet in a unity simulation environment,YWCYTVI5,Real-Time Face Gesture-Based Robot Control Using GhostNet in a Unity Simulation Environment.,1,【原因代码】: 1
3d ring artifacts removal algorithm combined low rank tensor decomposition with spatial sequential total variation regularization and its application in phase contrast microtomography,LS8RX9WU,3D ring artifacts removal algorithm combined low-rank tensor decomposition with spatial-sequential total variation regularization and its application in  phase-contrast microtomography.,1,【原因代码】: 1
a personalized 3d printed cad cam functional space maintainer following the premature loss of a primary first molar in a five year old child,DIV2LM35,A Personalized 3D-Printed CAD/CAM Functional Space Maintainer Following the Premature Loss of a Primary First Molar in a Five-Year-Old Child.,3,【原因代码】: 3
full mouth rehabilitation of a patient with implant supported fixed dental prostheses using cad cam frameworks,8EJ8L3BS,Full-mouth rehabilitation of a patient with implant-supported fixed dental prostheses using CAD-CAM frameworks.,3,【原因代码】: 3
trueness of fully guided static computer assisted implant surgery for immediate implant placement in premolar and molar sites an observational analysis,DSAYFDCC,"Trueness of fully guided static computer-assisted implant surgery for immediate implant placement in premolar and molar sites, an observational analysis.",3,【原因代码】: 3
posterior implant angulation without cantilever reduction in mandibular all on 4 a controlled finite element analysis of stress transfer and implant macrodesign effects,KHNTF6NJ,Posterior implant angulation without cantilever reduction in mandibular All-on-4: a controlled finite element analysis of stress transfer and implant macrodesign  effects.,3,【原因代码】: 3
hybrid digital workflow for accurate distal extension reproduction in free end removable dental prosthesis a technical report,ZQA8YILC,Hybrid Digital Workflow for Accurate Distal Extension Reproduction in Free-End Removable Dental Prosthesis: A Technical Report.,2,【原因代码】: 2
accuracy of facial scan registration a comparison between full cranium and reduced field of view cone beam computed tomography,ZMMF2E7P,Accuracy of facial scan registration: A comparison between full-cranium and reduced field-of-view cone-beam computed tomography.,3,【原因代码】: 3
laboratorial comparative study of the accuracy between virtual planning and erickson s platform,K5L8U678,Laboratorial Comparative Study of the Accuracy Between Virtual Planning and Erickson's Platform.,2,【原因代码】: 2
comparison of the marginal discrepancy of pfm crowns in the cad cam and lost wax fabrication techniques by triple scanning,UIVXLDR7,Comparison of the marginal discrepancy of PFM crowns in the CAD/CAM and lost-wax fabrication techniques by triple scanning.,3,【原因代码】: 3
efficiency and accuracy of augmented reality guided endodontic surgery a systematic review,GKEVKNY9,Efficiency and accuracy of augmented reality guided endodontic surgery: a systematic review.,2,【原因代码】: 2
development of an automatic computer program to determine the optimal dental implant size and position for fibula free flap surgery,7M8ERVJ3,Development of an Automatic Computer Program to Determine the Optimal Dental Implant Size and Position for Fibula Free Flap Surgery.,3,【原因代码】: 3
two stage deep learning framework for occlusal crown depth image generation,IDCI2HJY,Two-stage deep learning framework for occlusal crown depth image generation.,2,【原因代码】: 2
ai assisted identification of the medial lingual foramen on cbct a deep learning approach for preoperative implant assessment,MVGIWU9B,AI-Assisted Identification of the Medial Lingual Foramen on CBCT: A Deep Learning Approach for Preoperative Implant Assessment.,3,【原因代码】: 3
3d photography and computer modelling in nasal reconstruction,KB2PJW4K,3D photography and computer modelling in nasal reconstruction.,1,【原因代码】: 1
can deep learning methods differentiate temporomandibular joint disorders from healthy joints a 3d artificial intelligence algorithm study based on cbct images,QMPTHVAN,Can Deep Learning Methods Differentiate Temporomandibular Joint Disorders From Healthy Joints? A 3D Artificial Intelligence Algorithm Study Based on CBCT  Images.,3,【原因代码】: 3
an in vivo study to assess and compare the angular linear and depth deviation as well as the difference in bone density of implants placed using computer aided design computer aided manufacturing fabricated three dimensional guides versus the implants placed using bone pen kit in maxillary and mandibular ridges,IQCXVDV3,"An in vivo study to assess and compare the angular, linear, and depth deviation as well as the difference in bone density of implants placed using computer-aided  design/computer-aided manufacturing fabricated three-dimensional guides versus  the implants placed using bone pen kit in maxillary and mandibular ridges.",3,【原因代码】: 3
a deep learning framework for automated classification and archiving of orthodontic diagnostic documents,746L2B4Q,A Deep Learning Framework for Automated Classification and Archiving of Orthodontic Diagnostic Documents.,2,【原因代码】: 2
isolation and therapeutic application of extracellular vesicles derived from self assembled mesenchymal stem cell aggregates,ZAPYVPDD,Isolation and Therapeutic Application of Extracellular Vesicles Derived from Self-Assembled Mesenchymal Stem Cell Aggregates.,1,【原因代码】: 1
alveolar distraction,SUVB33ZW,Alveolar Distraction.,2,【原因代码】: 2
a novel guided zygomatic and pterygoid implant surgery system a human cadaver study on accuracy,SXVNEQGA,A Novel Guided Zygomatic and Pterygoid Implant Surgery System: A Human Cadaver Study on Accuracy.,3,【原因代码】: 3
biomechanical comparison of titanium and y tzp subperiosteal implants in atrophic maxilla a finite element study,5N9WLQW9,Biomechanical comparison of titanium and Y-TZP subperiosteal implants in atrophic maxilla: a finite element study.,3,【原因代码】: 3
zirconia implants interfere with the evaluation of peri implant bone defects in cone beam computed tomography cbct images even with artifact reduction a pilot study,HG9V8DTX,"Zirconia implants interfere with the evaluation of peri-implant bone defects in cone beam computed tomography (CBCT) images even with artifact reduction, a pilot  study.",3,【原因代码】: 3
exploring the intricacies of finite element modeling of 3d printed scaffolds for musculoskeletal applications an in depth review,QLCV7SDJ,Exploring the Intricacies of Finite Element Modeling of 3D-Printed Scaffolds for Musculoskeletal Applications: An In-Depth Review.,1,【原因代码】: 1
a reproducible optical microscopic framework for evaluating electronic apex locator performance in different irrigants using 3d printed transparent resin teeth,D4L4LQ75,A reproducible optical-microscopic framework for evaluating electronic apex locator performance in different irrigants using 3D-printed transparent resin  teeth.,3,【原因代码】: 3
investigation of voids in the apical plug of mta using cone beam computed tomography digital radiography and analog radiography,ECEYBXQN,"Investigation of Voids in the Apical Plug of MTA Using Cone-Beam Computed Tomography, Digital Radiography, and Analog Radiography.",3,【原因代码】: 3
artificial intelligence for maxillofacial prosthodontics a technological shift in craniofacial rehabilitation a scoping review,LPNTLF6K,Artificial intelligence for maxillofacial prosthodontics: A technological shift in craniofacial rehabilitation- a scoping review.,2,【原因代码】: 2
use of individually designed cad cam suprastructures for dental reconstruction in patients with cleft lip and palate,HXCMADLS,Use of Individually Designed CAD/CAM Suprastructures for Dental Reconstruction in Patients with Cleft Lip and Palate.,3,【原因代码】: 3
quantitative salivary gland spect ct using deep convolutional neural networks,AXW63VZF,Quantitative salivary gland SPECT/CT using deep convolutional neural networks.,1,【原因代码】: 1
hydrophilic polymer modified poly caprolactone hydroxyapatite three dimensional printed scaffolds with enhanced hydrophilicity and biodegradability for regenerative endodontic applications,W9HL9DUR,Hydrophilic Polymer-Modified Poly(ε-caprolactone)/Hydroxyapatite Three-dimensional-Printed Scaffolds with Enhanced Hydrophilicity and  Biodegradability for Regenerative Endodontic Applications.,1,【原因代码】: 1
use and performance of artificial intelligence applications in the diagnosis of chronic apical periodontitis based on cone beam computed tomography imaging,GD75MEAT,Use and performance of artificial intelligence applications in the diagnosis of chronic apical periodontitis based on cone beam computed tomography imaging.,3,【原因代码】: 3
new approach to dental morphometric research based on 3d imaging techniques,JXPNURLI,New Approach to Dental Morphometric Research Based on 3D Imaging Techniques.,2,【原因代码】: 2
rat tongue kinematics with markerless xromm using deeplabcut and marker masking,R32WAMDT,Rat Tongue Kinematics with Markerless XROMM Using DeepLabCut and Marker Masking.,1,【原因代码】: 1
potential applicability of virtual reality in implant dentistry a narrative review,Y85SAQ5F,Potential applicability of virtual reality in implant dentistry: a narrative review.,2,【原因代码】: 2
evaluation of the marginal fit of computer aided design cad and computer aided manufacturing cam zirconia bridges fabricated with different firing cycles of veneering porcelain an in vitro study,CC4C93VB,Evaluation of the Marginal Fit of Computer-Aided Design (CAD) and Computer-Aided Manufacturing (CAM) Zirconia Bridges Fabricated With Different Firing Cycles of  Veneering Porcelain: An In Vitro Study.,3,【原因代码】: 3
a depth resolved quantitative evaluation method for non carious cervical lesions treatment with optical coherence tomography,UN7U4BJ8,A depth-resolved quantitative evaluation method for non-carious cervical lesions treatment with optical coherence tomography.,3,【原因代码】: 3
virtual articulator software accuracy usability and clinical applicability a systematic review,U5BR4J6Y,"Virtual Articulator Software: Accuracy, Usability, and Clinical Applicability: A Systematic Review.",2,【原因代码】: 2
tablet based augmented reality and 3d printed templates in fully guided microtia reconstruction a clinical workflow,EJE3LUQJ,Tablet-based Augmented reality and 3D printed templates in fully guided Microtia Reconstruction: a clinical workflow.,3,【原因代码】: 3
accuracy of implant placement with a combined use of static and dynamic computer assisted implant surgery in single tooth space a randomized controlled trial,UYNICMWQ,Accuracy of implant placement with a combined use of static and dynamic computer-assisted implant surgery in single tooth space: A randomized controlled  trial.,3,【原因代码】: 3
efficient complete denture metal base design via a dental feature driven segmentation network,4X2TJXXU,Efficient complete denture metal base design via a dental feature-driven segmentation network.,3,【原因代码】: 3
comparison of 3d accuracy of conventional cast metal to milled zirconia implant supported full arch fixed dental prosthesis frameworks,SISAMUSA,Comparison of 3D Accuracy of Conventional Cast Metal to Milled Zirconia Implant-Supported Full-Arch Fixed Dental Prosthesis Frameworks.,3,【原因代码】: 3
automatic real time space registration application for simulating dental and maxillofacial surgery,4RXVW5LA,Automatic Real-Time Space Registration Application for Simulating Dental and Maxillofacial Surgery.,2,【原因代码】: 2
concurrent computed tomography based evaluation of nasal morphology airway volume and skeletal changes following craniofacial distraction osteogenesis a pilot retrospective case series,LQCXZNNJ,"Concurrent computed tomography-based evaluation of nasal morphology, airway volume, and skeletal changes following craniofacial distraction osteogenesis: A  pilot retrospective case series.",1,【原因代码】: 1
mechanical and functional validation of a perfused robot assisted partial nephrectomy simulation platform using a combination of 3d printing and hydrogel casting,LT8NWYEJ,"Mechanical and functional validation of a perfused, robot-assisted partial nephrectomy simulation platform using a combination of 3D printing and hydrogel  casting.",1,【原因代码】: 1
efficacy of metal artifact reduction algorithm of cone beam computed tomography for detection of fenestration and dehiscence around dental implants,KVLBJQPE,Efficacy of Metal Artifact Reduction Algorithm of Cone-Beam Computed Tomography for Detection of Fenestration and Dehiscence around Dental Implants.,3,【原因代码】: 3
an in vitro analysis of implant site preparation and placement protocols on implant accuracy in robot assisted procedures,JYU5QBGN,An In Vitro Analysis of Implant Site Preparation and Placement Protocols on Implant Accuracy in Robot-Assisted Procedures.,3,【原因代码】: 3
a novel solution of using mixed reality in bowel and oral and maxillofacial surgical telepresence 3d mean value cloning algorithm,VTPCDERE,A Novel Solution of Using Mixed Reality in Bowel and Oral and Maxillofacial Surgical Telepresence: 3D Mean Value Cloning algorithm.,3,【原因代码】: 3
advances in digital restorative dentistry evaluation of clinical outcome parameters of cad cam and 3d printed inlays onlays and veneers scoping review,LIQ8K4QS,"Advances in Digital Restorative Dentistry: Evaluation of Clinical Outcome Parameters of CAD/CAM and 3D-Printed Inlays, Onlays, and Veneers-Scoping Review.",2,【原因代码】: 2
development of an experimental model for assessment of palatal tissue decomposition by intraoral scanner,QX8DEXZK,Development of an experimental model for assessment of palatal tissue decomposition by intraoral scanner.,3,【原因代码】: 3
predicting site specific alveolar bone remodeling in class iii decompensation a preliminary study based on a data driven rbf framework,WY9YT5C5,Predicting site-specific alveolar bone remodeling in class III decompensation: a preliminary study based on a data-driven RBF framework.,5,【原因代码】: 5
patient specific gingival recession system based on periodontal disease prediction,VXPM8E6R,Patient-specific gingival recession system based on periodontal disease prediction.,2,【原因代码】: 2
effect of distal cantilever and anterior implant diameter on framework and cortical bone stress in a peek based all on four mandibular prosthesis,BG353LUQ,Effect of distal cantilever and anterior implant diameter on framework and cortical bone stress in a PEEK-based All-on-Four mandibular prosthesis.,3,【原因代码】: 3
role of 3d printing in post op rehabilitation of palatal bone loss by mucormycosis a survey,6VNYBPW6,Role of 3D Printing in Post-op Rehabilitation of Palatal Bone Loss by Mucormycosis: A Survey.,2,【原因代码】: 2
electrical impedance myography method of measuring anisotropic tongue tissue,A2PX5EWK,Electrical impedance myography method of measuring anisotropic tongue tissue.,1,【原因代码】: 1
fit and retention of complete denture bases part ii conventional impressions versus digital scans a clinical controlled crossover study,W29E6BQZ,Fit and retention of complete denture bases: Part II - conventional impressions versus digital scans: A clinical controlled crossover study.,3,【原因代码】: 3
multidentnet a unified deep learning framework for multi class dental condition screening and preliminary oral lesion triage,TMHVPQB7,MultiDentNet: a unified deep learning framework for multi-class dental condition screening and preliminary oral lesion triage.,2,【原因代码】: 2
accuracy of dental implant placement with or without the use of a dynamic navigation assisted system a randomized clinical trial,X4PPGN63,Accuracy of dental implant placement with or without the use of a dynamic navigation assisted system: A randomized clinical trial.,3,【原因代码】: 3
detecting mandible fractures in cbct scans using a 3 stage neural network,UVGSTG9C,Detecting Mandible Fractures in CBCT Scans Using a 3-Stage Neural Network.,3,【原因代码】: 3
a semi automated assessment tool for craniofacial landmarks in cbct invivo7 software,QLFQNT95,A semi-automated assessment tool for craniofacial landmarks in CBCT: InVivo7 software.,3,【原因代码】: 3
a scoping review on the accuracy of fit of removable partial dentures in a developing digital context,5AXZYGE8,A Scoping Review on the Accuracy of Fit of Removable Partial Dentures in a Developing Digital Context.,2,【原因代码】: 2
comparison of the accuracy of implant position for two implants supported fixed dental prosthesis using static and dynamic computer assisted implant surgery a randomized controlled clinical trial,D4M6PMD4,Comparison of the accuracy of implant position for two-implants supported fixed dental prosthesis using static and dynamic computer-assisted implant surgery: A  randomized controlled clinical trial.,3,【原因代码】: 3
comparative accuracy of active and passive dynamic navigation systems in dental implant surgery a retrospective study,7N3PLZDT,Comparative accuracy of active and passive dynamic navigation systems in dental implant surgery: A retrospective study.,3,【原因代码】: 3
guided full mouth implant rehabilitation in atrophic alveolar ridges using ttphil all tilt protocol a case report with three years follow up,V32JAIQC,Guided Full Mouth Implant Rehabilitation in Atrophic Alveolar Ridges Using TTPHIL ALL TILT? Protocol: A Case Report With Three Years Follow-Up.,3,【原因代码】: 3
deep learning based on swin transformer and 3d u net implant three dimensional position planning,U7L2XRZD,Deep Learning Based on Swin-Transformer and 3D U-Net: Implant Three-Dimensional Position Planning.,3,【原因代码】: 3
three dimensional mandibular motion trajectory tracking system based on bp neural network,WQWEWB78,Three-dimensional mandibular motion trajectory-tracking system based on BP neural network.,3,【原因代码】: 3
dual scalable osteogenic microtissue engineering via gelma microsphere inspired mechanical training and autonomous assembling of dental pulp stem cell,B7MT2857,Dual scalable osteogenic microtissue engineering via GelMA microsphere-inspired mechanical training and autonomous assembling of dental pulp stem cell.,1,【原因代码】: 1
biologic and esthetic outcome of cad cam custom ceramic implant abutment a clinical report,6HK2FTWY,Biologic and Esthetic Outcome of CAD/CAM Custom Ceramic Implant Abutment: A Clinical Report.,2,【原因代码】: 2
a novel technique to retrieve cement retained implant supported prosthesis with digital imaging a technical report,6MA2TRFI,A Novel Technique to Retrieve Cement Retained Implant Supported Prosthesis with Digital Imaging: A Technical Report.,2,【原因代码】: 2
cad cam denture teeth made on cast metal removable partial denture frameworks,YY79UAZM,CAD-CAM denture teeth made on cast metal removable partial denture frameworks.,3,【原因代码】: 3
full rehabilitation in an open bite case using lithium disilicate and custom digital design,WQ6SSTW7,Full Rehabilitation in an Open-Bite Case Using Lithium Disilicate and Custom Digital Design.,3,【原因代码】: 3
assessment of 3d facial scan integration in 3d digital workflows using radiographic markers and the iterative closest point algorithm,P4CN4M7Y,Assessment of 3D facial scan integration in 3D digital workflows using radiographic markers and the iterative closest point algorithm.,3,【原因代码】: 3
oral cancer diagnosis using an optimized inceptionv3 model powered by the aquila metaheuristic algorithm,VBYALYIQ,Oral Cancer Diagnosis Using an Optimized InceptionV3 Model Powered by the Aquila Metaheuristic Algorithm.,3,【原因代码】: 3
half segmental diaphyseal bone defect model in rats for evaluating bone substitute performance in load bearing regions,CPJYPXXX,Half-segmental Diaphyseal Bone Defect Model in Rats for Evaluating Bone Substitute Performance in Load-bearing Regions.,1,【原因代码】: 1
tissue engineering current technology for facial reconstruction,XUFU4743,Tissue Engineering: Current Technology for Facial Reconstruction.,2,【原因代码】: 2
dental microfracture detection using wavelet features and machine learning,GYAL5HZT,Dental microfracture detection using wavelet features and machine learning.,3,【原因代码】: 3
efficacy of ai enabled software in automatic segmentation for orthognathic surgery,7LLG4STI,Efficacy of Ai Enabled Software in Automatic Segmentation for Orthognathic Surgery.,2,【原因代码】: 2
evaluation of one and two step impression techniques and vertical marginal misfit in fixed prothesis,DGRF9TWB,Evaluation of One- and Two-Step Impression Techniques and Vertical Marginal Misfit in Fixed Prothesis.,3,【原因代码】: 3
experimental study on dimensional variations of 3d printed dental models based on printing orientation,JH94FFYH,Experimental study on dimensional variations of 3D printed dental models based on printing orientation.,3,【原因代码】: 3
b onic suite an integrated platform for personalized medical devices real time surgical planning and enhanced intraoperative navigation,S3GKM64S,"B-onic Suite: An Integrated Platform for Personalized Medical Devices, Real-Time Surgical Planning, and Enhanced Intraoperative Navigation.",2,【原因代码】: 2
combination of cad cam technologies and conventional processing in the fabrication of a maxillary obturator prosthesis a clinical report,UAI78VW7,Combination of CAD/CAM technologies and conventional processing in the fabrication of a maxillary obturator prosthesis: a clinical report.,2,【原因代码】: 2
spontaneous dental implant macro migration in low density bone an 8 year case report,BBL5YC5J,Spontaneous dental implant macro-migration in low-density bone: An 8-year case report.,2,【原因代码】: 2
position of digitally guided implants in completely edentulous maxillae by using a modified double scan and overlap of three digital surface protocol,RXN9D6EM,Position of digitally guided implants in completely edentulous maxillae by using a modified double-scan and overlap of three digital surface protocol.,3,【原因代码】: 3
comparison of implant precision with robots navigation or static guides,DNCZWPGP,"Comparison of Implant Precision with Robots, Navigation, or Static Guides.",2,【原因代码】: 2
computer guided versus freehand dental implant surgery randomized controlled clinical trial,4EVUG7GP,Computer guided versus freehand dental implant surgery: Randomized controlled clinical trial.,3,【原因代码】: 3
flyby cnn a 3d surface segmentation framework,AV4VBXPD,FlyBy CNN: A 3D surface segmentation framework.,2,【原因代码】: 2
comparison of the reproducibility of maxillary position transfer with a mechanical facebow and those with facial scanning and cone beam computed tomography based on a method of model orientation using anatomical landmarks,NJJRVPS5,"Comparison of the reproducibility of maxillary position transfer with a mechanical facebow and those with facial scanning and cone beam computed  tomography, based on a method of model orientation using anatomical landmarks.",3,【原因代码】: 3
complete arch accuracy of seven intraoral scanners measured by the virtual fit method,NYVN7TZY,Complete-arch accuracy of seven intraoral scanners measured by the virtual-fit method.,3,【原因代码】: 3
three dimensional soft tissue landmark detection with marching cube algorithm,VMWZNNZZ,Three-dimensional soft tissue landmark detection with marching cube algorithm.,2,【原因代码】: 2
effect of saliva on accuracy of digital dental implant transfer using two different materials of intraoral scan bodies with different exposed lengths,CYV65U6X,Effect of saliva on accuracy of digital dental implant transfer using two different materials of intraoral scan bodies with different exposed lengths.,3,【原因代码】: 3
automated measurement for image distortion analysis in 2d panoramic imaging of dental cbct system a phantom study,T6JCHVHZ,Automated measurement for image distortion analysis in 2D panoramic imaging of dental CBCT system: A phantom study.,3,【原因代码】: 3
automatic identification of hard and soft tissue landmarks in cone beam computed tomography via deep learning with diversity datasets a methodological study,E9QKKX3A,Automatic identification of hard and soft tissue landmarks in cone-beam computed tomography via deep learning with diversity datasets: a methodological study.,2,【原因代码】: 2
accuracy of the implant replica positions on the complete edentulous additive manufactured cast,BP8J829M,Accuracy of the Implant Replica Positions on the Complete Edentulous Additive Manufactured Cast.,3,【原因代码】: 3
evaluation of retentive forces in three types of removable partial denture framework materials an in vitro study,WZ6Q7HD6,Evaluation of Retentive Forces in Three Types of Removable Partial Denture Framework Materials: An In Vitro Study.,3,【原因代码】: 3
accuracy of intraoral optical scan versus stereophotogrammetry for complete arch digital implant impression an in vitro study,K8EJXEIE,Accuracy of intraoral optical scan versus stereophotogrammetry for complete-arch digital implant impression: An in vitro study.,3,【原因代码】: 3
factors that contribute to the successful fabrication of cad cam complete dentures,FKSEJXV4,Factors that contribute to the successful fabrication of CAD-CAM complete dentures.,3,【原因代码】: 3
performance assessment of five artificial intelligence based algorithms for automated tooth segmentation and labeling on intraoral scans,HMB85WDL,Performance assessment of five artificial intelligence-based algorithms for automated tooth segmentation and labeling on intraoral scans.,3,【原因代码】: 3
three dimensional radiographic and morphological features of ameloblastoma and odontogenic keratocyst a comparative cone beam computed tomography study using automatic segmentation,9DJH7XRW,Three-Dimensional Radiographic and Morphological Features of Ameloblastoma and Odontogenic Keratocyst: A Comparative Cone Beam Computed Tomography Study Using  Automatic Segmentation.,3,【原因代码】: 3
outcomes that may affect implant and prosthesis survival and complications in maxillary fixed prosthesis supported by four or six implants a systematic review and meta analysis,3354J7WB,Outcomes that may affect implant and prosthesis survival and complications in maxillary fixed prosthesis supported by four or six implants: A systematic review  and meta-analysis.,2,【原因代码】: 2
accuracy of removable partial denture frameworks fabricated using conventional and digital technologies,DQJNXGDK,Accuracy of Removable Partial Denture Frameworks Fabricated Using Conventional and Digital Technologies.,3,【原因代码】: 3
emergence profile angle as a determinant of periodontal supracrestal tissue dimensions in maxillary anterior teeth,EM5UZ9JX,Emergence Profile Angle as a Determinant of Periodontal Supracrestal Tissue Dimensions in Maxillary Anterior Teeth.,3,【原因代码】: 3
the effects of different implant crown restorative materials on the detection of proximal caries of adjacent teeth in cone beam computed tomography cbct scans using various machines metal artifact reduction mar algorithm and exposure protocols,IUPVDC4R,"The effects of different implant crown restorative materials on the detection of proximal caries of adjacent teeth in cone-beam computed tomography (CBCT) scans  using various machines, metal artifact-reduction (MAR) algorithm, and exposure  protocols.",3,【原因代码】: 3
transforming smiles a case study on monolithic zirconia prosthetic solutions,RTU23HSH,Transforming Smiles: A Case Study on Monolithic Zirconia Prosthetic Solutions.,2,【原因代码】: 2
characterization of 3d printed gelatin sodium alginate 58s bioactive glass scaffold and osteogenesis in rabbit cranial defects,I5QVTIIV,Characterization of 3D-printed gelatin/sodium alginate/58S bioactive glass scaffold and osteogenesis in rabbit cranial defects.,1,【原因代码】: 1
marginal fit of single crown and three unit fixed dental prostheses fabricated from digital and conventional impressions an in vitro cross sectional study,HHKHSLXV,Marginal Fit of Single-Crown and Three-Unit Fixed Dental Prostheses Fabricated From Digital and Conventional Impressions: An In Vitro Cross-Sectional Study.,3,【原因代码】: 3
comparison of three automated measurements of ventricular volumes of the brain,XHU4USIM,Comparison of Three Automated Measurements of Ventricular Volumes of the Brain.,1,【原因代码】: 1
towards a complete 3d morphable model of the human head,3XS3ZJW7,Towards a Complete 3D Morphable Model of the Human Head.,1,【原因代码】: 1
mammalian molar complexity follows simple predictable patterns,YAVXYAP6,"Mammalian molar complexity follows simple, predictable patterns.",1,【原因代码】: 1
artificial intelligence applications and ethical challenges in oral and maxillo facial cosmetic surgery a narrative review,ILHEJVS5,Artificial intelligence applications and ethical challenges in oral and maxillo-facial cosmetic surgery: a narrative review.,2,【原因代码】: 2
biomechanical behavior of polyether ether ketone composite dental implants a three dimensional finite element analysis,ZGC55KTS,Biomechanical Behavior of Polyether Ether Ketone Composite Dental Implants: A Three-Dimensional Finite Element Analysis.,3,【原因代码】: 3
does the fixture thread depth affect the accuracy of implant placement during fully guided immediate implant placement a human cadaver study,EB4NSAMK,Does the fixture thread depth affect the accuracy of implant placement during fully guided immediate implant placement?: A human cadaver study.,3,【原因代码】: 3
evaluation of the accuracy trueness precision and processing time of different 3 dimensional cad software programs and algorithms for virtual cast alignment,9792KQV4,"Evaluation of the accuracy (trueness, precision) and processing time of different 3-dimensional CAD software programs and algorithms for virtual cast alignment.",3,【原因代码】: 3
maxillomandibular relationship record methods for computer engineered complete dentures a scoping review,KBUGU87N,Maxillomandibular relationship record methods for computer-engineered complete dentures: a scoping review.,2,【原因代码】: 2
development a computer aided diagnosis system for dental caries detection applying radiographic images,G4CC4PWM,Development a computer-aided diagnosis system for dental caries detection applying radiographic images.,2,【原因代码】: 2
rehabilitation of the severely atrophic maxilla with subperiosteal implants a biomechanical and decision analysis of material and configuration choices,G42JR78G,Rehabilitation of the Severely Atrophic Maxilla with Subperiosteal Implants: A Biomechanical and Decision Analysis of Material and Configuration Choices.,3,【原因代码】: 3
trueness of 3d printed removable partial denture frameworks investigation of printing parameters and storage conditions,YE44L72D,Trueness of 3D printed removable partial denture frameworks: Investigation of printing parameters and storage conditions.,3,【原因代码】: 3
contemporary evidence of cad cam in dentistry a systematic review,85BGAWNV,Contemporary Evidence of CAD-CAM in Dentistry: A Systematic Review.,2,【原因代码】: 2
comparison of stereolithography stl and polygon file format ply for intraoral scans from chairside to archive,5MX98NQ5,Comparison of stereolithography (STL) and polygon file format (PLY) for intraoral scans: From chairside to archive.,3,【原因代码】: 3
wheelchair control system using infrared sensors and tongue movements,ZYAUY7FB,Wheelchair control system using infrared sensors and tongue movements.,1,【原因代码】: 1
how to avoid errors when using navigation to place implants a narrative review,57ACGEMQ,How to Avoid Errors When Using Navigation to Place Implants - A Narrative Review.,2,【原因代码】: 2
impact of a bone leveler on prosthetic abutment fit in guided sub crestal implant placement an in vitro study,Y8PEL9RA,Impact of a Bone Leveler on Prosthetic Abutment Fit in Guided Sub-Crestal Implant Placement: An In-Vitro Study.,3,【原因代码】: 3
automatic femoral articular cartilage segmentation using deep learning in three dimensional ultrasound images of the knee,BBG7VQM6,Automatic femoral articular cartilage segmentation using deep learning in three-dimensional ultrasound images of the knee.,1,【原因代码】: 1
accuracy and patient centered results of marker based and marker free registrations for dynamic computer assisted implant surgery a randomized controlled trial,2ZAPP9FD,Accuracy and patient-centered results of marker-based and marker-free registrations for dynamic computer-assisted implant surgery: A randomized  controlled trial.,3,【原因代码】: 3
surgical performance of dental students using computer assisted dynamic navigation and freehand approaches,XTJBTC8L,Surgical performance of dental students using computer-assisted dynamic navigation and freehand approaches.,3,【原因代码】: 3
ldfsam localization distillation enhanced feature prompting sam for medical image segmentation,82PIARU2,LDFSAM: Localization Distillation-Enhanced Feature Prompting SAM for Medical Image Segmentation.,1,【原因代码】: 1
novel design of additive manufactured hollow porous implants,4IAWUJZW,Novel design of additive manufactured hollow porous implants.,3,【原因代码】: 3
effect of printing technology layer height and orientation on assessment of 3d printed models,K9R7DQR7,"Effect of printing technology, layer height, and orientation on assessment of 3D-printed models.",3,【原因代码】: 3
accuracy of dynamic implant navigation surgery performed by a novice operator,IY73GF7C,Accuracy of dynamic implant navigation surgery performed by a novice operator.,3,【原因代码】: 3
mechanical and fatigue resistance of restorations supported by welded framework and realized using computer aided designed prosthetic shells in vitro pilot study,TRIBXY82,Mechanical and fatigue resistance of restorations supported by welded-framework and realized using computer-aided designed prosthetic shells: In vitro pilot  study.,3,【原因代码】: 3
geometric plane alignment as a methodological requirement for accurate angular measurement in three dimensional craniofacial imaging,AY6279X7,Geometric plane alignment as a methodological requirement for accurate angular measurement in three-dimensional craniofacial imaging.,2,【原因代码】: 2
fracture resistance of zirconia restorations with four different framework designs,YSA8JNNX,Fracture Resistance of Zirconia Restorations with Four Different Framework Designs.,3,【原因代码】: 3
tooth on a chip to engineer early dental epithelial mesenchymal interaction,M36F8LGA,Tooth-on-a-chip to engineer early dental epithelial-mesenchymal interaction.,3,【原因代码】: 3
patient satisfaction and accuracy of partial denture frameworks fabricated using conventional and digital techniques,YZMQLB2M,Patient Satisfaction and Accuracy of Partial Denture Frameworks Fabricated using Conventional and Digital Techniques.,3,【原因代码】: 3
quantification of facial symmetry in orthognathic surgery a novel approach integrating 3d contour maps and hyper dimensional computing,6RQD493M,Quantification of facial symmetry in orthognathic surgery: A novel approach integrating 3D contour maps and hyper-dimensional computing.,3,【原因代码】: 3
comparative evaluation of two different types of abutments in relation to post prosthetic bone resorption and periodontal pocket depth a randomized controlled clinical trial with a one year follow up,CPLBN7P8,Comparative Evaluation of Two Different Types of Abutments in Relation to Post-prosthetic Bone Resorption and Periodontal Pocket Depth: A Randomized  Controlled Clinical Trial With a One-Year Follow-Up.,3,【原因代码】: 3
titanium base abutments may have similar long term peri implant effects as non bonded one piece abutments,HTJDPQVZ,Titanium-base abutments may have similar long-term peri-implant effects as non-bonded one-piece abutments.,2,【原因代码】: 2
prosthetic rehabilitation of untailored defects using patient specific implants,YKE5IFLZ,Prosthetic rehabilitation of untailored defects using patient-specific implants.,2,【原因代码】: 2
effect of build position on the accuracy and flexural properties of resin model materials for three dimensional printing technologies,BJLM7FMZ,Effect of build position on the accuracy and flexural properties of resin model materials for three-dimensional printing technologies.,3,【原因代码】: 3
impact of the superimposition reference area on intraoral scanning accuracy in a partially dentate maxilla,3FJVJNIB,Impact of the superimposition reference area on intraoral scanning accuracy in a partially dentate maxilla.,3,【原因代码】: 3
digitally driven optimization of intraoral water jet parameters for plaque removal a personalized 3d guided orthogonal study,BIJ37P6U,Digitally-driven optimization of intraoral water jet parameters for plaque removal: a personalized 3D-guided orthogonal study.,3,【原因代码】: 3
automated classification of oral potentially malignant disorders and oral squamous cell carcinoma using a convolutional neural network framework a cross sectional study,VPIZQDAL,Automated classification of oral potentially malignant disorders and oral squamous cell carcinoma using a convolutional neural network framework: a  cross-sectional study.,3,【原因代码】: 3
lateral stress distribution analysis on hafnium metal bar for implant superstructure a finite element analysis,KJ67GB6M,Lateral stress distribution analysis on hafnium metal bar for implant superstructure- A finite element analysis.,3,【原因代码】: 3
the effect of try in paste shade and framework design on the color characteristics of dental zirconia restorations,TRMPEJLZ,The Effect of Try-in Paste Shade and Framework Design on the Color Characteristics of Dental Zirconia Restorations.,3,【原因代码】: 3
the accuracy of a novel image guided hybrid robotic system for dental implant placement an in vitro study,NV8EMBKE,The accuracy of a novel image-guided hybrid robotic system for dental implant placement: An in vitro study.,3,【原因代码】: 3
influence of build platform position on the trueness and precision of lcd 3d printed orthognathic surgical splints,E9U2PX4U,Influence of Build Platform Position on the Trueness and Precision of LCD 3D-Printed Orthognathic Surgical Splints.,3,【原因代码】: 3
digitization accuracy and scannability of different prosthodontic materials an in vitro trial,CLB66PI4,Digitization accuracy and scannability of different prosthodontic materials: An in vitro trial.,3,【原因代码】: 3
point of care additive manufacturing state of the art and adoption in spanish hospitals during pre to post covid 19 era,Z5PQ77JM,Point-of-care additive manufacturing: state of the art and adoption in Spanish hospitals during pre to post COVID-19 era.,1,【原因代码】: 1
analysis of implant supported cantilever fixed partial denture an in vitro comparative study on vertical misfit stress distribution and cantilever fracture strength,XC6ZV2KR,"Analysis of implant-supported cantilever fixed partial denture: An in vitro comparative study on vertical misfit, stress distribution, and cantilever  fracture strength.",3,【原因代码】: 3
combining coaxial electrospinning and 3d printing design of biodegradable bilayered membranes with dual drug delivery capability for periodontitis treatment,N6CQF3L9,Combining Coaxial Electrospinning and 3D Printing: Design of Biodegradable Bilayered Membranes with Dual Drug Delivery Capability for Periodontitis  Treatment.,3,【原因代码】: 3
oral motion powered smart dental implant abutment for in situ antibacterial and cell adhesion through piezoelectric effect,BJABVDXL,Oral Motion-Powered Smart Dental Implant Abutment for In Situ Antibacterial and Cell Adhesion Through Piezoelectric Effect.,3,【原因代码】: 3
comparison of load bearing capacity of ceramic crowns with zirconia or polyetherketoneketone frameworks,6XR3HJFC,Comparison of load bearing capacity of ceramic crowns with zirconia or polyetherketoneketone frameworks.,3,【原因代码】: 3
accuracy of full arch implant scan with nexus ios scan gauges versus different conventional scan bodies an in vitro comparative study,K9VPK6H7,Accuracy of full-arch implant scan with Nexus IOS? scan gauges versus different conventional scan bodies: An in vitro comparative study.,3,【原因代码】: 3
radiographic evaluation of vertical and horizontal fit in single implant crowns fabricated by cad cam systems a retrospective study,AE9VV4ZR,Radiographic Evaluation of Vertical and Horizontal Fit in Single Implant Crowns Fabricated by CAD/CAM Systems: A Retrospective Study.,3,【原因代码】: 3
clinical implementation of an eu mdr compliant point of care manufacturing framework for patient specific 3d printed peek implants in craniomaxillofacial reconstruction,W3DKWQAN,Clinical implementation of an EU MDR-compliant point-of-care manufacturing framework for patient-specific 3D-printed PEEK implants in craniomaxillofacial  reconstruction.,2,【原因代码】: 2
3d slicer craniomaxillofacial modules support patient specific decision making for personalized healthcare in dental research,W6ID36WD,3D Slicer Craniomaxillofacial Modules Support Patient-Specific Decision-Making for Personalized Healthcare in Dental Research.,2,【原因代码】: 2
from clinic to community an interpretable artificial intelligence framework for enamel caries detection to support public health dentistry,MEP5889Y,From Clinic to Community: An Interpretable Artificial Intelligence Framework for Enamel Caries Detection to Support Public Health Dentistry.,3,【原因代码】: 3
in vitro study of surface properties and microbial adhesion of various dental polymers fabricated by different manufacturing techniques after thermocycling,HMQZ576Q,In vitro study of surface properties and microbial adhesion of various dental polymers fabricated by different manufacturing techniques after thermocycling.,3,【原因代码】: 3
deep learning for automatic segmentation of the inferior alveolar nerve using a hybrid cnn transformer framework,JNXPDRMH,Deep learning for automatic segmentation of the inferior alveolar nerve using a hybrid CNN-transformer framework.,3,【原因代码】: 3
maxillary all on 6 treatment using zygomatic implants bone loss evaluation by cbct 3 year follow up,BC97IGVS,Maxillary All-on-6 Treatment Using Zygomatic Implants. Bone Loss Evaluation by CBCT: 3-Year Follow-up.,3,【原因代码】: 3
the impact of surface dimensions on the accuracy of an intraoral scanner,5I9F33IP,The impact of surface dimensions on the accuracy of an intraoral scanner.,3,【原因代码】: 3
the application of artificial intelligence in the field of dental restoration for designing dental crowns a meta analysis,RMQ3VWFI,The application of artificial intelligence in the field of dental restoration for designing dental crowns: a meta-analysis.,2,【原因代码】: 2
us guided percutaneous microwave ablation mwa of submandibular gland a new minimal invasive and effective treatment for refractory sialorrhea and treatment response evaluation with contrast enhanced imaging techniques,TRUZ9T77,US-guided percutaneous microwave ablation (MWA) of submandibular gland: A new minimal invasive and effective treatment for refractory sialorrhea and treatment  response evaluation with contrast-enhanced imaging techniques.,1,【原因代码】: 1
digital workflow for a definitive implant supported hybrid prosthesis,YBN7K2B3,Digital Workflow for a Definitive Implant-Supported Hybrid Prosthesis.,3,【原因代码】: 3
digital removable partial denture fabrication using an intraoral scanner and the altered cast technique for a patient with free end partial edentulism a case report,ZTE2XV66,Digital Removable Partial Denture Fabrication Using an Intraoral Scanner and the Altered-Cast Technique for a Patient With Free-End Partial Edentulism: A Case  Report.,3,【原因代码】: 3
research on fatigued driving detection method by integrating lightweight yolov5s and facial 3d keypoints,B4YJSKC8,Research on Fatigued-Driving Detection Method by Integrating Lightweight YOLOv5s and Facial 3D Keypoints.,1,【原因代码】: 1
evaluation of novel 3d printed and conventional thermoplastic stereotactic high precision patient fixation masks for radiotherapy,QV6A5YTS,Evaluation of novel 3D-printed and conventional thermoplastic stereotactic high-precision patient fixation masks for radiotherapy.,1,【原因代码】: 1
analysis of the mandibular canal course using unsupervised machine learning algorithm,TADKGI4W,Analysis of the mandibular canal course using unsupervised machine learning algorithm.,2,【原因代码】: 2
making the most of single sensor information a novel fusion approach for 3d face recognition using region covariance descriptors and gaussian mixture models,M34352PG,Making the Most of Single Sensor Information: A Novel Fusion Approach for 3D Face Recognition Using Region Covariance Descriptors and Gaussian Mixture Models.,1,【原因代码】: 1
assessing the reliability of the oradiii oral radiology artificial intelligence diagnostic version 3 software application in rendering a diagnosis a retrospective study,6HDAVKU9,Assessing the Reliability of the ORADIII (Oral Radiology Artificial Intelligence Diagnostic - Version 3) Software Application in Rendering a Diagnosis: A  Retrospective Study.,3,【原因代码】: 3
microtomography to traditional dental radiograph projecting 3 dimensional initial proximal caries lesion annotations for enhanced radiographic delineation,DVXNMRWM,Microtomography to traditional dental radiograph: projecting 3-dimensional initial proximal caries lesion annotations for enhanced radiographic delineation.,3,【原因代码】: 3
effect of coping materials zirconia or polyetheretherketone with different techniques of fabrication on vertical marginal gap and fracture resistance of posterior crowns with composite veneering,JAQHE7HD,Effect of coping materials zirconia or polyetheretherketone with different techniques of fabrication on vertical marginal gap and fracture resistance of  posterior crowns with composite veneering.,3,【原因代码】: 3
fatigue threshold r curves for dental lithium disilicate glass ceramics,72SRX4TH,Fatigue Threshold R-Curves for Dental Lithium Disilicate Glass-Ceramics.,3,【原因代码】: 3
increased deformations are dispensable for cell mechanoresponse in engineered bone analogs mimicking aging bone marrow,P5U2KFAM,Increased deformations are dispensable for cell mechanoresponse in engineered bone analogs mimicking aging bone marrow.,1,【原因代码】: 1
network toxicology combined with molecular docking technology to explore the molecular mechanism of amatoxin causing liver injury,422HCDHQ,Network toxicology combined with molecular docking technology to explore the molecular mechanism of amatoxin causing liver injury.,1,【原因代码】: 1
accuracy assessment of dynamic navigation during implant placement a systematic review and meta analysis of clinical studies in the last 10 years,3KAXK8L7,Accuracy assessment of dynamic navigation during implant placement: A systematic review and meta-analysis of clinical studies in the last 10 years.,2,【原因代码】: 2
a real time ir navigation system for pleural photodynamic therapy with a 3d surface acquisition system,3FY77IH6,A real-time IR navigation system for pleural photodynamic therapy with a 3D surface acquisition system.,1,【原因代码】: 1
validation of 2d lateral cephalometric analysis using artificial intelligence processed low dose cone beam computed tomography,UEIY9979,Validation of 2D lateral cephalometric analysis using artificial intelligence-processed low-dose cone beam computed tomography.,3,【原因代码】: 3
deep learning based tooth axis estimation from 3d tooth crowns using quaternion representation and multi loss optimization,848LXSQ5,Deep learning-based tooth axis estimation from 3D tooth crowns using quaternion representation and multi-loss optimization.,3,【原因代码】: 3
additively custom made 3d printed subperiosteal implants for the rehabilitation of the severely atrophic maxilla a case report,ZMBXPSMH,Additively custom-made 3D-printed subperiosteal implants for the rehabilitation of the severely atrophic maxilla (a case report).,2,【原因代码】: 2
a 3 dimensional scaffolding system recapitulates the hierarchical osteon structure,H9R2SL24,A 3-Dimensional Scaffolding System Recapitulates the Hierarchical Osteon Structure.,1,【原因代码】: 1
clinical performance of complete arch implant supported rehabilitations using monolithic lithium disilicate restorations bonded to cad cam titanium and zirconia frameworks up to 5 years,36YAPLB7,Clinical Performance of Complete-Arch Implant- Supported Rehabilitations Using Monolithic Lithium Disilicate Restorations Bonded to CAD/CAM Titanium and  Zirconia Frameworks up to 5 Years.,3,【原因代码】: 3
3d markerless tracking of speech movements with submillimeter accuracy,AZVQHWIR,3D markerless tracking of speech movements with submillimeter accuracy.,1,【原因代码】: 1
transformation trees documentation of multimodal image registration,DK5KVWF5,Transformation trees - Documentation of multimodal image registration.,2,【原因代码】: 2
a tri window intraoral scanner tri ios design and evaluation,CUQHU9SX,A Tri-Window Intraoral Scanner (Tri-IOS): design and evaluation.,3,【原因代码】: 3
teeth microcracks research towards multi modal imaging,EIHBUK4U,Teeth Microcracks Research: Towards Multi-Modal Imaging.,2,【原因代码】: 2
aging and fracture resistance of implant supported molar crowns with a cad cam resin composite veneer structure,WM8AMLWP,Aging and Fracture Resistance of Implant-Supported Molar Crowns with a CAD/CAM Resin Composite Veneer Structure.,3,【原因代码】: 3
increased deformations are dispensable for encapsulated cell mechanoresponse in engineered bone analogs mimicking aging bone marrow,TSGCGPQM,Increased deformations are dispensable for encapsulated cell mechanoresponse in engineered bone analogs mimicking aging bone marrow.,1,【原因代码】: 1
three dimensional printing in cardiothoracic surgery workflow and clinical applications,26QBFLTE,Three-Dimensional Printing in Cardiothoracic Surgery: Workflow and Clinical Applications.,1,【原因代码】: 1
three dimensional finite element analysis of quad zygomatic transnasal and pterygoid implants for rehabilitation of patients with a severely atrophic maxilla,AFV4M6TK,"Three-dimensional Finite Element Analysis of Quad Zygomatic, Transnasal and Pterygoid Implants for Rehabilitation of Patients with a Severely Atrophic  Maxilla.",3,【原因代码】: 3
research on non cohesive jet formed by zr based amorphous alloys,RXEJVUD3,Research on non-cohesive jet formed by Zr-based amorphous alloys.,1,【原因代码】: 1
development of an ai model to predict tooth movement during orthodontic treatment,K7GD8SJU,Development of an AI model to predict tooth movement during orthodontic treatment.,2,【原因代码】: 2
evaluating retrieval augmented generation for guideline grounded textual planning in implant dentistry a comparative study,I9QLFBDY,Evaluating retrieval-augmented generation for guideline-grounded textual planning in implant dentistry: A comparative study.,2,【原因代码】: 2
a multi center study of transformer based cnns for multiple sclerosis lesion segmentation on 3d flair mri,V424MXPT,A multi-center study of transformer-based CNNs for multiple sclerosis lesion segmentation on 3D FLAIR MRI.,1,【原因代码】: 1
facial masculinization surgery using polyetheretherketone alloplasty statistical shape modeling based implant designs,GX5AGF6V,Facial Masculinization Surgery Using Polyetheretherketone Alloplasty: Statistical Shape Modeling-based Implant Designs.,3,【原因代码】: 3
ct based three dimensional morphometric analysis of the bony palate and hard palatal mucosa in female orthognathic surgery candidates,CD6KF4YY,CT-based three-dimensional morphometric analysis of the bony palate and hard palatal mucosa in female orthognathic surgery candidates.,3,【原因代码】: 3
telemedicine in maxillofacial traumatology a tertiary referral center 30 month experience,Q5GXKRTX,Telemedicine in maxillofacial traumatology: A tertiary referral center 30-month experience.,2,【原因代码】: 2
segmentation of spinal rootlets across mri contrasts with rootletseg,FS95B6WA,Segmentation of spinal rootlets across MRI contrasts with RootletSeg.,1,【原因代码】: 1
scanning accuracy and scanning area discrepancies of intraoral digital scans acquired at varying scanning distances and angulations among 4 different intraoral scanners,KL633SZT,Scanning accuracy and scanning area discrepancies of intraoral digital scans acquired at varying scanning distances and angulations among 4 different  intraoral scanners.,3,【原因代码】: 3
shaping the 4d frontier in maxillofacial surgery with facemesh evolution,ZP63E7VD,Shaping the 4D frontier in maxillofacial surgery with faceMesh evolution.,2,【原因代码】: 2
computed tomography guided 3d printed patient specific regional anesthesia,5BDCAEWD,Computed tomography-guided 3D printed patient-specific regional anesthesia.,1,【原因代码】: 1
comparison of internal fit of metal ceramic crowns in cad cam and lost wax techniques in all fabrication stages through replica weighting triple scanning and scanning electron microscope,FZ2D9GS2,"Comparison of internal fit of metal-ceramic crowns in CAD/CAM and lost-wax techniques in all fabrication stages through replica weighting, triple scanning,  and scanning electron microscope.",3,【原因代码】: 3
quantitative craniofacial analysis and generation of human induced pluripotent stem cells for muenke syndrome a case report,RN75DXBK,Quantitative Craniofacial Analysis and Generation of Human Induced Pluripotent Stem Cells for Muenke Syndrome: A Case Report.,2,【原因代码】: 2
influence of intraoral scanners operators and data processing on dimensional accuracy of dental casts for unsupervised clinical machine learning an in vitro comparative study,QNT8ENQE,"Influence of Intraoral Scanners, Operators, and Data Processing on Dimensional Accuracy of Dental Casts for Unsupervised Clinical Machine Learning: An In Vitro  Comparative Study.",3,【原因代码】: 3
hybrid prosthesis versus overdenture effect of biohpp prosthetic design rehabilitating edentulous mandible,CW5GQWLK,Hybrid Prosthesis versus Overdenture: Effect of BioHPP Prosthetic Design Rehabilitating Edentulous Mandible.,3,【原因代码】: 3
an unsupervised learning algorithm for the automatic classification of coronary artery lesions,2JEWUFYU,An Unsupervised Learning Algorithm for the Automatic Classification of Coronary Artery Lesions.,1,【原因代码】: 1
dllnet an attention based deep learning method for dental landmark localization on high resolution 3d digital dental models,64V4MY8B,DLLNet: An Attention-Based Deep Learning Method for Dental Landmark Localization on High-Resolution 3D Digital Dental Models.,3,【原因代码】: 3
device trueness in passivity and misfit of cad cam frameworks conventional versus printed casts,DK5FUG8T,Device trueness in passivity and misfit of CAD-CAM frameworks: Conventional versus printed casts.,3,【原因代码】: 3
a simulation based study of 3d printing angle optimization by integrating deep learning and nsga iii for prosthesis and retainer manufacturing,XCNVZAH6,A simulation-based study of 3D printing angle optimization by integrating deep learning and NSGA-III for prosthesis and retainer manufacturing.,3,【原因代码】: 3
rehabilitation strategies and occlusal vertical dimension considerations in the management of worn dentitions consensus statement from ssrd sepes and prosec conference on minimally invasive restorations,WQXIQTTD,"Rehabilitation Strategies and Occlusal Vertical Dimension Considerations in the Management of Worn Dentitions: Consensus Statement From SSRD, SEPES, and PROSEC  Conference on Minimally Invasive Restorations.",2,【原因代码】: 2
3d printed surgical template mucoguide to increase predictability in mucogingival surgery technical note and case report,R9ZAJEYU,3D-Printed Surgical Template 'Mucoguide' to Increase Predictability in Mucogingival Surgery: Technical Note and Case Report.,2,【原因代码】: 2
traditional and artificial intelligent methods in predicting maxillofacial soft tissue morphology after orthognathic surgery a narrative review,CMEY6TXK,Traditional and Artificial Intelligent Methods in Predicting Maxillofacial Soft Tissue Morphology After Orthognathic Surgery: A Narrative Review.,2,【原因代码】: 2
influence of digital technologies and framework design on the load to fracture of co cr posterior fixed partial denture frameworks,N8MVKDJM,Influence of Digital Technologies and Framework Design on the Load to Fracture of Co-Cr Posterior Fixed Partial Denture Frameworks.,3,【原因代码】: 3
effect of a bone flattening drill on the accuracy of fully guided implant surgery an in vitro study,QD7LUPJ3,Effect of a Bone-Flattening Drill on the Accuracy of Fully Guided Implant Surgery: An In?Vitro Study.,3,【原因代码】: 3
dlp printable gelma pvi zn hydrogels with high strength and osteoinductivity for critical sized bone defect repair,88JXQJF3,DLP-printable GelMA-PVI-Zn hydrogels with high strength and osteoinductivity for critical-sized bone defect repair.,1,【原因代码】: 1
translucent monolithic zirconia titanium supported fp1 full arch prosthesis a novel proof of concept to address esthetic functional and biologic challenges,J9YVQLRA,"Translucent monolithic zirconia titanium-supported FP1 full-arch prosthesis: A novel proof of concept to address esthetic, functional, and biologic challenges.",2,【原因代码】: 2
the effect of a convergent transmucosal neck on soft tissues and radiographic outcomes a 1 year follow up randomized controlled trial,VKJI7KQU,The effect of a convergent transmucosal neck on soft tissues and radiographic outcomes: a 1-year follow-up randomized controlled trial.,3,【原因代码】: 3
engineered with tannic acid magnesium metal phenolic frameworks a multifunctional 3d printed pcl tcp scaffold for bone regeneration,D5NYE7V8,Engineered with tannic acid-magnesium metal-phenolic frameworks: A multifunctional 3D-printed PCL/TCP scaffold for bone regeneration.,1,【原因代码】: 1
systematic scoping review of mandibular bone tissue engineering,F92WZXMG,Systematic scoping review of mandibular bone tissue engineering.,2,【原因代码】: 2
polyetheretherketone versus titanium cad cam framework for implant supported fixed complete dentures a retrospective study with up to 5 year follow up,EF2ZZ3Y3,Polyetheretherketone versus titanium CAD-CAM framework for implant-supported fixed complete dentures: a retrospective study with up to 5-year follow-up.,3,【原因代码】: 3
laser induced fluorescence with 2 d hilbert transform edge detection algorithm and 3d fluorescence images for white spot early recognition,VYNX95B3,Laser induced fluorescence with 2-D Hilbert transform edge detection algorithm and 3D fluorescence images for white spot early recognition.,3,【原因代码】: 3
validation of a biomechanical performance assessment platform applying an inertial bpased biosensor and axis vector computation,73ML8M2Z,Validation of a Biomechanical Performance Assessment Platform Applying an Inertial-Bpased Biosensor and Axis Vector Computation.,3,【原因代码】: 3
comparison between cbct superimposition protocol and s t a p method to evaluate the accuracy in implant insertion in guided surgery,HCS47SLF,Comparison between CBCT superimposition protocol and S.T.A.P. method to evaluate the accuracy in implant insertion in guided surgery.,3,【原因代码】: 3
marginal gap and screw loosening in cad cam materials for implant supported fixed partial dentures an in vitro study,NJ8D3IDG,Marginal Gap and Screw Loosening in CAD/CAM Materials for Implant-Supported Fixed Partial Dentures: An In Vitro Study.,3,【原因代码】: 3
artificial intelligence in dentistry a review,2PWCH3UQ,Artificial intelligence in dentistry-A review.,2,【原因代码】: 2
zirconia cad cam machining vibrations related to zirconia blank shape and initial digital nesting,EKHK6Z2C,Zirconia CAD/CAM machining vibrations related to zirconia blank shape and initial digital nesting.,3,【原因代码】: 3
ai driven dynamic orthodontic treatment management personalized progress tracking and adjustments a narrative review,JSX3JNRG,AI-driven dynamic orthodontic treatment management: personalized progress tracking and adjustments-a narrative review.,2,【原因代码】: 2
in vitro comparison of five desktop scanners and an industrial scanner in the evaluation of an intraoral scanner accuracy,ABQTSUVS,In vitro comparison of five desktop scanners and an industrial scanner in the evaluation of an intraoral scanner accuracy.,3,【原因代码】: 3
zygoplanner a three stage graphics based framework for optimal preoperative planning of zygomatic implant placement,9KLIBGLL,ZygoPlanner: A three-stage graphics-based framework for optimal preoperative planning of zygomatic implant placement.,3,【原因代码】: 3
asymmetric mechanical behavior and pre osteoblast differentiation in 3d printed ti6al4v based triply periodic minimal surface bone analogues the role of pore topology,63DMVCZ6,Asymmetric mechanical behavior and pre-osteoblast differentiation in 3D printed Ti6Al4V-based triply periodic minimal surface bone-analogues: the role of pore  topology.,1,【原因代码】: 1
mesoscopic fluorescence imaging of light triggered chemotherapeutic release in cancer spheroid models,CCF5Z5U8,Mesoscopic Fluorescence Imaging of Light-Triggered Chemotherapeutic Release in Cancer Spheroid Models.,1,【原因代码】: 1
3 d markerless tracking of speech movements with submillimeter accuracy,DJV2TRYS,3-D Markerless Tracking of Speech Movements With Submillimeter Accuracy.,1,【原因代码】: 1
rehabilitation of a patient with temporomandibular joint disorder and misocclusion requiring full mouth reconstruction based on the multidisciplinary approach a clinical case,3NXYCN68,"Rehabilitation of a Patient with Temporomandibular Joint Disorder and Misocclusion Requiring Full Mouth Reconstruction, Based on the Multidisciplinary  Approach: A Clinical Case.",2,【原因代码】: 2
suspended tissue open microfluidic patterning stomp,WKLA7YYF,Suspended Tissue Open Microfluidic Patterning (STOMP).,1,【原因代码】: 1
automatic segmentation of the spinal cord nerve rootlets,GXEXPHPL,Automatic segmentation of the spinal cord nerve rootlets.,1,【原因代码】: 1
development of 3d in vitro mineralized bone model to reproduce dental implants osseointegration process,RBJV9U6L,Development of 3D in vitro mineralized bone model to reproduce dental implants osseointegration process.,1,【原因代码】: 1
a novel approach for determining instantaneous centers of rotation of the mandible with an intraoral scanner a preliminary study,7GANPVVG,A novel approach for determining instantaneous centers of rotation of the mandible with an intraoral scanner: A preliminary study.,3,【原因代码】: 3
three dimensional in vitro model of bone metastases of neuroblastoma as a tool for pharmacological evaluations,LXMJULLQ,Three-dimensional in vitro model of bone metastases of neuroblastoma as a tool for pharmacological evaluations.,1,【原因代码】: 1
design and characterization of bioinstructive gold nanocomposite hydrogels for 3d bioprinting,NZE7DVBV,Design and characterization of bioinstructive gold nanocomposite hydrogels for 3D bioprinting.,1,【原因代码】: 1
automated artificial intelligence driven 3 dimensional craniofacial superimposition for clinically useful treatment outcomes in growing patients a multicenter study,I8JFM7AT,Automated artificial intelligence-driven 3-dimensional craniofacial superimposition for clinically useful treatment outcomes in growing patients: A  multicenter study.,3,【原因代码】: 3
automated 3 d computer aided measurement of the bony orbit evaluation of correlations among volume depth and surface area,KR5U5D8V,"Automated 3-D Computer-Aided Measurement of the Bony Orbit: Evaluation of Correlations among Volume, Depth, and Surface Area.",1,【原因代码】: 1
automated detection of dental artifacts for large scale radiomic analysis in radiation oncology,36H4R42E,Automated detection of dental artifacts for large-scale radiomic analysis in radiation oncology.,1,【原因代码】: 1
learn2talk 3d talking face learns from 2d talking face,DTTVRJ3T,Learn2Talk: 3D Talking Face Learns From 2D Talking Face.,1,【原因代码】: 1
a new mesoscopic parameter inverse analysis method of hydraulic concrete based on the svr hgwo intelligent algorithm,JGJ3BDPX,A New Mesoscopic Parameter Inverse Analysis Method of Hydraulic Concrete Based on the SVR-HGWO Intelligent Algorithm.,1,【原因代码】: 1
weakly supervised low dose computed tomography denoising based on generative adversarial networks,V4USF3XY,Weakly supervised low-dose computed tomography denoising based on generative adversarial networks.,1,【原因代码】: 1
three dimensional evaluation of maxillofacial symmetry improvement following orthognathic surgery in patients with asymmetrical jaw deformities,TIDGASTP,Three-dimensional evaluation of maxillofacial symmetry improvement following orthognathic surgery in patients with asymmetrical jaw deformities.,3,【原因代码】: 3
the 3d theory of osseointegration material topography and time as interdependent determinants of bone implant integration,UKMQES7K,"The 3D theory of osseointegration: material, topography, and time as interdependent determinants of bone-implant integration.",2,【原因代码】: 2
beyond roughness lateral surface architecture drives candida albicans virulence on denture polymers,2YPT5UT5,Beyond roughness: Lateral surface architecture drives Candida albicans virulence on denture polymers.,2,【原因代码】: 2
vt 3dcapsnet visual tempos 3d capsule network for video based facial expression recognition,J5E8FSNA,VT-3DCapsNet: Visual tempos 3D-Capsule network for video-based facial expression recognition.,1,【原因代码】: 1
a systematic approach of data collection and analysis in medical imaging research,PMW9788C,A Systematic Approach of Data Collection and Analysis in Medical Imaging Research.,2,【原因代码】: 2
accuracy of 2 direct digital scanning techniques intraoral scanning and stereophotogrammetry for complete arch implant supported fixed prostheses a prospective study,U6LD4JRL,Accuracy of 2 direct digital scanning techniques-intraoral scanning and stereophotogrammetry-for complete arch implant-supported fixed prostheses: A  prospective study.,3,【原因代码】: 3
machine learning approaches to dietary classification from dental microtexture in primates,77JP2XA7,Machine learning approaches to dietary classification from dental microtexture in primates.,1,【原因代码】: 1
a potential method for sex estimation of human skeletons using deep learning and three dimensional surface scanning,BA257B5Q,A potential method for sex estimation of human skeletons using deep learning and three-dimensional surface scanning.,1,【原因代码】: 1
using a new deep learning method for 3d cephalometry in patients with hemifacial microsomia,IWAJJ2N9,Using a New Deep Learning Method for 3D Cephalometry in Patients With Hemifacial Microsomia.,3,【原因代码】: 3
pressure based finite element analysis of setup distance in clear aligner canine retraction comparing bodily and tipping movements,IYKJ62I6,Pressure-based finite element analysis of setup distance in clear aligner canine retraction comparing bodily and tipping movements.,3,【原因代码】: 3
3d imaging reconstruction and laparoscopic robotic surgery approach to disseminated peritoneal leiomyomatosis,DLWQDWFW,3D Imaging Reconstruction and Laparoscopic Robotic Surgery Approach to Disseminated Peritoneal Leiomyomatosis.,1,【原因代码】: 1
a systematic review of research on guided access cavity preparation endodontic treatment dentin preservation perspectives,EH5DZEUW,A Systematic Review of Research on Guided Access Cavity Preparation Endodontic Treatment: Dentin Preservation Perspectives.,2,【原因代码】: 2
a dual branch deep learning framework with explainability for dental caries classification using intra oral photographs and radiographs,4VSIKKF2,A Dual-Branch Deep Learning Framework with Explainability for Dental Caries Classification Using Intra-Oral Photographs and Radiographs.,3,【原因代码】: 3
use of digital technology to fabricate a metal based maxillofacial prosthesis for mandibular defects,FTRZVVLY,Use of Digital Technology to Fabricate a Metal-Based Maxillofacial Prosthesis for Mandibular Defects.,3,【原因代码】: 3
deep q nas a new algorithm based on neural architecture search and reinforcement learning for brain tumor identification from mri,F9XXF7V7,DEEP Q-NAS: A new algorithm based on neural architecture search and reinforcement learning for brain tumor identification from MRI.,1,【原因代码】: 1
synergistic angio osteogenic effects of copper releasing 3d biocomposite scaffolds a step toward vascularized bone regeneration,UH7K4N37,Synergistic Angio-Osteogenic Effects of Copper-Releasing 3D Biocomposite Scaffolds: A Step Toward Vascularized Bone Regeneration.,1,【原因代码】: 1
perforator sparing microsurgical clipping of tandem dominant hemisphere middle cerebral artery aneurysms geometry guided reconstruction of a wide neck bifurcation and dorsal m1 fusiform lesion,PB3IDP5P,Perforator-Sparing Microsurgical Clipping of Tandem Dominant-Hemisphere Middle Cerebral Artery Aneurysms: Geometry-Guided Reconstruction of a Wide-Neck  Bifurcation and Dorsal M1 Fusiform Lesion.,1,【原因代码】: 1
a paradigm shift using scan bodies to record the position of a complete arch of implants in a digital workflow,W5XLTB8N,A Paradigm Shift Using Scan Bodies to Record the Position of a Complete Arch of Implants in a Digital Workflow.,3,【原因代码】: 3
next generation oral delivery systems phytosomal hinokitiol tablets via regemat 3d bioprinter based 3d printing for enhanced bioavailability,SPCXVCQA,Next-Generation Oral Delivery Systems: Phytosomal Hinokitiol Tablets via REGEMAT 3D Bioprinter-Based 3D Printing for Enhanced Bioavailability.,3,【原因代码】: 3
fractured full arch tooth supported zirconia bridge thin design surface damage and excessive cement layer thickness,JANGC8LD,"Fractured Full-Arch Tooth-Supported Zirconia Bridge: Thin Design, Surface Damage, and Excessive Cement Layer Thickness.",2,【原因代码】: 2
virtual tumor mapping and margin control with 3 d planning and navigation,LHESLXK6,Virtual tumor mapping and margin control with 3-D planning and navigation.,2,【原因代码】: 2
assessment of chatgpt performance in orbital mri reporting with multimetric evaluation of transformer based language models,CNFZ2T2N,Assessment of ChatGPT performance in orbital MRI reporting with multimetric evaluation of transformer based language models.,1,【原因代码】: 1
influence of different education approaches on the implantation performance of dental practitioners in aesthetic zone,ZPHWMMKX,Influence of different education approaches on the implantation performance of dental practitioners in aesthetic zone.,2,【原因代码】: 2
automated three dimensional analysis of facial asymmetry in patients with syndromic coronal synostosis a retrospective study,MWMICGZG,Automated three-dimensional analysis of facial asymmetry in patients with syndromic coronal synostosis: A retrospective study.,1,【原因代码】: 1
optimization of smoothing parameter for block matching and 3d filtering algorithm in low dose chest and abdominal computed tomography images,EJ9XFDS7,Optimization of smoothing parameter for block matching and 3D filtering algorithm in low-dose chest and abdominal computed tomography images.,1,【原因代码】: 1
semi automated three dimensional analysis of maxillary anomalies in patients with muenke syndrome saethre chotzen syndrome or tcf12 related craniosynostosis a retrospective study,QJG6B55I,"Semi-automated three-dimensional analysis of maxillary anomalies in patients with Muenke syndrome, Saethre-Chotzen syndrome or TCF12-related craniosynostosis: A  retrospective study.",3,【原因代码】: 3
fepse 3 nanosheets integrated cryogenic 3d printed multifunctional calcium phosphate scaffolds for synergistic therapy of osteosarcoma,CF4DWYCA,FePSe(3) -Nanosheets-Integrated Cryogenic-3D-Printed Multifunctional Calcium Phosphate Scaffolds for Synergistic Therapy of Osteosarcoma.,1,【原因代码】: 1
the design and development of a novel device that converts a patient controlled intravenous pump into an oral liquid medication dispenser for non controlled substances,5BXZT5HW,The Design and Development of a Novel Device that Converts a Patient-Controlled Intravenous Pump into an Oral Liquid Medication Dispenser for Non-Controlled  Substances.,1,【原因代码】: 1
development and evaluation of a computer vision algorithm for quantification of children s microactivities,5ULHZEJP,Development and evaluation of a computer vision algorithm for quantification of children's microactivities.,1,【原因代码】: 1
marginal gap of three dimensional printed full arch frameworks supported by all on four and all on six implant designs,S3UIDDAH,Marginal gap of three-dimensional printed full-arch frameworks supported by all-on-four and all-on-six implant designs.,3,【原因代码】: 3
accuracy of impressions and framework marginal fit of implant supported complete arch fixed dental prostheses fabricated by using direct and indirect workflows,537TYRHV,Accuracy of impressions and framework marginal fit of implant-supported complete-arch fixed dental prostheses fabricated by using direct and indirect  workflows.,3,【原因代码】: 3
digital scanning for complete arch implant supported restorations a systematic review,VY5RFX3G,Digital scanning for complete-arch implant-supported restorations: A systematic review.,2,【原因代码】: 2
voxel level comparison of 18 f ceto and 11 c mto for molecular imaging of primary aldosteronism,SKX4QN3D,Voxel-Level Comparison of [(18)F]CETO and [(11)C]MTO for Molecular Imaging of Primary Aldosteronism.,1,【原因代码】: 1
an in vitro analysis of the accuracy of static and robot assisted implant surgery,AS7EPBV7,An in?vitro analysis of the accuracy of static and robot-assisted implant surgery.,3,【原因代码】: 3
cmri2spec cine mri sequence to spectrogram synthesis via a pairwise heterogeneous translator,FGBX8XQ4,CMRI2SPEC: CINE MRI SEQUENCE TO SPECTROGRAM SYNTHESIS VIA A PAIRWISE HETEROGENEOUS TRANSLATOR.,1,【原因代码】: 1
monitoring the calibration of in office 3d printers,YZQT6Z4B,Monitoring the Calibration of In-Office 3D Printers.,3,【原因代码】: 3
imaging modalities in craniosynostosis a systematic review and proposal of the arcana protocol for multimodal radiation free assessment,9RD8W82E,Imaging Modalities in Craniosynostosis: A Systematic Review and Proposal of the ARCANA Protocol for Multimodal Radiation-Free Assessment.,2,【原因代码】: 2
an open source restraint system for magnetic resonance imaging in awake rats,SFC8ABM6,An Open-Source Restraint System for Magnetic Resonance Imaging in Awake Rats.,1,【原因代码】: 1
text guided inpainting for aesthetic prediction in orthofacial surgery a patient centered ai approach,DDDBP7D4,Text-Guided Inpainting for Aesthetic Prediction in Orthofacial Surgery: A Patient-Centered AI Approach.,2,【原因代码】: 2
age related changes in the parotid gland a computed tomography based radiomics study,JB6FVHV7,Age-related changes in the parotid gland: a computed tomography-based radiomics study.,1,【原因代码】: 1
feasibility study and material selection for powder bed fusion process in printing of denture clasps,26HSVAMX,Feasibility study and material selection for powder-bed fusion process in printing of denture clasps.,3,【原因代码】: 3
inertial measurements for tongue motion tracking based on magnetic localization with orientation compensation,WHLJAU7A,Inertial Measurements for Tongue Motion Tracking Based on Magnetic Localization with Orientation Compensation.,3,【原因代码】: 3
efficacy and safety of low concentration whitestrips for extrinsic tooth discoloration a randomized controlled trial,7LAYD684,Efficacy and safety of low-concentration whitestrips for extrinsic tooth discoloration: a randomized controlled trial.,3,【原因代码】: 3
digitally manufactured partial coverage restorations is it time to down the impression trays or still a work in progress,HTLVPQ66,Digitally manufactured partial coverage restorations: is it time to down the impression trays or still a work in progress?,2,【原因代码】: 2
enhanced functional mitochondrial donation through glucose responsive antioxidant microcarrier engineered native like mscs accelerates diabetic wound healing,K29EGFHP,Enhanced functional mitochondrial donation through glucose-responsive antioxidant microcarrier-engineered native-like MSCs accelerates diabetic wound healing.,1,【原因代码】: 1
environmental impacts from conventional and digital dental crown fabrication workflows a comparative life cycle assessment,ABPXSFID,Environmental impacts from conventional and digital dental crown fabrication workflows: A comparative life cycle assessment.,3,【原因代码】: 3
influence of splinting scan bodies or incorporating three dimensionally printed scan aids on the trueness of complete arch digital scans,YCBI9HI4,Influence of splinting scan bodies or incorporating three-dimensionally printed scan aids on the trueness of complete arch digital scans.,3,【原因代码】: 3
3d printing combined with thermally induced phase separation for engineering hierarchical osteogenic pla scaffolds,TSGU9522,3D printing combined with thermally induced phase separation for engineering hierarchical osteogenic PLA scaffolds.,1,【原因代码】: 1
predictive modelling of metabolic syndrome in ghanaian diabetic patients an ensemble machine learning approach,BRBZAMYJ,Predictive modelling of metabolic syndrome in Ghanaian diabetic patients: an ensemble machine learning approach.,1,【原因代码】: 1
is a standardised severity index needed in unicoronal craniosynostosis challenges in developing an objective metric,7P53GXNZ,Is a standardised severity index needed in unicoronal craniosynostosis? Challenges in developing an objective metric.,1,【原因代码】: 1
fractional flow reserve measurement using dynamic ct perfusion imaging in patients with coronary artery disease,SY9W9NT6,Fractional flow reserve measurement using dynamic CT perfusion imaging in patients with coronary artery disease.,1,【原因代码】: 1
how the geometry of the scan body affects the accuracy of digital impressions in implant supported prosthesis in vitro study,38T2278K,How the geometry of the scan body affects the accuracy of digital impressions in implant supported prosthesis. In vitro study.,3,【原因代码】: 3
transfer accuracy in digital indirect bonding a methodological umbrella review of definitions measurement frameworks and evidence synthesis,TN696GPL,"Transfer Accuracy in Digital Indirect Bonding: A Methodological Umbrella Review of Definitions, Measurement Frameworks, and Evidence Synthesis.",2,【原因代码】: 2
soft tissue response and determination of underlying risk drivers for recession and mucositis after amsji implantation in the maxilla,429UEHTD,Soft Tissue Response and Determination of Underlying Risk Drivers for Recession and Mucositis after AMSJI Implantation in the Maxilla.,3,【原因代码】: 3
can monolithic zirconia frameworks in implant supported cross arch prostheses deliver reliable long term outcomes,729M6XAF,Can monolithic zirconia frameworks in implant-supported cross-arch prostheses deliver reliable long-term outcomes?,3,【原因代码】: 3
evaluation of the trueness and precision of a simplified method for transferring the relationship of the maxillary plane and transverse hinge axis to virtual articulators,423YFK2F,Evaluation of the Trueness and Precision of a Simplified Method for Transferring the Relationship of the Maxillary Plane and Transverse Hinge Axis to Virtual  Articulators.,3,【原因代码】: 3
development of motion detection algorithm using 3d sensors for patient monitoring support service system,52UZVT8F,Development of Motion Detection Algorithm Using 3d Sensors for Patient Monitoring Support Service System.,1,【原因代码】: 1
point annotation supervision for robust 3d pulmonary infection segmentation by ct based cascading deep learning,ID72PB6W,Point-annotation supervision for robust 3D pulmonary infection segmentation by CT-based cascading deep learning.,1,【原因代码】: 1
pva based formulations as a design technology platform for orally disintegrating film matrices,QFUV2EYX,PVA-based formulations as a design-technology platform for orally disintegrating film matrices.,1,【原因代码】: 1
mesenchymal stromal cells loaded 3d radially aligned composite scaffold with potentiated paracrine signaling for sequential bone regeneration,2J7DVNUC,Mesenchymal stromal cells-loaded 3D radially aligned composite scaffold with potentiated paracrine signaling for sequential bone regeneration.,1,【原因代码】: 1
mechanical performance and fracture behavior of fixed dental prostheses under bending loads an in vitro comparative study,RK8ATZV8,Mechanical Performance and Fracture Behavior of Fixed Dental Prostheses Under Bending Loads: An In Vitro Comparative Study.,3,【原因代码】: 3
piezoelectricity promotes 3d printed bto tcp composite scaffolds with excellent osteogenic performance,MAQ97ENE,Piezoelectricity Promotes 3D-Printed BTO/β-TCP Composite Scaffolds with Excellent Osteogenic Performance.,1,【原因代码】: 1
the preparation properties and applications of polyphenol hydrogels for the treatment of oral diseases a comprehensive overview,7YN5KX6Y,"The preparation, properties, and applications of polyphenol hydrogels for the treatment of oral diseases: A comprehensive overview.",2,【原因代码】: 2
effect of heat treatment duration on accuracy of castable resin patterns for denture frameworks fabricated by digital light processing in the vacuum sealed method an in vitro study,N7MWTYBZ,Effect of heat-treatment duration on accuracy of castable resin patterns for denture frameworks fabricated by digital light processing in the vacuum-sealed  method: An in vitro study.,3,【原因代码】: 3
mechanical and time dependent stability of k18 iboa modified 3d printed denture base resins,IU5UYIMU,Mechanical and Time-Dependent Stability of K18-IBOA-Modified 3D-Printed Denture Base Resins.,3,【原因代码】: 3
tissue engineered maxillofacial skeletal defect reconstruction by 3d printed beta tricalcium phosphate scaffold tethered with growth factors and fibrin glue implanted autologous bone marrow derived mesenchymal stem cells,D9GBJMLJ,Tissue-engineered Maxillofacial Skeletal Defect Reconstruction by 3D Printed Beta-tricalcium phosphate Scaffold Tethered with Growth Factors and Fibrin Glue  Implanted Autologous Bone Marrow-Derived Mesenchymal Stem Cells.,3,【原因代码】: 3
four dimensional imaging in teleorthodontics analysis of accuracy in patients with dentofacial deformities compared with controls,IK2JU9J4,Four-dimensional imaging in teleorthodontics - analysis of accuracy in patients with dentofacial deformities compared with controls.,3,【原因代码】: 3
smart nerves sprout and assemble in an extracellular matrix based 3d nerve in a chip microfluidic model,H3WTZHNB,"""Smart"" Nerves Sprout and Assemble in an Extracellular Matrix-Based 3D Nerve-in-a-Chip Microfluidic Model.",1,【原因代码】: 1
profiling gingival inflammation in a 3d oral tissue model reveals early features of disease progression,32DJ6HUZ,Profiling Gingival Inflammation in a 3D Oral Tissue Model Reveals Early Features of Disease Progression.,3,【原因代码】: 3
the effect of framework fabrication technique on the fit accuracy of full arch screw retained implant supported prostheses,6A72YUEN,The effect of framework fabrication technique on the fit accuracy of full arch screw retained implant supported prostheses.,3,【原因代码】: 3
degradation tunable coating with sustained silver release for spinal implants to prevent postoperative infections,4SMAJFLQ,Degradation-tunable coating with sustained silver release for spinal implants to prevent postoperative infections.,1,【原因代码】: 1
stain color translation of multi domain oscc histopathology images using attention gated cgan,5H3UUD33,Stain color translation of multi-domain OSCC histopathology images using attention gated cGAN.,3,【原因代码】: 3
the esthetic biological contour ebc concept 2 0 how to manage each zone of the implant restoration emergence profile,5SZDL77P,The Esthetic Biological Contour (EBC) Concept 2.0: How to Manage Each Zone of the Implant Restoration Emergence Profile.,3,【原因代码】: 3
intraoral extraoral and navigation photogrammetry trueness for complete arch digital implant impression a comparative study,MCQD28AU,"Intraoral, Extraoral, and Navigation Photogrammetry Trueness for Complete-Arch Digital Implant Impression: A Comparative Study.",3,【原因代码】: 3
synthesizing audio from tongue motion during speech using tagged mri via transformer,EQH4FGIN,Synthesizing Audio from Tongue Motion During Speech Using Tagged MRI Via Transformer.,1,【原因代码】: 1
use of continuous glucose monitoring to stratify individuals without diabetes,QHVZQG93,Use of continuous glucose monitoring to stratify individuals without diabetes.,1,【原因代码】: 1
pulse gated noncontrast thoracic magnetic resonance angiography for acute aortic dissection with transient ischemic attack a case report,X9BII49A,Pulse-gated noncontrast thoracic magnetic resonance angiography for acute aortic dissection with transient ischemic attack: A case report.,1,【原因代码】: 1
performance of rigid and soft transfer templates using viscous and fluid resin based composites in the attachment bonding process of clear aligners,7ECMK5KU,Performance of Rigid and Soft Transfer Templates Using Viscous and Fluid Resin-Based Composites in the Attachment Bonding Process of Clear Aligners.,3,【原因代码】: 3
speech motion anomaly detection via cross modal translation of 4d motion fields from tagged mri,U5MCISR3,Speech Motion Anomaly Detection via Cross-Modal Translation of 4D Motion Fields from Tagged MRI.,3,【原因代码】: 3
introduce a rotational robust optimization framework for spot scanning proton arc sparc therapy,3CXKDYKU,Introduce a rotational robust optimization framework for spot-scanning proton arc (SPArc) therapy.,1,【原因代码】: 1
reliability of comprehensive facial soft tissue landmark detection and analysis using frontal view photographs,D9VA66QG,Reliability of Comprehensive Facial Soft Tissue Landmark Detection and Analysis Using Frontal View Photographs.,3,【原因代码】: 3
role of three dimensional computed tomography with humeral subtraction in assessing anteromedial facet coronoid fractures,XB4GLBKZ,Role of three-dimensional computed tomography with humeral subtraction in assessing anteromedial facet coronoid fractures.,1,【原因代码】: 1
an automatic facial landmarking for children with rare diseases,GN696GRG,An automatic facial landmarking for children with rare diseases.,1,【原因代码】: 1
intaglio surface adaptation of removable partial denture framework fabricated by various data acquisition techniques and fabrication approaches,2Y9I2C6I,Intaglio Surface Adaptation of Removable Partial Denture Framework Fabricated by Various Data Acquisition Techniques and Fabrication Approaches.,3,【原因代码】: 3
assessment of maxillary sinus variations post lefort a systematic review,BTIQEUJ7,Assessment of Maxillary Sinus Variations Post-LeFort: A Systematic Review.,2,【原因代码】: 2
quantitative and qualitative evaluation of precision in dental 3d facial scanning across handheld fixed multicamera and smartphone depth sensing systems,3SRFQXMZ,"Quantitative and qualitative evaluation of precision in dental 3D facial scanning across handheld, fixed multicamera, and smartphone depth-sensing systems.",3,【原因代码】: 3
exploring the potential applications of intraoral scanners in the treatment of cleft lip and palate deformity a scoping review of literature,K6IJXMXU,Exploring the potential applications of intraoral scanners in the treatment of cleft lip and palate deformity-A scoping review of literature.,2,【原因代码】: 2
analysis of healthy glenohumeral arthrokinematics using four dimensional computed tomography throughout internal rotation and forward elevation,VP3HU636,Analysis of healthy glenohumeral arthrokinematics using four-dimensional computed tomography throughout internal rotation and forward elevation.,1,【原因代码】: 1
mapping the response of human osteocytes in native matrix to mechanical loading using rna sequencing,NPSWWC9K,Mapping the Response of Human Osteocytes in Native Matrix to Mechanical Loading Using RNA Sequencing.,1,【原因代码】: 1
spatiotemporally programming the immune osteogenic cascade with a dual immunomodulatory scaffold for functional bone regeneration,U9KD2NIL,Spatiotemporally programming the immune-osteogenic cascade with a dual-immunomodulatory scaffold for functional bone regeneration.,1,【原因代码】: 1
enhanced osteogenic differentiation of hmscs using bmp zif 8 loaded gelma nanocomposite hydrogels with controlled bmp 2 release,96RWRVSA,Enhanced Osteogenic Differentiation of hMSCs Using BMP@ZIF-8-Loaded GelMA Nanocomposite Hydrogels with Controlled BMP-2 Release.,3,【原因代码】: 3
three dimensional simultaneous t1 and t2 relaxation times and quantitative susceptibility mapping at 3 t a multicenter validation study,2SQISMYK,Three-dimensional simultaneous T1 and T2* relaxation times and quantitative susceptibility mapping at 3?T: A multicenter validation study.,1,【原因代码】: 1
correlation of sectoral choroidal vascularity with angiographic leakage in central serous chorioretinopathy,UYLQDFMZ,Correlation of sectoral choroidal vascularity with angiographic leakage in central serous chorioretinopathy.,1,【原因代码】: 1
development of biodegradable methacrylated guar gum 3d bioprinting bioinks for stem cell delivery and cartilage tissue engineering,5EL4JQ4B,Development of biodegradable methacrylated guar gum 3D bioprinting bioinks for stem cell delivery and cartilage tissue engineering.,1,【原因代码】: 1
integrating bioavailability enhancers with beta sitosterol for optimized therapeutic index a mechanistic insight,AWENP9BQ,Integrating Bioavailability Enhancers with Beta-Sitosterol for Optimized Therapeutic Index: A Mechanistic Insight.,1,【原因代码】: 1
effects of incremental mandibular advancement on upper airways morphology and anatomical structures a preliminary ct scan study on body donors,YYJF9M92,Effects of incremental mandibular advancement on upper airways morphology and anatomical structures: a preliminary CT scan study on body donors.,3,【原因代码】: 3
unsupervised clustering of single lead electrocardiograms associates with prevalent and incident heart failure in coronary artery disease,4PQG6Z6K,Unsupervised clustering of single-lead electrocardiograms associates with prevalent and incident heart failure in coronary artery disease.,1,【原因代码】: 1
error assessment and correction for extrusion based bioprinting using computer vision method,TT85BQ7Z,Error assessment and correction for extrusion-based bioprinting using computer vision method.,1,【原因代码】: 1
the mechanosensing and global dna methylation of human osteoblasts on mew fibers,GDR8KPPZ,The Mechanosensing and Global DNA Methylation of Human Osteoblasts on MEW Fibers.,3,【原因代码】: 3
evaluation and comparison of interocclusal registration accuracy using digital intraoral scanners and conventional methods an in vivo study,WMML49PQ,Evaluation and Comparison of Interocclusal Registration Accuracy Using Digital Intraoral Scanners and Conventional Methods: An In Vivo Study.,3,【原因代码】: 3
a cartilaginous organoid system derived from human expanded pluripotent stem cells hepscs,VX3I6E78,A Cartilaginous Organoid System Derived From Human Expanded Pluripotent Stem Cells (hEPSCs).,1,【原因代码】: 1
beyond the monorail perspective constructing a dual role engagement framework in peer feedback for second language oral communication,SEQU6V8Q,Beyond the monorail perspective: constructing a dual-role engagement framework in peer feedback for second language oral communication.,1,【原因代码】: 1
a comparison of the fusion model of deep learning neural networks with human observation for lung nodule detection and classification,TF7HXSLG,A comparison of the fusion model of deep learning neural networks with human observation for lung nodule detection and classification.,1,【原因代码】: 1
symptom appraisal help seeking and perceived barriers to healthcare seeking in uganda an exploratory study among women with potential symptoms of breast and cervical cancer,2DLU5YV6,"Symptom appraisal, help-seeking and perceived barriers to healthcare seeking in Uganda: an exploratory study among women with potential symptoms of breast and  cervical cancer.",1,【原因代码】: 1
cost of potentially preventable hospitalizations among adults with chronic kidney disease a population based cohort study,VLQ37VBV,Cost of Potentially Preventable Hospitalizations Among Adults With Chronic Kidney Disease: A Population-Based Cohort Study.,1,【原因代码】: 1
individual retrieval based on oral cavity point cloud data and correntropy based registration algorithm,FU2MQQTY,Individual retrieval based on oral cavity point cloud data and correntropy-based registration algorithm,1,【原因代码】: 1
a review of three dimensional facial asymmetry analysis methods,JYUV2HQ3,A Review of Three-Dimensional Facial Asymmetry Analysis Methods,2,【原因代码】: 2
three dimensional accuracy of in office aligner therapy a retrospective comparison between planned and achieved tooth positions,WN2IRATQ,Three-dimensional accuracy of in-office aligner therapy: a retrospective comparison between planned and achieved tooth positions,3,【原因代码】: 3
three dimensional acquisition technologies for facial soft tissues applications and prospects in orthognathic surgery,IG4C9KGV,Three-dimensional acquisition technologies for facial soft tissues - Applications and prospects in orthognathic surgery,2,【原因代码】: 2
a digital mental health app incorporating wearable biosensing for teachers of children on the autism spectrum to support emotion regulation protocol for a pilot randomized controlled trial,36ZV2VQ4,A Digital Mental Health App Incorporating Wearable Biosensing for Teachers of Children on the Autism Spectrum to Support Emotion Regulation: Protocol for a  Pilot Randomized Controlled Trial.,1,【原因代码】: 1
optimization of three dimensional printing parameters for orthodontic applications,YVGIL7HV,Optimization of three-dimensional printing parameters for orthodontic applications,3,【原因代码】: 3
cone beam computed tomography image features under intelligent three dimensional reconstruction algorithm in the evaluation of intraoperative and postoperative curative effect of dental pulp disease using root canal therapy,WBXSL778,Cone-Beam Computed Tomography Image Features under Intelligent Three-Dimensional Reconstruction Algorithm in the Evaluation of Intraoperative and Postoperative Curative Effect of Dental Pulp Disease Using Root Canal Therapy,3,【原因代码】: 3
three dimensional finite element analysis of stress distribution in a tooth restored with full coverage machined polymer crown,HI8MENLK,Three-Dimensional Finite Element Analysis of Stress Distribution in a Tooth Restored with Full Coverage Machined Polymer Crown,3,【原因代码】: 3
effective removal of pb2 from oral medical wastewater via an activated three dimensional framework carbon 3d afc,HVBNRLAV,Effective removal of Pb2+ from oral medical wastewater via an activated three-dimensional framework carbon (3D AFC),1,【原因代码】: 1
virtual reality and 3d printing in head and neck cancer an educational experience,SJNPSVRX,Virtual reality and 3D printing in head and neck cancer: an educational experience,3,【原因代码】: 3
smartphone based 3d surface imaging a new frontier in digital breast assessment smartphone based breast assessment,AF6884LP,Smartphone-Based 3D Surface Imaging: A New Frontier in Digital Breast Assessment? Smartphone-Based Breast Assessment,1,【原因代码】: 1
diva a 3d virtual reality platform improves undergraduate craniofacial trauma education,CM5ESAGD,"DIVA, a 3D virtual reality platform, improves undergraduate craniofacial trauma education",1,【原因代码】: 1
wear at the implant framework interface between titanium implant platform and the additively manufactured titanium and cobalt chromium frameworks,4CWA53IE,Wear at the implant-framework interface between titanium implant platform and the additively manufactured titanium and cobalt-chromium frameworks,3,【原因代码】: 3
applications of scanning electron microscopy and focused ion beam milling in dental research,N9L84F5Y,Applications of scanning electron microscopy and focused ion beam milling in dental research,2,【原因代码】: 2
development and application of digital maxillofacial surgery system based on mixed reality technology,2667PQ7L,Development and Application of Digital Maxillofacial Surgery System Based on Mixed Reality Technology,3,【原因代码】: 3
mastery learning in preclinical endodontics using customized 3d printed tooth models for deliberate practice an application of educational design research,JZW3UU8Y,Mastery Learning in Preclinical Endodontics Using Customized 3D-Printed Tooth Models for Deliberate Practice: An Application of Educational Design Research,3,【原因代码】: 3
3d printed multiphasic biocomposite architectures for load bearing medical implants,HZT4K53C,3D-printed multiphasic biocomposite architectures for load-bearing medical implants,1,【原因代码】: 1
a fully automated database driven framework for interproximal tooth morphology reconstruction in orthodontics,FSXRW9F8,A fully automated database-driven framework for interproximal tooth morphology reconstruction in orthodontics,3,【原因代码】: 3
neural network based image analysis of co localized microorganisms and human cells on implant materials,9EM2RZG2,Neural network-based image analysis of co-localized microorganisms and human cells on implant materials,3,【原因代码】: 3
a high throughput framework for predicting three dimensional structural mechanical relationships of human cranial bones using a deep learning based method,VC56Q29E,A high-throughput framework for predicting three-dimensional structural-mechanical relationships of human cranial bones using a deep learning-based method,1,【原因代码】: 1
a user friendly method for constructing realistic dental model based on two dimensional three dimensional registration,XPLJRM4Y,A user-friendly method for constructing realistic dental model based on two-dimensional/three-dimensional registration,3,【原因代码】: 3
in vitro study examines posterior torque impact on 3d mechanics of anterior teeth in clear aligner treatment,6T98ZJ8V,In vitro study examines posterior torque impact on 3D mechanics of anterior teeth in clear aligner treatment,3,【原因代码】: 3
digital analysis of tooth sizes among individuals with different malocclusions a study using three dimensional digital dental models,4A8X2JVE,Digital analysis of tooth sizes among individuals with different malocclusions: A study using three-dimensional digital dental models,3,【原因代码】: 3
oral squamous cell carcinoma diagnosis in digitized histological images using convolutional neural network,IV8L8YFF,Oral squamous cell carcinoma diagnosis in digitized histological images using convolutional neural network,3,【原因代码】: 3
surface roughness and preload loss of implant supported screw retained three unit framework fabricated by different techniques,Y3QHHC7Y,Surface roughness and preload loss of implant-supported screw retained three-unit framework fabricated by different techniques,3,【原因代码】: 3
optimising fused filament fabrication surface roughness for a dental implant,BVNKQ2N3,Optimising fused filament fabrication surface roughness for a dental implant,3,【原因代码】: 3
segmented four element photodiodes in a three dimensional laser beam angle measurement,TC4MK82A,Segmented Four-Element Photodiodes in a Three-Dimensional Laser Beam Angle Measurement,1,【原因代码】: 1
ai augmented 3d craniofacial reconstruction for enhanced surgical planning a novel integration of depth augmented vision transformers and meshcnn for structural fidelity,WJM7WVUX,AI-Augmented 3D Craniofacial Reconstruction for Enhanced Surgical Planning: A Novel Integration of Depth-Augmented Vision Transformers and MeshCNN for Structural Fidelity,3,【原因代码】: 3
early stage stability and degradation of patient specific biodegradable 3d printed implants for critical mandibular reconstruction,JDYAQ7WP,Early-stage stability and degradation of patient-specific biodegradable 3D-printed implants for critical mandibular reconstruction,3,【原因代码】: 3
influence of wall thickness on the fracture resistance of hollow zirconia artificial teeth fabricated by 3d zirconia printing,M3RJ7QPQ,Influence of wall thickness on the fracture resistance of hollow zirconia artificial teeth fabricated by 3D zirconia printing,3,【原因代码】: 3
effects of different parameter settings for 3d data smoothing and mesh simplification on near real time 3d reconstruction of high resolution bioceramic bone void filling medical images,QU6XIXA7,Effects of Different Parameter Settings for 3D Data Smoothing and Mesh Simplification on Near Real-Time 3D Reconstruction of High Resolution Bioceramic Bone Void Filling Medical Images,1,【原因代码】: 1
3d surface closed mesh clipping based on polygonal partitioning for surgical planning,KVJZEMMH,3D Surface-Closed Mesh Clipping Based on Polygonal Partitioning for Surgical Planning,3,【原因代码】: 3
comparative analysis of five ai platforms for mandibular canal segmentation on cbct images,4PBV2R5L,Comparative analysis of five AI platforms for mandibular canal segmentation on CBCT images,3,【原因代码】: 3
three dimensional facial volume analysis using algorithm based personalized aesthetic templates,R7BP6AWA,Three-dimensional facial volume analysis using algorithm-based personalized aesthetic templates,1,【原因代码】: 1
segref3d a versatile open source platform for artificial intelligence assisted segmentation and three dimensional reconstruction in morphological research,HFJYHS9W,SegRef3D: A Versatile Open-Source Platform for Artificial Intelligence-Assisted Segmentation and Three-Dimensional Reconstruction in Morphological Research,1,【原因代码】: 1
a three dimensional dental model restoration method based on tooth feature contours,6MHEDMHB,A three-dimensional dental model restoration method based on tooth feature contours,3,【原因代码】: 3
modeling cardiac microcirculation for the simulation of coronary flow and 3d myocardial perfusion,2K5N464P,Modeling cardiac microcirculation for the simulation of coronary flow and 3D myocardial perfusion,1,【原因代码】: 1
accuracy of different impression techniques for multiunit implant restoration a qualitative in vitro study,TXP7BVWJ,Accuracy of different impression techniques for multiunit implant restoration: A qualitative in vitro study,3,【原因代码】: 3
maxillary reconstruction using subperiosteal dental implants a clinical report,BZKU394G,Maxillary reconstruction using subperiosteal dental implants: A clinical report,3,【原因代码】: 3
clinical readiness of additively manufactured dental ceramics for crowns veneers and partial coverage restorations a scoping review and evidence map,M5369RSN,"Clinical Readiness of Additively Manufactured Dental Ceramics for Crowns, Veneers, and Partial-Coverage Restorations: A Scoping Review and Evidence Map",2,【原因代码】: 2
toothnroll an r package for landmarking measuring and mapping dental tissues of hominoid anterior teeth,CES5463F,"Toothnroll: An R Package for Landmarking, Measuring, and Mapping Dental Tissues of Hominoid Anterior Teeth",3,【原因代码】: 3
an in vitro study of the reproducibility of the drilling access of digitalized surgical guides generated via three different implant planning software programs,YHMC9EU4,An In Vitro Study of the Reproducibility of the Drilling Access of Digitalized Surgical Guides Generated via Three Different Implant Planning Software Programs,3,【原因代码】: 3
generation of human 3d airway assembloids for advanced modeling,R2JJ7YYQ,Generation of Human 3D Airway Assembloids for Advanced Modeling,1,【原因代码】: 1
suitability and trueness of the removable partial denture framework fabricating by polyether ether ketone with cad cam technology,46W9JXVL,Suitability and Trueness of the Removable Partial Denture Framework Fabricating by Polyether Ether Ketone with CAD-CAM Technology,3,【原因代码】: 3
biomechanical effect of implant thickness and screw diameter on cfr peek subperiosteal implants a three dimensional finite element analysis,FIMEVJK3,Biomechanical effect of implant thickness and screw diameter on CFR-PEEK subperiosteal implants: a three-dimensional finite element analysis,3,【原因代码】: 3
effect of various printing parameters on the accuracy trueness and precision of 3d printed partial denture framework,EBNEIKEM,Effect of various printing parameters on the accuracy (trueness and precision) of 3D-printed partial denture framework,3,【原因代码】: 3
a discrete event simulation method for performance analysis of an additive manufacturing in the dental clinic,QSRSEXXN,A discrete event simulation method for performance analysis of an additive manufacturing in the dental clinic,3,【原因代码】: 3
open access segmentations of intraoperative brain tumor ultrasound images,Q9P7VA83,Open access segmentations of intraoperative brain tumor ultrasound images,1,【原因代码】: 1
linear and volumetric analysis of maxillary sinus pneumatization in a sri lankan population using cone beam computer tomography,DI6MIRNX,Linear and Volumetric Analysis of Maxillary Sinus Pneumatization in a Sri Lankan Population Using Cone Beam Computer Tomography,3,【原因代码】: 3
subtractive versus additive indirect manufacturing techniques of digitally designed partial dentures,TI4JGF9N,Subtractive versus additive indirect manufacturing techniques of digitally designed partial dentures,3,【原因代码】: 3
a 3d collagen alginate hydrogel model for mechanoregulation of autophagy in periodontal ligament cells,8I6PV5LB,A 3D Collagen-Alginate Hydrogel Model for Mechanoregulation of Autophagy in Periodontal Ligament Cells,3,【原因代码】: 3
3d modeling of the frontal sinus as a contribution tool for human identification a case report,BCQSD5UJ,3D modeling of the frontal sinus as a contribution tool for human identification - a case report,1,【原因代码】: 1
development and validation of a robotic system for milling individualized jawbone cavities in oral and maxillofacial surgery,WWG3SIDR,Development and validation of a robotic system for milling individualized jawbone cavities in oral and maxillofacial surgery,3,【原因代码】: 3
usct uncertainty regularized symmetric consistency learning for semi supervised teeth segmentation in cbct,H25H88EY,USCT: Uncertainty-regularized symmetric consistency learning for semi-supervised teeth segmentation in CBCT,3,【原因代码】: 3
workflow for the creation of 3d stereoscopic models of supra and infratentorial brain venous anatomy and their integration in a virtual reality environment,XLKXHVXY,Workflow for the Creation of 3D Stereoscopic Models of Supra- and Infratentorial Brain Venous Anatomy and their Integration in a Virtual Reality Environment,1,【原因代码】: 1
three dimensional 3d printing in dental practice applications areas of interest and level of evidence,783IKDYJ,"Three-dimensional (3D) printing in dental practice: Applications, areas of interest, and level of evidence",2,【原因代码】: 2
three dimensional dental image segmentation and classification using deep learning with tunicate swarm algorithm,RSZLELIR,Three-dimensional dental image segmentation and classification using deep learning with tunicate swarm algorithm,3,【原因代码】: 3
effect of data size on tooth numbering performance via artificial intelligence using panoramic radiographs,J7MWBCZY,Effect of data size on tooth numbering performance via artificial intelligence using panoramic radiographs,3,【原因代码】: 3
an automated framework for mandibular reconstruction evaluation and clinical application,YH6TKPYB,An Automated Framework for Mandibular Reconstruction: Evaluation and Clinical Application,3,【原因代码】: 3
three dimensional evaluation of zygomaticomaxillary complex displacement and rotational centre in adults induced by maxillary skeletal expander analysed with cbct and heuristic search algorithm,ANTXG7HM,"Three-Dimensional Evaluation of Zygomaticomaxillary Complex Displacement and Rotational Centre in Adults Induced by Maxillary Skeletal Expander, Analysed With CBCT and Heuristic Search Algorithm",3,【原因代码】: 3
artificial intelligence in detecting and segmenting vertical misfit of prosthesis in radiographic images of dental implants a cross sectional analysis,9MTJQ34Q,Artificial Intelligence in Detecting and Segmenting Vertical Misfit of Prosthesis in Radiographic Images of Dental Implants: A Cross-Sectional Analysis,3,【原因代码】: 3
corticotomy depth as a modulator of orthodontic tooth movement and pdl stress a finite element study,9QEYAAGH,Corticotomy Depth as a Modulator of Orthodontic Tooth Movement and PDL Stress-A Finite Element Study,3,【原因代码】: 3
clinically oriented deep learning system integrating linear and morphological assessment for external orthodontic root resorption,4V69ZLJE,Clinically oriented deep learning system integrating linear and morphological assessment for external orthodontic root resorption,3,【原因代码】: 3
grey wolf optimizer with behavior considerations and dimensional learning in three dimensional tooth model reconstruction,E2LMTSHM,Grey Wolf Optimizer with Behavior Considerations and Dimensional Learning in Three-Dimensional Tooth Model Reconstruction,3,【原因代码】: 3
computer aided design and additively manufactured resin bonded framework to retain an existing ceramic crown as the interim restoration after extraction a dental technique,6KII8UX6,Computer-aided design and additively manufactured resin-bonded framework to retain an existing ceramic crown as the interim restoration after extraction: A dental technique,3,【原因代码】: 3
3d printing of microgel loaded modular microcages as instructive scaffolds for tissue engineering,WVNUYC2E,3D Printing of Microgel-Loaded Modular Microcages as Instructive Scaffolds for Tissue Engineering,1,【原因代码】: 1
meckel s cartilage and sox9 scx expression during morphogenesis of the mouse mylohyoid attachment site,QNCS3JR6,Meckel's cartilage and SOX9/Scx expression during morphogenesis of the mouse mylohyoid attachment site,1,【原因代码】: 1
flexible allyl modified gelatin photoclick resin tailored for volumetric bioprinting of matrices for soft tissue engineering,NY8FFRL4,Flexible Allyl-Modified Gelatin Photoclick Resin Tailored for Volumetric Bioprinting of Matrices for Soft Tissue Engineering,1,【原因代码】: 1
three dimensional evaluation of the effects of bionator and forsus appliances on oropharyngeal airway volume in patients with mandibular retrognathia,29Y6WKV5,Three-dimensional evaluation of the effects of Bionator and Forsus appliances on oropharyngeal airway volume in patients with mandibular retrognathia,3,【原因代码】: 3
does printing orientation matter in polyjet 3d printed teeth for endodontics a micro ct analysis,K9ID822E,Does Printing Orientation Matter in PolyJet 3D Printed Teeth for Endodontics? A Micro-CT Analysis,3,【原因代码】: 3
accuracy of maxillary positioning during orthognathic surgery a comparison of web based 3 dimensional virtual surgical planning and actual outcomes,7ABNVPGL,Accuracy of Maxillary Positioning During Orthognathic Surgery: A Comparison of Web-based 3-Dimensional Virtual Surgical Planning and Actual Outcomes,3,【原因代码】: 3
effect of different impression techniques on marginal integrity of cad cam milled all on four mandibular frameworks an in vitro study,GKQDU4CQ,Effect of different impression techniques on marginal integrity of CAD-CAM milled all-on-four mandibular frameworks: an in vitro study,3,【原因代码】: 3
three dimensional virtual surgical planning in the oncologic treatment of the mandible,I9MZ25XA,Three-dimensional virtual surgical planning in the oncologic treatment of the mandible,2,【原因代码】: 2
three dimensional thermophotonic image optimization modalities of truncated correlation photothermal coherence tomography,5V3UD9KJ,Three-dimensional thermophotonic image optimization modalities of truncated correlation photothermal coherence tomography,3,【原因代码】: 3
computer guided palatal canine disimpaction a technical note,7UEHD3YK,Computer-guided palatal canine disimpaction: a technical note,3,【原因代码】: 3
three dimensional hemisided analysis of the pharyngeal airway a novel technical strategy to evaluate asymmetric remodeling after orthognathic surgery,E84ZXP9F,Three-Dimensional Hemisided Analysis of the Pharyngeal Airway: A Novel Technical Strategy to Evaluate Asymmetric Remodeling After Orthognathic Surgery,3,【原因代码】: 3
a 3d printed customizable platform for multiplex dynamic biofilm studies,K9WWSFHG,A 3D-Printed Customizable Platform for Multiplex Dynamic Biofilm Studies,1,【原因代码】: 1
accurate prediction of melt electrowritten laydown patterns from simple geometrical considerations,8B5C3WBK,Accurate Prediction of Melt Electrowritten Laydown Patterns from Simple Geometrical Considerations,1,【原因代码】: 1
measurement of normal and pathological mandibular and temporomandibular joint kinematics a systematic review,ZVQFLRVW,Measurement of normal and pathological mandibular and temporomandibular joint kinematics: A systematic review,2,【原因代码】: 2
augmented reality presentation system of skeleton image based on biomedical features,C5PC5D7P,Augmented reality presentation system of skeleton image based on biomedical features,1,【原因代码】: 1
automated analysis of three dimensional cbct images taken in natural head position that combines facial profile processing and multiple deep learning models,NB6F7YE9,Automated analysis of three-dimensional CBCT images taken in natural head position that combines facial profile processing and multiple deep-learning models,3,【原因代码】: 3
accuracy of indirect bonding trays a measurement algorithm,2F689GX9,Accuracy of indirect bonding trays - a measurement algorithm,3,【原因代码】: 3
evaluation of the accuracy of digital workflow for implant supported full arch fixed dental prostheses using a novel micro ct measurement technique,KIX5ERF8,Evaluation of the accuracy of digital workflow for implant-supported full-arch fixed dental prostheses using a novel micro-CT measurement technique,3,【原因代码】: 3
a deep learning framework for segmenting brain tumors using mri and synthetically generated ct images,4SY4NAUZ,A Deep Learning Framework for Segmenting Brain Tumors Using MRI and Synthetically Generated CT Images,1,【原因代码】: 1
influence of prosthesis type and intraoral scanner based extraoral scanning protocol on the passive fit of cad cam verification devices,E9XPV3EJ,Influence of prosthesis type and intraoral scanner-based extraoral scanning protocol on the passive fit of CAD-CAM verification devices,3,【原因代码】: 3
methods of evaluating adaptation and accuracy of additive manufactured removable partial dentures a scoping review,HNESQZX2,Methods of Evaluating Adaptation and Accuracy of Additive Manufactured Removable Partial Dentures: A Scoping Review,2,【原因代码】: 2
a tooth segmentation method based on multiple geometric feature learning,J44Q7MX9,A Tooth Segmentation Method Based on Multiple Geometric Feature Learning,3,【原因代码】: 3
clinical validation of the virtual splint registration workflow for craniomaxillofacial surgery,FGNMQN65,Clinical validation of the virtual splint registration workflow for craniomaxillofacial surgery,3,【原因代码】: 3
assessing the spatial relationship between mandibular third molars and the inferior alveolar canal using a deep learning based approach a proof of concept study,4A7D7N7S,Assessing the spatial relationship between mandibular third molars and the inferior alveolar canal using a deep learning-based approach: a proof-of-concept study,3,【原因代码】: 3
enhancing preclinical dental education through a vr based digital platform for inlay tooth preparation,9S2FY68J,Enhancing preclinical dental education through a VR-based digital platform for inlay tooth preparation,3,【原因代码】: 3
sex and age biological variation of the mandible in a portuguese population a forensic and medico legal approaches with three dimensional analysis,7YA2AMRR,Sex and age biological variation of the mandible in a Portuguese population- a forensic and medico-legal approaches with three-dimensional analysis,3,【原因代码】: 3
2d to 3d predicting three dimensional 3d cephalometric measurements from two conventional x ray images,Q3UWJ9BC,2D-to-3D: Predicting three-dimensional (3D) cephalometric measurements from two conventional X-ray images,3,【原因代码】: 3
flexural strength and mode of failure of interim implant supported fixed dental prostheses following different conversion techniques and structural reinforcement,6YK2IBH7,Flexural strength and mode of failure of interim implant- supported fixed dental prostheses following different conversion techniques and structural reinforcement,3,【原因代码】: 3
comparing the trueness of 3d printing and conventional casting for removable partial denture metal framework fabrication in different mandibular major connectors designs an in vitro study,8F9WEIIK,Comparing the trueness of 3D printing and conventional casting for removable partial denture metal framework fabrication in different mandibular major connectors designs: An in vitro study,3,【原因代码】: 3
comparison of marginal and internal fit of 10 unit fixed dental prostheses fabricated from cobalt chromium alloys or zirconia ceramics using digital workflows,4WH6LK8R,Comparison of marginal and internal fit of 10-unit fixed dental prostheses fabricated from cobalt chromium alloys or zirconia ceramics using digital workflows,3,【原因代码】: 3
effect of palatal vault depth on the trueness of metal laser sintered and cast cobalt chromium removable partial denture frameworks,ZF4BBLEI,Effect of Palatal Vault Depth on the Trueness of Metal Laser-Sintered and Cast Cobalt-Chromium Removable Partial Denture Frameworks,3,【原因代码】: 3
trueness and marginal fit of implant supported complete arch fixed prosthesis frameworks made of high performance polymers and titanium an explorative in vitro study,X8S8V6W9,Trueness and marginal fit of implant-supported complete-arch fixed prosthesis frameworks made of high-performance polymers and titanium: An explorative in-vitro study,3,【原因代码】: 3
utilization of tenting pole abutments for the reconstruction of severely resorbed alveolar bone technical considerations and case series reports,XRZSYJ46,Utilization of Tenting Pole Abutments for the Reconstruction of Severely Resorbed Alveolar Bone: Technical Considerations and Case Series Reports,3,【原因代码】: 3
a novel framework for optimizing peri implant soft tissue in subcrestally placed implants in single molar cases integrating transitional and subcrestal zones for biological stability,4JGR7GAS,A Novel Framework for Optimizing Peri-Implant Soft Tissue in Subcrestally Placed Implants in Single Molar Cases: Integrating Transitional and Subcrestal Zones for Biological Stability,3,【原因代码】: 3
three dimensional evaluation of the transfer accuracy of a bracket jig fabricated using computer aided design and manufacturing to the anterior dentition an in vitro study,E962PLRC,Three-dimensional evaluation of the transfer accuracy of a bracket jig fabricated using computer-aided design and manufacturing to the anterior dentition: An in vitro study,3,【原因代码】: 3
lrvrg a local region based variational region growing algorithm for fast mandible segmentation from cbct images,VJ7NSKC3,LRVRG: a local region-based variational region growing algorithm for fast mandible segmentation from CBCT images,3,【原因代码】: 3
image quality and radiation dose assessment of thai made 2d and 3d dental extraoral imaging scanners,MQYSVWQX,Image quality and radiation dose assessment of Thai<bold>-</bold>made 2D and 3D dental extraoral imaging scanners,3,【原因代码】: 3
is additive manufacturing of dental zirconia comparable to subtractive methods when considering printing orientation and layer thickness a systematic review and meta analysis,TUK7DSEX,Is Additive Manufacturing of Dental Zirconia Comparable to Subtractive Methods When Considering Printing Orientation and Layer Thickness? A Systematic Review and Meta-Analysis,2,【原因代码】: 2
spmmsegnet self parameterization multi scale mesh segmentation network for tooth identification,8S9QIETS,SPMMSegNet: self-parameterization multi-scale mesh segmentation network for tooth identification,3,【原因代码】: 3
augmented reality assisted surgical exposure of an impacted tooth a pilot study,FVXUA272,Augmented Reality-Assisted Surgical Exposure of an Impacted Tooth: A Pilot Study,2,【原因代码】: 2
an in vitro evaluation of bond strength and failure behavior between 3d printed cobalt chromium alloy and different types of denture base resins,GZCR8ZD9,An in vitro evaluation of bond strength and failure behavior between 3D-printed cobalt-chromium alloy and different types of denture base resins,3,【原因代码】: 3
automatic segmentation of the midfacial bone surface from ultrasound images using deep learning methods,FY3BNMHZ,Automatic segmentation of the midfacial bone surface from ultrasound images using deep learning methods,3,【原因代码】: 3
impact of marginal defects on the accuracy of automated finish line detection in tooth preparation,FAY7UP65,Impact of marginal defects on the accuracy of automated finish line detection in tooth preparation,3,【原因代码】: 3
volume change of masticatory muscles by skeletal class iii orthognathic surgery with and without facial asymmetry a cross sectional and longitudinal study,SDFXVAB9,Volume Change of Masticatory Muscles by Skeletal Class III Orthognathic Surgery with and Without Facial Asymmetry: A Cross-Sectional and Longitudinal Study,3,【原因代码】: 3
accuracy of impression techniques with maxillary angled implants using trays and multifunctional guides,D5YUNUHV,Accuracy of Impression Techniques with Maxillary Angled Implants Using Trays and Multifunctional Guides.,3,【原因代码】: 3
revolutionizing dental implant research a systematic review on three dimensional in vitro models,6Q7XWKSI,Revolutionizing Dental Implant Research: A Systematic Review on Three-Dimensional In Vitro Models,2,【原因代码】: 2
computational pathology based artificial intelligence platform for the identification of common oral potentially malignant disorders,B4ND95YE,Computational pathology-based artificial intelligence platform for the identification of common oral potentially malignant disorders,3,【原因代码】: 3
relationship between maxillofacial asymmetry and cranial base morphology in patients with jaw deformities a three dimensional computed tomography analysis,ZKMI2LI4,Relationship between maxillofacial asymmetry and cranial base morphology in patients with jaw deformities: a three-dimensional computed tomography analysis,3,【原因代码】: 3
dynamic energy control in photopolymerization achieving uniform overcure and high dimensional accuracy for dental applications,TRMR5FNJ,Dynamic energy control in photopolymerization: Achieving uniform overcure and high dimensional accuracy for dental applications,3,【原因代码】: 3
automatic three dimensional facial symmetry reference plane construction based on facial planar reflective symmetry net,M7P5EH6Q,Automatic three-dimensional facial symmetry reference plane construction based on facial planar reflective symmetry net,3,【原因代码】: 3
machine learning based spectral modeling a biomimetic guide for enhancing esthetics,GAZX5M5Q,Machine-Learning-Based Spectral Modeling: A Biomimetic Guide for Enhancing Esthetics,3,【原因代码】: 3
tomographic similarity scan with a computed modified absolute mandibular midsagittal plane for precise and objective localization of mandibular asymmetry,5EV82UG8,Tomographic similarity scan with a computed modified absolute mandibular midsagittal plane for precise and objective localization of mandibular asymmetry,3,【原因代码】: 3
inter and intraindividual variability in virtual single tooth implant positioning,NUN2T7K6,Inter- and intraindividual variability in virtual single-tooth implant positioning,3,【原因代码】: 3
emerging technologies in the treatment of orbital floor fractures a systematic review,J9FU9DVK,Emerging Technologies in the Treatment of Orbital Floor Fractures: A Systematic Review,2,【原因代码】: 2
a three year prospective study comparing stereolithography printed models to classical impression and plaster cast models in orthodontic therapy a 3d objectification approach,UEHCEHSN,A Three-Year Prospective Study Comparing Stereolithography Printed Models to Classical Impression and Plaster Cast Models in Orthodontic Therapy: A 3D Objectification Approach,3,【原因代码】: 3
3d platform to control orientations of periodontal ligament in periodontal defects in canine model pilot study,4G52S4T5,3D platform to control orientations of periodontal ligament in periodontal defects in canine model: Pilot study,5,【原因代码】: 5
integration of imaging modalities in digital dental workflows possibilities limitations and potential future developments,U6NMXLSS,"Integration of imaging modalities in digital dental workflows - possibilities, limitations, and potential future developments",2,【原因代码】: 2
toothformer a region adaptive and axis aware transformer network for precise 3d cbct tooth segmentation,I7Y67RM9,ToothFormer: A Region-Adaptive and Axis-Aware Transformer Network for Precise 3D CBCT Tooth Segmentation,3,【原因代码】: 3
personalized 3d printed tdm zro2 scaffolds laden with ipsc derived sox9 sclerotomal progenitors for functional osteochondral regeneration,WVHHNQX4,Personalized 3D-printed TDM/ZrO2 scaffolds laden with iPSC-derived SOX9+sclerotomal progenitors for functional osteochondral regeneration,1,【原因代码】: 1
custom design of a temporomandibular joint prosthesis a kinematic approach evaluated by finite element analysis,AN2LBDKB,Custom design of a temporomandibular joint prosthesis: A kinematic approach evaluated by finite element analysis,3,【原因代码】: 3
deep convolutional neural network algorithm for the automatic segmentation of oral potentially malignant disorders and oral cancers,SM9U5C7J,Deep convolutional neural network algorithm for the automatic segmentation of oral potentially malignant disorders and oral cancers,3,【原因代码】: 3
accuracy of face scan based virtual facebow records a comparison between two registration methods,U2VNRQWT,Accuracy of face scan-based virtual facebow records: A comparison between two registration methods,3,【原因代码】: 3
a multi task learning v net model for working length prediction in volumetric dental cone beam computed tomography images,CFYFFKIC,A Multi-Task Learning V-Net Model for Working Length Prediction in Volumetric Dental Cone Beam Computed Tomography Images,3,【原因代码】: 3
influence of silica nanoparticle sedimentation on the mechanical surface properties and trueness of dlp printed dental resin,9989PWZK,"Influence of silica nanoparticle sedimentation on the mechanical, surface properties and trueness of DLP-printed dental resin",3,【原因代码】: 3
modeling fracture in multilayered teeth using the finite volume based phase field method,WBCEDXET,Modeling fracture in multilayered teeth using the finite volume-based phase field method,3,【原因代码】: 3
3d printing of a patient specific biomodel and cutting guide for metatarsal reconstruction with an osteocutaneous scip flap using open source software a case report,PGQJVZ2Y,3D Printing of a Patient-Specific Biomodel and Cutting Guide for Metatarsal Reconstruction With an Osteocutaneous SCIP Flap Using Open-Source Software: A Case Report,1,【原因代码】: 1
preliminary clinical evaluation of traditional and a new digital peek occlusal splints for the management of sleep bruxism,Z4QSLYRP,Preliminary clinical evaluation of traditional and a new digital PEEK occlusal splints for the management of sleep bruxism,3,【原因代码】: 3
comparing direct measurements and three dimensional 3d scans for evaluating facial soft tissue,4KMVHT4D,Comparing Direct Measurements and Three-Dimensional (3D) Scans for Evaluating Facial Soft Tissue,3,【原因代码】: 3
influence of the surgical method used for lip closure on the shape of the maxillary arch a retrospective 3d analysis of plaster models,9MIU7DNB,Influence of the surgical method used for lip closure on the shape of the maxillary arch: a retrospective 3D analysis of plaster models,3,【原因代码】: 3
top down design and fabrication with digital technology of removable partial dentures incorporating custom abutments a dental technique,FQVDPA8S,Top-down design and fabrication with digital technology of removable partial dentures incorporating custom abutments: A dental technique,3,【原因代码】: 3
in vivo assessment of sed a novel biomechanical indicator for periodontal tissue remodeling in clear aligner therapy,EC9P5DI3,In Vivo Assessment of SED: A Novel Biomechanical Indicator for Periodontal Tissue Remodeling in Clear Aligner Therapy,3,【原因代码】: 3
evaluation of removable partial denture metal frameworks produced by digital methods a systematic review,LCN8DHTV,Evaluation of Removable Partial Denture Metal Frameworks Produced by Digital Methods-A Systematic Review,2,【原因代码】: 2
spatiotemporal transcriptomic maps of whole mouse embryos at the onset of organogenesis,NI6YYPE6,Spatiotemporal transcriptomic maps of whole mouse embryos at the onset of organogenesis,1,【原因代码】: 1
ai driven automation of occlusal surface design in digital prosthodontics a clinically validated workflow,PWK5Z86Q,AI-driven automation of occlusal surface design in digital prosthodontics: a clinically validated workflow,3,【原因代码】: 3
automatic multi class classification of 3d relationships between the mandibular third molar and canal on cone beam computed tomography using a geometry aware network,9CQF4EX6,Automatic multi-class classification of 3D relationships between the mandibular third molar and canal on cone-beam computed tomography using a geometry-aware network,3,【原因代码】: 3
digital three dimensional assessment of free gingival graft remodeling over 12 months,YLELC4FZ,Digital three-dimensional assessment of free gingival graft remodeling over 12 months,3,【原因代码】: 3
shape adaptive magnetic field assisted batch polishing of three dimensional surfaces,QLD6QTJK,Shape-adaptive magnetic field-assisted batch polishing of three-dimensional surfaces,1,【原因代码】: 1
a comparative study of bone remodeling around hydroxyapatite coated and novel radial functionally graded dental implants using finite element simulation,K8IC6T9C,A comparative study of bone remodeling around hydroxyapatite-coated and novel radial functionally graded dental implants using finite element simulation,3,【原因代码】: 3
a micro ct integrated 3d simulation framework reveals fluid transport mechanisms and void dynamics in root canal biomaterials,6DBVHM5M,A micro-CT-integrated 3D simulation framework reveals fluid transport mechanisms and void dynamics in root canal biomaterials,3,【原因代码】: 3
a digital workflow for fabrication of a 3d printed definitive obturator prosthesis and a preliminary evaluation of its clinical adaptation a randomized self controlled study,8449LS23,A digital workflow for fabrication of a 3D-printed definitive obturator prosthesis and a preliminary evaluation of its clinical adaptation: A randomized self-controlled study,3,【原因代码】: 3
guided surgery with 3d printed device a case report,UZEPFW5V,Guided Surgery with 3D Printed Device: A Case Report,3,【原因代码】: 3
development of a 3d cnn based ai model for automated segmentation of the prostatic urethra,ZCPKAJMR,Development of a 3D CNN-based AI Model for Automated Segmentation of the Prostatic Urethra,1,【原因代码】: 1
estimation of coronary artery movement using a non rigid registration with global local structure preservation,SWW7KEJ8,Estimation of coronary artery movement using a non-rigid registration with global-local structure preservation,1,【原因代码】: 1
development of multi physics calculation method in lead cooled fast reactor code system mosasaur,56EZEDCR,Development of multi-physics calculation method in lead cooled fast reactor code system MOSASAUR,1,【原因代码】: 1
in vivo evaluation of artificial intelligence driven remote monitoring technology for tracking tooth movement and reconstruction of 3 dimensional digital models during orthodontic treatment,FFCB7QN3,In-vivo evaluation of Artificial Intelligence Driven Remote Monitoring technology for tracking tooth movement and reconstruction of 3-dimensional digital models during orthodontic treatment,3,【原因代码】: 3
implications of three dimensional cell culture in cancer therapeutic research,HGZFPPWP,Implications of Three-Dimensional Cell Culture in Cancer Therapeutic Research,1,【原因代码】: 1
a new method to evaluate trueness and precision of digital and conventional impression techniques for complete dental arch,4SX8KTJM,A New Method to Evaluate Trueness and Precision of Digital and Conventional Impression Techniques for Complete Dental Arch,3,【原因代码】: 3
advances in the resection and reconstruction of midfacial tumors through computer assisted surgery,EXVEHKU3,Advances in the Resection and Reconstruction of Midfacial Tumors Through Computer Assisted Surgery,3,【原因代码】: 3
a web based rendering application for communicating dental conditions,7WWWDUCV,A Web-Based Rendering Application for Communicating Dental Conditions,3,【原因代码】: 3
the cnn model aided the study of the clinical value hidden in the implant images,G5QKVLPU,The CNN model aided the study of the clinical value hidden in the implant images,3,【原因代码】: 3
a digital workflow for pair matching of maxillary anterior teeth using a 3d segmentation technique for esthetic implant restorations,MZH3CXYR,A digital workflow for pair matching of maxillary anterior teeth using a 3D segmentation technique for esthetic implant restorations,3,【原因代码】: 3
accuracy of soft tissue prediction in skeletal type iii relationship using a computer aided three dimensional surgical simulation planning program,Y7AJ5J7V,Accuracy of Soft Tissue Prediction in Skeletal Type III Relationship Using a Computer-Aided Three-Dimensional Surgical Simulation Planning Program,3,【原因代码】: 3
programmable delayed release container system pdrcs for chronotherapeutic delivery application in personalized treatment for addison s disease,UZ78FSLR,Programmable delayed-release container system (PDRCS) for chronotherapeutic delivery: application in personalized treatment for Addison's disease,1,【原因代码】: 1
force driven model for automated clear aligner staging design based on stepwise tooth displacement and rotation in 3d space,7SPMCGS2,Force-Driven Model for Automated Clear Aligner Staging Design Based on Stepwise Tooth Displacement and Rotation in 3D Space,3,【原因代码】: 3
video based craniomaxillofacial disease screening system,TYPEDT2Z,Video-based craniomaxillofacial disease screening system,3,【原因代码】: 3
the use of mixed reality in dentistry,WIXBHXCN,The use of mixed reality in dentistry,2,【原因代码】: 2
mineralized osteoblast derived exosomes and 3d printed ceramic based scaffolds for enhanced bone healing a preclinical exploration,S3XDHQ38,Mineralized osteoblast-derived exosomes and 3D-printed ceramic-based scaffolds for enhanced bone healing: A preclinical exploration,1,【原因代码】: 1
effect of industrial scanner and framework material interaction on the marginal gaps of cad cam complete arch implant frameworks,YUDAP2TL,Effect of industrial scanner and framework material interaction on the marginal gaps of CAD-CAM complete arch implant frameworks,3,【原因代码】: 3
toward quieter dental devices transient cfd simulation of airflow and noise in air turbine handpieces,FUMHC8Y2,Toward Quieter Dental Devices: Transient CFD Simulation of Airflow and Noise in Air Turbine Handpieces,3,【原因代码】: 3
deep active learning for automatic segmentation of maxillary sinus lesions using a convolutional neural network,ST5CQ9CH,Deep Active Learning for Automatic Segmentation of Maxillary Sinus Lesions Using a Convolutional Neural Network,3,【原因代码】: 3
3d printed drug loaded composite scaffolds to promote osteogenesis and antibacterial activity,HF33Z57F,3D-Printed Drug-Loaded Composite Scaffolds to Promote Osteogenesis and Antibacterial Activity,1,【原因代码】: 1
low profile electromagnetic field sensors in the measurement and modelling of three dimensional jaw kinematics and occlusal loading,ARSEKXEW,Low-Profile Electromagnetic Field Sensors in the Measurement and Modelling of Three-Dimensional Jaw Kinematics and Occlusal Loading,3,【原因代码】: 3
numerical and machine aided experimental models for simulating the 3d compliance of a toothbrush,QV2TI6LM,Numerical and Machine-Aided Experimental Models for Simulating the 3D Compliance of a Toothbrush,3,【原因代码】: 3
the effect of the digital manufacturing technique of cantilevered implant supported frameworks on abutment screw preload,IIQPEHZZ,The effect of the digital manufacturing technique of cantilevered implant-supported frameworks on abutment screw preload,3,【原因代码】: 3
anthropometric accuracy of three dimensional average faces compared to conventional facial measurements,XU88YICI,Anthropometric? accuracy of three-dimensional average faces compared to conventional facial measurements,3,【原因代码】: 3
effect of preparation designs and cad cam materials on step stress fatigue survival of premolar partial coverage restorations an in vitro study with fractographic analysis,F6AW7R93,Effect of preparation designs and CAD-CAM materials on step-stress fatigue survival of premolar partial coverage restorations: An in-vitro study with fractographic analysis,3,【原因代码】: 3
optimization of print parameters for batch and continuous manufacturing of three dimensional 3d printed dosage forms using artificial intelligence and machine learning,9NQ8BFIU,Optimization of print parameters for batch and continuous manufacturing of three-dimensional (3D) printed dosage forms using artificial intelligence and machine learning,1,【原因代码】: 1
recent advances in 3d models of the nervous system for neural regeneration research and drug development,TJ6WXLRY,Recent advances in 3D models of the nervous system for neural regeneration research and drug development,1,【原因代码】: 1
iso parametric path planning to mitigate wheel wear in grinding of complex dental crowns,HP84IX5R,Iso-parametric path planning to mitigate wheel wear in grinding of complex dental crowns,3,【原因代码】: 3
novel three dimensional preclinical model for investigating cartilage regeneration incorporating physiological and pathological mechanical loading,8N6EAFDZ,"Novel Three-Dimensional Preclinical Model for Investigating Cartilage Regeneration, Incorporating Physiological and Pathological Mechanical Loading",3,【原因代码】: 3
personalized oral drug delivery via fdm 3d printing polyvinyl alcohol capsules with tunable release profiles supported by in silico modeling,7G3HL3T5,Personalized oral drug delivery via FDM 3D printing: Polyvinyl alcohol capsules with tunable release profiles supported by in silico modeling,1,【原因代码】: 1
one pot crosslinking enables 3d printing of shear recovery fish collagen vegf functionalized inks,QKDBXA6L,One-Pot Crosslinking Enables 3D Printing of Shear-Recovery Fish Collagen VEGF-Functionalized Inks,1,【原因代码】: 1
accuracy and surface roughness of co cr partial denture frameworks with different fabrication methods,C4T4CYED,Accuracy and surface roughness of Co-Cr partial denture frameworks with different fabrication methods,3,【原因代码】: 3
enhancing bone tissue engineering with 3d printed polycaprolactone scaffolds integrated with tragacanth gum bioactive glass,8B728BRE,Enhancing bone tissue engineering with 3D-Printed polycaprolactone scaffolds integrated with tragacanth gum/bioactive glass,1,【原因代码】: 1
automatic detection of mandibular fractures on ct scan using deep learning,ISR8FR7L,Automatic detection of mandibular fractures on CT scan using deep learning,3,【原因代码】: 3
advancements in microfluidic organ on a chip for oral medicine,QIEFEE8C,Advancements in Microfluidic Organ-on-a-chip for Oral Medicine,2,【原因代码】: 2
three dimensional quantitative analysis of maxillary arch morphology across sagittal and vertical skeletal patterns,X4EJBTIQ,Three-Dimensional Quantitative Analysis of Maxillary Arch Morphology Across Sagittal and Vertical Skeletal Patterns,3,【原因代码】: 3
bridging gaps in oral mucosa regeneration advances and challenges,BE4J6VLI,Bridging Gaps in Oral Mucosa Regeneration: Advances and Challenges,2,【原因代码】: 2
influence of framework material on stress fatigue and stability of all on four system components biomechanical evaluation with finite element analysis,5LFW4IMR,"Influence of Framework Material on Stress, Fatigue, and Stability of “All-on-Four” System Components-Biomechanical Evaluation with Finite Element Analysis",3,【原因代码】: 3
sald net self attention integrated lidar based 3d object detection network in a crowded hospital environment,5XKK24MF,SALD-Net: Self-attention-integrated LiDAR-based 3D object detection network in a crowded hospital environment,1,【原因代码】: 1
computational evaluation of stress distribution in endocrown restored immature mandibular molars a finite element approach,HSRHKBRU,Computational Evaluation of Stress Distribution in Endocrown-Restored Immature Mandibular Molars: A Finite Element Approach,3,【原因代码】: 3
volumetric imaging of ex vivo oral mucosa specimens with multi scale wide field of view optical coherence tomography microscopy in near infrared ii window,IJPECLF6,Volumetric Imaging of Ex Vivo Oral Mucosa Specimens with Multi-Scale Wide Field-of-View Optical Coherence Tomography/Microscopy in Near-Infrared-II Window,3,【原因代码】: 3
single implant retained overdentures evaluation of effect of implant length and diameter on stress distribution by finite element analysis,QPKNWM98,Single implant retained overdentures: Evaluation of effect of implant length and diameter on stress distribution by finite element analysis,3,【原因代码】: 3
deep learning driven segmentation of maxillary impacted canine on cone beam computed tomography images,PKJDLVCU,Deep learning driven segmentation of maxillary impacted canine on cone beam computed tomography images,3,【原因代码】: 3
sfi ensemble sugeno fuzzy integral based ensemble of cnn models with meta heuristic fuzzy measures for mouth and oral disease detection,P2QVBDUM,SFI-ensemble: Sugeno fuzzy integral-based ensemble of CNN models with meta-heuristic fuzzy measures for mouth and oral disease detection,3,【原因代码】: 3
use of advanced artificial intelligence in forensic medicine forensic anthropology and clinical anatomy,XIPF9RSI,"Use of Advanced Artificial Intelligence in Forensic Medicine, Forensic Anthropology and Clinical Anatomy",1,【原因代码】: 1
finite element analysis of endocrown and post and core abutments for removable partial dentures with different framework materials,E58E5TQR,Finite Element Analysis of Endocrown and Post-and-Core Abutments for Removable Partial Dentures with Different Framework Materials,3,【原因代码】: 3
dental software classification and dento facial interdisciplinary planning platform,HHCIIZVZ,Dental software classification and dento-facial interdisciplinary planning platform,2,【原因代码】: 2
three dimensional finite element analysis of zygomatic and pterygoid implants for the rehabilitation of severely atrophic maxilla,QYXA5YVP,Three-dimensional finite element analysis of zygomatic and pterygoid implants for the rehabilitation of severely atrophic maxilla,3,【原因代码】: 3
adaptive point learning with uncertainty quantification to generate margin lines on prepared teeth,FUZY7784,Adaptive Point Learning with Uncertainty Quantification to Generate Margin Lines on Prepared Teeth,3,【原因代码】: 3
application of clinical experimental clinical teaching model for specialist training in dentistry,7WMFPMLG,Application of Clinical-Experimental-Clinical Teaching Model for Specialist Training in Dentistry,3,【原因代码】: 3
reconstruction of the orbitozygomatic framework state of the art and perspectives,IMWMACDT,Reconstruction of the orbitozygomatic framework: State of the art and perspectives,2,【原因代码】: 2
biomimetic 3d printed gyroid scaffolds with versatile bioactive coatings for complex craniomaxillofacial bone regeneration,BBL9T48I,Biomimetic 3D-printed gyroid scaffolds with versatile bioactive coatings for complex craniomaxillofacial bone regeneration,3,【原因代码】: 3
effect of drill handle force applied to digital surgical guides on implant deviation an in vitro study,ANWLRCES,Effect of Drill Handle Force Applied to Digital Surgical Guides on Implant Deviation: An In Vitro Study,3,【原因代码】: 3
guidance on biomaterials for periodontal tissue regeneration fabrication methods materials and biological considerations,PKH8V7FJ,"Guidance on biomaterials for periodontal tissue regeneration: Fabrication methods, materials and biological considerations",2,【原因代码】: 2
chatios improving automatic 3 dimensional tooth segmentation via gpt 4v and multimodal pre training,HWDWK85G,ChatIOS: Improving automatic 3-dimensional tooth segmentation via GPT-4V and multimodal pre-training,3,【原因代码】: 3
clinically oriented cbct periapical lesion evaluation via 3d cnn algorithm,NRQWXAHU,Clinically Oriented CBCT Periapical Lesion Evaluation via 3D CNN Algorithm,3,【原因代码】: 3
ideal placement of an implant considering the positional relationship to an opposing tooth in the first molar region a three dimensional finite element analysis,CEKADZUV,Ideal placement of an implant considering the positional relationship to an opposing tooth in the first molar region: a three-dimensional finite element analysis,3,【原因代码】: 3
study on fracture behavior of molars based on three dimensional high precision computerized tomography scanning and numerical simulation,CL73C5HV,Study on fracture behavior of molars based on three-dimensional high-precision computerized tomography scanning and numerical simulation,3,【原因代码】: 3
hybrid photometric geometric 3d reconstruction framework for manufacturing oriented assessment of tablet surface cqas under pat rtrt,TPS8WUC4,Hybrid Photometric-Geometric 3D Reconstruction Framework for Manufacturing-Oriented Assessment of Tablet Surface CQAs under PAT/RTRT,1,【原因代码】: 1
alpaca a fast and accurate computer vision approach for automated landmarking of three dimensional biological structures,9JSCSSTS,ALPACA: A fast and accurate computer vision approach for automated landmarking of three-dimensional biological structures,1,【原因代码】: 1
accuracy of marginal fit of an implant supported framework fabricated by 3d printing versus subtractive manufacturing technique a systematic review and meta analysis,ESV2FGUS,Accuracy of marginal fit of an implant-supported framework fabricated by 3D printing versus subtractive manufacturing technique: A systematic review and meta-analysis,2,【原因代码】: 2
motion correction for separate mandibular and cranial movements in cone beam ct reconstructions,DA9LWSBD,Motion correction for separate mandibular and cranial movements in cone beam CT reconstructions,3,【原因代码】: 3
identifying sources of error in computer navigated total knee arthroplasty using sensitivity analyses in knee models,KJI2CQKC,Identifying Sources of Error in Computer-Navigated Total Knee Arthroplasty Using Sensitivity Analyses in Knee Models,1,【原因代码】: 1
efficient high cone angle artifact reduction in circular cone beam ct using deep learning with geometry aware dimension reduction,BV6NW2AU,Efficient high cone-angle artifact reduction in circular cone-beam CT using deep learning with geometry-aware dimension reduction,1,【原因代码】: 1
digital planning and decision making for severe congenital oligodontia with angle class iii malocclusion,763Y5L3L,Digital planning and decision making for severe congenital oligodontia with Angle class-III malocclusion,2,【原因代码】: 2
a structure based framework for selective inhibitor design and optimization,7JHTAFTR,A structure-based framework for selective inhibitor design and optimization,1,【原因代码】: 1
a graph neural network framework for mapping histological topology in oral mucosal tissue,VW2QVI5W,A graph neural network framework for mapping histological topology in oral mucosal tissue,3,【原因代码】: 3
a high fidelity framework for 3d dental crown reconstruction using intraoral images,7BI6E9GT,A High-Fidelity Framework for 3D Dental Crown Reconstruction Using Intraoral Images,3,【原因代码】: 3
development of a preliminary diagnostic tool for the segmentation of benign jaw lesions in cbct images using nnu net v2 an artificial intelligence based approach,M5KL88SX,Development of a Preliminary Diagnostic Tool for the Segmentation of Benign Jaw Lesions in CBCT Images Using nnU-Net v2: An Artificial Intelligence-Based Approach,3,【原因代码】: 3
interactive holographic reconstruction of dental structures a review and preliminary design of the holodent3d concept,GR9RRNIC,Interactive Holographic Reconstruction of Dental Structures: A Review and Preliminary Design of the HoloDent3D Concept,2,【原因代码】: 2
spatiotemporal mechanical stimuli from dental crypt during tooth development an integrated experimental and computational study,A3GV56C7,Spatiotemporal mechanical stimuli from dental crypt during tooth development: An integrated experimental and computational study,3,【原因代码】: 3
effect of 3d printer technology on the trueness of digital analog positions in digital implant models in vitro study,QEMKGCHF,Effect of 3D-Printer Technology on the Trueness of Digital Analog Positions in Digital Implant Models: In Vitro Study,3,【原因代码】: 3
deep learning based dental implant recognition using synthetic x ray images,AT4W22NR,Deep learning-based dental implant recognition using synthetic X-ray images,3,【原因代码】: 3
injectable and 3d printed hydrogels state of the art platform for bone regeneration in dentistry,NCZWT798,Injectable and 3D-printed hydrogels: State-of-the-art platform for bone regeneration in dentistry,2,【原因代码】: 2
training free open set 3d inventory of transportation infrastructure by combining point clouds and images,2BV2IGAI,Training-free open-set 3D inventory of transportation infrastructure by combining point clouds and images,1,【原因代码】: 1
fully automated evaluation of condylar remodeling after orthognathic surgery in skeletal class ii patients using deep learning and landmarks,F4LGBXJS,Fully automated evaluation of condylar remodeling after orthognathic surgery in skeletal class II patients using deep learning and landmarks,3,【原因代码】: 3
artificial intelligence based cbct segmentation in the presence of metallic artefacts for 3d virtual orofacial patient generation,FKV4VQYX,Artificial intelligence-based CBCT segmentation in the presence of metallic artefacts for 3D virtual orofacial patient generation,3,【原因代码】: 3
dose titration of solid dosage forms via fdm 3d printed mini tablets,WRE7G4MD,Dose Titration of Solid Dosage Forms via FDM 3D-Printed Mini-Tablets,1,【原因代码】: 1
3d printed platform multi loaded with bioactive magnetic nanoparticles and an antibiotic for re growing bone tissue,8C8WFEA9,"3D-printed platform multi-loaded with bioactive, magnetic nanoparticles and an antibiotic for re-growing bone tissue",1,【原因代码】: 1
a completely digital workflow for peek removable partial dentures a preliminary clinical study,D5L7WJVT,A completely digital workflow for PEEK removable partial dentures: A preliminary clinical study,3,【原因代码】: 3
application of electron beam melting in pure titanium crown fabrication an investigation of dimensional accuracy,73S4AEG3,Application of electron beam melting in pure titanium crown fabrication: An investigation of dimensional accuracy,3,【原因代码】: 3
a 3d bioreactor model to study osteocyte differentiation and mechanobiology under perfusion and compressive mechanical loading,ZVDKQB3K,A 3D bioreactor model to study osteocyte differentiation and mechanobiology under perfusion and compressive mechanical loading,1,【原因代码】: 1
three dimensional complementary breast ultrasound 3d cbus improving 3d spatial resolution uniformity with orthogonal images,9B9AU6TU,Three-dimensional complementary breast ultrasound (3D CBUS): Improving 3D spatial resolution uniformity with orthogonal images,1,【原因代码】: 1
ai assisted fusion technique for orthodontic diagnosis between cone beam computed tomography and face scan data,X26HCEJR,AI-Assisted Fusion Technique for Orthodontic Diagnosis Between Cone-Beam Computed Tomography and Face Scan Data,3,【原因代码】: 3
precise point set registration based on feature fusion,U3JKMSXD,Precise Point Set Registration Based on Feature Fusion,3,【原因代码】: 3
transverse maxillary correction leaf expander vs rapid maxillary expansion appliances a systematic review and meta analysis,A42J5F8W,Transverse Maxillary Correction: Leaf Expander vs. Rapid Maxillary Expansion Appliances-A Systematic Review and Meta-Analysis,2,【原因代码】: 2
feature extraction for margin lines using region growing with a dynamic weight function in a one point bidirectional path search,GK77S9CY,Feature extraction for margin lines using region growing with a dynamic weight function in a one-point bidirectional path search,3,【原因代码】: 3
preclinical 3d printed laboratory simulation of deep caries and the exposed pulp reduced student anxiety and stress while increasing confidence and knowledge in vital pulp treatment,NM44QWCY,"Preclinical 3D-printed laboratory simulation of deep caries and the exposed pulp reduced student anxiety and stress, while increasing confidence and knowledge in vital pulp treatment",3,【原因代码】: 3
preparation of porous titanium dental implant by 3d printing composite coating and its biomechanical properties and flexural strength,3CNP52WQ,Preparation of Porous Titanium Dental Implant by 3D Printing/Composite Coating and Its Biomechanical Properties and Flexural Strength,3,【原因代码】: 3
oral ct image processing based on oral ct image filtering algorithm,J5XU7G3J,Oral CT Image Processing Based on Oral CT Image Filtering Algorithm,3,【原因代码】: 3
does crown root and bone visualization in a clear aligner virtual setup impact treatment decisions,AULZ2CKN,"Does crown, root, and bone visualization in a clear aligner virtual setup impact treatment decisions?",3,【原因代码】: 3
a computational approach to automated dental implant placement bone density optimization around the implant with the levenberg marquardt algorithm,WZY8BEYH,A computational approach to automated dental implant placement: Bone density optimization around the implant with the Levenberg-Marquardt algorithm,3,【原因代码】: 3
digitally fabricated dentures for full mouth rehabilitation with zirconia polyetheretherketone and selective laser melted ti 6al 4v material,9TZHBXIG,"Digitally Fabricated Dentures for Full Mouth Rehabilitation with Zirconia, Polyetheretherketone and Selective Laser Melted Ti-6Al-4V Material",3,【原因代码】: 3
assessment of temperature effects on photopolymer resin dental prosthetics fabricated by stereolithography using optical coherence tomography,PCL6JTNN,Assessment of temperature effects on photopolymer resin dental prosthetics fabricated by stereolithography using optical coherence tomography,3,【原因代码】: 3
identifying lymph nodes and their statuses from pretreatment computer tomography images of patients with head and neck cancer using a clinical data driven deep learning algorithm,9H75HRKJ,Identifying Lymph Nodes and Their Statuses from Pretreatment Computer Tomography Images of Patients with Head and Neck Cancer Using a Clinical-Data-Driven Deep Learning Algorithm,1,【原因代码】: 1
innervation of the tubarial glands a hypothesis driven anatomical review,F8TYCA8W,Innervation of the tubarial glands: A hypothesis-driven anatomical review,2,【原因代码】: 2
hierarchical chitin nanocrystal based 3d printed dual layer membranes hydrogels a dual drug delivery nano platform for periodontal tissue regeneration,977YT8IH,Hierarchical Chitin Nanocrystal-Based 3D Printed Dual-Layer Membranes Hydrogels: A Dual Drug Delivery Nano-Platform for Periodontal Tissue Regeneration,3,【原因代码】: 3
nanobiotechnological approaches for breast cancer management drug delivery systems and 3d in vitro models,ILRPW2I6,Nanobiotechnological approaches for breast cancer Management: Drug delivery systems and 3D In-Vitro models,1,【原因代码】: 1
clinical evaluation of a one piece polyetheretherketone removable partial denture fabricated using a novel digital workflow a self controlled clinical trial,D9FTATP8,Clinical evaluation of a one-piece polyetheretherketone removable partial denture fabricated using a novel digital workflow: A self-controlled clinical trial,3,【原因代码】: 3
a novel artificial intelligence based approach for quantitative assessment of angiogenesis in the ex ovo cam model,9RG8ZHBS,A Novel Artificial Intelligence-Based Approach for Quantitative Assessment of Angiogenesis in the Ex Ovo CAM Model,1,【原因代码】: 1
convergence of 3d printed biomimetic wound dressings and adult stem cell therapy,YMNS9BRY,Convergence of 3D printed biomimetic wound dressings and adult stem cell therapy,1,【原因代码】: 1
fully automated mandibular condyle segmentation more detailed extraction with hybrid customized sam,I7Y42AG2,Fully Automated Mandibular Condyle Segmentation: More Detailed Extraction With Hybrid Customized SAM,3,【原因代码】: 3
assessment of all in focus image quality in shape from focus technique,KS6SA2QE,Assessment of All-in-focus Image Quality in Shape-from-focus Technique,1,【原因代码】: 1
automatic tooth periodontal ligament segmentation of cone beam computed tomography based on instance segmentation network,L9G9SLBY,Automatic tooth periodontal ligament segmentation of cone beam computed tomography based on instance segmentation network,3,【原因代码】: 3
teanet automated tooth extraction and arrangement with tooth level graph spatial transformation network,D3BPMH84,TEANet: Automated tooth extraction and arrangement with tooth-level graph spatial transformation network,3,【原因代码】: 3
the effect of functionally graded materials on bone remodeling around osseointegrated trans femoral prostheses,V4SM7JXW,The effect of functionally graded materials on bone remodeling around osseointegrated trans-femoral prostheses,1,【原因代码】: 1
biofabrication of an in vitro bone model for gaucher disease,QHQCR9ID,Biofabrication of an in-vitro bone model for Gaucher disease,1,【原因代码】: 1
head and neck cancer organoids a panoramic perspective from basic construction to clinical translation,PK5NX27J,Head and neck cancer organoids: a panoramic perspective from basic construction to clinical translation,2,【原因代码】: 2
a three dimensional printed polycaprolactone biphasic calcium phosphate scaffold combined with adipose derived stem cells cultured in xenogeneic serum free media for the treatment of bone defects,ZAPEW5KM,A Three-Dimensional Printed Polycaprolactone-Biphasic-Calcium-Phosphate Scaffold Combined with Adipose-Derived Stem Cells Cultured in Xenogeneic Serum-Free Media for the Treatment of Bone Defects,3,【原因代码】: 3
characterizing the impact of spray dried particle morphology on tablet dissolution using quantitative x ray microscopy,YAJEWQLA,Characterizing the Impact of Spray Dried Particle Morphology on Tablet Dissolution Using Quantitative X-Ray Microscopy,1,【原因代码】: 1
deep learning based high frequency ultrasound skin image classification with multicriteria model evaluation,9USBNQL3,Deep Learning-Based High-Frequency Ultrasound Skin Image Classification with Multicriteria Model Evaluation,1,【原因代码】: 1
neuroviisas based construction of a stereotactic rhesus monkey brain atlas for connectome research,B4MTQI84,neuroVIISAS-based construction of a stereotactic rhesus monkey brain atlas for connectome research,1,【原因代码】: 1
a 3d in vitro model of the human dentine interface shows long range osteoinduction from the dentine surface,9RK8X4SA,A 3D In-vitro model of the human dentine interface shows long-range osteoinduction from the dentine surface,3,【原因代码】: 3
automated cortical thickness measurement of the mandibular condyle head on cbct images using a deep learning method,ARDP77U5,Automated cortical thickness measurement of the mandibular condyle head on CBCT images using a deep learning method,3,【原因代码】: 3
cartilage repair unleashing prp s potential in organoid models,IE7RDNAX,Cartilage repair: unleashing PRP's potential in organoid models,1,【原因代码】: 1
a novel artificial intelligence powered tool for automated root canal segmentation in single rooted teeth on cone beam computed tomography,MBMSHJXN,A novel artificial intelligence-powered tool for automated root canal segmentation in single-rooted teeth on cone-beam computed tomography,3,【原因代码】: 3
extrusion based printing of nanostructured fatty acid gels incorporated in hydrogels,5VZHCJ2Y,Extrusion-Based Printing of Nanostructured Fatty Acid Gels Incorporated in Hydrogels,1,【原因代码】: 1
effects of a novel dexamethasone hydrogel drug delivery system on cytokine and mucin expression in a three dimensional in vitro conjunctival inflammation model,EGWMCCEH,Effects of a Novel Dexamethasone Hydrogel Drug Delivery System on Cytokine and Mucin Expression in a Three-Dimensional In Vitro Conjunctival Inflammation Model,1,【原因代码】: 1
precision of a hand held 3d surface scanner in dry and wet skeletal surfaces an ex vivo study,CWY7AMZN,Precision of a Hand-Held 3D Surface Scanner in Dry and Wet Skeletal Surfaces: An Ex Vivo Study,1,【原因代码】: 1
effect of platform design of dental implant abutment on loosening and fatigue performance,WS7EVNAT,Effect of platform design of dental implant abutment on loosening and fatigue performance,3,【原因代码】: 3
adaptation of removable partial denture rest seats in prostheses made with selective laser sintering or casting techniques a randomized clinical trial,A2EJUB37,Adaptation of removable partial denture rest seats in prostheses made with selective laser sintering or casting techniques: A randomized clinical trial,3,【原因代码】: 3
in vitro comparison of internal and marginal adaptation between printed and milled onlays,NF7ZX4PJ,In Vitro Comparison of Internal and Marginal Adaptation between Printed and Milled Onlays,3,【原因代码】: 3
direct ink writing with dental composites a paradigm shift toward sustainable chair side production,68LCNUVN,Direct ink writing with dental composites: A paradigm shift toward sustainable chair-side production,3,【原因代码】: 3
fracture strength of different veneers on polyetheretherketone peek frameworks in implant supported single crowns,R7TJEP7M,Fracture strength of different veneers on polyetheretherketone (PEEK) frameworks in implant-supported single crowns,3,【原因代码】: 3
unraveling the functional dark matter through global metagenomics,FLQPFZX2,Unraveling the functional dark matter through global metagenomics,1,【原因代码】: 1
deep reinforcement learning for efficient registration between intraoral scan meshes and ct images,3RU3YSFY,Deep reinforcement learning for efficient registration between intraoral-scan meshes and CT images,3,【原因代码】: 3
digital application of three dimensional diagnosis and treatment with a virtual articulator,59C32I24,Digital application of three-dimensional diagnosis and treatment with a virtual articulator,3,【原因代码】: 3
etched 3d printed polycaprolactone constructs functionalized with reduced graphene oxide for enhanced attachment of dental pulp derived stem cells,DCJH8XKA,Etched 3D-Printed Polycaprolactone Constructs Functionalized with Reduced Graphene Oxide for Enhanced Attachment of Dental Pulp-Derived Stem Cells,3,【原因代码】: 3
clinical applications of polyetheretherketone in removable dental prostheses accuracy characteristics and performance,SA5CK9Q5,"Clinical Applications of Polyetheretherketone in Removable Dental Prostheses: Accuracy, Characteristics, and Performance",2,【原因代码】: 2
tip torque rotations how accurately do digital superimposition software packages quantify tooth movement,7IYSLJJL,"TIP, TORQUE & ROTATIONS: How accurately do digital superimposition software packages quantify tooth movement?",3,【原因代码】: 3
development and optimization of 3d printed orally dissolving films of vitamin d3 using a quality by design approach,JG3WXI76,Development and Optimization of 3D-Printed Orally Dissolving Films of Vitamin D3 Using a Quality by Design Approach,1,【原因代码】: 1
finite element analysis and optimization of the mechanical properties of polyetheretherketone peek clasps for removable partial dentures,H6N9BYSN,Finite-element analysis and optimization of the mechanical properties of polyetheretherketone (PEEK) clasps for removable partial dentures,4,【原因代码】: 4
the evolution of jaw kinematic analysis from early observations to latest technologies,FSAV72S8,The Evolution of Jaw Kinematic Analysis: From Early Observations to Latest Technologies,2,【原因代码】: 2
prosthesis repair of oral implants based on artificial intelligenc e finite element analysis,CKG49MIJ,Prosthesis repair of oral implants based on artificial intelligenc`e finite element analysis,3,【原因代码】: 3
hierarchical 2d to 3d micro nano histology of human dental caries lesions using light x ray and electron microscopy,VXGSB6P7,"Hierarchical 2D to 3D micro/nano-histology of human dental caries lesions using light, X-ray and electron microscopy",3,【原因代码】: 3
moprp multiobjective optimization on preoperative robot placement for robot assisted dental implant surgery,DNYZB3K8,MOPRP: Multiobjective optimization on preoperative robot placement for robot-assisted dental implant surgery,3,【原因代码】: 3
influence of 3d printing parameters and characteristics of complete denture bases on evaluated properties a scoping review,2M689Z2D,Influence of 3D-Printing Parameters and Characteristics of Complete Denture Bases on Evaluated Properties: A Scoping Review,2,【原因代码】: 2
fabrication of gelatin sulfated hyaluronic acid bioactive glass composite scaffolds coated with thylakoid for the synergistic treatment of ischemic osteonecrosis,SWENGXTS,Fabrication of gelatin/sulfated hyaluronic acid/bioactive glass composite scaffolds coated with thylakoid for the synergistic treatment of ischemic osteonecrosis,1,【原因代码】: 1
comparison of cbct radiation doses with conventional radiographs in tmj imaging using monte carlo simulations,2YP4TDQT,Comparison of CBCT radiation doses with conventional radiographs in TMJ imaging using Monte Carlo simulations,3,【原因代码】: 3
deep learning based approach automated gingival inflammation grading model using gingival removal strategy,DEFPLRRS,Deep learning based approach: automated gingival inflammation grading model using gingival removal strategy,3,【原因代码】: 3
effects of selective laser melting process parameters on the accuracy of the intaglio surface of maxillary removable partial denture frameworks,3PQFLIYN,Effects of selective laser melting process parameters on the accuracy of the intaglio surface of maxillary removable partial denture frameworks,3,【原因代码】: 3
an enhanced encoder decoder network for temporomandibular joint segmentation in magnetic resonance images,SW4RF9BF,An enhanced encoder-decoder network for temporomandibular joint segmentation in magnetic resonance images,3,【原因代码】: 3
in ovo model in cancer research and tumor immunology,H4FRMVJT,In ovo model in cancer research and tumor immunology,1,【原因代码】: 1
color three dimensional imaging based on patterned illumination using a negative pinhole array,PKG7FRXM,Color three-dimensional imaging based on patterned illumination using a negative pinhole array,1,【原因代码】: 1
brain tumor segmentation in multimodal mri using u net layered structure,ZZLLLF5E,Brain Tumor Segmentation in Multimodal MRI Using U-Net Layered Structure,1,【原因代码】: 1
the accuracy of implant placement using a combination of static and dynamic computer assisted implant surgery in fully edentulous arches a prospective controlled clinical study,HLYZT797,The accuracy of implant placement using a combination of static and dynamic computer-assisted implant surgery in fully edentulous arches: A prospective controlled clinical study,3,【原因代码】: 3
accuracy of the yakebot dental implant robotic system versus fully guided static computer assisted implant surgery template in edentulous jaw implantation a preliminary clinical study,KJX5QUTN,Accuracy of the Yakebot dental implant robotic system versus fully guided static computer-assisted implant surgery template in edentulous jaw implantation: A preliminary clinical study,3,【原因代码】: 3
deapir efficient and enhanced dental arch guided panoramic image reconstruction from cbct data,KFG4F76J,DeAPIR: Efficient and Enhanced Dental Arch-Guided Panoramic Image Reconstruction from CBCT Data,3,【原因代码】: 3
advantages of deep learning with convolutional neural network in detecting disc displacement of the temporomandibular joint in magnetic resonance imaging,JURF9NTK,Advantages of deep learning with convolutional neural network in detecting disc displacement of the temporomandibular joint in magnetic resonance imaging,3,【原因代码】: 3
minimizing inconsistencies in gray values in small field of view dental computed tomography by modulating reconstruction filter intensity simulation study,AXGUCU7Q,Minimizing inconsistencies in gray values in small field-of-view dental computed tomography by modulating reconstruction filter intensity: simulation study,3,【原因代码】: 3
the impact of mixed reality training method on novice trainees of dental implants an in vitro study,S22NI99I,The impact of mixed reality training method on novice trainees of dental implants: an in vitro study,3,【原因代码】: 3
upper airway volumetry using cbct a critical review of methodological inconsistencies and open source software applications,F5NVNXNI,Upper airway volumetry using CBCT: a critical review of methodological inconsistencies and open-source software applications,2,【原因代码】: 2
ai based 3d qsar model of fda approved repurposed drugs for inhibiting sclerostin,7HPXAV5X,AI-based 3D-QSAR model of FDA-approved repurposed drugs for inhibiting sclerostin,1,【原因代码】: 1
noninvasive three dimensional in situ and in vivo characterization of bioprinted hydrogel scaffolds using the x ray propagation based imaging technique,CDF2J78D,Noninvasive Three-Dimensional In Situ and In Vivo Characterization of Bioprinted Hydrogel Scaffolds Using the X-ray Propagation-Based Imaging Technique,1,【原因代码】: 1
fracture resistance of posterior tooth supported cantilever fixed dental prostheses of different zirconia generations and framework thicknesses an in vitro study,CR3SB4FK,Fracture Resistance of Posterior Tooth-Supported Cantilever Fixed Dental Prostheses of Different Zirconia Generations and Framework Thicknesses: An In Vitro Study,3,【原因代码】: 3
cad rads scoring of coronary ct angiography with multi axis vision transformer a clinically inspired deep learning pipeline,AP8TXPRB,CAD-RADS scoring of coronary CT angiography with Multi-Axis Vision Transformer: A clinically-inspired deep learning pipeline,1,【原因代码】: 1
a novel methodology for detecting separated endodontic instruments using a combination of algorithms in post processing cbct software,4U5H6G63,A novel methodology for detecting separated endodontic instruments using a combination of algorithms in post-processing CBCT software,3,【原因代码】: 3
improving interproximal surface reconstruction via artificial intelligence based tooth segmentation with crown root integrated models a preliminary study,3R7JMPF8,Improving interproximal surface reconstruction via artificial intelligence-based tooth segmentation with crown-root integrated models: A preliminary study,3,【原因代码】: 3
engineering 3d printed strontium titanium scaffold integrated highly bioactive serum exosomes for critical bone defects by osteogenesis and angiogenesis,ZVIVQ3U8,Engineering 3D-Printed Strontium-Titanium Scaffold-Integrated Highly Bioactive Serum Exosomes for Critical Bone Defects by Osteogenesis and Angiogenesis,1,【原因代码】: 1
from design to application advanced cellulose scaffolds for engineered tissue regeneration,WGEL3GJN,From Design to Application: Advanced Cellulose Scaffolds for Engineered Tissue Regeneration,1,【原因代码】: 1
clinical knowledge guided hybrid classification network for automatic periodontal disease diagnosis in x ray image,EEMNL36H,Clinical knowledge-guided hybrid classification network for automatic periodontal disease diagnosis in X-ray image,3,【原因代码】: 3
seasonal dietary flexibility in the omnivorous raccoon dog nyctereutes procyonoides canidae revealed by dental microwear texture analysis implications for paleoecology of canids,XL3JASJW,"Seasonal dietary flexibility in the omnivorous raccoon dog (Nyctereutes procyonoides, Canidae) revealed by dental microwear texture analysis: Implications for paleoecology of canids☆",1,【原因代码】: 1
evaluation of trueness and precision of removable partial denture metal frameworks manufactured with digital technology and different materials,ATX75SMI,Evaluation of trueness and precision of removable partial denture metal frameworks manufactured with digital technology and different materials,3,【原因代码】: 3
primary exploration of the clinical application of 3d printed complete dentures,PV2RKASC,Primary Exploration of the Clinical Application of 3D-Printed Complete Dentures,3,【原因代码】: 3
automated classification of sagittal vertical and transverse malocclusions from 3d intraoral scans via a multi head cnn framework,ASA8N7WW,"Automated classification of sagittal, vertical, and transverse malocclusions from 3D intraoral scans via a multi-head CNN framework",3,【原因代码】: 3
3d printing in biomedical engineering processes materials and applications,9JVIWUY9,"3D printing in biomedical engineering: Processes, materials, and applications",2,【原因代码】: 2
digital implantology a review of virtual planning software for guided implant surgery part ii prosthetic set up and virtual implant planning,WSEGYC4K,Digital implantology-a review of virtual planning software for guided implant surgery. Part II: Prosthetic set-up and virtual implant planning,2,【原因代码】: 2
evaluation of the methods for determining accuracy of fit and precision of rpd framework in digital 3d printed milled and conventional rpds a systematic review,6EQBH5FS,"Evaluation of the methods for determining accuracy of fit and precision of RPD framework in Digital (3D printed, milled) and conventional RPDs - a systematic review",2,【原因代码】: 2
facial surface tracing approach to reduce the observation errors in 3d curvilinear landmark annotations on cone beam computed tomography images,ZZBMKRSQ,Facial surface tracing approach to reduce the observation errors in 3D curvilinear landmark annotations on cone-beam computed tomography images,3,【原因代码】: 3
validation of a biomechanical injury and disease assessment platform applying an inertial based biosensor and axis vector computation,5R8DUV5Q,Validation of a Biomechanical Injury and Disease Assessment Platform Applying an Inertial-Based Biosensor and Axis Vector Computation,1,【原因代码】: 1
mechanical performance of a monolithic 3d printed orthodontic bracket crown system an in vitro study,N752LK7C,Mechanical Performance of a Monolithic 3D-Printed Orthodontic Bracket-Crown System: An In-Vitro Study,3,【原因代码】: 3
a novel method of 3d printing locating guide for abutment screw removal in cement retained implant supported prostheses,ZFERNRSM,A novel method of 3D printing locating guide for abutment screw removal in cement- retained implant-supported prostheses,3,【原因代码】: 3
additively manufactured devices with varying designs and sizes for acquiring initial intraoral implant scans,6CTFUQY4,Additively manufactured devices with varying designs and sizes for acquiring initial intraoral implant scans,3,【原因代码】: 3
multi task deep learning for sex and age estimation from panoramic radiographs in a brazilian young population,W7L35SEE,Multi-Task Deep Learning for Sex and Age Estimation from Panoramic Radiographs in a Brazilian Young Population,3,【原因代码】: 3
ai assisted preoperative surgical planning for dental implant,8E7MJ7MS,AI-assisted preoperative surgical planning for dental implant,3,【原因代码】: 3
a comprehensive narrative review exploring the current landscape of digital complete denture technology and advancements,UF76VYHR,A comprehensive narrative review exploring the current landscape of digital complete denture technology and advancements,2,【原因代码】: 2
implant position accuracy using dynamic computer assisted implant surgery cais combined with augmented reality a randomized controlled clinical trial,G8SSCC6I,Implant position accuracy using dynamic computer-assisted implant surgery (CAIS) combined with augmented reality: A randomized controlled clinical trial,3,【原因代码】: 3
gender estimation from morphometric measurements of mandibular lingula by using machine learning algorithms and artificial neural networks,HFHUWPGM,Gender Estimation from Morphometric Measurements of Mandibular Lingula by Using Machine Learning Algorithms and Artificial Neural Networks,3,【原因代码】: 3
explainable artificial intelligence system using a convolutional neural network for designing major connectors of removable partial denture framework,5C2WR8U2,Explainable artificial intelligence system using a convolutional neural network for designing major connectors of removable partial denture framework,3,【原因代码】: 3
accuracy of 3 calibration methods of computer assisted dynamic navigation for implant placement an in vitro study,89NYGYEU,Accuracy of 3 calibration methods of computer-assisted dynamic navigation for implant placement: An in vitro study,3,【原因代码】: 3
the association of postoperative global femoral offset with total hip arthroplasty outcomes,LES8XG5P,The association of postoperative global femoral offset with total hip arthroplasty outcomes,1,【原因代码】: 1
game changing advances in infant hip dysplasia evaluation with ultrasound,K8PT2ZYM,Game-Changing Advances in Infant Hip Dysplasia Evaluation With Ultrasound,1,【原因代码】: 1
automatic segmentation and reconstruction of lower extremity arteries from computed tomography angiography images via a deep learning framework,XLA44MS3,Automatic segmentation and reconstruction of lower-extremity arteries from computed tomography angiography images via a deep learning framework,3,【原因代码】: 3
three dimensional correlation method for non invasive blood glucose monitoring with optical coherence tomography,29X9ZLAU,Three-dimensional correlation method for non-invasive blood glucose monitoring with optical coherence tomography,1,【原因代码】: 1
automatic vertebral body segmentation based on deep learning of dixon images for bone marrow fat fraction quantification,6KCCM3L2,Automatic Vertebral Body Segmentation Based on Deep Learning of Dixon Images for Bone Marrow Fat Fraction Quantification,1,【原因代码】: 1
a review of virtual planning software for guided implant surgery data import and visualization drill guide design and manufacturing,WJ7UKR5L,"A review of virtual planning software for guided implant surgery - data import and visualization, drill guide design and manufacturing",2,【原因代码】: 2
effects of porcelain veneering methods on conformity of the marginal and internal fit of three unit zirconia framework,BXFJDY69,Effects of porcelain veneering methods on conformity of the marginal and internal fit of three-unit zirconia framework,3,【原因代码】: 3
the effect on the performance of a dynamic navigation system of superimposing a standard tessellation language stl file obtained with an intraoral scan on a cone beam computer tomograph cbct an experimental in vitro study,WI52KM9V,The effect on the performance of a dynamic navigation system of superimposing a standard tessellation language (STL) file obtained with an intraoral scan on a cone beam computer tomograph (CBCT). An experimental in vitro study,3,【原因代码】: 3
approximating scaffold printability utilizing computational methods,KYQ9YVEJ,Approximating scaffold printability utilizing computational methods,1,【原因代码】: 1
modeling periodontal host microbe interactions using vascularized gingival connective tissue equivalents,34Y6HBAL,Modeling periodontal host-microbe interactions using vascularized gingival connective tissue equivalents,3,【原因代码】: 3
development and evaluation of a low cost open source nasometer,B6P9N33F,Development and Evaluation of a Low-Cost Open-Source Nasometer,1,【原因代码】: 1
three dimensional hard and soft tissue healing at implants with a modified neck design an in vivo preclinical study,8GLIISG6,Three-Dimensional Hard and Soft Tissue Healing at Implants With A Modified Neck Design: An In Vivo Preclinical Study,3,【原因代码】: 3
a hybrid computational method for the simulation of ultrasonic wave reflection at the bone implant interface,YA33UVLN,A hybrid computational method for the simulation of ultrasonic wave reflection at the bone-implant interface,1,【原因代码】: 1
geometric learning and statistical modeling for surgical outcomes evaluation in craniosynostosis using 3d photogrammetry,STPAGHYV,Geometric learning and statistical modeling for surgical outcomes evaluation in craniosynostosis using 3D photogrammetry,3,【原因代码】: 3
organotypic co cultures as a novel 3d model for head and neck squamous cell carcinoma,AF6WK4VL,Organotypic Co-Cultures as a Novel 3D Model for Head and Neck Squamous Cell Carcinoma,1,【原因代码】: 1
comparison of osteogenic potentials of dental pulp and bone marrow mesenchymal stem cells using the new cell transplantation platform cellsaic in a rat congenital cleft jaw model,F5VFPSLY,"Comparison of Osteogenic Potentials of Dental Pulp and Bone Marrow Mesenchymal Stem Cells Using the New Cell Transplantation Platform, CellSaic, in a Rat Congenital Cleft-Jaw Model",3,【原因代码】: 3
quantitative evaluation of changes in three dimensional ct density distributions in pulmonary alveolar proteinosis after gm csf inhalation,WET3NHPF,Quantitative Evaluation of Changes in Three-Dimensional CT Density Distributions in Pulmonary Alveolar Proteinosis after GM-CSF Inhalation,1,【原因代码】: 1
the utility of implant supported fixed dental prosthesis material for implant micromovement and peri implant bone microstrain a study in rabbit tibia,4KSXSUCD,The Utility of Implant-Supported Fixed Dental Prosthesis Material for Implant Micromovement and Peri-implant Bone Microstrain: A Study in Rabbit Tibia,3,【原因代码】: 3
3d printed pcl scaffolds functionalized with gelma for sustained delivery of human dental follicle stem cell derived conditioned medium in bone regeneration,GBDCHBEJ,3D-printed PCL scaffolds functionalized with GelMA for sustained delivery of human dental follicle stem cell-derived conditioned medium in bone regeneration,1,【原因代码】: 1
deep learning enabled invalid point removal for spatial phase unwrapping of 3d measurement,7TS2AAL7,Deep learning-enabled invalid-point removal for spatial phase unwrapping of 3D measurement,1,【原因代码】: 1
deep learning based prediction of the 3d postorthodontic facial changes,8EQJUJ5Z,Deep Learning-Based Prediction of the 3D Postorthodontic Facial Changes,3,【原因代码】: 3
effect of manufacturing type and aging on the fit of metal frameworks an in vitro micro ct study,D4Y88T8X,Effect of manufacturing type and aging on the fit of metal frameworks: an in vitro Micro-CT study,3,【原因代码】: 3
from pixel to image analysis,P6UBEH4L,From pixel to image analysis,2,【原因代码】: 2
a novel method for testing accuracy of bite registration using intraoral scanners,HTYKXD2Z,A novel method for testing accuracy of bite registration using intraoral scanners,3,【原因代码】: 3
evaluating the effects of orthodontic materials field of view and artifact reduction mode on accuracy of cbct based caries detection,HAE3FWTF,"Evaluating the effects of orthodontic materials, field of view, and artifact reduction mode on accuracy of CBCT-based caries detection",3,【原因代码】: 3
bone implant osseointegration monitoring using electro mechanical impedance technique and convolutional neural network a numerical study,BXT93NMY,Bone-Implant Osseointegration Monitoring Using Electro-mechanical Impedance Technique and Convolutional Neural Network: A Numerical Study,3,【原因代码】: 3
influence of design parameters on implant abutment performance a scoping review,9JQ65R5Z,Influence of Design Parameters on Implant Abutment Performance: A Scoping Review,2,【原因代码】: 2
clinical factors influencing implant positioning by guided surgery using a nonmetal sleeve template in the partially edentulous ridge multiple regression analysis of a prospective cohort,XUN6KXA3,Clinical factors influencing implant positioning by guided surgery using a nonmetal sleeve template in the partially edentulous ridge: Multiple regression analysis of a prospective cohort,3,【原因代码】: 3
three dimensional reconstruction of porous polymer films from fib sem nanotomography data using random forests,WMCPUUSX,Three-dimensional reconstruction of porous polymer films from FIB-SEM nanotomography data using random forests,1,【原因代码】: 1
feasibility of augmented reality using dental arch based registration applied to navigation in mandibular distraction osteogenesis a phantom experiment,3TF24KAM,Feasibility of augmented reality using dental arch-based registration applied to navigation in mandibular distraction osteogenesis: a phantom experiment,3,【原因代码】: 3
3d bioprinting of patient derived cardiac tissue models for studying congenital heart disease,JX2LCMGD,3D-bioprinting of patient-derived cardiac tissue models for studying congenital heart disease,1,【原因代码】: 1
fractal analysis of the mandible cortical bone correlation among fractal dimension values obtained by two processing methods from periapical radiograph and micro computed tomography with cone beam computed tomography,K7WNNJK9,Fractal analysis of the mandible cortical bone: correlation among fractal dimension values obtained by two processing methods from periapical radiograph and micro-computed tomography with cone-beam computed tomography,3,【原因代码】: 3
accuracy of guided implant surgery obtained using 3d printed surgical guides an in vitro comparison of four evaluation methods,2TPBCDEY,Accuracy of guided implant surgery obtained using 3D-printed surgical guides - An in vitro comparison of four evaluation methods,3,【原因代码】: 3
impact of framework material cantilever design and wing configuration on stress distribution in patient specific additively manufactured subperiosteal jaw implants a 3d finite element analysis,RYA4IC44,"Impact of framework material, cantilever design, and wing configuration on stress distribution in patient specific additively manufactured subperiosteal jaw implants: a 3D finite element analysis",3,【原因代码】: 3
anodization and its role in peri implant tissue adhesion a novel 3d bioprinting approach,K4DDVETJ,Anodization and Its Role in Peri-Implant Tissue Adhesion: A Novel 3D Bioprinting Approach,3,【原因代码】: 3
survival analysis up to 8 years of 304 anatomical contour implant supported zirconia crowns fabricated with a fully digital cast free workflow and directly screwed on external hexagonal implant connections without the interposition of a ti base a multicentric retrospective study,PI7Y4QGT,Survival Analysis up to 8 Years of 304 Anatomical-Contour Implant-Supported Zirconia Crowns Fabricated with a Fully Digital Cast-Free Workflow and Directly Screwed on External Hexagonal Implant Connections Without the Interposition of a Ti-Base: A Multicentric Retrospective Study,3,【原因代码】: 3
evolving strategies and materials for scaffold development in regenerative dentistry,QQXSPG3Y,Evolving Strategies and Materials for Scaffold Development in Regenerative Dentistry,2,【原因代码】: 2
a novel approach to craniofacial analysis using automated 3d landmarking of the skull,22IDN6AX,A novel approach to craniofacial analysis using automated 3D landmarking of the skull,3,【原因代码】: 3
treatment for progressive hemifacial atrophy paradigm shift from 2d photograph to 3d stereophotogrammetry,QNZ8DEUM,Treatment for progressive hemifacial atrophy: paradigm shift from 2D photograph to 3D stereophotogrammetry,3,【原因代码】: 3
comparison of the strain developed around implants with angled abutments with two reinforced polymeric cad cam superstructure materials an in vitro comparative study,NVZFFHPT,Comparison of the strain developed around implants with angled abutments with two reinforced polymeric CAD-CAM superstructure materials: An in vitro comparative study,3,【原因代码】: 3
a customised 3d u net model for bifid mandibular canal segmentation and detection on cbct a diagnostic accuracy study,567Q4TW9,A customised 3D U-Net model for bifid mandibular canal segmentation and detection on CBCT: a diagnostic accuracy study,3,【原因代码】: 3
the development of a functional human small intestinal epithelium model for drug absorption,DUNG6UUV,The development of a functional human small intestinal epithelium model for drug absorption,1,【原因代码】: 1
time efficiency and cost analysis between digital and conventional workflows for the fabrication of fixed dental prostheses a systematic review,NBQGIJYQ,Time efficiency and cost analysis between digital and conventional workflows for the fabrication of fixed dental prostheses: A systematic review,2,【原因代码】: 2
automatic estimation of single tooth width from standardized two dimensional occlusal photographs using deep learning,75INZ7UM,Automatic estimation of single-tooth width from standardized two-dimensional occlusal photographs using deep learning,3,【原因代码】: 3
ml based tooth shade assessment to prevent metamerism in different clinic lights,KLN2JNA2,ML-based tooth shade assessment to prevent metamerism in different clinic lights,3,【原因代码】: 3
spatio temporal analysis of nanoparticles in live tumor spheroids impacted by cell origin and density,8FU6IJ8L,Spatio-temporal analysis of nanoparticles in live tumor spheroids impacted by cell origin and density,1,【原因代码】: 1
accuracy of implant surgery planning and surgery with a dental robot in transcrestal sinus floor elevation,PPYIDTN2,Accuracy of implant surgery planning and surgery with a dental robot in transcrestal sinus floor elevation,3,【原因代码】: 3
a personalized automated system of 3d facial soft tissue landmarks annotation based on deep learning and computer vision,XC63D9X7,A personalized automated system of 3D facial soft tissue landmarks annotation based on deep learning and computer vision,3,【原因代码】: 3
mrcm uctransnet automatic and accurate 3d tooth segmentation network from cone beam ct images,LSI9SW78,MRCM-UCTransNet: Automatic and Accurate 3D Tooth Segmentation Network From Cone-Beam CT Images,3,【原因代码】: 3
deep learning based automated diagnosis of temporomandibular joint anterior disc displacement and its clinical application,4BUYS2B2,Deep learning-based automated diagnosis of temporomandibular joint anterior disc displacement and its clinical application,3,【原因代码】: 3
comparison of marginal accuracy in two different materials used in provisional crown and bridge an in vitro experimental study,R8CJZGFR,Comparison of marginal accuracy in two different materials used in provisional crown and bridge - an in vitro experimental study,3,【原因代码】: 3
inferior alveolar canal automatic detection with deep learning cnns on cbcts development of a novel model and release of open source dataset and algorithm,TUE7JTLY,Inferior Alveolar Canal Automatic Detection with Deep Learning CNNs on CBCTs: Development of a Novel Model and Release of Open-Source Dataset and Algorithm,3,【原因代码】: 3
a tmps designed personalized mandibular scaffolds with optimized sla parameters and mechanical properties,HPU3KI8B,A TMPS-designed personalized mandibular scaffolds with optimized SLA parameters and mechanical properties,3,【原因代码】: 3
trans vnet transformer based tooth semantic segmentation in cbct images,LRPW5FSM,Trans-VNet: Transformer-based tooth semantic segmentation in CBCT images,3,【原因代码】: 3
a 3d printed composite hydrogel engineered with a coordination reprogrammed nanozyme for synergistic chemo physical bone therapy,RWYDLEMJ,A 3D-Printed Composite Hydrogel Engineered with a Coordination-Reprogrammed Nanozyme for Synergistic Chemo-Physical Bone Therapy,1,【原因代码】: 1
evaluation of automated tooth landmark localization on digital models,QVJE2U3Z,Evaluation of automated tooth landmark localization on digital models,3,【原因代码】: 3
differential diagnosis of okc and sbc on panoramic radiographs leveraging deep learning algorithms,Q7NK8ADB,Differential Diagnosis of OKC and SBC on Panoramic Radiographs: Leveraging Deep Learning Algorithms,3,【原因代码】: 3
effect of attachment flash on clear aligner force delivery an in vitro study,9VYQRD5N,Effect of attachment flash on clear aligner force delivery: an in vitro study,3,【原因代码】: 3
fully automatic ai diagnosis of alveolar bone defect in anterior teeth on cbct images,NX2MC8V4,Fully automatic AI diagnosis of alveolar bone defect in anterior teeth on CBCT images,3,【原因代码】: 3
masticatory simulators based on oral physiology in food research a systematic review,8XAHIZWN,Masticatory simulators based on oral physiology in food research: A systematic review,2,【原因代码】: 2
assessment of fit on ten screw retained frameworksrealized through digital full arch implant impression,IM9XQFJM,Assessment of Fit on Ten Screw-Retained FrameworksRealized through Digital Full-Arch Implant Impression,3,【原因代码】: 3
deep collocative learning for immunofixation electrophoresis image analysis,2EU6VLJZ,Deep Collocative Learning for Immunofixation Electrophoresis Image Analysis,1,【原因代码】: 1
towards 3d multi layer scaffolds for periodontal tissue engineering applications addressing manufacturing and architectural challenges,RF3FLTU6,Towards 3D Multi-Layer Scaffolds for Periodontal Tissue Engineering Applications: Addressing Manufacturing and Architectural Challenges,3,【原因代码】: 3
structurally tuned drug release from hybrid manufactured tablets via overprinting and overmolding,4EGT3E2C,Structurally tuned drug release from hybrid manufactured tablets via overprinting and overmolding,1,【原因代码】: 1
in vivo comparison of customized zirconia barriers in guided bone regeneration an experimental study,UCGNAILE,In vivo comparison of customized zirconia barriers in guided bone regeneration: An experimental study,1,【原因代码】: 1
the effect of 3d printing technology combined with morse taper and platform switching design on microleakage performance of dental implants,EIBULEZI,The effect of 3D printing technology combined with Morse taper and platform switching design on microleakage performance of dental implants,3,【原因代码】: 3
numerical simulations on periprosthetic bone remodeling a systematic review,VD3UIIH6,Numerical simulations on periprosthetic bone remodeling: a systematic review,2,【原因代码】: 2
segnet3 an attention guided resnet u net 3plus framework for accurate and explainable skin lesion segmentation in dermoscopic images,JEZIXHHH,SegNet3+: An Attention-Guided ResNet-U-Net 3Plus Framework for Accurate and Explainable Skin Lesion Segmentation in Dermoscopic Images,1,【原因代码】: 1
a comparative analysis of secondary unilateral and bilateral cleft lip nasal deformities from anatomical characteristics to repair strategies,VFEBMYN2,A comparative analysis of secondary unilateral and bilateral cleft lip nasal deformities: From anatomical characteristics to repair strategies,2,【原因代码】: 2
patient specific reference model estimation for orthognathic surgical planning,YA9MSA57,Patient-specific reference model estimation for orthognathic surgical planning,3,【原因代码】: 3
interpretable qsar models for acute oral toxicity via tuned xgboost and hybrid data sampling techniques,9AS47LEK,Interpretable QSAR models for acute oral toxicity via tuned XGBoost and hybrid data sampling techniques,1,【原因代码】: 1
large scale open source three dimensional growth curves for clinical facial assessment and objective description of facial dysmorphism,V2T3FF6J,Large-scale open-source three-dimensional growth curves for clinical facial assessment and objective description of facial dysmorphism,3,【原因代码】: 3
surface parameters of as built additive manufactured metal for intraosseous dental implants,3T8PV67D,Surface parameters of as-built additive manufactured metal for intraosseous dental implants,3,【原因代码】: 3
a preliminary study on the accuracy of cast metal removable partial denture frameworks produced from wax printed and milled patterns,SPCPRX9H,"A Preliminary Study on the Accuracy of Cast Metal Removable Partial Denture Frameworks Produced from Wax, Printed, and Milled Patterns",3,【原因代码】: 3
accuracy of dicom dicom vs dicom stl protocols in computer guided surgery a human clinical study,9EGJ5B29,Accuracy of DICOM-DICOM vs. DICOM-STL Protocols in Computer-Guided Surgery: A Human Clinical Study,3,【原因代码】: 3
organoids in parasitology a game changer for studying host nematode interactions,7EW4G7IT,Organoids in parasitology: a game-changer for studying host-nematode interactions,1,【原因代码】: 1
agglomeration effect on biomechanical performance of cnt reinforced dental implant using micromechanics based approach,CP9K9238,Agglomeration effect on biomechanical performance of CNT-reinforced dental implant using micromechanics-based approach,3,【原因代码】: 3
chairside vs prefabricated sealing socket abutments for posterior immediate implants a randomized clinical trial,QM47ETB9,Chairside vs Prefabricated Sealing Socket Abutments for Posterior Immediate Implants: A Randomized Clinical Trial,3,【原因代码】: 3
blood vessel on a chip examines the biomechanics of microvasculature,7XQRAIBP,Blood vessel-on-a-chip examines the biomechanics of microvasculature,1,【原因代码】: 1
development and evaluation of a multimodal feature based predictive model for radiotherapy induced oral mucositis in nasopharyngeal carcinoma,H82E653Y,Development and evaluation of a multimodal feature-based predictive model for radiotherapy-induced oral mucositis in nasopharyngeal carcinoma,1,【原因代码】: 1
dimensional accuracy of 3d printed digital and conventional stone dental cast of dentate patients using arch and teeth measurements,WYAWCG58,"Dimensional Accuracy of 3D-Printed, Digital and Conventional Stone Dental Cast of Dentate Patients Using Arch and Teeth Measurements",3,【原因代码】: 3
triple layered platform utilizing electrospun nanofibers and 3d printed sodium alginate based hydrogel for effective topical treatment of rheumatoid arthritis,HRNKHTE6,Triple-layered platform utilizing electrospun nanofibers and 3D-printed sodium alginate-based hydrogel for effective topical treatment of rheumatoid arthritis,1,【原因代码】: 1
biomechanical analysis of all on 4 implant supported framework using different materials across various clinical practice,ZMQU8EMV,Biomechanical analysis of All-on-4 implant supported framework using different materials across various clinical practice,3,【原因代码】: 3
the effect of common dental fixtures on treatment planning and delivery for head and neck intensity modulated proton therapy,9QILX753,The effect of common dental fixtures on treatment planning and delivery for head and neck intensity modulated proton therapy,1,【原因代码】: 1
donor side preference in maxillary reconstruction with the free fibula flap,7SSEI926,Donor Side Preference in Maxillary Reconstruction With the Free Fibula Flap,3,【原因代码】: 3
single shot 3d incoherent imaging using deterministic and random optical fields with lucy richardson rosen algorithm,R2BLA7IJ,Single-Shot 3D Incoherent Imaging Using Deterministic and Random Optical Fields with Lucy-Richardson-Rosen Algorithm,1,【原因代码】: 1
evaluation of the retentive forces from removable partial denture clasps manufactured by the digital method,TZGXEUSU,Evaluation of the Retentive Forces from Removable Partial Denture Clasps Manufactured by the Digital Method,3,【原因代码】: 3
patient specific virtual surgical planning for tongue reconstruction evaluating hyperelastic inverse fem with four simulated tongue cancer cases,5GKX37T6,Patient-specific virtual surgical planning for tongue reconstruction: evaluating hyperelastic inverse FEM with four simulated tongue cancer cases,3,【原因代码】: 3
relationship between medial meniscus extrusion and cartilage measurements in the knee by fully automatic three dimensional mri analysis,V8QWI6T2,Relationship between medial meniscus extrusion and cartilage measurements in the knee by fully automatic three-dimensional MRI analysis,1,【原因代码】: 1
computer aided orthognathic surgery a general method for designing and manufacturing personalized cutting repositioning templates,B2M3DARR,Computer Aided Orthognathic Surgery: A General Method for Designing and Manufacturing Personalized Cutting/Repositioning Templates,3,【原因代码】: 3
the potential of hydrogel free tumoroids in head and neck squamous cell carcinoma,HPUYEQHM,The potential of hydrogel-free tumoroids in head and neck squamous cell carcinoma,2,【原因代码】: 2
a multivariate logistic regression analysis of risk factors for peri implant bone loss,RFT3JZXH,A Multivariate Logistic Regression Analysis of Risk Factors for Peri-implant Bone Loss,3,【原因代码】: 3
craniomaxillofacial landmarks detection in ct scans with limited labeled data via semi supervised learning,ZNBJWPHI,Craniomaxillofacial landmarks detection in CT scans with limited labeled data via semi-supervised learning,3,【原因代码】: 3
deep learning based automated positioning system for maxillary skeletal expander development and clinical validation,ZVGTDRFP,Deep learning-based automated positioning system for maxillary skeletal expander: development and clinical validation,3,【原因代码】: 3
principles of interdisciplinary orthodontic and restorative treatment,IF7WG7DS,Principles of interdisciplinary orthodontic and restorative treatment,2,【原因代码】: 2
precise sparse view dental crown reconstruction via 3d gaussian neural fields,YTX9I6KD,Precise sparse-view dental crown reconstruction via 3D Gaussian neural fields,3,【原因代码】: 3
the uses of 3 dimensional printing technology in orthodontic offices in north america,5II46PIR,The uses of 3-dimensional printing technology in orthodontic offices in North America,3,【原因代码】: 3
testing of zirconia fpd frameworks for fixed prostheses model design and evaluation of fracture load,8QTP4PBI,TESTING OF ZIRCONIA FPD FRAMEWORKS FOR FIXED PROSTHESES: MODEL DESIGN AND EVALUATION OF FRACTURE LOAD,3,【原因代码】: 3
digital imaging technologies for forensic orofacial identification a systematic review and research agenda,2DAKBG4U,Digital Imaging Technologies for Forensic Orofacial Identification: A Systematic Review and Research Agenda,2,【原因代码】: 2
quantitative image based cell viability quanticv assay for microfluidic 3d tissue culture applications,SV633XBK,Quantitative Image-Based Cell Viability (QuantICV) Assay for Microfluidic 3D Tissue Culture Applications,1,【原因代码】: 1
decellularized bone matrix enriched 3d printed gelma scaffold as a cell homing platform analysis using an artificial pulp chamber model,ZLXKNJ5X,Decellularized bone matrix-enriched 3D-printed GelMA scaffold as a cell-homing platform: analysis using an artificial pulp chamber model,3,【原因代码】: 3
evaluating the effectiveness of large language models in addressing patient queries regarding maxillomandibular fixation for maxillofacial fractures,MLRQPJHS,Evaluating the Effectiveness of Large Language Models in Addressing Patient Queries Regarding Maxillomandibular Fixation for Maxillofacial Fractures,3,【原因代码】: 3
polysaccharide protein microparticles based scaffolds to recover soft tissue loss in mild periodontitis,9ZT8GFB8,Polysaccharide-protein microparticles based-scaffolds to recover soft tissue loss in mild periodontitis,3,【原因代码】: 3
two experimental methods to integrate intra oral scans into 3d stereophotogrammetric facial images,ZJFKXSSM,Two experimental methods to integrate intra-oral scans into 3D stereophotogrammetric facial images,3,【原因代码】: 3
biomimetic dual structured zirconia scaffolds for bone tissue engineering,RANJH5SW,Biomimetic dual-structured zirconia scaffolds for bone tissue engineering,1,【原因代码】: 1
accuracy of automatic and manual dynamic navigation registration techniques for dental implant surgery in posterior sites missing a single tooth a retrospective clinical analysis,X6NG9MRZ,Accuracy of automatic and manual dynamic navigation registration techniques for dental implant surgery in posterior sites missing a single tooth: A retrospective clinical analysis,3,【原因代码】: 3
ai initiated second opinions a framework for advanced caries treatment planning,3SM4ML53,AI-initiated second opinions: a framework for advanced caries treatment planning,3,【原因代码】: 3
digital science platform an interactive web application and database of osteological material for anatomy education,NHTJCU8E,Digital science platform: an interactive web application and database of osteological material for anatomy education,1,【原因代码】: 1
torque loss survival and strain distribution of implant supported prostheses with zirconia and cobalt chromium hybrid abutments,R2YYAV9G,"Torque Loss, Survival, and Strain Distribution of Implant-Supported Prostheses with Zirconia and Cobalt-Chromium Hybrid Abutments",3,【原因代码】: 3
accuracy of facial skeletal surfaces segmented from ct and cbct radiographs,TXLBAMRE,Accuracy of facial skeletal surfaces segmented from CT and CBCT radiographs,3,【原因代码】: 3
development of a multicellular 3d bioprinted microtissue model of human periodontal ligament alveolar bone biointerface towards a pre clinical model of periodontal diseases and personalized periodontal tissue engineering,UBMKKMB9,Development of a multicellular 3D-bioprinted microtissue model of human periodontal ligament-alveolar bone biointerface: Towards a pre-clinical model of periodontal diseases and personalized periodontal tissue engineering,3,【原因代码】: 3
influence of ceramic firing on marginal gap accuracy and metal ceramic bond strength of 3d printed co cr frameworks,6NAE9L3R,Influence of ceramic firing on marginal gap accuracy and metal-ceramic bond strength of 3D-printed Co-Cr frameworks,3,【原因代码】: 3
efficacy of submucosal polydeoxyribonucleotide injection after impacted mandibular third molar extraction a randomized controlled trial,RHIDMTCI,Efficacy of Submucosal Polydeoxyribonucleotide Injection after Impacted Mandibular Third Molar Extraction: A Randomized Controlled Trial,3,【原因代码】: 3
3d printing of metal organic framework incorporated porous scaffolds to promote osteogenic differentiation and bone regeneration,4FBLMYQK,3D printing of metal-organic framework incorporated porous scaffolds to promote osteogenic differentiation and bone regeneration,1,【原因代码】: 1
microstructure and mechanical properties of co cr alloy fabricated by selective laser melting technology for removable partial denture frameworks,DHQBWA35,Microstructure and Mechanical Properties of Co-Cr Alloy Fabricated by Selective Laser Melting Technology for Removable Partial Denture Frameworks,3,【原因代码】: 3
biological effects of a premixed calcium silicate pulp capping material containing dimethyl sulphoxide as a vehicle in vitro and in vivo study,MSKWSUZY,Biological effects of a premixed calcium silicate pulp-capping material containing dimethyl sulphoxide as a vehicle: In vitro and in vivo study,3,【原因代码】: 3
osteomatrix as a personalized 3d tissue specific invasion test bed for oral carcinoma,FC9UPLQ5,Osteomatrix as a personalized 3D tissue-specific invasion test-bed for oral carcinoma,3,【原因代码】: 3
balanced enhancement of antibacterial activity and biocompatibility in chitosan vancomycin 3d printed scaffolds through mesoporous bioactive glass addition,JEQ53V28,Balanced enhancement of antibacterial activity and biocompatibility in chitosan-vancomycin 3D-printed scaffolds through mesoporous bioactive glass addition,1,【原因代码】: 1
ai powered identification of osteoporosis in dental panoramic radiographs addressing methodological flaws in current research,5IVRF5NF,AI-Powered Identification of Osteoporosis in Dental Panoramic Radiographs: Addressing Methodological Flaws in Current Research,3,【原因代码】: 3
efficient tooth gingival margin line reconstruction via adversarial learning,IU4TXBBS,Efficient tooth gingival margin line reconstruction via adversarial learning,3,【原因代码】: 3
transforming surgical planning and procedures through the synergistic use of additive manufacturing advanced materials and artificial intelligence challenges and opportunities,Q4WEAUUG,"Transforming surgical planning and procedures through the synergistic use of additive manufacturing, advanced materials and artificial intelligence: challenges and opportunities",2,【原因代码】: 2
feasibility of a hybrid semd vmi nmar framework for metal artifact reduction in dental computed tomography simulation study,SMP7ULWB,Feasibility of a hybrid SEMD-VMI-NMAR framework for metal artifact reduction in dental computed tomography: simulation study,3,【原因代码】: 3
attention base deep learning for 3d craniofacial soft tissue landmark detection and diagnosis in orthodontics,9KKERB22,Attention-Base deep learning for 3D craniofacial soft tissue landmark detection and diagnosis in orthodontics,3,【原因代码】: 3
facial appearance prediction for orthognathic surgery with diffusion models,PI7AZ8NJ,Facial appearance prediction for orthognathic surgery with diffusion models,3,【原因代码】: 3
traditional 2d and 3d workflows what is better for aesthetic rehabilitation of superior anterior teeth,WJH5GAGS,"Traditional, 2D and 3D Workflows: What Is Better for Aesthetic Rehabilitation of Superior Anterior Teeth?",3,【原因代码】: 3
development of a statistical shape model and assessment of anatomical shape variations in the hemipelvis,GT3HSR5N,Development of a Statistical Shape Model and Assessment of Anatomical Shape Variations in the Hemipelvis,1,【原因代码】: 1
fitness accuracy and retentive forces of additive manufactured titanium clasp,4IYETYX2,Fitness accuracy and retentive forces of additive manufactured titanium clasp,3,【原因代码】: 3
a 3d co culture system inspired by fracture healing cell interactions for bone tissue engineering,B7TAIWTK,A 3D Co-Culture System Inspired by Fracture Healing Cell Interactions for Bone Tissue Engineering,1,【原因代码】: 1
telescopic prosthesis for extensive mandibular tooth loss with a polyetherketoneketone framework fabricated using digital workflow a case report,P6W4Y5XA,Telescopic prosthesis for extensive mandibular tooth loss with a polyetherketoneketone framework fabricated using digital workflow: A case report,3,【原因代码】: 3
3d printed functional biphasic scaffolds with nanocomposites for osteochondral regeneration a step toward bioengineered cartilage and bone integration,4M67GUVH,3D-Printed Functional Biphasic Scaffolds with Nanocomposites for Osteochondral Regeneration: A Step Toward Bioengineered Cartilage and Bone Integration,1,【原因代码】: 1
self organized vascularized microtissue based on the human microvascular unit for tissue repair and regeneration,GPMMUGAQ,Self-Organized Vascularized Microtissue Based on the Human Microvascular Unit for Tissue Repair and Regeneration,1,【原因代码】: 1
metal organic framework incorporated three dimensional 3d bio printable hydrogels to facilitate bone repair preparation and in vitro bioactivity analysis,JSU2KA77,Metal Organic Framework-Incorporated Three-Dimensional (3D) Bio-Printable Hydrogels to Facilitate Bone Repair: Preparation and In Vitro Bioactivity Analysis,1,【原因代码】: 1
planimetric quantification of plaque in patients with multibracket appliances using an intraoral scanner proof of concept,UFHK2BUQ,Planimetric quantification of plaque in patients with multibracket appliances using an intraoral scanner - proof-of-concept,3,【原因代码】: 3
retentive forces of removable partial denture clasp assemblies made from polyaryletherketone and cobalt chromium a comparative study,RGNQYCDK,Retentive Forces of Removable Partial Denture Clasp Assemblies Made from Polyaryletherketone and Cobalt-Chromium: A Comparative Study,3,【原因代码】: 3
a robust registration algorithm based on salient object detection,HIGYUZZD,A robust registration algorithm based on salient object detection,1,【原因代码】: 1
simple and cost effective generation of 3d cell sheets and spheroids using curvature controlled paraffin wax substrates,TT3FFFAV,Simple and Cost-Effective Generation of 3D Cell Sheets and Spheroids Using Curvature-Controlled Paraffin Wax Substrates,3,【原因代码】: 3
3d printed porous titanium root analogue implant for the treatment of longitudinal fracture of mandibular molars with periapical periodontitis a case report,A7JC68HD,3D-Printed Porous Titanium Root-Analogue Implant for the Treatment of Longitudinal Fracture of Mandibular Molars with Periapical Periodontitis: A Case Report,3,【原因代码】: 3
ginger extract release from 3d printed calcium phosphate scaffolds for bone regeneration,FEHPJQNB,Ginger extract release from 3D printed calcium phosphate scaffolds for bone regeneration,1,【原因代码】: 1
deep absolute phase recovery from single frequency phase map for handheld 3d measurement,3BAYRGI4,Deep absolute phase recovery from single- frequency phase map for handheld 3D measurement,1,【原因代码】: 1
temporal modulation of dna methylation and gene expression in monolayer and 3d spheroids of dental pulp stem cells during osteogenic differentiation a comparative study,RAR7M36P,Temporal Modulation of DNA Methylation and Gene Expression in Monolayer and 3D Spheroids of Dental Pulp Stem Cells during Osteogenic Differentiation: A Comparative Study,3,【原因代码】: 3
a rare coeliacomesenteric trunk arising from the aorta and a hepatophrenic trunk giving rise to an accessory left hepatic artery proposal of a new classification system for hepatic arterial variations,58D6XU47,A Rare Coeliacomesenteric Trunk Arising from the Aorta and a Hepatophrenic Trunk Giving Rise to an Accessory Left Hepatic Artery: Proposal of a New Classification System for Hepatic Arterial Variations,1,【原因代码】: 1
in fiber bragg sensor measurements assess fluid effects on strain in the periodontal space of an ex vivo swine incisor complex under mechanical loading,BIUPRBSD,In-fiber Bragg sensor measurements assess fluid effects on strain in the periodontal space of an ex-vivo swine incisor complex under mechanical loading,3,【原因代码】: 3
novel standardized method for inducing medication related osteonecrosis of the jaw in rats and precise quantitative assessment of pathological outcomes,A88G5IRI,Novel standardized method for inducing medication-related osteonecrosis of the jaw in rats and precise quantitative assessment of pathological outcomes,3,【原因代码】: 3
comparative analysis of the safety and efficacy of 3d bioprinted constructs embedded with human mesenchymal stem cells for bone regeneration,SYDHVGXW,Comparative analysis of the safety and efficacy of 3D-bioprinted constructs embedded with human mesenchymal stem cells for bone regeneration,1,【原因代码】: 1
trueness of the apical and middle root portion segments of 3d printed removable die and alveolar cast designs manufactured using stereolithographic 3d printing,PGF7LT48,Trueness of the apical and middle root portion segments of 3D-printed removable die and alveolar cast designs manufactured using stereolithographic 3D printing,3,【原因代码】: 3
ph responsive polydopamine coated mesoporous silica nanoplatform integrated into 3d printed pla nha scaffolds for synergistic bone regeneration,5Q98LR84,pH-responsive polydopamine-coated mesoporous silica nanoplatform integrated into 3D-printed PLA/nHA scaffolds for synergistic bone regeneration,1,【原因代码】: 1
tissue surface adaptation and retention of digital obturator after one year of use,MTZIVEQB,Tissue surface adaptation and retention of digital obturator after one year of use,3,【原因代码】: 3
3d printing for tissue organ regeneration in china,6FE3CE5K,3D printing for tissue/organ regeneration in China,1,【原因代码】: 1
a deep learning derived prostate zonal volume based biomarker from t2 weighted mri to distinguish between prostate cancer and benign prostatic hyperplasia,JJKKKQD7,A deep learning derived prostate zonal volume-based biomarker from T2-weighted MRI to distinguish between prostate cancer and benign prostatic hyperplasia,1,【原因代码】: 1
a retrospective cohort study on scan quality of implant scanbodies matched with cad libraries,7XTL6VPY,A Retrospective Cohort Study on Scan Quality of Implant Scanbodies Matched With CAD Libraries,3,【原因代码】: 3
motion compensated noninvasive periodontal health monitoring using handheld and motor based photoacoustic ultrasound imaging systems,CTGPJFQL,Motion-compensated noninvasive periodontal health monitoring using handheld and motor-based photoacoustic-ultrasound imaging systems,3,【原因代码】: 3
dentseg eda a 3d tooth segmentation framework for cbct images using enhanced dual attention,7QYLAPD5,DentSeg-EDA: A 3D tooth segmentation framework for CBCT images using enhanced dual attention,3,【原因代码】: 3
3d models for oral inflammation using gingival fibroblasts lipopolysaccharides and hypoxia,99SWF2CI,"3D models for oral inflammation using gingival fibroblasts, lipopolysaccharides and hypoxia",3,【原因代码】: 3
development and validation of intraoral periapical radiography based machine learning model for periodontal defect diagnosis,C23E6TBN,Development and validation of intraoral periapical radiography-based machine learning model for periodontal defect diagnosis,3,【原因代码】: 3
an innovative tooth on chip microfluidic device emulating the structure and physiology of the dental pulp tissue,CQM5FTNI,An Innovative “Tooth-On-Chip” Microfluidic Device Emulating the Structure and Physiology of the Dental Pulp Tissue,3,【原因代码】: 3
establishment and validation of an efficient method for the 3d culture of osteoclasts in vitro,22UQETPW,Establishment and validation of an efficient method for the 3D culture of osteoclasts in vitro,1,【原因代码】: 1
the link between abutment configuration and marginal bone loss in subcrestally placed posterior implant supported restorations,JILIPTM5,The link between abutment configuration and marginal bone loss in subcrestally placed posterior implant-supported restorations,3,【原因代码】: 3
innovative approach to computer aided measurement of unilateral cleft lip and palate models using onyxceph3,TJ9ACC3S,Innovative Approach to Computer-Aided Measurement of Unilateral Cleft Lip and Palate Models Using OnyxCeph3?,3,【原因代码】: 3
factors influencing craniofaciadental changes in skeletal class iii orthognathic surgery by using machine learning,XCI3WWY4,Factors influencing craniofaciadental changes in skeletal Class III orthognathic surgery by using machine learning,3,【原因代码】: 3
image quality evaluation of a new high performance ring gantry cone beam computed tomography imager,Y8U8B9F6,Image quality evaluation of a new high-performance ring-gantry cone-beam computed tomography imager,1,【原因代码】: 1
explainable and lightweight deep learning for oral disease diagnosis an ensemble and knowledge distillation approach,7NHTLBL9,Explainable and lightweight deep learning for oral disease diagnosis: An ensemble and knowledge distillation approach,3,【原因代码】: 3
biofabricated poly g glutamic acid bio ink reinforced with calcium silicate exhibiting superior mechanical properties and biocompatibility for bone regeneration,A6ZJAKRM,Biofabricated poly (g-glutamic acid) bio-ink reinforced with calcium silicate exhibiting superior mechanical properties and biocompatibility for bone regeneration,1,【原因代码】: 1
artificial intelligence performance in maxillary canine impaction a systematic review,J59JBZ9K,Artificial intelligence performance in maxillary canine impaction: a systematic review,2,【原因代码】: 2
evaluating surgical approaches for hemimandibular hyperplasia associated with osteochondroma a systematic literature review,FUT7TPXZ,Evaluating Surgical Approaches for Hemimandibular Hyperplasia Associated with Osteochondroma: A Systematic Literature Review,2,【原因代码】: 2
effect of different surface treatments on the bond strength of milled polyetheretherketone posts,8CQXSRJC,Effect of different surface treatments on the bond strength of milled polyetheretherketone posts,3,【原因代码】: 3
the relevance of intraoral scanner ios for periodontal diagnosis a scoping review,QFG24RI9,The relevance of intraoral scanner (IOS) for periodontal diagnosis: A scoping review,2,【原因代码】: 2
dynamic navigation for prosthetically driven zygomatic implant placement in extensive maxillary defects results of a prospective case series,JYJSMM4M,Dynamic navigation for prosthetically driven zygomatic implant placement in extensive maxillary defects: Results of a prospective case series,3,【原因代码】: 3
effect of implant number attachment type and framework material on stress distribution in mandibular overdentures a finite element analysis,SE8L9A5N,"Effect of implant number, attachment type, and framework material on stress distribution in mandibular overdentures: a finite element analysis",3,【原因代码】: 3
differential osteo specific invasion of patient derived cancer cells in a microfluidic co culture model,BRZ6NS5I,Differential osteo-specific invasion of patient-derived cancer cells in a microfluidic co-culture model,3,【原因代码】: 3
iteration of tumor organoids in drug development simplification and integration,R9QBMTFF,Iteration of Tumor Organoids in Drug Development: Simplification and Integration,1,【原因代码】: 1
microneedle technologies for drug delivery innovations applications and commercial challenges,GDQYG6RJ,"Microneedle Technologies for Drug Delivery: Innovations, Applications, and Commercial Challenges",1,【原因代码】: 1
periodontium derived fibroblasts as a model to evaluate inflammation and pharmacological modulation of osteogenesis and osteoclast formation,BTMYCI59,Periodontium-derived fibroblasts as a model to evaluate inflammation and pharmacological modulation of osteogenesis and osteoclast formation,3,【原因代码】: 3
intraoral scanning versus conventional methods for obtaining full arch implant supported prostheses a systematic review with meta analysis,NZG7YSMU,Intraoral Scanning Versus Conventional Methods for Obtaining Full-Arch Implant-Supported Prostheses: A Systematic Review with Meta-Analysis,2,【原因代码】: 2
an in vitro accuracy study on scan body assisted surface based registration for conventional and zygomatic dental implants,WW4VCMZ8,An in vitro accuracy study on scan body-assisted surface based registration for conventional and zygomatic dental implants,3,【原因代码】: 3
focal attentionnet a novel ai driven framework integrating holographic imaging for head and neck cancer diagnosis,JMJ55A6A,Focal-AttentionNet: A novel AI-driven framework integrating holographic imaging for head and neck cancer diagnosis,1,【原因代码】: 1
a clinically oriented and interpretable ai framework for classifying dentin caries severity on cbct images,7SAXBVIP,A clinically oriented and interpretable AI framework for classifying dentin caries severity on CBCT images,3,【原因代码】: 3
a 3d bioprinted material that recapitulates the perivascular bone marrow structure for sustained hematopoietic and cancer models,8HLZZQ59,A 3D Bioprinted Material That Recapitulates the Perivascular Bone Marrow Structure for Sustained Hematopoietic and Cancer Models,1,【原因代码】: 1
fabrication of multilayer heterogeneous cell assembly for pathophysiologically relevant 3d in vitro ibd disease model for high throughput drug screening,XQQ4EMYY,Fabrication of multilayer heterogeneous cell assembly for pathophysiologically relevant 3D in-vitro IBD disease model for high throughput drug screening,1,【原因代码】: 1
computational design of a multi epitope vaccine against porphyromonas gingivalis,UZP59EBY,Computational Design of a Multi-Epitope Vaccine Against Porphyromonas gingivalis,3,【原因代码】: 3
the patterning cascade model and human mandibular premolar variation,QNNIKAKV,The Patterning Cascade Model and Human Mandibular Premolar Variation,3,【原因代码】: 3
fhd hybridnet a fuzzy hellinger distance guided hybrid deep learning framework for robust multiclass brain tumor classification,2DHJ2WE8,FHD-HybridNet: A fuzzy hellinger distance-guided hybrid deep learning framework for robust multiclass brain tumor classification,1,【原因代码】: 1
few shot learning and explainable ai for colon cancer histopathology a prototypical network with multi technique interpretability,RCHE3PNM,Few-shot learning and explainable AI for colon cancer histopathology: A prototypical network with multi-technique interpretability,1,【原因代码】: 1
automated detection of cephalometric landmarks using deep neural patchworks,8BGRVF7K,Automated detection of cephalometric landmarks using deep neural patchworks,3,【原因代码】: 3
engineering microspheres for breast cancer integrating tumor modeling diagnostics and targeted treatment,26P3U92E,"Engineering microspheres for breast cancer: integrating tumor modeling, diagnostics, and targeted treatment",1,【原因代码】: 1
baicalein loaded chitosan films for local treatment of oral infections,WS5IQGA2,Baicalein-Loaded Chitosan Films for Local Treatment of Oral Infections,3,【原因代码】: 3
development of a complex human in vitro model of endochondral ossification,YLHSPAZW,Development of a Complex Human In Vitro Model of Endochondral Ossification,1,【原因代码】: 1
artificial intelligence based multi stage system for automated angle s classification of malocclusion from intraoral images in orthodontics,M7TB44ID,Artificial Intelligence-Based Multi-Stage System for Automated Angle's Classification of Malocclusion from Intraoral Images in Orthodontics,3,【原因代码】: 3
explainable vision transformer framework for multi class classification and prognostic interpretation of oral cancer in histopathology images,W7TILNFK,Explainable vision transformer framework for multi-class classification and prognostic interpretation of oral cancer in histopathology images,3,【原因代码】: 3
digital assessment of the accuracy of implant impression techniques in free end saddle partially edentulous patients a controlled clinical trial,6J23L4DI,Digital assessment of the accuracy of implant impression techniques in free end saddle partially edentulous patients. A controlled clinical trial,3,【原因代码】: 3
a fully automated deep learning approach for coronary artery segmentation and comprehensive characterization,ZKMGBIXX,A fully automated deep learning approach for coronary artery segmentation and comprehensive characterization,1,【原因代码】: 1
unsupervised learning of reference bony shapes for orthognathic surgical planning with a surface deformation network,4CJX2G8D,Unsupervised learning of reference bony shapes for orthognathic surgical planning with a surface deformation network,3,【原因代码】: 3
cmf net craniomaxillofacial landmark localization on cbct images using geometric constraint and transformer,GY8ZSQRM,CMF-Net: craniomaxillofacial landmark localization on CBCT images using geometric constraint and transformer,3,【原因代码】: 3
automated segmentation of head ct scans for computer assisted craniomaxillofacial surgery applying a hierarchical patch based stack of convolutional neural networks,YPPZ6Q53,Automated segmentation of head CT scans for computer-assisted craniomaxillofacial surgery applying a hierarchical patch-based stack of convolutional neural networks,3,【原因代码】: 3
automatic landmark identification for surgical 3d navigation a proposed method for marker free dental surgical navigation systems,LZEYGM5C,Automatic landmark identification for surgical 3d-navigation - A proposed method for marker-free dental surgical navigation systems,3,【原因代码】: 3
multifunctional implantable hydrogels smart platforms at the forefront of biomedical innovation,ZX84PTKG,Multifunctional implantable hydrogels: Smart platforms at the forefront of biomedical innovation,2,【原因代码】: 2
fabrication and in vitro characterization of novel hydroxyapatite scaffolds 3d printed using polyvinyl alcohol as a thermoplastic binder,E92DLAGP,Fabrication and In Vitro Characterization of Novel Hydroxyapatite Scaffolds 3D Printed Using Polyvinyl Alcohol as a Thermoplastic Binder,1,【原因代码】: 1
3d environment with bmp 2 releasing nanocarriers enhances osteogenic commitment of human tendon stem cells,7ZKZHFDS,3D environment with BMP-2-releasing nanocarriers enhances osteogenic commitment of human tendon stem cells,1,【原因代码】: 1
marginal and internal fit of three unit zirconia fixed dental prostheses effects of prosthesis design cement space and zirconia type,D5VQSNCE,"Marginal and internal fit of three-unit zirconia fixed dental prostheses: Effects of prosthesis design, cement space, and zirconia type",3,【原因代码】: 3
evaluation of different registration methods and dental restorations on the registration duration and accuracy of cone beam computed tomography data and intraoral scans a retrospective clinical study,N2Y7K34F,Evaluation of different registration methods and dental restorations on the registration duration and accuracy of cone beam computed tomography data and intraoral scans: a retrospective clinical study,3,【原因代码】: 3
demographic and structural indicators of temporomandibular joint osteoarthritis in asymptomatic adults a cone beam computed tomography based multivariate analysis,I3TST95R,Demographic and structural indicators of temporomandibular joint osteoarthritis in asymptomatic adults: a cone-beam computed tomography-based multivariate analysis,3,【原因代码】: 3
planning system for the optimization of electric field delivery using implanted electrodes for brain tumor control,6FDZK9VR,Planning system for the optimization of electric field delivery using implanted electrodes for brain tumor control,1,【原因代码】: 1
study on the densification drilling mechanism and evaluation system of polyurethane foam as a simulated material for alveolar bone,AF87XDDY,Study on the densification drilling mechanism and evaluation system of polyurethane foam as a simulated material for alveolar bone,3,【原因代码】: 3
platform technologies for regenerative endodontics from multifunctional biomaterials to tooth on a chip strategies,25923KNL,Platform technologies for regenerative endodontics from multifunctional biomaterials to tooth-on-a-chip strategies,2,【原因代码】: 2
remedying infectious bone defects via 3d printing technology,M9JXA2JA,Remedying infectious bone defects via 3D printing technology,1,【原因代码】: 1
full laser enabled clean hierarchical structuring and multifunctional synergy for high performance in vivo 3d printed implants,HVSVPP5G,Full-laser-enabled clean hierarchical structuring and multifunctional synergy for high-performance in vivo 3D-printed implants,3,【原因代码】: 3
in vitro and in vivo evaluation of 3d printed poly ethylene glycol dimethacrylate based photocurable hydrogel platform for bone tissue engineering,4CX3I2NW,In Vitro and In Vivo Evaluation of 3D Printed Poly(Ethylene Glycol) Dimethacrylate-Based Photocurable Hydrogel Platform for Bone Tissue Engineering,1,【原因代码】: 1
label free saliva screening platform using m13 bacteriophage based 3d plasmonic structures for mronj diagnosis,QNGMXXMT,Label-free saliva screening platform using M13 bacteriophage-based 3D plasmonic structures for MRONJ diagnosis,3,【原因代码】: 3
explainable cnn radiomics fusion and ensemble learning for multimodal lesion classification in dental radiographs,4PNISP4D,Explainable CNN-Radiomics Fusion and Ensemble Learning for Multimodal Lesion Classification in Dental Radiographs,3,【原因代码】: 3
accuracy and efficiency of a calibration approach in dynamic navigation for implant placement an in vitro study,KACG2NYI,Accuracy and efficiency of a calibration approach in dynamic navigation for implant placement: An in vitro study,3,【原因代码】: 3
influence of the angulation and insertion depth of implants on the 3d trueness of conventional and digital impressions,RJTHGWR9,Influence of the Angulation and Insertion Depth of Implants on the 3D Trueness of Conventional and Digital Impressions,3,【原因代码】: 3
a novel pancreatic tumor detection and diagnosis using adaptive transresunet aided segmentation and aspp with multi scale efficientnet based classification,ASDW5B4B,A Novel Pancreatic Tumor Detection and Diagnosis Using Adaptive TransResUnet Aided Segmentation and ASPP with Multi-Scale EfficientNet-Based Classification,1,【原因代码】: 1
comparison of the accuracy of implant position among freehand implant placement static and dynamic computer assisted implant surgery in fully edentulous patients a non randomized prospective study,5B8XDKKQ,"Comparison of the accuracy of implant position among freehand implant placement, static and dynamic computer-assisted implant surgery in fully edentulous patients: a non- randomized prospective study",3,【原因代码】: 3
osteogenic nanozymes for diabetic bone regeneration via synergistic antioxidant and osteoinductive functions,3H4DSIRU,Osteogenic Nanozymes for Diabetic Bone Regeneration via Synergistic Antioxidant and Osteoinductive Functions,3,【原因代码】: 3
comparison of immediate implant placement accuracy between novice and experienced operators using aggressive and apical aggressive thread implant with dcais an in vitro model study,I8J9WSTP,Comparison of Immediate Implant Placement Accuracy Between Novice and Experienced Operators Using Aggressive and Apical-Aggressive Thread Implant With dCAIS: An In Vitro Model Study,3,【原因代码】: 3
reconstructing dietary ecology of extinct strepsirrhines primates mammalia with new approaches for characterizing and analyzing tooth shape,JTQCYKPI,"Reconstructing dietary ecology of extinct strepsirrhines (Primates, Mammalia) with new approaches for characterizing and analyzing tooth shape",1,【原因代码】: 1
geometric and dosimetric impact of 3d generative adversarial network based metal artifact reduction algorithm on vmat and impt for the head and neck region,HTI9YI8V,Geometric and dosimetric impact of 3D generative adversarial network-based metal artifact reduction algorithm on VMAT and IMPT for the head and neck region,1,【原因代码】: 1
bilayer fiber reinforced composite hydrogel scaffolds with bioactive glass for bone tissue regeneration,CQJ6U8GK,Bilayer Fiber-Reinforced Composite-Hydrogel Scaffolds With Bioactive Glass for Bone Tissue Regeneration,1,【原因代码】: 1
biomechanical evaluation of prosthetic framework materials in subperiosteal implants a finite element analysis,A2IQLI82,Biomechanical evaluation of prosthetic framework materials in subperiosteal implants: a finite element analysis,3,【原因代码】: 3
automated condylar seating assessment using a deep learning based three step approach,UEXGMEK7,Automated condylar seating assessment using a deep learning-based three-step approach,3,【原因代码】: 3
biomechanics of the tooth cervical region investigated using 3d digital image correlation micro ct and finite element analysis,HN62NC7A,"Biomechanics of the tooth cervical region investigated using 3D digital image correlation, micro CT, and finite element analysis",3,【原因代码】: 3
zirconia endocrown with intracanal extension and zi posts on maxillary molars in silico study,KY63Y6R9,Zirconia endocrown with intracanal extension and zi posts on maxillary molars: in silico study,3,【原因代码】: 3
comparing a knowledge based 3d reconstruction algorithm to tomtec 3d echocardiogram algorithm in measuring left cardiac chamber volumes in the pediatric population,IAU2WQCS,Comparing a knowledge-based 3D reconstruction algorithm to TomTec 3D echocardiogram algorithm in measuring left cardiac chamber volumes in the pediatric population,1,【原因代码】: 1
optimization of resin printing parameters for improved surface roughness using metaheuristic algorithms a multifaceted approach,QRK3VBMA,Optimization of Resin Printing Parameters for Improved Surface Roughness Using Metaheuristic Algorithms: A Multifaceted Approach,3,【原因代码】: 3
accuracy of digital impressions for three unit and four unit implant supported fixed dental prostheses using a novel device,KJCSZZKL,Accuracy of digital impressions for three- unit and four-unit implant supported fixed dental prostheses using a novel device,3,【原因代码】: 3
multiscale 3d whole joint cellular and molecular mapping reveals disease specific neurovascular plasticity underlying the structure pain relationship,URS4TJAG,Multiscale 3D Whole Joint Cellular and Molecular Mapping Reveals Disease-Specific Neurovascular Plasticity Underlying the Structure-Pain Relationship,3,【原因代码】: 3
material discriminating chromatic x ray stationary intraoral computed tomography technology,T5ULN7W4,Material-discriminating chromatic X-ray stationary intraoral computed tomography technology,3,【原因代码】: 3
evaluating a preclinical orthodontic training using haptic enhanced vr simulation system a longitudinal study,TAIBSVUD,Evaluating a preclinical orthodontic training using haptic-enhanced VR simulation system: a longitudinal study,3,【原因代码】: 3
clinical efficacy of maxillary digital removable partial dentures based on direct intraoral scanning and selective laser melting technology a double blind randomized controlled crossover clinical trial,F998RIHV,Clinical efficacy of maxillary digital removable partial dentures based on direct intraoral scanning and selective laser melting technology: a double-blind randomized controlled crossover clinical trial,3,【原因代码】: 3
rankl neutralisation prevents osteoclast activation in a human in vitro ameloblastoma bone model,BPXF2FW7,RANKL neutralisation prevents osteoclast activation in a human in vitro ameloblastoma-bone model,3,【原因代码】: 3
accuracy of dental implant surgery with robotic position feedback and registration algorithm an in vitro study,ZD6BVLA7,Accuracy of dental implant surgery with robotic position feedback and registration algorithm: An in-vitro study,3,【原因代码】: 3
automatic and standardized reporting of perioperative mris in patients with central nervous system tumors,QW9W4XKJ,Automatic and standardized reporting of perioperative MRIs in patients with central nervous system tumors,1,【原因代码】: 1
evaluation of four dimensional computed tomography as a technique for quantifying carpal motion,8NVWKNJM,Evaluation of Four-Dimensional Computed Tomography as a Technique for Quantifying Carpal Motion,1,【原因代码】: 1
an application framework of 3d assessment image registration accuracy and untouched surface area in canal instrumentation laboratory research with micro computed tomography,52HGP6QH,An application framework of 3D assessment image registration accuracy and untouched surface area in canal instrumentation laboratory research with micro-computed tomography,3,【原因代码】: 3
direct inkjet writing type 1 bovine collagen tricalcium phosphate scaffolds for bone regeneration,KT7GJAGK,Direct inkjet writing type 1 bovine collagen/β-tricalcium phosphate scaffolds for bone regeneration,1,【原因代码】: 1
accuracy of intraoral scanning methods for maxillary kennedy class i arch,UBSHIVXV,Accuracy of intraoral scanning methods for maxillary Kennedy class I arch,3,【原因代码】: 3
penetration of inferior alveolar nerve canal increased by bicortical fixation after bilateral sagittal split osteotomy in mandibular prognathism,FLGPJH3R,Penetration of inferior alveolar nerve canal increased by bicortical fixation after bilateral sagittal split osteotomy in mandibular prognathism,3,【原因代码】: 3
self organization of the hematopoietic vascular niche and emergent innate immunity on a chip,HJWH77MB,Self-organization of the hematopoietic vascular niche and emergent innate immunity on a chip,1,【原因代码】: 1
evaluation of mandibular symmetry and morphology in adult patients with unilateral posterior crossbite a cbct study using a surface to surface matching technique,6IJEDW2M,Evaluation of mandibular symmetry and morphology in adult patients with unilateral posterior crossbite: a CBCT study using a surface-to-surface matching technique,3,【原因代码】: 3
automatic prediction of depth of invasion in oral tongue squamous cell carcinoma using a multimodal regression network fusing prior text and anatomical knowledge,Y5SI9D7I,Automatic prediction of depth of invasion in oral tongue squamous cell carcinoma using a multimodal regression network fusing prior text and anatomical knowledge,3,【原因代码】: 3
structural composition of antibacterial zinc doped geopolymers,PIJCZ274,Structural composition of antibacterial zinc-doped geopolymers,1,【原因代码】: 1
3d printed colloidal crystal hydrogel crown fused with machine learning integrated resistance strain sensor for pressure sensing,BTXDV477,3D-Printed Colloidal Crystal Hydrogel Crown Fused with Machine Learning-Integrated Resistance Strain Sensor for Pressure Sensing,3,【原因代码】: 3
highfold med2 an enhanced boltz 2 model for accurate structure prediction of n methylated and d amino acid cyclic peptides,CJ4X3HIL,HighFold-MeD2: An Enhanced Boltz-2 Model for Accurate Structure Prediction of N-Methylated and d-Amino Acid Cyclic Peptides,1,【原因代码】: 1
effect of implant shape and length on the accuracy of robot assisted immediate implant surgery an in vitro study,KG6ATNQX,Effect of implant shape and length on the accuracy of robot-assisted immediate implant surgery: An in vitro study,3,【原因代码】: 3
rgd peptide based hydrogel enhances the osteogenic differentiation of periodontal ligament stem cells via wnt signaling,UQ82SCUG,RGD Peptide-Based Hydrogel Enhances the Osteogenic Differentiation of Periodontal Ligament Stem Cells via Wnt Signaling,3,【原因代码】: 3
patient reported outcomes and framework fit accuracy of removable partial dentures fabricated using digital techniques a systematic review and meta analysis,CVJSTDZ9,Patient-reported outcomes and framework fit accuracy of removable partial dentures fabricated using digital techniques: A systematic review and meta-analysis,2,【原因代码】: 2
biomaterialomics data science driven pathways to develop fourth generation biomaterials,7ANUKW4R,Biomaterialomics: Data science-driven pathways to develop fourth-generation biomaterials,2,【原因代码】: 2
improving accuracy and efficiency of the machined peek denture based on nsga ii integrated gabp neural network,XTXGD7BC,Improving accuracy and efficiency of the machined PEEK denture based on NSGA-II integrated GABP neural network,3,【原因代码】: 3
engineering materials and devices for the prevention diagnosis and treatment of covid 19 and infectious diseases,T5PIL2ZE,"Engineering Materials and Devices for the Prevention, Diagnosis, and Treatment of COVID-19 and Infectious Diseases",1,【原因代码】: 1
dentalarch ai based arch shape detection in orthodontics,EZJLMVRU,DentalArch: AI-Based Arch Shape Detection in Orthodontics,3,【原因代码】: 3
mri radiomics a machine learning approach for the risk stratification of endometrial cancer patients,IXRPPF5V,MRI radiomics: A machine learning approach for the risk stratification of endometrial cancer patients,1,【原因代码】: 1
a speech bulb prosthesis for a soft palate defect with a polyetherketoneketone pekk framework fabricated by multiple digital techniques a clinical report,49AWWJ26,A speech bulb prosthesis for a soft palate defect with a polyetherketoneketone (PEKK) framework fabricated by multiple digital techniques: A clinical report,3,【原因代码】: 3
positron emission tomography based intratumoral spatial diversity for prognosis in nasopharyngeal carcinoma,WXVAEGB8,Positron emission tomography-based intratumoral spatial diversity for prognosis in nasopharyngeal carcinoma,1,【原因代码】: 1
deep learning based detection of the second mesiobuccal canal in maxillary first molars using cone beam computed tomography,SGLXSTFU,Deep learning-based detection of the second mesiobuccal canal in maxillary first molars using cone-beam computed tomography,3,【原因代码】: 3
refined in vivo model for bone regeneration insights into scaffold architecture and porosity,SSWKLZ92,Refined in vivo model for bone regeneration: insights into scaffold architecture and porosity,1,【原因代码】: 1
complete 3d kinematics parameters of the temporo mandibular joints using in vivo data fusion,27GSFABH,Complete 3D Kinematics Parameters of the Temporo-Mandibular Joints Using in Vivo Data Fusion,3,【原因代码】: 3
optimized design of a tooth simulating screw for enhanced accuracy in robot assisted implant placement in completely edentulous jaws,6V6YHWRX,Optimized design of a tooth-simulating screw for enhanced accuracy in robot-assisted implant placement in completely edentulous jaws,3,【原因代码】: 3
advances in neoteric modular tissue engineering strategies for regenerative dentistry,DZH7NH4V,Advances in neoteric modular tissue engineering strategies for regenerative dentistry,2,【原因代码】: 2
smartphone and tablet based 3d scanner for anthropometric assessments in adults a systematic review of reliability validity and accuracy,MW6S9KL4,"Smartphone and tablet-based 3D scanner for anthropometric assessments in adults: a systematic review of reliability, validity, and accuracy",1,【原因代码】: 1
multi printhead parallel printing of polycaprolactone barrier filler integrated scaffolds for alveolar bone repair,A3LE5SCX,Multi-Printhead Parallel Printing of Polycaprolactone Barrier/Filler-Integrated Scaffolds for Alveolar Bone Repair,3,【原因代码】: 3
deep learning based automatic measurement of the distance between the maxillary sinus and maxillary posterior teeth on cbct images,3NFN4EA2,Deep-Learning-Based Automatic Measurement of the Distance Between the Maxillary Sinus and Maxillary Posterior Teeth on CBCT Images,3,【原因代码】: 3
accuracy of immediately placed implants using surgical guides from different 3 dimensional printers an in vitro study,G3QQG2SA,Accuracy of immediately placed implants using surgical guides from different 3-dimensional printers: An in vitro study,3,【原因代码】: 3
role of cone beam computed tomography cbct in obstructive sleep apnea osa a comprehensive review,K9UPHLXJ,Role of Cone-Beam Computed Tomography (CBCT) in Obstructive Sleep Apnea (OSA): A Comprehensive Review,2,【原因代码】: 2
biomechanical analysis of different pacifiers and their effects on the upper jaw and tongue,QAQKMGUW,Biomechanical Analysis of Different Pacifiers and Their Effects on the Upper Jaw and Tongue,3,【原因代码】: 3
3d engineered human gingiva fabricated with electrospun collagen scaffolds provides a platform for in vitro analysis of gingival seal to abutment materials,GEREGG8M,3D engineered human gingiva fabricated with electrospun collagen scaffolds provides a platform for in vitro analysis of gingival seal to abutment materials,3,【原因代码】: 3
deep learning based prediction of mandibular growth trend in children with anterior crossbite using cephalometric radiographs,NPX3F9WI,Deep learning-based prediction of mandibular growth trend in children with anterior crossbite using cephalometric radiographs,3,【原因代码】: 3
bone multicellular unit on a chip bmu chip subjected to cyclic mechanical loading,4GNRU9LC,Bone Multicellular Unit on a Chip (BMU-Chip) Subjected to Cyclic Mechanical Loading,1,【原因代码】: 1
automated planning of mandible reconstruction with fibula free flap based on shape completion and morphometric descriptors,9WHDZH6I,Automated planning of mandible reconstruction with fibula free flap based on shape completion and morphometric descriptors,3,【原因代码】: 3
effect of injection guide design on the accuracy of direct composite veneers an in vitro study,MW5FQLAK,Effect of Injection Guide Design on the Accuracy of Direct Composite Veneers: An In Vitro Study,3,【原因代码】: 3
progress of multimodal imaging bridging orthodontics to comprehensive oral multidisciplinary care,R7FR4WT9,Progress of Multimodal Imaging: Bridging Orthodontics to Comprehensive Oral Multidisciplinary Care,2,【原因代码】: 2
patch based convolutional neural networks for automatic landmark detection of 3d facial images in clinical settings,UQQICCU6,Patch-based convolutional neural networks for automatic landmark detection of 3D facial images in clinical settings,3,【原因代码】: 3
skin viscoelasticity as a predictor of optimal facial prosthesis design using 4d facial expression modeling,NFEQYJAL,Skin viscoelasticity as a predictor of optimal facial prosthesis design using 4D facial expression modeling,3,【原因代码】: 3
yolov5 attention analysis for anterior eye disease classification grad cam plus plus feature importance and cut and paste validation,HV33DHUQ,YOLOv5 Attention Analysis for Anterior Eye Disease Classification: Grad-CAM plus plus Feature Importance and Cut-and-Paste Validation,1,【原因代码】: 1
prediction of orthognathic surgery plan from 3d cephalometric analysis via deep learning,AUL932PG,Prediction of orthognathic surgery plan from 3D cephalometric analysis via deep learning,3,【原因代码】: 3
from digital planning to surgical precision assessing the accuracy of nemofab in orthognathic surgery,Y3YC87XA,From Digital Planning to Surgical Precision: Assessing the Accuracy of NemoFAB in Orthognathic Surgery,3,【原因代码】: 3
explainable machine learning algorithm for classifying resting state functional mri in amyotrophic lateral sclerosis,IFMITIYW,Explainable machine learning algorithm for classifying resting-state functional MRI in amyotrophic lateral sclerosis,1,【原因代码】: 1
versatile microfluidics for biofabrication platforms enabled by an agile and inexpensive fabrication pipeline,9UREPCYD,Versatile Microfluidics for Biofabrication Platforms Enabled by an Agile and Inexpensive Fabrication Pipeline,1,【原因代码】: 1
the influence of radiographic marker registration versus a markerless trace registration method on the implant placement accuracy achieved by dynamic computer assisted implant surgery an in vitro study,EY5PW2ZD,The influence of radiographic marker registration versus a markerless trace registration method on the implant placement accuracy achieved by dynamic computer-assisted implant surgery. An in-vitro study,3,【原因代码】: 3
radiomic biomarkers of locoregional recurrence prognostic insights from oral cavity squamous cell carcinoma preoperative ct scans,2TSB6AS5,Radiomic biomarkers of locoregional recurrence: prognostic insights from oral cavity squamous cell carcinoma preoperative CT scans,3,【原因代码】: 3
physical characterization of therapeutic proton delivery through common dental materials,AE93R3LY,Physical characterization of therapeutic proton delivery through common dental materials,1,【原因代码】: 1
unveiling the power of artificial intelligence for image based diagnosis and treatment in endodontics an ally or adversary,CD63K8E4,Unveiling the power of artificial intelligence for image-based diagnosis and treatment in endodontics: An ally or adversary?,2,【原因代码】: 2
assessment of occlusal contacts recorded with the medit intraoral scanner vs exocad software,NDU69W2E,Assessment of Occlusal Contacts Recorded with the Medit Intraoral Scanner vs. Exocad Software,3,【原因代码】: 3
survival prediction in non small cell lung cancer using layer wise radiomics and stacked radscore integration a multi institutional study,CNBNDITS,Survival prediction in non-small cell lung cancer using layer-wise radiomics and stacked radscore integration: a multi-institutional study,1,【原因代码】: 1
comparison of accuracy of fit of three unit fixed ceramic cobalt chromium dental prostheses fabricated by three different techniques,RMPM2EHR,Comparison of Accuracy of Fit of Three-Unit Fixed Ceramic Cobalt-Chromium Dental Prostheses Fabricated by Three Different Techniques,3,【原因代码】: 3
digital image correlation in dental materials and related research a review,5DBUDE5I,Digital image correlation in dental materials and related research: A review,2,【原因代码】: 2
anionic citrate based 3d printed scaffolds for tunable and sustained orthobiologic delivery to enhance tissue regeneration,3DVCKSND,Anionic Citrate-Based 3D-Printed Scaffolds for Tunable and Sustained Orthobiologic Delivery to Enhance Tissue Regeneration,1,【原因代码】: 1
3d printed indirect bonding trays transfer accuracy of bar vs shell design in a prospective randomized clinical trial,X6MQB5ZG,"3D printed indirect bonding trays: transfer accuracy of bar vs shell design in a prospective, randomized clinical trial",3,【原因代码】: 3
quantifying symmetry in mandibular condyle motion a real time mri approach,HQE7BQ7H,Quantifying symmetry in mandibular condyle motion: a real-time MRI approach,3,【原因代码】: 3
organoid models through the lens of metabolomics a systematic review of experimental applications and analytical approaches,BIXA89V9,Organoid models through the lens of metabolomics: a systematic review of experimental applications and analytical approaches,1,【原因代码】: 1
a low cost wireless bite force measurement device,B8ZTR89F,A Low-Cost Wireless Bite Force Measurement Device,3,【原因代码】: 3
machine learning models for differentiating benign and malignant breast masses integrating automated breast volume scanning intra tumoral peri tumoral features and clinical information,QIULYBZU,"Machine-learning models for differentiating benign and malignant breast masses: Integrating automated breast volume scanning intra-tumoral, peri-tumoral features, and clinical information",1,【原因代码】: 1
nose approximation among south african groups from cone beam computed tomography cbct using a new computer assisted method based on automatic landmarking,QTQBEXXK,Nose approximation among South African groups from cone-beam computed tomography (CBCT) using a new computer-assisted method based on automatic landmarking,1,【原因代码】: 1
nntv gs a fast reconstruction method combining nearest neighbor total variation and gaussian splatting in dental offset detector cbct,4ZQQ9JAN,NNTV-GS: a fast reconstruction method combining nearest neighbor total variation and Gaussian splatting in dental offset detector CBCT,3,【原因代码】: 3
bidirectional prediction of facial and bony shapes for orthognathic surgical planning,9R87DLWP,Bidirectional prediction of facial and bony shapes for orthognathic surgical planning,3,【原因代码】: 3
construction of dentin on a chip based on microfluidic technology and tissue engineering,55HV4G8T,Construction of dentin-on-a-chip based on microfluidic technology and tissue engineering,3,【原因代码】: 3
the preliminary in vitro study and application of deep learning algorithm in cone beam computed tomography image implant recognition,D47HL2MJ,The preliminary in vitro study and application of deep learning algorithm in cone beam computed tomography image implant recognition,3,【原因代码】: 3
evaluation of the stress levels of different implant treatment options in extremely atrophic maxillae by finite element analysis method,3RZFY4WX,Evaluation of the Stress Levels of Different Implant Treatment Options in Extremely Atrophic Maxillae by Finite Element Analysis Method,3,【原因代码】: 3
advanced 3d imaging and organoid bioprinting for biomedical research and therapeutic applications,TFPARTRL,Advanced 3D imaging and organoid bioprinting for biomedical research and therapeutic applications,1,【原因代码】: 1
positional trueness of three removable die designs with different root geometries manufactured using stereolithographic 3d printing,NLELJUTF,Positional trueness of three removable die designs with different root geometries manufactured using stereolithographic 3D printing,3,【原因代码】: 3
a hybrid approach combining dual energy and inpainting methods for metal artifact reduction in dentomaxillofacial cbct a proof of concept phantom study,E8EEWYKI,A Hybrid Approach Combining Dual-Energy and Inpainting Methods for Metal Artifact Reduction in Dentomaxillofacial CBCT: A Proof-of-Concept Phantom Study,3,【原因代码】: 3
quantitative 3d imaging of the cranial microvascular environment at single cell resolution,B74HA57S,Quantitative 3D imaging of the cranial microvascular environment at single-cell resolution,3,【原因代码】: 3
open source 3d printable iol holder for detailed smartphone based anterior segment photography,QVUWC6BB,"Open-source, 3D printable IOL holder for detailed, smartphone-based anterior segment photography",1,【原因代码】: 1
novel method for 3d volume evaluation of the intracardiac leads using iterative metal artifact reduction technique in computed tomography,EFLB9EYW,Novel method for 3D volume evaluation of the intracardiac leads using iterative metal artifact reduction technique in computed tomography,1,【原因代码】: 1
xenogenic implantation of human mesenchymal stromal cells using a novel 3d printed scaffold of plga and graphene leads to a significant increase in bone mineralization in a rat segmental femoral bone defect,AL8SFYW7,Xenogenic Implantation of Human Mesenchymal Stromal Cells Using a Novel 3D-Printed Scaffold of PLGA and Graphene Leads to a Significant Increase in Bone Mineralization in a Rat Segmental Femoral Bone Defect,1,【原因代码】: 1
a modified deep learning model in the classification of post covid 19 lung disease and a comparative study on iranian and international databases,N4DE7DW7,A modified deep learning model in the classification of post-COVID-19 lung disease and a comparative study on Iranian and international databases,1,【原因代码】: 1
automatic prediction of obstructive sleep apnea in patients with temporomandibular disorder based on multidata and machine learning,P6D7ZQCF,Automatic prediction of obstructive sleep apnea in patients with temporomandibular disorder based on multidata and machine learning,3,【原因代码】: 3
tooth mesh repair method based on side length area constraint and dihedral angle driven subdivision,57CPEZ6K,Tooth mesh repair method based on side length-area constraint and dihedral angle driven subdivision,3,【原因代码】: 3
protease responsive protein hydrogel enabling spatiotemporal clo2 release for precision treatment of intracellular infections and periodontitis,DFBH82QS,Protease-responsive protein hydrogel enabling spatiotemporal ClO2 release for precision treatment of intracellular infections and periodontitis,3,【原因代码】: 3
quantum inspired fused explainable deep learning framework for early enamel caries classification in intraoral photographs,6IZZFBWY,Quantum-inspired fused explainable deep learning framework for early enamel caries classification in intraoral photographs,3,【原因代码】: 3
a 10 step digital workflow for immediate implant placement and loading in terminal dentition patients,YUUM6JTQ,A 10-Step Digital Workflow for Immediate Implant Placement and Loading in Terminal Dentition Patients,3,【原因代码】: 3
customized virtual simulation platform for practicing root canal filling in undergraduate preclinical course,8IRK2KSP,Customized Virtual Simulation Platform for Practicing Root Canal Filling in Undergraduate Preclinical Course,3,【原因代码】: 3
higher order sonification of the human brain,88NX4TJX,Higher-order sonification of the human brain,1,【原因代码】: 1
a machine learning pipeline for cusp height prediction in worn lower molars methodological proof of concept and validation across homo,WMXWH3IN,A Machine Learning Pipeline for Cusp Height Prediction in Worn Lower Molars: Methodological Proof-of-Concept and Validation Across Homo,3,【原因代码】: 3
improved tooth crown edge smoothing method based on noise classification and fitting,KMX2BFHT,Improved Tooth Crown Edge Smoothing Method Based on Noise Classification and Fitting,3,【原因代码】: 3
is all on four effective in case of partial mandibular resection a 3d finite element study,CC9R3U63,Is All-on-four effective in case of partial mandibular resection? A 3D finite element study,3,【原因代码】: 3
ai based evaluation of implant abutment screw torque decay a periapical radiograph pilot study,NKKYIYAE,AI-based evaluation of implant abutment screw torque decay: A periapical radiograph pilot study,3,【原因代码】: 3
influence of planning software and template design on the accuracy of static computer assisted implant surgery performed using guides fabricated with material extrusion technology an in vitro study,JTZRXANB,Influence of planning software and template design on the accuracy of static computer assisted implant surgery performed using guides fabricated with material extrusion technology: An in vitro study,3,【原因代码】: 3
microstructural heterogeneity of the collagenous network in the loaded and unloaded periodontal ligament and its biomechanical implications,JJD2I8Q6,Microstructural heterogeneity of the collagenous network in the loaded and unloaded periodontal ligament and its biomechanical implications,3,【原因代码】: 3
a novel probabilistic and 3d column p300 stimulus presentation paradigm for eeg based spelling systems,W8WPQ4EQ,A novel probabilistic and 3D column P300 stimulus presentation paradigm for EEG-based spelling systems,1,【原因代码】: 1
study on 3d printed mxene berberine integrated scaffold for photo activated antibacterial activity and bone regeneration,T6EQ48WZ,Study on 3D printed MXene-berberine-integrated scaffold for photo-activated antibacterial activity and bone regeneration,3,【原因代码】: 3
deep learning based identification and maturation assessment of the zygomaticomaxillary suture in cone beam computed tomography images,BIBE7LVS,Deep learning-based identification and maturation assessment of the zygomaticomaxillary suture in cone-beam computed tomography images,3,【原因代码】: 3
generation and characterisation of a humanised glp 1 receptor mouse model for translational drug development,3Y9BEUQY,Generation and characterisation of a humanised GLP-1 receptor mouse model for translational drug development,1,【原因代码】: 1
interfacial diffusion regulation via a self reinforcing mgo sodium alginate gallium hybrid coating on magnesium for enhanced tissue induced regeneration,MQNDTQ9B,Interfacial diffusion regulation via a self-reinforcing MgO/sodium alginate/ gallium hybrid coating on magnesium for enhanced tissue-induced regeneration,3,【原因代码】: 3
comparison of the accuracy of removable partial denture frameworks fabricated using conventional and digital impressions a clinical study,37R7W5UU,Comparison of the accuracy of removable partial denture frameworks fabricated using conventional and digital impressions: a clinical study,3,【原因代码】: 3
injectable hyaluronic acid based hydrogels with carbon dots and an iron complex for embolization,KV7YFH57,Injectable hyaluronic acid-based hydrogels with carbon dots and an iron complex for embolization,1,【原因代码】: 1
hololens platform for healthcare professionals simulation training teaching and its urological applications an up to date review,TM73BD3Y,"HoloLens? platform for healthcare professionals simulation training, teaching, and its urological applications: an up-to-date review",2,【原因代码】: 2
osteogenic potential of 3d printed porous poly lactide co trimethylene carbonate scaffolds coated with mg doped hydroxyapatite,33Z49IEH,Osteogenic Potential of 3D-Printed Porous Poly(lactide-co-trimethylene carbonate) Scaffolds Coated with Mg-Doped Hydroxyapatite,1,【原因代码】: 1
in vitro evaluation of surface cleaning methods in two different implant defect angulations a pilot study,8NQJVCNB,In vitro evaluation of surface cleaning methods in two different implant defect angulations: a pilot study,3,【原因代码】: 3
fully automated 3d segmentation of periapical lesions on cbct images using nnu net v2,KBURGWIJ,Fully automated 3D segmentation of periapical lesions on CBCT images using nnU-Net v2,3,【原因代码】: 3
digital workflow in implant prosthodontics the critical aspects for reliable accuracy,EN2MHM36,Digital workflow in implant prosthodontics: The critical aspects for reliable accuracy,2,【原因代码】: 2
a clinical risk assessment of a 3d printed patient specific scaffold by failure modes and effects analysis,P7IJ8IVV,A Clinical Risk Assessment of a 3D-Printed Patient-Specific Scaffold by Failure Modes and Effects Analysis,3,【原因代码】: 3
prediction of radiation pneumonitis after crt in patients with advanced nsclc using multi region radiomics and attention based ensemble learning,5M32RDJ9,Prediction of radiation pneumonitis after CRT in patients with advanced NSCLC using multi-region radiomics and attention-based ensemble learning,1,【原因代码】: 1
construction and modeling of a coculture microplate for real time measurement of microbial interactions,STFCTCD2,Construction and Modeling of a Coculture Microplate for Real-Time Measurement of Microbial Interactions,1,【原因代码】: 1
precision optimized process control in dlp printing of ultra thin zirconia prostheses a multi factor accuracy analysis,BTIMYQVX,Precision-optimized process control in DLP printing of ultra-thin zirconia prostheses: A multi-factor accuracy analysis,3,【原因代码】: 3
effect of bur grit size on the marginal adaptation of glass ceramic restorations,K627ZTL9,Effect of bur grit size on the marginal adaptation of glass ceramic restorations,3,【原因代码】: 3
the bio restorative concept for implant supported restorations,H2NHEP4A,The Bio-Restorative Concept for Implant-Supported Restorations,2,【原因代码】: 2
the efficacy of immediate implant placement in the anterior maxilla with dehiscence in the facial alveolar bone a case series,U988KAR7,The efficacy of immediate implant placement in the anterior maxilla with dehiscence in the facial alveolar bone: A case series,3,【原因代码】: 3
technical note automatic segmentation of ct images for ventral body composition analysis,WAYS2G79,Technical Note: Automatic segmentation of CT images for ventral body composition analysis,1,【原因代码】: 1
reduced graphene oxide loaded with tetrahedral framework nucleic acids for combating orthodontically induced root resorption,6LPJ3GYL,Reduced graphene oxide loaded with tetrahedral framework nucleic acids for combating orthodontically induced root resorption,3,【原因代码】: 3
physics driven computational multispectral imaging for accurate color measurement,WQ43MFDP,Physics-Driven Computational Multispectral Imaging for Accurate Color Measurement,3,【原因代码】: 3
evaluating the effect of pore size for 3d printed bone scaffolds,SZNPBGT5,Evaluating the effect of pore size for 3d-printed bone scaffolds,1,【原因代码】: 1
chairside applicable ms fgelma hydrogel with enhanced osteogenesis and mechanical adaptability for alveolar ridge preservation,U9JDHKQD,Chairside-applicable MS/FGelMA hydrogel with enhanced osteogenesis and mechanical adaptability for alveolar ridge preservation,3,【原因代码】: 3
engineering function in lung biology integrating imaging regenerative constructs and functional biodesign,X5I9XSAI,"Engineering function in lung biology: integrating imaging, regenerative constructs, and functional biodesign",1,【原因代码】: 1
mixed reality as a digital visualisation solution for the head and neck tumour board application creation and implementation study,TY5VT4UV,Mixed Reality as a Digital Visualisation Solution for the Head and Neck Tumour Board: Application Creation and Implementation Study,1,【原因代码】: 1
in vitro and in vivo accuracy of autonomous robotic vs fully guided static computer assisted implant surgery,8S49AU3F,In vitro and in vivo accuracy of autonomous robotic vs. fully guided static computer-assisted implant surgery,3,【原因代码】: 3
dynamic navigation may be used for most implant surgery scenarios due to its satisfactory accuracy,58D7NV25,DYNAMIC NAVIGATION MAY BE USED FOR MOST IMPLANT SURGERY SCENARIOS DUE TO ITS SATISFACTORY ACCURACY,2,【原因代码】: 2
injectable aba triblock copolyether hydrogel for dental implant mediated drug delivery,LQVKL9I3,Injectable ABA Triblock Copolyether Hydrogel for Dental Implant-Mediated Drug Delivery,3,【原因代码】: 3
repair of infected bone defect with clindamycin tetrahedral dna nanostructure complex loaded 3d bioprinted hybrid scaffold,TMSIYDP5,Repair of infected bone defect with Clindamycin-Tetrahedral DNA nanostructure Complex-loaded 3D bioprinted hybrid scaffold,1,【原因代码】: 1
enhance stereo dic in low quality speckle pattern by cross scale stereo matching with application in dental crack detection,JER44APL,Enhance stereo-DIC in low quality speckle pattern by cross-scale stereo matching with application in dental crack detection,3,【原因代码】: 3
harmonization of protocols for multi species organoid platforms to study the intestinal biology of toxoplasma gondii and other protozoan infections,BZ9HE4MG,Harmonization of Protocols for Multi-Species Organoid Platforms to Study the Intestinal Biology of Toxoplasma gondii and Other Protozoan Infections,1,【原因代码】: 1
deep learning neural networks to differentiate stafne s bone cavity from pathological radiolucent lesions of the mandible in heterogeneous panoramic radiography,QRGXM3KI,Deep learning neural networks to differentiate Stafne's bone cavity from pathological radiolucent lesions of the mandible in heterogeneous panoramic radiography,3,【原因代码】: 3
redefining root canal shaping from size to volume the functional endodontic volume concept,HQHHCSHI,Redefining Root Canal Shaping: From Size to Volume-The Functional Endodontic Volume Concept,2,【原因代码】: 2
3d peri implant epi mucosa on a chip reveals alterations in epithelial barrier function mediated by host bacteria biomaterial interactions,UJBABLJ7,3D Peri-Implant Epi-Mucosa-on-a-Chip Reveals Alterations in Epithelial Barrier Function Mediated by Host-Bacteria-Biomaterial Interactions,3,【原因代码】: 3
cone beam computed tomography based grading system for oropharyngeal airway narrowing a novel diagnostic framework for multidisciplinary clinical use,2VRLCV5S,Cone-beam computed tomography-based grading system for oropharyngeal airway narrowing: a novel diagnostic framework for multidisciplinary clinical use,3,【原因代码】: 3
spatiotemporally orchestrated bone healing a composite scaffold system for sequential hemostasis and osteogenesis,3ERPLNPN,Spatiotemporally Orchestrated Bone Healing: A Composite Scaffold System for Sequential Hemostasis and Osteogenesis,1,【原因代码】: 1
instantaneous center of rotation the first step to build up the digital laboratory of complex motions,PZLBG7A6,"Instantaneous center of rotation, the first step to build up the digital laboratory of complex motions",3,【原因代码】: 3
three dimensional volumetric analysis of frontal ethmoidal cells and evaluation of influential factors a helical computed tomography study,P8WWLP4V,Three-Dimensional Volumetric Analysis of Frontal Ethmoidal Cells and Evaluation of Influential Factors: A Helical Computed Tomography Study,1,【原因代码】: 1
design and implement strategy of wireless bite force device,62V28LZT,Design and Implement Strategy of Wireless Bite Force Device,3,【原因代码】: 3
surface roughness of high performance polymers used for fixed implant supported prostheses,VTNU2Q8E,Surface roughness of high-performance polymers used for fixed implant-supported prostheses,3,【原因代码】: 3
effect of printing parameters on the surface roughness and dimensional accuracy of digital light processing fabricated parts,B7WH597W,Effect of Printing Parameters on the Surface Roughness and Dimensional Accuracy of Digital Light Processing Fabricated Parts,3,【原因代码】: 3
noncarious cervical lesions in the aging population analyzed through digital scanning occlusal risk factors dimensions and morphology,B3ERSAXL,"Noncarious cervical lesions in the aging population analyzed through digital scanning: occlusal risk factors, dimensions, and morphology",3,【原因代码】: 3
artificial intelligence in the laminate veneer workflow a systematic review and meta analysis of accuracy efficiency and esthetic predictability,CDNLUSS8,"Artificial Intelligence in the Laminate-Veneer Workflow: A Systematic Review and Meta-Analysis of Accuracy, Efficiency, and Esthetic Predictability",2,【原因代码】: 2
photogrammetry based stereoscopic optode registration method for functional near infrared spectroscopy,HKXNTJY6,Photogrammetry-based stereoscopic optode registration method for functional near-infrared spectroscopy,1,【原因代码】: 1
flexible multibody approaches for simulating the deflection and contact mechanics of toothbrush bristles modelling and testing,2R6WAHXA,Flexible multibody approaches for simulating the deflection and contact mechanics of toothbrush bristles: modelling and testing,3,【原因代码】: 3
immediately loaded fp 1 interim fixed implant prosthesis for a patient with amelogenesis imperfecta using photogrammetry and a same day 3d printing protocol a clinical report,V6PLFDEB,Immediately loaded FP-1 interim fixed implant prosthesis for a patient with amelogenesis imperfecta using photogrammetry and a same day 3D printing protocol: A clinical report,2,【原因代码】: 2
meniscus explants as a platform for evaluating cell based strategies for avascular meniscus repair a literature review,WC5CA4H3,Meniscus Explants as a Platform for Evaluating Cell-Based Strategies for Avascular Meniscus Repair: A Literature Review,1,【原因代码】: 1
deepdti high fidelity six direction diffusion tensor deep learning,YAYRKZLZ,DeepDTI: High-fidelity six-direction diffusion tensor deep learning,1,【原因代码】: 1
normal growth sexual dimorphism and lateral asymmetries at fetal brain mri,4DYJD7NR,"Normal Growth, Sexual Dimorphism, and Lateral Asymmetries at Fetal Brain MRI",1,【原因代码】: 1
eccentric movements of temporomandibular joint and upper airway volume three dimensional segmentation using cone beam computed tomography,ZLNYC3X4,Eccentric movements of temporomandibular joint and upper airway volume: Three-dimensional segmentation using cone beam computed tomography,3,【原因代码】: 3
multi analytical framework to assess the in vitro swallowability of solid oral dosage forms targeting patient acceptability and adherence,Z5PW9R3S,Multi-Analytical Framework to Assess the In Vitro Swallowability of Solid Oral Dosage Forms Targeting Patient Acceptability and Adherence,1,【原因代码】: 1
mandibular stability and condylar changes following orthognathic surgery in mandibular hypoplasia patients associated with preoperative condylar resorption,ZPAI37L6,Mandibular stability and condylar changes following orthognathic surgery in mandibular hypoplasia patients associated with preoperative condylar resorption,3,【原因代码】: 3
extraction of 3d trajectories of mandibular condyles from 2d real time mri,52XQ7XHB,Extraction of 3D trajectories of mandibular condyles from 2D real-time MRI,3,【原因代码】: 3
clinical accuracy of three intraoral scanners for determining an increased vertical dimension of occlusion a pilot study,VSFK7GD6,Clinical accuracy of three intraoral scanners for determining an increased vertical dimension of occlusion: A pilot study,3,【原因代码】: 3
arthronavi framework stereo endoscope guided instrument localization for arthroscopic minimally invasive surgeries,C2PA3TK7,ArthroNavi framework: stereo endoscope-guided instrument localization for arthroscopic minimally invasive surgeries,1,【原因代码】: 1
landscape of tooth regeneration research a dual database bibliometric analysis,PUNIEIE6,Landscape of Tooth Regeneration Research: A Dual-Database Bibliometric Analysis,2,【原因代码】: 2
influence of framework material on the global and region specific fabrication accuracy and fit of 3 unit screw retained implant frameworks,27MWKWPV,Influence of framework material on the global and region-specific fabrication accuracy and fit of 3-unit screw-retained implant frameworks,3,【原因代码】: 3
effect of different cad cam milling and 3d printing digital fabrication techniques on the accuracy of pmma working models and vertical marginal fit of pmma provisional dental prosthesis an in vitro study,DLN24UBD,Effect of Different CAD/CAM Milling and 3D Printing Digital Fabrication Techniques on the Accuracy of PMMA Working Models and Vertical Marginal Fit of PMMA Provisional Dental Prosthesis: An In Vitro Study,3,【原因代码】: 3
critical roles of fgf ra and wnt signalling in the development of the human otic placode and subsequent lineages in a dish,QN6MR28B,"Critical roles of FGF, RA, and WNT signalling in the development of the human otic placode and subsequent lineages in a dish",1,【原因代码】: 1
intelligent geometry compensation for additive manufactured oral maxillary stent by genetic algorithm and backpropagation network,QHUP7V97,Intelligent geometry compensation for additive manufactured oral maxillary stent by genetic algorithm and backpropagation network,3,【原因代码】: 3
evaluation of root angulations through panoramic films using artificial intelligence,AAF545N2,Evaluation of Root Angulations Through Panoramic Films Using Artificial Intelligence,3,【原因代码】: 3
explainable deep learning framework for classifying mandibular fractures on panoramic radiographs,NZXWSQ9R,Explainable Deep Learning Framework for Classifying Mandibular Fractures on Panoramic Radiographs,3,【原因代码】: 3
conservation of pyramidal tract in radiosurgery for brain metastases of lung adenocarcinoma three dimensional analysis of biologically effective dose,C2P5C3Y8,Conservation of pyramidal tract in radiosurgery for brain metastases of lung adenocarcinoma: Three-dimensional analysis of biologically effective dose,1,【原因代码】: 1
x ray microtomographic evaluation of the absolute marginal fit of fixed prostheses made from soft co cr and zirconia,RJLY54ML,X-ray microtomographic evaluation of the absolute marginal fit of fixed prostheses made from soft Co-Cr and zirconia,3,【原因代码】: 3
interpretable two stage deep learning for pediatric obstructive sleep apnea diagnosis using lateral cephalograms,7XYUKH88,Interpretable two-stage deep learning for pediatric obstructive sleep apnea diagnosis using lateral cephalograms,3,【原因代码】: 3
evaluation of accuracy of photogrammetry with 3d scanning and conventional impression method for craniomaxillofacial defects using a software analysis,64LU2QXD,Evaluation of accuracy of photogrammetry with 3D scanning and conventional impression method for craniomaxillofacial defects using a software analysis,2,【原因代码】: 2
innovative 3d printed dental teaching model for root canal treatment simulation,8URSL2ZJ,Innovative 3D-printed dental teaching model for root canal treatment simulation,3,【原因代码】: 3
three dimensional finite element analysis of full arch implant supported dental restorations complete vs segmented frameworks,RLHZZQIF,Three-dimensional finite element analysis of full-arch implant-supported dental restorations: complete vs. segmented frameworks,3,【原因代码】: 3
customized flexible osteoid electrode for traumatic brain injury induced posttraumatic epilepsy monitoring,6LNYCSEG,Customized Flexible Osteoid Electrode for Traumatic Brain Injury Induced Posttraumatic Epilepsy Monitoring,1,【原因代码】: 1
relation between cad dimensional parameters and framework fracture in zirconia full arch implant rehabilitation an observational cohort study,6JHD55S3,Relation between CAD dimensional parameters and framework fracture in zirconia full arch implant rehabilitation: An observational cohort study,3,【原因代码】: 3
morphology and function dual adjustable biomimetic 4d printed scaffold for the regenerative restoration of complex bone defects,TLW8WS3P,Morphology and Function Dual-Adjustable Biomimetic 4D-Printed Scaffold for the Regenerative Restoration of Complex Bone Defects,3,【原因代码】: 3
a new deep learning algorithm for detecting spinal metastases on computed tomography images,4MS9MATQ,A New Deep Learning Algorithm for Detecting Spinal Metastases on Computed Tomography Images,1,【原因代码】: 1
bayesian prediction of multivariate ecology from phenotypic data yields new insights into the diets of extant and extinct taxa,GCESDLZC,Bayesian Prediction of Multivariate Ecology from Phenotypic Data Yields New Insights into the Diets of Extant and Extinct Taxa,1,【原因代码】: 1
three dimensional tooth model reconstruction using statistical randomization based particle swarm optimization,2M6V9TT2,Three-Dimensional Tooth Model Reconstruction Using Statistical Randomization-Based Particle Swarm Optimization,3,【原因代码】: 3
microrobotics for precision biofilm diagnostics and treatment,ZGJK5PD2,Microrobotics for Precision Biofilm Diagnostics and Treatment,3,【原因代码】: 3
clinical feasibility of deep learning based automatic head cbct image segmentation and landmark detection in computer aided surgical simulation for orthognathic surgery,MU6UNASA,Clinical feasibility of deep learning-based automatic head CBCT image segmentation and landmark detection in computer- aided surgical simulation for orthognathic surgery,3,【原因代码】: 3
borocarbonitrides nanosheets engineered 3d printed scaffolds for integrated strategy of osteosarcoma therapy and bone regeneration,ERII8SC2,Borocarbonitrides nanosheets engineered 3D-printed scaffolds for integrated strategy of osteosarcoma therapy and bone regeneration,3,【原因代码】: 3
randomized crossover study of immersive planning in craniomaxillofacial trauma comparing virtual reality and workstation workflows,LQZ2C4X4,Randomized crossover study of immersive planning in craniomaxillofacial trauma comparing virtual reality and workstation workflows,3,【原因代码】: 3
reorientation methodology for reproducible head posture in serial cone beam computed tomography images,W4VK5BNE,Reorientation methodology for reproducible head posture in serial cone beam computed tomography images,3,【原因代码】: 3
examining the influence of freehand pilot guided and fully guided surgical protocols on the accuracy of immediately placed implants an in vitro study,UCYUH8Y6,"Examining the Influence of Freehand, Pilot-Guided, and Fully Guided Surgical Protocols on the Accuracy of Immediately Placed Implants-An In Vitro Study",3,【原因代码】: 3
on the feasibility of minimally invasive le fort i with patient specific implants proof of concept,WGAXESY9,On the feasibility of minimally invasive Le Fort I with patient-specific implants: Proof of concept,3,【原因代码】: 3
retracted early diagnosis of oral cancer using a hybrid arrangement of deep belief networkand combined group teaching algorithm retracted article see vol 15 2025,PZ65JJ6U,"RETRACTED: Early diagnosis of oral cancer using a hybrid arrangement of deep belief networkand combined group teaching algorithm (Retracted article. See vol. 15, 2025)",2,【原因代码】: 2
effect of registration methods on accuracy and efficiency of dynamic computer assisted implant surgery an in vitro study,SLQBLEG4,Effect of registration methods on accuracy and efficiency of dynamic computer-assisted implant surgery: An in vitro study,3,【原因代码】: 3
comparison of three dimensional tooth movements in virtual setups using different software packages for clear aligner therapy,E2M3G8UJ,Comparison of three-dimensional tooth movements in virtual setups using different software packages for clear aligner therapy,3,【原因代码】: 3
icex advances in the automatic extraction and volume calculation of cranial cavities,49MPN24G,Icex: Advances in the automatic extraction and volume calculation of cranial cavities,1,【原因代码】: 1
premolar and molar inclination changes following micro implant assisted maxillary skeletal expander mse a three dimensional analysis and visualization,HPTKUJ9W,Premolar and Molar Inclination Changes Following Micro-Implant-Assisted Maxillary Skeletal Expander (MSE): A Three-Dimensional Analysis and Visualization,3,【原因代码】: 3
the impacts of registration and fixation device positioning on the performance of implant placement assisted by dynamic computer aided surgery a randomized controlled trial,3RGXD3QU,The impacts of registration-and-fixation device positioning on the performance of implant placement assisted by dynamic computer-aided surgery: A randomized controlled trial,3,【原因代码】: 3
an open source ai tool for predicting cephalometric measurements from clinical data and photographic images,GMX68ZMT,An open-source AI tool for predicting cephalometric measurements from clinical data and photographic images,3,【原因代码】: 3
image navigator based automated coronary magnetic resonance angiography for the detection of coronary artery stenosis,Z8IXXBA4,"Image navigator-based, automated coronary magnetic resonance angiography for the detection of coronary artery stenosis",1,【原因代码】: 1
generating tooth organoids using defined bioorthogonally cross linked hydrogels,Y3KDF7PV,Generating Tooth Organoids Using Defined Bioorthogonally Cross-Linked Hydrogels,3,【原因代码】: 3
3 d printing of chitosan msn dexamethasone scaffold with enhanced properties for bone tissue engineering,TD9AZRV4,3-D printing of chitosan-MSN@dexamethasone scaffold with enhanced properties for bone tissue engineering,1,【原因代码】: 1
accuracy of removable partial denture metal frameworks fabricated by computer aided design computer aided manufacturing method a systematic review and meta analysis,WIWXEEA2,ACCURACY OF REMOVABLE PARTIAL DENTURE METAL FRAMEWORKS FABRICATED BY COMPUTER-AIDED DESIGN/COMPUTER-AIDED MANUFACTURING METHOD: A SYSTEMATIC REVIEW AND META-ANALYSIS,2,【原因代码】: 2
three dimensional virtual planning in mandibular advancement surgery soft tissue prediction based on deep learning,JVRN27GF,Three-dimensional virtual planning in mandibular advancement surgery: Soft tissue prediction based on deep learning,3,【原因代码】: 3
digital workflow for fabricating a patient specific detachable 3d printing model for mesiodens extraction to enhance surgical planning and dental education,NRXIPVW4,Digital workflow for fabricating a patient-specific detachable 3D-printing model for mesiodens extraction to enhance surgical planning and dental education,3,【原因代码】: 3
comparative evaluation of biocompatibility between conventional and computer aided design computer aided manufacturing dental polymers using a golden hamster model,E96AE39Q,Comparative Evaluation of Biocompatibility between Conventional and Computer-Aided Design/Computer-Aided Manufacturing Dental Polymers Using a Golden Hamster Model,3,【原因代码】: 3
imaging and 3d analysis based on two or more three dimensional cbct recordings before and after orthodontic treatment and maxillofacial therapy,4BLBU3YQ,Imaging and 3D Analysis Based on Two or More Three-Dimensional CBCT Recordings before and after Orthodontic Treatment and Maxillofacial Therapy,3,【原因代码】: 3
three dimensional segmentation assisted with clustering analysis for surface and volume measurements of equine incisor in multidetector computed tomography data sets,5LNT9GNU,Three-Dimensional Segmentation Assisted with Clustering Analysis for Surface and Volume Measurements of Equine Incisor in Multidetector Computed Tomography Data Sets,1,【原因代码】: 1
integrating additive and traditional manufacturing for multiscale bone tissue engineering scaffolds,VU4ZQG5L,Integrating Additive and Traditional Manufacturing for Multiscale Bone Tissue Engineering Scaffolds,1,【原因代码】: 1
intraoral scanners for in vivo 3d imaging of the gingiva and the alveolar process,SXRLMTP9,Intraoral Scanners for In Vivo 3D Imaging of the Gingiva and the Alveolar Process,3,【原因代码】: 3
the butterfly effect in oral and maxillofacial surgery understanding and applying chaos theory and complex systems principles,Q9W8VEJT,The butterfly effect in oral and maxillofacial surgery: Understanding and applying chaos theory and complex systems principles,2,【原因代码】: 2
robust and precise isotropic scaling registration algorithm using bi directional distance and correntropy,BITQ8URU,Robust and precise isotropic scaling registration algorithm using bi-directional distance and correntropy,3,【原因代码】: 3
accuracy of a patient 3 dimensional virtual representation obtained from the superimposition of facial and intraoral scans guided by extraoral and intraoral scan body systems,HVA6JLX4,Accuracy of a patient 3-dimensional virtual representation obtained from the superimposition of facial and intraoral scans guided by extraoral and intraoral scan body systems,3,【原因代码】: 3
evaluation of the marginal and internal gaps in 3d printed interim crowns using different finish line detection methods an in vitro study,JL3QCSFC,Evaluation of the marginal and internal gaps in 3D-printed interim crowns using different finish line detection methods: An in vitro study,3,【原因代码】: 3
combining 3d multi object reconstruction with finite element analysis for accurate dental modelling and restoration,LIFEJWBH,Combining 3D Multi-Object Reconstruction with Finite Element Analysis for Accurate Dental Modelling and Restoration,3,【原因代码】: 3
in vivo trueness and precision of full arch implant scans using intraoral scanners with three different acquisition protocols,RB2EMABN,In vivo trueness and precision of full-arch implant scans using intraoral scanners with three different acquisition protocols,3,【原因代码】: 3
development and validation of an automated algorithm for palatal rugae matching in forensic identification,QQWNE6RN,Development and validation of an automated algorithm for palatal rugae matching in forensic identification,1,【原因代码】: 1
a modular phantom and software to characterize 3d geometric distortion in mri,3H84KYQG,A modular phantom and software to characterize 3D geometric distortion in MRI,1,【原因代码】: 1
adjunctive therapies in periodontitis current concepts and the future,RFQCJLX7,Adjunctive Therapies in Periodontitis: Current Concepts and the Future,2,【原因代码】: 2
monocular depth estimation based on deep learning for intraoperative guidance using surface enhanced raman scattering imaging,973NY5AQ,Monocular depth estimation based on deep learning for intraoperative guidance using surface-enhanced Raman scattering imaging,1,【原因代码】: 1
mechanical and biological properties of polymer materials for oral appliances produced with additive 3d printing and subtractive cad cam techniques compared to conventional methods a systematic review and meta analysis,HWUQ4VDF,Mechanical and biological properties of polymer materials for oral appliances produced with additive 3D printing and subtractive CAD-CAM techniques compared to conventional methods: a systematic review and meta-analysis,2,【原因代码】: 2
mechanical performance of chairside ceramic cad cam restorations and zirconia abutments with different internal implant connections in vitro study and finite element analysis,KLM4ETUM,Mechanical Performance of Chairside Ceramic CAD/CAM Restorations and Zirconia Abutments with Different Internal Implant Connections: In Vitro Study and Finite Element Analysis,3,【原因代码】: 3
enhanced regeneration of large segmental bone defects via hierarchically structured bioactive scaffolds,NP8A4Z4R,Enhanced regeneration of large segmental bone defects via hierarchically structured bioactive scaffolds,1,【原因代码】: 1
a multimodal explainable ai framework to assist in the differential diagnosis of head and neck reactive follicular hyperplasia and follicular lymphoma an international multicentre study,IBDZN4D8,A multimodal explainable ai framework to assist in the differential diagnosis of head and neck reactive follicular hyperplasia and follicular lymphoma: an international multicentre study,1,【原因代码】: 1
the application of virtual reality and augmented reality in dentistry a literature review,WJDRS6ZM,The application of virtual reality and augmented reality in dentistry - a literature review,2,【原因代码】: 2
spontaneous bone regeneration achieved through one step alignment of human mesenchymal stem cell embedded collagen,3TMAVBSZ,Spontaneous bone regeneration achieved through one-step alignment of human mesenchymal stem cell-embedded collagen,1,【原因代码】: 1
growth allometry and dental topography in upper triassic conodonts support trophic differentiation and molar like element function,MZW42EWD,Growth allometry and dental topography in Upper Triassic conodonts support trophic differentiation and molar-like element function,1,【原因代码】: 1
3d accuracy of a conventional method versus three digital scanning strategies for completely edentulous maxillary implant impressions,V5Q74ZT6,3D Accuracy of a Conventional Method Versus Three Digital Scanning Strategies for Completely Edentulous Maxillary Implant Impressions,3,【原因代码】: 3
training outcomes of novice clinicians in the use of dynamic computer assisted implant surgery a prospective comparative study,YGCBGMYR,Training outcomes of novice clinicians in the use of dynamic computer assisted implant surgery: A prospective comparative study,3,【原因代码】: 3
design and validation of a technology for 3d printing training phantoms for ultrasound imaging,BR63GR42,Design and validation of a technology for 3D printing training phantoms for ultrasound imaging,1,【原因代码】: 1
three dimensional periodontal investigations using a prototype handheld ultrasound scanner with spatial positioning reading sensor,MW553XBE,Three-dimensional periodontal investigations using a prototype handheld ultrasound scanner with spatial positioning reading sensor,3,【原因代码】: 3
micromagnify a multiplexed expansion microscopy method for pathogens and infected tissues,UQTGLARJ,MicroMagnify: A Multiplexed Expansion Microscopy Method for Pathogens and Infected Tissues,1,【原因代码】: 1
mandibular ramus height and condyle distance asymmetries in individuals with different facial growth patterns a cone beam computed tomography study,GST7YSMC,Mandibular ramus height and condyle distance asymmetries in individuals with different facial growth patterns: a cone-beam computed tomography study,3,【原因代码】: 3
effect of different storage conditions on dimensional accuracy of 3d printed dental models,RZZAIR96,Effect of different storage conditions on dimensional accuracy of 3D-printed dental models,3,【原因代码】: 3
direction oriented fiber guiding with a tunable tri layer 3d scaffold for periodontal regeneration,SB5HVH7V,Direction-oriented fiber guiding with a tunable tri-layer-3D scaffold for periodontal regeneration,3,【原因代码】: 3
three dimensionally printed implant surgical guide related experience knowledge attitude and professional behaviors among 2028 dentists in china a cross sectional study,7YM79VJK,"Three-dimensionally printed implant surgical guide-related experience, knowledge, attitude, and professional behaviors among 2028 dentists in China: A cross-sectional study",3,【原因代码】: 3
a method based on 3d affine alignment for the quantification of palatal expansion,F558I89A,A method based on 3D affine alignment for the quantification of palatal expansion,3,【原因代码】: 3
facial imaging to screen for fetal alcohol spectrum disorder a scoping review,HHE9ZNHG,Facial imaging to screen for fetal alcohol spectrum disorder: A scoping review,2,【原因代码】: 2
multi omics qualification of an organ on a chip model of osteolytic bone metastasis,JLUJUDNJ,Multi-omics qualification of an organ-on-a-chip model of osteolytic bone metastasis,1,【原因代码】: 1
human bone marrow organoids for disease modeling discovery and validation of therapeutic targets in hematologic malignancies,BNP6WFER,"Human Bone Marrow Organoids for Disease Modeling, Discovery, and Validation of Therapeutic Targets in Hematologic Malignancies",1,【原因代码】: 1
cad cam fabricated rpd frameworks show lower fit accuracy compared to conventional casting with indirect 3d printing offering comparable results,6TRMWJXT,"CAD/CAM-FABRICATED RPD FRAMEWORKS SHOW LOWER FIT ACCURACY COMPARED TO CONVENTIONAL CASTING, WITH INDIRECT 3D PRINTING OFFERING COMPARABLE RESULTS",2,【原因代码】: 2
polymeric sustained release chlorhexidine coating on gutta percha points for prolonged intracanal antimicrobial delivery an in vitro study,DKRR8WYW,Polymeric Sustained-Release Chlorhexidine Coating on Gutta-Percha Points for Prolonged Intracanal Antimicrobial Delivery: An In Vitro Study,3,【原因代码】: 3
investigation of autosegmentation techniques on t2 weighted mri for off line dose reconstruction in mr linac workflow for head and neck cancers,F97YEEH7,Investigation of autosegmentation techniques on T2-weighted MRI for off-line dose reconstruction in MR-linac workflow for head and neck cancers,1,【原因代码】: 1
point of care virtual surgical planning and 3d printing in oral and cranio maxillofacial surgery a narrative review,IM2XARSN,Point-of-Care Virtual Surgical Planning and 3D Printing in Oral and Cranio-Maxillofacial Surgery: A Narrative Review,2,【原因代码】: 2
strategic advances in drug delivery systems for overcoming solubility and permeability barriers in class ii and iv drugs,S2J59DAB,Strategic Advances in Drug Delivery Systems for Overcoming Solubility and Permeability Barriers in Class II and IV Drugs,1,【原因代码】: 1
influence of build orientation and storage duration on the accuracy of fused deposition modeling fabricated polyetheretherketone removable partial denture frameworks,GDMAIZ2U,Influence of build orientation and storage duration on the accuracy of fused deposition modeling-fabricated polyetheretherketone removable partial denture frameworks,3,【原因代码】: 3
3d encapsulation and tethering of functionally engineered extracellular vesicles to hydrogels,8ZUP3BK5,3D Encapsulation and tethering of functionally engineered extracellular vesicles to hydrogels,1,【原因代码】: 1
a micro ct integrated 3d simulation framework reveals fluid transport mechanisms and void dynamics in root canal fillings vol 16 8695 2026,6CX4VCHG,"A micro-CT-integrated 3D simulation framework reveals fluid transport mechanisms and void dynamics in root canal fillings (vol 16, 8695, 2026)",3,【原因代码】: 3
prosthodontic rehabilitation with all on four implant treatment combined cad cam prosthesis in an oral cancer patient a case report,256P6Y8Z,Prosthodontic rehabilitation with all-on-four implant treatment combined CAD/CAM prosthesis in an oral cancer patient: a case report,3,【原因代码】: 3
three dimensional printed hydroxyapatite bone substitutes designed by a novel periodic minimal surface algorithm are highly osteoconductive,UKZFIWZJ,Three-Dimensional Printed Hydroxyapatite Bone Substitutes Designed by a Novel Periodic Minimal Surface Algorithm Are Highly Osteoconductive,1,【原因代码】: 1
automatic bone segmentation for oral surgical planning,KJ7WANSF,Automatic bone segmentation for oral surgical planning,3,【原因代码】: 3
a digital approach to robust and esthetic implant overdenture construction,Q6877DG7,A digital approach to robust and esthetic implant overdenture construction,3,【原因代码】: 3
treatment efficiency of maxillary and mandibular orovestibular tooth expansion and compression movements with the invisalign system in adolescents and adults,Z96VKUQ8,Treatment Efficiency of Maxillary and Mandibular Orovestibular Tooth Expansion and Compression Movements with the Invisalign? System in Adolescents and Adults,3,【原因代码】: 3
cad cam resin composites effective components for further development,A8D7MDVM,CAD-CAM resin composites: Effective components for further development,2,【原因代码】: 2
radiomics in head and neck cancer outcome predictions,EYIXHX5T,Radiomics in Head and Neck Cancer Outcome Predictions,1,【原因代码】: 1
skeletal facial asymmetry reliability of manual and artificial intelligence driven analysis,RFPYNGAN,Skeletal facial asymmetry: reliability of manual and artificial intelligence-driven analysis,3,【原因代码】: 3
interrogating matrix stiffness and metabolomics in pancreatic ductal carcinoma using an openable microfluidic tumor on a chip,F57EZPWW,Interrogating Matrix Stiffness and Metabolomics in Pancreatic Ductal Carcinoma Using an Openable Microfluidic Tumor-on-a-Chip,1,【原因代码】: 1
a 3d perfusable platform for in vitro culture of patient derived xenografts,7J4XB85H,A 3D Perfusable Platform for In Vitro Culture of Patient Derived Xenografts,1,【原因代码】: 1
the cumulative effect of error in the digital workflow for complete arch implant supported frameworks an in vitro study,8YNE4S72,The cumulative effect of error in the digital workflow for complete-arch implant-supported frameworks: An in vitro study,3,【原因代码】: 3
advanced surface functionalization strategies for nanofibers in biomedical applications,D5QJTGL2,Advanced surface functionalization strategies for nanofibers in biomedical applications,2,【原因代码】: 2
bioinspired engineering of streamlined skeletal interoception neural bioprinted piezoelectric scaffolds for neuro vascularized bone regeneration,BDBVDMN6,Bioinspired Engineering of Streamlined Skeletal Interoception: Neural Bioprinted Piezoelectric Scaffolds for Neuro-Vascularized Bone Regeneration,1,【原因代码】: 1
narrative review of endodontic biomaterials,D2WS92KE,Narrative Review of Endodontic Biomaterials,2,【原因代码】: 2
marginal bone level of dental implants using computer aided design computer aided manufacturing customized abutment and prefabricated abutment a five year follow up,TGGBQBPM,Marginal bone level of dental implants using computer-aided design/computer-aided manufacturing customized abutment and prefabricated abutment-A five-year follow-up,3,【原因代码】: 3
digital workflow with open source cad cam software aimed to design a customized 3d laser printed titanium mesh for guided bone regeneration,E3EJX7HU,Digital Workflow with Open-Source CAD-CAM Software Aimed to Design a Customized 3D Laser-Printed Titanium Mesh for Guided Bone Regeneration,2,【原因代码】: 2
cytosimplex visualizing single cell fates and transitions on a simplex,JEDKF76G,CytoSimplex: visualizing single-cell fates and transitions on a simplex,1,【原因代码】: 1
tsegnet an efficient and accurate tooth segmentation network on 3d dental model,E77NGNB4,TSegNet: An efficient and accurate tooth segmentation network on 3D dental model,3,【原因代码】: 3
three tier framework for high throughput biofabrication integrating 3d bioprinting assistive platforms and translational opportunities,44IXGMK4,"Three-tier framework for high-throughput biofabrication: Integrating 3D bioprinting, assistive platforms, and translational opportunities",2,【原因代码】: 2
computed tomography imaging superimposition protocols to assess outcomes in orthognathic surgery a systematic review with comprehensive recommendations,H6Y8VXRG,Computed tomography imaging superimposition protocols to assess outcomes in orthognathic surgery: a systematic review with comprehensive recommendations,2,【原因代码】: 2
clinical translation of personalized bioengineered implant scaffolds,NUPSB4TJ,Clinical translation of personalized bioengineered implant scaffolds,2,【原因代码】: 2
a novel deep learning system for multi class tooth segmentation and classification on cone beam computed tomography a validation study,3HGFXD45,A novel deep learning system for multi-class tooth segmentation and classification on cone beam computed tomography. A validation study,3,【原因代码】: 3
a benchmark dual modality dental imaging dataset and a novel cognitively inspired pipeline for high resolution dental point cloud synthesis,SGT6ZTK7,A Benchmark Dual-Modality Dental Imaging Dataset and a Novel Cognitively Inspired Pipeline for High-Resolution Dental Point Cloud Synthesis,3,【原因代码】: 3
standardization of three dimensional pose of cylindrical implants from intraoral radiographs a preliminary study,3UWMQWHI,Standardization of three-dimensional pose of cylindrical implants from intraoral radiographs: a preliminary study,3,【原因代码】: 3
optimizing management of low back pain through the pain and disability drivers management model a feasibility trial,4M6YJLXK,Optimizing management of low back pain through the pain and disability drivers management model: A feasibility trial,1,【原因代码】: 1
automated diagnosis and classification of skeletal malocclusion using artificial intelligence on 2d facial photographs a multi modal deep learning approach,NEP6N6G8,Automated diagnosis and classification of skeletal malocclusion using artificial intelligence on 2D facial photographs: A multi-modal deep learning approach,3,【原因代码】: 3
advances and challenges in tissue engineering biomaterials cellular strategies and clinical applications,IZPCZXLD,"Advances and Challenges in Tissue Engineering: Biomaterials, Cellular Strategies, and Clinical Applications",2,【原因代码】: 2
dual functional drug delivery system for bisphosphonate related osteonecrosis prevention and its bioinspired releasing model and in vitro assessment,UX54LNBZ,Dual-Functional Drug Delivery System for Bisphosphonate-Related Osteonecrosis Prevention and Its Bioinspired Releasing Model and In Vitro Assessment,3,【原因代码】: 3
orthodontists perception thresholds for tooth movement detection in 3d digitally simulated models a cross sectional observational study,6A2NN8SY,Orthodontists' Perception Thresholds for Tooth Movement Detection in 3D Digitally Simulated Models: A Cross-Sectional Observational Study,3,【原因代码】: 3
proof of the equivalence between two frame and three frame optical sectioning structured illumination microscopy,ASH36X4K,Proof of the equivalence between two-frame and three-frame optical sectioning structured illumination microscopy,1,【原因代码】: 1
reverse design of complex ceramic shapes using deep learning and evolutionary algorithms,TL3XZG46,Reverse design of complex ceramic shapes using deep learning and evolutionary algorithms,1,【原因代码】: 1
extracellular vesicles in osteogenesis comparative analysis of stem cell sources conditioning strategies and in vitro models toward advanced bone regeneration,ZRQT6635,"Extracellular Vesicles in Osteogenesis: Comparative Analysis of Stem Cell Sources, Conditioning Strategies, and In Vitro Models Toward Advanced Bone Regeneration",1,【原因代码】: 1
beyond benchmarks towards robust artificial intelligence bone segmentation in socio technical systems,CY2XKUQA,Beyond benchmarks: Towards robust artificial intelligence bone segmentation in socio-technical systems,3,【原因代码】: 3
cad cam single prosthesis a 25 years bibliometric assessment of prosthetic outcomes,2EZG227B,CAD/CAM single prosthesis: A 25 years bibliometric assessment of prosthetic outcomes,2,【原因代码】: 2
mandibular canal segmentation from cbct image using 3d convolutional neural network with scse attention,C4RBNK8Y,Mandibular Canal Segmentation From CBCT Image Using 3D Convolutional Neural Network With scSE Attention,3,【原因代码】: 3
innovative designs of 3d scaffolds for bone tissue regeneration understanding principles and addressing challenges,3A2BSB26,Innovative designs of 3D scaffolds for bone tissue regeneration: Understanding principles and addressing challenges,2,【原因代码】: 2
refined surgical protocol for the insertion of bioactive coated titanium microscrews in the rat tibia,K8X9AYTL,Refined Surgical Protocol for the Insertion of Bioactive-coated Titanium Microscrews in the Rat Tibia,1,【原因代码】: 1
repositioning accuracy of the implant and abutment level prosthetic components used in conventional and digital workflows,Q4LJ92S4,Repositioning accuracy of the implant- and abutment-level prosthetic components used in conventional and digital workflows,3,【原因代码】: 3
biomechanics of dental implantation in the giant panda ailuropoda melanoleuca a comparative study using finite element analysis,NM8NYVD6,Biomechanics of Dental Implantation in the Giant Panda (Ailuropoda melanoleuca): A Comparative Study Using Finite Element Analysis,1,【原因代码】: 1
three dimensional cranial suture morphometric changes in young rats during normal growth,IWPHXENQ,Three-dimensional cranial suture morphometric changes in young rats during normal growth,1,【原因代码】: 1
patient satisfaction with cad cam 3d printed complete dentures a systematic analysis of the clinical studies,36MGJIUJ,Patient Satisfaction with CAD/CAM 3D-Printed Complete Dentures: A Systematic Analysis of the Clinical Studies,2,【原因代码】: 2
solid microemulsion preconcentrates on ph responsive metal organic framework for tableting,IM2JYIIY,Solid microemulsion preconcentrates on pH responsive metal-organic framework for tableting,1,【原因代码】: 1
automatic orbital segmentation using deep learning based 2d u net and accuracy evaluation a retrospective study,5SRGE8HN,Automatic orbital segmentation using deep learning-based 2D U-net and accuracy evaluation: A retrospective study,3,【原因代码】: 3
the ability to sustain facial expressions,9KBVLTBJ,The Ability to Sustain Facial Expressions,3,【原因代码】: 3
graphene based 3d scaffolds in bone regeneration emerging opportunities for mronj treatment,JH642MME,Graphene-Based 3D Scaffolds in Bone Regeneration: Emerging Opportunities for MRONJ Treatment,2,【原因代码】: 2
assessing decision making in education of restorative and prosthetic dentistry a pilot study,SLD63MXF,Assessing Decision-Making in Education of Restorative and Prosthetic Dentistry: A Pilot Study,3,【原因代码】: 3
advances in the construction and application of bone on a chip based on microfluidic technologies,GXM7UIXA,Advances in the Construction and Application of Bone-on-a-Chip Based on Microfluidic Technologies,2,【原因代码】: 2
clinical efficacy of early intervention timing for inversely impacted maxillary central incisors,UYKQ4QIQ,Clinical efficacy of early intervention timing for inversely impacted maxillary central incisors,3,【原因代码】: 3
viscoelastic janus nanocomposite hydrogel for periodontitis immunomodulation via co delivery of il 1 monoclonal antibody and pdlsc exosomes,QLVKK9KK,Viscoelastic Janus Nanocomposite Hydrogel for Periodontitis Immunomodulation via Co-delivery of IL-1β Monoclonal Antibody and PDLSC Exosomes,3,【原因代码】: 3
latest advances in augmented reality technology and its integration into the digital workflow,243K7RNJ,Latest advances in augmented reality technology and its integration into the digital workflow,3,【原因代码】: 3
objective color calibration for manufacturing facial prostheses,YXZ4VLDA,Objective color calibration for manufacturing facial prostheses,3,【原因代码】: 3
path planning and navigation of miniature serpentine robot for bronchoscopy application,4WCH6H5S,Path Planning and Navigation of Miniature Serpentine Robot for Bronchoscopy Application,1,【原因代码】: 1
multiscale deformable objects manipulation via wavelet decomposed boundary element method,LV8SY9UK,Multiscale deformable objects manipulation via wavelet-decomposed boundary element method,1,【原因代码】: 1
from transparent cranial windows to multifunctional smart cranial platforms,UEURX7WW,From Transparent Cranial Windows to Multifunctional Smart Cranial Platforms,1,【原因代码】: 1
a novel digitized method for the design and additive manufacturing of orthodontic space maintainers,MACLY32F,A Novel Digitized Method for the Design and Additive Manufacturing of Orthodontic Space Maintainers,3,【原因代码】: 3
influence of age related changes on crack growth trajectories and toughening mechanisms in human dentin,6P4BE843,Influence of age-related changes on crack growth trajectories and toughening mechanisms in human dentin,3,【原因代码】: 3
ligand based design of novel quinoline derivatives as potential anticancer agents an in silico virtual screening approach,5PXEM5JA,Ligand-Based Design of Novel Quinoline Derivatives as Potential Anticancer Agents: An In-Silico Virtual Screening Approach,1,【原因代码】: 1
the impact of radiomics image analysis on adult hip pathologies a scoping review,MHK8ZLRA,The Impact of Radiomics Image Analysis on Adult Hip Pathologies: A Scoping Review,1,【原因代码】: 1
influence of screw channel angulation on the fracture resistance of zirconia abutments an in vitro study,DK37WK6Y,Influence of Screw Channel Angulation on the Fracture Resistance of Zirconia Abutments: An In Vitro Study,3,【原因代码】: 3
a new method of conclusively creating and transferring the emergence profile on single tooth immediate implant restorations the e merge protocol,96NNK4US,A new method of conclusively creating and transferring the emergence profile on single tooth immediate implant restorations: the E-merge protocol,3,【原因代码】: 3
a global local attention model for 3d point cloud segmentation in intraoral scanning a novel approach,JTJFNN4W,A Global-Local Attention Model for 3D Point Cloud Segmentation in Intraoral Scanning: A Novel Approach,3,【原因代码】: 3
the effect of hard tissue defects on the clinical outcome of endodontic microsurgery a systematic review and meta analysis,HVD7DYA7,The effect of hard tissue defects on the clinical outcome of endodontic microsurgery: a systematic review and meta-analysis,2,【原因代码】: 2
vistooth a visualization framework for tooth segmentation on panoramic radiograph,EX7GXGSG,ViSTooth: a visualization framework for tooth segmentation on panoramic radiograph,3,【原因代码】: 3
a rare case of loricrin gene c 684dup mutation associated with vohwinkel syndrome in a turkish patient in silico analysis and literature review,7XXVP386,"A rare case of LORICRIN gene c.684dup mutation associated with Vohwinkel syndrome in a Turkish patient, in silico analysis and literature review",1,【原因代码】: 1
feasibility of strategies to manage dysnatremia in pediatric ckrt a simulation study,ZI3YBVDZ,Feasibility of strategies to manage dysnatremia in pediatric CKRT: a simulation study,1,【原因代码】: 1
procedure increasing the accuracy of modelling and the manufacturing of surgical templates with the use of 3d printing techniques applied in planning the procedures of reconstruction of the mandible,6B24QV77,"Procedure Increasing the Accuracy of Modelling and the Manufacturing of Surgical Templates with the Use of 3D Printing Techniques, Applied in Planning the Procedures of Reconstruction of the Mandible",3,【原因代码】: 3
3d printed resin materials for indirect restorations a scoping review and evidence gap map,T7V3KAQE,3D-printed resin materials for indirect restorations-a scoping review and evidence gap map,2,【原因代码】: 2
influence of printing angulation on the surface roughness of additive manufactured clear silicone indices an in vitro study,7E9FRYX7,Influence of printing angulation on the surface roughness of additive manufactured clear silicone indices: An in vitro study,3,【原因代码】: 3
dynamic glucose responsive mesoporous silica nanoparticle coating on trabecular tantalum implants for dual mode drug delivery,IDJVDZI5,Dynamic glucose-responsive mesoporous silica nanoparticle coating on trabecular tantalum implants for dual mode drug delivery,3,【原因代码】: 3
a lipopolysaccharide directed piezoelectric sonosensitizer for addressing deep periodontal pocket infections,8T3H95PH,A Lipopolysaccharide-Directed Piezoelectric Sonosensitizer for Addressing Deep Periodontal Pocket Infections,3,【原因代码】: 3
dc yolov5 based target detection algorithm for cervical vertebral maturation,JY2ZTUL8,DC-YOLOv5-based target detection algorithm for cervical vertebral maturation,3,【原因代码】: 3
wirelessly powered ingestible capsule for optical stimulation of the gastrointestinal tract in rodents,EVEZQULA,Wirelessly Powered Ingestible Capsule for Optical Stimulation of the Gastrointestinal Tract in Rodents,1,【原因代码】: 1
computer aided diagnosis with a convolutional neural network algorithm for automated detection of urinary tract stones on plain x ray,UDNLSVHP,Computer-aided diagnosis with a convolutional neural network algorithm for automated detection of urinary tract stones on plain X-ray,1,【原因代码】: 1
b onic platform for point of care 3d printing in oral and maxillofacial surgery clinical implementation and surgical impact,ANKKID2R,B-Onic Platform for Point-of-Care 3D Printing in Oral and Maxillofacial Surgery: Clinical Implementation and Surgical Impact,3,【原因代码】: 3
three dimensional analysis of mandibular and condylar growth using artificial intelligence tools a comparison of twin block and frankel ii appliances,Y5JWYY4F,Three-dimensional analysis of mandibular and condylar growth using artificial intelligence tools: a comparison of twin-block and Frankel II Appliances,3,【原因代码】: 3
cell tracking profiler a user driven analysis framework for evaluating 4d live cell imaging data,LVJ2BAHM,Cell Tracking Profiler - a user-driven analysis framework for evaluating 4D live-cell imaging data,1,【原因代码】: 1
reproducibility of a three dimensional skeletal based craniofacial orientation method for virtual surgical planning,2UKDGZ3I,Reproducibility of a three-dimensional skeletal-based craniofacial orientation method for virtual surgical planning,3,【原因代码】: 3
three dimensional assessment of condylar head position in cbct scans before and after orthognathic surgery,ZTHT59HZ,Three-dimensional assessment of condylar head position in CBCT scans before and after orthognathic surgery,3,【原因代码】: 3
peptide platform for 3d printed ti implants with synergistic antibacterial and osteogenic functions to enhance osseointegration,LVWLQ4KG,Peptide platform for 3D-printed Ti implants with synergistic antibacterial and osteogenic functions to enhance osseointegration,1,【原因代码】: 1
rational design of mechanical bio metamaterials for biomedical applications,FDQHJ9XB,Rational design of mechanical bio-metamaterials for biomedical applications,2,【原因代码】: 2
manganese doped oleic acid functionalized whitlockite polycaprolactone nanocomposite scaffolds enhance bone regeneration through improved dispersibility and antioxidative capacity,VU455XFL,Manganese-doped oleic acid functionalized whitlockite/polycaprolactone nanocomposite scaffolds enhance bone regeneration through improved dispersibility and antioxidative capacity,1,【原因代码】: 1
effectiveness of cad cam milled versus dmls titanium frameworks for hybrid denture prosthesis a narrative review,SUD7BUUE,Effectiveness of CAD-CAM Milled Versus DMLS Titanium Frameworks for Hybrid Denture Prosthesis: A Narrative Review,2,【原因代码】: 2
workflow for guided implant placement based on anatomic landmarks and the cad cam fabrication of a prosthetic framework for an implant supported fixed dental prosthesis,YWYMMHNG,Workflow for guided implant placement based on anatomic landmarks and the CAD-CAM fabrication of a prosthetic framework for an implant-supported fixed dental prosthesis,3,【原因代码】: 3
artificial intelligence based classification and prediction of medical imaging using a novel framework of inverted and self attention deep neural network architecture,BSQF9HQ9,Artificial intelligence based classification and prediction of medical imaging using a novel framework of inverted and self-attention deep neural network architecture,1,【原因代码】: 1
surgical navigation augmented reality and 3d printing for hard palate adenoid cystic carcinoma en bloc resection case report and literature review,I623BJYL,"Surgical Navigation, Augmented Reality, and 3D Printing for Hard Palate Adenoid Cystic Carcinoma En-Bloc Resection: Case Report and Literature Review",2,【原因代码】: 2
an integrative bioorthogonal nanoengineering strategy for dynamically constructing heterogenous tumor spheroids,J46RFMGB,An Integrative Bioorthogonal Nanoengineering Strategy for Dynamically Constructing Heterogenous Tumor Spheroids,1,【原因代码】: 1
a systematic review of digital removable partial dentures part ii cad cam framework artificial teeth and denture base,4C8YNE69,"A systematic review of digital removable partial dentures. Part II: CAD/CAM framework, artificial teeth, and denture base",2,【原因代码】: 2
automated assessment of 3d facial asymmetry a systematic review,V7NVRAGN,Automated assessment of 3D facial asymmetry: a systematic review,2,【原因代码】: 2
from chemistry to clinic polysaccharide bioceramic composites for tissue engineering applications,ZG2IFZDK,From Chemistry to Clinic: Polysaccharide-Bioceramic Composites for Tissue Engineering Applications,2,【原因代码】: 2
does adding markers increase the accuracy and efficiency of intraoral scanning of complete dentures,92NITIHK,Does adding markers increase the accuracy and efficiency of intraoral scanning of complete dentures?,3,【原因代码】: 3
sustainable production of dental and orthodontic 3d models through fused granular fabrication of recycled polymers,CW7RJ5NQ,Sustainable Production of Dental and Orthodontic 3D Models Through Fused Granular Fabrication of Recycled Polymers,3,【原因代码】: 3
development and validation of a method of body volume and fat mass estimation using three dimensional image processing with a mexican sample,VBLBTH2W,Development and Validation of a Method of Body Volume and Fat Mass Estimation Using Three-Dimensional Image Processing with a Mexican Sample,1,【原因代码】: 1
prediction of age and sex from paranasal sinus images using a deep learning network,JKKFZSKB,Prediction of age and sex from paranasal sinus images using a deep learning network,3,【原因代码】: 3
blunt force vs fall induced head trauma a systematic review and methodological framework,V6GBIM4R,Blunt force vs. fall-induced head trauma: a systematic review and methodological framework,1,【原因代码】: 1
additive manufacturing of cad cam complete arch fixed implant restorations supported by six implants prosthetic screw stability and marginal precision under masticatory simulation,GL5E3KW2,Additive manufacturing of CAD-CAM complete arch fixed implant restorations supported by six implants: Prosthetic screw stability and marginal precision under masticatory simulation,3,【原因代码】: 3
finite element models a road to in silico modeling in the age of personalized dentistry,N2JYGKK4,Finite element models: A road to in-silico modeling in the age of personalized dentistry,2,【原因代码】: 2
mandibular extracellular vesicles mediate morphogenesis and mineralization of tooth germs in miniature swine through the mir 206 hdac4 signaling axis,IJJPZDUJ,Mandibular extracellular vesicles mediate morphogenesis and mineralization of tooth germs in miniature swine through the miR-206/HDAC4 signaling axis,3,【原因代码】: 3
pidose an open source system for accurate and automated oral drug administration to group housed mice,J8C9G7NM,PiDose: an open-source system for accurate and automated oral drug administration to group-housed mice,1,【原因代码】: 1
structure aware 3d tooth modeling via prompt guided segmentation and multi view projection,LYV7BI9J,Structure-Aware 3D Tooth Modeling via Prompt-Guided Segmentation and Multi-View Projection,3,【原因代码】: 3
the importance of interfaces in multi material biofabricated tissue structures,72UG4277,The Importance of Interfaces in Multi-Material Biofabricated Tissue Structures,1,【原因代码】: 1
freehand 3d ultrasound imaging toward midfacial bone surface reconstruction for intraoperative image registration,AP2R48W4,Freehand 3D ultrasound imaging toward midfacial bone surface reconstruction for intraoperative image registration,3,【原因代码】: 3
graphene oxide modified peek composites properties and applications in orthopaedic repair a review,E6FTWN5D,Graphene oxide-modified PEEK composites: Properties and applications in orthopaedic repair - A review,2,【原因代码】: 2
framework nucleic acid nanomaterials for central nervous system therapies design for barrier penetration targeted delivery cellular uptake and endosomal escape,IPXV8YNC,"Framework Nucleic Acid Nanomaterials for Central Nervous System Therapies: Design for Barrier Penetration, Targeted Delivery, Cellular Uptake, and Endosomal Escape",1,【原因代码】: 1
osteopontin induces osteogenic differentiation by human periodontal ligament cells via calcium binding domain activin receptor like kinase alk 1 interaction,8XV2R53H,Osteopontin induces osteogenic differentiation by human periodontal ligament cells via calcium binding domain-activin receptor-like kinase (ALK-1) interaction,3,【原因代码】: 3
evaluation of the stability of the palatal rugae using the three dimensional orthodontic treatment,IUQMK852,Evaluation of the stability of the palatal rugae using the three-dimensional orthodontic treatment,3,【原因代码】: 3
score2 diabetes 10 year cardiovascular risk estimation in type 2 diabetes in europe,PJYAISHY,SCORE2-Diabetes: 10-year cardiovascular risk estimation in type 2 diabetes in Europe,1,【原因代码】: 1
advances in natural rubber based biomaterials and composites for tissue engineering application,U5VN9ML3,Advances in natural rubber-based biomaterials and composites for tissue engineering application,2,【原因代码】: 2
detection and monitoring of early dental caries and erosion using three dimensional enhanced truncated correlation photothermal coherence tomography imaging,7Y4ITSLY,Detection and monitoring of early dental caries and erosion using three-dimensional enhanced truncated-correlation photothermal coherence tomography imaging,3,【原因代码】: 3
a pointwise contextual multiscale texture operator and its application to 3d medical image segmentation,38ACQQKI,A pointwise contextual multiscale texture operator and its application to 3D medical image segmentation,3,【原因代码】: 3
applications of bone organoids in bone regeneration unveiling new strategies for disease mechanisms and drug screening,WG9FYL3X,Applications of Bone Organoids in Bone Regeneration: Unveiling New Strategies for Disease Mechanisms and Drug Screening,1,【原因代码】: 1
detection segmentation simulation and visualization of aortic dissections a review,SUT8IKZL,"Detection, segmentation, simulation and visualization of aortic dissections: A review",1,【原因代码】: 1
assessing the effect of interimplant distance and angle on different impression techniques,WQU7Y7H4,Assessing the Effect of Interimplant Distance and Angle on Different Impression Techniques,3,【原因代码】: 3
systematic review of the software used for virtual surgical planning in craniomaxillofacial surgery over the last decade,YU2SCR3M,Systematic review of the software used for virtual surgical planning in craniomaxillofacial surgery over the last decade,2,【原因代码】: 2
vertical and horizontal ridge augmentation using customized three dimensionally printed polycaprolactone mesh in atrophic posterior maxillae a case report,GT74L8L4,Vertical and Horizontal Ridge Augmentation Using Customized Three-Dimensionally Printed Polycaprolactone Mesh in Atrophic Posterior Maxillae: A Case Report,2,【原因代码】: 2
design development and characterization of pregnant anthropomorphic phantoms for fetal dose measurements in proton therapy,TCTB3HF6,"Design, development and characterization of pregnant anthropomorphic phantoms for fetal dose measurements in proton therapy",1,【原因代码】: 1
the shaping ability of waveone gold trushape and xp endo shaper systems in oval shaped distal canals of mandibular molars a microcomputed tomographic analysis,7WKHQPWT,"The shaping ability of WaveOne Gold, TRUShape and XP-endo Shaper systems in oval-shaped distal canals of mandibular molars: A microcomputed tomographic analysis",3,【原因代码】: 3
multi view deep learning for mandibular landmark localization,XGS4APUB,Multi-view deep learning for mandibular landmark localization,3,【原因代码】: 3
polyetheretherketone computer aided design and computer aided manufacturing framework for all on four mandibular full arch prosthesis 3 years retrospective study of peri implant soft tissue changes and ridge base relationship,CIW9E352,Polyetheretherketone computer-aided design and computer-aided manufacturing framework for All-on-Four mandibular full-arch prosthesis: 3 Years' retrospective study of peri-implant soft tissue changes and ridge base relationship,3,【原因代码】: 3
defect engineered sr2znge2o7 nd3 nanophosphors for multifunctional nir optoelectronics energy storage and forensic imaging,Q6BM5YUK,"Defect engineered Sr2ZnGe2O7:Nd3+nanophosphors for multifunctional NIR optoelectronics, energy storage, and forensic imaging",1,【原因代码】: 1
artificial intelligence in abdominal gynecological obstetric musculoskeletal vascular and interventional ultrasound,R422VUUH,"Artificial Intelligence in Abdominal, Gynecological, Obstetric, Musculoskeletal, Vascular and Interventional Ultrasound",1,【原因代码】: 1
self powered triboelectric sensor for real time intelligent occlusal force monitoring,VXAWF8VH,"Self-Powered Triboelectric Sensor for Real-Time, Intelligent Occlusal Force Monitoring",3,【原因代码】: 3
improvement of image quality of dentomaxillofacial region in ultra high resolution ct a phantom study,QZCLTKLL,Improvement of image quality of dentomaxillofacial region in ultra-high-resolution CT: a phantom study,3,【原因代码】: 3
fully digital pneumatic gingival retraction scanning technique from methodology development to clinical validation,2TQ3SIPG,Fully digital pneumatic gingival-retraction scanning technique: from methodology development to clinical validation,3,【原因代码】: 3
biofilm viability checker an open source tool for automated biofilm viability analysis from confocal microscopy images,N4UUAPVN,Biofilm viability checker: An open-source tool for automated biofilm viability analysis from confocal microscopy images,1,【原因代码】: 1
geonet enhanced 3d tooth segmentation via geometric feature integration,ES6GIT7A,Geonet: enhanced 3D tooth segmentation via geometric feature integration,3,【原因代码】: 3
analysis of craniomaxillofacial malformations in mice using three dimensional microcomputed tomography,CH3DKDRH,Analysis of Craniomaxillofacial Malformations in Mice Using Three-dimensional Microcomputed Tomography,3,【原因代码】: 3
growing pains the need for engineered platforms to study growth plate biology,L73R2LUV,Growing Pains: The Need for Engineered Platforms to Study Growth Plate Biology,1,【原因代码】: 1
flame made nanoparticles for magnetic hyperthermia and mri in colorectal cancer theranostics,8FPRU8TV,Flame-made nanoparticles for magnetic hyperthermia and MRI in colorectal cancer theranostics,1,【原因代码】: 1
multidimensional spatial mapping of extracellular matrix cartilaginous osseous composite formation tendon integration and vascularization during skeletal growth and repair,HUWDGWUP,"MULTIDIMENSIONAL SPATIAL MAPPING OF EXTRACELLULAR MATRIX: CARTILAGINOUS-OSSEOUS COMPOSITE FORMATION, TENDON INTEGRATION AND VASCULARIZATION DURING SKELETAL GROWTH AND REPAIR",1,【原因代码】: 1
comparative accuracy of photogrammetry and intraoral scanners in recordings for complete arch implant supported prostheses a systematic review and meta analysis,C3HQZHNH,Comparative accuracy of photogrammetry and intraoral scanners in recordings for complete arch implant-supported prostheses: A systematic review and meta-analysis,2,【原因代码】: 2
macrovascular complications in type 2 diabetes a multiregional study in rural bangladesh,AILQQN44,Macrovascular complications in type 2 diabetes: a multiregional study in rural Bangladesh,1,【原因代码】: 1
diagnosis of architectural distortion on digital breast tomosynthesis using radiomics and deep learning,3PWLRRPK,Diagnosis of architectural distortion on digital breast tomosynthesis using radiomics and deep learning,1,【原因代码】: 1
prosthetic designs for complete dentures manufactured using contemporary 3d printing techniques a case series with clinical design and laboratory considerations,SI65R3XK,"Prosthetic designs for complete dentures manufactured using contemporary 3D printing techniques: A case series with clinical, design, and laboratory considerations",3,【原因代码】: 3
automatic detection and segmentation of morphological changes of the maxillary sinus mucosa on cone beam computed tomography images using a three dimensional convolutional neural network,Q93MKGW7,Automatic detection and segmentation of morphological changes of the maxillary sinus mucosa on cone-beam computed tomography images using a three-dimensional convolutional neural network,3,【原因代码】: 3
scaling relationships between haversian canal to secondary osteon and midshaft femur cortical to total area in a human autopsy sample,L3YA434K,Scaling relationships between Haversian canal-to-secondary osteon and midshaft femur cortical-to-total area in a human autopsy sample,1,【原因代码】: 1
accuracy of complete arch digital implant impression with or without scanbody splinting an in vitro study,CBR5QJL6,Accuracy of complete-arch digital implant impression with or without scanbody splinting: An in vitro study,3,【原因代码】: 3
predicting toxicity and bioactivity of the chemical exposome a case study for the blood exposome database,XGLGTVCV,Predicting toxicity and bioactivity of the chemical exposome: a case study for the blood exposome database,1,【原因代码】: 1
mandible segmentation of dental cbct scans affected by metal artifacts using coarse to fine learning model,F78S65N9,Mandible Segmentation of Dental CBCT Scans Affected by Metal Artifacts Using Coarse-to-Fine Learning Model,3,【原因代码】: 3
c2f 3dtoothseg coarse to fine 3d tooth segmentation via intuitive single clicks,C8GFSH6N,C2F-3DToothSeg: Coarse-to-fine 3D tooth segmentation via intuitive single clicks,3,【原因代码】: 3
computed tomography three dimensional reconstruction algorithm in the diagnosis of periodontitis and its correlation with hypertension,FLISDX7U,Computed Tomography Three-Dimensional Reconstruction Algorithm in the Diagnosis of Periodontitis and Its Correlation with Hypertension,3,【原因代码】: 3
design and validation of a high fidelity left atrial cardiac simulator for the study and advancement of left atrial appendage occlusion,LMQDB4W2,Design and Validation of a High-Fidelity Left Atrial Cardiac Simulator for the Study and Advancement of Left Atrial Appendage Occlusion,1,【原因代码】: 1
enhancing panoramic dental imaging with ai driven arch surface fitting achieving improved clarity and accuracy through an optimal reconstruction zone,K24ZBIB8,Enhancing panoramic dental imaging with AI-driven arch surface fitting: achieving improved clarity and accuracy through an optimal reconstruction zone,3,【原因代码】: 3
mugharet el aliya affinities of an enigmatic north african aterian maxillary fragment,4UEZB8TK,Mugharet el'Aliya: Affinities of an enigmatic north African Aterian maxillary fragment,1,【原因代码】: 1
deep learning based facial and skeletal transformations for surgical planning,28CP2XT3,Deep Learning-Based Facial and Skeletal Transformations for Surgical Planning,3,【原因代码】: 3
neurosurgical management of cerebrospinal tumors in the era of artificial intelligence a scoping review,KZA6BJGC,Neurosurgical Management of Cerebrospinal Tumors in the Era of Artificial Intelligence : A Scoping Review,1,【原因代码】: 1
a digital workflow for designing and manufacturing metal frameworks and removable partial dentures a novel dental technique,6FS76PG8,A digital workflow for designing and manufacturing metal frameworks and removable partial dentures: A novel dental technique,3,【原因代码】: 3
a tiered approach to risk assess microbiome perturbations induced by application of beauty and personal care products,22E3LTVB,A tiered approach to risk assess microbiome perturbations induced by application of beauty and personal care products,1,【原因代码】: 1
novel bisphosphonate based cathepsin k triggered compound targets the enthesis without impairing soft tissue to bone healing,XNBZP7KT,Novel bisphosphonate-based cathepsin K-triggered compound targets the enthesis without impairing soft tissue-to-bone healing,1,【原因代码】: 1
current knowledge and future perspectives of exosomes as nanocarriers in diagnosis and treatment of diseases,MK2D6HAZ,Current Knowledge and Future Perspectives of Exosomes as Nanocarriers in Diagnosis and Treatment of Diseases,1,【原因代码】: 1
engineering osteoclast resorption units via sacrificial microgels in a bone on chip platform,IA75VX32,Engineering osteoclast resorption units via sacrificial microgels in a bone-on-chip platform,1,【原因代码】: 1
multidentformer local to global feature fusion for 3d dental biometric recognition,2S77A9R2,MultiDentFormer: Local-to-Global Feature Fusion for 3D Dental Biometric Recognition,3,【原因代码】: 3
densplat enhanced visual quality in optimized 3d oral reconstruction via gaussian pruning,ZL7MDZW7,DenSplat: Enhanced visual quality in optimized 3D oral reconstruction via Gaussian pruning,3,【原因代码】: 3
recent strategies and advances in hydrogel based delivery platforms for bone regeneration,T275RA9C,Recent Strategies and Advances in Hydrogel-Based Delivery Platforms for Bone Regeneration,2,【原因代码】: 2
on mechanical physical and bioactivity characteristics of material extrusion printed polyether ether ketone,74VTAKPD,"On Mechanical, Physical, and Bioactivity Characteristics of Material Extrusion Printed Polyether Ether Ketone",3,【原因代码】: 3
identification of a novel drug target in porphyromonas gingivalis by a computational genome analysis approach,7CCB7PMU,Identification of a novel drug target in Porphyromonas gingivalis by a computational genome analysis approach,3,【原因代码】: 3
inflammatory risk and cardiovascular events in patients without obstructive coronary artery disease the orfan multicentre longitudinal cohort study,QDF38Q6W,"Inflammatory risk and cardiovascular events in patients without obstructive coronary artery disease: the ORFAN multicentre, longitudinal cohort study",1,【原因代码】: 1
mpglnet multi scale progressive global local fusion dental point cloud complementation network,3WS982F7,MPGLNet: Multi-scale progressive global-local fusion dental point cloud complementation network,3,【原因代码】: 3
integrating artificial intelligence driven digital pathology and genomics to establish patient derived organoids as new approach methodologies for drug response in head and neck cancer,XBVJCZN5,Integrating artificial intelligence-driven digital pathology and genomics to establish patient-derived organoids as new approach methodologies for drug response in head and neck cancer,1,【原因代码】: 1
handheld structured light system for panoramic 3d measurement in mesoscale,9D8263JD,Handheld structured light system for panoramic 3D measurement in mesoscale,3,【原因代码】: 3
influence of 3d printing orientations on physico mechanical properties and accuracy of additively manufactured dental ceramics,H9AU3UZX,Influence of 3D printing orientations on physico-mechanical properties and accuracy of additively manufactured dental ceramics,2,【原因代码】: 2
novel anterior cranial base area for voxel based superimposition of craniofacial cbcts,FPPNK9J9,Novel Anterior Cranial Base Area for Voxel-Based Superimposition of Craniofacial CBCTs,3,【原因代码】: 3
influence of the preparation design on the survival probability of occlusal veneers,W5WVZD2W,Influence of the preparation design on the survival probability of occlusal veneers,3,【原因代码】: 3
real world data for phenotypes and genotypes of rare monogenic genetic epilepsies and genes of uncertain significance for epilepsy,RK8FCRMS,Real-world-data for phenotypes and genotypes of rare monogenic genetic epilepsies and genes of uncertain significance for epilepsy,1,【原因代码】: 1
machine learning analysis of rivaroxaban solubility in mixed solvents for application in pharmaceutical crystallization,RQVHK958,Machine learning analysis of rivaroxaban solubility in mixed solvents for application in pharmaceutical crystallization,1,【原因代码】: 1
misfit simulation on implant prostheses with different combinations of engaging and nonengaging titanium bases part 1 stereomicroscopic assessment of the active and passive fit,KCWR6D8F,Misfit simulation on implant prostheses with different combinations of engaging and nonengaging titanium bases. Part 1: Stereomicroscopic assessment of the active and passive fit,3,【原因代码】: 3
high precision 3d teeth reconstruction based on five view intra oral photos,JFWKWNYD,High-precision 3D teeth reconstruction based on five-view intra-oral photos,3,【原因代码】: 3
removable partial dentures retained by hybrid cad cam cobalt chrome double crowns 1 year results from a prospective clinical study cad cam cobalt chrome double crowns 1 year results,V26WUHXM,Removable partial dentures retained by hybrid CAD/CAM cobalt-chrome double crowns: 1-year results from a prospective clinical study CAD/CAM cobalt-chrome double crowns: 1-year results,3,【原因代码】: 3
transoral endoscopic plating for orbital blowout fractures,WQNENHUP,Transoral Endoscopic Plating for Orbital Blowout Fractures,3,【原因代码】: 3
detection and localization of myocardial infarction based on multi scale resnet and attention mechanism,I8RY5NYE,Detection and Localization of Myocardial Infarction Based on Multi-Scale ResNet and Attention Mechanism,1,【原因代码】: 1
diff trgn diffusion based tooth root generation network with multimodal clinical guidance,TG4PSYYM,Diff-TRGN: Diffusion-based tooth root generation network with multimodal clinical guidance,3,【原因代码】: 3
occludentnet self supervised 3d tooth segmentation via mambatrans architecture,Z4P2SRAN,OccluDentNet: Self-Supervised 3D Tooth Segmentation via MambaTrans Architecture,3,【原因代码】: 3
biophotonic nano structures from fundamentals to emerging applications,8PZN48A5,Biophotonic (nano)structures: from fundamentals to emerging applications,2,【原因代码】: 2
a deep learning enabled in silico animal study approach for bone tissue engineering,SKN5AMAW,A deep learning enabled in-silico animal study approach for bone tissue engineering,1,【原因代码】: 1
multiclass cbct image segmentation for orthodontics with deep learning,QMGYIHYL,Multiclass CBCT Image Segmentation for Orthodontics with Deep Learning,3,【原因代码】: 3
mimicking the biology of engineered protein and mrna nanoparticle delivery using a versatile microfluidic platform,7MPMH7WD,Mimicking the Biology of Engineered Protein and mRNA Nanoparticle Delivery Using a Versatile Microfluidic Platform,1,【原因代码】: 1
twin screw extrusion of vitamin d3 iron blend granules in corn and lentil composite flours stability microstructure and interaction of vitamin d3 with human osteoblast cells,RJ782FU9,"Twin-screw extrusion of vitamin D3/iron-blend granules in corn and lentil composite flours: Stability, microstructure, and interaction of vitamin D3 with human osteoblast cells",1,【原因代码】: 1
microfluidic fabrication of microcarriers with sequential delivery of vegf and bmp 2 for bone regeneration,PM6FVZXA,Microfluidic fabrication of microcarriers with sequential delivery of VEGF and BMP-2 for bone regeneration,1,【原因代码】: 1
noninvasive total cholesterol level measurement using an e nose system and machine learning on exhaled breath samples,WHLDYICG,Noninvasive Total Cholesterol Level Measurement Using an E-Nose System and Machine Learning on Exhaled Breath Samples,1,【原因代码】: 1
permeability benchmarking guidelines for comparing in silico in vitro and in vivo measurements,6FYTI4BQ,"Permeability Benchmarking: Guidelines for Comparing in Silico, in Vitro, and in Vivo Measurements",1,【原因代码】: 1
evaluation of fractal descriptors deep features and xai representations with lasso regularized hermite polynomial classifier for h e histological image classification,DD9LDE8E,"Evaluation of fractal descriptors, deep features and XAI representations with LASSO-regularized Hermite polynomial classifier for H&E histological image classification",1,【原因代码】: 1
evaluation of the marginal gap and the three dimensional trueness of suprastructures generated from scanning two different substructure framework materials for full arch implant supported restorations,9748Z4FC,Evaluation of the marginal gap and the three-dimensional trueness of suprastructures generated from scanning two different substructure framework materials for full arch implant-supported restorations,3,【原因代码】: 3
high precision teeth reconstruction based on automatic multimodal fusion with cbct and ios,4FW75KRW,High-precision teeth reconstruction based on automatic multimodal fusion with CBCT and IOS,3,【原因代码】: 3
bioinspired thermoreversible bioink orchestrates focal adhesion dependent osteogenesis,GB5W358W,Bioinspired thermoreversible bioink orchestrates focal adhesion-dependent osteogenesis,1,【原因代码】: 1
3d printed 13 93b3 borate bioactive glass hydroxypropyl methyl cellulose gelatin scaffolds with cerium oxide submicrometric particles for potential bone regeneration,Z5F5675I,3D printed 13-93B3 borate bioactive glass/hydroxypropyl methyl cellulose/gelatin scaffolds with cerium oxide submicrometric particles for potential bone regeneration,1,【原因代码】: 1
dexamethasone long term controlled release from injectable dual network hydrogels with porous microspheres immunomodulation promotes bone regeneration,4AC7V4HM,Dexamethasone Long-Term Controlled Release from Injectable Dual-Network Hydrogels with Porous Microspheres Immunomodulation Promotes Bone Regeneration,1,【原因代码】: 1
advancing towards sustainability in liquid crystal display 3d printing via adaptive slicing,N44U8CH7,Advancing towards sustainability in liquid crystal display 3D printing via adaptive slicing,3,【原因代码】: 3
comparison of dental arch forms created from assessment of teeth alveolar bone and the overlying soft tissue,T2XAI7S4,"Comparison of dental arch forms created from assessment of teeth, alveolar bone, and the overlying soft tissue",3,【原因代码】: 3
impact of 3d printing orientation on accuracy properties cost and time efficiency of additively manufactured dental models a systematic review,NGUJFIRV,"Impact of 3D printing orientation on accuracy, properties, cost, and time efficiency of additively manufactured dental models: a systematic review",2,【原因代码】: 2
a comparison of three perfusion algorithms in patients at risk of delayed cerebral ischemia after subarachnoid hemorrhage,Z26IMAZR,A Comparison of Three Perfusion Algorithms in Patients at Risk of Delayed Cerebral Ischemia After Subarachnoid Hemorrhage,1,【原因代码】: 1
digital dental biometrics for human identification based on automated 3d point cloud feature extraction and registration,QY8WZNYX,Digital Dental Biometrics for Human Identification Based on Automated 3D Point Cloud Feature Extraction and Registration,3,【原因代码】: 3
cervical tissue hydration level monitoring by a resonant microwave coaxial probe,UQEARA5K,Cervical Tissue Hydration Level Monitoring by a Resonant Microwave Coaxial Probe,1,【原因代码】: 1
effect of preparation design and scan pattern on the accuracy of intraoral scans for complete arch laminate veneers under simulated intraoral variables,X6ATHIVM,Effect of preparation design and scan pattern on the accuracy of intraoral scans for complete arch laminate veneers under simulated intraoral variables,3,【原因代码】: 3
comparison of convolutional neural network training strategies for cone beam ct image segmentation,NHCHR3BM,Comparison of convolutional neural network training strategies for cone-beam CT image segmentation,3,【原因代码】: 3
comparison between mixed reality with artificial algorithms and ultrasound in localization of anterior thigh flap perforators a prospective randomized controlled study,NQCLVM7Q,Comparison between mixed reality with artificial algorithms and ultrasound in localization of anterior thigh flap perforators: a prospective randomized controlled study,1,【原因代码】: 1
time resolved prediction of dental implant biomechanics through integration of finite element analysis osseointegration dynamics and deep learning,G9RBUHY9,"Time-resolved prediction of dental implant biomechanics through integration of finite element analysis, osseointegration dynamics, and deep learning",3,【原因代码】: 3
mri radiomics and machine learning for the prediction of oncotype dx recurrence score in invasive breast cancer,S4X9XUFL,MRI Radiomics and Machine Learning for the Prediction of Oncotype Dx Recurrence Score in Invasive Breast Cancer,1,【原因代码】: 1
integrated control strategy based on deep learning and process analytical technology for the manufacture of a triple fixed dose combination tablet,SYT2YLSI,Integrated control strategy based on deep learning and process analytical technology for the manufacture of a triple fixed-dose combination tablet,1,【原因代码】: 1
beyond static scaffolds glucose responsive hydrogels as dynamic intelligent platform for tissue engineering,RSC44WGI,Beyond static scaffolds: glucose-responsive hydrogels as dynamic intelligent platform for tissue engineering,1,【原因代码】: 1
universal hydrogel carrier enhances bone graft success preclinical and clinical evaluation,Z4T3ADUK,Universal Hydrogel Carrier Enhances Bone Graft Success: Preclinical and Clinical Evaluation,3,【原因代码】: 3
a custom cad cam resilient attachment a dental technique,IMV29YQ5,A custom CAD-CAM resilient attachment: A dental technique,3,【原因代码】: 3
pasegnet integrating dual awareness of position and boundary on 3d dental meshes for tooth instance segmentation,FVFBH2KA,PASegNet: Integrating dual awareness of position and boundary on 3D dental meshes for tooth instance segmentation,3,【原因代码】: 3
evaluation of daily ct for epid based transit in vivo dosimetry,LR5H7QAW,Evaluation of Daily CT for EPID-Based Transit In Vivo Dosimetry,1,【原因代码】: 1
from lab to life technological innovations in transforming cancer metastasis detection and therapy,T5XDG7U7,From lab to life: technological innovations in transforming cancer metastasis detection and therapy,1,【原因代码】: 1
performance comparison in workflow efficiency between a remotely installed 3d workstation and an on premises image processing workstation for dental cone beam ct image reconstruction,M6RAALB4,Performance comparison in workflow efficiency between a remotely installed 3D workstation and an on-premises image processing workstation for dental cone-beam CT image reconstruction,3,【原因代码】: 3
characterization of thermoresponsive methylcellulose based injectable hydrogels incorporating 58s bioactive glass for non load bearing bone regeneration,9D2EIIS2,Characterization of Thermoresponsive Methylcellulose-Based Injectable Hydrogels Incorporating 58S Bioactive Glass for Non-Load-Bearing Bone Regeneration,1,【原因代码】: 1
remote controlled magnetic stimulation of cell based bioengineered tissues for in situ bone regeneration,IRH364NW,Remote-Controlled Magnetic Stimulation of Cell-Based Bioengineered Tissues for In Situ Bone Regeneration,1,【原因代码】: 1
the design fabrication and clinical application of a universal donor tooth model in autotransplantation,QUM75BR7,"The design, fabrication, and clinical application of a universal donor tooth model in autotransplantation",3,【原因代码】: 3
watertight 2 manifold 3d bone surface model reconstruction from ct images based on visual hyper spherical mapping,4ZXJMZHN,Watertight 2-manifold 3D bone surface model reconstruction from CT images based on visual hyper-spherical mapping,1,【原因代码】: 1
two way mr forest based growing path classification for malignancy estimation of pulmonary nodules,PNCAU4SQ,Two-Way MR-Forest Based Growing Path Classification for Malignancy Estimation of Pulmonary Nodules,1,【原因代码】: 1
redescription of three basal anomodonts a phylogenetic reassessment of the holotype of eodicynodon oelofseni nmqr 2913,IHP5B529,Redescription of three basal anomodonts: a phylogenetic reassessment of the holotype of Eodicynodon oelofseni (NMQR 2913),1,【原因代码】: 1
augmented reality calibration using feature triangulation iteration based registration for surgical navigation,NFJ2DZJ6,Augmented reality calibration using feature triangulation iteration-based registration for surgical navigation,1,【原因代码】: 1
towards stem cell therapy for critical sized segmental bone defects current trends and challenges on the path to clinical translation,ZGNKACFT,Towards Stem Cell Therapy for Critical-Sized Segmental Bone Defects: Current Trends and Challenges on the Path to Clinical Translation,1,【原因代码】: 1
tooth colored cad cam materials for application in 3 unit fixed dental prostheses in the molar area an illustrated clinical comparison,P3IZEWV7,Tooth-Colored CAD/CAM Materials for Application in 3-Unit Fixed Dental Prostheses in the Molar Area: An Illustrated Clinical Comparison,3,【原因代码】: 3
assessing biomaterial induced stem cell lineage fate by machine learning based artificial intelligence,SFEG78VC,Assessing Biomaterial-Induced Stem Cell Lineage Fate by Machine Learning-Based Artificial Intelligence,1,【原因代码】: 1
diffusionnet plus plus a robust framework for high resolution 3d dental mesh segmentation,9KB33Y3B,DiffusionNet plus plus : A Robust Framework for High-Resolution 3D Dental Mesh Segmentation,3,【原因代码】: 3
intrinsic antibacterial and osteoinductive sterosomes promote infected bone healing,SHXEUBB9,Intrinsic antibacterial and osteoinductive sterosomes promote infected bone healing,1,【原因代码】: 1
3d digital modeling of dental casts from their 3d ct images with scatter and beam hardening correction,TJBIK4CW,3D Digital Modeling of Dental Casts from Their 3D CT Images with Scatter and Beam-Hardening Correction,3,【原因代码】: 3
drug loaded zeolite imidazole framework 8 functionalized bioglass scaffolds with antibacterial activity for bone repair,JB7FHYXL,Drug-loaded zeolite imidazole framework-8-functionalized bioglass scaffolds with antibacterial activity for bone repair,1,【原因代码】: 1
bdnf loaded pdadmac heparin multilayers a novel approach for neuroblastoma cell study,ARDMFN5F,BDNF-loaded PDADMAC-heparin multilayers: a novel approach for neuroblastoma cell study,1,【原因代码】: 1
circular rna itch an emerging multifunctional regulator,5BJSYVNC,Circular RNA ITCH: An Emerging Multifunctional Regulator,1,【原因代码】: 1
idnet a diffusion model enhanced framework for accurate cranio maxillofacial bone defect repair,CRTLD8EM,IDNet: A Diffusion Model-Enhanced Framework for Accurate Cranio-Maxillofacial Bone Defect Repair,3,【原因代码】: 3
optimized placement of sensor networks by machine learning for microclimate evaluation,YTNVC9S6,Optimized placement of sensor networks by machine learning for microclimate evaluation,1,【原因代码】: 1
evaluation of systemic and mucosal immune responses induced by a nasal powder delivery system in conjunction with an ova antigen in cynomolgus monkeys,Z6NX6RST,Evaluation of Systemic and Mucosal Immune Responses Induced by a Nasal Powder Delivery System in Conjunction with an OVA Antigen in Cynomolgus Monkeys,1,【原因代码】: 1
removable complete denture with a metal base integration of digital design and conventional fabrication techniques,UPIIQ5SQ,Removable complete denture with a metal base: Integration of digital design and conventional fabrication techniques,3,【原因代码】: 3
nmr based clinical metabolomics for predictive screening of gestational diabetes mellitus gdm during the first trimester a pilot study on north indian population,IMA6LIJS,NMR-based clinical metabolomics for predictive screening of gestational diabetes mellitus (GDM) during the first trimester: a pilot study on North Indian population,1,【原因代码】: 1
dimensional measurement accuracy of 3 dimensional models from cone beam computed tomography using different voxel sizes,BRDTGEI3,Dimensional measurement accuracy of 3-dimensional models from cone beam computed tomography using different voxel sizes,3,【原因代码】: 3
evaluation of zirconia and high performance polymer abutment surface roughness and stress concentration for implant supported fixed dental prostheses,S2SASU6I,Evaluation of Zirconia and High Performance Polymer Abutment Surface Roughness and Stress Concentration for Implant-Supported Fixed Dental Prostheses,3,【原因代码】: 3
soft tissue changes associated with class iii orthopaedic treatment in growing patients a systematic review and meta analysis,534R4TGE,Soft tissue changes associated with Class III orthopaedic treatment in growing patients: a systematic review and meta-analysis,2,【原因代码】: 2
addition of progesterone to feminizing gender affirming hormone therapy in transgender individuals for breast development a randomized controlled trial,F72QFWK7,Addition of progesterone to feminizing gender-affirming hormone therapy in transgender individuals for breast development: a randomized controlled trial,1,【原因代码】: 1
beyond silencing integrative multi omics and spatial profiling unravel the systems level role of pirnas in hbv driven hepatocarcinogenesis,I7M67463,Beyond silencing: integrative multi-omics and spatial profiling unravel the systems-level role of piRNAs in HBV-driven Hepatocarcinogenesis,1,【原因代码】: 1
computer assisted preoperative planning system with an automated registration method in prosthesis driven oral implantology,LQ9NU9KT,Computer-assisted preoperative planning system with an automated registration method in prosthesis-driven oral implantology,3,【原因代码】: 3
future space experiment platforms for astrobiology and astrochemistry research,8GTSHGAM,Future space experiment platforms for astrobiology and astrochemistry research,1,【原因代码】: 1
an explainable deep learning model for dental caries detection and segmentation,F9ZHLP87,An explainable deep learning model for dental caries detection and segmentation,3,【原因代码】: 3
what s in a nam,2IGXI3JV,What's in a NAM?,1,【原因代码】: 1
critical assessment of variant prioritization methods for rare disease diagnosis within the rare genomes project,9GK8UULZ,Critical assessment of variant prioritization methods for rare disease diagnosis within the rare genomes project,1,【原因代码】: 1
toward best practice in cancer mutation detection with whole genome and whole exome sequencing,V8MVPXY6,Toward best practice in cancer mutation detection with whole-genome and whole-exome sequencing,1,【原因代码】: 1
assessment of the fitness of removable partial denture frameworks manufactured using additive manufacturing selective laser melting,K24X7NTJ,Assessment of the fitness of removable partial denture frameworks manufactured using additive manufacturing/selective laser melting,3,【原因代码】: 3
3d printing vs conventional wax patterns a comparative in vitro study on retention of rpd framework,EXD2A2LP,3D printing vs. conventional wax patterns: a comparative in vitro study on retention of RPD framework,3,【原因代码】: 3
comparison between relining of ill fitted maxillary complete denture versus cad cam milling of new one regarding patient satisfaction denture retention and adaptation,4JN55E2T,"Comparison between relining of ill-fitted maxillary complete denture versus CAD/CAM milling of new one regarding patient satisfaction, denture retention and adaptation",3,【原因代码】: 3
enhancing airway obstruction diagnosis with multimodal 3d shape analysis,YTY8B4LH,Enhancing airway obstruction diagnosis with multimodal 3D shape analysis,3,【原因代码】: 3
diagnosis of obstructive sleep apnea with prediction of flow characteristics according to airway morphology automatically extracted from medical images computational fluid dynamics and artificial intelligence approach,7HJFTLY7,Diagnosis of obstructive sleep apnea with prediction of flow characteristics according to airway morphology automatically extracted from medical images: Computational fluid dynamics and artificial intelligence approach,1,【原因代码】: 1
assessment of reference areas for superimposition of serial 3d models of patients with advanced periodontitis for volumetric soft tissue evaluation,YJXEXZBL,Assessment of reference areas for superimposition of serial 3D models of patients with advanced periodontitis for volumetric soft tissue evaluation,3,【原因代码】: 3
geodesic heatmap based segmentation free framework for robust tooth landmark detection,3WUJLJWW,Geodesic heatmap-based segmentation-free framework for robust tooth landmark detection,3,【原因代码】: 3
diagnostic agreement between visual examination and an automated scanner system with fluorescence for detecting and classifying occlusal carious lesions in primary teeth,G3CI4KFG,Diagnostic agreement between visual examination and an automated scanner system with fluorescence for detecting and classifying occlusal carious lesions in primary teeth,3,【原因代码】: 3
a deep learning based framework for the registration of three dimensional multi modal medical images of the head,ZQTUXBVQ,A deep learning based framework for the registration of three dimensional multi-modal medical images of the head,1,【原因代码】: 1
multi view deep fusion for forensic dental age estimation in tomographic imaging,S9X9MBYM,Multi-view deep fusion for forensic dental age estimation in tomographic imaging,1,【原因代码】: 1
augmented reality assisted micro invasive apicectomy with markerless visual inertial odometry an in vivo pilot study,72VTFG8B,Augmented Reality-Assisted Micro-Invasive Apicectomy with Markerless Visual-Inertial Odometry: An In Vivo Pilot Study,3,【原因代码】: 3
new generation cad cam materials for implant supported definitive frameworks fabricated by using subtractive technologies,KRNC254H,New generation CAD-CAM materials for implant-supported definitive frameworks fabricated by using subtractive technologies,2,【原因代码】: 2
a review on the application of deep learning for ct reconstruction bone segmentation and surgical planning in oral and maxillofacial surgery,V7ZYEJG4,"A review on the application of deep learning for CT reconstruction, bone segmentation and surgical planning in oral and maxillofacial surgery",2,【原因代码】: 2
mixed reality combined with surgical navigation versus conventional navigation for resection of oral and maxillofacial tumors a comparative study,ZC52QN7Q,Mixed reality combined with surgical navigation versus conventional navigation for resection of oral and maxillofacial tumors: a comparative study,3,【原因代码】: 3
allocation and scheduling of digital dentistry services in a dental cloud manufacturing system,2WYXKJXF,Allocation and scheduling of digital dentistry services in a dental cloud manufacturing system,3,【原因代码】: 3
accuracy of endodontic access cavities performed using an augmented reality appliance an in vitro study,VIUWMA2F,Accuracy of Endodontic Access Cavities Performed Using an Augmented Reality Appliance: An In Vitro Study,3,【原因代码】: 3
an improved quaternary complementary gray code phase unwrapping method in fringe projection profilometry,QMFECUD4,An improved quaternary complementary Gray code phase unwrapping method in fringe projection profilometry,1,【原因代码】: 1
3d monitoring of toothbrushing regions and force using multimodal sensors and unity,SM98IZIT,3D Monitoring of Toothbrushing Regions and Force Using Multimodal Sensors and Unity,3,【原因代码】: 3
application of 3d tooth model for monitoring of implant space and inter root distance without radiographs a proof of concept study,FWBSJBCF,Application of 3D tooth model for monitoring of implant space and inter-root distance without radiographs: a proof of concept study,3,【原因代码】: 3
aquila particle swarm based cooperative search optimizer with superpixel techniques for epithelial layer segmentation,MLN8KSCM,Aquila-particle swarm based cooperative search optimizer with superpixel techniques for epithelial layer segmentation,3,【原因代码】: 3
the key technologies of a computer aided design system for removable partial denture frameworks,SNXN2D7A,The key technologies of a computer-aided design system for removable partial denture frameworks,3,【原因代码】: 3
3d distribution of dental plaque on occlusal surface using 2d fluorescence image to 3d surface registration,V48PVENJ,3D distribution of dental plaque on occlusal surface using 2D-fluorescence-image to 3D-surface registration,3,【原因代码】: 3
laboratory efficiency of additive manufacturing for removable denture frameworks a literature based review,R8UHSTK3,Laboratory efficiency of additive manufacturing for removable denture frameworks: A literature-based review,2,【原因代码】: 2
contemporary use of polymers in dentistry a narrative review,7WBHCBTC,Contemporary Use of Polymers in Dentistry: A Narrative Review,2,【原因代码】: 2
geometric accuracy of magnetic resonance imaging derived virtual 3 dimensional bone surface models of the mandible in comparison to computed tomography and cone beam computed tomography a porcine cadaver study,4SXNSXGG,Geometric accuracy of magnetic resonance imaging-derived virtual 3-dimensional bone surface models of the mandible in comparison to computed tomography and cone beam computed tomography: A porcine cadaver study,3,【原因代码】: 3
lmvsegrnn and poseidon3d addressing challenging teeth segmentation cases in 3d dental surface orthodontic scans,R7ISRWUL,LMVSegRNN and Poseidon3D: Addressing Challenging Teeth Segmentation Cases in 3D Dental Surface Orthodontic Scans,3,【原因代码】: 3
comparison of the overall fit of three unit posterior fixed dental prostheses fabricated with laser sintering and conventional casting methods,WTXDAWTN,Comparison of the overall fit of three-unit posterior fixed dental prostheses fabricated with laser sintering and conventional casting methods,3,【原因代码】: 3
accuracy of cad cam systems for removable partial denture framework fabrication a systematic review,HDHJW59L,Accuracy of CAD -CAM systems for removable partial denture framework fabrication: A systematic review,2,【原因代码】: 2
robust segmentation of partial and imperfect dental arches,TII25L59,Robust Segmentation of Partial and Imperfect Dental Arches,3,【原因代码】: 3
a robotic platform for navigated intraoperative 3d printing of patient specific implants,FZ7YD4JS,A robotic platform for navigated intraoperative 3D printing of patient-specific implants,1,【原因代码】: 1
advances in digital technologies in dental medicine enhancing precision in virtual articulators,PCJ6AFSN,Advances in Digital Technologies in Dental Medicine: Enhancing Precision in Virtual Articulators,2,【原因代码】: 2
effect of peri implant bone resorption on mechanical stress in the implant body in vivo measured load based finite element analysis,NJ5KK25B,Effect of peri-implant bone resorption on mechanical stress in the implant body: In vivo measured load-based finite element analysis,3,【原因代码】: 3
accuracy evaluation of dental cbct and scanned model registration method based on pulp horn mapping surface an in vitro proof of concept,2U8ZWJEZ,Accuracy evaluation of dental CBCT and scanned model registration method based on pulp horn mapping surface: an in vitro proof-of-concept,3,【原因代码】: 3
robot assisted augmented reality navigation for osteotomy and personalized guide plate in mandibular reconstruction a preclinical study,WVD49PF9,Robot-assisted augmented reality navigation for osteotomy and personalized guide-plate in mandibular reconstruction: a preclinical study,3,【原因代码】: 3
real time motion compensation for dynamic dental implant surgery,K25V69CH,Real-Time Motion Compensation for Dynamic Dental Implant Surgery,3,【原因代码】: 3
an overview of selective laser sintering 3d printing technology for biomedical and sports device applications processes materials and applications,KPAT4YHU,"An overview of selective laser sintering 3D printing technology for biomedical and sports device applications: Processes, materials, and applications",2,【原因代码】: 2
differentiation of benign and malignant oral lesions through surface texture analysis and svm modeling,BI5PRGUX,Differentiation of benign and malignant oral lesions through surface texture analysis and SVM modeling,3,【原因代码】: 3
evaluation of the fatigue strength of a cad cam nanoceramic resin crown on titanium and zirconia titanium abutments,G2ET6V96,Evaluation of the Fatigue Strength of a CAD-CAM Nanoceramic Resin Crown on Titanium and Zirconia-Titanium Abutments,3,【原因代码】: 3
passive fit and time efficiency for prefabricated versus conventionally constructed cobalt chromium cad textbackslashcam 3 unit implant supported frameworks in free end saddle models a pilot invitro study,8HPQKBVZ,Passive fit and time efficiency for prefabricated versus conventionally constructed cobalt chromium CAD\textbackslashCAM 3-unit implant supported frameworks in free end saddle models: a pilot invitro study,3,【原因代码】: 3
leveraging solid solubility and miscibility of etoricoxib in soluplus towards manufacturing of 3d printed etoricoxib tablets by additive manufacturing,5BZNI5MC,Leveraging solid solubility and miscibility of etoricoxib in Soluplus? towards manufacturing of 3D printed etoricoxib tablets by additive manufacturing,1,【原因代码】: 1
current development status of additive manufacturing technologies for fabricating removable partial denture frameworks a literature review,C73CFKZT,Current development status of additive manufacturing technologies for fabricating removable partial denture frameworks: a literature review,2,【原因代码】: 2
a deep learning framework for automated dental segmentation and diagnostic report generation from cone beam computed tomography,4BR99TM2,A deep learning framework for automated dental segmentation and diagnostic report generation from cone-beam computed tomography,3,【原因代码】: 3
dental implant abutment fracture resistance and wear induced by single unit screw retained cad components fabricated by four cam methods after mechanical cycling,IUBFVLSW,Dental implant-abutment fracture resistance and wear induced by single-unit screw-retained CAD components fabricated by four CAM methods after mechanical cycling,3,【原因代码】: 3
clinical performance of partial and full coverage fixed dental restorations fabricated from hybrid polymer and ceramic cad cam materials a systematic review and meta analysis,4LIEPYNX,Clinical Performance of Partial and Full-Coverage Fixed Dental Restorations Fabricated from Hybrid Polymer and Ceramic CAD/CAM Materials: A Systematic Review and Meta-Analysis,2,【原因代码】: 2
clinical application of an intraoral scanner and cad cam system for a kennedy class i partially edentulous patient,4HJ9WGCQ,Clinical application of an intraoral scanner and CAD/CAM system for a Kennedy class I partially edentulous patient,3,【原因代码】: 3
multi material 3d printing of a customized sports mouth guard proof of concept clinical case,IHJYACL8,Multi-Material 3D Printing of a Customized Sports Mouth Guard: Proof-of-Concept Clinical Case,3,【原因代码】: 3
a resource sharing approach for pss enabled additive manufacturing platform,MT46QW8Q,A resource sharing approach for PSS-enabled additive manufacturing platform,3,【原因代码】: 3
a rapid advancing image segmentation approach in dental to predict cryst,SD6KI78W,A Rapid Advancing Image Segmentation Approach in Dental to Predict Cryst,3,【原因代码】: 3
automatic segmentation of the carotid artery and internal jugular vein from 2d ultrasound images for 3d vascular reconstruction,8F7GPG9S,Automatic segmentation of the carotid artery and internal jugular vein from 2D ultrasound images for 3D vascular reconstruction,1,【原因代码】: 1
morphological comparison between artificial intelligence driven and manual cad design in single tooth restoration a preliminary study,345A5AVQ,Morphological comparison between artificial intelligence-driven and manual CAD design in single tooth restoration: a preliminary study,3,【原因代码】: 3
precise quantification of angiogenesis in 3d biomaterials using in vitro cam models enhancing 3rs in research and minimizing in vivo dependency,5E8EH5NC,Precise Quantification of Angiogenesis in 3D Biomaterials Using in Vitro CAM Models: Enhancing 3Rs in Research and Minimizing in Vivo Dependency,1,【原因代码】: 1
randomized clinical trial of the accuracy of patient specific implants versus cad cam splints in orthognathic surgery,KLY4HDFN,Randomized Clinical Trial of the Accuracy of Patient-Specific Implants versus CAD/CAM Splints in Orthognathic Surgery,3,【原因代码】: 3
exploring palatal and dental shape variation with 3d shape analysis and geometric deep learning,4KQH2TR5,Exploring palatal and dental shape variation with 3D shape analysis and geometric deep learning,3,【原因代码】: 3
validation of a novel tool for automated tooth modelling by fusion of cbct derived roots with the respective ios derived crowns,49PG86KL,Validation of a novel tool for automated tooth modelling by fusion of CBCT-derived roots with the respective IOS-derived crowns,3,【原因代码】: 3
the impact of open versus closed computer aided design computer aided manufacturing systems on the marginal gap of zirconia reinforced lithium silicate single crowns evaluated by scanning electron microscopy a comparative in vitro study,MWC6EET8,The Impact of Open versus Closed Computer-Aided Design/Computer-Aided Manufacturing Systems on the Marginal Gap of Zirconia-Reinforced Lithium Silicate Single Crowns Evaluated by Scanning Electron Microscopy: A Comparative In Vitro Study,3,【原因代码】: 3
maximizing the virtual surgical planning session for orthognathic surgery,TM39UHVG,Maximizing the Virtual Surgical Planning Session for Orthognathic Surgery,2,【原因代码】: 2
3d modelling and x ray depth analysis map of the pulp with computer software via digital periapical radiography and cone beam computed tomography,AGVFZ3RW,3D modelling and x-ray depth analysis map of the pulp with computer software via digital periapical radiography and cone beam computed tomography,3,【原因代码】: 3
optimizing resin shrinkage in additive manufacturing through supervised pathways leveraging machine learning in dentistry,HUMYEQ95,Optimizing resin shrinkage in additive manufacturing through supervised pathways: Leveraging machine learning in dentistry,3,【原因代码】: 3
mechanical properties and biocompatibility of 3d printing acrylic material with bioactive components,JQFBPBTC,Mechanical Properties and Biocompatibility of 3D Printing Acrylic Material with Bioactive Components,3,【原因代码】: 3
does cad software affect the marginal and internal fit of milled full ceramic crowns,YW7JPGUN,Does cad software affect the marginal and internal fit of milled full ceramic crowns?,3,【原因代码】: 3
realization of a dental framework by 3d printing in material cobalt chromium with superior precision and fitting accuracy,4QDY3R9M,Realization of a Dental Framework by 3D Printing in Material Cobalt-Chromium with Superior Precision and Fitting Accuracy,3,【原因代码】: 3
teeth segmentation in panoramic dental x ray using mask regional convolutional neural network,DQC6CF2F,Teeth Segmentation in Panoramic Dental X-ray Using Mask Regional Convolutional Neural Network,3,【原因代码】: 3
3d printing of chewable oral tablets using drug nanosuspension inks an experimental and machine learning study,SAQED9KP,3D Printing of chewable oral tablets using drug nanosuspension inks: an experimental and machine learning study,1,【原因代码】: 1
automated 3d printing of pediatric furosemide tablets a personalized medicine approach using semi solid extrusion and nir monitoring,MG5V3AXW,Automated 3D printing of pediatric furosemide tablets: A personalized medicine approach using semi-solid extrusion and NIR monitoring,1,【原因代码】: 1
combination of digital and conventional workflows in the cad cam fabrication of an implant supported overdenture,SPNK43TB,Combination of Digital and Conventional Workflows in the CAD/CAM-Fabrication of an Implant-Supported Overdenture,3,【原因代码】: 3
ai assisted cbct data management in modern dental practice benefits limitations and innovations,4BM4MVRA,"AI-Assisted CBCT Data Management in Modern Dental Practice: Benefits, Limitations and Innovations",2,【原因代码】: 2
an enhanced cad system based on machine learning algorithm for brain mri classification,VBMMA9IP,An enhanced CAD system based on machine Learning Algorithm for brain MRI classification,1,【原因代码】: 1
tooth segmentation and gingival tissue deformation framework for 3d orthodontic treatment planning and evaluating,UCAQGWW6,Tooth segmentation and gingival tissue deformation framework for 3D orthodontic treatment planning and evaluating,3,【原因代码】: 3
research on panoramic stitching algorithm of lateral cranial sequence images in dental multifunctional cone beam computed tomography,TFCJ859I,Research on Panoramic Stitching Algorithm of Lateral Cranial Sequence Images in Dental Multifunctional Cone Beam Computed Tomography,3,【原因代码】: 3
optimizing orthognathic surgery leveraging the average skull as a dynamic template for surgical simulation and planning in 30 patient cases,JH54KM88,Optimizing Orthognathic Surgery: Leveraging the Average Skull as a Dynamic Template for Surgical Simulation and Planning in 30 Patient Cases,3,【原因代码】: 3
fully digital versus conventional workflows for fabricating posterior three unit implant supported reconstructions a prospective crossover clinical trial,YYC34XSZ,Fully Digital versus Conventional Workflows for Fabricating Posterior Three-Unit Implant-Supported Reconstructions: A Prospective Crossover Clinical Trial,3,【原因代码】: 3
optimization of petg 3d printing parameters for the design and development of biocompatible bone implants,5PW99INS,Optimization of PETG 3D printing parameters for the design and development of biocompatible bone implants,1,【原因代码】: 1
comparison of the accuracy of bracket positioning between direct and digital indirect bonding techniques in the maxillary arch a three dimensional study,ZAEM42C7,Comparison of the accuracy of bracket positioning between direct and digital indirect bonding techniques in the maxillary arch: a three-dimensional study,3,【原因代码】: 3
deep learning for automated mandibular canal segmentation in cbct scans,JNPCHWQL,Deep learning for automated mandibular canal segmentation in CBCT scans,3,【原因代码】: 3
extrusion based 3d printing of cross scale porous bone scaffolds and their micro topological structures for bone repair,NZ84ZXUF,Extrusion-based 3D printing of cross-scale porous bone scaffolds and their micro-topological structures for bone repair,1,【原因代码】: 1
root canal treatment planning by automatic tooth and root canal segmentation in dental cbct with deep multi task feature learning,I73XE6IF,Root canal treatment planning by automatic tooth and root canal segmentation in dental CBCT with deep multi-task feature learning,3,【原因代码】: 3
the use of peek in digital prosthodontics a narrative review,QGPRZXIZ,The use of PEEK in digital prosthodontics: A narrative review,2,【原因代码】: 2
digital workflow in maxillofacial prosthodontics an update on defect data acquisition editing and design using open source and commercial available software,WGT8X3QL,"Digital Workflow in Maxillofacial Prosthodontics-An Update on Defect Data Acquisition, Editing and Design Using Open-Source and Commercial Available Software",2,【原因代码】: 2
a novel technique for maxillary regional superimposition using merged cbcts and intra oral scans,SWR4VY3Q,A novel technique for maxillary regional superimposition using merged CBCTs and intra-oral scans,2,【原因代码】: 2
influence of exposure protocol voxel size and artifact removal algorithm on the trueness of segmentation utilizing an artificial intelligence based system,7VE5J5DD,"Influence of exposure protocol, voxel size, and artifact removal algorithm on the trueness of segmentation utilizing an artificial-intelligence-based system",3,【原因代码】: 3
refined tooth and pulp segmentation using u net in cbct image,VJ3W9JV3,Refined tooth and pulp segmentation using U-Net in CBCT image,3,【原因代码】: 3
an automatic tooth reconstruction method based on multimodal data,74EZSZJP,An automatic tooth reconstruction method based on multimodal data,3,【原因代码】: 3
an alternative digital workflow for 3d virtual patient construction integrating intraoral facial and cbct data for esthetic and occlusal planning,QIK2SRY7,"An Alternative Digital Workflow for 3D Virtual Patient Construction Integrating Intraoral, Facial, and CBCT Data for Esthetic and Occlusal Planning",3,【原因代码】: 3
effect of acidic saliva on monomer leaching and surface roughness of 3d printed and milled denture base materials,JJ3KRVA4,Effect of acidic saliva on monomer leaching and surface roughness of 3D-printed and milled denture-base materials,3,【原因代码】: 3
orthomatch net unsupervised registration of orthodontic dental point clouds via hierarchical attention feature modeling and bidirectional matching mechanism,4JTW49FR,OrthoMatch-Net: Unsupervised registration of orthodontic dental point clouds via hierarchical attention feature modeling and bidirectional matching mechanism,3,【原因代码】: 3
a novel fluoride tray assisted workflow for artificial intelligence driven automated maxillary gingival segmentation on cone beam ct,X4AMPF75,A novel fluoride tray-assisted workflow for artificial intelligence-driven automated maxillary gingival segmentation on cone beam CT,3,【原因代码】: 3
influence of contemporary cad cam milling systems on the fit and adaptation of partially stabilized zirconia fixed partial dentures,QFTSW5DN,Influence of contemporary CAD-CAM milling systems on the fit and adaptation of partially stabilized Zirconia fixed partial dentures,3,【原因代码】: 3
in vivo trueness of full arch implant supported cad cam restorations and models based on conventional impressions,NM4KD692,In vivo trueness of full-arch implant-supported CAD/CAM restorations and models based on conventional impressions,3,【原因代码】: 3
effect of printing layer thickness on the trueness and margin quality of 3d printed interim dental crowns,PGYSBHYW,Effect of Printing Layer Thickness on the Trueness and Margin Quality of 3D-Printed Interim Dental Crowns,3,【原因代码】: 3
impact of profile angle of cad cam abutment on the marginal bone loss of implant supported single tooth posterior restorations,92FDR9R4,Impact of profile angle of CAD-CAM abutment on the marginal bone loss of implant-supported single-tooth posterior restorations,3,【原因代码】: 3
increased rate of pseudarthrosis in the anterior intersegmental gap after mandibular reconstruction with fibula free flaps a volumetric analysis,M6X88YQR,Increased rate of pseudarthrosis in the anterior intersegmental gap after mandibular reconstruction with fibula free flaps: a volumetric analysis,3,【原因代码】: 3
iterative tomographic reconstruction with tv prior for low dose cbct dental imaging,AXWQZGS4,Iterative tomographic reconstruction with TV prior for low-dose CBCT dental imaging,3,【原因代码】: 3
evaluation of a dynamic navigation system for training students in dental implant placement,QRWDUFEU,Evaluation of a dynamic navigation system for training students in dental implant placement,3,【原因代码】: 3
tongue model construction based on ultrasound images with image processing and deep learning method,SSTCR6WQ,Tongue model construction based on ultrasound images with image processing and deep learning method,1,【原因代码】: 1
evaluation of differentiation of the umbilical cord blood derived mesenchymal stem cells into male germ line cells in two dimensional and three dimensional scaffolds containing naringin,D578TBEP,Evaluation of differentiation of the umbilical cord blood-derived mesenchymal stem cells into male germ-line cells in two-dimensional and three-dimensional scaffolds containing naringin,1,【原因代码】: 1
stress distribution of monolithic and veneered three unit zirconia fdps a finite element analysis,39AN7GMH,STRESS DISTRIBUTION OF MONOLITHIC AND VENEERED THREE-UNIT ZIRCONIA FDPS: A FINITE ELEMENT ANALYSIS,3,【原因代码】: 3
real time reconstruction of 3d bone models via very low dose protocols,BHF4V6RJ,Real-time reconstruction of 3D bone models via very-low-dose protocols,1,【原因代码】: 1
objective characterization of dental occlusal and fissure morphologies method development and exploratory analysis,LSHIDCRW,Objective characterization of dental occlusal and fissure morphologies: Method development and exploratory analysis,3,【原因代码】: 3
defects evolution during printing debinding and sintering for additive manufacturing of yttria stabilized zirconia,ES72J95F,"Defects evolution during printing, debinding and sintering for additive manufacturing of yttria stabilized zirconia",1,【原因代码】: 1
a computational framework for ffr estimation in right coronary arteries from cfd simulation to clinical validation,56CZPU7W,A Computational Framework for FFR Estimation in Right Coronary Arteries: From CFD Simulation to Clinical Validation,1,【原因代码】: 1
reproducibility and reliability of intraoral scanners for evaluating peri implant tissues and implant supported prostheses a cross sectional study,L5YURVCU,Reproducibility and Reliability of Intraoral Scanners for Evaluating Peri-Implant Tissues and Implant-Supported Prostheses: A Cross-Sectional Study,3,【原因代码】: 3
fit accuracy of removable partial denture frameworks fabricated with cad cam rapid prototyping and conventional techniques a systematic review,AY5XXZWQ,"Fit Accuracy of Removable Partial Denture Frameworks Fabricated with CAD/CAM, Rapid Prototyping, and Conventional Techniques: A Systematic Review",2,【原因代码】: 2
semi solid extrusion 3d printing of milk formula based paediatric chewable dosage forms,6N7XWM4G,Semi-solid extrusion 3D printing of milk formula-based paediatric chewable dosage forms,1,【原因代码】: 1
template based semantic guided orthodontic teeth alignment previewer,NTDPVXJB,Template-based semantic-guided orthodontic teeth alignment previewer,3,【原因代码】: 3
deep learning segmentation of mandible with lower dentition from cone beam ct,UN4CD2I2,Deep learning segmentation of mandible with lower dentition from cone beam CT,3,【原因代码】: 3
a graph enhanced self supervised framework for 3d tooth segmentation using contrastive masked autoencoders an in silico study,MF6WCLSC,A Graph-Enhanced Self-Supervised Framework for 3D Tooth Segmentation Using Contrastive Masked Autoencoders: An In Silico Study,3,【原因代码】: 3
principal component analysis of 3 dimensional facial soft tissue morphology in three adult populations,EI2TNAGK,Principal component analysis of 3-dimensional facial soft-tissue morphology in three adult populations,3,【原因代码】: 3
investigation of conventional vs nonoriginal cad cam bars with production stage differences an in vitro precision study using a novel technique,42EI79XL,Investigation of Conventional vs Nonoriginal CAD/CAM Bars with Production Stage Differences: An In Vitro Precision Study Using a Novel Technique,3,【原因代码】: 3
metal framework reinforcement in implant overdenture fabricated with a digital workflow and the double milling technique a dental technique,3DSF7TP6,Metal framework reinforcement in implant overdenture fabricated with a digital workflow and the double milling technique: A dental technique,3,【原因代码】: 3
patient specific soft tissue reconstruction an ideal stage i report of hemiglossectomy reconstruction and introduction of the pansofos flap,PYJJK2CK,Patient-specific soft tissue reconstruction: an IDEAL stage I report of hemiglossectomy reconstruction and introduction of the PANSOFOS flap,2,【原因代码】: 2
digital design of juxta osseous subperiosteal implant rehabilitation for severe maxillary atrophy,FU86IZAR,Digital Design of Juxta-Osseous Subperiosteal Implant Rehabilitation for Severe Maxillary Atrophy,3,【原因代码】: 3
a weakly supervised learning based segmentation network for dental diseases br,WSTHYA4T,A weakly supervised learning-based segmentation network for dental diseases br,3,【原因代码】: 3
a comprehensive study on additive manufacturing techniques machine learning integration and internet of things driven sustainability opportunities,QN62CWY4,"A Comprehensive Study on Additive Manufacturing Techniques, Machine Learning Integration, and Internet of Things-Driven Sustainability Opportunities",2,【原因代码】: 2
are cad cam milled glass fiber posts better than prefabricated or custom glass fiber posts for endodontically treated teeth a systematic review with meta analysis,L27QAUXP,Are CAD-CAM milled glass fiber posts better than prefabricated or custom glass fiber posts for endodontically treated teeth? A systematic review with meta-analysis,2,【原因代码】: 2
experimental validation of finite element simulation of a new custom designed fixation plate to treat mandibular angle fracture,I5942XPB,Experimental validation of finite element simulation of a new custom-designed fixation plate to treat mandibular angle fracture,3,【原因代码】: 3
finite element analysis of the performance of additively manufactured scaffolds for scapholunate ligament reconstruction,WM585CHN,Finite element analysis of the performance of additively manufactured scaffolds for scapholunate ligament reconstruction,1,【原因代码】: 1
in vitro evaluation of material dependent force damping behavior of implant supported restorations using different cad cam materials and luting conditions,8BZTZAFZ,In vitro evaluation of material dependent force damping behavior of implant-supported restorations using different CAD-CAM materials and luting conditions,3,【原因代码】: 3
learning center and boundary aware instance representation for 3d tooth segmentation,PX77W3FF,Learning center-and boundary-aware instance representation for 3D tooth segmentation,3,【原因代码】: 3
impact of the veneering technique and framework material on the failure loads of all ceramic computer aided design computer aided manufacturing fixed partial dentures,A4ENMSWJ,Impact of the Veneering Technique and Framework Material on the Failure Loads of All-Ceramic Computer-Aided Design/Computer-Aided Manufacturing Fixed Partial Dentures,3,【原因代码】: 3
clinical relevant haptic simulation learning and training in tooth preparation,WJSDRGMW,Clinical relevant haptic simulation learning and training in tooth preparation,3,【原因代码】: 3
transformer based tooth classification from cone beam computed tomography for dental charting,RJS66AD2,Transformer based tooth classification from cone-beam computed tomography for dental charting,3,【原因代码】: 3
3d printing titanium grid scaffold facilitates osteogenesis in mandibular segmental defects,QLSFY6I6,3D printing titanium grid scaffold facilitates osteogenesis in mandibular segmental defects,3,【原因代码】: 3
development of photoreactive demineralized bone matrix 3d printing colloidal inks for bone tissue engineering,EXGJ4ZB3,Development of photoreactive demineralized bone matrix 3D printing colloidal inks for bone tissue engineering,1,【原因代码】: 1
increased stress concentration in prosthesis adhesive cement and periodontal tissue with zirconia rbfdps by the reduced alveolar bone height,DEQZTLEK,"Increased Stress Concentration in Prosthesis, Adhesive Cement, and Periodontal Tissue with Zirconia RBFDPs by the Reduced Alveolar Bone Height",3,【原因代码】: 3
biomechanical effects of platform diameter and screw length in an abutment free tissue level implant system compared with a ti base configuration 3d finite element analysis,H9GBH348,Biomechanical Effects of Platform Diameter and Screw Length in an Abutment-Free Tissue-Level Implant System Compared with a Ti-Base Configuration: 3D Finite Element Analysis,3,【原因代码】: 3
effectiveness of a 3d simulation tool to teach the designing of metal removable partial dentures a mixed method study,XI5WDDJD,Effectiveness of a 3D simulation tool to teach the designing of metal removable partial dentures: A mixed-method study,3,【原因代码】: 3
3d printing in alloy design to improve biocompatibility in metallic implants,FWQMZQPF,3D Printing in alloy design to improve biocompatibility in metallic implants,3,【原因代码】: 3
an in vitro study using confocal laser scanning microscopy to evaluate the marginal misfits of different implant supported frameworks,P8ASA5T4,An in vitro study using confocal laser scanning microscopy to evaluate the marginal misfits of different implant-supported frameworks,3,【原因代码】: 3
effect of specific retention biomaterials for ball attachment on the biomechanical response of single implant supported overdenture a finite element analysis,R59DJDHH,Effect of specific retention biomaterials for ball attachment on the biomechanical response of single implant-supported overdenture: A finite element analysis,3,【原因代码】: 3
a self supervised framework for mesh denoising using graph neural networks in dental applications,5BHS8QW3,A self-supervised framework for mesh denoising using graph neural networks in dental applications,3,【原因代码】: 3
a novel mixed reality guided dental implant placement navigation system based on virtual actual registration,ZNFMJ2ER,A novel mixed reality-guided dental implant placement navigation system based on virtual-actual registration,3,【原因代码】: 3
integrating virtual reality game based learning to enhance metacognition in medical anatomy education,84IHIU93,Integrating Virtual Reality Game-Based Learning to Enhance Metacognition in Medical Anatomy Education,1,【原因代码】: 1
few sampling meshes based 3d tooth segmentation via region aware graph convolutional network,R74WTZGY,Few sampling meshes-based 3D tooth segmentation via region-aware graph convolutional network,3,【原因代码】: 3
automatic digital design of the occlusal anatomy of monolithic zirconia crowns compared to dental technicians digital waxing a controlled clinical trial,4WN7X8V9,Automatic Digital Design of the Occlusal Anatomy of Monolithic Zirconia Crowns Compared to Dental Technicians' Digital Waxing: A Controlled Clinical Trial,3,【原因代码】: 3
self supervised region aware segmentation of covid 19 ct images using 3d gan and contrastive learning,B8BX8HUQ,Self-supervised region-aware segmentation of COVID-19 CT images using 3D GAN and contrastive learning,1,【原因代码】: 1
fracture load of cad cam fabricated cantilever implant supported zirconia framework an in vitro study,CUX7QVQU,Fracture Load of CAD/CAM Fabricated Cantilever Implant-Supported Zirconia Framework: An In Vitro Study,3,【原因代码】: 3
effect of internal structural design on stress distribution in 3d printed subperiosteal implants under mechanical loading,9SNK3E6R,Effect of Internal Structural Design on Stress Distribution in 3D-Printed Subperiosteal Implants Under Mechanical Loading,3,【原因代码】: 3
development of ann model for predicting mechanical properties of 3d printed peek polymer using fdm and optimization of process parameters for better mechanical properties,WRZG7CHI,Development of ANN model for predicting mechanical properties of 3D printed PEEK polymer using FDM and optimization of process parameters for better mechanical properties,1,【原因代码】: 1
a generic tomography based conforming finite elements model,ESNHF557,A generic tomography-based conforming finite elements model,3,【原因代码】: 3
adaptive multi resolution hash encoding framework for inr based dental cbct reconstruction with truncated fov,NYVMJ3BG,Adaptive multi-resolution hash-encoding framework for INR-based dental CBCT reconstruction with truncated FOV,3,【原因代码】: 3
an automated and time efficient framework for simulation of coronary blood flow under steady and pulsatile conditions,4TJK47W9,An automated and time-efficient framework for simulation of coronary blood flow under steady and pulsatile conditions,1,【原因代码】: 1
enabling complex fibre geometries using 3d printed axon mimetic phantoms,5QNKAX9U,Enabling Complex Fibre Geometries Using 3D Printed Axon-Mimetic Phantoms,1,【原因代码】: 1
the microbiological effect of virgin coconut oil on the morphological and volumetric dimensional changes of 3d printed surgical guides in vitro study,QNI34BLU,The microbiological effect of virgin coconut oil on the morphological and volumetric dimensional changes of 3D printed surgical guides (in vitro study),3,【原因代码】: 3
multi wavelength centrifugal processing enables 3d printing of functionally graded medical devices construction and validation of mechanically tunable orthodontic aligners,SNLL5RGP,Multi-wavelength centrifugal processing enables 3D printing of functionally graded medical devices: Construction and validation of mechanically tunable orthodontic aligners,3,【原因代码】: 3
enhancing preclinical training for removable partial dentures through participatory 3d simulation development and usability study,43A22ISN,Enhancing Preclinical Training for Removable Partial Dentures Through Participatory 3D Simulation: Development and Usability Study,3,【原因代码】: 3
effect of print orientation of 3d printed aligner templates on the volumetric accuracy of transferred composite attachments an in vitro study,R6YFN9SG,Effect of print orientation of 3D-printed aligner templates on the volumetric accuracy of transferred composite attachments: an in vitro study,3,【原因代码】: 3
automatic detection of symmetry plane for computer aided surgical simulation in craniomaxillofacial surgery,S44WCZRB,Automatic detection of symmetry plane for computer-aided surgical simulation in craniomaxillofacial surgery,3,【原因代码】: 3
digital model superimpositions are different software algorithms equally accurate in quantifying linear tooth movements,J4VD92PC,Digital model superimpositions: are different software algorithms equally accurate in quantifying linear tooth movements?,3,【原因代码】: 3
3d intraoral scan and diagnostic plaster model under general data protection regulation legal protection,R8FSQM6B,3D intraoral scan and diagnostic plaster model under General Data Protection Regulation-Legal protection,2,【原因代码】: 2
personalised implant path prediction and dynamic motion trajectory smoothing for robotic dental implant surgery,M4GXZXL8,Personalised Implant Path Prediction and Dynamic Motion Trajectory Smoothing for Robotic Dental Implant Surgery,3,【原因代码】: 3
a digital workflow for the fabrication of a milled removable partial denture,2REVVA6Z,A Digital Workflow for the Fabrication of a Milled Removable Partial Denture,3,【原因代码】: 3
the effects of additive manufacturing technologies and finish line designs on the trueness and dimensional stability of 3d printed dies,K82RU7NF,The effects of additive manufacturing technologies and finish line designs on the trueness and dimensional stability of 3D-printed dies,3,【原因代码】: 3
sailfish optimization with deep learning based oral cancer classification model,VX3SHB2K,Sailfish Optimization with Deep Learning Based Oral Cancer Classification Model,3,【原因代码】: 3
miccai sts 2024 challenge semi supervised instance level tooth segmentation in panoramic x ray and cbct images,FT2YRR74,MICCAI STS 2024 challenge: Semi-supervised instance-level tooth segmentation in panoramic X-ray and CBCT images,2,【原因代码】: 2
teeth mold point cloud completion via data augmentation and hybrid rl gan,DJ3W6TQG,Teeth Mold Point Cloud Completion Via Data Augmentation and Hybrid RL-GAN,3,【原因代码】: 3
influence of fabrication method on the manufacturing accuracy and internal discrepancy of removable partial dentures a systematic review and meta analysis,YANBDRZC,Influence of fabrication method on the manufacturing accuracy and internal discrepancy of removable partial dentures: A systematic review and meta-analysis,2,【原因代码】: 2
accuracy of surface adaptation of complete denture bases fabricated using milling material jetting selective laser sintering digital light processing and conventional injection molding,WTN9FG5S,"Accuracy of surface adaptation of complete denture bases fabricated using milling, material jetting, selective laser sintering, digital light processing, and conventional injection molding",3,【原因代码】: 3
accuracy assessment of removable partial denture frameworks fabricated by selective laser melting using two different workflows a cross over clinical study,VEYNSW2C,Accuracy assessment of removable partial denture frameworks fabricated by selective laser melting using two different workflows: A cross-over clinical study,3,【原因代码】: 3
comprehensive deciphering the complexity of the deep bite insight from animal model to human subjects,PCEP6D42,Comprehensive Deciphering the Complexity of the Deep Bite: Insight from Animal Model to Human Subjects,2,【原因代码】: 2
predicting 3d post orthodontic facial outcomes with a diffusion model trained on unpaired datasets,L9XBQG6L,Predicting 3D Post-Orthodontic Facial Outcomes With a Diffusion Model Trained on Unpaired Datasets,3,【原因代码】: 3
a risk based qtpp driven framework for semi solid extrusion 3d printing of personalized medicines integrating hospital compounding and clinical trial regulation,Q64BF4TA,"A risk-based, QTPP-driven framework for semi-solid extrusion 3d printing of personalized medicines: Integrating hospital compounding and clinical trial regulation",1,【原因代码】: 1
tooth automatic segmentation from cbct images a systematic review,KS28PL2B,Tooth automatic segmentation from CBCT images: a systematic review,2,【原因代码】: 2
preoperative planning framework for robot assisted dental implant surgery finite parameter surrogate model and optimization of instrument placement,7RG5Y6L8,Preoperative Planning Framework for Robot-Assisted Dental Implant Surgery: Finite-Parameter Surrogate Model and Optimization of Instrument Placement,3,【原因代码】: 3
fit and retention of complete denture bases part i e conventional versus cad cam methods a clinical controlled crossover study,P44D7LA4,Fit and retention of complete denture bases: Part I e Conventional versus CAD-CAM methods: A clinical controlled crossover study,3,【原因代码】: 3
deep learning for automated segmentation of the temporomandibular joint,JCCP8QRV,Deep learning for automated segmentation of the temporomandibular joint,3,【原因代码】: 3
enhancement of cone beam computed tomography dental maxillofacial images by sampling kantorovich algorithm,F9GVJVYF,Enhancement of Cone-Beam Computed Tomography Dental-Maxillofacial Images by Sampling Kantorovich Algorithm,3,【原因代码】: 3
deep learning for detection and 3d segmentation of maxillofacial bone lesions in cone beam ct,6QR3JDFT,Deep learning for detection and 3D segmentation of maxillofacial bone lesions in cone beam CT,3,【原因代码】: 3
deep fusion feature extraction for caries detection on dental panoramic radiographs,FF2WQENL,Deep Fusion Feature Extraction for Caries Detection on Dental Panoramic Radiographs,3,【原因代码】: 3
single stage bone resection and cranioplastic reconstruction comparison of a novel software derived peek workflow with the standard reconstructive method,RVYMPR5J,Single-stage bone resection and cranioplastic reconstruction: comparison of a novel software-derived PEEK workflow with the standard reconstructive method,1,【原因代码】: 1
cronodent i 3d interactive manual for self learning of the dental chronology of equines,BZ9TQX42,"Cronodent I, 3D interactive manual for self-learning of the dental chronology of equines",1,【原因代码】: 1
clinical performance and survival outcomes of milled versus pressed lithium disilicate veneers a systematic review,97YGH66V,Clinical Performance and Survival Outcomes of Milled Versus Pressed Lithium Disilicate Veneers: A Systematic Review,2,【原因代码】: 2
evaluation of osteogenic potential for rat adipose derived stem cells under xeno free environment,FB2S72TH,Evaluation of Osteogenic Potential for Rat Adipose-Derived Stem Cells under Xeno-Free Environment,3,【原因代码】: 3
explainable deep learning for age and gender estimation in dental cbct scans using attention mechanisms and multi task learning,GUNSSW5U,Explainable deep learning for age and gender estimation in dental CBCT scans using attention mechanisms and multi task learning,3,【原因代码】: 3
accuracy evaluation of 3d printed interim prosthesis fabrication using a cbct scanning based digital model,GJK4PJRZ,Accuracy evaluation of 3D printed interim prosthesis fabrication using a CBCT scanning based digital model,3,【原因代码】: 3
a progressive framework for tooth and substructure segmentation from cone beam ct images,MW3HM7CY,A progressive framework for tooth and substructure segmentation from cone-beam CT images,3,【原因代码】: 3
computerized generation of endodontic files by reproducing the flute grinding manufacturing process,2B8FAF4H,Computerized Generation of Endodontic Files by Reproducing the Flute Grinding Manufacturing Process,3,【原因代码】: 3
digital removable denture workflows in dental education a systematic review and curriculum development exploration,QPRKN26Y,Digital Removable Denture Workflows in Dental Education: A Systematic Review and Curriculum Development Exploration,2,【原因代码】: 2
mesh based segmentation for automated margin line generation on incisors receiving crown treatment,ERXN9CSV,Mesh-based segmentation for automated margin line generation on incisors receiving crown treatment,3,【原因代码】: 3
computer guided surgical exposure of palatally displaced canines a technical note,XW74K3B8,Computer-guided surgical exposure of palatally displaced canines: a technical note,3,【原因代码】: 3
a comparison of denture base retention and adaptation between cad cam and conventional fabrication techniques,34EC3W3G,A Comparison of Denture Base Retention and Adaptation Between CAD/CAM and Conventional Fabrication Techniques,3,【原因代码】: 3
precise tooth design using deep learning based templates,2XVKZXT9,Precise tooth design using deep learning-based templates,3,【原因代码】: 3
optimization of cbct data with image processing methods and production with fused deposition modeling 3d printing jul 10 1007 s11517 023 02889 w 2023,SY5783KW,"Optimization of CBCT data with image processing methods and production with fused deposition modeling 3D printing (JUL, 10.1007/s11517-023-02889-w, 2023)",2,【原因代码】: 2
automatic placement of simulated dental implants within cbct images in optimum positions a deep learning model,5ULQ4TSV,Automatic placement of simulated dental implants within CBCT images in optimum positions: a deep learning model,3,【原因代码】: 3
five years of radiographic evaluation for the peri implant bone changes of all on four implant prostheses constructed from different framework materials using different digital construction techniques,CR88F8X6,Five years of radiographic evaluation for the peri-implant bone changes of all-on-four implant prostheses constructed from different framework materials using different digital construction techniques,3,【原因代码】: 3
optimizing the esthetic outcome by using screw retained implant abutment crowns a 3 year clinical follow up,WDXU8KLT,Optimizing the esthetic outcome by using screw-retained implant abutment crowns: A 3-year clinical follow-up,3,【原因代码】: 3
revealing the representative facial traits of different sagittal skeletal types decipher what artificial intelligence can see by grad cam,7WKYIP2L,Revealing the representative facial traits of different sagittal skeletal types: decipher what artificial intelligence can see by Grad-CAM,3,【原因代码】: 3
b onic platform a single center clinical evaluation of an integrated fablab workflow for patient specific surgical planning and xr based validation,2TEAV3QA,B-onic Platform: A Single-Center Clinical Evaluation of an Integrated FabLab Workflow for Patient-Specific Surgical Planning and XR-Based Validation,1,【原因代码】: 1
estimating reference shape model for personalized surgical reconstruction of craniomaxillofacial defects,VTPR5HZL,Estimating Reference Shape Model for Personalized Surgical Reconstruction of Craniomaxillofacial Defects,3,【原因代码】: 3
research and development of the 3d printing system for clinical diagnosis of jaw cyst,SLEGAX59,Research and development of the 3D printing system for clinical diagnosis of jaw cyst,3,【原因代码】: 3
a platform combining automatic segmentation and automatic measurement of the maxillary sinus and adjacent structures,VNRCK3YD,A platform combining automatic segmentation and automatic measurement of the maxillary sinus and adjacent structures,3,【原因代码】: 3
automatic 3d teeth reconstruction from five intra oral photos using parametric teeth model,VD6R8JZN,Automatic 3D Teeth Reconstruction From Five Intra-Oral Photos Using Parametric Teeth Model,3,【原因代码】: 3
toward semantically consistent deformable 2d 3d registration for 3d craniofacial structure estimation from a single view lateral cephalometric radiograph,Y6J5I5QF,Toward Semantically-Consistent Deformable 2D-3D Registration for 3D Craniofacial Structure Estimation From a Single-View Lateral Cephalometric Radiograph,3,【原因代码】: 3
a systematic study of oral clinical therapy based on computer 3d modeling technology,I7X6LX6Z,A Systematic Study of Oral Clinical Therapy Based on Computer 3D Modeling Technology,3,【原因代码】: 3
enhancing maxillofacial surgery 3d printed models from ct scans for improved surgical planning,LFFHBJQR,Enhancing Maxillofacial Surgery: 3D-Printed Models from CT Scans for Improved Surgical Planning,3,【原因代码】: 3
research on advances in production of human dentition and dental bridges using additive manufacturing metal 3d printing,FEBJG2N6,Research on Advances in Production of Human Dentition and Dental Bridges Using Additive Manufacturing (Metal 3D Printing),2,【原因代码】: 2
automated measurements of tooth size and arch widths on cone beam computerized tomography and scan images of plaster dental models,9WZ73UZY,Automated Measurements of Tooth Size and Arch Widths on Cone-Beam Computerized Tomography and Scan Images of Plaster Dental Models,3,【原因代码】: 3
an ai based 3d dental modeling framework for digital twin dentistry,LFCVH2M3,An AI-Based 3D Dental Modeling Framework for Digital Twin Dentistry,3,【原因代码】: 3
acoustic 3d shape reconstruction of zygomatic bone for non invasive spatial registration,7XYMXFM2,Acoustic 3D Shape Reconstruction of Zygomatic Bone for Non-Invasive Spatial Registration,3,【原因代码】: 3
3d registration method based on mvfnet and super4pcs for nonhomologous face pointclouds,GMMYW9V7,3D Registration Method Based On MVFNet And Super4PCS For Nonhomologous Face Pointclouds,3,【原因代码】: 3
dental x ray segmentation and auto implant design based on convolutional neural network,Q5HUNS56,Dental X-ray Segmentation and Auto Implant Design Based on Convolutional Neural Network,3,【原因代码】: 3
estimating patient specific tooth reference model from cbct images for precise dental implant planning via point cloud diffusion model,ZKSR3KN4,Estimating Patient-specific Tooth Reference Model from CBCT Images for Precise Dental Implant Planning via Point Cloud Diffusion Model,3,【原因代码】: 3
distributed force measurement and mapping using pressure sensitive film and image processing for active and passive aligners on orthodontic attachments,9YS9C7RQ,Distributed Force Measurement and Mapping Using Pressure-Sensitive Film and Image Processing for Active and Passive Aligners on Orthodontic Attachments,3,【原因代码】: 3
carotid artery and thyroid gland artificial intelligence based automatic segmentation from ultrasound images qualitative evaluation of the segmentation results using 3d ultrasound reconstructions a preliminary study,D2Z7DU84,Carotid Artery and Thyroid Gland Artificial Intelligence Based Automatic Segmentation from Ultrasound Images - Qualitative Evaluation of the Segmentation Results using 3D Ultrasound Reconstructions: A Preliminary Study,1,【原因代码】: 1
a novel augmented reality approach in oral and maxillofacial surgery super imposition based on modified rigid and non rigid iterative closest point,GH6JBVEJ,A Novel Augmented Reality Approach in Oral and Maxillofacial Surgery: Super-Imposition Based on Modified Rigid and Non-Rigid Iterative Closest Point,3,【原因代码】: 3
automatic 3d registration of dental cbct and face scan data using 2d projection images,YB659UGD,Automatic 3D Registration of Dental CBCT and Face Scan Data Using 2D Projection Images,3,【原因代码】: 3
toothsegnet image degradation meets tooth segmentation in cbct images,9W9E5HVY,Toothsegnet: Image Degradation Meets Tooth Segmentation in CBCT Images,3,【原因代码】: 3
a collaborative learning framework with coupling graph transformers for 3d tooth segmentation,R4T9MXJC,A Collaborative Learning Framework With Coupling Graph Transformers for 3D Tooth Segmentation,3,【原因代码】: 3
teeth seg an efficient instance segmentation framework for orthodontic treatment based on multi scale aggregation and anthropic prior knowledge,IZYKSX6Q,Teeth-SEG: An Efficient Instance Segmentation Framework for Orthodontic Treatment Based on Multi-Scale Aggregation and Anthropic Prior Knowledge,3,【原因代码】: 3
dbganet dual branch geometric attention network for accurate 3d tooth segmentation,ARLUFDDL,DBGANet: Dual-Branch Geometric Attention Network for Accurate 3D Tooth Segmentation,3,【原因代码】: 3
hierarchical self supervised learning for 3d tooth segmentation in intra oral mesh scans,EED4NH95,Hierarchical Self-Supervised Learning for 3D Tooth Segmentation in Intra-Oral Mesh Scans,3,【原因代码】: 3
3d dental biometrics transformer based dental arch extraction and matching,GHBMTCSZ,3D Dental Biometrics: Transformer-based Dental Arch Extraction and Matching,3,【原因代码】: 3
dtr net dual space 3d tooth model reconstruction from panoramic x ray images,YGXMR9CF,DTR-Net: Dual-Space 3D Tooth Model Reconstruction From Panoramic X-Ray Images,3,【原因代码】: 3
multiple geometric surfaces detection in geometric coordination registration for implant surgery virtual planning and assessment,IQL4JVC9,Multiple Geometric surfaces detection in Geometric Coordination Registration for implant surgery virtual planning and assessment,3,【原因代码】: 3
an end to end segmentation network for the temporomandibular joints cbct image based on 3d u net,NPUVHBWP,An End-to-End Segmentation Network for the Temporomandibular Joints CBCT Image based on 3D U-Net,3,【原因代码】: 3
dentassignnet assignment network for dental cast labeling in the presence of dental abnormalities,AP4TRDP3,DentAssignNet: Assignment Network for Dental Cast Labeling in the Presence of Dental Abnormalities,3,【原因代码】: 3
segmentation and visualization of tooth from cbct images using 2d u net,PMEFBXPB,Segmentation and Visualization of Tooth from CBCT Images Using 2D U-Net++,3,【原因代码】: 3
a smart projective imaging and navigation system for oral and maxillofacial surgery,EW9LCFMA,A Smart Projective Imaging and Navigation System for Oral and Maxillofacial Surgery,3,【原因代码】: 3
skip mask with graph neural network for 3d dental segmentation in intra oral scan,PDQGNHLG,Skip Mask with Graph Neural Network for 3D Dental Segmentation in Intra-Oral Scan,3,【原因代码】: 3
oral anatomical knowledge informed semi supervised learning for 3d dental cbct segmentation and lesion detection,HCE22CUF,Oral-Anatomical Knowledge-Informed Semi-Supervised Learning for 3D Dental CBCT Segmentation and Lesion Detection,3,【原因代码】: 3
two stage mesh deep learning for automated tooth segmentation and landmark localization on 3d intraoral scans,R2XP7A3B,Two-Stage Mesh Deep Learning for Automated Tooth Segmentation and Landmark Localization on 3D Intraoral Scans,3,【原因代码】: 3
ai based anatomical landmark recognition for robot assisted dynamic dental implant surgery,PSHQCDCF,AI-Based Anatomical Landmark Recognition for Robot-Assisted Dynamic Dental Implant Surgery,3,【原因代码】: 3
computed tomography and 3 d face scan fusion for iot based diagnostic solutions,PEXP9FTE,Computed Tomography and 3-D Face Scan Fusion for IoT-Based Diagnostic Solutions,3,【原因代码】: 3
center sensitive and boundary aware tooth instance segmentation and classification from cone beam ct,QW4BJKGI,Center-Sensitive and Boundary-Aware Tooth Instance Segmentation and Classification from Cone-Beam CT,3,【原因代码】: 3
research on denture feature matching point cloud data based on deep learning,Q6XWVERF,Research on Denture Feature Matching Point Cloud Data Based on Deep Learning,3,【原因代码】: 3
render2seg landmark guided patch wise segmentation for robust 3d dental mesh analysis,J7WZI3Q5,Render2Seg: Landmark-Guided Patch-Wise Segmentation for Robust 3D Dental Mesh Analysis,3,【原因代码】: 3
exploring the use of neural networks for early detection of oral cancer and other dental pathologies,JPBKZHXW,Exploring the Use of Neural Networks for Early Detection of Oral Cancer and Other Dental Pathologies,3,【原因代码】: 3
morphology prior enhanced teeth segmentation for high resolution oral scans,QVL4MH44,Morphology Prior Enhanced Teeth Segmentation for High-Resolution Oral Scans,3,【原因代码】: 3
non rigid 2d 3d registration using convolutional autoencoders,IGRFANHZ,Non-Rigid 2D-3D Registration Using Convolutional Autoencoders,3,【原因代码】: 3
ortho opd an automatic osteotomy planes design model for orthognathic surgery based on deep learning,XXD237D5,Ortho-OPD: An Automatic Osteotomy Planes Design Model for Orthognathic Surgery Based on Deep Learning,3,【原因代码】: 3
tri stage deep learning model for mandibular condyle segmentation and osteoarthritis identification,GGSBLKGA,Tri-Stage Deep Learning Model for Mandibular Condyle Segmentation and Osteoarthritis Identification,3,【原因代码】: 3
vit nebla a hybrid vision transformer and neural beer lambert framework for single view 3d reconstruction of oral anatomy from panoramic radiographs,JX7Z45RP,ViT-NeBLa: A Hybrid Vision Transformer and Neural Beer–Lambert Framework for Single-View 3D Reconstruction of Oral Anatomy From Panoramic Radiographs,3,【原因代码】: 3
patient specific model generation using multiview 3d reconstruction for hyperthermia treatment planning,NNZXPHD4,Patient-specific Model Generation using Multiview 3D Reconstruction for Hyperthermia Treatment Planning,1,【原因代码】: 1
estimating reference bony shape models for orthognathic surgical planning using 3d point cloud deep learning,Z4HUPXT9,Estimating Reference Bony Shape Models for Orthognathic Surgical Planning Using 3D Point-Cloud Deep Learning,3,【原因代码】: 3
3d view alignment and autonomous navigation of telepresence robots during multi participant interaction in augmented reality,GFZTEJ22,3D View Alignment and Autonomous Navigation of Telepresence Robots During Multi-Participant Interaction in Augmented Reality,1,【原因代码】: 1
facescape 3d facial dataset and benchmark for single view 3d face reconstruction,V76TVNA8,FaceScape: 3D Facial Dataset and Benchmark for Single-View 3D Face Reconstruction,1,【原因代码】: 1
a fully automated method for 3d individual tooth identification and segmentation in dental cbct,EM5WIF9M,A Fully Automated Method for 3D Individual Tooth Identification and Segmentation in Dental CBCT,3,【原因代码】: 3
empowering rural and suburban dental care with open source image processing,25UHEYRE,Empowering Rural and Suburban Dental Care with Open-Source Image Processing,2,【原因代码】: 2
surgix an adaptive multimedia xr framework for healthcare training and simulation,I76L2VML,SurgiX: An Adaptive Multimedia XR Framework for Healthcare Training and Simulation,3,【原因代码】: 3
adaptvr an adaptive learning vr system for dental students training,SUJ9NJWN,AdaptVR: An Adaptive Learning VR System for Dental Students Training,3,【原因代码】: 3
color mapping for volume rendering using digital imaging and communications in medicine images,YW93TVWG,Color Mapping for Volume Rendering Using Digital Imaging and Communications in Medicine Images,1,【原因代码】: 1
virtueledent a compact xr tooth cutting training system using a physical emr based dental handpiece and teeth model,PA5RZYVZ,VirtuEleDent: A Compact XR Tooth-Cutting Training System Using a Physical EMR-based Dental Handpiece and Teeth Model,3,【原因代码】: 3
tooth segmentation of dental mesh based on improved region growing,YHB9JYVX,Tooth Segmentation of Dental Mesh Based on Improved Region Growing,3,【原因代码】: 3
an automatic method for tooth segmentation from cbct images,6JRF9VV5,An automatic method for tooth segmentation from CBCT images,3,【原因代码】: 3
3d dental biometrics automatic pose invariant dental arch extraction and matching,VHPL5MDY,3D Dental Biometrics: Automatic Pose-invariant Dental Arch Extraction and Matching,3,【原因代码】: 3
exploring tooth segmentation techniques based on the bisenet model,HNIRYTS9,Exploring Tooth Segmentation Techniques Based on the BiSeNet Model,3,【原因代码】: 3
segmenting the inferior alveolar canal in cbct volumes the toothfairy challenge,2L78YVVC,Segmenting the Inferior Alveolar Canal in CBCT Volumes: The ToothFairy Challenge,2,【原因代码】: 2
surgnavar an augmented reality surgical navigation framework for optical see through head mounted displays,KWUMDHWD,SurgNavAR: An Augmented Reality Surgical Navigation Framework for Optical See-Through Head Mounted Displays,1,【原因代码】: 1
efficient computer aided design of dental inlay restoration a deep adversarial framework,5TCS8KAX,Efficient Computer-Aided Design of Dental Inlay Restoration: A Deep Adversarial Framework,3,【原因代码】: 3
partial fixed dental prosthesis for additive manufacturing automated build orientation selection and optimization based on deep learning,NTLBTYWK,Partial Fixed Dental Prosthesis for Additive Manufacturing: Automated Build Orientation Selection and Optimization Based on Deep Learning,3,【原因代码】: 3
innovative applications of ai and 3d printing in digital dentistry enhancing accuracy and efficiency in dental care,SYTQBUTQ,Innovative Applications of AI and 3D Printing in Digital Dentistry: Enhancing Accuracy and Efficiency in Dental Care,3,【原因代码】: 3
dental disease detection and classification in radiograph images using deep learning model,86Y8P3DG,Dental Disease Detection and Classification in Radiograph Images using Deep Learning Model,3,【原因代码】: 3
advancements in fourth generation endodontic apex locators for enhanced precision in root canal treatments,JSGZDD7T,Advancements in Fourth-Generation Endodontic Apex Locators for Enhanced Precision in Root Canal Treatments,3,【原因代码】: 3
3d face reconstruction algorithm based on lightweight attention mechanism,WRIGRGC8,3D Face Reconstruction Algorithm Based on Lightweight Attention Mechanism,1,【原因代码】: 1
tooth motion monitoring in orthodontic treatment by mobile device based multi view stereo,TH6PYK56,Tooth Motion Monitoring in Orthodontic Treatment by Mobile Device-Based Multi-View Stereo,3,【原因代码】: 3
advanced teeth instance segmentation using contextual spatial attention and deeper mask head,ZQ5HLDN3,Advanced Teeth Instance Segmentation Using Contextual Spatial Attention and Deeper Mask Head,3,【原因代码】: 3
a method of dental model segmentation based on shortest path,U67VEFUR,A method of dental model segmentation based on shortest path,3,【原因代码】: 3
3dcmm 3d comprehensive morphable models with uv unet for accurate head creation,ANNASBNI,3DCMM: 3D Comprehensive Morphable Models With UV-UNet for Accurate Head Creation,1,【原因代码】: 1
masked deep embeddings of patches for teeth segmentation in cone beam ct images,A3RPJ5SA,Masked Deep Embeddings of Patches for Teeth Segmentation in Cone Beam CT Images,3,【原因代码】: 3
3dfacesculptor a common framework for image guided 3d face deformation,5KGSFDRI,3DFaceSculptor: A Common Framework for Image-Guided 3D Face Deformation,1,【原因代码】: 1
assessment of the inner surface roughness of 3d printed dental crowns via optical coherence tomography using a roughness quantification algorithm,V85M8FZ4,Assessment of the Inner Surface Roughness of 3D Printed Dental Crowns via Optical Coherence Tomography Using a Roughness Quantification Algorithm,3,【原因代码】: 3
teeth and jaw segmentation from cbct images using 3d deep learning models,FAVVAM5K,Teeth and Jaw Segmentation from CBCT images Using 3D Deep Learning Models,3,【原因代码】: 3
research and design of cloud based digital three dimensional scanning system for denture digitization,MTCKAFRR,Research and Design of Cloud-Based Digital Three-Dimensional Scanning System for Denture Digitization,3,【原因代码】: 3
single bone modeler deep learning bone segmentation for cone beam ct,NPAKCEJN,Single Bone Modeler: deep learning bone segmentation for cone-beam CT,1,【原因代码】: 1
explainable multimodal ai for oral cancer integrating image segmentation and large language models,SUXU9CHR,Explainable Multimodal Ai for Oral Cancer: Integrating Image Segmentation and Large Language Models,3,【原因代码】: 3
upper airway segmentation based on the attention mechanism of weak feature regions,QDLVNNQA,Upper Airway Segmentation Based on the Attention Mechanism of Weak Feature Regions,3,【原因代码】: 3
tcatseg a tooth center wise attention network for 3d dental model semantic segmentation,53I8Q98P,TCATSEG: A Tooth Center-Wise Attention Network for 3D Dental Model Semantic Segmentation,3,【原因代码】: 3
transdfnet transformer based truncated signed distance fields for the shape design of removable partial denture clasps,NN3EPFTW,TranSDFNet: Transformer-Based Truncated Signed Distance Fields for the Shape Design of Removable Partial Denture Clasps,3,【原因代码】: 3
archmap arch flattening and knowledge guided vision language model for tooth counting and structured dental understanding,GFZ3RVCT,ArchMap: Arch-Flattening and Knowledge-Guided Vision Language Model for Tooth Counting and Structured Dental Understanding,3,【原因代码】: 3
3d condyle mamba hybrid u net and mamba with shape priors for tmj condyle segmentation,4HHZUW3L,3D Condyle-Mamba: Hybrid U-Net and Mamba with Shape Priors for TMJ Condyle Segmentation,3,【原因代码】: 3
anatomical deep learning analysis for automated detection of dental caries a novel approach,EERIYCIP,Anatomical Deep Learning Analysis for Automated Detection of Dental Caries: A Novel Approach,3,【原因代码】: 3
simultaneous reconstruction and tracking for motion correction in image guided surgery,IIUX7N4E,Simultaneous Reconstruction and Tracking for Motion Correction in Image Guided Surgery,1,【原因代码】: 1
automatic detection of tooth gingiva trim lines on dental surfaces,NECU8DQL,Automatic Detection of Tooth-Gingiva Trim Lines on Dental Surfaces,3,【原因代码】: 3
combining anatomical constraints and deep learning for 3 d cbct dental image multi label segmentation,F8GE9JCL,Combining Anatomical Constraints and Deep learning for 3-D CBCT Dental Image Multi-label Segmentation,3,【原因代码】: 3
investigating the extension of self supervised learning algorithms to 3d medical and dental image applications,BXJILH7G,Investigating the Extension of Self Supervised Learning Algorithms to 3D Medical and Dental Image Applications,3,【原因代码】: 3
mvdc a multi view dental completion model based on contrastive learning,882UEMTA,MVDC : A Multi-view Dental Completion Model Based on Contrastive Learning,3,【原因代码】: 3
realistic 3d human avatar creation for metaverse,MUGR4YEY,Realistic 3D Human Avatar Creation for Metaverse,1,【原因代码】: 1
improved 3d u net model for precise brain hematoma segmentation and volume measurement,V42G92V5,Improved 3D U-Net Model for Precise Brain Hematoma Segmentation and Volume Measurement,1,【原因代码】: 1
self supervised learning with masked autoencoders for teeth segmentation from intra oral 3d scans,2AL3VIDT,Self-Supervised Learning with Masked Autoencoders for Teeth Segmentation from Intra-oral 3D Scans,3,【原因代码】: 3
towards reliable 3d face reconstruction from voice evaluating the consistency between regression metrics and ssim,TV7FIHW6,Towards Reliable 3D Face Reconstruction from Voice: Evaluating the Consistency between Regression Metrics and SSIM,1,【原因代码】: 1
segmenting maxillofacial structures in cbct volumes,BY9DJMI6,Segmenting Maxillofacial Structures in CBCT Volumes,3,【原因代码】: 3
a point based neural network for real scenario deformation prediction in additive manufacturing,ARZKEJSM,A Point-Based Neural Network for Real-Scenario Deformation Prediction in Additive Manufacturing,3,【原因代码】: 3
feature fusion enhancement a novel solution for 2d 3d reconstruction in feature uniform contexts,7U3ZWC26,Feature Fusion-Enhancement: A Novel Solution for 2D-3D Reconstruction in Feature-Uniform Contexts,3,【原因代码】: 3
face analyzer 3d automatic facial profile detection and occlusion classification for dental purposes,UZID4KPU,Face analyzer 3D: Automatic facial profile detection and occlusion classification for dental purposes,3,【原因代码】: 3
deep segmentation of the mandibular canal a new 3d annotated dataset of cbct volumes,XL7QKKBG,Deep Segmentation of the Mandibular Canal: A New 3D Annotated Dataset of CBCT Volumes,3,【原因代码】: 3
detection of mid mesial canal in dental cbct images using combined yolo and 2d u net model,RPJ3I2YA,Detection of Mid Mesial Canal in Dental CBCT Images Using Combined YOLO and 2D U-Net Model,3,【原因代码】: 3
the precise 3d reconstruction of human faces based on 2d photograph,RD6I3HU8,The Precise 3D Reconstruction of Human Faces Based on 2D Photograph,1,【原因代码】: 1
smartdent ai ai driven diagnosis and treatment solutions,EZ79TJS5,SmartDent AI:AI-Driven Diagnosis and Treatment Solutions,3,【原因代码】: 3
example guided 3d human face reconstruction from sparse landmarks,ER92BPSX,Example-guided 3D Human Face Reconstruction from Sparse Landmarks,1,【原因代码】: 1
htcnet hierarchical point graph tooth point cloud completion with image assistance,9SFRR636,HTCNet: Hierarchical Point-Graph Tooth Point Cloud Completion with Image Assistance,3,【原因代码】: 3
a unified framework for dental x ray to mask and mask to x ray synthesis via conditional diffusion,RM44Z3NB,A Unified Framework for Dental X-ray-to-Mask and Mask-to-X-ray Synthesis via Conditional Diffusion,3,【原因代码】: 3
simulation of postoperative facial appearances via geometric deep learning for efficient orthognathic surgical planning,K76EFK8M,Simulation of Postoperative Facial Appearances via Geometric Deep Learning for Efficient Orthognathic Surgical Planning,3,【原因代码】: 3
design of oral english teaching assistant system for students based on virtual reality and artificial intelligence algorithm,L8D37S8P,Design of Oral English Teaching Assistant System for Students Based on Virtual Reality and Artificial Intelligence Algorithm,1,【原因代码】: 1
3d face geometry enhancement a self supervised framework,7GXKSU8K,3D Face Geometry Enhancement: A Self-Supervised Framework,1,【原因代码】: 1
automatic 3d digital dental landmark based on point transformation weight,CCHDS9W2,Automatic 3D Digital Dental Landmark Based on Point Transformation Weight,3,【原因代码】: 3
refined individual tooth segmentation from cone beam ct images,EEDABI9Y,Refined Individual Tooth Segmentation from Cone Beam CT Images,3,【原因代码】: 3
3d facial tracking and user authentication through lightweight single ear biosensors,GSFURB8J,3D Facial Tracking and User Authentication Through Lightweight Single-Ear Biosensors,1,【原因代码】: 1
voice visual oracle for interaction conversation and explanation,9EU4N7MW,"VOICE: Visual Oracle for Interaction, Conversation, and Explanation",1,【原因代码】: 1
realistic haptic feedback for material removal in medical simulations,LISI3RM7,Realistic Haptic Feedback for Material Removal in Medical Simulations,3,【原因代码】: 3
a multi task learning network for automated detection of oral epithelial dysplasia,8942LKUF,A Multi-task Learning Network for Automated Detection of Oral Epithelial Dysplasia,3,【原因代码】: 3
instantaneous and markerless registration for mandible reconstruction robot with fibular holder,YUGFZPB8,Instantaneous and Markerless Registration for Mandible Reconstruction Robot With Fibular Holder,3,【原因代码】: 3
some results of new training contents based on vr and 3d 360,QEXREMKK,Some Results of New Training Contents Based on VR and 3D/360,1,【原因代码】: 1
3d single tooth reconstruction via curriculum learning and topology aware generation,USUBE7IV,3D Single-Tooth Reconstruction via Curriculum Learning and Topology-aware Generation,3,【原因代码】: 3
efficient toothar cascade autoregressive orthodontic treatment planning,A8LE7ALK,Efficient ToothAR: Cascade Autoregressive Orthodontic Treatment Planning,3,【原因代码】: 3
skeleton id ai driven human identification,M7UAIMFS,Skeleton-ID: AI-driven Human Identification,1,【原因代码】: 1
maxillary sinus disease detection and analysis approaches in deep learning survey,G7XDUFQV,Maxillary Sinus Disease Detection and Analysis Approaches in Deep Learning: Survey,2,【原因代码】: 2
localization of craniomaxillofacial landmarks on cbct images using 3d mask r cnn and local dependency learning,VDZWG6NT,Localization of Craniomaxillofacial Landmarks on CBCT Images Using 3D Mask R-CNN and Local Dependency Learning,3,【原因代码】: 3
automated diagnosis of oral cancer using deep learning models on lesion images,MXIFV6AS,Automated Diagnosis of Oral Cancer using Deep Learning Models on Lesion Images,3,【原因代码】: 3
single view 3d face reconstruction method with multi scale feature fusion encoder,87S2K99H,Single-View 3D Face Reconstruction Method With Multi-Scale Feature Fusion Encoder,1,【原因代码】: 1
quality evaluation of intraoral scanners using reverse engineered scan body,6833KBVL,Quality Evaluation of Intraoral Scanners Using Reverse-Engineered Scan Body,3,【原因代码】: 3
hict high precision 3d cbct reconstruction from a single x ray,8AMMPUWV,HICT: High-Precision 3D CBCT Reconstruction From A Single X-ray,3,【原因代码】: 3
automated staging of spheno occipital synchondrosis fusion via landmark guided knowledge distillation,W2667FH3,Automated Staging of Spheno-Occipital Synchondrosis Fusion via Landmark-Guided Knowledge Distillation,3,【原因代码】: 3
geometry aware attenuation learning for sparse view cbct reconstruction,ACDPQ8WA,Geometry-Aware Attenuation Learning for Sparse-View CBCT Reconstruction,1,【原因代码】: 1
balancing speed and accuracy a mouth eye 3d keypoints alignment framework for large poses,VZLM6VC3,Balancing Speed and Accuracy: A Mouth-Eye 3D Keypoints Alignment Framework for Large Poses,1,【原因代码】: 1
segmentation of anterior tissues in craniofacial cone beam ct images,87WQATRY,Segmentation of Anterior Tissues in Craniofacial Cone-Beam CT Images,3,【原因代码】: 3
innovative pediatric simulator for difficult airway management training,Z4R87ZIR,Innovative Pediatric Simulator for Difficult Airway Management Training,1,【原因代码】: 1
advanced face reconstruction and obstruction removal using deep learning,TYKMQXUD,Advanced Face Reconstruction and Obstruction Removal using Deep Learning,1,【原因代码】: 1
design and development of hybrid artificial intelligence enabled virtual reality for digital inheritance and protection of intangible cultural heritage,RUNVK5DH,Design and Development of Hybrid Artificial Intelligence-Enabled Virtual Reality for Digital Inheritance and Protection of Intangible Cultural Heritage,1,【原因代码】: 1
ensemble deep learning for dental disease classification using densenet121 and inception v3 with explainable ai,ABKM2N5H,Ensemble Deep Learning for Dental Disease Classification Using DenseNet121 and Inception V3 with Explainable AI,3,【原因代码】: 3
transformer based 3d point cloud object recognition for autonomous vehicles,2C8IKFPS,Transformer-Based 3D Point Cloud Object Recognition for Autonomous Vehicles,1,【原因代码】: 1
pathinsightflow a predictive model for rare disease diagnosis using advanced image processing techniques,R7L7LNS4,PathInsightFlow: A Predictive Model for Rare Disease Diagnosis Using Advanced Image Processing Techniques,1,【原因代码】: 1
a hierarchical representation network for accurate and detailed face reconstruction from in the wild images,AMSU9R3P,A Hierarchical Representation Network for Accurate and Detailed Face Reconstruction from In-The-Wild Images,1,【原因代码】: 1
comparative analysis of cnn architectures for enhancing oral cancer detection using advanced image processing techniques,6LX67ZM8,Comparative Analysis of CNN Architectures for Enhancing Oral Cancer Detection Using Advanced Image Processing Techniques,3,【原因代码】: 3
hybrid forecasting of occlusal changes in deep bite correction based on digital setup 3d models and design factors,DSCSKE4B,"Hybrid Forecasting of Occlusal Changes in Deep Bite Correction Based on Digital Setup, 3D Models, and Design Factors",2,【原因代码】: 2
continuous bijection supervised pyramid diffeomorphic deformation for learning tooth meshes from cbct images,HQDWHX32,Continuous Bijection Supervised Pyramid Diffeomorphic Deformation for Learning Tooth Meshes From CBCT Images,3,【原因代码】: 3
multi modal attention iterative network for incisor median sagittal plane localization,DGBMZRHN,Multi-Modal Attention Iterative Network for Incisor Median Sagittal Plane Localization,3,【原因代码】: 3
topo4d realistic physically based 4d head capture with topology preserving gaussian splatting and expression priors,CGDDK52Q,Topo4D++: Realistic Physically Based 4D Head Capture With Topology-Preserving Gaussian Splatting and Expression Priors,1,【原因代码】: 1
silhouette to contour registration aligning intraoral scan models with cephalometric radiographs,5RMXCURX,Silhouette-to-Contour Registration: Aligning Intraoral Scan Models with Cephalometric Radiographs,3,【原因代码】: 3
generative chained label propagation a semi supervised approach for enhanced 3d segmentation of the inferior alveolar nerve,9TE2J8EB,Generative Chained Label Propagation: A Semi-Supervised Approach for Enhanced 3D Segmentation of the Inferior Alveolar Nerve,3,【原因代码】: 3
teethgenerator a two stage framework for paired pre and post orthodontic 3d dental data generation,IG9WWEUH,TeethGenerator: A Two-Stage Framework for Paired Pre- and Post-Orthodontic 3D Dental Data Generation,3,【原因代码】: 3
explainable deep learning for age estimation in forensic disaster victim identification,Z53UBNVR,Explainable Deep Learning for Age Estimation in Forensic Disaster Victim Identification,3,【原因代码】: 3
tooth enamel segmentation from dental x ray using mask r cnn algorithm,6HE5F6K3,Tooth Enamel segmentation from dental x-ray using MASK R-CNN Algorithm,3,【原因代码】: 3
reinforcement learning based centerline tracking with cross sectional similarity for enhancing mandibular canal segmentation,QU4CCIPN,Reinforcement Learning-Based Centerline Tracking With Cross-Sectional Similarity for Enhancing Mandibular Canal Segmentation,3,【原因代码】: 3
automatic segmentation of mandibular condylar in dental opg images using modified mask rcnn,SVJQJUP2,Automatic Segmentation of Mandibular Condylar in Dental OPG Images Using Modified Mask RCNN,3,【原因代码】: 3
fm 3dfr facial manipulation based 3 d face reconstruction,N2EG2QIJ,FM-3DFR: Facial Manipulation-Based 3-D Face Reconstruction,1,【原因代码】: 1
investigation on learning accuracy for tongue surface extraction from ultrasound image,E8SME964,Investigation on Learning Accuracy for Tongue Surface Extraction from Ultrasound Image,1,【原因代码】: 1
how much does input data type impact final face model accuracy,2WB7X7TB,How much does input data type impact final face model accuracy?,1,【原因代码】: 1
semantic segmentation of fetal thoracic and abdominal organs in prenatal ultrasound volumes using swin transformer networks,SE9GRJ4W,Semantic Segmentation of Fetal Thoracic and Abdominal Organs in Prenatal Ultrasound Volumes Using Swin Transformer Networks,1,【原因代码】: 1
single image super resolution of noisy 3d dental ct images using tucker decomposition,P6I72WYR,Single Image Super-Resolution Of Noisy 3d Dental Ct Images Using Tucker Decomposition,3,【原因代码】: 3
utilizing deep learning to opportunistically screen for osteoporosis from dental panoramic radiographs,3IYD8TR3,Utilizing Deep Learning to Opportunistically Screen for Osteoporosis from Dental Panoramic Radiographs,3,【原因代码】: 3
chathuman chatting about 3d humans with tools,UJLIR495,ChatHuman: Chatting about 3D Humans with Tools,1,【原因代码】: 1
robust brain tumor segmentation in multi sequence mri using multi scale attention u net architectures,D4GSQ2M2,Robust Brain Tumor Segmentation in Multi-Sequence MRI Using Multi-Scale Attention U-Net Architectures,1,【原因代码】: 1
patient specific panoramic reconstruction from spiral mdct data via projection domain ct style backprojection,BUFGA2CW,Patient-Specific Panoramic Reconstruction From Spiral MDCT Data via Projection-Domain CT-Style Backprojection,3,【原因代码】: 3
bioimpedance sensing surgical drill computational modelling and experimental validation,KD6XD5UU,Bioimpedance Sensing Surgical Drill – Computational Modelling and Experimental Validation,3,【原因代码】: 3
construction of immersive english listening and speaking training platform in virtual reality environment and its effect evaluation system,JHPJM7BR,Construction of Immersive English Listening and Speaking Training Platform in Virtual Reality Environment and Its Effect Evaluation System,1,【原因代码】: 1
enhancing 3d semi supervised teeth segmentation with voxel entropy guided self learning,IZVKJEQ3,Enhancing 3D Semi-Supervised Teeth Segmentation with Voxel Entropy-Guided Self-Learning,3,【原因代码】: 3
unsupervised physics inspired deep learning network with application to dental computed tomography image restoration,BL7FWVGT,Unsupervised Physics-Inspired Deep Learning Network with Application to Dental Computed Tomography Image Restoration,3,【原因代码】: 3
automatic detection and classification of dental anomalies and tooth types using transformer based yolo with ga optimization,ZUIVH67D,Automatic Detection and Classification of Dental Anomalies and Tooth Types Using Transformer-Based Yolo With GA Optimization,3,【原因代码】: 3
algorithms to measure area and volume on 3d face models for facial surgeries,9AZDUGHA,Algorithms to Measure Area and Volume on 3D Face Models for Facial Surgeries,3,【原因代码】: 3
a dental caries segmentation method based on dental bitewings,X4DKRNH2,A Dental Caries Segmentation Method Based on Dental Bitewings,3,【原因代码】: 3
deep learning based automated detection and classification of oral cancer from clinical images,3VLM3X7Q,Deep Learning–Based Automated Detection and Classification of Oral Cancer from Clinical Images,3,【原因代码】: 3
grad cam grad cam for explainable oral squamous cell carcinoma detection using deep learning on orthopantomograms,7E5LWIDF,Grad-CAM & Grad-CAM++ for Explainable Oral Squamous Cell Carcinoma Detection using Deep Learning on Orthopantomograms,3,【原因代码】: 3
automatic plane of minimal hiatal dimensions extraction from 3d female pelvic floor ultrasound,IMN6HZ24,Automatic Plane of Minimal Hiatal Dimensions Extraction From 3D Female Pelvic Floor Ultrasound,1,【原因代码】: 1
craniomaxillofacial bone segmentation and landmark detection using semantic segmentation networks and an unbiased heatmap,7GZC9JZE,Craniomaxillofacial Bone Segmentation and Landmark Detection Using Semantic Segmentation Networks and an Unbiased Heatmap,3,【原因代码】: 3
a visual contour based detection method for orthodontic archwire during robotic bending,Q5KLDXLJ,A Visual Contour-based Detection Method for Orthodontic Archwire during Robotic Bending,3,【原因代码】: 3
a 3d clinical face phenotype space of genetic syndromes using a triplet based singular geometric autoencoder,4JBMYVVD,A 3D Clinical Face Phenotype Space of Genetic Syndromes Using a Triplet-Based Singular Geometric Autoencoder,1,【原因代码】: 1
a multi stage automatic framework for fracture fragments segmentation of zygomatic bone and arch,XWQH8X5W,A Multi-Stage Automatic Framework for Fracture Fragments Segmentation of Zygomatic Bone and Arch,3,【原因代码】: 3
prostate cancer volume segmentation in multiparametric mri scans using optimized 3d dense cnn architectures,D9PVWCIA,Prostate Cancer Volume Segmentation in Multiparametric MRI Scans Using Optimized 3D Dense CNN Architectures,1,【原因代码】: 1
enlarge the error prediction dataset in 3 d printing an unsupervised dental crown mesh generator,96FVBXB8,Enlarge the Error Prediction Dataset in 3-D Printing: An Unsupervised Dental Crown Mesh Generator,3,【原因代码】: 3
complex fusion structure slow dissociation simulation prediction method,7FH92JB4,Complex Fusion Structure Slow Dissociation Simulation Prediction Method,1,【原因代码】: 1
advancing wire arc additive manufacturing a new era of precision and efficiency in large metal component production,I2NS6IIL,Advancing Wire Arc Additive Manufacturing: A New Era of Precision and Efficiency in Large Metal Component Production,1,【原因代码】: 1
review of artificial intelligence methods for detecting cancer in medical image processing,SEHZXS2Z,Review of Artificial Intelligence methods for detecting cancer in medical image processing,1,【原因代码】: 1
a lightweight fine tuned mobilenetv2 framework for automated multi class dental disease classification,FWZXI7JZ,A Lightweight Fine-Tuned MobileNetV2 Framework for Automated Multi-Class Dental Disease Classification,3,【原因代码】: 3
dar s data a collaborative ai driven framework for the preservation and generative reinterpretation of vernacular heritage case study of the medina of fez,BECA3QIY,Dar’s Data: A Collaborative AI-Driven Framework for the Preservation and Generative Reinterpretation of Vernacular Heritage : Case Study of the Medina of Fez,1,【原因代码】: 1
geoctp structure aware prediction of multifunctional cancer therapy peptides via graph transformer and contrastive learning,FQHGYMEH,GeoCTP: Structure-aware Prediction of Multifunctional Cancer Therapy Peptides via Graph Transformer and Contrastive Learning,1,【原因代码】: 1
inceptionnet based ai approach for precise classification and diagnosis of mouth ulcers leveraging clinical data,82MAT4SG,InceptionNet-Based AI Approach for Precise Classification and Diagnosis of Mouth Ulcers Leveraging Clinical Data,3,【原因代码】: 3
towards high fidelity monocular face reconstruction with rich reflectance using self supervised learning and ray tracing,B277DEZK,Towards High Fidelity Monocular Face Reconstruction with Rich Reflectance using Self-supervised Learning and Ray Tracing,1,【原因代码】: 1
segmentation of the mandibular nerve canal based on gaga unet,EYXIDIIF,Segmentation of the Mandibular Nerve Canal Based on GAGA-UNet,3,【原因代码】: 3
face expression recognition method based on mamba and different facial regions,IMP22A3J,Face Expression Recognition Method Based on Mamba and Different Facial Regions,1,【原因代码】: 1
enhancing surgical instrument localization using image processing,5J3NJCMM,Enhancing Surgical Instrument Localization Using Image Processing,1,【原因代码】: 1
development of automatic assessment framework for spine deformity using freehand 3 d ultrasound imaging system,HMLKHDYH,Development of Automatic Assessment Framework for Spine Deformity Using Freehand 3-D Ultrasound Imaging System,1,【原因代码】: 1
future innovation in healthcare by spatial computing using projectdr,ZJPPRS6G,Future Innovation in Healthcare by Spatial Computing using ProjectDR,1,【原因代码】: 1
a vision transformer with shift encoding for early screening of oral cancer in clinical images,ELAFPWWG,A Vision Transformer with Shift Encoding for Early Screening of Oral Cancer in Clinical Images,3,【原因代码】: 3
teeth gap and position recognition system with intraoral scanner images using image processing,B2QQSRHI,Teeth Gap and Position Recognition System with Intraoral Scanner Images Using Image Processing,3,【原因代码】: 3
effect of bar material on the biomechanical performance of hybrid dental prosthesis,8RD3AVC7,Effect of bar material on the biomechanical performance of hybrid dental prosthesis,3,【原因代码】: 3
enhancing content based image retrieval for lung cancer diagnosis leveraging texture analysis and ensemble models,ZD7ZBRU6,Enhancing Content-Based Image Retrieval for Lung Cancer Diagnosis: Leveraging Texture Analysis and Ensemble Models,1,【原因代码】: 1
physical maxillofacial simulator with variable stiffness sensorized soft tissues,UTKM26KB,Physical Maxillofacial Simulator with Variable-Stiffness Sensorized Soft Tissues,3,【原因代码】: 3
non iterative compensation for patient motion in dental cbct imaging,MFCTNX2I,Non-iterative Compensation for Patient Motion in Dental CBCT Imaging,3,【原因代码】: 3
overcoming compression artifacts in oral malignancy detection via deep restoration and ensemble learning,Y3J72HHP,Overcoming Compression Artifacts in Oral Malignancy Detection via Deep Restoration and Ensemble Learning,3,【原因代码】: 3
ai based knee implant recommendation from radiographic images using deep learning,3I3BJQWC,AI-Based Knee Implant Recommendation from Radiographic Images using Deep Learning,1,【原因代码】: 1
using response time to evaluate noise fluctuations and lombard speech in auralizations,RIQ6Q9W3,Using response time to evaluate noise fluctuations and Lombard speech in auralizations,1,【原因代码】: 1
real time indian sign language recognition and sentence generation via cnn lstm and agentic semantic reconstructions,AQTUPZ3W,Real-Time Indian Sign Language Recognition and Sentence Generation via CNN–LSTM and Agentic Semantic Reconstructions,1,【原因代码】: 1
blood vessel segmentation from low contrast and wide field optical microscopic images of cranial window by attention gate based network,LZXFM3VV,Blood Vessel Segmentation from Low-Contrast and Wide-Field Optical Microscopic Images of Cranial Window by Attention-Gate-Based Network,1,【原因代码】: 1
autonomous closed loop control for robotic soft tissue electrosurgery using rgb d image guidance,G6T3U2C5,Autonomous Closed-Loop Control for Robotic Soft Tissue Electrosurgery Using RGB-D Image Guidance,3,【原因代码】: 3
design of honeycomb inspired metamaterial skeleton for constructing highly thermally conductive epoxy composite,FZX8W9B4,Design of Honeycomb-Inspired Metamaterial Skeleton for Constructing Highly Thermally Conductive Epoxy Composite,1,【原因代码】: 1
plug and play reconstruction with 3d deep prior for complex valued near field mimo imaging,49E22KHB,Plug-and-Play Reconstruction with 3D Deep Prior for Complex-Valued Near-Field MIMO Imaging,1,【原因代码】: 1
joint cranial bone labeling and landmark detection in pediatric ct images using context encoding,GIRL7L8M,Joint Cranial Bone Labeling and Landmark Detection in Pediatric CT Images Using Context Encoding,3,【原因代码】: 3
kan face efficient resource usage and precision lip sync in talking head generation,B3B9UHNG,KAN-Face: Efficient Resource Usage and Precision Lip-Sync in Talking Head Generation,1,【原因代码】: 1
segmentation of organs at risk from ct and mr images of the head and neck baseline results,Y4RRM52Z,Segmentation of Organs-At-Risk from Ct and Mr Images of the Head and Neck: Baseline Results,1,【原因代码】: 1
review of group formalism for automated formalization in mechanical engineering,9G9EA7IN,Review of Group Formalism for Automated Formalization in Mechanical Engineering,1,【原因代码】: 1
sign lingo live sign language interpretation using ai,MAJJK9WX,Sign Lingo: Live Sign Language Interpretation using AI,1,【原因代码】: 1
insightlens augmenting llm powered data analysis with interactive insight management and navigation,N74PHTST,InsightLens: Augmenting LLM-Powered Data Analysis With Interactive Insight Management and Navigation,1,【原因代码】: 1
a novel approach for automatic prediction of canine impaction using deep learning algorithms,QKVJMV4W,A Novel Approach for Automatic Prediction of Canine Impaction using Deep Learning Algorithms,3,【原因代码】: 3
a method for robot to detect the facial landmarks with masks,NQMTYUTA,A Method for Robot to Detect the Facial Landmarks with Masks,1,【原因代码】: 1
a soft body actuator position measurement method based on opencv library,WXINJKGP,A Soft Body Actuator Position Measurement Method Based on OpenCV Library,1,【原因代码】: 1
toothbrushing monitoring using an rgb d camera and smart toothbrush integrated imu,HYRULWD6,Toothbrushing Monitoring Using an RGB-D Camera and Smart Toothbrush-Integrated IMU,3,【原因代码】: 3
a software package apnea for the diagnosis and treatment of obstructive sleep apnea,VTE3SUZ7,A Software Package ?Apnea? for the Diagnosis and Treatment of Obstructive Sleep Apnea,1,【原因代码】: 1
otonet deep neural network for precise otoscopy image classification,4GDMUU8D,OTONet: Deep Neural Network for Precise Otoscopy Image Classification,1,【原因代码】: 1
alzheimer s disease prediction using mri pet fusion through multi modal deep learning with late fusion techniques,3W2GPYQ8,Alzheimer’s Disease Prediction Using MRI-PET Fusion Through Multi-Modal Deep Learning With Late Fusion Techniques,1,【原因代码】: 1
interference free causality learning promotes cross level fine grained diagnosis of coronary artery disease in coronary ct angiography,UR5C4NE6,"Interference-Free Causality Learning Promotes Cross-Level, Fine-Grained Diagnosis of Coronary Artery Disease in Coronary CT Angiography",1,【原因代码】: 1
fast sparsity based 3d near field mimo imaging using b saga with a batch size selection strategy,BDPNEU69,Fast Sparsity-Based 3D Near-Field MIMO Imaging Using b-SAGA with a Batch Size Selection Strategy,1,【原因代码】: 1
posterior based analysis of spatio temporal features for sign language assessment,93QPIGB9,Posterior-Based Analysis of Spatio-Temporal Features for Sign Language Assessment,1,【原因代码】: 1
ai diagnosis of mild cognitive impairment in neurodegenerative diseases from fdg pet images,EQXPU6L4,AI Diagnosis of Mild Cognitive Impairment in Neurodegenerative Diseases from FDG Pet Images,1,【原因代码】: 1
smart feeder robot for severely disabled patients,5UNAWU6T,Smart Feeder Robot for Severely Disabled Patients,1,【原因代码】: 1
cfi net a choquet fuzzy integral based ensemble network with pso optimized fuzzy measures for diagnosing multiple skin diseases including mpox,KT26QVLT,CFI-Net: A Choquet Fuzzy Integral Based Ensemble Network With PSO-Optimized Fuzzy Measures for Diagnosing Multiple Skin Diseases Including Mpox,3,【原因代码】: 3
improving the recognition of sign language from acquired data by wireless body area network,5BJNDFYZ,Improving the Recognition of Sign Language from Acquired Data by Wireless Body Area Network,1,【原因代码】: 1
earlier detection of pancreatic cancer using neural network based optimization technique,KELB4BMB,Earlier Detection of Pancreatic Cancer Using Neural Network Based Optimization Technique,1,【原因代码】: 1
sketch based interaction for planning based interactive storytelling,LVMS6SDJ,Sketch-Based Interaction for Planning-Based Interactive Storytelling,1,【原因代码】: 1
multi resolution transformer augmented efficientnet for explainable breast cancer histopathology analysis,MEMRQFFZ,Multi-Resolution Transformer-Augmented Efficientnet for Explainable Breast Cancer Histopathology Analysis,1,【原因代码】: 1
minimally invasive micro needle sensors for plant growth analysis in agrivoltaic fields,VX2DKX3L,Minimally Invasive Micro Needle Sensors for Plant Growth Analysis in Agrivoltaic Fields,1,【原因代码】: 1
optimal temporal window selection for 3d cnn based vfss swallowing phase classification,GPVHR37U,Optimal Temporal Window Selection for 3D CNN-Based VFSS Swallowing Phase Classification,1,【原因代码】: 1
reducing computational cost in pedestrian conversation activity recognition through skeleton spatiotemporal graphs,JQ68Q3SZ,Reducing Computational Cost in Pedestrian Conversation Activity Recognition through Skeleton Spatiotemporal Graphs,1,【原因代码】: 1
attention based multiple instance learning for cancer diagnosis using histopathology image,PNNNJ4K7,Attention-based Multiple Instance Learning for Cancer Diagnosis using Histopathology Image,3,【原因代码】: 3
computer vision based consumer behavior analysis framework for retail store layout optimization,2CGFXI82,Computer Vision-Based Consumer Behavior Analysis Framework for Retail Store Layout Optimization,1,【原因代码】: 1
research on gear fault feature extraction of electric drive axle main reducer based on adams,E7ETQS7V,Research on Gear Fault Feature Extraction of Electric Drive Axle Main Reducer based on ADAMS,1,【原因代码】: 1
generative ai for text to speech and sign language translation,JZFZNDHC,Generative AI for Text to Speech and Sign Language Translation,1,【原因代码】: 1
reduce metal artifact mar on cbct image,QQ8MBXIU,Reduce metal artifact (MAR) on CBCT image,3,【原因代码】: 3
a customized artificial ear based on vibrotactile feedback a pilot study,RVQ8W7LL,A Customized Artificial Ear Based on Vibrotactile Feedback: A Pilot Study,1,【原因代码】: 1
translation of sign language into nepali speech using a context aware neural network framework,UR3DAMEK,Translation of Sign Language into Nepali Speech Using a Context-Aware Neural Network Framework,1,【原因代码】: 1
a unified deep learning framework for lip reading and deep fake audio classification,LX4B4NBH,A Unified Deep Learning Framework for Lip Reading and Deep Fake Audio Classification,1,【原因代码】: 1
deep learning framework for indian sign language communication,CJGMMXKC,Deep Learning Framework for Indian Sign Language Communication,1,【原因代码】: 1
high level features in deeper deep learning layers for breast cancer classification,RN2Q4D82,High-level Features in Deeper Deep Learning Layers for Breast Cancer Classification,1,【原因代码】: 1
single image to 3d human a comprehensive reconstruction framework,FPDFK4BS,Single-Image to 3D Human: A Comprehensive Reconstruction Framework,1,【原因代码】: 1
deep learning based pattern recognition for automated medical imaging,BYXQCNW3,Deep Learning-Based Pattern Recognition for Automated Medical Imaging,1,【原因代码】: 1
bridging communication gaps a low cost real time sign language recognition platform,G5B2WC8I,"Bridging Communication Gaps: A Low-Cost, Real-Time Sign Language Recognition Platform",1,【原因代码】: 1
system on board integrated flexible oegfet aptasensor for multianalyte testing in saliva,QU3DP4UW,System-on-Board Integrated Flexible OEGFET Aptasensor for Multianalyte Testing in Saliva,3,【原因代码】: 3
robust oral localization based on multicamera tracking of self identifying markers,Y8VP89EU,Robust Oral Localization Based on Multicamera Tracking of Self-Identifying Markers,3,【原因代码】: 3
efficient registration of intraoral point clouds using 3 d spatial consistent grouping method with global optimization,CLJ8NKK8,Efficient Registration of Intraoral Point Clouds Using 3-D Spatial Consistent Grouping Method With Global Optimization,3,【原因代码】: 3
development and validation of a freehand 3 d ultrasound system for real time intraoral image reconstruction,DFF9LQMV,Development and Validation of a Freehand 3-D Ultrasound System for Real-Time Intraoral Image Reconstruction,3,【原因代码】: 3
calibration of intraoral 3 d measurement system with using consummated model combined with highly accurate data pairs,MMNAMT58,Calibration of Intraoral 3-D Measurement System With Using Consummated Model Combined With Highly Accurate Data Pairs,3,【原因代码】: 3
accurate 3 d radiation field measurement via focus enhanced gamma imaging and density adaptive point cloud fusion,HBTWKW6T,Accurate 3-D Radiation Field Measurement via Focus-Enhanced Gamma Imaging and Density-Adaptive Point Cloud Fusion,1,【原因代码】: 1
intraoral 3 d measurement by means of group coding combined with consistent enhancement for fringe projection pattern,GCV28PD9,Intraoral 3-D Measurement by Means of Group Coding Combined With Consistent Enhancement for Fringe Projection Pattern,3,【原因代码】: 3
enhanced landmark detection in oral and maxillofacial ct and cbct scans a multistage global local integration approach,6F9KM9CD,Enhanced Landmark Detection in Oral and Maxillofacial CT and CBCT Scans: A Multistage Global–Local Integration Approach,3,【原因代码】: 3
on segmentation of maxillary sinus membrane using automatic vertex screening,JHSJBZJS,On Segmentation of Maxillary Sinus Membrane using Automatic Vertex Screening,3,【原因代码】: 3
on 2d 3d image feature detections for image to geometry registration in virtual dental model,LKB7H5FV,On 2D-3D Image Feature Detections for Image-To-Geometry Registration in Virtual Dental Model,3,【原因代码】: 3
3d guided face manipulation of 2d images for the prediction of post operative outcome after cranio maxillofacial surgery,N6WMEGD2,3D-Guided Face Manipulation of 2D Images for the Prediction of Post-Operative Outcome After Cranio-Maxillofacial Surgery,3,【原因代码】: 3
automated orthognathic surgery planning based on shape aware morphology prediction and anatomy constrained registration,AJ4I25ZJ,Automated Orthognathic Surgery Planning Based on Shape-Aware Morphology Prediction and Anatomy-Constrained Registration,3,【原因代码】: 3
3d human reconstruction combined with facial features,CAZ49UPW,3D Human Reconstruction Combined with Facial Features,1,【原因代码】: 1
assessment of the expressions of facial paralysis using pointnet a deep learning approach for 3d facial point cloud analysis,38YNWRV5,Assessment of The Expressions of Facial Paralysis Using PointNet: A Deep Learning Approach for 3D Facial Point Cloud Analysis,1,【原因代码】: 1
3d face from x learning face shape from diverse sources,PBQ8XJYN,3D Face From X: Learning Face Shape From Diverse Sources,1,【原因代码】: 1
a survey of text guided 3d face reconstruction,TFWIX3RV,A Survey of Text-guided 3D Face Reconstruction,1,【原因代码】: 1
estimating virtual camera fov to reduce perspective shape distortion in 2d to 3d face reconstruction,FGKG96PB,Estimating Virtual Camera FOV to Reduce Perspective Shape Distortion in 2D-to-3D Face Reconstruction,1,【原因代码】: 1
learning disentangled features for nerf based face reconstruction,QNTVYNKA,Learning Disentangled Features for Nerf-Based Face Reconstruction,1,【原因代码】: 1
pwd 3dnet a deep learning based fully automated segmentation of multiple structures on temporal bone ct scans,VA5H2U59,PWD-3DNet: A Deep Learning-Based Fully-Automated Segmentation of Multiple Structures on Temporal Bone CT Scans,1,【原因代码】: 1
robust cbct reconstruction based on low rank tensor decomposition and total variation regularization,HL7ZWRXI,Robust CBCT Reconstruction Based On Low-Rank Tensor Decomposition And Total Variation Regularization,1,【原因代码】: 1
graph refinement with regression prior for 3d face reconstruction,7NUXGGGT,Graph Refinement with Regression Prior for 3D Face Reconstruction,1,【原因代码】: 1
confidence aware clustered landmark filtering for hybrid 3d face tracking,XGSJC7C3,Confidence-Aware Clustered Landmark Filtering For Hybrid 3D Face Tracking,1,【原因代码】: 1
detection of caries and hypodontia using deep learning and explainable ai,VP2TGLTN,Detection of Caries and Hypodontia using Deep Learning and Explainable AI,3,【原因代码】: 3
android based english vocabulary learning media using speech recognition and augmented reality,CLECS8D3,Android-Based English Vocabulary Learning Media using Speech Recognition and Augmented Reality,1,【原因代码】: 1
identification of root resorption from panoramic xray images based on deep metric learning and multi view feature integration,SP9S6FHA,Identification of Root Resorption from Panoramic Xray Images Based on Deep Metric Learning and Multi-View Feature Integration,3,【原因代码】: 3
extraction of cervical lymph nodes based on improved u net incorporated attention module,7YHWW4EZ,Extraction of Cervical Lymph Nodes Based on Improved U-Net++ Incorporated Attention Module,1,【原因代码】: 1
speech2sign with asl transformers and sl gan,TJ58KLZ9,Speech2Sign with ASL-Transformers and SL-GAN,1,【原因代码】: 1
vision guided nucleic acid detection and sampling robot,JEHNTLW4,Vision-Guided Nucleic Acid Detection and Sampling Robot,1,【原因代码】: 1
using vision transformers in 3 d medical image classifications,RRZQD6TW,Using Vision Transformers in 3-D Medical Image Classifications,1,【原因代码】: 1
an intestinal matrix based human lung cancer model reflects clinical data from gefitinib on dosage dependent efficacy,NVTUI38R,An intestinal matrix-based human lung cancer model reflects clinical data from gefitinib on dosage-dependent efficacy,1,【原因代码】: 1
advances in tissue engineering of cancer microenvironment from three dimensional culture to three dimensional printing,D6RW4EIJ,Advances in tissue engineering of cancer microenvironment-from three-dimensional culture to three-dimensional printing,1,【原因代码】: 1
type of maxillary segment mobilization affects three dimensional nasal morphology,3LP7326M,Type of maxillary segment mobilization affects three-dimensional nasal morphology,3,【原因代码】: 3
effect of crestal position on bone implant stress interface of three implant splinted prostheses a finite element analysis,RLTJ6JCJ,Effect of Crestal Position on Bone-Implant Stress Interface of Three-Implant Splinted Prostheses: A Finite Element Analysis,3,【原因代码】: 3
formulation and evaluation of semi solid extrusion sse 3d printed drug preparations using poloxamers and polyethylene oxide as co printed carrier polymers,RT35A7UX,Formulation and evaluation of semi-solid extrusion (SSE) 3D-printed drug preparations using poloxamers and polyethylene oxide as co-printed carrier polymers,1,【原因代码】: 1
sivan classification system for diagnosis of jaw lesions based on visual volumetric analysis of 3 dimensional cone beam computed tomographic images,F6V9KWK9,Sivan classification system for diagnosis of jaw lesions based on visual volumetric analysis of 3-dimensional cone-beam computed tomographic images,3,【原因代码】: 3
a novel digital and visualized guided bone regeneration procedure and digital precise bone augmentation a case series,W2SGSLB2,A novel digital and visualized guided bone regeneration procedure and digital precise bone augmentation: A case series,3,【原因代码】: 3
bifunctional 3d printed peek scaffolds incorporating hydrogel encapsulated magnesium quinone nanosheets for antibacterial activity and mandibular bone regeneration,THM84YLC,Bifunctional 3D-printed PEEK scaffolds incorporating hydrogel-encapsulated magnesium-quinone nanosheets for antibacterial activity and mandibular bone regeneration,3,【原因代码】: 3
the temporomandibular ligament as a tethered radius guiding articular eminence development during craniofacial growth,YZR8MJT7,The temporomandibular ligament as a tethered radius guiding articular eminence development during craniofacial growth,2,【原因代码】: 2
jaw morphology and factors associated with upper impacted canines case controlled trial,GID4YXLX,Jaw Morphology and Factors Associated with Upper Impacted Canines: Case-Controlled Trial,3,【原因代码】: 3
cmvnet centerline guided multi view network for continuous mandibular canal segmentation in cbct,DMBNYJGJ,CMVNet: Centerline-guided multi-view network for continuous mandibular canal segmentation in CBCT,3,【原因代码】: 3
treatment effects of 3d printed pcl fe3o4 3 o 4 zif 8 magnetic nanocomposite on infected bone defect,JQX4HQ9M,Treatment effects of 3D-printed PCL/Fe3O4@ 3 O 4 @ ZIF-8 magnetic nanocomposite on infected bone defect,1,【原因代码】: 1
quantification of craniofacial growth pattern based on deep learning,LK5IJDK6,Quantification of Craniofacial Growth Pattern Based on Deep Learning,3,【原因代码】: 3
a modified protocol to evaluate masseter morphology based on automatic segmentation and registration,CT63NU2A,A Modified Protocol to Evaluate Masseter Morphology Based on Automatic Segmentation and Registration,3,【原因代码】: 3
al enhanced surgical guides for real time navigation in dental implant placement procedures,CME9QEZQ,Al-Enhanced Surgical Guides for Real-Time Navigation in Dental Implant Placement Procedures,3,【原因代码】: 3
plug and play regularization on magnitude with deep priors for 3d near field mimo imaging,PCEEZU3Y,Plug-and-Play Regularization on Magnitude With Deep Priors for 3D Near-Field MIMO Imaging,1,【原因代码】: 1
softooth semantics enhanced order aware fusion for tooth instance segmentation,YDAFFNFQ,SOFTooth: Semantics-Enhanced Order-Aware Fusion for Tooth Instance Segmentation,3,【原因代码】: 3
analyzing interactions in paired egocentric videos,6UWXDDD5,Analyzing Interactions in Paired Egocentric Videos,1,【原因代码】: 1
hybrid deep learning model for brain tumor prediction,2R2DTI49,Hybrid Deep Learning Model for Brain Tumor Prediction,1,【原因代码】: 1
oral cancer histopathological detection and diagnosis using hybrid ai deep learning methods,MWJMLC5D,Oral Cancer Histopathological Detection and Diagnosis Using Hybrid AI Deep Learning Methods,3,【原因代码】: 3
