序号,Key,Title,run1,run2,run3,一致,一致度,多数标签
,GNTHJANG,The role of patient specific implants in the oral and maxillofacial region.,exclude,exclude,exclude,True,1.0,exclude
,4I6N7UPZ,Implementation of 3D Printing and Computer-Aided Design and Manufacturing (CAD/CAM) in Craniofacial Reconstruction.,exclude,exclude,exclude,True,1.0,exclude
,XSN8NLIH,Augmented Reality Navigation in Craniomaxillofacial/Head and Neck Surgery.,unsure,unsure,unsure,True,1.0,unsure
,GM2LLIKT,Cross-center Model Adaptive Tooth segmentation.,unsure,unsure,unsure,True,1.0,unsure
,CLHU5JFE,"An open-source, three-dimensional growth model of the mandible.",unsure,unsure,unsure,True,1.0,unsure
,8I6XZTXC,Three-dimensional digital applications for implant space planning in orthodontics: A narrative review.,exclude,exclude,exclude,True,1.0,exclude
,7NEJ5SFL,Virtual setup in orthodontics: planning and evaluation.,unsure,unsure,unsure,True,1.0,unsure
,YWZB3ZFE,3D Printing Technologies for Removable Dentures Manufacturing: A Review of Potentials and Challenges.,exclude,exclude,exclude,True,1.0,exclude
,CY4M86BS,Geo-Net: Geometry-Guided Pretraining for Tooth Point Cloud Segmentation.,unsure,unsure,unsure,True,1.0,unsure
,JP3XLWTI,Digital duplication of maxillary complete denture: A dental technique.,include,include,include,True,1.0,include
,MQGENIRJ,Automated Orientation and Registration of Cone-Beam Computed Tomography Scans.,include,include,include,True,1.0,include
,AHMZVPPN,Virtual surgical planning and augmented reality for fixation of plate during Le Fort I osteotomy.,unsure,unsure,unsure,True,1.0,unsure
,26QMLGSA,Identifying teeth and tooth fragments from digital 3D models.,unsure,unsure,unsure,True,1.0,unsure
,LVQV6BQX,Convolutional mesh autoencoders for the 3-dimensional identification of FGFR-related craniosynostosis.,unsure,unsure,exclude,False,0.6666666666666666,unsure
,8TB2V9T8,Virtual reconstruction of orbital defects using Gaussian process morphable models.,include,include,include,True,1.0,include
,7RLZP4A4,Proof-of-Concept Digital-Physical Workflow for Clear Aligner Manufacturing.,include,include,include,True,1.0,include
,T8Q2R8EA,Effect of the presence of orthodontic brackets on intraoral scans.,unsure,unsure,unsure,True,1.0,unsure
,QV9TASMT,3-dimensional analysis of hard- and soft-tissue symmetry in a Chinese population.,unsure,unsure,unsure,True,1.0,unsure
,J8XSJUZ3,Step-by-Step Implementation of Three-Dimensional Print Technology in Preoperative Neurosurgery Planning.,exclude,exclude,exclude,True,1.0,exclude
,7G2A3A2R,Redefining MRI-Based Skull Segmentation Through AI-Driven Multimodal Integration.,unsure,unsure,unsure,True,1.0,unsure
,78Q8XIIY,Root canal disinfection and maintenance of the remnant tooth tissues by using grape seed and cranberry extracts.,exclude,exclude,exclude,True,1.0,exclude
,EILJESU9,Role of Digital Technologies in Special Care Dentistry: A Scoping Review.,exclude,exclude,exclude,True,1.0,exclude
,MGCLIWPA,Fusion of intra-oral scans in cone-beam computed tomography scans.,exclude,exclude,exclude,True,1.0,exclude
,V6QXLTTL,Fully Automated Tooth Segmentation and Labeling for Both Full- and Partial-Arch Intraoral Scans Using Deep Learning.,unsure,unsure,unsure,True,1.0,unsure
,CQ5RM9XW,Automated detection and numbering of primary and permanent teeth in digital impressions of children using artificial intelligence.,unsure,unsure,unsure,True,1.0,unsure
,YWHF6MK5,Numerical Assessment Tool to Measure Realism in Clinical Simulation.,exclude,exclude,exclude,True,1.0,exclude
,BSMQHU4Y,Three-Dimensional Auricular Subunit Models for Cartilage Framework Fabrication: Our Preliminary Experience.,exclude,exclude,exclude,True,1.0,exclude
,WPFWC6I6,Automatic Segmentation of Dental Root Canal and Merging with Crown Shape.,unsure,unsure,unsure,True,1.0,unsure
,32PVXFTI,A modified scan technique for multiple abutment teeth using the trim and lock function.,unsure,unsure,unsure,True,1.0,unsure
,UBAZZ8UQ,An Open Source Framework for Free Precise Digital Facial Analysis.,include,include,include,True,1.0,include
,QLPEUI2S,Biomechanical Evaluation of Framework Materials in All-on-Four Versus All-on-Six Prostheses: A Finite Element Study.,unsure,unsure,unsure,True,1.0,unsure
,UNK3IQDN,Influence of the frameworks of implant-supported prostheses and implant connections on stress distribution.,unsure,unsure,unsure,True,1.0,unsure
,N4NBSSAU,Assessing the Volume of the Head of the Mandibular Condyle Using 3T-MRI-A Preliminary Trial.,unsure,unsure,unsure,True,1.0,unsure
,R4FJVQAW,Automated dentition segmentation: 3D UNet-based approach with MIScnn framework.,include,include,unsure,False,0.6666666666666666,include
,LK5R8TKE,The all-on-4 concept in the maxilla-A biomechanical analysis involving high performance polymers.,unsure,unsure,unsure,True,1.0,unsure
,PNHT9ZGI,An update on CAD-CAM usage for removable partial denture fabrication: A systematic review.,exclude,exclude,exclude,True,1.0,exclude
,TGY9GAAH,Accuracy of imaging software usable in clinical settings for 3D rendering of tooth structures.,include,include,include,True,1.0,include
,Z2SBK7IA,Patient-Specific Implant Customization for Treatment of Internal Orbital Fractures Using Office-Based Three-Dimensional Printing.,include,include,include,True,1.0,include
,CI6MMSH5,OpenMandible: An open-source framework for highly realistic numerical modelling of lower mandible physiology.,include,include,include,True,1.0,include
,WV2YRJPV,Dental measurement procedure based on 3D analysis and data processing.,unsure,unsure,unsure,True,1.0,unsure
,SQ3JDDN7,PowerScope 2 functional appliance: A 3D finite element simulation of its action on the mandible.,include,include,include,True,1.0,include
,V57RMVGL,Root Canal Segmentation in CBCT Images by 3D U-Net with Global and Local Combination Loss.,unsure,unsure,unsure,True,1.0,unsure
,BV572BCA,Evaluation of misfit and stress distribution in implant-retained prosthesis obtained by different methods.,unsure,unsure,unsure,True,1.0,unsure
,GBKMLEI9,Patient Specific Classification of Dental Root Canal and Crown Shape.,unsure,unsure,unsure,True,1.0,unsure
,UNERRYKU,"Low-Cost, High-Fidelity 3D-Printed Temporomandibular Joint (TMJ) Dislocation Reduction Task Trainer.",unsure,include,include,False,0.6666666666666666,include
,XIG5K4XL,A Unified Deep Learning Framework for Visual Diagnosis of Palatal Radicular Grooves in CBCT Scans: A Multicenter Validation Study.,unsure,unsure,unsure,True,1.0,unsure
,9CPYUG6Z,AI-driven gingival segmentation on CBCT: Validation using delineation by intraoral scanning and CBCT-based cotton roll separation.,unsure,unsure,unsure,True,1.0,unsure
,9CLL4MDW,Accuracy of Implant Placement Position Using Nondental Open-Source Software: An In Vitro Study.,include,include,include,True,1.0,include
,3RPDNKWU,The level of confidence of dentists in identifying intact and sectioned teeth.,include,include,include,True,1.0,include
,RSUECYHG,Effect of Different Restorative Materials on Stress Distribution around Dental Implants.,unsure,unsure,unsure,True,1.0,unsure
,SUK2X4DR,Evaluation of an AI-based segmentation model for mandibular fracture segmentation on CBCT using volumetric and 2D slice-based validation approaches.,unsure,unsure,unsure,True,1.0,unsure
,53Y9LVNA,A Comparative study on the Effectiveness of Augmented Reality on Denture Tooth Selection.,unsure,unsure,unsure,True,1.0,unsure
,VPPTRWXZ,Oriented tooth detection: a CBCT image processing method integrated with RoI?transformer.,unsure,unsure,unsure,True,1.0,unsure
,BXY6ILDH,Guidelines for Orbital Defect Assessment and Patient-Specific Implant Design: Introducing OA(2) (Orbital Assessment Algorithm).,exclude,exclude,exclude,True,1.0,exclude
,65D7NUJE,MaxI-Net: A 3D AI Framework for CBCT-Based Maxillofacial Defect Reconstruction and Patient-Specific Implant Generation with Biomechanical Validation.,include,include,include,True,1.0,include
,IPRIVZUP,Developing an Artificial Intelligence Solution to Autosegment the Edentulous Mandibular Bone for Implant Planning.,include,include,include,True,1.0,include
,KU78732Y,The Effect of Defect Morphology and Membrane Fixation on 3D Graft Material Displacement During Primary Wound Closure in Horizontal Bone Augmentation-An  Ex?Vivo Study.,unsure,unsure,unsure,True,1.0,unsure
,YALN4286,A comprehensive technique using digital workflow to improve an unpleasant smile: A clinical report.,include,include,include,True,1.0,include
,43NA4DNK,Anterior Esthetic Rehabilitation with Computer-Aided Design/Computer-Aided Manufacturing Zirconia: A Case Report.,unsure,unsure,unsure,True,1.0,unsure
,E5ATG7MJ,3D craniofacial generative model for surgical planning in mandibular reconstruction.,include,include,include,True,1.0,include
,HHXKMFE3,Mechanotherapeutic Modulation of the Nasal Microenvironment: RAMPA-Induced Maxillofacial Remodeling and Its Pathophysiological Impact on Mucus Rheology and  Chronic Inflammation.,unsure,unsure,unsure,True,1.0,unsure
,SCPVCH8P,Scanning Accuracy of 10 Intraoral Scanners for Single-crown and Three-unit Fixed Denture Preparations: An In Vitro Study.,unsure,exclude,unsure,False,0.6666666666666666,unsure
,69LQ9WZ4,Accuracy of Static Computer- Assisted Implant Placement in Posterior Edentulous Areas with Different Levels of Tooth- Support by Novice Clinicians.,unsure,unsure,unsure,True,1.0,unsure
,JFGG5SRB,Visualizing physiological sclerotic dentin via micro-computed tomography: A pilot study.,unsure,unsure,unsure,True,1.0,unsure
,B5HAN576,Management of Total Frontal Bone Loss After Surgery for Craniosynostosis: The Modified Visor Bone Flap With Brain Cage.,exclude,exclude,exclude,True,1.0,exclude
,8PBRU82N,TCFNet: Bidirectional face-bone transformation via a Transformer-based coarse-to-fine point movement network.,unsure,unsure,unsure,True,1.0,unsure
,2NKG7SLL,A Self-Supervised Deep Framework for Reference Bony Shape Estimation in Orthognathic Surgical Planning.,unsure,unsure,unsure,True,1.0,unsure
,Y3Y6L6FN,MADCrowner: Margin Aware Dental Crown design with template deformation and refinement.,unsure,unsure,unsure,True,1.0,unsure
,ZHH7IXHH,Fully Automated AI-Based Digital Workflow for Mirroring of Healthy and Defective Craniofacial Models.,unsure,unsure,unsure,True,1.0,unsure
,PYH6UXUZ,Treatment of Progressive Hemifacial Atrophy by Cartilage Graft and Free Adipofascial Flap Combined with Three-Dimensional Planning.,unsure,unsure,unsure,True,1.0,unsure
,KFMHNQAV,In-House 3D Printed Positioning and Cutting Guide System for Mandibular Reconstruction. Protocol and case report.,include,include,include,True,1.0,include
,IEJ4T68U,Romero dental modification system from 2D diagrammatic representation to 3D digital models.,unsure,exclude,exclude,False,0.6666666666666666,exclude
,K64RLB43,DUCU: a conceptual framework for AI-driven conversion of smile design to functional wax-up.,exclude,exclude,exclude,True,1.0,exclude
,DCY89A88,Evaluation of a Novel Drilling Approach for Dynamic Navigation-Aided Endodontic Microsurgery: A Surgical Simulation Comparison Study.,unsure,unsure,unsure,True,1.0,unsure
,QAMHCCD9,A Slicer-Independent Framework for Measuring G-Code Accuracy in Medical 3D Printing.,include,include,include,True,1.0,include
,2TJBVIZP,Using 3D Printing and Mirror Image Modeling in Orbital Floor Reconstruction.,include,include,include,True,1.0,include
,KZUDTGT4,Deep learning-enabled 3D multimodal fusion of cone-beam CT and intraoral mesh scans for clinically applicable tooth-bone reconstruction.,unsure,unsure,unsure,True,1.0,unsure
,MXRP67U6,Accuracy and safety of a haptic operated and machine vision controlled collaborative robot for dental implant placement: A?translational study.,unsure,unsure,unsure,True,1.0,unsure
,8FVR9YAI,Application of artifact suppression algorithm of post-processing CBCT software in root canal filling materials.,unsure,unsure,unsure,True,1.0,unsure
,ZRP4E5TI,A computational modeling method for root canal endoscopy using a specific CBCT filter: A new era in the metaverse of endodontics begins.,unsure,unsure,unsure,True,1.0,unsure
,ATFDULYF,Three-dimensional evaluation of condylar morphology after orthodontic treatment in adult patients with Class II malocclusion by cone-beam computed tomography.,include,include,include,True,1.0,include
,ECNDVG7C,Innovative Endodontic Management of Pulp Canal Obliteration in Mandibular Incisors Using a Static Navigation System: A Case Report.,unsure,unsure,unsure,True,1.0,unsure
,REDS4QVI,Biomechanical considerations in RPD design: application and perspective of finite element method in distal extension removable partial denture rehabilitation.,exclude,exclude,exclude,True,1.0,exclude
,SHZJNWAH,Impact of artifact reduction on dimensional accuracy of sealing materials for furcal perforations in CBCT.,unsure,unsure,unsure,True,1.0,unsure
,NLYE5CIG,Numerical Inverse Design of Patient-Specific Dental Implants: Accelerating FEA-Based Optimization via Evolutionary Neural Surrogates.,include,include,include,True,1.0,include
,6L7WJ4MX,Effects of the cone-beam computed tomography protocol on the accuracy and image quality of root surface area measurements: An in vitro study.,unsure,unsure,unsure,True,1.0,unsure
,4I8FWCMQ,Design and development of a virtual reality simulation for dental implant prosthesis training.,include,include,include,True,1.0,include
,LSXTAGI2,Artificial intelligence guided occlusion reconstruction in nonoccluding CBCT: A validation study.,unsure,unsure,unsure,True,1.0,unsure
,3NRBHY63,Application of a virtual and mixed reality-navigation system using commercially available devices to the lateral temporal bone resection.,exclude,include,include,False,0.6666666666666666,include
,IHRQELW2,The effect of different tooth preparation finishing procedures and immediate dentin sealing on the scanning accuracy of different intraoral scanners.,include,include,include,True,1.0,include
,469FIVNE,A novel approach for the replacement of accuracy and precision measurements with the visual instrument agreement scale (VIAS) in evaluating the performance of  four intraoral scanners and one shade measurement device.,unsure,unsure,unsure,True,1.0,unsure
,3IABES8D,"Comparative evaluation to study the effect of implant support on complete fixed dental prosthesis fabricated with peek framework when implants placed in all-on-4  and all-on-6 situation, by strain gauge analysis and finite element analysis - An  in vitro study.",unsure,unsure,unsure,True,1.0,unsure
,3L3AZP53,"WEAR, FATIGUE, AND FRACTURE RESISTANCE OF DIFFERENT MONOLITHIC CAD/CAM ONLAYS AS ABUTMENTS FOR ACETAL RESIN OR COBALT-CHROMIUM REMOVABLE PARTIAL DENTURE  FRAMEWORKS.",unsure,unsure,unsure,True,1.0,unsure
,ZF2YLA3S,Integrating local and global attention mechanisms for enhanced oral cancer detection and explainability.,exclude,exclude,exclude,True,1.0,exclude
,2VLCNVN2,Digitally Guided Intraoral Segmental Mandibulectomy and Fibula Flap Reconstruction for Locally Invasive Odontogenic Tumors.,unsure,unsure,unsure,True,1.0,unsure
,QD7MIRSD,Evaluation of CBCT reconstructed tooth models at different thresholds and voxels and their accuracy in fusion with IOS data: an in vitro validation study.,unsure,unsure,unsure,True,1.0,unsure
,F5DKTHEG,The geometric relationship between root length and root surface area determined from digital tooth models.,unsure,unsure,unsure,True,1.0,unsure
,L54V6DLZ,Clinical-oriented 3D visualization and quantitative analysis of gingival thickness using convolutional neural networks and CBCT.,unsure,unsure,unsure,True,1.0,unsure
,LH8UPF46,Automated micro-CT quantification of clear aligner fit: a pilot comparison of manufacturing processes.,include,include,unsure,False,0.6666666666666666,include
,Q7VVX4L9,"Repair of Inferior Alveolar Nerve in Orthognathic Surgery Simulator (RIANOS): A Novel, Open-Source, Combined 3D Printed, and Ex-Vivo Chicken Sciatic Nerve  Training Model.",unsure,unsure,unsure,True,1.0,unsure
,3EX7T8DA,"Automated Support Generation for Fixed Partial Dentures and Impact of Bone Loss, Bone Quality and Support Types: Parametric Cad and Finite Element Analysis.",include,include,include,True,1.0,include
,V32IVHH4,A deep learning model for multiclass tooth segmentation on cone-beam computed tomography scans.,unsure,unsure,unsure,True,1.0,unsure
,K9F3VXCV,Precise maxillectomy reconstruction with a scapula flap using novel in-house 3D-printed surgical guides.,unsure,unsure,unsure,True,1.0,unsure
,7RUZVAC6,Development of an artificial intelligence-based algorithm to classify images acquired with an intraoral scanner of individual molar teeth into three  categories.,unsure,unsure,unsure,True,1.0,unsure
,8RUTEZHU,DICOM segmentation and STL creation for 3D printing: a process and software package comparison for osseous anatomy.,include,include,include,True,1.0,include
,7CZBUA54,Prospective study on the localization of anterolateral thigh perforator vessel based on mixed reality and artificial algorithm.,unsure,unsure,unsure,True,1.0,unsure
,YZHWVIEG,Automatic Pulp and Teeth Three-Dimensional Modeling of Single and Multi-Rooted Teeth Based on Cone-Beam Computed Tomography Imaging: A Promising Approach With  Clinical and Therapeutic Outcomes.,unsure,unsure,unsure,True,1.0,unsure
,T3K2TLQ3,Adaptive digital workflow for virtual patient modeling: Integrating static registration and six-degree-of-freedom jaw tracking.,unsure,unsure,unsure,True,1.0,unsure
,9D6677BV,Effect of framework material and gyroid lattice design on the biomechanics of all-on-four full-arch prostheses.,unsure,unsure,unsure,True,1.0,unsure
,ZUNK9NNI,Development of Micro-CT-Based Anatomically Accurate Tooth Model for Finite Element Analysis of Composite Restorations.,unsure,unsure,unsure,True,1.0,unsure
,T3Z6BX4T,A Full Computerized Workflow for Planning Surgically Assisted Rapid Palatal Expansion and Orthognathic Surgery in a Skeletal Class III Patient.,unsure,unsure,unsure,True,1.0,unsure
,K9NG599R,Multi-Architecture deep learning for CBCT segmentation of dental hard tissues and pulp in mixed dentition.,unsure,exclude,unsure,False,0.6666666666666666,unsure
,VA93LQUQ,Clinical evaluation of removable partial dentures with digitally fabricated metal framework after 4 years of clinical service.,exclude,exclude,exclude,True,1.0,exclude
,WYDE6M86,A 3-D Finite Element Analysis of Stress Distribution on Implant-supported Fixed Prosthesis with Four Different Commercially Available Implant Systems.,unsure,unsure,unsure,True,1.0,unsure
,ZMGIR34S,TAPSeg: An open-source deep learning tool for instance-level tooth and pulp segmentation in CBCT.,include,include,include,True,1.0,include
,Q36P232F,Development of Semi-Automatic Dental Image Segmentation Workflows with Root Canal Recognition for Faster Ground Tooth Acquisition.,include,include,include,True,1.0,include
,2CNYCSQG,Stress distribution in titanium and zirconia implants with full-arch prostheses: a finite element analysis.,unsure,unsure,unsure,True,1.0,unsure
,IRINA65L,Interdisciplinary innovative approach to an aggressive ossifying fibroma case: Integrating 3D surgery and customized reconstruction in maxillofacial and dental  care.,unsure,unsure,unsure,True,1.0,unsure
,FA6QRXQN,Finite Element Analysis of Platform Switching Effects on Stress Distribution in Posterior Implants Placed in Different Bone Types Under Axial and Oblique Loading  Conditions.,include,include,include,True,1.0,include
,SXE9C4CV,A step-by-step guide for implementation of virtual surgical applications and patient data centralization: practical experience and lessons learned.,exclude,unsure,unsure,False,0.6666666666666666,unsure
,L8M7M2BX,Endodontic Treatment of a Molar with Peculiar Anatomy: Case Study with CBCT and 3D Printed Model.,include,include,include,True,1.0,include
,UBY7Q3RD,Digitally guided corticotomy using a customized surgical template (Suya corticotomy utility template): A technique report.,include,include,include,True,1.0,include
,37T73WT3,Automatic 3-dimensional quantification of orthodontically induced root resorption in cone-beam computed tomography images based on deep learning.,unsure,unsure,unsure,True,1.0,unsure
,IHFWL9JR,Application of temporary patient-specific plate in head and neck osteocutaneous free flap reconstruction: a prospective pilot study.,unsure,unsure,unsure,True,1.0,unsure
,IDDEZY3C,Deep learning-based dental age estimation in adolescents using panoramic radiographs: a comparative study with traditional methods.,unsure,unsure,unsure,True,1.0,unsure
,Y86TUGG7,AI-augmented mixed reality for 3D visualization of perforator vessels: A feasibility study in fibular flap surgery.,include,include,unsure,False,0.6666666666666666,include
,C7KWYD39,Fully automated estimation of arch forms in cone-beam CT with cubic B-spline approximation: Evaluation of digital dental models with missing teeth.,unsure,unsure,unsure,True,1.0,unsure
,DTQPUFEH,A finite element analysis of a dental implant with a conformal lattice structure: a parametric exploration under occlusal loading.,include,unsure,unsure,False,0.6666666666666666,unsure
,S5KAPWQQ,Automatic margin line extraction using 3D deep learning on digital surface models of prepared teeth for crown generation.,unsure,unsure,unsure,True,1.0,unsure
,SK8EHSDL,An automatic approach to establish clinically desired final dental occlusion for one-piece maxillary orthognathic surgery.,unsure,unsure,unsure,True,1.0,unsure
,YFK7UAPN,Pioneering fully automated bony orbit segmentation: an in silico nnU-Net multicentre approach.,unsure,unsure,unsure,True,1.0,unsure
,IN7BTE67,Accuracy and Clinical Outcomes of Mandibular Reconstruction Using Fibula Free Flaps and Open-Source Virtual Surgical Planning.,include,include,include,True,1.0,include
,TYANEIC4,Electromagnetic Navigation in Mandibular Reconstruction Using Autologous Grafts: A Color-Coded Assistance for Precise Positioning of Bone Segments.,unsure,unsure,unsure,True,1.0,unsure
,4SAG92EI,Evaluation of prostheses retained zygomatic and dental implants in large defects in the maxilla due to tumors or major trauma by biomechanical 3- dimensional  finite element analysis.,unsure,unsure,unsure,True,1.0,unsure
,7QDPDBCV,Comparison of biomechanical performance of custom implants with different designs under functional load: a finite element analysis.,unsure,unsure,unsure,True,1.0,unsure
,F7VE6S7L,Microfluidic pulp platform with vascular integration to evaluate biofunctional material.,unsure,unsure,unsure,True,1.0,unsure
,SUBWE4UX,Effect of Occlusal Scheme and Bone-Level Implant Number and Position on Stress Distribution in Kennedy Class II Implant-Assisted Removable Partial Dentures: A  3D Finite Element Analysis.,unsure,unsure,unsure,True,1.0,unsure
,5TGPGAFM,Comparative Evaluation of Stress Distribution around Various Threaded Implants with and without Platform Switch: A 3-D Finite Element Analysis.,include,include,include,True,1.0,include
,RC9HDKWL,"Individual, High-Precision 3D Mandibular Model for Finite Element Analysis of Three-Unit Bridges: A Biomechanical Pilot Study.",unsure,unsure,unsure,True,1.0,unsure
,BLI79NLU,Customized 3D-printed models for training in repairing large maxillary sinus membrane perforations.,unsure,unsure,unsure,True,1.0,unsure
,W32UUZHY,Accuracy and generalizability of an open-source deep learning model for facial bone segmentation on CT and CBCT scans: An ex vivo study.,include,include,include,True,1.0,include
,EU3ZJKMP,A Deep Metric Learning and Multimodal Gated Fusion Framework for AI-Driven Risk Assessment of Lingual Plate Perforation and Mandibular Canal Injury in Posterior  Mandible Implants.,unsure,unsure,unsure,True,1.0,unsure
,IGM5ZZ4D,"A novel forensic protocol for age reversal facial approximation from elderly skulls using computed tomography scans, CAD techniques and anthropometric data.",include,include,include,True,1.0,include
,EKQJE262,"Comparison of Low-Dose, Standard-Dose, and High-Definition CBCT Protocols for STL Reconstruction Accuracy in Digital Bone Scaffold Workflows.",unsure,unsure,unsure,True,1.0,unsure
,X9PHNC4E,Protocol for obtaining a digital and physical three-dimensional color map of the skull based on the Hounsfield scale using open-source and free software.,include,include,include,True,1.0,include
,2ZLUSNLH,"Evaluation of the Effects of Diameter, Length, Splinted or Nonsplinted Form, and Crown-to-Implant Ratio on the Stress Distribution Around Extra-Short Implants in  the Posterior Mandible: Finite Element Analysis.",include,include,include,True,1.0,include
,SB3G68D5,Effect of simulated bur radius compensation on full-contour CAD crown morphology and trueness across tooth types. An in- silico study.,unsure,unsure,unsure,True,1.0,unsure
,WXJDH8BZ,"International Symposium Napoca Biodent 2021: New Challenges in Dental Research, 10(th) Edition, 5(th) - 6(th) November 2021.",exclude,exclude,exclude,True,1.0,exclude
,WMEDMW72,Influence of Transmucosal Contour on Peri-Implant Soft Tissue Dimensions: A Cross-Sectional Study in Posterior Single-Tooth Implants.,unsure,unsure,unsure,True,1.0,unsure
,29DTNV7A,Functional models from limited data: A parametric and multimodal approach to anatomy and 3D kinematics of feeding in basking sharks (Cetorhinus maximus).,exclude,exclude,exclude,True,1.0,exclude
,FHFQ7WB8,Retroposition of the Vestigial Cartilage in Patients With Microtia: A Novel Technique to Enhance Projection of the Reconstructed Ear.,exclude,exclude,exclude,True,1.0,exclude
,6Y2JX4E5,Effects of Build Angle and Position in the Build Platform on the Dimensional Accuracy of 3D-Printed Molar Crowns Using Digital Light Processing Technology.,include,include,include,True,1.0,include
,46CXKFWE,AI-assisted Software Development in Digital Dentistry: A Technical Innovation Report with Three Open-Source Applications.,include,include,include,True,1.0,include
,J2CNNQSY,Accuracy of three-dimensional virtual simulation of the soft tissues of the face in OrtogOnBlender for correction of class II dentofacial deformities: an  uncontrolled experimental case-series study.,include,include,include,True,1.0,include
,DDJDZ2IZ,Finite element analysis (FEA) of stress distribution in platform-switched short dental implants.,include,include,include,True,1.0,include
,GDZGDW9U,Specially designed and CAD/CAM manufactured allogeneic bone blocks using for augmentation of a highly atrophic maxilla show a stable base for an all-on-six  treatment concept: a case report.,unsure,unsure,unsure,True,1.0,unsure
,V89XCKDS,Augmented reality navigation with real-time tracking for facial repair surgery.,unsure,unsure,unsure,True,1.0,unsure
,HHH67P6U,Extraction of Tooth Cusps based on DBSCAN Density Clustering and Neighborhood Search Algorithm.,unsure,unsure,unsure,True,1.0,unsure
,UM9QT2SB,Dynamic Navigation for Dental Implant Placement.,unsure,unsure,unsure,True,1.0,unsure
,EY9HHQH3,Fabrication of immediately loaded implant-retained maxillary overdenture with flapless surgery using a CAD/CAM surgical guide: A technical report.,unsure,unsure,unsure,True,1.0,unsure
,KRGY2GF4,Revolutionizing dental restorations: Insights into computer-aided design/computer-aided manufacturing materials - A systematic review.,exclude,exclude,exclude,True,1.0,exclude
,MH77VGXZ,Optimization of forensic identification through 3-dimensional imaging analysis of labial tooth surface using open-source software.,include,include,include,True,1.0,include
,ZSA2267Y,Analysis of the accuracy of a dynamic navigation system in endodontic microsurgery: A prospective case series study.,unsure,unsure,unsure,True,1.0,unsure
,GC7Z6UQ8,Association of Peri-Implant Mucosa Dimensions With Emergence Profile Angles of the Implant Prosthesis.,unsure,unsure,unsure,True,1.0,unsure
,TYDR2R9S,Three-dimensional finite element analysis of temporomandibular joint stresses following botulinum toxin injection and occlusal splint therapy in bruxism.,unsure,unsure,unsure,True,1.0,unsure
,2E6KGKNK,Automatic surgical planning based on point cloud filtering and geometric constraints for temporomandibular joint prosthesis implantation.,unsure,unsure,unsure,True,1.0,unsure
,XHTXIG78,Digital Simulation and Clinical Validation of a Novel Open-Source-Based Workflow for 3D-Printed Surgical Guide (GORST) in Esthetic Crown Lengthening: A Case  Report.,include,include,include,True,1.0,include
,GMQCCFR9,Developing an Artificial Intelligence Solution to Autosegment the Edentulous Maxillary Bone for Implant Planning.,include,include,include,True,1.0,include
,8DSDLZHX,Two-piece versus single-piece patient-specific titanium subperiosteal implants in atrophied edentulous mandibles: A finite element analysis.,unsure,unsure,unsure,True,1.0,unsure
,CD45V2UD,In-house manufactured 3D guides for the localization and treatment of mandibular lesions. Workflow and case series.,include,include,include,True,1.0,include
,V9V4K2H2,In-House Three-Dimensional Printing in Orbital Reconstructive Surgery: A Case Report and Future Perspectives.,include,include,include,True,1.0,include
,YWCYTVI5,Real-Time Face Gesture-Based Robot Control Using GhostNet in a Unity Simulation Environment.,exclude,exclude,exclude,True,1.0,exclude
,LS8RX9WU,3D ring artifacts removal algorithm combined low-rank tensor decomposition with spatial-sequential total variation regularization and its application in  phase-contrast microtomography.,exclude,exclude,exclude,True,1.0,exclude
,DIV2LM35,A Personalized 3D-Printed CAD/CAM Functional Space Maintainer Following the Premature Loss of a Primary First Molar in a Five-Year-Old Child.,exclude,exclude,exclude,True,1.0,exclude
,8EJ8L3BS,Full-mouth rehabilitation of a patient with implant-supported fixed dental prostheses using CAD-CAM frameworks.,unsure,unsure,unsure,True,1.0,unsure
,SG47UPMT,Advanced Simulation System for Orbitozygomatic Fracture Reconstruction: Multicenter Validation of a Novel Training and Objective Assessment Platform.,unsure,unsure,unsure,True,1.0,unsure
,DSAYFDCC,"Trueness of fully guided static computer-assisted implant surgery for immediate implant placement in premolar and molar sites, an observational analysis.",unsure,unsure,unsure,True,1.0,unsure
,KHNTF6NJ,Posterior implant angulation without cantilever reduction in mandibular All-on-4: a controlled finite element analysis of stress transfer and implant macrodesign  effects.,unsure,unsure,unsure,True,1.0,unsure
,ZQA8YILC,Hybrid Digital Workflow for Accurate Distal Extension Reproduction in Free-End Removable Dental Prosthesis: A Technical Report.,unsure,unsure,unsure,True,1.0,unsure
,ZMMF2E7P,Accuracy of facial scan registration: A comparison between full-cranium and reduced field-of-view cone-beam computed tomography.,unsure,unsure,unsure,True,1.0,unsure
,K5L8U678,Laboratorial Comparative Study of the Accuracy Between Virtual Planning and Erickson's Platform.,unsure,unsure,unsure,True,1.0,unsure
,UIVXLDR7,Comparison of the marginal discrepancy of PFM crowns in the CAD/CAM and lost-wax fabrication techniques by triple scanning.,unsure,unsure,unsure,True,1.0,unsure
,C465U7B6,Computer-aided design and 3D fabrication of a segmented silicone obturator-RPD prosthesis for rehabilitating maxillary defects.,unsure,unsure,unsure,True,1.0,unsure
,GKEVKNY9,Efficiency and accuracy of augmented reality guided endodontic surgery: a systematic review.,exclude,exclude,exclude,True,1.0,exclude
,7M8ERVJ3,Development of an Automatic Computer Program to Determine the Optimal Dental Implant Size and Position for Fibula Free Flap Surgery.,include,include,include,True,1.0,include
,KCI2D4H9,Effect of three different veneering techniques on the stress distribution and in vitro fatigue behavior of core-veneer all-ceramic fixed partial dentures.,unsure,unsure,unsure,True,1.0,unsure
,T5FJEIPG,BounTI (boundary-preserving threshold iteration): A user-friendly tool for automatic hard tissue segmentation.,unsure,unsure,exclude,False,0.6666666666666666,unsure
,ZF8KYU3K,Stress distribution in endodontically treated external cervical resorption lesions restored with MTA and biodentine - A finite element analysis.,include,include,include,True,1.0,include
,6SHXRW5Z,Volumetric analysis of mucous retention cysts in the maxillary sinus: A retrospective study using cone-beam computed tomography.,include,include,include,True,1.0,include
,IDCI2HJY,Two-stage deep learning framework for occlusal crown depth image generation.,unsure,unsure,unsure,True,1.0,unsure
,MVGIWU9B,AI-Assisted Identification of the Medial Lingual Foramen on CBCT: A Deep Learning Approach for Preoperative Implant Assessment.,unsure,unsure,unsure,True,1.0,unsure
,WSCIJHCB,Postoperative facial appearance of patients with extensive oral squamous cell carcinoma can be adequately preserved with in?house virtually planned mandibular  reconstruction.,unsure,unsure,unsure,True,1.0,unsure
,WXXEPTFD,"Biomechanical Evaluation of Stress Distribution in Equicrestal and Sub-crestally Placed, Platform-Switched Morse Taper Dental Implants in D3 Bone: Finite Element  Analysis.",unsure,unsure,unsure,True,1.0,unsure
,KB2PJW4K,3D photography and computer modelling in nasal reconstruction.,unsure,unsure,unsure,True,1.0,unsure
,QMPTHVAN,Can Deep Learning Methods Differentiate Temporomandibular Joint Disorders From Healthy Joints? A 3D Artificial Intelligence Algorithm Study Based on CBCT  Images.,unsure,unsure,unsure,True,1.0,unsure
,IQCXVDV3,"An in vivo study to assess and compare the angular, linear, and depth deviation as well as the difference in bone density of implants placed using computer-aided  design/computer-aided manufacturing fabricated three-dimensional guides versus  the implants placed using bone pen kit in maxillary and mandibular ridges.",unsure,unsure,unsure,True,1.0,unsure
,746L2B4Q,A Deep Learning Framework for Automated Classification and Archiving of Orthodontic Diagnostic Documents.,exclude,exclude,exclude,True,1.0,exclude
,LFMJ4JFT,Influence of 3D printing angles on the accuracy of indirect adhesion transfer models: an in vitro study.,unsure,unsure,unsure,True,1.0,unsure
,ZAPYVPDD,Isolation and Therapeutic Application of Extracellular Vesicles Derived from Self-Assembled Mesenchymal Stem Cell Aggregates.,exclude,unsure,unsure,False,0.6666666666666666,unsure
,SUVB33ZW,Alveolar Distraction.,unsure,unsure,unsure,True,1.0,unsure
,82NRY6N3,Predicting craniofacial fibrous dysplasia growth status: an exploratory study of a hybrid radiomics and deep learning model based on computed tomography images.,include,include,include,True,1.0,include
,SXVNEQGA,A Novel Guided Zygomatic and Pterygoid Implant Surgery System: A Human Cadaver Study on Accuracy.,unsure,unsure,unsure,True,1.0,unsure
,5N9WLQW9,Biomechanical comparison of titanium and Y-TZP subperiosteal implants in atrophic maxilla: a finite element study.,include,include,include,True,1.0,include
,HG9V8DTX,"Zirconia implants interfere with the evaluation of peri-implant bone defects in cone beam computed tomography (CBCT) images even with artifact reduction, a pilot  study.",exclude,exclude,exclude,True,1.0,exclude
,QLCV7SDJ,Exploring the Intricacies of Finite Element Modeling of 3D-Printed Scaffolds for Musculoskeletal Applications: An In-Depth Review.,exclude,exclude,exclude,True,1.0,exclude
,D4L4LQ75,A reproducible optical-microscopic framework for evaluating electronic apex locator performance in different irrigants using 3D-printed transparent resin  teeth.,unsure,unsure,unsure,True,1.0,unsure
,4WXYA3TN,Evaluation of stress distribution in and around dental implants using three different implant-abutment interfaces with platform-switched and  non-platform-switched abutments: A three-dimensional finite element analysis.,include,include,include,True,1.0,include
,ECEYBXQN,"Investigation of Voids in the Apical Plug of MTA Using Cone-Beam Computed Tomography, Digital Radiography, and Analog Radiography.",unsure,unsure,unsure,True,1.0,unsure
,XMP5NQCB,Designing an occlusal appliance digital protocol using an open-source 3D modeling software program: a technical report.,include,include,include,True,1.0,include
,LPNTLF6K,Artificial intelligence for maxillofacial prosthodontics: A technological shift in craniofacial rehabilitation- a scoping review.,exclude,exclude,exclude,True,1.0,exclude
,AGK8CVHH,Virtual 3D tooth creation for personized haptic simulation training in access cavity preparation.,unsure,unsure,unsure,True,1.0,unsure
,HXCMADLS,Use of Individually Designed CAD/CAM Suprastructures for Dental Reconstruction in Patients with Cleft Lip and Palate.,unsure,unsure,unsure,True,1.0,unsure
,AXW63VZF,Quantitative salivary gland SPECT/CT using deep convolutional neural networks.,exclude,exclude,exclude,True,1.0,exclude
,W9HL9DUR,Hydrophilic Polymer-Modified Poly(ε-caprolactone)/Hydroxyapatite Three-dimensional-Printed Scaffolds with Enhanced Hydrophilicity and  Biodegradability for Regenerative Endodontic Applications.,unsure,unsure,unsure,True,1.0,unsure
,BBZVVUEG,Stress distribution and axial force under different filing parameters during root canal preparation: An in vitro FEA and experimental study.,include,include,include,True,1.0,include
,GD75MEAT,Use and performance of artificial intelligence applications in the diagnosis of chronic apical periodontitis based on cone beam computed tomography imaging.,unsure,unsure,unsure,True,1.0,unsure
,JXPNURLI,New Approach to Dental Morphometric Research Based on 3D Imaging Techniques.,unsure,unsure,unsure,True,1.0,unsure
,R32WAMDT,Rat Tongue Kinematics with Markerless XROMM Using DeepLabCut and Marker Masking.,exclude,exclude,exclude,True,1.0,exclude
,X6AN57YI,Mandibular Flexure and Crestal Bone Stress Distribution on an Implant-Supported Fixed Full Arch Mandibular Prosthesis: Finite Element Analysis in Three  Dimensions.,include,include,include,True,1.0,include
,Y85SAQ5F,Potential applicability of virtual reality in implant dentistry: a narrative review.,exclude,exclude,exclude,True,1.0,exclude
,CC4C93VB,Evaluation of the Marginal Fit of Computer-Aided Design (CAD) and Computer-Aided Manufacturing (CAM) Zirconia Bridges Fabricated With Different Firing Cycles of  Veneering Porcelain: An In Vitro Study.,unsure,unsure,unsure,True,1.0,unsure
,7FKTYDG8,Objective and Subjective Comparisons of Split Thickness Skin Graft and Full Thickness Skin Graft for Radial Forearm Flap Donor Sites Using a New Measuring  Method.,exclude,exclude,exclude,True,1.0,exclude
,UN7U4BJ8,A depth-resolved quantitative evaluation method for non-carious cervical lesions treatment with optical coherence tomography.,unsure,unsure,unsure,True,1.0,unsure
,U5BR4J6Y,"Virtual Articulator Software: Accuracy, Usability, and Clinical Applicability: A Systematic Review.",exclude,exclude,exclude,True,1.0,exclude
,6KRL8HF5,Influence of Implant Dimensions in the Resorbed and Bone Augmented Mandible: A Finite Element Study.,unsure,unsure,unsure,True,1.0,unsure
,EJE3LUQJ,Tablet-based Augmented reality and 3D printed templates in fully guided Microtia Reconstruction: a clinical workflow.,unsure,unsure,unsure,True,1.0,unsure
,UYNICMWQ,Accuracy of implant placement with a combined use of static and dynamic computer-assisted implant surgery in single tooth space: A randomized controlled  trial.,unsure,unsure,unsure,True,1.0,unsure
,LUDVB4UY,Three-Dimensional Comparison of the Maxillary Surfaces through ICP-Type Algorithm: Accuracy Evaluation of CAD/CAM Technologies in Orthognathic Surgery.,include,include,include,True,1.0,include
,4X2TJXXU,Efficient complete denture metal base design via a dental feature-driven segmentation network.,unsure,unsure,unsure,True,1.0,unsure
,SISAMUSA,Comparison of 3D Accuracy of Conventional Cast Metal to Milled Zirconia Implant-Supported Full-Arch Fixed Dental Prosthesis Frameworks.,unsure,unsure,unsure,True,1.0,unsure
,4RXVW5LA,Automatic Real-Time Space Registration Application for Simulating Dental and Maxillofacial Surgery.,unsure,unsure,unsure,True,1.0,unsure
,LQCXZNNJ,"Concurrent computed tomography-based evaluation of nasal morphology, airway volume, and skeletal changes following craniofacial distraction osteogenesis: A  pilot retrospective case series.",unsure,unsure,unsure,True,1.0,unsure
,LT8NWYEJ,"Mechanical and functional validation of a perfused, robot-assisted partial nephrectomy simulation platform using a combination of 3D printing and hydrogel  casting.",exclude,exclude,exclude,True,1.0,exclude
,KVLBJQPE,Efficacy of Metal Artifact Reduction Algorithm of Cone-Beam Computed Tomography for Detection of Fenestration and Dehiscence around Dental Implants.,exclude,exclude,exclude,True,1.0,exclude
,JYU5QBGN,An In Vitro Analysis of Implant Site Preparation and Placement Protocols on Implant Accuracy in Robot-Assisted Procedures.,unsure,unsure,unsure,True,1.0,unsure
,VTPCDERE,A Novel Solution of Using Mixed Reality in Bowel and Oral and Maxillofacial Surgical Telepresence: 3D Mean Value Cloning algorithm.,unsure,exclude,exclude,False,0.6666666666666666,exclude
,TR23898V,"Geometric assessment of imaging methods for complete denture form: Comparisons among cone-beam computed tomography, desktop dental scanning, and handheld  optical scanning.",unsure,unsure,unsure,True,1.0,unsure
,KC7UPHLF,Automated Remodelling of Connectors in Fixed Partial Dentures.,include,include,include,True,1.0,include
,LIQ8K4QS,"Advances in Digital Restorative Dentistry: Evaluation of Clinical Outcome Parameters of CAD/CAM and 3D-Printed Inlays, Onlays, and Veneers-Scoping Review.",exclude,exclude,exclude,True,1.0,exclude
,QX8DEXZK,Development of an experimental model for assessment of palatal tissue decomposition by intraoral scanner.,unsure,unsure,unsure,True,1.0,unsure
,NR8ARZHM,The Accuracy of Computer-Assisted Surgical Planning in Predicting Soft Tissue Responses After Le Fort I Osteotomy: Retrospective Analysis.,exclude,exclude,unsure,False,0.6666666666666666,exclude
,WY9YT5C5,Predicting site-specific alveolar bone remodeling in class III decompensation: a preliminary study based on a data-driven RBF framework.,unsure,unsure,unsure,True,1.0,unsure
,VXPM8E6R,Patient-specific gingival recession system based on periodontal disease prediction.,unsure,unsure,unsure,True,1.0,unsure
,BG353LUQ,Effect of distal cantilever and anterior implant diameter on framework and cortical bone stress in a PEEK-based All-on-Four mandibular prosthesis.,unsure,unsure,unsure,True,1.0,unsure
,6VNYBPW6,Role of 3D Printing in Post-op Rehabilitation of Palatal Bone Loss by Mucormycosis: A Survey.,unsure,unsure,unsure,True,1.0,unsure
,WY7HU9GF,CAD-CAM for removable partial denture fabrication after marginal mandibulectomy based on a well-adjusted pre-existing denture.,unsure,unsure,unsure,True,1.0,unsure
,UI48XFYD,A comparative analysis of soft tissue volumetric alterations utilizing root mean square and positive and negative average calculations through two software.,include,include,include,True,1.0,include
,A2PX5EWK,Electrical impedance myography method of measuring anisotropic tongue tissue.,exclude,exclude,exclude,True,1.0,exclude
,W29E6BQZ,Fit and retention of complete denture bases: Part II - conventional impressions versus digital scans: A clinical controlled crossover study.,unsure,unsure,unsure,True,1.0,unsure
,TMHVPQB7,MultiDentNet: a unified deep learning framework for multi-class dental condition screening and preliminary oral lesion triage.,unsure,unsure,unsure,True,1.0,unsure
,X4PPGN63,Accuracy of dental implant placement with or without the use of a dynamic navigation assisted system: A randomized clinical trial.,unsure,unsure,unsure,True,1.0,unsure
,GHGXCYB3,Assessing the accuracy of artificial intelligence in mandibular canal segmentation compared to semi-automatic segmentation on cone-beam computed  tomography images.,include,include,include,True,1.0,include
,UVGSTG9C,Detecting Mandible Fractures in CBCT Scans Using a 3-Stage Neural Network.,unsure,unsure,unsure,True,1.0,unsure
,FIL9LNEE,Stackable Guides: Digital Workflows for Full Arch Dental Implant Rehabilitation.,unsure,unsure,unsure,True,1.0,unsure
,QLFQNT95,A semi-automated assessment tool for craniofacial landmarks in CBCT: InVivo7 software.,unsure,unsure,unsure,True,1.0,unsure
,5AXZYGE8,A Scoping Review on the Accuracy of Fit of Removable Partial Dentures in a Developing Digital Context.,exclude,exclude,exclude,True,1.0,exclude
,D4M6PMD4,Comparison of the accuracy of implant position for two-implants supported fixed dental prosthesis using static and dynamic computer-assisted implant surgery: A  randomized controlled clinical trial.,unsure,unsure,unsure,True,1.0,unsure
,7N3PLZDT,Comparative accuracy of active and passive dynamic navigation systems in dental implant surgery: A retrospective study.,unsure,unsure,unsure,True,1.0,unsure
,V32JAIQC,Guided Full Mouth Implant Rehabilitation in Atrophic Alveolar Ridges Using TTPHIL ALL TILT? Protocol: A Case Report With Three Years Follow-Up.,unsure,unsure,unsure,True,1.0,unsure
,U7L2XRZD,Deep Learning Based on Swin-Transformer and 3D U-Net: Implant Three-Dimensional Position Planning.,unsure,unsure,unsure,True,1.0,unsure
,WQWEWB78,Three-dimensional mandibular motion trajectory-tracking system based on BP neural network.,unsure,unsure,unsure,True,1.0,unsure
,B7MT2857,Dual scalable osteogenic microtissue engineering via GelMA microsphere-inspired mechanical training and autonomous assembling of dental pulp stem cell.,exclude,exclude,exclude,True,1.0,exclude
,MMKYZL3G,Are multi-detector computed tomography and cone-beam computed tomography exams and software accurate to measure the upper airway? A systematic review.,exclude,exclude,exclude,True,1.0,exclude
,6HK2FTWY,Biologic and Esthetic Outcome of CAD/CAM Custom Ceramic Implant Abutment: A Clinical Report.,unsure,unsure,unsure,True,1.0,unsure
,6MA2TRFI,A Novel Technique to Retrieve Cement Retained Implant Supported Prosthesis with Digital Imaging: A Technical Report.,unsure,unsure,unsure,True,1.0,unsure
,YY79UAZM,CAD-CAM denture teeth made on cast metal removable partial denture frameworks.,unsure,unsure,unsure,True,1.0,unsure
,WQ6SSTW7,Full Rehabilitation in an Open-Bite Case Using Lithium Disilicate and Custom Digital Design.,unsure,unsure,unsure,True,1.0,unsure
,P4CN4M7Y,Assessment of 3D facial scan integration in 3D digital workflows using radiographic markers and the iterative closest point algorithm.,exclude,exclude,exclude,True,1.0,exclude
,VBYALYIQ,Oral Cancer Diagnosis Using an Optimized InceptionV3 Model Powered by the Aquila Metaheuristic Algorithm.,exclude,exclude,exclude,True,1.0,exclude
,CPJYPXXX,Half-segmental Diaphyseal Bone Defect Model in Rats for Evaluating Bone Substitute Performance in Load-bearing Regions.,exclude,exclude,exclude,True,1.0,exclude
,R8BYGXA2,Developing an Interactive Computer Program for Integrated Dental Education.,include,include,include,True,1.0,include
,P3IE33LP,Evaluation of the Influence of Build Orientation on the Surface Roughness and Flexural Strength of 3D-Printed Denture Base Resin and Its Comparison with  CAD-CAM Milled Denture Base Resin.,unsure,unsure,unsure,True,1.0,unsure
,XUFU4743,Tissue Engineering: Current Technology for Facial Reconstruction.,exclude,exclude,exclude,True,1.0,exclude
,GYAL5HZT,Dental microfracture detection using wavelet features and machine learning.,unsure,unsure,unsure,True,1.0,unsure
,7LLG4STI,Efficacy of Ai Enabled Software in Automatic Segmentation for Orthognathic Surgery.,unsure,unsure,unsure,True,1.0,unsure
,RDSAFSUS,Creating a digital duplicate denture file using a desktop scanner and an open-source software program: A dental technique.,include,include,include,True,1.0,include
,NTBICZNM,Is There a Need to Increase Palatal Root Torque of Upper Incisors in Lingual Appliance? A Finite Element Analysis.,include,include,include,True,1.0,include
,DGRF9TWB,Evaluation of One- and Two-Step Impression Techniques and Vertical Marginal Misfit in Fixed Prothesis.,unsure,unsure,unsure,True,1.0,unsure
,JH94FFYH,Experimental study on dimensional variations of 3D printed dental models based on printing orientation.,unsure,unsure,unsure,True,1.0,unsure
,S3GKM64S,"B-onic Suite: An Integrated Platform for Personalized Medical Devices, Real-Time Surgical Planning, and Enhanced Intraoperative Navigation.",unsure,unsure,unsure,True,1.0,unsure
,UAI78VW7,Combination of CAD/CAM technologies and conventional processing in the fabrication of a maxillary obturator prosthesis: a clinical report.,unsure,exclude,exclude,False,0.6666666666666666,exclude
,BBL5YC5J,Spontaneous dental implant macro-migration in low-density bone: An 8-year case report.,unsure,unsure,unsure,True,1.0,unsure
,RXN9D6EM,Position of digitally guided implants in completely edentulous maxillae by using a modified double-scan and overlap of three digital surface protocol.,unsure,unsure,unsure,True,1.0,unsure
,49MIXWYD,Complete Digital Workflow for Evaluation of the Three-Dimensional Monson's Sphere Using Digital Scanning.,include,unsure,unsure,False,0.6666666666666666,unsure
,DNCZWPGP,"Comparison of Implant Precision with Robots, Navigation, or Static Guides.",unsure,unsure,unsure,True,1.0,unsure
,4EVUG7GP,Computer guided versus freehand dental implant surgery: Randomized controlled clinical trial.,unsure,unsure,unsure,True,1.0,unsure
,AV4VBXPD,FlyBy CNN: A 3D surface segmentation framework.,unsure,unsure,unsure,True,1.0,unsure
,UWH984BZ,The influence of pontic distribution on the marginal and internal gaps of CAD/CAM five-unit anterior zirconia framework.,unsure,unsure,unsure,True,1.0,unsure
,NJJRVPS5,"Comparison of the reproducibility of maxillary position transfer with a mechanical facebow and those with facial scanning and cone beam computed  tomography, based on a method of model orientation using anatomical landmarks.",unsure,unsure,unsure,True,1.0,unsure
,NYVN7TZY,Complete-arch accuracy of seven intraoral scanners measured by the virtual-fit method.,unsure,unsure,unsure,True,1.0,unsure
,VMWZNNZZ,Three-dimensional soft tissue landmark detection with marching cube algorithm.,unsure,unsure,unsure,True,1.0,unsure
,CYV65U6X,Effect of saliva on accuracy of digital dental implant transfer using two different materials of intraoral scan bodies with different exposed lengths.,unsure,unsure,unsure,True,1.0,unsure
,T6JCHVHZ,Automated measurement for image distortion analysis in 2D panoramic imaging of dental CBCT system: A phantom study.,unsure,unsure,unsure,True,1.0,unsure
,E9QKKX3A,Automatic identification of hard and soft tissue landmarks in cone-beam computed tomography via deep learning with diversity datasets: a methodological study.,unsure,unsure,unsure,True,1.0,unsure
,BP8J829M,Accuracy of the Implant Replica Positions on the Complete Edentulous Additive Manufactured Cast.,unsure,unsure,unsure,True,1.0,unsure
,WZ6Q7HD6,Evaluation of Retentive Forces in Three Types of Removable Partial Denture Framework Materials: An In Vitro Study.,unsure,unsure,unsure,True,1.0,unsure
,K8EJXEIE,Accuracy of intraoral optical scan versus stereophotogrammetry for complete-arch digital implant impression: An in vitro study.,unsure,unsure,unsure,True,1.0,unsure
,FKSEJXV4,Factors that contribute to the successful fabrication of CAD-CAM complete dentures.,exclude,exclude,exclude,True,1.0,exclude
,HMB85WDL,Performance assessment of five artificial intelligence-based algorithms for automated tooth segmentation and labeling on intraoral scans.,unsure,unsure,unsure,True,1.0,unsure
,9DJH7XRW,Three-Dimensional Radiographic and Morphological Features of Ameloblastoma and Odontogenic Keratocyst: A Comparative Cone Beam Computed Tomography Study Using  Automatic Segmentation.,unsure,unsure,unsure,True,1.0,unsure
,3354J7WB,Outcomes that may affect implant and prosthesis survival and complications in maxillary fixed prosthesis supported by four or six implants: A systematic review  and meta-analysis.,exclude,exclude,exclude,True,1.0,exclude
,DQJNXGDK,Accuracy of Removable Partial Denture Frameworks Fabricated Using Conventional and Digital Technologies.,unsure,unsure,unsure,True,1.0,unsure
,P2RSUDHI,Machine learning assessment of dental age classification based on cone-beam CT images: a different approach.,unsure,unsure,unsure,True,1.0,unsure
,EM5UZ9JX,Emergence Profile Angle as a Determinant of Periodontal Supracrestal Tissue Dimensions in Maxillary Anterior Teeth.,unsure,unsure,unsure,True,1.0,unsure
,LRM3CUTM,An unusual case of dens invaginatus on a mandibular second molar: a case report.,unsure,unsure,unsure,True,1.0,unsure
,IUPVDC4R,"The effects of different implant crown restorative materials on the detection of proximal caries of adjacent teeth in cone-beam computed tomography (CBCT) scans  using various machines, metal artifact-reduction (MAR) algorithm, and exposure  protocols.",unsure,unsure,unsure,True,1.0,unsure
,RTU23HSH,Transforming Smiles: A Case Study on Monolithic Zirconia Prosthetic Solutions.,unsure,unsure,unsure,True,1.0,unsure
,TQZ3FUDA,Automated orofacial virtual patient creation: A proof of concept.,include,include,include,True,1.0,include
,I5QVTIIV,Characterization of 3D-printed gelatin/sodium alginate/58S bioactive glass scaffold and osteogenesis in rabbit cranial defects.,unsure,unsure,unsure,True,1.0,unsure
,HHKHSLXV,Marginal Fit of Single-Crown and Three-Unit Fixed Dental Prostheses Fabricated From Digital and Conventional Impressions: An In Vitro Cross-Sectional Study.,unsure,unsure,unsure,True,1.0,unsure
,QFFZ2SWF,Finite element analysis of the effect of framework materials at the bone-implant interface in the all-on-four implant system.,unsure,unsure,unsure,True,1.0,unsure
,XHU4USIM,Comparison of Three Automated Measurements of Ventricular Volumes of the Brain.,exclude,exclude,exclude,True,1.0,exclude
,2MUY3JET,Automated reconstruction: Predictive models based on facial morphology matrices.,unsure,unsure,unsure,True,1.0,unsure
,3XS3ZJW7,Towards a Complete 3D Morphable Model of the Human Head.,exclude,exclude,exclude,True,1.0,exclude
,YAVXYAP6,"Mammalian molar complexity follows simple, predictable patterns.",exclude,exclude,exclude,True,1.0,exclude
,3TZA3JYJ,Comparative Evaluation of the Wear Rate of Reinforced Glass Ionomer Cement and Bulk-Fill Composite Using 3D Scan in Extracted Teeth and Its Association With  Clinical Wear Rate in Class I and II Restorations: A Randomized Clinical Trial.,include,include,include,True,1.0,include
,HZ9GBDTR,Surgical guides for dental implants: Measurement of the accuracy using a freeware metrology software program.,include,include,include,True,1.0,include
,QE8249VZ,Personalized 3D-printed cranial implants for complex cranioplasty using open-source software.,exclude,exclude,exclude,True,1.0,exclude
,AES2CIZM,Automated assessment of mandibular shape asymmetry in 3-dimensions.,unsure,unsure,unsure,True,1.0,unsure
,ILHEJVS5,Artificial intelligence applications and ethical challenges in oral and maxillo-facial cosmetic surgery: a narrative review.,exclude,exclude,exclude,True,1.0,exclude
,ZGC55KTS,Biomechanical Behavior of Polyether Ether Ketone Composite Dental Implants: A Three-Dimensional Finite Element Analysis.,include,include,include,True,1.0,include
,EB4NSAMK,Does the fixture thread depth affect the accuracy of implant placement during fully guided immediate implant placement?: A human cadaver study.,unsure,unsure,unsure,True,1.0,unsure
,9792KQV4,"Evaluation of the accuracy (trueness, precision) and processing time of different 3-dimensional CAD software programs and algorithms for virtual cast alignment.",include,include,include,True,1.0,include
,KBUGU87N,Maxillomandibular relationship record methods for computer-engineered complete dentures: a scoping review.,exclude,exclude,exclude,True,1.0,exclude
,G4CC4PWM,Development a computer-aided diagnosis system for dental caries detection applying radiographic images.,unsure,unsure,unsure,True,1.0,unsure
,G468UMA5,Training of Oral and Maxillofacial Surgery Residents in Virtual Surgical Planning: A Feasibility Study Comparing Open-Source Freeware and Commercially  Available Software for Mandibular Reconstruction with Fibula Free Flap.,include,include,include,True,1.0,include
,G42JR78G,Rehabilitation of the Severely Atrophic Maxilla with Subperiosteal Implants: A Biomechanical and Decision Analysis of Material and Configuration Choices.,unsure,unsure,unsure,True,1.0,unsure
,YE44L72D,Trueness of 3D printed removable partial denture frameworks: Investigation of printing parameters and storage conditions.,unsure,unsure,unsure,True,1.0,unsure
,Y6BWB87N,Accuracy of a Novel Semi-Autonomous Robotic-Assisted Surgery System for Single Implant Placement: a Case Series.,include,include,include,True,1.0,include
,85BGAWNV,Contemporary Evidence of CAD-CAM in Dentistry: A Systematic Review.,exclude,exclude,exclude,True,1.0,exclude
,5MX98NQ5,Comparison of stereolithography (STL) and polygon file format (PLY) for intraoral scans: From chairside to archive.,include,include,include,True,1.0,include
,UQR3H5EW,Different Treatment Modalities Using Dental Implants in the Posterior Maxilla: A Finite Element Analysis.,include,unsure,unsure,False,0.6666666666666666,unsure
,ZYAUY7FB,Wheelchair control system using infrared sensors and tongue movements.,exclude,exclude,exclude,True,1.0,exclude
,57ACGEMQ,How to Avoid Errors When Using Navigation to Place Implants - A Narrative Review.,exclude,exclude,exclude,True,1.0,exclude
,Y8PEL9RA,Impact of a Bone Leveler on Prosthetic Abutment Fit in Guided Sub-Crestal Implant Placement: An In-Vitro Study.,unsure,unsure,unsure,True,1.0,unsure
,GVHB8NVU,Contactless surface registration of featureless anatomy using structured light camera: application to fibula navigation in mandible reconstruction.,unsure,unsure,unsure,True,1.0,unsure
,BBG7VQM6,Automatic femoral articular cartilage segmentation using deep learning in three-dimensional ultrasound images of the knee.,exclude,exclude,exclude,True,1.0,exclude
,2ZAPP9FD,Accuracy and patient-centered results of marker-based and marker-free registrations for dynamic computer-assisted implant surgery: A randomized  controlled trial.,unsure,unsure,unsure,True,1.0,unsure
,XTJBTC8L,Surgical performance of dental students using computer-assisted dynamic navigation and freehand approaches.,unsure,unsure,unsure,True,1.0,unsure
,82PIARU2,LDFSAM: Localization Distillation-Enhanced Feature Prompting SAM for Medical Image Segmentation.,exclude,exclude,unsure,False,0.6666666666666666,exclude
,4IAWUJZW,Novel design of additive manufactured hollow porous implants.,unsure,unsure,unsure,True,1.0,unsure
,K9R7DQR7,"Effect of printing technology, layer height, and orientation on assessment of 3D-printed models.",unsure,unsure,unsure,True,1.0,unsure
,IY73GF7C,Accuracy of dynamic implant navigation surgery performed by a novice operator.,unsure,unsure,unsure,True,1.0,unsure
,TRIBXY82,Mechanical and fatigue resistance of restorations supported by welded-framework and realized using computer-aided designed prosthetic shells: In vitro pilot  study.,unsure,unsure,unsure,True,1.0,unsure
,6GIVN8GS,Evaluation of Strain and Insertion Torque of Mini-implants at 90° and 45° Angulations on a Bone Model using Three-Dimensional Finite Element Analysis.,include,include,include,True,1.0,include
,AY6279X7,Geometric plane alignment as a methodological requirement for accurate angular measurement in three-dimensional craniofacial imaging.,unsure,unsure,unsure,True,1.0,unsure
,YSA8JNNX,Fracture Resistance of Zirconia Restorations with Four Different Framework Designs.,unsure,unsure,unsure,True,1.0,unsure
,EW2C8XGG,Accuracy of impressions for multiple implants: A comparative study of digital and conventional techniques.,unsure,unsure,unsure,True,1.0,unsure
,M36F8LGA,Tooth-on-a-chip to engineer early dental epithelial-mesenchymal interaction.,unsure,unsure,unsure,True,1.0,unsure
,YZMQLB2M,Patient Satisfaction and Accuracy of Partial Denture Frameworks Fabricated using Conventional and Digital Techniques.,unsure,unsure,unsure,True,1.0,unsure
,6RQD493M,Quantification of facial symmetry in orthognathic surgery: A novel approach integrating 3D contour maps and hyper-dimensional computing.,unsure,unsure,unsure,True,1.0,unsure
,GBU6N5KA,Three-Dimensional Finite Element Analysis of Different Connector Designs for All-Ceramic Implant-Supported Fixed Dental Prostheses.,include,include,include,True,1.0,include
,ZBFWEZCA,Digital Gothic Arch Tracing Device with Open- Source Software for CAD/CAM Denture Fabrication.,include,include,include,True,1.0,include
,MEJFWDKZ,Accuracy of Complete-Arch Scans Obtained by Intraoral Scanner and Smartphone Three-Dimensional Scanning Applications With Different Smartphone Position  Setups: An In Vitro Study.,include,include,include,True,1.0,include
,CPLBN7P8,Comparative Evaluation of Two Different Types of Abutments in Relation to Post-prosthetic Bone Resorption and Periodontal Pocket Depth: A Randomized  Controlled Clinical Trial With a One-Year Follow-Up.,unsure,unsure,unsure,True,1.0,unsure
,E39JLY9S,Effect of the number and distribution of fiducial markers on the accuracy of robot-guided implant surgery in edentulous mandibular arches: An in vitro study.,unsure,unsure,unsure,True,1.0,unsure
,EXREY3AC,Accuracy of intraoral scanning versus conventional impressions for partial edentulous patients with maxillary defects.,unsure,unsure,unsure,True,1.0,unsure
,HTJDPQVZ,Titanium-base abutments may have similar long-term peri-implant effects as non-bonded one-piece abutments.,unsure,unsure,unsure,True,1.0,unsure
,YKE5IFLZ,Prosthetic rehabilitation of untailored defects using patient-specific implants.,unsure,unsure,unsure,True,1.0,unsure
,D7Z7V9WR,Automated 3D Landmarking of the Skull: A Novel Approach for Craniofacial Analysis.,include,include,include,True,1.0,include
,EP3KFPLS,Measured accuracy of intraoral scanners is highly dependent on methodical factors.,unsure,unsure,unsure,True,1.0,unsure
,BJLM7FMZ,Effect of build position on the accuracy and flexural properties of resin model materials for three-dimensional printing technologies.,unsure,unsure,unsure,True,1.0,unsure
,3FJVJNIB,Impact of the superimposition reference area on intraoral scanning accuracy in a partially dentate maxilla.,include,include,include,True,1.0,include
,BIJ37P6U,Digitally-driven optimization of intraoral water jet parameters for plaque removal: a personalized 3D-guided orthogonal study.,unsure,unsure,unsure,True,1.0,unsure
,VPIZQDAL,Automated classification of oral potentially malignant disorders and oral squamous cell carcinoma using a convolutional neural network framework: a  cross-sectional study.,exclude,exclude,exclude,True,1.0,exclude
,AQ37V5WT,Assessment of the stresses produced on the bone implant/tissue interface to the different insertion angulations of the implant - a three-dimensional analysis by  the finite elements method.,include,include,include,True,1.0,include
,KJ67GB6M,Lateral stress distribution analysis on hafnium metal bar for implant superstructure- A finite element analysis.,unsure,unsure,unsure,True,1.0,unsure
,GCV6RFJL,Cadaveric Study and Micro-Computed Tomography of the Anatomy of Palatine Aponeurosis and its Link to the Soft Palate Muscles and Pharyngeal Muscles.,include,exclude,exclude,False,0.6666666666666666,exclude
,TRMPEJLZ,The Effect of Try-in Paste Shade and Framework Design on the Color Characteristics of Dental Zirconia Restorations.,unsure,unsure,unsure,True,1.0,unsure
,NV8EMBKE,The accuracy of a novel image-guided hybrid robotic system for dental implant placement: An in vitro study.,unsure,unsure,unsure,True,1.0,unsure
,5V4M8IQL,A 3-D Finite Element Analysis of a Single Implant Retained Overdenture Reinforced with Short Versus Long Frameworks.,unsure,unsure,unsure,True,1.0,unsure
,E9U2PX4U,Influence of Build Platform Position on the Trueness and Precision of LCD 3D-Printed Orthognathic Surgical Splints.,unsure,unsure,unsure,True,1.0,unsure
,CLB66PI4,Digitization accuracy and scannability of different prosthodontic materials: An in vitro trial.,unsure,unsure,unsure,True,1.0,unsure
,Z5PQ77JM,Point-of-care additive manufacturing: state of the art and adoption in Spanish hospitals during pre to post COVID-19 era.,exclude,exclude,exclude,True,1.0,exclude
,XC6ZV2KR,"Analysis of implant-supported cantilever fixed partial denture: An in vitro comparative study on vertical misfit, stress distribution, and cantilever  fracture strength.",unsure,unsure,unsure,True,1.0,unsure
,N6CQF3L9,Combining Coaxial Electrospinning and 3D Printing: Design of Biodegradable Bilayered Membranes with Dual Drug Delivery Capability for Periodontitis  Treatment.,unsure,unsure,unsure,True,1.0,unsure
,BJABVDXL,Oral Motion-Powered Smart Dental Implant Abutment for In Situ Antibacterial and Cell Adhesion Through Piezoelectric Effect.,exclude,exclude,exclude,True,1.0,exclude
,6XR3HJFC,Comparison of load bearing capacity of ceramic crowns with zirconia or polyetherketoneketone frameworks.,unsure,unsure,unsure,True,1.0,unsure
,K9VPK6H7,Accuracy of full-arch implant scan with Nexus IOS? scan gauges versus different conventional scan bodies: An in vitro comparative study.,unsure,unsure,unsure,True,1.0,unsure
,AE9VV4ZR,Radiographic Evaluation of Vertical and Horizontal Fit in Single Implant Crowns Fabricated by CAD/CAM Systems: A Retrospective Study.,unsure,unsure,unsure,True,1.0,unsure
,W3DKWQAN,Clinical implementation of an EU MDR-compliant point-of-care manufacturing framework for patient-specific 3D-printed PEEK implants in craniomaxillofacial  reconstruction.,unsure,unsure,unsure,True,1.0,unsure
,W6ID36WD,3D Slicer Craniomaxillofacial Modules Support Patient-Specific Decision-Making for Personalized Healthcare in Dental Research.,include,include,include,True,1.0,include
,LC73M2WP,Automated Detection of Middle Mesial Canals in Mandibular Molars on CBCT using nnU-Net: A Retrospective Diagnostic Accuracy Study.,include,include,include,True,1.0,include
,MEP5889Y,From Clinic to Community: An Interpretable Artificial Intelligence Framework for Enamel Caries Detection to Support Public Health Dentistry.,exclude,unsure,unsure,False,0.6666666666666666,unsure
,HMQZ576Q,In vitro study of surface properties and microbial adhesion of various dental polymers fabricated by different manufacturing techniques after thermocycling.,exclude,unsure,unsure,False,0.6666666666666666,unsure
,ECIFX957,Clinical evaluation of autonomous robotic-assisted full-arch implant surgery: A 1-year prospective clinical study.,unsure,unsure,unsure,True,1.0,unsure
,JNXPDRMH,Deep learning for automatic segmentation of the inferior alveolar nerve using a hybrid CNN-transformer framework.,unsure,unsure,unsure,True,1.0,unsure
,BC97IGVS,Maxillary All-on-6 Treatment Using Zygomatic Implants. Bone Loss Evaluation by CBCT: 3-Year Follow-up.,unsure,unsure,unsure,True,1.0,unsure
,5I9F33IP,The impact of surface dimensions on the accuracy of an intraoral scanner.,unsure,unsure,unsure,True,1.0,unsure
,Q68ZEUCG,Voxel-based superimposition of Cone Beam CT scans for orthodontic and craniofacial follow-up: Overview and clinical implementation.,unsure,unsure,unsure,True,1.0,unsure
,RMQ3VWFI,The application of artificial intelligence in the field of dental restoration for designing dental crowns: a meta-analysis.,exclude,exclude,exclude,True,1.0,exclude
,T4WWA89F,Evaluation of Non-dental open source software in comparison to dental software in construction of digitally designed partial dentures frameworks.,include,include,include,True,1.0,include
,TRUZ9T77,US-guided percutaneous microwave ablation (MWA) of submandibular gland: A new minimal invasive and effective treatment for refractory sialorrhea and treatment  response evaluation with contrast-enhanced imaging techniques.,unsure,unsure,unsure,True,1.0,unsure
,YBN7K2B3,Digital Workflow for a Definitive Implant-Supported Hybrid Prosthesis.,unsure,unsure,unsure,True,1.0,unsure
,UN8WM3ED,Cutting guides in mandibular tumor ablation: Are we as accurate as we think?,unsure,unsure,unsure,True,1.0,unsure
,ZTE2XV66,Digital Removable Partial Denture Fabrication Using an Intraoral Scanner and the Altered-Cast Technique for a Patient With Free-End Partial Edentulism: A Case  Report.,unsure,unsure,unsure,True,1.0,unsure
,B4YJSKC8,Research on Fatigued-Driving Detection Method by Integrating Lightweight YOLOv5s and Facial 3D Keypoints.,exclude,exclude,exclude,True,1.0,exclude
,3UIJFW4V,An innovative additively manufactured implant for mandibular injuries: Design and preparation processes based on simulation model.,include,include,unsure,False,0.6666666666666666,include
,QV6A5YTS,Evaluation of novel 3D-printed and conventional thermoplastic stereotactic high-precision patient fixation masks for radiotherapy.,exclude,exclude,exclude,True,1.0,exclude
,TADKGI4W,Analysis of the mandibular canal course using unsupervised machine learning algorithm.,unsure,unsure,unsure,True,1.0,unsure
,AJW3ZDYY,Mandibular asymmetry retreatment with minimal presurgical orthodontic preparation and fully customized lingual orthodontics: A case report with new possibilities  using blender open-source software.,include,include,include,True,1.0,include
,M34352PG,Making the Most of Single Sensor Information: A Novel Fusion Approach for 3D Face Recognition Using Region Covariance Descriptors and Gaussian Mixture Models.,exclude,exclude,exclude,True,1.0,exclude
,6HDAVKU9,Assessing the Reliability of the ORADIII (Oral Radiology Artificial Intelligence Diagnostic - Version 3) Software Application in Rendering a Diagnosis: A  Retrospective Study.,exclude,exclude,exclude,True,1.0,exclude
,XK8P9LMU,Application of the virtual-fit method for fixed complete denture cases designed on intraoral scans: Effect of cement spacing.,include,include,include,True,1.0,include
,D9VEKSXK,A volumetric study of mandibular condyles in orthognathic patients by semiautomatic segmentation.,include,include,include,True,1.0,include
,DVXNMRWM,Microtomography to traditional dental radiograph: projecting 3-dimensional initial proximal caries lesion annotations for enhanced radiographic delineation.,unsure,unsure,unsure,True,1.0,unsure
,JAQHE7HD,Effect of coping materials zirconia or polyetheretherketone with different techniques of fabrication on vertical marginal gap and fracture resistance of  posterior crowns with composite veneering.,unsure,unsure,unsure,True,1.0,unsure
,2YGJ6PCB,Evaluation of Stress in the Maxillary Complex of a Unilateral Cleft Lip and Palate on Simulated Occlusal Loading Using Finite Element Analysis.,include,include,include,True,1.0,include
,72SRX4TH,Fatigue Threshold R-Curves for Dental Lithium Disilicate Glass-Ceramics.,exclude,exclude,exclude,True,1.0,exclude
,P5U2KFAM,Increased deformations are dispensable for cell mechanoresponse in engineered bone analogs mimicking aging bone marrow.,exclude,exclude,exclude,True,1.0,exclude
,422HCDHQ,Network toxicology combined with molecular docking technology to explore the molecular mechanism of amatoxin causing liver injury.,exclude,exclude,exclude,True,1.0,exclude
,3KAXK8L7,Accuracy assessment of dynamic navigation during implant placement: A systematic review and meta-analysis of clinical studies in the last 10 years.,exclude,exclude,exclude,True,1.0,exclude
,2MCLBN23,In vivo full-arch accuracy of intraoral scanners: a narrative review.,exclude,exclude,exclude,True,1.0,exclude
,3FY77IH6,A real-time IR navigation system for pleural photodynamic therapy with a 3D surface acquisition system.,exclude,exclude,exclude,True,1.0,exclude
,749LIY2T,Effect of Scanner Type and Scan Body Location on the Accuracy of Mandibular Complete-Arch Digital Implant Scans: An In Vitro Study.,unsure,unsure,unsure,True,1.0,unsure
,UEIY9979,Validation of 2D lateral cephalometric analysis using artificial intelligence-processed low-dose cone beam computed tomography.,unsure,unsure,unsure,True,1.0,unsure
,848LXSQ5,Deep learning-based tooth axis estimation from 3D tooth crowns using quaternion representation and multi-loss optimization.,unsure,unsure,unsure,True,1.0,unsure
,ZMBXPSMH,Additively custom-made 3D-printed subperiosteal implants for the rehabilitation of the severely atrophic maxilla (a case report).,unsure,unsure,unsure,True,1.0,unsure
,H9R2SL24,A 3-Dimensional Scaffolding System Recapitulates the Hierarchical Osteon Structure.,exclude,exclude,exclude,True,1.0,exclude
,PEQ6GY9D,Fibular registration using surface matching in navigation-guided osteotomies: a proof of concept study on 3D-printed models.,unsure,unsure,unsure,True,1.0,unsure
,36YAPLB7,Clinical Performance of Complete-Arch Implant- Supported Rehabilitations Using Monolithic Lithium Disilicate Restorations Bonded to CAD/CAM Titanium and  Zirconia Frameworks up to 5 Years.,unsure,unsure,unsure,True,1.0,unsure
,8KHY7GJA,Accuracy of single implant scans with a combined healing abutment-scan body system and different intraoral scanners: An in vitro study.,unsure,unsure,unsure,True,1.0,unsure
,X2XYASLM,"Biomechanical evaluation of All-on-4, M-4, V-4, and zygomatic implant concepts in the rehabilitation of the atrophic maxilla: a finite element analysis.",unsure,unsure,unsure,True,1.0,unsure
,ZZ85MX92,Effect of Different Cantilever Lengths in Polyether Ether Ketone Prosthetic Framework in All-on-Four Technique on Stress Distribution: A Three-Dimensional  (3D) Finite Element Analysis.,unsure,unsure,unsure,True,1.0,unsure
,2JHWFMCW,Mixed Reality-Based Navigation for Pedicle Screw Placement: A Preliminary Study Using a 3D-Printed Spine Model.,exclude,exclude,exclude,True,1.0,exclude
,AZVQHWIR,3D markerless tracking of speech movements with submillimeter accuracy.,exclude,exclude,exclude,True,1.0,exclude
,DK5KVWF5,Transformation trees - Documentation of multimodal image registration.,unsure,unsure,unsure,True,1.0,unsure
,CUQHU9SX,A Tri-Window Intraoral Scanner (Tri-IOS): design and evaluation.,unsure,exclude,exclude,False,0.6666666666666666,exclude
,W8628Y5K,"Accuracy of static computer-assisted implant placement in long span edentulous area by novice implant clinicians: A cross-sectional in vitro study comparing  fully-guided, pilot-guided, and freehand implant placement protocols.",unsure,unsure,unsure,True,1.0,unsure
,EIHBUK4U,Teeth Microcracks Research: Towards Multi-Modal Imaging.,exclude,exclude,exclude,True,1.0,exclude
,WM8AMLWP,Aging and Fracture Resistance of Implant-Supported Molar Crowns with a CAD/CAM Resin Composite Veneer Structure.,unsure,unsure,unsure,True,1.0,unsure
,TSGCGPQM,Increased deformations are dispensable for encapsulated cell mechanoresponse in engineered bone analogs mimicking aging bone marrow.,exclude,exclude,exclude,True,1.0,exclude
,26QBFLTE,Three-Dimensional Printing in Cardiothoracic Surgery: Workflow and Clinical Applications.,exclude,exclude,exclude,True,1.0,exclude
,AFV4M6TK,"Three-dimensional Finite Element Analysis of Quad Zygomatic, Transnasal and Pterygoid Implants for Rehabilitation of Patients with a Severely Atrophic  Maxilla.",unsure,unsure,unsure,True,1.0,unsure
,RX5BZKF9,Facial scanning accuracy depending on the alignment algorithm and digitized surface area location: An in vitro study.,unsure,unsure,unsure,True,1.0,unsure
,RXEJVUD3,Research on non-cohesive jet formed by Zr-based amorphous alloys.,exclude,exclude,exclude,True,1.0,exclude
,K7GD8SJU,Development of an AI model to predict tooth movement during orthodontic treatment.,unsure,unsure,unsure,True,1.0,unsure
,I9QLFBDY,Evaluating retrieval-augmented generation for guideline-grounded textual planning in implant dentistry: A comparative study.,exclude,exclude,exclude,True,1.0,exclude
,V424MXPT,A multi-center study of transformer-based CNNs for multiple sclerosis lesion segmentation on 3D FLAIR MRI.,exclude,exclude,exclude,True,1.0,exclude
,GX5AGF6V,Facial Masculinization Surgery Using Polyetheretherketone Alloplasty: Statistical Shape Modeling-based Implant Designs.,unsure,unsure,unsure,True,1.0,unsure
,SHU8ZH2B,Fully digital workflow for duplicating clasp-retained removable partial dentures using three-dimensional printing: A clinical report.,unsure,unsure,unsure,True,1.0,unsure
,CD6KF4YY,CT-based three-dimensional morphometric analysis of the bony palate and hard palatal mucosa in female orthognathic surgery candidates.,unsure,unsure,unsure,True,1.0,unsure
,I5RLGRTP,Accuracy of 3-dimensional stereophotogrammetry: Comparison of the 3dMD and Bellus3D facial scanning systems with one another and with direct anthropometry.,include,include,include,True,1.0,include
,S4MRIA3P,Mechanical Response of PEKK and PEEK As Frameworks for Implant-Supported Full-Arch Fixed Dental Prosthesis: 3D Finite Element Analysis.,unsure,unsure,unsure,True,1.0,unsure
,Q5GXKRTX,Telemedicine in maxillofacial traumatology: A tertiary referral center 30-month experience.,unsure,unsure,unsure,True,1.0,unsure
,FS95B6WA,Segmentation of spinal rootlets across MRI contrasts with RootletSeg.,exclude,exclude,exclude,True,1.0,exclude
,KL633SZT,Scanning accuracy and scanning area discrepancies of intraoral digital scans acquired at varying scanning distances and angulations among 4 different  intraoral scanners.,unsure,exclude,exclude,False,0.6666666666666666,exclude
,VLH4HX4X,Three-Dimensional Evaluation of the Accuracy of Zygomatic Implant Placement Through an In-House Fully Guided Approach.,unsure,unsure,unsure,True,1.0,unsure
,ZP63E7VD,Shaping the 4D frontier in maxillofacial surgery with faceMesh evolution.,unsure,unsure,unsure,True,1.0,unsure
,3PAYNYFP,An integration protocol for aligning intraoral scans to facial scans using the nasal geometry reference in a fully dentate patient.,include,include,include,True,1.0,include
,5BDCAEWD,Computed tomography-guided 3D printed patient-specific regional anesthesia.,unsure,unsure,unsure,True,1.0,unsure
,FZ2D9GS2,"Comparison of internal fit of metal-ceramic crowns in CAD/CAM and lost-wax techniques in all fabrication stages through replica weighting, triple scanning,  and scanning electron microscope.",unsure,unsure,unsure,True,1.0,unsure
,RN75DXBK,Quantitative Craniofacial Analysis and Generation of Human Induced Pluripotent Stem Cells for Muenke Syndrome: A Case Report.,unsure,unsure,unsure,True,1.0,unsure
,QNT8ENQE,"Influence of Intraoral Scanners, Operators, and Data Processing on Dimensional Accuracy of Dental Casts for Unsupervised Clinical Machine Learning: An In Vitro  Comparative Study.",unsure,unsure,unsure,True,1.0,unsure
,26W6AMTX,Three-dimensional macroscopical quantification of plaque accumulation on implant-supported fixed complete dental prostheses surfaces: A methodological  pilot study.,unsure,unsure,unsure,True,1.0,unsure
,CW5GQWLK,Hybrid Prosthesis versus Overdenture: Effect of BioHPP Prosthetic Design Rehabilitating Edentulous Mandible.,unsure,unsure,unsure,True,1.0,unsure
,2JEWUFYU,An Unsupervised Learning Algorithm for the Automatic Classification of Coronary Artery Lesions.,exclude,exclude,exclude,True,1.0,exclude
,64V4MY8B,DLLNet: An Attention-Based Deep Learning Method for Dental Landmark Localization on High-Resolution 3D Digital Dental Models.,unsure,unsure,unsure,True,1.0,unsure
,DK5FUG8T,Device trueness in passivity and misfit of CAD-CAM frameworks: Conventional versus printed casts.,unsure,unsure,unsure,True,1.0,unsure
,VQI8ZHBV,Best-Fit Algorithm Influences on Virtual Casts' Alignment Discrepancies.,unsure,unsure,unsure,True,1.0,unsure
,XCNVZAH6,A simulation-based study of 3D printing angle optimization by integrating deep learning and NSGA-III for prosthesis and retainer manufacturing.,unsure,unsure,unsure,True,1.0,unsure
,WQXIQTTD,"Rehabilitation Strategies and Occlusal Vertical Dimension Considerations in the Management of Worn Dentitions: Consensus Statement From SSRD, SEPES, and PROSEC  Conference on Minimally Invasive Restorations.",exclude,exclude,exclude,True,1.0,exclude
,R9ZAJEYU,3D-Printed Surgical Template 'Mucoguide' to Increase Predictability in Mucogingival Surgery: Technical Note and Case Report.,unsure,unsure,unsure,True,1.0,unsure
,TYDB4YNK,Effects of Type and Amount of Orthodontic Tooth Movement on Digital Model Superimposition Accuracy.,unsure,unsure,unsure,True,1.0,unsure
,CMEY6TXK,Traditional and Artificial Intelligent Methods in Predicting Maxillofacial Soft Tissue Morphology After Orthognathic Surgery: A Narrative Review.,exclude,exclude,exclude,True,1.0,exclude
,N8MVKDJM,Influence of Digital Technologies and Framework Design on the Load to Fracture of Co-Cr Posterior Fixed Partial Denture Frameworks.,unsure,unsure,unsure,True,1.0,unsure
,QD7LUPJ3,Effect of a Bone-Flattening Drill on the Accuracy of Fully Guided Implant Surgery: An In?Vitro Study.,unsure,unsure,unsure,True,1.0,unsure
,7TRUUDTS,Accuracy of conventional impressions and digital scans for implant-supported fixed prostheses in maxillary free-ended partial edentulism: An in vitro study.,unsure,unsure,unsure,True,1.0,unsure
,PNUIRE9F,Effect of Using Cheek Retractors on Patient Satisfaction and Trueness of Peripheral Borders in Maxillary Digital Scans for Totally Edentulous Patients: An  In Vivo Study.,unsure,unsure,unsure,True,1.0,unsure
,88JXQJF3,DLP-printable GelMA-PVI-Zn hydrogels with high strength and osteoinductivity for critical-sized bone defect repair.,exclude,exclude,exclude,True,1.0,exclude
,J9YVQLRA,"Translucent monolithic zirconia titanium-supported FP1 full-arch prosthesis: A novel proof of concept to address esthetic, functional, and biologic challenges.",unsure,unsure,unsure,True,1.0,unsure
,VKJI7KQU,The effect of a convergent transmucosal neck on soft tissues and radiographic outcomes: a 1-year follow-up randomized controlled trial.,unsure,unsure,unsure,True,1.0,unsure
,UMFZ4A7L,"The 3D skull 0-4?years: A validated, generative, statistical shape model.",unsure,unsure,unsure,True,1.0,unsure
,D5NYE7V8,Engineered with tannic acid-magnesium metal-phenolic frameworks: A multifunctional 3D-printed PCL/TCP scaffold for bone regeneration.,exclude,exclude,exclude,True,1.0,exclude
,F92WZXMG,Systematic scoping review of mandibular bone tissue engineering.,exclude,exclude,exclude,True,1.0,exclude
,EF2ZZ3Y3,Polyetheretherketone versus titanium CAD-CAM framework for implant-supported fixed complete dentures: a retrospective study with up to 5-year follow-up.,unsure,unsure,unsure,True,1.0,unsure
,VYNX95B3,Laser induced fluorescence with 2-D Hilbert transform edge detection algorithm and 3D fluorescence images for white spot early recognition.,unsure,unsure,unsure,True,1.0,unsure
,73ML8M2Z,Validation of a Biomechanical Performance Assessment Platform Applying an Inertial-Bpased Biosensor and Axis Vector Computation.,exclude,exclude,exclude,True,1.0,exclude
,HCS47SLF,Comparison between CBCT superimposition protocol and S.T.A.P. method to evaluate the accuracy in implant insertion in guided surgery.,unsure,unsure,unsure,True,1.0,unsure
,NJ8D3IDG,Marginal Gap and Screw Loosening in CAD/CAM Materials for Implant-Supported Fixed Partial Dentures: An In Vitro Study.,unsure,unsure,unsure,True,1.0,unsure
,2PWCH3UQ,Artificial intelligence in dentistry-A review.,exclude,exclude,exclude,True,1.0,exclude
,EKHK6Z2C,Zirconia CAD/CAM machining vibrations related to zirconia blank shape and initial digital nesting.,exclude,unsure,unsure,False,0.6666666666666666,unsure
,HJFRIAYZ,Evaluation on a teaching software for removable partial denture framework design.,exclude,unsure,unsure,False,0.6666666666666666,unsure
,JSX3JNRG,AI-driven dynamic orthodontic treatment management: personalized progress tracking and adjustments-a narrative review.,exclude,exclude,exclude,True,1.0,exclude
,ABQTSUVS,In vitro comparison of five desktop scanners and an industrial scanner in the evaluation of an intraoral scanner accuracy.,unsure,exclude,exclude,False,0.6666666666666666,exclude
,9KLIBGLL,ZygoPlanner: A three-stage graphics-based framework for optimal preoperative planning of zygomatic implant placement.,include,include,include,True,1.0,include
,KXVDKKYK,A new way of analyzing tooth movement using universal coordinate system geometry single point superposition in a 3D model.,include,include,include,True,1.0,include
,63DMVCZ6,Asymmetric mechanical behavior and pre-osteoblast differentiation in 3D printed Ti6Al4V-based triply periodic minimal surface bone-analogues: the role of pore  topology.,exclude,exclude,exclude,True,1.0,exclude
,N6477A2Z,Effect of posterior span length on the trueness and precision of 3 intraoral digital scanners: A comparative 3-dimensional in vitro study.,unsure,unsure,unsure,True,1.0,unsure
,CCF5Z5U8,Mesoscopic Fluorescence Imaging of Light-Triggered Chemotherapeutic Release in Cancer Spheroid Models.,exclude,exclude,exclude,True,1.0,exclude
,DJV2TRYS,3-D Markerless Tracking of Speech Movements With Submillimeter Accuracy.,exclude,exclude,exclude,True,1.0,exclude
,3NXYCN68,"Rehabilitation of a Patient with Temporomandibular Joint Disorder and Misocclusion Requiring Full Mouth Reconstruction, Based on the Multidisciplinary  Approach: A Clinical Case.",unsure,unsure,unsure,True,1.0,unsure
,IM5S2DUC,Finite Element Analysis: Connector Designs and Pontic Stress Distribution of Fixed Partial Denture Implant-Supported Metal Framework.,unsure,unsure,unsure,True,1.0,unsure
,WKLA7YYF,Suspended Tissue Open Microfluidic Patterning (STOMP).,exclude,exclude,exclude,True,1.0,exclude
,HIA7QIPW,Effect of full arch two scanning techniques on the accuracy of overdenture conventional and CAD/CAM Co-Cr bars.,unsure,unsure,unsure,True,1.0,unsure
,GXEXPHPL,Automatic segmentation of the spinal cord nerve rootlets.,exclude,exclude,exclude,True,1.0,exclude
,YFI6KQ92,Three-Dimensional Volumetric Investigation of Onodi Cells: A Multi-Slice Computed Tomography Study.,include,exclude,include,False,0.6666666666666666,include
,CEEZPM88,Application of Barophoresis in Chronic Generalized Periodontitis: a Mathematical Substantiation.,include,include,include,True,1.0,include
,RBJV9U6L,Development of 3D in vitro mineralized bone model to reproduce dental implants osseointegration process.,unsure,unsure,unsure,True,1.0,unsure
,AN569QGJ,Effect of auxiliary geometric devices on the accuracy of intraoral scans in full-arch implant-supported rehabilitations: An in vitro study.,unsure,unsure,unsure,True,1.0,unsure
,7GANPVVG,A novel approach for determining instantaneous centers of rotation of the mandible with an intraoral scanner: A preliminary study.,include,include,include,True,1.0,include
,LXMJULLQ,Three-dimensional in vitro model of bone metastases of neuroblastoma as a tool for pharmacological evaluations.,exclude,exclude,exclude,True,1.0,exclude
,NZE7DVBV,Design and characterization of bioinstructive gold nanocomposite hydrogels for 3D bioprinting.,unsure,unsure,unsure,True,1.0,unsure
,I8JFM7AT,Automated artificial intelligence-driven 3-dimensional craniofacial superimposition for clinically useful treatment outcomes in growing patients: A  multicenter study.,unsure,unsure,unsure,True,1.0,unsure
,KR5U5D8V,"Automated 3-D Computer-Aided Measurement of the Bony Orbit: Evaluation of Correlations among Volume, Depth, and Surface Area.",unsure,unsure,unsure,True,1.0,unsure
,36H4R42E,Automated detection of dental artifacts for large-scale radiomic analysis in radiation oncology.,exclude,exclude,exclude,True,1.0,exclude
,DTTVRJ3T,Learn2Talk: 3D Talking Face Learns From 2D Talking Face.,exclude,exclude,exclude,True,1.0,exclude
,JGJ3BDPX,A New Mesoscopic Parameter Inverse Analysis Method of Hydraulic Concrete Based on the SVR-HGWO Intelligent Algorithm.,exclude,exclude,exclude,True,1.0,exclude
,V4USF3XY,Weakly supervised low-dose computed tomography denoising based on generative adversarial networks.,exclude,exclude,exclude,True,1.0,exclude
,TIDGASTP,Three-dimensional evaluation of maxillofacial symmetry improvement following orthognathic surgery in patients with asymmetrical jaw deformities.,unsure,unsure,unsure,True,1.0,unsure
,UKMQES7K,"The 3D theory of osseointegration: material, topography, and time as interdependent determinants of bone-implant integration.",exclude,exclude,exclude,True,1.0,exclude
,2YPT5UT5,Beyond roughness: Lateral surface architecture drives Candida albicans virulence on denture polymers.,unsure,exclude,unsure,False,0.6666666666666666,unsure
,J5E8FSNA,VT-3DCapsNet: Visual tempos 3D-Capsule network for video-based facial expression recognition.,exclude,exclude,exclude,True,1.0,exclude
,PMW9788C,A Systematic Approach of Data Collection and Analysis in Medical Imaging Research.,exclude,exclude,exclude,True,1.0,exclude
,JR957DQR,Chairside virtual patient protocol. Part 1: Free vs Guided face scan protocol.,include,include,include,True,1.0,include
,U6LD4JRL,Accuracy of 2 direct digital scanning techniques-intraoral scanning and stereophotogrammetry-for complete arch implant-supported fixed prostheses: A  prospective study.,unsure,unsure,unsure,True,1.0,unsure
,77JP2XA7,Machine learning approaches to dietary classification from dental microtexture in primates.,exclude,exclude,exclude,True,1.0,exclude
,W692WAXG,Accuracy Assessment of Customized Titanium Plates Compared to 3D-Printed Splints in Le Fort I Osteotomy: A Randomized Clinical Trial Evaluating Clinical and  Radiographic Outcomes.,include,include,include,True,1.0,include
,BA257B5Q,A potential method for sex estimation of human skeletons using deep learning and three-dimensional surface scanning.,unsure,unsure,unsure,True,1.0,unsure
,IWAJJ2N9,Using a New Deep Learning Method for 3D Cephalometry in Patients With Hemifacial Microsomia.,unsure,unsure,unsure,True,1.0,unsure
,JVZTWR93,Scanning accuracy of nondental structured light extraoral scanners compared with that of a dental-specific scanner.,include,include,include,True,1.0,include
,R67KEMQQ,A novel method for 3D face symmetry reference plane based on weighted Procrustes analysis algorithm.,unsure,unsure,unsure,True,1.0,unsure
,IYKJ62I6,Pressure-based finite element analysis of setup distance in clear aligner canine retraction comparing bodily and tipping movements.,unsure,unsure,unsure,True,1.0,unsure
,R7GEJ225,Effect of scan body designs and internal conical angles on the 3-dimensional accuracy of implant digital scans.,unsure,unsure,unsure,True,1.0,unsure
,DLWQDWFW,3D Imaging Reconstruction and Laparoscopic Robotic Surgery Approach to Disseminated Peritoneal Leiomyomatosis.,exclude,exclude,exclude,True,1.0,exclude
,TWGZIE88,The accuracy of automated facial landmarking - a comparative study between Cliniface software and patch-based Convoluted Neural Network algorithm.,include,unsure,include,False,0.6666666666666666,include
,EH5DZEUW,A Systematic Review of Research on Guided Access Cavity Preparation Endodontic Treatment: Dentin Preservation Perspectives.,exclude,exclude,exclude,True,1.0,exclude
,4VSIKKF2,A Dual-Branch Deep Learning Framework with Explainability for Dental Caries Classification Using Intra-Oral Photographs and Radiographs.,exclude,exclude,exclude,True,1.0,exclude
,FTRZVVLY,Use of Digital Technology to Fabricate a Metal-Based Maxillofacial Prosthesis for Mandibular Defects.,unsure,unsure,unsure,True,1.0,unsure
,F9XXF7V7,DEEP Q-NAS: A new algorithm based on neural architecture search and reinforcement learning for brain tumor identification from MRI.,exclude,exclude,exclude,True,1.0,exclude
,UH7K4N37,Synergistic Angio-Osteogenic Effects of Copper-Releasing 3D Biocomposite Scaffolds: A Step Toward Vascularized Bone Regeneration.,exclude,exclude,exclude,True,1.0,exclude
,PB3IDP5P,Perforator-Sparing Microsurgical Clipping of Tandem Dominant-Hemisphere Middle Cerebral Artery Aneurysms: Geometry-Guided Reconstruction of a Wide-Neck  Bifurcation and Dorsal M1 Fusiform Lesion.,exclude,exclude,exclude,True,1.0,exclude
,W5XLTB8N,A Paradigm Shift Using Scan Bodies to Record the Position of a Complete Arch of Implants in a Digital Workflow.,unsure,unsure,unsure,True,1.0,unsure
,SPCXVCQA,Next-Generation Oral Delivery Systems: Phytosomal Hinokitiol Tablets via REGEMAT 3D Bioprinter-Based 3D Printing for Enhanced Bioavailability.,exclude,exclude,exclude,True,1.0,exclude
,JANGC8LD,"Fractured Full-Arch Tooth-Supported Zirconia Bridge: Thin Design, Surface Damage, and Excessive Cement Layer Thickness.",unsure,unsure,unsure,True,1.0,unsure
,LHESLXK6,Virtual tumor mapping and margin control with 3-D planning and navigation.,exclude,exclude,exclude,True,1.0,exclude
,CNFZ2T2N,Assessment of ChatGPT performance in orbital MRI reporting with multimetric evaluation of transformer based language models.,exclude,exclude,exclude,True,1.0,exclude
,ZPHWMMKX,Influence of different education approaches on the implantation performance of dental practitioners in aesthetic zone.,unsure,unsure,unsure,True,1.0,unsure
,K66NDIA5,Effect of Different Veneering Techniques on Mechanical Properties and Translucency of Zirconia Framework-veneer Ceramic Crowns.,unsure,unsure,unsure,True,1.0,unsure
,MWMICGZG,Automated three-dimensional analysis of facial asymmetry in patients with syndromic coronal synostosis: A retrospective study.,unsure,unsure,unsure,True,1.0,unsure
,EJ9XFDS7,Optimization of smoothing parameter for block matching and 3D filtering algorithm in low-dose chest and abdominal computed tomography images.,exclude,exclude,exclude,True,1.0,exclude
,QJG6B55I,"Semi-automated three-dimensional analysis of maxillary anomalies in patients with Muenke syndrome, Saethre-Chotzen syndrome or TCF12-related craniosynostosis: A  retrospective study.",unsure,unsure,unsure,True,1.0,unsure
,CF4DWYCA,FePSe(3) -Nanosheets-Integrated Cryogenic-3D-Printed Multifunctional Calcium Phosphate Scaffolds for Synergistic Therapy of Osteosarcoma.,exclude,exclude,exclude,True,1.0,exclude
,5BXZT5HW,The Design and Development of a Novel Device that Converts a Patient-Controlled Intravenous Pump into an Oral Liquid Medication Dispenser for Non-Controlled  Substances.,exclude,exclude,exclude,True,1.0,exclude
,5ULHZEJP,Development and evaluation of a computer vision algorithm for quantification of children's microactivities.,exclude,exclude,exclude,True,1.0,exclude
,S3UIDDAH,Marginal gap of three-dimensional printed full-arch frameworks supported by all-on-four and all-on-six implant designs.,exclude,exclude,exclude,True,1.0,exclude
,537TYRHV,Accuracy of impressions and framework marginal fit of implant-supported complete-arch fixed dental prostheses fabricated by using direct and indirect  workflows.,unsure,unsure,unsure,True,1.0,unsure
,VY5RFX3G,Digital scanning for complete-arch implant-supported restorations: A systematic review.,exclude,exclude,exclude,True,1.0,exclude
,2AL8ZQJG,Using a New Deep Learning Method for 3D Cephalometry in Patients With Cleft Lip and Palate.,unsure,unsure,unsure,True,1.0,unsure
,SKX4QN3D,Voxel-Level Comparison of [(18)F]CETO and [(11)C]MTO for Molecular Imaging of Primary Aldosteronism.,exclude,exclude,exclude,True,1.0,exclude
,EU82CKXQ,Analysis of micromovements and peri-implant stresses and strains around ultra-short implants - A three-dimensional finite-element method study.,include,include,include,True,1.0,include
,G3EFXBN7,Does partial adhesive preparation design and finish line depth influence trueness and precision of intraoral scanners?,unsure,unsure,unsure,True,1.0,unsure
,AS7EPBV7,An in?vitro analysis of the accuracy of static and robot-assisted implant surgery.,unsure,unsure,unsure,True,1.0,unsure
,FGBX8XQ4,CMRI2SPEC: CINE MRI SEQUENCE TO SPECTROGRAM SYNTHESIS VIA A PAIRWISE HETEROGENEOUS TRANSLATOR.,exclude,exclude,exclude,True,1.0,exclude
,YZQT6Z4B,Monitoring the Calibration of In-Office 3D Printers.,unsure,unsure,unsure,True,1.0,unsure
,9RD8W82E,Imaging Modalities in Craniosynostosis: A Systematic Review and Proposal of the ARCANA Protocol for Multimodal Radiation-Free Assessment.,exclude,exclude,exclude,True,1.0,exclude
,SFC8ABM6,An Open-Source Restraint System for Magnetic Resonance Imaging in Awake Rats.,exclude,exclude,exclude,True,1.0,exclude
,DDDBP7D4,Text-Guided Inpainting for Aesthetic Prediction in Orthofacial Surgery: A Patient-Centered AI Approach.,unsure,unsure,unsure,True,1.0,unsure
,JB6FVHV7,Age-related changes in the parotid gland: a computed tomography-based radiomics study.,unsure,unsure,unsure,True,1.0,unsure
,26HSVAMX,Feasibility study and material selection for powder-bed fusion process in printing of denture clasps.,unsure,unsure,unsure,True,1.0,unsure
,WHLJAU7A,Inertial Measurements for Tongue Motion Tracking Based on Magnetic Localization with Orientation Compensation.,exclude,exclude,exclude,True,1.0,exclude
,7LAYD684,Efficacy and safety of low-concentration whitestrips for extrinsic tooth discoloration: a randomized controlled trial.,exclude,exclude,exclude,True,1.0,exclude
,5RKTEJM6,"Evaluation of Surface Characteristics, Accuracy, and Dimensional Stability of Tooth Preparation Dies Fabricated by Conventional Gypsum and 3D-Printed  Workflows.",unsure,unsure,unsure,True,1.0,unsure
,HTLVPQ66,Digitally manufactured partial coverage restorations: is it time to down the impression trays or still a work in progress?,exclude,exclude,exclude,True,1.0,exclude
,K29EGFHP,Enhanced functional mitochondrial donation through glucose-responsive antioxidant microcarrier-engineered native-like MSCs accelerates diabetic wound healing.,exclude,exclude,exclude,True,1.0,exclude
,ABPXSFID,Environmental impacts from conventional and digital dental crown fabrication workflows: A comparative life cycle assessment.,exclude,exclude,exclude,True,1.0,exclude
,G6977KXR,Influence of Framework Material and Posterior Implant Angulation in Full-Arch All-on-4 Implant-Supported Prosthesis Stress Concentration.,include,unsure,unsure,False,0.6666666666666666,unsure
,YCBI9HI4,Influence of splinting scan bodies or incorporating three-dimensionally printed scan aids on the trueness of complete arch digital scans.,include,include,include,True,1.0,include
,TSGU9522,3D printing combined with thermally induced phase separation for engineering hierarchical osteogenic PLA scaffolds.,exclude,exclude,exclude,True,1.0,exclude
,G57LYVRA,Enhancing facial feature de-identification in multiframe brain images: A generative adversarial network approach.,exclude,exclude,exclude,True,1.0,exclude
,SCQPUB64,Repairing Facial Fractures with Interrupted Maxillary-mandibular Arches by Computer-assisted Reverse Planning Model Surgery.,unsure,unsure,unsure,True,1.0,unsure
,BRBZAMYJ,Predictive modelling of metabolic syndrome in Ghanaian diabetic patients: an ensemble machine learning approach.,exclude,exclude,exclude,True,1.0,exclude
,7P53GXNZ,Is a standardised severity index needed in unicoronal craniosynostosis? Challenges in developing an objective metric.,unsure,unsure,unsure,True,1.0,unsure
,SY9W9NT6,Fractional flow reserve measurement using dynamic CT perfusion imaging in patients with coronary artery disease.,exclude,exclude,exclude,True,1.0,exclude
,Q7HRL8QA,Effect of splinting scan bodies on the trueness of complete arch digital implant scans with 5 different intraoral scanners.,unsure,unsure,unsure,True,1.0,unsure
,38T2278K,How the geometry of the scan body affects the accuracy of digital impressions in implant supported prosthesis. In vitro study.,unsure,unsure,unsure,True,1.0,unsure
,QFUV2EYX,PVA-based formulations as a design-technology platform for orally disintegrating film matrices.,exclude,exclude,exclude,True,1.0,exclude
,423YFK2F,Evaluation of the Trueness and Precision of a Simplified Method for Transferring the Relationship of the Maxillary Plane and Transverse Hinge Axis to Virtual  Articulators.,unsure,unsure,unsure,True,1.0,unsure
,2J7DVNUC,Mesenchymal stromal cells-loaded 3D radially aligned composite scaffold with potentiated paracrine signaling for sequential bone regeneration.,exclude,exclude,exclude,True,1.0,exclude
,ID72PB6W,Point-annotation supervision for robust 3D pulmonary infection segmentation by CT-based cascading deep learning.,exclude,exclude,exclude,True,1.0,exclude
,52UZVT8F,Development of Motion Detection Algorithm Using 3d Sensors for Patient Monitoring Support Service System.,exclude,exclude,exclude,True,1.0,exclude
,TN696GPL,"Transfer Accuracy in Digital Indirect Bonding: A Methodological Umbrella Review of Definitions, Measurement Frameworks, and Evidence Synthesis.",exclude,exclude,exclude,True,1.0,exclude
,429UEHTD,Soft Tissue Response and Determination of Underlying Risk Drivers for Recession and Mucositis after AMSJI Implantation in the Maxilla.,unsure,unsure,unsure,True,1.0,unsure
,729M6XAF,Can monolithic zirconia frameworks in implant-supported cross-arch prostheses deliver reliable long-term outcomes?,exclude,exclude,exclude,True,1.0,exclude
,7YN5KX6Y,"The preparation, properties, and applications of polyphenol hydrogels for the treatment of oral diseases: A comprehensive overview.",exclude,exclude,exclude,True,1.0,exclude
,RK8ATZV8,Mechanical Performance and Fracture Behavior of Fixed Dental Prostheses Under Bending Loads: An In Vitro Comparative Study.,unsure,unsure,unsure,True,1.0,unsure
,W8LMAKKZ,Investigation of Different Miniscrew Head Designs by Finite Element Analysis.,include,include,include,True,1.0,include
,IK2JU9J4,Four-dimensional imaging in teleorthodontics - analysis of accuracy in patients with dentofacial deformities compared with controls.,unsure,unsure,unsure,True,1.0,unsure
,MAQ97ENE,Piezoelectricity Promotes 3D-Printed BTO/β-TCP Composite Scaffolds with Excellent Osteogenic Performance.,exclude,exclude,exclude,True,1.0,exclude
,IU5UYIMU,Mechanical and Time-Dependent Stability of K18-IBOA-Modified 3D-Printed Denture Base Resins.,unsure,unsure,unsure,True,1.0,unsure
,D9GBJMLJ,Tissue-engineered Maxillofacial Skeletal Defect Reconstruction by 3D Printed Beta-tricalcium phosphate Scaffold Tethered with Growth Factors and Fibrin Glue  Implanted Autologous Bone Marrow-Derived Mesenchymal Stem Cells.,unsure,unsure,unsure,True,1.0,unsure
,SW2VBSEU,Facial asymmetry in syndromic craniosynostosis patients undergoing midface surgery compared to a large general population.,unsure,unsure,unsure,True,1.0,unsure
,N7MWTYBZ,Effect of heat-treatment duration on accuracy of castable resin patterns for denture frameworks fabricated by digital light processing in the vacuum-sealed  method: An in vitro study.,unsure,unsure,unsure,True,1.0,unsure
,32DJ6HUZ,Profiling Gingival Inflammation in a 3D Oral Tissue Model Reveals Early Features of Disease Progression.,exclude,exclude,exclude,True,1.0,exclude
,LC2F3NZR,Digital Accuracy of Closed-Tray Implant Impressions: Influence of Polyvinyl Siloxane Viscosity and Subgingival Posterior Implant Angulation.,include,include,include,True,1.0,include
,6A72YUEN,The effect of framework fabrication technique on the fit accuracy of full arch screw retained implant supported prostheses.,unsure,unsure,unsure,True,1.0,unsure
,5H3UUD33,Stain color translation of multi-domain OSCC histopathology images using attention gated cGAN.,exclude,exclude,exclude,True,1.0,exclude
,H3WTZHNB,"""Smart"" Nerves Sprout and Assemble in an Extracellular Matrix-Based 3D Nerve-in-a-Chip Microfluidic Model.",exclude,exclude,exclude,True,1.0,exclude
,4SMAJFLQ,Degradation-tunable coating with sustained silver release for spinal implants to prevent postoperative infections.,exclude,exclude,exclude,True,1.0,exclude
,D5YUNUHV,Accuracy of Impression Techniques with Maxillary Angled Implants Using Trays and Multifunctional Guides.,unsure,unsure,unsure,True,1.0,unsure
,5SZDL77P,The Esthetic Biological Contour (EBC) Concept 2.0: How to Manage Each Zone of the Implant Restoration Emergence Profile.,unsure,unsure,unsure,True,1.0,unsure
,X9BII49A,Pulse-gated noncontrast thoracic magnetic resonance angiography for acute aortic dissection with transient ischemic attack: A case report.,exclude,exclude,exclude,True,1.0,exclude
,EQH4FGIN,Synthesizing Audio from Tongue Motion During Speech Using Tagged MRI Via Transformer.,exclude,exclude,exclude,True,1.0,exclude
,7ECMK5KU,Performance of Rigid and Soft Transfer Templates Using Viscous and Fluid Resin-Based Composites in the Attachment Bonding Process of Clear Aligners.,unsure,unsure,unsure,True,1.0,unsure
,QHVZQG93,Use of continuous glucose monitoring to stratify individuals without diabetes.,exclude,exclude,exclude,True,1.0,exclude
,WUGG7RGX,Accuracy of digital and conventional implant-level impression techniques for maxillary full-arch screw-retained prosthesis: A crossover randomized trial.,include,include,include,True,1.0,include
,MCQD28AU,"Intraoral, Extraoral, and Navigation Photogrammetry Trueness for Complete-Arch Digital Implant Impression: A Comparative Study.",unsure,unsure,unsure,True,1.0,unsure
,U5MCISR3,Speech Motion Anomaly Detection via Cross-Modal Translation of 4D Motion Fields from Tagged MRI.,exclude,exclude,exclude,True,1.0,exclude
,9SDX4TPK,Accuracy of scanning using photogrammetry and reverse scan for complete arch implant-supported prostheses: An in vitro comparative study.,include,include,include,True,1.0,include
,D9VA66QG,Reliability of Comprehensive Facial Soft Tissue Landmark Detection and Analysis Using Frontal View Photographs.,unsure,unsure,unsure,True,1.0,unsure
,XB4GLBKZ,Role of three-dimensional computed tomography with humeral subtraction in assessing anteromedial facet coronoid fractures.,exclude,exclude,exclude,True,1.0,exclude
,2Y9I2C6I,Intaglio Surface Adaptation of Removable Partial Denture Framework Fabricated by Various Data Acquisition Techniques and Fabrication Approaches.,unsure,unsure,unsure,True,1.0,unsure
,RLWAFKS8,Accuracy of digital versus conventional implant impressions in partially dentate patients: A systematic review and meta-analysis.,exclude,exclude,exclude,True,1.0,exclude
,3CXKDYKU,Introduce a rotational robust optimization framework for spot-scanning proton arc (SPArc) therapy.,exclude,exclude,exclude,True,1.0,exclude
,GN696GRG,An automatic facial landmarking for children with rare diseases.,exclude,exclude,exclude,True,1.0,exclude
,VP3HU636,Analysis of healthy glenohumeral arthrokinematics using four-dimensional computed tomography throughout internal rotation and forward elevation.,exclude,exclude,exclude,True,1.0,exclude
,3SRFQXMZ,"Quantitative and qualitative evaluation of precision in dental 3D facial scanning across handheld, fixed multicamera, and smartphone depth-sensing systems.",include,include,include,True,1.0,include
,U9KD2NIL,Spatiotemporally programming the immune-osteogenic cascade with a dual-immunomodulatory scaffold for functional bone regeneration.,exclude,exclude,exclude,True,1.0,exclude
,BTIQEUJ7,Assessment of Maxillary Sinus Variations Post-LeFort: A Systematic Review.,exclude,exclude,exclude,True,1.0,exclude
,96RWRVSA,Enhanced Osteogenic Differentiation of hMSCs Using BMP@ZIF-8-Loaded GelMA Nanocomposite Hydrogels with Controlled BMP-2 Release.,exclude,exclude,exclude,True,1.0,exclude
,K6IJXMXU,Exploring the potential applications of intraoral scanners in the treatment of cleft lip and palate deformity-A scoping review of literature.,exclude,exclude,exclude,True,1.0,exclude
,NPSWWC9K,Mapping the Response of Human Osteocytes in Native Matrix to Mechanical Loading Using RNA Sequencing.,exclude,exclude,exclude,True,1.0,exclude
,HTUE3J8F,A Comparison of Full Arch Trueness and Precision of Nine Intra-Oral Digital Scanners and Four Lab Digital Scanners.,include,include,include,True,1.0,include
,AWENP9BQ,Integrating Bioavailability Enhancers with Beta-Sitosterol for Optimized Therapeutic Index: A Mechanistic Insight.,exclude,exclude,exclude,True,1.0,exclude
,UYLQDFMZ,Correlation of sectoral choroidal vascularity with angiographic leakage in central serous chorioretinopathy.,exclude,exclude,exclude,True,1.0,exclude
,5EL4JQ4B,Development of biodegradable methacrylated guar gum 3D bioprinting bioinks for stem cell delivery and cartilage tissue engineering.,exclude,exclude,exclude,True,1.0,exclude
,4PQG6Z6K,Unsupervised clustering of single-lead electrocardiograms associates with prevalent and incident heart failure in coronary artery disease.,exclude,exclude,exclude,True,1.0,exclude
,2SQISMYK,Three-dimensional simultaneous T1 and T2* relaxation times and quantitative susceptibility mapping at 3?T: A multicenter validation study.,exclude,exclude,exclude,True,1.0,exclude
,YYJF9M92,Effects of incremental mandibular advancement on upper airways morphology and anatomical structures: a preliminary CT scan study on body donors.,unsure,unsure,unsure,True,1.0,unsure
,TT85BQ7Z,Error assessment and correction for extrusion-based bioprinting using computer vision method.,exclude,exclude,exclude,True,1.0,exclude
,VX3I6E78,A Cartilaginous Organoid System Derived From Human Expanded Pluripotent Stem Cells (hEPSCs).,exclude,exclude,exclude,True,1.0,exclude
,WMML49PQ,Evaluation and Comparison of Interocclusal Registration Accuracy Using Digital Intraoral Scanners and Conventional Methods: An In Vivo Study.,unsure,unsure,unsure,True,1.0,unsure
,GDR8KPPZ,The Mechanosensing and Global DNA Methylation of Human Osteoblasts on MEW Fibers.,exclude,unsure,unsure,False,0.6666666666666666,unsure
,TF7HXSLG,A comparison of the fusion model of deep learning neural networks with human observation for lung nodule detection and classification.,exclude,exclude,exclude,True,1.0,exclude
,LRABR3D6,Accuracy evaluation of dual-function scan body for recording complete arch implant-supported prostheses.,include,unsure,unsure,False,0.6666666666666666,unsure
,SEQU6V8Q,Beyond the monorail perspective: constructing a dual-role engagement framework in peer feedback for second language oral communication.,exclude,exclude,exclude,True,1.0,exclude
,2DLU5YV6,"Symptom appraisal, help-seeking and perceived barriers to healthcare seeking in Uganda: an exploratory study among women with potential symptoms of breast and  cervical cancer.",exclude,exclude,exclude,True,1.0,exclude
,IE3WVSAP,Precise Engineering of Growth Factor Presentation Using Extracellular Microenvironment-Mimicking Microfluidic Microparticles.,exclude,exclude,exclude,True,1.0,exclude
,VLQ37VBV,Cost of Potentially Preventable Hospitalizations Among Adults With Chronic Kidney Disease: A Population-Based Cohort Study.,exclude,exclude,exclude,True,1.0,exclude
,36ZV2VQ4,A Digital Mental Health App Incorporating Wearable Biosensing for Teachers of Children on the Autism Spectrum to Support Emotion Regulation: Protocol for a  Pilot Randomized Controlled Trial.,exclude,exclude,exclude,True,1.0,exclude
,JYUV2HQ3,A Review of Three-Dimensional Facial Asymmetry Analysis Methods,exclude,exclude,exclude,True,1.0,exclude
,FU2MQQTY,Individual retrieval based on oral cavity point cloud data and correntropy-based registration algorithm,unsure,unsure,unsure,True,1.0,unsure
,3DULHY4P,"In-House, Open-Source 3D-Software-Based, CAD/CAM-Planned Mandibular Reconstructions in 20 Consecutive Free Fibula Flap Cases: An Explorative Cross-Sectional Study With Three-Dimensional Performance Analysis",include,include,include,True,1.0,include
,WN2IRATQ,Three-dimensional accuracy of in-office aligner therapy: a retrospective comparison between planned and achieved tooth positions,include,include,include,True,1.0,include
,IG4C9KGV,Three-dimensional acquisition technologies for facial soft tissues - Applications and prospects in orthognathic surgery,exclude,exclude,exclude,True,1.0,exclude
,WBXSL778,Cone-Beam Computed Tomography Image Features under Intelligent Three-Dimensional Reconstruction Algorithm in the Evaluation of Intraoperative and Postoperative Curative Effect of Dental Pulp Disease Using Root Canal Therapy,unsure,unsure,unsure,True,1.0,unsure
,KLUTS8EC,CBCT analysis of mandibular position and bilateral symmetry in adult female patients with a deep overbite before and after flat bite plate treatment: a retrospective study,include,include,include,True,1.0,include
,YVGIL7HV,Optimization of three-dimensional printing parameters for orthodontic applications,unsure,unsure,unsure,True,1.0,unsure
,SJNPSVRX,Virtual reality and 3D printing in head and neck cancer: an educational experience,unsure,unsure,unsure,True,1.0,unsure
,HI8MENLK,Three-Dimensional Finite Element Analysis of Stress Distribution in a Tooth Restored with Full Coverage Machined Polymer Crown,include,unsure,unsure,False,0.6666666666666666,unsure
,2667PQ7L,Development and Application of Digital Maxillofacial Surgery System Based on Mixed Reality Technology,include,include,include,True,1.0,include
,9DHRAUNV,Precision and Efficacy of Digital Technology in Orthognathic Surgery for Facial Asymmetry Correction: A Quantitative Analysis,include,include,include,True,1.0,include
,9LU3ERIG,Three-Dimensional Tooth Models with Pulp Cavity Enhance Dental Anatomy Education,include,include,include,True,1.0,include
,AF6884LP,Smartphone-Based 3D Surface Imaging: A New Frontier in Digital Breast Assessment? Smartphone-Based Breast Assessment,exclude,exclude,exclude,True,1.0,exclude
,HVBNRLAV,Effective removal of Pb2+ from oral medical wastewater via an activated three-dimensional framework carbon (3D AFC),exclude,exclude,exclude,True,1.0,exclude
,4CWA53IE,Wear at the implant-framework interface between titanium implant platform and the additively manufactured titanium and cobalt-chromium frameworks,unsure,unsure,unsure,True,1.0,unsure
,IHRNZSRA,Optimum design of reference points distribution in three-dimensional reconstruction of dental model in intercuspal position,include,include,include,True,1.0,include
,FSXRW9F8,A fully automated database-driven framework for interproximal tooth morphology reconstruction in orthodontics,unsure,unsure,unsure,True,1.0,unsure
,CM5ESAGD,"DIVA, a 3D virtual reality platform, improves undergraduate craniofacial trauma education",unsure,exclude,exclude,False,0.6666666666666666,exclude
,HZT4K53C,3D-printed multiphasic biocomposite architectures for load-bearing medical implants,unsure,exclude,unsure,False,0.6666666666666666,unsure
,N9L84F5Y,Applications of scanning electron microscopy and focused ion beam milling in dental research,exclude,exclude,exclude,True,1.0,exclude
,JZW3UU8Y,Mastery Learning in Preclinical Endodontics Using Customized 3D-Printed Tooth Models for Deliberate Practice: An Application of Educational Design Research,unsure,unsure,unsure,True,1.0,unsure
,XPLJRM4Y,A user-friendly method for constructing realistic dental model based on two-dimensional/three-dimensional registration,unsure,unsure,unsure,True,1.0,unsure
,Y3QHHC7Y,Surface roughness and preload loss of implant-supported screw retained three-unit framework fabricated by different techniques,unsure,unsure,unsure,True,1.0,unsure
,6T98ZJ8V,In vitro study examines posterior torque impact on 3D mechanics of anterior teeth in clear aligner treatment,unsure,unsure,unsure,True,1.0,unsure
,9EM2RZG2,Neural network-based image analysis of co-localized microorganisms and human cells on implant materials,unsure,exclude,exclude,False,0.6666666666666666,exclude
,4A8X2JVE,Digital analysis of tooth sizes among individuals with different malocclusions: A study using three-dimensional digital dental models,exclude,exclude,exclude,True,1.0,exclude
,IV8L8YFF,Oral squamous cell carcinoma diagnosis in digitized histological images using convolutional neural network,exclude,exclude,exclude,True,1.0,exclude
,VC56Q29E,A high-throughput framework for predicting three-dimensional structural-mechanical relationships of human cranial bones using a deep learning-based method,exclude,exclude,exclude,True,1.0,exclude
,BVNKQ2N3,Optimising fused filament fabrication surface roughness for a dental implant,unsure,unsure,unsure,True,1.0,unsure
,FIBFTP9V,Use of open-source software and photogrammetry in the fabrication of 3D-printed custom trays for edentulous patients: A technical guide,include,include,include,True,1.0,include
,M3RJ7QPQ,Influence of wall thickness on the fracture resistance of hollow zirconia artificial teeth fabricated by 3D zirconia printing,unsure,unsure,unsure,True,1.0,unsure
,4RGTB6EY,A pilot investigation of condylar position and asymmetry in patients with unilateral posterior scissors-bite malocclusion based on three-dimensional reconstructive imaging technique,unsure,unsure,unsure,True,1.0,unsure
,JDYAQ7WP,Early-stage stability and degradation of patient-specific biodegradable 3D-printed implants for critical mandibular reconstruction,unsure,unsure,unsure,True,1.0,unsure
,KVJZEMMH,3D Surface-Closed Mesh Clipping Based on Polygonal Partitioning for Surgical Planning,unsure,exclude,unsure,False,0.6666666666666666,unsure
,WJM7WVUX,AI-Augmented 3D Craniofacial Reconstruction for Enhanced Surgical Planning: A Novel Integration of Depth-Augmented Vision Transformers and MeshCNN for Structural Fidelity,unsure,unsure,unsure,True,1.0,unsure
,TC4MK82A,Segmented Four-Element Photodiodes in a Three-Dimensional Laser Beam Angle Measurement,exclude,exclude,exclude,True,1.0,exclude
,5NZQ7XHV,Cranial Implant Design Applying Shape-Based Interpolation Method via Open-Source Software,exclude,exclude,exclude,True,1.0,exclude
,QU6XIXA7,Effects of Different Parameter Settings for 3D Data Smoothing and Mesh Simplification on Near Real-Time 3D Reconstruction of High Resolution Bioceramic Bone Void Filling Medical Images,unsure,exclude,exclude,False,0.6666666666666666,exclude
,4PBV2R5L,Comparative analysis of five AI platforms for mandibular canal segmentation on CBCT images,include,include,include,True,1.0,include
,HFJYHS9W,SegRef3D: A Versatile Open-Source Platform for Artificial Intelligence-Assisted Segmentation and Three-Dimensional Reconstruction in Morphological Research,exclude,exclude,exclude,True,1.0,exclude
,BZKU394G,Maxillary reconstruction using subperiosteal dental implants: A clinical report,unsure,unsure,unsure,True,1.0,unsure
,64V3G83K,Three-dimensional superimposition of digital models for individual identification,unsure,unsure,unsure,True,1.0,unsure
,S3TXFJRP,Automatic segmentation and landmark detection of 3D CBCT images using semi supervised learning for assisting orthognathic surgery planning,unsure,unsure,unsure,True,1.0,unsure
,R7BP6AWA,Three-dimensional facial volume analysis using algorithm-based personalized aesthetic templates,unsure,unsure,unsure,True,1.0,unsure
,TXP7BVWJ,Accuracy of different impression techniques for multiunit implant restoration: A qualitative in vitro study,unsure,unsure,unsure,True,1.0,unsure
,2K5N464P,Modeling cardiac microcirculation for the simulation of coronary flow and 3D myocardial perfusion,exclude,exclude,exclude,True,1.0,exclude
,6WML986Q,Digital Hybrid Model Preparation for Virtual Planning of Reconstructive Dentoalveolar Surgical Procedures,unsure,unsure,unsure,True,1.0,unsure
,HIZDAWBD,Convolutional neural network for automated tooth segmentation on intraoral scans,unsure,unsure,unsure,True,1.0,unsure
,6MHEDMHB,A three-dimensional dental model restoration method based on tooth feature contours,unsure,unsure,unsure,True,1.0,unsure
,M5369RSN,"Clinical Readiness of Additively Manufactured Dental Ceramics for Crowns, Veneers, and Partial-Coverage Restorations: A Scoping Review and Evidence Map",exclude,exclude,exclude,True,1.0,exclude
,46W9JXVL,Suitability and Trueness of the Removable Partial Denture Framework Fabricating by Polyether Ether Ketone with CAD-CAM Technology,unsure,unsure,unsure,True,1.0,unsure
,CES5463F,"Toothnroll: An R Package for Landmarking, Measuring, and Mapping Dental Tissues of Hominoid Anterior Teeth",unsure,exclude,exclude,False,0.6666666666666666,exclude
,YHMC9EU4,An In Vitro Study of the Reproducibility of the Drilling Access of Digitalized Surgical Guides Generated via Three Different Implant Planning Software Programs,exclude,exclude,exclude,True,1.0,exclude
,XFVSNR6Q,"Computer-assisted bone augmentation, implant planning and placement: An in vitro investigation",unsure,unsure,unsure,True,1.0,unsure
,VF5QRJ45,Three-dimensional evaluation of tooth preparation forms in paediatric zirconia crowns: An in vitro study,include,include,include,True,1.0,include
,5WZYNINZ,Surgical guides for flapless dental implant placement and immediate definitive prosthesis installation by using selective laser melting and sintering for 3D metal and polymer printing: A clinical report,unsure,unsure,unsure,True,1.0,unsure
,TKTV4GKB,Microtia Ear Reconstruction with Patient-Specific 3D Models-A Segmentation Protocol,exclude,exclude,exclude,True,1.0,exclude
,R2JJ7YYQ,Generation of Human 3D Airway Assembloids for Advanced Modeling,exclude,exclude,exclude,True,1.0,exclude
,FIMEVJK3,Biomechanical effect of implant thickness and screw diameter on CFR-PEEK subperiosteal implants: a three-dimensional finite element analysis,include,include,include,True,1.0,include
,ILAFRFCN,Segmentation of Cemento-Osseous Dysplasias Using an Artificial Intelligence Algorithm,include,include,include,True,1.0,include
,WWG3SIDR,Development and validation of a robotic system for milling individualized jawbone cavities in oral and maxillofacial surgery,unsure,unsure,unsure,True,1.0,unsure
,DI6MIRNX,Linear and Volumetric Analysis of Maxillary Sinus Pneumatization in a Sri Lankan Population Using Cone Beam Computer Tomography,unsure,unsure,unsure,True,1.0,unsure
,YMSMMVTX,Dimensional accuracy of medical models of the skull produced by three-dimensional printing technology by advanced morphometric analysis,include,include,include,True,1.0,include
,8I6PV5LB,A 3D Collagen-Alginate Hydrogel Model for Mechanoregulation of Autophagy in Periodontal Ligament Cells,exclude,exclude,exclude,True,1.0,exclude
,EBNEIKEM,Effect of various printing parameters on the accuracy (trueness and precision) of 3D-printed partial denture framework,unsure,unsure,unsure,True,1.0,unsure
,YCHGF3KN,Developing a three-dimensional statistical shape model of normal dentition using an automated algorithm and normal samples,unsure,unsure,unsure,True,1.0,unsure
,7DUXHX7E,Digital Workflow for Establishing the Posterior Palatal Seal on a Digital Complete Denture,unsure,unsure,unsure,True,1.0,unsure
,QSRSEXXN,A discrete event simulation method for performance analysis of an additive manufacturing in the dental clinic,exclude,exclude,exclude,True,1.0,exclude
,T43PJP5P,"A Complete Digital Workflow for Planning, Simulation, and Evaluation in Orthognathic Surgery",unsure,unsure,unsure,True,1.0,unsure
,2TTJ5J6D,New method for analysing spatial relationships of facial muscles on MRI: a pilot study,include,include,include,True,1.0,include
,Q9P7VA83,Open access segmentations of intraoperative brain tumor ultrasound images,exclude,exclude,exclude,True,1.0,exclude
,BCQSD5UJ,3D modeling of the frontal sinus as a contribution tool for human identification - a case report,unsure,include,unsure,False,0.6666666666666666,unsure
,TI4JGF9N,Subtractive versus additive indirect manufacturing techniques of digitally designed partial dentures,include,include,include,True,1.0,include
,RSZLELIR,Three-dimensional dental image segmentation and classification using deep learning with tunicate swarm algorithm,unsure,unsure,unsure,True,1.0,unsure
,H25H88EY,USCT: Uncertainty-regularized symmetric consistency learning for semi-supervised teeth segmentation in CBCT,unsure,unsure,unsure,True,1.0,unsure
,783IKDYJ,"Three-dimensional (3D) printing in dental practice: Applications, areas of interest, and level of evidence",exclude,exclude,exclude,True,1.0,exclude
,J7MWBCZY,Effect of data size on tooth numbering performance via artificial intelligence using panoramic radiographs,unsure,unsure,unsure,True,1.0,unsure
,XLKXHVXY,Workflow for the Creation of 3D Stereoscopic Models of Supra- and Infratentorial Brain Venous Anatomy and their Integration in a Virtual Reality Environment,exclude,exclude,exclude,True,1.0,exclude
,9MTJQ34Q,Artificial Intelligence in Detecting and Segmenting Vertical Misfit of Prosthesis in Radiographic Images of Dental Implants: A Cross-Sectional Analysis,unsure,unsure,unsure,True,1.0,unsure
,ANTXG7HM,"Three-Dimensional Evaluation of Zygomaticomaxillary Complex Displacement and Rotational Centre in Adults Induced by Maxillary Skeletal Expander, Analysed With CBCT and Heuristic Search Algorithm",unsure,unsure,unsure,True,1.0,unsure
,4V69ZLJE,Clinically oriented deep learning system integrating linear and morphological assessment for external orthodontic root resorption,unsure,unsure,unsure,True,1.0,unsure
,UVASR96M,Three-dimensional non-destructive visualization of teeth enamel microcracks using X-ray micro-computed tomography,include,include,include,True,1.0,include
,CXWGAQ8R,Comparison the accuracy of a novel implant robot surgery and dynamic navigation system in dental implant surgery: an in vitro pilot study,include,include,include,True,1.0,include
,FT2R69U5,Accuracy evaluation of complete-arch models manufactured by three different 3D printing technologies: a three-dimensional analysis,include,include,include,True,1.0,include
,9QEYAAGH,Corticotomy Depth as a Modulator of Orthodontic Tooth Movement and PDL Stress-A Finite Element Study,unsure,unsure,unsure,True,1.0,unsure
,WA5FYPIY,Accuracy of Mandibular Removable Partial Denture Frameworks Fabricated by 3D Printing and Conventional Techniques,unsure,unsure,unsure,True,1.0,unsure
,LER47S6U,How to predict the future face? A 3D methodology to forecast the aspect of patients after orthognathic surgeries,unsure,unsure,unsure,True,1.0,unsure
,SYGM4R6E,Morphological variation of gubernacular tracts for permanent mandibular canines in eruption: a three-dimensional analysis,unsure,unsure,unsure,True,1.0,unsure
,YH6TKPYB,An Automated Framework for Mandibular Reconstruction: Evaluation and Clinical Application,unsure,unsure,unsure,True,1.0,unsure
,E2LMTSHM,Grey Wolf Optimizer with Behavior Considerations and Dimensional Learning in Three-Dimensional Tooth Model Reconstruction,unsure,unsure,unsure,True,1.0,unsure
,6KII8UX6,Computer-aided design and additively manufactured resin-bonded framework to retain an existing ceramic crown as the interim restoration after extraction: A dental technique,unsure,unsure,unsure,True,1.0,unsure
,QNCS3JR6,Meckel's cartilage and SOX9/Scx expression during morphogenesis of the mouse mylohyoid attachment site,exclude,exclude,exclude,True,1.0,exclude
,NY8FFRL4,Flexible Allyl-Modified Gelatin Photoclick Resin Tailored for Volumetric Bioprinting of Matrices for Soft Tissue Engineering,exclude,exclude,exclude,True,1.0,exclude
,29Y6WKV5,Three-dimensional evaluation of the effects of Bionator and Forsus appliances on oropharyngeal airway volume in patients with mandibular retrognathia,exclude,exclude,exclude,True,1.0,exclude
,WVNUYC2E,3D Printing of Microgel-Loaded Modular Microcages as Instructive Scaffolds for Tissue Engineering,exclude,exclude,exclude,True,1.0,exclude
,WRI5IWYV,Design of an interactive brain model for neuroanatomy education and MRI training,exclude,exclude,exclude,True,1.0,exclude
,K9ID822E,Does Printing Orientation Matter in PolyJet 3D Printed Teeth for Endodontics? A Micro-CT Analysis,unsure,unsure,unsure,True,1.0,unsure
,I9MZ25XA,Three-dimensional virtual surgical planning in the oncologic treatment of the mandible,exclude,exclude,exclude,True,1.0,exclude
,KL5WKS3T,An In Vitro Evaluation of the Effect of 3D Printing Orientation on the Accuracy of Implant Surgical Templates Fabricated By Desktop Printer,unsure,unsure,unsure,True,1.0,unsure
,2TIWQGZY,Mandibular bone remodeling around osseointegrated functionally graded biomaterial implant using three dimensional finite element model,include,include,include,True,1.0,include
,HVIZBRYA,Morphological changes of the root apex in anterior teeth with periapical periodontitis: an in-vivo study,include,include,include,True,1.0,include
,7ABNVPGL,Accuracy of Maxillary Positioning During Orthognathic Surgery: A Comparison of Web-based 3-Dimensional Virtual Surgical Planning and Actual Outcomes,unsure,unsure,unsure,True,1.0,unsure
,GKQDU4CQ,Effect of different impression techniques on marginal integrity of CAD-CAM milled all-on-four mandibular frameworks: an in vitro study,unsure,unsure,unsure,True,1.0,unsure
,5V3UD9KJ,Three-dimensional thermophotonic image optimization modalities of truncated correlation photothermal coherence tomography,unsure,unsure,unsure,True,1.0,unsure
,7UEHD3YK,Computer-guided palatal canine disimpaction: a technical note,unsure,unsure,unsure,True,1.0,unsure
,EYH7C2TZ,Craniofacial Soft-Tissue Anthropomorphic Database with Magnetic Resonance Imaging and Unbiased Diffeomorphic Registration,include,exclude,exclude,False,0.6666666666666666,exclude
,RVS3GX4D,Dental biomechanics of root-analog implants in different bone,unsure,unsure,unsure,True,1.0,unsure
,E84ZXP9F,Three-Dimensional Hemisided Analysis of the Pharyngeal Airway: A Novel Technical Strategy to Evaluate Asymmetric Remodeling After Orthognathic Surgery,unsure,unsure,unsure,True,1.0,unsure
,K9WWSFHG,A 3D-Printed Customizable Platform for Multiplex Dynamic Biofilm Studies,exclude,exclude,exclude,True,1.0,exclude
,8N2YELVJ,Digital measurement method for comparing the absolute marginal discrepancy of three-unit ceramic fixed dental prostheses fabricated using conventional and digital technologies,include,include,include,True,1.0,include
,ZVQFLRVW,Measurement of normal and pathological mandibular and temporomandibular joint kinematics: A systematic review,exclude,exclude,exclude,True,1.0,exclude
,C5PC5D7P,Augmented reality presentation system of skeleton image based on biomedical features,exclude,exclude,exclude,True,1.0,exclude
,8B5C3WBK,Accurate Prediction of Melt Electrowritten Laydown Patterns from Simple Geometrical Considerations,exclude,exclude,exclude,True,1.0,exclude
,NB6F7YE9,Automated analysis of three-dimensional CBCT images taken in natural head position that combines facial profile processing and multiple deep-learning models,unsure,unsure,unsure,True,1.0,unsure
,KIX5ERF8,Evaluation of the accuracy of digital workflow for implant-supported full-arch fixed dental prostheses using a novel micro-CT measurement technique,unsure,unsure,unsure,True,1.0,unsure
,N6QYS54F,Digital fabrication of removable partial dentures made of titanium alloy and zirconium silicate micro-ceramic using a combination of additive and subtractive manufacturing technologies,unsure,unsure,unsure,True,1.0,unsure
,2F689GX9,Accuracy of indirect bonding trays - a measurement algorithm,unsure,unsure,unsure,True,1.0,unsure
,EQW8VEQK,Biomechanical effects of inclined implant shoulder design in all-on-four treatment concept: a three-dimensional finite element analysis,unsure,unsure,unsure,True,1.0,unsure
,9Q6DIK59,Design and fabrication of an interim fi xed restoration with an open-source nondental CAD software program and additive manufacturing: A technical report,include,include,include,True,1.0,include
,HNESQZX2,Methods of Evaluating Adaptation and Accuracy of Additive Manufactured Removable Partial Dentures: A Scoping Review,exclude,exclude,exclude,True,1.0,exclude
,4SY4NAUZ,A Deep Learning Framework for Segmenting Brain Tumors Using MRI and Synthetically Generated CT Images,exclude,exclude,exclude,True,1.0,exclude
,E9XPV3EJ,Influence of prosthesis type and intraoral scanner-based extraoral scanning protocol on the passive fit of CAD-CAM verification devices,unsure,unsure,unsure,True,1.0,unsure
,FGNMQN65,Clinical validation of the virtual splint registration workflow for craniomaxillofacial surgery,unsure,unsure,unsure,True,1.0,unsure
,4A7D7N7S,Assessing the spatial relationship between mandibular third molars and the inferior alveolar canal using a deep learning-based approach: a proof-of-concept study,unsure,unsure,unsure,True,1.0,unsure
,Y74MMKQJ,A Finite Element Analysis Study of Edentulous Model with Complete Denture to Simulate Masticatory Movement,unsure,unsure,unsure,True,1.0,unsure
,MLA5PE8Y,"In Vitro Evaluation of Accuracy of CBCT-Derived Volumes in Maxillary Defects: Effects of kVp, Device, and Software",include,include,include,True,1.0,include
,4MCRUAJM,Biomechanical comparison of different prosthetic materials and posterior implant angles in all-on-4 treatment concept by three-dimensional finite element analysis,include,include,include,True,1.0,include
,J44Q7MX9,A Tooth Segmentation Method Based on Multiple Geometric Feature Learning,unsure,unsure,unsure,True,1.0,unsure
,9S2FY68J,Enhancing preclinical dental education through a VR-based digital platform for inlay tooth preparation,unsure,unsure,unsure,True,1.0,unsure
,8F9WEIIK,Comparing the trueness of 3D printing and conventional casting for removable partial denture metal framework fabrication in different mandibular major connectors designs: An in vitro study,include,include,include,True,1.0,include
,G9J5IXKK,Three-Dimensional Accuracy of Digitally Planned Orthodontic Tooth Movement in a Fully Customized Self-Ligating Lingual System,include,include,include,True,1.0,include
,4WH6LK8R,Comparison of marginal and internal fit of 10-unit fixed dental prostheses fabricated from cobalt chromium alloys or zirconia ceramics using digital workflows,unsure,unsure,unsure,True,1.0,unsure
,Q3UWJ9BC,2D-to-3D: Predicting three-dimensional (3D) cephalometric measurements from two conventional X-ray images,include,include,include,True,1.0,include
,VJ7NSKC3,LRVRG: a local region-based variational region growing algorithm for fast mandible segmentation from CBCT images,unsure,unsure,unsure,True,1.0,unsure
,R4F9LK9P,Influence of Scanner Precision and Analysis Software in Quantifying Three-Dimensional Intraoral Changes: Two-Factor Factorial Experimental Design,include,include,include,True,1.0,include
,6YK2IBH7,Flexural strength and mode of failure of interim implant- supported fixed dental prostheses following different conversion techniques and structural reinforcement,unsure,unsure,unsure,True,1.0,unsure
,7YA2AMRR,Sex and age biological variation of the mandible in a Portuguese population- a forensic and medico-legal approaches with three-dimensional analysis,unsure,unsure,unsure,True,1.0,unsure
,ZF4BBLEI,Effect of Palatal Vault Depth on the Trueness of Metal Laser-Sintered and Cast Cobalt-Chromium Removable Partial Denture Frameworks,unsure,unsure,unsure,True,1.0,unsure
,W9MD2UYS,Enhancing the accuracy of genioplasty using mixed reality and computer-aided design/manufacturing: a randomized controlled trial,unsure,unsure,unsure,True,1.0,unsure
,X8S8V6W9,Trueness and marginal fit of implant-supported complete-arch fixed prosthesis frameworks made of high-performance polymers and titanium: An explorative in-vitro study,unsure,unsure,unsure,True,1.0,unsure
,4JGR7GAS,A Novel Framework for Optimizing Peri-Implant Soft Tissue in Subcrestally Placed Implants in Single Molar Cases: Integrating Transitional and Subcrestal Zones for Biological Stability,unsure,unsure,unsure,True,1.0,unsure
,RT35A7UX,Formulation and evaluation of semi-solid extrusion (SSE) 3D-printed drug preparations using poloxamers and polyethylene oxide as co-printed carrier polymers,exclude,exclude,exclude,True,1.0,exclude
,SDFXVAB9,Volume Change of Masticatory Muscles by Skeletal Class III Orthognathic Surgery with and Without Facial Asymmetry: A Cross-Sectional and Longitudinal Study,unsure,unsure,unsure,True,1.0,unsure
,VPLLGW2S,Volumetric and Morphological Analysis of Mandibular Condyles of Angle Class 2 and 3 Malocclusion Patients,include,include,include,True,1.0,include
,MNH8ZML7,A Novel Approach to Repositioning and Stabilization of a Luxated Tooth With Displacement Using a 3D Printed Guide,include,unsure,unsure,False,0.6666666666666666,unsure
,GZCR8ZD9,An in vitro evaluation of bond strength and failure behavior between 3D-printed cobalt-chromium alloy and different types of denture base resins,unsure,unsure,unsure,True,1.0,unsure
,XRZSYJ46,Utilization of Tenting Pole Abutments for the Reconstruction of Severely Resorbed Alveolar Bone: Technical Considerations and Case Series Reports,unsure,unsure,unsure,True,1.0,unsure
,MQYSVWQX,Image quality and radiation dose assessment of Thai<bold>-</bold>made 2D and 3D dental extraoral imaging scanners,unsure,unsure,unsure,True,1.0,unsure
,E962PLRC,Three-dimensional evaluation of the transfer accuracy of a bracket jig fabricated using computer-aided design and manufacturing to the anterior dentition: An in vitro study,unsure,unsure,unsure,True,1.0,unsure
,586DI265,Two step approach for detecting and segmenting the second mesiobuccal canal of maxillary first molars on cone beam computed tomography (CBCT) images via artificial intelligence,include,include,include,True,1.0,include
,MUC7MYAK,Development and implementation of a three-dimensional (3D) printing elective course for health science students,exclude,exclude,exclude,True,1.0,exclude
,45ZDRSPX,Feasibility and accuracy of a partial point cloud registration method for transoral robot-assisted surgery of zygoma fracture: A phantom study,unsure,unsure,unsure,True,1.0,unsure
,L3AXKYYL,Registration of magnetic resonance and computed tomography images in patients with oral squamous cell carcinoma for three-dimensional virtual planning of mandibular resection and reconstruction,unsure,unsure,unsure,True,1.0,unsure
,TUK7DSEX,Is Additive Manufacturing of Dental Zirconia Comparable to Subtractive Methods When Considering Printing Orientation and Layer Thickness? A Systematic Review and Meta-Analysis,exclude,exclude,exclude,True,1.0,exclude
,FVXUA272,Augmented Reality-Assisted Surgical Exposure of an Impacted Tooth: A Pilot Study,unsure,include,include,False,0.6666666666666666,include
,TTVQARQ2,A Novel Virtual Planned-Orthodontic-Surgical Approach for Proportional Condylectomy in Condylar Hyperplasia,unsure,include,include,False,0.6666666666666666,include
,MY7LE3CF,Prediction of the bone volume for sinus augmentation through 3-dimensional analysis,include,include,include,True,1.0,include
,B4ND95YE,Computational pathology-based artificial intelligence platform for the identification of common oral potentially malignant disorders,exclude,exclude,exclude,True,1.0,exclude
,8S9QIETS,SPMMSegNet: self-parameterization multi-scale mesh segmentation network for tooth identification,unsure,unsure,unsure,True,1.0,unsure
,FY3BNMHZ,Automatic segmentation of the midfacial bone surface from ultrasound images using deep learning methods,unsure,exclude,exclude,False,0.6666666666666666,exclude
,FAY7UP65,Impact of marginal defects on the accuracy of automated finish line detection in tooth preparation,unsure,unsure,unsure,True,1.0,unsure
,6Q7XWKSI,Revolutionizing Dental Implant Research: A Systematic Review on Three-Dimensional In Vitro Models,exclude,exclude,exclude,True,1.0,exclude
,54YNGPW3,Synchrotron microtomography applied to the volumetric analysis of internal structures of Thoropa miliaris tadpoles,exclude,exclude,exclude,True,1.0,exclude
,ZKMI2LI4,Relationship between maxillofacial asymmetry and cranial base morphology in patients with jaw deformities: a three-dimensional computed tomography analysis,unsure,unsure,unsure,True,1.0,unsure
,GAZX5M5Q,Machine-Learning-Based Spectral Modeling: A Biomimetic Guide for Enhancing Esthetics,unsure,unsure,unsure,True,1.0,unsure
,JQCSKKEU,Computational hybrid analysis of drug diffusion in three-dimensional domain with the aid of mass transfer and machine learning techniques,exclude,exclude,exclude,True,1.0,exclude
,J9FU9DVK,Emerging Technologies in the Treatment of Orbital Floor Fractures: A Systematic Review,exclude,exclude,exclude,True,1.0,exclude
,ED4NLMLY,Restoring Mandibular Anatomy After Complex Trauma: Clinical Applications of a Statistical Shape Model,include,unsure,unsure,False,0.6666666666666666,unsure
,5EV82UG8,Tomographic similarity scan with a computed modified absolute mandibular midsagittal plane for precise and objective localization of mandibular asymmetry,unsure,unsure,unsure,True,1.0,unsure
,HFL89TH9,A mixed reality-based navigation method for dental implant navigation method: A pilot study,unsure,unsure,unsure,True,1.0,unsure
,TRMR5FNJ,Dynamic energy control in photopolymerization: Achieving uniform overcure and high dimensional accuracy for dental applications,unsure,unsure,unsure,True,1.0,unsure
,M7P5EH6Q,Automatic three-dimensional facial symmetry reference plane construction based on facial planar reflective symmetry net,unsure,unsure,unsure,True,1.0,unsure
,NUN2T7K6,Inter- and intraindividual variability in virtual single-tooth implant positioning,unsure,unsure,unsure,True,1.0,unsure
,I7Y67RM9,ToothFormer: A Region-Adaptive and Axis-Aware Transformer Network for Precise 3D CBCT Tooth Segmentation,unsure,unsure,unsure,True,1.0,unsure
,7RTUS649,Accuracy of dynamic computer-assisted implant surgery in fully edentulous patients: An in vitro study,unsure,unsure,unsure,True,1.0,unsure
,U6NMXLSS,"Integration of imaging modalities in digital dental workflows - possibilities, limitations, and potential future developments",unsure,unsure,unsure,True,1.0,unsure
,AN2LBDKB,Custom design of a temporomandibular joint prosthesis: A kinematic approach evaluated by finite element analysis,include,unsure,unsure,False,0.6666666666666666,unsure
,WVHHNQX4,Personalized 3D-printed TDM/ZrO2 scaffolds laden with iPSC-derived SOX9+sclerotomal progenitors for functional osteochondral regeneration,exclude,exclude,exclude,True,1.0,exclude
,KAMJ6MSW,Comparison of Fracture Load of the Four Translucent Zirconia Crowns,include,include,include,True,1.0,include
,UEHCEHSN,A Three-Year Prospective Study Comparing Stereolithography Printed Models to Classical Impression and Plaster Cast Models in Orthodontic Therapy: A 3D Objectification Approach,unsure,unsure,unsure,True,1.0,unsure
,4G52S4T5,3D platform to control orientations of periodontal ligament in periodontal defects in canine model: Pilot study,unsure,unsure,unsure,True,1.0,unsure
,U2VNRQWT,Accuracy of face scan-based virtual facebow records: A comparison between two registration methods,unsure,include,include,False,0.6666666666666666,include
,SM9U5C7J,Deep convolutional neural network algorithm for the automatic segmentation of oral potentially malignant disorders and oral cancers,exclude,exclude,exclude,True,1.0,exclude
,9989PWZK,"Influence of silica nanoparticle sedimentation on the mechanical, surface properties and trueness of DLP-printed dental resin",unsure,unsure,unsure,True,1.0,unsure
,PGQJVZ2Y,3D Printing of a Patient-Specific Biomodel and Cutting Guide for Metatarsal Reconstruction With an Osteocutaneous SCIP Flap Using Open-Source Software: A Case Report,exclude,exclude,exclude,True,1.0,exclude
,9MIU7DNB,Influence of the surgical method used for lip closure on the shape of the maxillary arch: a retrospective 3D analysis of plaster models,unsure,unsure,unsure,True,1.0,unsure
,C5PL839F,Different biomechanical effects of clear aligners in closing maxillary and mandibular extraction spaces: Finite element analysis,unsure,unsure,unsure,True,1.0,unsure
,CFYFFKIC,A Multi-Task Learning V-Net Model for Working Length Prediction in Volumetric Dental Cone Beam Computed Tomography Images,unsure,unsure,unsure,True,1.0,unsure
,Z4QSLYRP,Preliminary clinical evaluation of traditional and a new digital PEEK occlusal splints for the management of sleep bruxism,unsure,unsure,unsure,True,1.0,unsure
,4KMVHT4D,Comparing Direct Measurements and Three-Dimensional (3D) Scans for Evaluating Facial Soft Tissue,unsure,unsure,unsure,True,1.0,unsure
,F54P2T5S,Designing a complete-arch digital trial tooth arrangement for completely edentulous patients by using an open-source CAD software program: A dental technique,include,include,include,True,1.0,include
,BDYVLJ3U,Dimensional Accuracy of Different Three-Dimensional Printing Models as a Function of Varying the Printing Parameters,include,include,include,True,1.0,include
,WBCEDXET,Modeling fracture in multilayered teeth using the finite volume-based phase field method,include,unsure,unsure,False,0.6666666666666666,unsure
,YLELC4FZ,Digital three-dimensional assessment of free gingival graft remodeling over 12 months,unsure,unsure,unsure,True,1.0,unsure
,9CQF4EX6,Automatic multi-class classification of 3D relationships between the mandibular third molar and canal on cone-beam computed tomography using a geometry-aware network,unsure,unsure,unsure,True,1.0,unsure
,6DDWSR52,CBCT-Based 3D Assessment of Maxillary Sinus and Pharyngeal Airway in Unilateral Cleft Lip and Palate,include,include,include,True,1.0,include
,FQVDPA8S,Top-down design and fabrication with digital technology of removable partial dentures incorporating custom abutments: A dental technique,unsure,unsure,unsure,True,1.0,unsure
,EC9P5DI3,In Vivo Assessment of SED: A Novel Biomechanical Indicator for Periodontal Tissue Remodeling in Clear Aligner Therapy,unsure,unsure,unsure,True,1.0,unsure
,2CXB78BF,Influence of molding angle on the trueness and defects of removable partial denture frameworks fabricated by selective laser melting,unsure,unsure,unsure,True,1.0,unsure
,NI6YYPE6,Spatiotemporal transcriptomic maps of whole mouse embryos at the onset of organogenesis,exclude,exclude,exclude,True,1.0,exclude
,LCN8DHTV,Evaluation of Removable Partial Denture Metal Frameworks Produced by Digital Methods-A Systematic Review,exclude,exclude,exclude,True,1.0,exclude
,QLD6QTJK,Shape-adaptive magnetic field-assisted batch polishing of three-dimensional surfaces,exclude,exclude,exclude,True,1.0,exclude
,PWK5Z86Q,AI-driven automation of occlusal surface design in digital prosthodontics: a clinically validated workflow,unsure,unsure,unsure,True,1.0,unsure
,6DBVHM5M,A micro-CT-integrated 3D simulation framework reveals fluid transport mechanisms and void dynamics in root canal biomaterials,unsure,unsure,unsure,True,1.0,unsure
,8449LS23,A digital workflow for fabrication of a 3D-printed definitive obturator prosthesis and a preliminary evaluation of its clinical adaptation: A randomized self-controlled study,unsure,unsure,unsure,True,1.0,unsure
,GXJQYRBP,Optimization of Digital Light Processing Three-Dimensional Printing of the Removable Partial Denture Frameworks; The Role of Build Angle and Support Structure Diameter,include,include,include,True,1.0,include
,K8IC6T9C,A comparative study of bone remodeling around hydroxyapatite-coated and novel radial functionally graded dental implants using finite element simulation,include,unsure,unsure,False,0.6666666666666666,unsure
,UZEPFW5V,Guided Surgery with 3D Printed Device: A Case Report,unsure,unsure,unsure,True,1.0,unsure
,SWW7KEJ8,Estimation of coronary artery movement using a non-rigid registration with global-local structure preservation,exclude,exclude,exclude,True,1.0,exclude
,3LP7326M,Type of maxillary segment mobilization affects three-dimensional nasal morphology,unsure,unsure,unsure,True,1.0,unsure
,ZCPKAJMR,Development of a 3D CNN-based AI Model for Automated Segmentation of the Prostatic Urethra,exclude,exclude,exclude,True,1.0,exclude
,56EZEDCR,Development of multi-physics calculation method in lead cooled fast reactor code system MOSASAUR,exclude,exclude,exclude,True,1.0,exclude
,WYM2M69G,First steps of a digital workflow to build up a virtual articulator using open-source Autodesk Meshmixer software,include,include,include,True,1.0,include
,4SX8KTJM,A New Method to Evaluate Trueness and Precision of Digital and Conventional Impression Techniques for Complete Dental Arch,unsure,unsure,unsure,True,1.0,unsure
,E97IPCII,Accuracy of upper airway volume measurements using different software products: a comparative analysis,include,include,include,True,1.0,include
,HGZFPPWP,Implications of Three-Dimensional Cell Culture in Cancer Therapeutic Research,exclude,exclude,exclude,True,1.0,exclude
,FFCB7QN3,In-vivo evaluation of Artificial Intelligence Driven Remote Monitoring technology for tracking tooth movement and reconstruction of 3-dimensional digital models during orthodontic treatment,include,include,include,True,1.0,include
,7WWWDUCV,A Web-Based Rendering Application for Communicating Dental Conditions,unsure,unsure,unsure,True,1.0,unsure
,FJHBG6RW,Fully automated condyle segmentation using 3D convolutional neural networks,unsure,unsure,unsure,True,1.0,unsure
,EXVEHKU3,Advances in the Resection and Reconstruction of Midfacial Tumors Through Computer Assisted Surgery,unsure,unsure,unsure,True,1.0,unsure
,G5QKVLPU,The CNN model aided the study of the clinical value hidden in the implant images,unsure,unsure,unsure,True,1.0,unsure
,DXKTSK7K,Artificial intelligence and augmented reality for guided implant surgery planning: A proof of concept,include,include,include,True,1.0,include
,MZH3CXYR,A digital workflow for pair matching of maxillary anterior teeth using a 3D segmentation technique for esthetic implant restorations,unsure,unsure,unsure,True,1.0,unsure
,PRJIHEU3,Reconstruction of dental roots for implant planning purposes: a feasibility study,include,include,include,True,1.0,include
,7SPMCGS2,Force-Driven Model for Automated Clear Aligner Staging Design Based on Stepwise Tooth Displacement and Rotation in 3D Space,unsure,unsure,unsure,True,1.0,unsure
,TYPEDT2Z,Video-based craniomaxillofacial disease screening system,unsure,unsure,unsure,True,1.0,unsure
,UZ78FSLR,Programmable delayed-release container system (PDRCS) for chronotherapeutic delivery: application in personalized treatment for Addison's disease,exclude,exclude,exclude,True,1.0,exclude
,Y7AJ5J7V,Accuracy of Soft Tissue Prediction in Skeletal Type III Relationship Using a Computer-Aided Three-Dimensional Surgical Simulation Planning Program,unsure,unsure,unsure,True,1.0,unsure
,A94JIKBB,Automatic Segmentation of the Infraorbital Canal in CBCT Images: Anatomical Structure Recognition Using Artificial Intelligence,include,include,include,True,1.0,include
,3KLNEKRB,Realizing in-house algorithm-driven free fibula flap set up within 24 hours: a pilot study evaluating accuracy with open-source tools,include,include,include,True,1.0,include
,S3XDHQ38,Mineralized osteoblast-derived exosomes and 3D-printed ceramic-based scaffolds for enhanced bone healing: A preclinical exploration,exclude,exclude,exclude,True,1.0,exclude
,WIXBHXCN,The use of mixed reality in dentistry,unsure,unsure,unsure,True,1.0,unsure
,YUDAP2TL,Effect of industrial scanner and framework material interaction on the marginal gaps of CAD-CAM complete arch implant frameworks,unsure,exclude,exclude,False,0.6666666666666666,exclude
,IIQPEHZZ,The effect of the digital manufacturing technique of cantilevered implant-supported frameworks on abutment screw preload,unsure,unsure,unsure,True,1.0,unsure
,ST5CQ9CH,Deep Active Learning for Automatic Segmentation of Maxillary Sinus Lesions Using a Convolutional Neural Network,unsure,unsure,unsure,True,1.0,unsure
,FUMHC8Y2,Toward Quieter Dental Devices: Transient CFD Simulation of Airflow and Noise in Air Turbine Handpieces,include,unsure,include,False,0.6666666666666666,include
,ZFEP26RP,A User-Friendly Protocol for Mandibular Segmentation of CBCT Images for Superimposition and Internal Structure Analysis,include,include,include,True,1.0,include
,HF33Z57F,3D-Printed Drug-Loaded Composite Scaffolds to Promote Osteogenesis and Antibacterial Activity,exclude,exclude,exclude,True,1.0,exclude
,QV2TI6LM,Numerical and Machine-Aided Experimental Models for Simulating the 3D Compliance of a Toothbrush,exclude,exclude,exclude,True,1.0,exclude
,ARSEKXEW,Low-Profile Electromagnetic Field Sensors in the Measurement and Modelling of Three-Dimensional Jaw Kinematics and Occlusal Loading,include,unsure,unsure,False,0.6666666666666666,unsure
,SP7TFWTM,Automatic landmark identification in cone-beam computed tomography,include,include,include,True,1.0,include
,7G3HL3T5,Personalized oral drug delivery via FDM 3D printing: Polyvinyl alcohol capsules with tunable release profiles supported by in silico modeling,exclude,exclude,exclude,True,1.0,exclude
,BTRBWGA4,CBCT-based volumetric assessment of the maxillary sinus in temporomandibular disorder: Integration of morphometric analysis and classical machine learning classification,include,include,include,True,1.0,include
,XU88YICI,Anthropometric? accuracy of three-dimensional average faces compared to conventional facial measurements,unsure,unsure,unsure,True,1.0,unsure
,F6AW7R93,Effect of preparation designs and CAD-CAM materials on step-stress fatigue survival of premolar partial coverage restorations: An in-vitro study with fractographic analysis,unsure,unsure,unsure,True,1.0,unsure
,9NQ8BFIU,Optimization of print parameters for batch and continuous manufacturing of three-dimensional (3D) printed dosage forms using artificial intelligence and machine learning,exclude,exclude,exclude,True,1.0,exclude
,HP84IX5R,Iso-parametric path planning to mitigate wheel wear in grinding of complex dental crowns,unsure,unsure,unsure,True,1.0,unsure
,8N6EAFDZ,"Novel Three-Dimensional Preclinical Model for Investigating Cartilage Regeneration, Incorporating Physiological and Pathological Mechanical Loading",unsure,unsure,unsure,True,1.0,unsure
,C4T4CYED,Accuracy and surface roughness of Co-Cr partial denture frameworks with different fabrication methods,include,include,include,True,1.0,include
,QKDBXA6L,One-Pot Crosslinking Enables 3D Printing of Shear-Recovery Fish Collagen VEGF-Functionalized Inks,exclude,exclude,exclude,True,1.0,exclude
,TJ6WXLRY,Recent advances in 3D models of the nervous system for neural regeneration research and drug development,exclude,exclude,exclude,True,1.0,exclude
,5LFW4IMR,"Influence of Framework Material on Stress, Fatigue, and Stability of “All-on-Four” System Components-Biomechanical Evaluation with Finite Element Analysis",unsure,unsure,unsure,True,1.0,unsure
,S8P6WG4Y,Fit Accuracy of Cobalt-Chromium and Polyether Ether Ketone Prosthetic Frameworks Produced Using Digital Techniques: In Vitro Pilot Study,include,include,include,True,1.0,include
,QIEFEE8C,Advancements in Microfluidic Organ-on-a-chip for Oral Medicine,exclude,exclude,exclude,True,1.0,exclude
,ISR8FR7L,Automatic detection of mandibular fractures on CT scan using deep learning,unsure,unsure,unsure,True,1.0,unsure
,863TCEA7,Using the Finite Element Method to Determine the Odonto-Periodontal Stress for a Patient with Angle Class II Division 1 Malocclusion,include,include,include,True,1.0,include
,TCEB4QZU,An innovative AI-based dual segmentation application for head surgery,unsure,unsure,unsure,True,1.0,unsure
,VK8QS8J5,A mathematical algorithm of the facial symmetry plane: Application to mandibular deformity 3D facial data,unsure,unsure,unsure,True,1.0,unsure
,G4EY4CPT,Evaluation of ortogonblender software bone movement tools in bimaxillary orthognatic surgeries performed in dolphin software,include,include,include,True,1.0,include
,MRYJYM5I,Comparison of Implant Surgery Methods of Cortical Tapping and Cortical Widening in Bone of Various Density: A Three-Dimensional Finite Element Study,unsure,unsure,unsure,True,1.0,unsure
,8B728BRE,Enhancing bone tissue engineering with 3D-Printed polycaprolactone scaffolds integrated with tragacanth gum/bioactive glass,exclude,exclude,exclude,True,1.0,exclude
,2K22USSR,3D Printing Technology with Reverse Guide Design in Autogenous Tooth Transplantation: An in vitro Pictorial Report,include,include,include,True,1.0,include
,BE4J6VLI,Bridging Gaps in Oral Mucosa Regeneration: Advances and Challenges,exclude,exclude,exclude,True,1.0,exclude
,X4EJBTIQ,Three-Dimensional Quantitative Analysis of Maxillary Arch Morphology Across Sagittal and Vertical Skeletal Patterns,unsure,unsure,unsure,True,1.0,unsure
,5XKK24MF,SALD-Net: Self-attention-integrated LiDAR-based 3D object detection network in a crowded hospital environment,exclude,exclude,exclude,True,1.0,exclude
,HSRHKBRU,Computational Evaluation of Stress Distribution in Endocrown-Restored Immature Mandibular Molars: A Finite Element Approach,unsure,unsure,unsure,True,1.0,unsure
,QPKNWM98,Single implant retained overdentures: Evaluation of effect of implant length and diameter on stress distribution by finite element analysis,include,include,include,True,1.0,include
,XIPF9RSI,"Use of Advanced Artificial Intelligence in Forensic Medicine, Forensic Anthropology and Clinical Anatomy",unsure,exclude,exclude,False,0.6666666666666666,exclude
,P2QVBDUM,SFI-ensemble: Sugeno fuzzy integral-based ensemble of CNN models with meta-heuristic fuzzy measures for mouth and oral disease detection,exclude,exclude,exclude,True,1.0,exclude
,PKJDLVCU,Deep learning driven segmentation of maxillary impacted canine on cone beam computed tomography images,unsure,unsure,unsure,True,1.0,unsure
,JCMKQXDT,"Comparison of the accuracy of static and dynamic computer-assisted implant surgery in extraction sockets, encased healed sites, and distal extension: an in vitro study",unsure,unsure,unsure,True,1.0,unsure
,IJPECLF6,Volumetric Imaging of Ex Vivo Oral Mucosa Specimens with Multi-Scale Wide Field-of-View Optical Coherence Tomography/Microscopy in Near-Infrared-II Window,exclude,exclude,exclude,True,1.0,exclude
,E58E5TQR,Finite Element Analysis of Endocrown and Post-and-Core Abutments for Removable Partial Dentures with Different Framework Materials,unsure,unsure,unsure,True,1.0,unsure
,QYXA5YVP,Three-dimensional finite element analysis of zygomatic and pterygoid implants for the rehabilitation of severely atrophic maxilla,include,unsure,unsure,False,0.6666666666666666,unsure
,PRQRZMAW,The effect of mandibular flexure on the design of implant-supported fixed restorations of different facial types under two loading conditions by three-dimensional finite element analysis,include,include,include,True,1.0,include
,FUZY7784,Adaptive Point Learning with Uncertainty Quantification to Generate Margin Lines on Prepared Teeth,unsure,unsure,unsure,True,1.0,unsure
,ZKA8VNG5,Biomechanical Behavior of Different Framework and Superstructure Material Combinations in Two-Implant-Supported Four-Unit Prostheses: A Dynamic Finite Element Analysis,include,include,include,True,1.0,include
,TD2LKENZ,Effect of customized abutment taper configuration on bone remodeling and peri-implant tissue around implant-supported single crown: A 3D nonlinear finite element study,include,unsure,unsure,False,0.6666666666666666,unsure
,HHCIIZVZ,Dental software classification and dento-facial interdisciplinary planning platform,exclude,unsure,unsure,False,0.6666666666666666,unsure
,CZB4EPYR,Influence of Different Fabrication Techniques on the Accuracy of Radiographic Scan Templates in Cases of Full-Arch Computer-Guided Implant Placement: An In Vitro Study,unsure,unsure,unsure,True,1.0,unsure
,D6RW4EIJ,Advances in tissue engineering of cancer microenvironment-from three-dimensional culture to three-dimensional printing,exclude,exclude,exclude,True,1.0,exclude
,IMWMACDT,Reconstruction of the orbitozygomatic framework: State of the art and perspectives,exclude,exclude,exclude,True,1.0,exclude
,7WMFPMLG,Application of Clinical-Experimental-Clinical Teaching Model for Specialist Training in Dentistry,unsure,exclude,exclude,False,0.6666666666666666,exclude
,ANWLRCES,Effect of Drill Handle Force Applied to Digital Surgical Guides on Implant Deviation: An In Vitro Study,unsure,unsure,unsure,True,1.0,unsure
,CEKADZUV,Ideal placement of an implant considering the positional relationship to an opposing tooth in the first molar region: a three-dimensional finite element analysis,unsure,unsure,unsure,True,1.0,unsure
,BBL9T48I,Biomimetic 3D-printed gyroid scaffolds with versatile bioactive coatings for complex craniomaxillofacial bone regeneration,unsure,unsure,unsure,True,1.0,unsure
,HWDWK85G,ChatIOS: Improving automatic 3-dimensional tooth segmentation via GPT-4V and multimodal pre-training,unsure,unsure,unsure,True,1.0,unsure
,PKH8V7FJ,"Guidance on biomaterials for periodontal tissue regeneration: Fabrication methods, materials and biological considerations",exclude,exclude,exclude,True,1.0,exclude
,TPS8WUC4,Hybrid Photometric-Geometric 3D Reconstruction Framework for Manufacturing-Oriented Assessment of Tablet Surface CQAs under PAT/RTRT,exclude,exclude,exclude,True,1.0,exclude
,F6T9LBCV,Automatic virtual reconstruction of maxillofacial bone defects assisted by ICP (iterative closest point) algorithm and normal people database,unsure,unsure,unsure,True,1.0,unsure
,SUL3GW4D,MarginView3D: A Novel Software Enabling Comprehensive Three-Dimensional Surgical Pathology Documentation for Improved Intra- and Postoperative Cancer Care,unsure,unsure,unsure,True,1.0,unsure
,ESV2FGUS,Accuracy of marginal fit of an implant-supported framework fabricated by 3D printing versus subtractive manufacturing technique: A systematic review and meta-analysis,exclude,exclude,exclude,True,1.0,exclude
,9JSCSSTS,ALPACA: A fast and accurate computer vision approach for automated landmarking of three-dimensional biological structures,exclude,exclude,exclude,True,1.0,exclude
,NRQWXAHU,Clinically Oriented CBCT Periapical Lesion Evaluation via 3D CNN Algorithm,unsure,unsure,unsure,True,1.0,unsure
,CL73C5HV,Study on fracture behavior of molars based on three-dimensional high-precision computerized tomography scanning and numerical simulation,include,unsure,unsure,False,0.6666666666666666,unsure
,DA9LWSBD,Motion correction for separate mandibular and cranial movements in cone beam CT reconstructions,unsure,unsure,unsure,True,1.0,unsure
,KJI2CQKC,Identifying Sources of Error in Computer-Navigated Total Knee Arthroplasty Using Sensitivity Analyses in Knee Models,exclude,exclude,exclude,True,1.0,exclude
,763Y5L3L,Digital planning and decision making for severe congenital oligodontia with Angle class-III malocclusion,unsure,unsure,unsure,True,1.0,unsure
,BV6NW2AU,Efficient high cone-angle artifact reduction in circular cone-beam CT using deep learning with geometry-aware dimension reduction,exclude,exclude,exclude,True,1.0,exclude
,VW2QVI5W,A graph neural network framework for mapping histological topology in oral mucosal tissue,exclude,exclude,exclude,True,1.0,exclude
,D4HHNVLC,Three-dimensional semi-automated volumetric assessment of the pulp space of teeth following regenerative dental procedures,include,include,include,True,1.0,include
,HTRWWCZV,Virtual surgical planning for maxillary reconstruction with the scapular free flap: An evaluation of a simple cutting guide design,include,include,include,True,1.0,include
,7JHTAFTR,A structure-based framework for selective inhibitor design and optimization,exclude,exclude,exclude,True,1.0,exclude
,JJLD3ERQ,Optimization of 3D network topology for bioinspired design of stiff and lightweight bone-like structures,exclude,exclude,exclude,True,1.0,exclude
,7BI6E9GT,A High-Fidelity Framework for 3D Dental Crown Reconstruction Using Intraoral Images,include,unsure,unsure,False,0.6666666666666666,unsure
,M5KL88SX,Development of a Preliminary Diagnostic Tool for the Segmentation of Benign Jaw Lesions in CBCT Images Using nnU-Net v2: An Artificial Intelligence-Based Approach,unsure,unsure,unsure,True,1.0,unsure
,A3GV56C7,Spatiotemporal mechanical stimuli from dental crypt during tooth development: An integrated experimental and computational study,unsure,unsure,unsure,True,1.0,unsure
,NCZWT798,Injectable and 3D-printed hydrogels: State-of-the-art platform for bone regeneration in dentistry,exclude,exclude,exclude,True,1.0,exclude
,GR9RRNIC,Interactive Holographic Reconstruction of Dental Structures: A Review and Preliminary Design of the HoloDent3D Concept,exclude,exclude,exclude,True,1.0,exclude
,F4LGBXJS,Fully automated evaluation of condylar remodeling after orthognathic surgery in skeletal class II patients using deep learning and landmarks,unsure,unsure,unsure,True,1.0,unsure
,AT4W22NR,Deep learning-based dental implant recognition using synthetic X-ray images,unsure,unsure,unsure,True,1.0,unsure
,QEMKGCHF,Effect of 3D-Printer Technology on the Trueness of Digital Analog Positions in Digital Implant Models: In Vitro Study,unsure,unsure,unsure,True,1.0,unsure
,4JY485Q3,Biomechanical evaluation of customized root implants in alveolar bone: A comparative study with traditional implants and natural teeth,unsure,unsure,unsure,True,1.0,unsure
,2BV2IGAI,Training-free open-set 3D inventory of transportation infrastructure by combining point clouds and images,exclude,exclude,exclude,True,1.0,exclude
,F6V9KWK9,Sivan classification system for diagnosis of jaw lesions based on visual volumetric analysis of 3-dimensional cone-beam computed tomographic images,unsure,unsure,unsure,True,1.0,unsure
,BYIE23L8,Biomechanical behavior of temporomandibular joint movements driven by mastication muscles,unsure,unsure,unsure,True,1.0,unsure
,FKV4VQYX,Artificial intelligence-based CBCT segmentation in the presence of metallic artefacts for 3D virtual orofacial patient generation,unsure,unsure,unsure,True,1.0,unsure
,G2CIWA2W,Biomechanical simulation of segmented intrusion of a mandibular canine using Robot Orthodontic Measurement & Simulation System (ROSS),unsure,unsure,unsure,True,1.0,unsure
,8C8WFEA9,"3D-printed platform multi-loaded with bioactive, magnetic nanoparticles and an antibiotic for re-growing bone tissue",exclude,exclude,exclude,True,1.0,exclude
,WRE7G4MD,Dose Titration of Solid Dosage Forms via FDM 3D-Printed Mini-Tablets,exclude,exclude,exclude,True,1.0,exclude
,73S4AEG3,Application of electron beam melting in pure titanium crown fabrication: An investigation of dimensional accuracy,unsure,unsure,unsure,True,1.0,unsure
,9B9AU6TU,Three-dimensional complementary breast ultrasound (3D CBUS): Improving 3D spatial resolution uniformity with orthogonal images,exclude,exclude,exclude,True,1.0,exclude
,GK77S9CY,Feature extraction for margin lines using region growing with a dynamic weight function in a one-point bidirectional path search,unsure,unsure,unsure,True,1.0,unsure
,ZVDKQB3K,A 3D bioreactor model to study osteocyte differentiation and mechanobiology under perfusion and compressive mechanical loading,exclude,exclude,exclude,True,1.0,exclude
,D5L7WJVT,A completely digital workflow for PEEK removable partial dentures: A preliminary clinical study,unsure,unsure,unsure,True,1.0,unsure
,A42J5F8W,Transverse Maxillary Correction: Leaf Expander vs. Rapid Maxillary Expansion Appliances-A Systematic Review and Meta-Analysis,exclude,exclude,exclude,True,1.0,exclude
,6BY72ZIY,Assessment of the application of a novel three-dimension printing individualized titanium mesh in alveolar bone augmentation: A retrospective study,unsure,unsure,unsure,True,1.0,unsure
,X26HCEJR,AI-Assisted Fusion Technique for Orthodontic Diagnosis Between Cone-Beam Computed Tomography and Face Scan Data,unsure,unsure,unsure,True,1.0,unsure
,U3JKMSXD,Precise Point Set Registration Based on Feature Fusion,unsure,unsure,unsure,True,1.0,unsure
,AULZ2CKN,"Does crown, root, and bone visualization in a clear aligner virtual setup impact treatment decisions?",unsure,unsure,unsure,True,1.0,unsure
,J5XU7G3J,Oral CT Image Processing Based on Oral CT Image Filtering Algorithm,unsure,unsure,unsure,True,1.0,unsure
,NM44QWCY,"Preclinical 3D-printed laboratory simulation of deep caries and the exposed pulp reduced student anxiety and stress, while increasing confidence and knowledge in vital pulp treatment",unsure,unsure,unsure,True,1.0,unsure
,3CNP52WQ,Preparation of Porous Titanium Dental Implant by 3D Printing/Composite Coating and Its Biomechanical Properties and Flexural Strength,unsure,unsure,unsure,True,1.0,unsure
,9TZHBXIG,"Digitally Fabricated Dentures for Full Mouth Rehabilitation with Zirconia, Polyetheretherketone and Selective Laser Melted Ti-6Al-4V Material",unsure,unsure,unsure,True,1.0,unsure
,8LJI9ZZH,Effect of Mandibular Advancement on Condylar Remodelling of Class II Malocclusion Adolescent Patients With or Without Anterior Disc Displacement: A Retrospective Study,include,include,include,True,1.0,include
,WZY8BEYH,A computational approach to automated dental implant placement: Bone density optimization around the implant with the Levenberg-Marquardt algorithm,unsure,unsure,unsure,True,1.0,unsure
,F8TYCA8W,Innervation of the tubarial glands: A hypothesis-driven anatomical review,exclude,exclude,exclude,True,1.0,exclude
,977YT8IH,Hierarchical Chitin Nanocrystal-Based 3D Printed Dual-Layer Membranes Hydrogels: A Dual Drug Delivery Nano-Platform for Periodontal Tissue Regeneration,unsure,unsure,unsure,True,1.0,unsure
,PCL6JTNN,Assessment of temperature effects on photopolymer resin dental prosthetics fabricated by stereolithography using optical coherence tomography,unsure,unsure,unsure,True,1.0,unsure
,IP9HNSDB,Local mechanical stresses can explain the mechanoregulation of bone healing after mandibular reconstruction: an in silico study,include,unsure,unsure,False,0.6666666666666666,unsure
,L9G9SLBY,Automatic tooth periodontal ligament segmentation of cone beam computed tomography based on instance segmentation network,unsure,unsure,unsure,True,1.0,unsure
,9H75HRKJ,Identifying Lymph Nodes and Their Statuses from Pretreatment Computer Tomography Images of Patients with Head and Neck Cancer Using a Clinical-Data-Driven Deep Learning Algorithm,exclude,exclude,exclude,True,1.0,exclude
,J277RC4P,Effect of Different Implant-Abutment Mismatches on Stress Distribution: A 3-Dimensional Finite Element Study,include,include,include,True,1.0,include
,YMNS9BRY,Convergence of 3D printed biomimetic wound dressings and adult stem cell therapy,exclude,exclude,exclude,True,1.0,exclude
,ILRPW2I6,Nanobiotechnological approaches for breast cancer Management: Drug delivery systems and 3D In-Vitro models,exclude,exclude,exclude,True,1.0,exclude
,B88UY5CW,Retentive design of a small surgical guide for implant surgery: An in-vitro study,include,include,include,True,1.0,include
,I7Y42AG2,Fully Automated Mandibular Condyle Segmentation: More Detailed Extraction With Hybrid Customized SAM,unsure,unsure,unsure,True,1.0,unsure
,SA3TBA8Z,Accelerated denture base festooning using a free 3D modeling computer program: A dental technique,include,include,include,True,1.0,include
,E6VT69AR,The effect of ultrasonic tip working length on fluid dynamics in the root canal during the irrigation procedure: a computational fluid dynamics study,include,include,include,True,1.0,include
,KS6SA2QE,Assessment of All-in-focus Image Quality in Shape-from-focus Technique,exclude,exclude,exclude,True,1.0,exclude
,R8EQWNFC,RELATIONSHIP OF MASTOID PNEUMATIZATION AND AGE WITH COMPUTED TOMOGRAPHY MEASURED SPHENOID SINUS VOLUME,exclude,exclude,exclude,True,1.0,exclude
,9RG8ZHBS,A Novel Artificial Intelligence-Based Approach for Quantitative Assessment of Angiogenesis in the Ex Ovo CAM Model,exclude,exclude,exclude,True,1.0,exclude
,D9FTATP8,Clinical evaluation of a one-piece polyetheretherketone removable partial denture fabricated using a novel digital workflow: A self-controlled clinical trial,unsure,unsure,unsure,True,1.0,unsure
,D3BPMH84,TEANet: Automated tooth extraction and arrangement with tooth-level graph spatial transformation network,unsure,unsure,unsure,True,1.0,unsure
,QHQCR9ID,Biofabrication of an in-vitro bone model for Gaucher disease,exclude,exclude,exclude,True,1.0,exclude
,8ZIRPRCJ,Secondary Mandible Reconstruction with Computer-Assisted-Surgical Simulation and Patient-Specific Pre-Bent Plates: The Algorithm of Virtual Planning and Limitations Revisited,unsure,unsure,unsure,True,1.0,unsure
,V4SM7JXW,The effect of functionally graded materials on bone remodeling around osseointegrated trans-femoral prostheses,exclude,exclude,exclude,True,1.0,exclude
,YAJEWQLA,Characterizing the Impact of Spray Dried Particle Morphology on Tablet Dissolution Using Quantitative X-Ray Microscopy,exclude,exclude,exclude,True,1.0,exclude
,RTD3YEDF,Manufacturing accuracy and volumetric changes of stereolithography additively manufactured zirconia with different porosities,include,include,include,True,1.0,include
,PK5NX27J,Head and neck cancer organoids: a panoramic perspective from basic construction to clinical translation,exclude,exclude,exclude,True,1.0,exclude
,ZAPEW5KM,A Three-Dimensional Printed Polycaprolactone-Biphasic-Calcium-Phosphate Scaffold Combined with Adipose-Derived Stem Cells Cultured in Xenogeneic Serum-Free Media for the Treatment of Bone Defects,unsure,unsure,unsure,True,1.0,unsure
,9USBNQL3,Deep Learning-Based High-Frequency Ultrasound Skin Image Classification with Multicriteria Model Evaluation,exclude,exclude,exclude,True,1.0,exclude
,ARDP77U5,Automated cortical thickness measurement of the mandibular condyle head on CBCT images using a deep learning method,unsure,unsure,unsure,True,1.0,unsure
,B4MTQI84,neuroVIISAS-based construction of a stereotactic rhesus monkey brain atlas for connectome research,exclude,exclude,exclude,True,1.0,exclude
,UHQE3CS7,Characterizing orthodontic tooth movement in real time using dental monitoring scans: A pilot study,include,include,include,True,1.0,include
,RCGCVGYJ,SlicerMorph photogrammetry: an open-source photogrammetry workflow for reconstructing 3D models,exclude,exclude,exclude,True,1.0,exclude
,K7WRBECT,Postoperative assessment of forehead contouring in facial feminization surgery,unsure,unsure,exclude,False,0.6666666666666666,unsure
,U4EFVD3N,Bioprinting on 3D Printed Titanium Scaffolds for Periodontal Ligament Regeneration,unsure,unsure,unsure,True,1.0,unsure
,9RK8X4SA,A 3D In-vitro model of the human dentine interface shows long-range osteoinduction from the dentine surface,unsure,unsure,unsure,True,1.0,unsure
,MBMSHJXN,A novel artificial intelligence-powered tool for automated root canal segmentation in single-rooted teeth on cone-beam computed tomography,unsure,unsure,unsure,True,1.0,unsure
,R7TJEP7M,Fracture strength of different veneers on polyetheretherketone (PEEK) frameworks in implant-supported single crowns,unsure,unsure,unsure,True,1.0,unsure
,IE7RDNAX,Cartilage repair: unleashing PRP's potential in organoid models,exclude,exclude,exclude,True,1.0,exclude
,KI9W5W7K,Segmentation of the upper airway using deep learning - nnUNet,include,include,include,True,1.0,include
,CWY7AMZN,Precision of a Hand-Held 3D Surface Scanner in Dry and Wet Skeletal Surfaces: An Ex Vivo Study,include,include,include,True,1.0,include
,5VZHCJ2Y,Extrusion-Based Printing of Nanostructured Fatty Acid Gels Incorporated in Hydrogels,exclude,exclude,exclude,True,1.0,exclude
,EGWMCCEH,Effects of a Novel Dexamethasone Hydrogel Drug Delivery System on Cytokine and Mucin Expression in a Three-Dimensional In Vitro Conjunctival Inflammation Model,exclude,exclude,exclude,True,1.0,exclude
,NF7ZX4PJ,In Vitro Comparison of Internal and Marginal Adaptation between Printed and Milled Onlays,unsure,unsure,unsure,True,1.0,unsure
,68LCNUVN,Direct ink writing with dental composites: A paradigm shift toward sustainable chair-side production,unsure,unsure,unsure,True,1.0,unsure
,A2EJUB37,Adaptation of removable partial denture rest seats in prostheses made with selective laser sintering or casting techniques: A randomized clinical trial,unsure,unsure,unsure,True,1.0,unsure
,WS7EVNAT,Effect of platform design of dental implant abutment on loosening and fatigue performance,unsure,unsure,unsure,True,1.0,unsure
,3RU3YSFY,Deep reinforcement learning for efficient registration between intraoral-scan meshes and CT images,unsure,unsure,unsure,True,1.0,unsure
,59C32I24,Digital application of three-dimensional diagnosis and treatment with a virtual articulator,unsure,unsure,unsure,True,1.0,unsure
,SV83KBN8,Micro-CT analysis of marginal and internal fit of milled and pressed polyetheretherketone single crowns,unsure,unsure,unsure,True,1.0,unsure
,CCQTZ6RH,Association between diabetes and pulp stone prevalence and morphological characteristics: a CBCT-based retrospective study,include,include,include,True,1.0,include
,DCJH8XKA,Etched 3D-Printed Polycaprolactone Constructs Functionalized with Reduced Graphene Oxide for Enhanced Attachment of Dental Pulp-Derived Stem Cells,unsure,exclude,exclude,False,0.6666666666666666,exclude
,FSAV72S8,The Evolution of Jaw Kinematic Analysis: From Early Observations to Latest Technologies,exclude,exclude,exclude,True,1.0,exclude
,AR2J5ZEV,Canal-Net for automatic and robust 3D segmentation of mandibular canals in CBCT images using a continuity-aware contextual network,unsure,unsure,unsure,True,1.0,unsure
,H6N9BYSN,Finite-element analysis and optimization of the mechanical properties of polyetheretherketone (PEEK) clasps for removable partial dentures,exclude,exclude,exclude,True,1.0,exclude
,JG3WXI76,Development and Optimization of 3D-Printed Orally Dissolving Films of Vitamin D3 Using a Quality by Design Approach,exclude,exclude,exclude,True,1.0,exclude
,ST9LNB5B,"Biomechanical effects of digitally constructed titanium, modified polyetheretherketone, and polyetherketoneketone subperiosteal implants on atrophied maxilla: a finite element analysis",include,include,include,True,1.0,include
,SA5CK9Q5,"Clinical Applications of Polyetheretherketone in Removable Dental Prostheses: Accuracy, Characteristics, and Performance",exclude,exclude,exclude,True,1.0,exclude
,FLQPFZX2,Unraveling the functional dark matter through global metagenomics,exclude,exclude,exclude,True,1.0,exclude
,7IYSLJJL,"TIP, TORQUE & ROTATIONS: How accurately do digital superimposition software packages quantify tooth movement?",unsure,unsure,unsure,True,1.0,unsure
,3DSGGH64,Augmented Reality of Anatomical Structures of the Maxillomandibular Complex for Learning Dental Radiographic Techniques,include,include,include,True,1.0,include
,VXGSB6P7,"Hierarchical 2D to 3D micro/nano-histology of human dental caries lesions using light, X-ray and electron microscopy",exclude,exclude,exclude,True,1.0,exclude
,2YP4TDQT,Comparison of CBCT radiation doses with conventional radiographs in TMJ imaging using Monte Carlo simulations,unsure,exclude,unsure,False,0.6666666666666666,unsure
,SXDKKLNE,Implant-Abutment Discrepancy Before and After Acrylic Resin Veneering of Complete-Arch Titanium Frameworks Manufactured Using Milling and Electron Beam Melting Technologies,unsure,unsure,unsure,True,1.0,unsure
,CKG49MIJ,Prosthesis repair of oral implants based on artificial intelligenc`e finite element analysis,unsure,unsure,unsure,True,1.0,unsure
,2M689Z2D,Influence of 3D-Printing Parameters and Characteristics of Complete Denture Bases on Evaluated Properties: A Scoping Review,exclude,exclude,exclude,True,1.0,exclude
,SWENGXTS,Fabrication of gelatin/sulfated hyaluronic acid/bioactive glass composite scaffolds coated with thylakoid for the synergistic treatment of ischemic osteonecrosis,exclude,exclude,exclude,True,1.0,exclude
,DNYZB3K8,MOPRP: Multiobjective optimization on preoperative robot placement for robot-assisted dental implant surgery,unsure,unsure,unsure,True,1.0,unsure
,PKG7FRXM,Color three-dimensional imaging based on patterned illumination using a negative pinhole array,exclude,exclude,exclude,True,1.0,exclude
,H4FRMVJT,In ovo model in cancer research and tumor immunology,exclude,exclude,exclude,True,1.0,exclude
,SW4RF9BF,An enhanced encoder-decoder network for temporomandibular joint segmentation in magnetic resonance images,unsure,unsure,unsure,True,1.0,unsure
,DEFPLRRS,Deep learning based approach: automated gingival inflammation grading model using gingival removal strategy,unsure,unsure,unsure,True,1.0,unsure
,3PQFLIYN,Effects of selective laser melting process parameters on the accuracy of the intaglio surface of maxillary removable partial denture frameworks,unsure,unsure,unsure,True,1.0,unsure
,KJX5QUTN,Accuracy of the Yakebot dental implant robotic system versus fully guided static computer-assisted implant surgery template in edentulous jaw implantation: A preliminary clinical study,unsure,unsure,unsure,True,1.0,unsure
,RLTJ6JCJ,Effect of Crestal Position on Bone-Implant Stress Interface of Three-Implant Splinted Prostheses: A Finite Element Analysis,unsure,unsure,unsure,True,1.0,unsure
,ZZLLLF5E,Brain Tumor Segmentation in Multimodal MRI Using U-Net Layered Structure,exclude,exclude,exclude,True,1.0,exclude
,HECHH8ZW,Comparison of Different Frameworks and Implant Angulations in All-On-Four and Six Concepts: A Finite Element Analysis,include,include,include,True,1.0,include
,HLYZT797,The accuracy of implant placement using a combination of static and dynamic computer-assisted implant surgery in fully edentulous arches: A prospective controlled clinical study,unsure,unsure,unsure,True,1.0,unsure
,KFG4F76J,DeAPIR: Efficient and Enhanced Dental Arch-Guided Panoramic Image Reconstruction from CBCT Data,include,include,unsure,False,0.6666666666666666,include
,JURF9NTK,Advantages of deep learning with convolutional neural network in detecting disc displacement of the temporomandibular joint in magnetic resonance imaging,exclude,exclude,exclude,True,1.0,exclude
,7HPXAV5X,AI-based 3D-QSAR model of FDA-approved repurposed drugs for inhibiting sclerostin,exclude,exclude,exclude,True,1.0,exclude
,R3X7T5XC,Fixation Pins Increase the Accuracy of Implant Surgery in Free-End Models: An In Vitro Study,unsure,unsure,unsure,True,1.0,unsure
,AXGUCU7Q,Minimizing inconsistencies in gray values in small field-of-view dental computed tomography by modulating reconstruction filter intensity: simulation study,unsure,unsure,unsure,True,1.0,unsure
,F5NVNXNI,Upper airway volumetry using CBCT: a critical review of methodological inconsistencies and open-source software applications,exclude,exclude,exclude,True,1.0,exclude
,CDF2J78D,Noninvasive Three-Dimensional In Situ and In Vivo Characterization of Bioprinted Hydrogel Scaffolds Using the X-ray Propagation-Based Imaging Technique,exclude,exclude,exclude,True,1.0,exclude
,AP8TXPRB,CAD-RADS scoring of coronary CT angiography with Multi-Axis Vision Transformer: A clinically-inspired deep learning pipeline,exclude,exclude,exclude,True,1.0,exclude
,VCEI47L3,Finite Element Analysis of Novaloc Attachments at Extreme Angulations and Arch Forms: A Specification Study,include,include,include,True,1.0,include
,CR3SB4FK,Fracture Resistance of Posterior Tooth-Supported Cantilever Fixed Dental Prostheses of Different Zirconia Generations and Framework Thicknesses: An In Vitro Study,unsure,unsure,unsure,True,1.0,unsure
,C6DR5SCA,Finite element analysis of welded titanium bar and poly ether ether ketone bar in maxillary full arch splinted interim prosthesis,unsure,unsure,unsure,True,1.0,unsure
,KUF4QW5A,A 3D-printed modular implant for extracellular recordings,exclude,exclude,exclude,True,1.0,exclude
,CHPWA376,Effect of supporting implants inclination on stability of fixed partial denture: A finite element study,include,unsure,unsure,False,0.6666666666666666,unsure
,4LLWL53K,Intraoral volume changes in relation to the hard tissue shape changes in asymmetric patients before and after orthognathic surgery- A retrospective CT study,unsure,unsure,unsure,True,1.0,unsure
,Y3QGEHSC,AI-Generated vs. Traditional STL Models in CBCT Imaging: A Pilot Study on Measurements Accuracy and Reliability,include,include,include,True,1.0,include
,S22NI99I,The impact of mixed reality training method on novice trainees of dental implants: an in vitro study,unsure,unsure,unsure,True,1.0,unsure
,3R7JMPF8,Improving interproximal surface reconstruction via artificial intelligence-based tooth segmentation with crown-root integrated models: A preliminary study,unsure,unsure,unsure,True,1.0,unsure
,4U5H6G63,A novel methodology for detecting separated endodontic instruments using a combination of algorithms in post-processing CBCT software,unsure,unsure,unsure,True,1.0,unsure
,WGEL3GJN,From Design to Application: Advanced Cellulose Scaffolds for Engineered Tissue Regeneration,exclude,exclude,exclude,True,1.0,exclude
,BN7QDGCL,Influence of reinforcement bar on accuracy of removable partial denture framework fabricated by casting with a 3D-printed pattern and selective laser sintering,unsure,unsure,unsure,True,1.0,unsure
,ZVIVQ3U8,Engineering 3D-Printed Strontium-Titanium Scaffold-Integrated Highly Bioactive Serum Exosomes for Critical Bone Defects by Osteogenesis and Angiogenesis,exclude,exclude,exclude,True,1.0,exclude
,ZZBMKRSQ,Facial surface tracing approach to reduce the observation errors in 3D curvilinear landmark annotations on cone-beam computed tomography images,unsure,unsure,unsure,True,1.0,unsure
,7PML7Y2A,Fabrication of Customized dental guide by stereolithography method and evaluation of dimensional accuracy with artificial neural networks,include,include,include,True,1.0,include
,ATX75SMI,Evaluation of trueness and precision of removable partial denture metal frameworks manufactured with digital technology and different materials,unsure,unsure,unsure,True,1.0,unsure
,5R8DUV5Q,Validation of a Biomechanical Injury and Disease Assessment Platform Applying an Inertial-Based Biosensor and Axis Vector Computation,exclude,exclude,exclude,True,1.0,exclude
,EEMNL36H,Clinical knowledge-guided hybrid classification network for automatic periodontal disease diagnosis in X-ray image,unsure,unsure,unsure,True,1.0,unsure
,XL3JASJW,"Seasonal dietary flexibility in the omnivorous raccoon dog (Nyctereutes procyonoides, Canidae) revealed by dental microwear texture analysis: Implications for paleoecology of canids☆",exclude,exclude,exclude,True,1.0,exclude
,PV2RKASC,Primary Exploration of the Clinical Application of 3D-Printed Complete Dentures,unsure,unsure,unsure,True,1.0,unsure
,7W7AW9ET,A Porcine Model Using Adipose Stem Cell-Loaded Scaffolds for Alveolar Ridge Augmentation,unsure,unsure,unsure,True,1.0,unsure
,5KJ9ZCAV,The precision of gingival recession measurements is increased by an automated curvature analysis method,unsure,unsure,unsure,True,1.0,unsure
,ASA8N7WW,"Automated classification of sagittal, vertical, and transverse malocclusions from 3D intraoral scans via a multi-head CNN framework",unsure,unsure,unsure,True,1.0,unsure
,6EQBH5FS,"Evaluation of the methods for determining accuracy of fit and precision of RPD framework in Digital (3D printed, milled) and conventional RPDs - a systematic review",exclude,exclude,exclude,True,1.0,exclude
,9JVIWUY9,"3D printing in biomedical engineering: Processes, materials, and applications",exclude,exclude,exclude,True,1.0,exclude
,N752LK7C,Mechanical Performance of a Monolithic 3D-Printed Orthodontic Bracket-Crown System: An In-Vitro Study,unsure,unsure,unsure,True,1.0,unsure
,WSEGYC4K,Digital implantology-a review of virtual planning software for guided implant surgery. Part II: Prosthetic set-up and virtual implant planning,exclude,exclude,exclude,True,1.0,exclude
,ULYRP2VM,Topology design and structural optimization of Co-Cr frameworks for implant-supported prostheses,unsure,unsure,unsure,True,1.0,unsure
,ZFERNRSM,A novel method of 3D printing locating guide for abutment screw removal in cement- retained implant-supported prostheses,unsure,unsure,unsure,True,1.0,unsure
,6CTFUQY4,Additively manufactured devices with varying designs and sizes for acquiring initial intraoral implant scans,unsure,unsure,unsure,True,1.0,unsure
,UF76VYHR,A comprehensive narrative review exploring the current landscape of digital complete denture technology and advancements,exclude,exclude,exclude,True,1.0,exclude
,HFHUWPGM,Gender Estimation from Morphometric Measurements of Mandibular Lingula by Using Machine Learning Algorithms and Artificial Neural Networks,include,include,include,True,1.0,include
,8E7MJ7MS,AI-assisted preoperative surgical planning for dental implant,unsure,unsure,unsure,True,1.0,unsure
,W7L35SEE,Multi-Task Deep Learning for Sex and Age Estimation from Panoramic Radiographs in a Brazilian Young Population,unsure,unsure,unsure,True,1.0,unsure
,G8SSCC6I,Implant position accuracy using dynamic computer-assisted implant surgery (CAIS) combined with augmented reality: A randomized controlled clinical trial,unsure,unsure,unsure,True,1.0,unsure
,5C2WR8U2,Explainable artificial intelligence system using a convolutional neural network for designing major connectors of removable partial denture framework,unsure,unsure,unsure,True,1.0,unsure
,29X9ZLAU,Three-dimensional correlation method for non-invasive blood glucose monitoring with optical coherence tomography,exclude,exclude,exclude,True,1.0,exclude
,K8PT2ZYM,Game-Changing Advances in Infant Hip Dysplasia Evaluation With Ultrasound,exclude,exclude,exclude,True,1.0,exclude
,LES8XG5P,The association of postoperative global femoral offset with total hip arthroplasty outcomes,exclude,exclude,exclude,True,1.0,exclude
,89NYGYEU,Accuracy of 3 calibration methods of computer-assisted dynamic navigation for implant placement: An in vitro study,unsure,unsure,unsure,True,1.0,unsure
,YPG9NYLS,Biomechanical evaluation of stress distributions at the implant-abutment complex and peri-implant bone around mandibular dental implants with different neck geometries and inclinations,include,include,unsure,False,0.6666666666666666,include
,TVXA8RF7,Fit of removable partial denture frameworks fabricated from 3D printed patterns versus the conventional method: An in vitro comparison,include,include,include,True,1.0,include
,WJ7UKR5L,"A review of virtual planning software for guided implant surgery - data import and visualization, drill guide design and manufacturing",exclude,exclude,exclude,True,1.0,exclude
,WI52KM9V,The effect on the performance of a dynamic navigation system of superimposing a standard tessellation language (STL) file obtained with an intraoral scan on a cone beam computer tomograph (CBCT). An experimental in vitro study,unsure,unsure,unsure,True,1.0,unsure
,XLA44MS3,Automatic segmentation and reconstruction of lower-extremity arteries from computed tomography angiography images via a deep learning framework,exclude,exclude,exclude,True,1.0,exclude
,6KCCM3L2,Automatic Vertebral Body Segmentation Based on Deep Learning of Dixon Images for Bone Marrow Fat Fraction Quantification,exclude,exclude,exclude,True,1.0,exclude
,8GLIISG6,Three-Dimensional Hard and Soft Tissue Healing at Implants With A Modified Neck Design: An In Vivo Preclinical Study,unsure,unsure,unsure,True,1.0,unsure
,B6P9N33F,Development and Evaluation of a Low-Cost Open-Source Nasometer,exclude,exclude,exclude,True,1.0,exclude
,KYQ9YVEJ,Approximating scaffold printability utilizing computational methods,exclude,exclude,exclude,True,1.0,exclude
,BXFJDY69,Effects of porcelain veneering methods on conformity of the marginal and internal fit of three-unit zirconia framework,unsure,unsure,unsure,True,1.0,unsure
,YA33UVLN,A hybrid computational method for the simulation of ultrasonic wave reflection at the bone-implant interface,exclude,exclude,exclude,True,1.0,exclude
,34Y6HBAL,Modeling periodontal host-microbe interactions using vascularized gingival connective tissue equivalents,unsure,unsure,unsure,True,1.0,unsure
,F5VFPSLY,"Comparison of Osteogenic Potentials of Dental Pulp and Bone Marrow Mesenchymal Stem Cells Using the New Cell Transplantation Platform, CellSaic, in a Rat Congenital Cleft-Jaw Model",unsure,unsure,unsure,True,1.0,unsure
,STPAGHYV,Geometric learning and statistical modeling for surgical outcomes evaluation in craniosynostosis using 3D photogrammetry,unsure,unsure,unsure,True,1.0,unsure
,WET3NHPF,Quantitative Evaluation of Changes in Three-Dimensional CT Density Distributions in Pulmonary Alveolar Proteinosis after GM-CSF Inhalation,exclude,exclude,exclude,True,1.0,exclude
,4KSXSUCD,The Utility of Implant-Supported Fixed Dental Prosthesis Material for Implant Micromovement and Peri-implant Bone Microstrain: A Study in Rabbit Tibia,unsure,unsure,unsure,True,1.0,unsure
,AF6WK4VL,Organotypic Co-Cultures as a Novel 3D Model for Head and Neck Squamous Cell Carcinoma,exclude,exclude,exclude,True,1.0,exclude
,7TS2AAL7,Deep learning-enabled invalid-point removal for spatial phase unwrapping of 3D measurement,exclude,exclude,exclude,True,1.0,exclude
,GBDCHBEJ,3D-printed PCL scaffolds functionalized with GelMA for sustained delivery of human dental follicle stem cell-derived conditioned medium in bone regeneration,exclude,exclude,exclude,True,1.0,exclude
,D4Y88T8X,Effect of manufacturing type and aging on the fit of metal frameworks: an in vitro Micro-CT study,unsure,unsure,unsure,True,1.0,unsure
,8GU9PNPM,Influence of Framework Material and Abutment Configuration on Fatigue Performance in Dental Implant Systems: A Finite Element Analysis,include,include,include,True,1.0,include
,8EQJUJ5Z,Deep Learning-Based Prediction of the 3D Postorthodontic Facial Changes,unsure,unsure,unsure,True,1.0,unsure
,PLCSV5QB,Intra Oral Photogrammetry: Trueness Evaluation of Novel Technology for Implant Complete-Arch Digital Impression In Vitro,unsure,unsure,unsure,True,1.0,unsure
,P6UBEH4L,From pixel to image analysis,exclude,exclude,exclude,True,1.0,exclude
,UUBTWEUW,Technical considerations of computer-aided planning in severe orbital trauma: A retrospective study,unsure,unsure,unsure,True,1.0,unsure
,HAE3FWTF,"Evaluating the effects of orthodontic materials, field of view, and artifact reduction mode on accuracy of CBCT-based caries detection",exclude,unsure,unsure,False,0.6666666666666666,unsure
,4H956ZKF,“Three-in-one” patient-specific surgical guides for simultaneous dental implants in fibula flap jaw reconstruction: A prospective case series,unsure,unsure,unsure,True,1.0,unsure
,BXT93NMY,Bone-Implant Osseointegration Monitoring Using Electro-mechanical Impedance Technique and Convolutional Neural Network: A Numerical Study,unsure,unsure,unsure,True,1.0,unsure
,HTYKXD2Z,A novel method for testing accuracy of bite registration using intraoral scanners,unsure,unsure,unsure,True,1.0,unsure
,9JQ65R5Z,Influence of Design Parameters on Implant Abutment Performance: A Scoping Review,exclude,exclude,exclude,True,1.0,exclude
,JU74TGET,"Evaluation of Stresses on Implant, Bone, and Restorative Materials Caused by Different Opposing Arch Materials in Hybrid Prosthetic Restorations Using the All-on-4 Technique",unsure,unsure,unsure,True,1.0,unsure
,DV2DXAL4,Biomechanical Optimization of the Human Bite Using Numerical Analysis Based on the Finite Element Method,include,include,include,True,1.0,include
,XUN6KXA3,Clinical factors influencing implant positioning by guided surgery using a nonmetal sleeve template in the partially edentulous ridge: Multiple regression analysis of a prospective cohort,unsure,unsure,unsure,True,1.0,unsure
,JX2LCMGD,3D-bioprinting of patient-derived cardiac tissue models for studying congenital heart disease,exclude,exclude,exclude,True,1.0,exclude
,WMCPUUSX,Three-dimensional reconstruction of porous polymer films from FIB-SEM nanotomography data using random forests,exclude,exclude,exclude,True,1.0,exclude
,K7WNNJK9,Fractal analysis of the mandible cortical bone: correlation among fractal dimension values obtained by two processing methods from periapical radiograph and micro-computed tomography with cone-beam computed tomography,unsure,unsure,unsure,True,1.0,unsure
,XN2B2AFD,Biomechanical behavior of all-on-4 concept and alternative designs under different occlusal load configurations for completely edentulous mandible: a 3-D finite element analysis,unsure,unsure,unsure,True,1.0,unsure
,2TPBCDEY,Accuracy of guided implant surgery obtained using 3D-printed surgical guides - An in vitro comparison of four evaluation methods,unsure,unsure,unsure,True,1.0,unsure
,3TF24KAM,Feasibility of augmented reality using dental arch-based registration applied to navigation in mandibular distraction osteogenesis: a phantom experiment,unsure,unsure,unsure,True,1.0,unsure
,22IDN6AX,A novel approach to craniofacial analysis using automated 3D landmarking of the skull,include,include,include,True,1.0,include
,RYA4IC44,"Impact of framework material, cantilever design, and wing configuration on stress distribution in patient specific additively manufactured subperiosteal jaw implants: a 3D finite element analysis",unsure,unsure,unsure,True,1.0,unsure
,K4DDVETJ,Anodization and Its Role in Peri-Implant Tissue Adhesion: A Novel 3D Bioprinting Approach,unsure,unsure,unsure,True,1.0,unsure
,HAHRMEEF,Three-dimensional finite element analysis of two-implant-supported locator overdenture in different reinforced denture base designs under four loading conditions,unsure,unsure,unsure,True,1.0,unsure
,QQXSPG3Y,Evolving Strategies and Materials for Scaffold Development in Regenerative Dentistry,exclude,exclude,exclude,True,1.0,exclude
,567Q4TW9,A customised 3D U-Net model for bifid mandibular canal segmentation and detection on CBCT: a diagnostic accuracy study,include,unsure,include,False,0.6666666666666666,include
,PI7Y4QGT,Survival Analysis up to 8 Years of 304 Anatomical-Contour Implant-Supported Zirconia Crowns Fabricated with a Fully Digital Cast-Free Workflow and Directly Screwed on External Hexagonal Implant Connections Without the Interposition of a Ti-Base: A Multicentric Retrospective Study,unsure,unsure,unsure,True,1.0,unsure
,8FU6IJ8L,Spatio-temporal analysis of nanoparticles in live tumor spheroids impacted by cell origin and density,exclude,exclude,exclude,True,1.0,exclude
,IPKJEC72,The impact of modifying 3D printing parameters on mechanical strength and physical properties in vat photopolymerisation,unsure,unsure,unsure,True,1.0,unsure
,QNZ8DEUM,Treatment for progressive hemifacial atrophy: paradigm shift from 2D photograph to 3D stereophotogrammetry,unsure,exclude,exclude,False,0.6666666666666666,exclude
,NVZFFHPT,Comparison of the strain developed around implants with angled abutments with two reinforced polymeric CAD-CAM superstructure materials: An in vitro comparative study,unsure,unsure,unsure,True,1.0,unsure
,DUNG6UUV,The development of a functional human small intestinal epithelium model for drug absorption,exclude,exclude,exclude,True,1.0,exclude
,NBQGIJYQ,Time efficiency and cost analysis between digital and conventional workflows for the fabrication of fixed dental prostheses: A systematic review,exclude,exclude,exclude,True,1.0,exclude
,75INZ7UM,Automatic estimation of single-tooth width from standardized two-dimensional occlusal photographs using deep learning,unsure,unsure,unsure,True,1.0,unsure
,PPYIDTN2,Accuracy of implant surgery planning and surgery with a dental robot in transcrestal sinus floor elevation,unsure,unsure,unsure,True,1.0,unsure
,XV6TN9HP,Impact of different CAD software programs on marginal and internal fit of provisional crowns: An in vitro study,include,include,include,True,1.0,include
,KLN2JNA2,ML-based tooth shade assessment to prevent metamerism in different clinic lights,unsure,exclude,unsure,False,0.6666666666666666,unsure
,XC63D9X7,A personalized automated system of 3D facial soft tissue landmarks annotation based on deep learning and computer vision,unsure,unsure,unsure,True,1.0,unsure
,R8CJZGFR,Comparison of marginal accuracy in two different materials used in provisional crown and bridge - an in vitro experimental study,unsure,unsure,unsure,True,1.0,unsure
,TUE7JTLY,Inferior Alveolar Canal Automatic Detection with Deep Learning CNNs on CBCTs: Development of a Novel Model and Release of Open-Source Dataset and Algorithm,unsure,unsure,unsure,True,1.0,unsure
,4BUYS2B2,Deep learning-based automated diagnosis of temporomandibular joint anterior disc displacement and its clinical application,unsure,unsure,unsure,True,1.0,unsure
,LSI9SW78,MRCM-UCTransNet: Automatic and Accurate 3D Tooth Segmentation Network From Cone-Beam CT Images,unsure,unsure,unsure,True,1.0,unsure
,HPU3KI8B,A TMPS-designed personalized mandibular scaffolds with optimized SLA parameters and mechanical properties,include,unsure,unsure,False,0.6666666666666666,unsure
,YCC6S4PK,"An alternative approach to code, store, and regenerate 3D data in dental medicine using open-source software: A scripting-based technique",include,include,include,True,1.0,include
,RWYDLEMJ,A 3D-Printed Composite Hydrogel Engineered with a Coordination-Reprogrammed Nanozyme for Synergistic Chemo-Physical Bone Therapy,exclude,exclude,exclude,True,1.0,exclude
,AUHQYKM6,Transfer accuracy of four different lingual retainer transfer methods using digital orthodontic models: An in vivo comparative study,unsure,unsure,unsure,True,1.0,unsure
,Q7NK8ADB,Differential Diagnosis of OKC and SBC on Panoramic Radiographs: Leveraging Deep Learning Algorithms,unsure,unsure,unsure,True,1.0,unsure
,3IEUJSUM,A reliable micro-CT-based method reveals dynamic changes to alveolar bone and tooth root following ligature-induced periodontal injury in the mouse,include,include,include,True,1.0,include
,KTS7Y4S6,Evaluation of mandibular changes after rapid maxillary expansion: a CBCT study in youngsters with unilateral posterior crossbite using a surface-to-surface matching technique,unsure,unsure,unsure,True,1.0,unsure
,LRPW5FSM,Trans-VNet: Transformer-based tooth semantic segmentation in CBCT images,unsure,unsure,unsure,True,1.0,unsure
,9VYQRD5N,Effect of attachment flash on clear aligner force delivery: an in vitro study,unsure,unsure,unsure,True,1.0,unsure
,QVJE2U3Z,Evaluation of automated tooth landmark localization on digital models,unsure,unsure,unsure,True,1.0,unsure
,NX2MC8V4,Fully automatic AI diagnosis of alveolar bone defect in anterior teeth on CBCT images,unsure,unsure,unsure,True,1.0,unsure
,8XAHIZWN,Masticatory simulators based on oral physiology in food research: A systematic review,exclude,exclude,exclude,True,1.0,exclude
,IM9XQFJM,Assessment of Fit on Ten Screw-Retained FrameworksRealized through Digital Full-Arch Implant Impression,unsure,unsure,unsure,True,1.0,unsure
,RF3FLTU6,Towards 3D Multi-Layer Scaffolds for Periodontal Tissue Engineering Applications: Addressing Manufacturing and Architectural Challenges,unsure,unsure,unsure,True,1.0,unsure
,UCGNAILE,In vivo comparison of customized zirconia barriers in guided bone regeneration: An experimental study,unsure,include,include,False,0.6666666666666666,include
,4EGT3E2C,Structurally tuned drug release from hybrid manufactured tablets via overprinting and overmolding,exclude,exclude,exclude,True,1.0,exclude
,2EU6VLJZ,Deep Collocative Learning for Immunofixation Electrophoresis Image Analysis,exclude,exclude,exclude,True,1.0,exclude
,AXSX89GF,DentalSegmentator: Robust open source deep learning-based CT and CBCT image segmentation,include,include,include,True,1.0,include
,JEZIXHHH,SegNet3+: An Attention-Guided ResNet-U-Net 3Plus Framework for Accurate and Explainable Skin Lesion Segmentation in Dermoscopic Images,exclude,exclude,exclude,True,1.0,exclude
,EIBULEZI,The effect of 3D printing technology combined with Morse taper and platform switching design on microleakage performance of dental implants,unsure,unsure,unsure,True,1.0,unsure
,VD3UIIH6,Numerical simulations on periprosthetic bone remodeling: a systematic review,exclude,exclude,exclude,True,1.0,exclude
,VFEBMYN2,A comparative analysis of secondary unilateral and bilateral cleft lip nasal deformities: From anatomical characteristics to repair strategies,exclude,exclude,exclude,True,1.0,exclude
,YA9MSA57,Patient-specific reference model estimation for orthognathic surgical planning,unsure,unsure,unsure,True,1.0,unsure
,ZV568RJY,A Novel Digital Technique for Measuring the Accuracy of an Indirect Bonding Technique Using Fixed Buccal Multibracket Appliances,unsure,unsure,unsure,True,1.0,unsure
,BQRVT8EM,3D assessment of the nasolabial region in cleft models comparing an intraoral and a facial scanner to a validated baseline,unsure,unsure,unsure,True,1.0,unsure
,34MP4QBJ,Tooth rotational control with varying attachment configurations in clear aligners under compromised periodontal ligament support: a finite element study,include,include,include,True,1.0,include
,9AS47LEK,Interpretable QSAR models for acute oral toxicity via tuned XGBoost and hybrid data sampling techniques,exclude,exclude,exclude,True,1.0,exclude
,PKILU3V6,A Case Report of Zygomatic Fracture Reconstruction: Evaluation with Orbital Measurements and Models Registration,include,include,include,True,1.0,include
,9EGJ5B29,Accuracy of DICOM-DICOM vs. DICOM-STL Protocols in Computer-Guided Surgery: A Human Clinical Study,unsure,unsure,unsure,True,1.0,unsure
,SPCPRX9H,"A Preliminary Study on the Accuracy of Cast Metal Removable Partial Denture Frameworks Produced from Wax, Printed, and Milled Patterns",unsure,unsure,unsure,True,1.0,unsure
,HIB4B72X,Comparison of digital study model superimposition methods using implant-supported crowns and best-fit algorithms,include,include,include,True,1.0,include
,V2T3FF6J,Large-scale open-source three-dimensional growth curves for clinical facial assessment and objective description of facial dysmorphism,unsure,unsure,unsure,True,1.0,unsure
,3T8PV67D,Surface parameters of as-built additive manufactured metal for intraosseous dental implants,unsure,unsure,unsure,True,1.0,unsure
,7EW4G7IT,Organoids in parasitology: a game-changer for studying host-nematode interactions,exclude,exclude,exclude,True,1.0,exclude
,QM47ETB9,Chairside vs Prefabricated Sealing Socket Abutments for Posterior Immediate Implants: A Randomized Clinical Trial,unsure,unsure,unsure,True,1.0,unsure
,WYAWCG58,"Dimensional Accuracy of 3D-Printed, Digital and Conventional Stone Dental Cast of Dentate Patients Using Arch and Teeth Measurements",unsure,unsure,unsure,True,1.0,unsure
,HRNKHTE6,Triple-layered platform utilizing electrospun nanofibers and 3D-printed sodium alginate-based hydrogel for effective topical treatment of rheumatoid arthritis,exclude,exclude,exclude,True,1.0,exclude
,CP9K9238,Agglomeration effect on biomechanical performance of CNT-reinforced dental implant using micromechanics-based approach,unsure,unsure,unsure,True,1.0,unsure
,9QILX753,The effect of common dental fixtures on treatment planning and delivery for head and neck intensity modulated proton therapy,exclude,exclude,exclude,True,1.0,exclude
,7XQRAIBP,Blood vessel-on-a-chip examines the biomechanics of microvasculature,exclude,exclude,exclude,True,1.0,exclude
,H82E653Y,Development and evaluation of a multimodal feature-based predictive model for radiotherapy-induced oral mucositis in nasopharyngeal carcinoma,exclude,exclude,exclude,True,1.0,exclude
,ZMQU8EMV,Biomechanical analysis of All-on-4 implant supported framework using different materials across various clinical practice,unsure,unsure,unsure,True,1.0,unsure
,5GKX37T6,Patient-specific virtual surgical planning for tongue reconstruction: evaluating hyperelastic inverse FEM with four simulated tongue cancer cases,include,unsure,unsure,False,0.6666666666666666,unsure
,V8QWI6T2,Relationship between medial meniscus extrusion and cartilage measurements in the knee by fully automatic three-dimensional MRI analysis,exclude,exclude,exclude,True,1.0,exclude
,R2BLA7IJ,Single-Shot 3D Incoherent Imaging Using Deterministic and Random Optical Fields with Lucy-Richardson-Rosen Algorithm,exclude,exclude,exclude,True,1.0,exclude
,2N5V8KH4,Validation of three-dimensional facial imaging captured with smartphone-based photogrammetry application in comparison to stereophotogrammetry system,include,include,include,True,1.0,include
,TZGXEUSU,Evaluation of the Retentive Forces from Removable Partial Denture Clasps Manufactured by the Digital Method,unsure,unsure,unsure,True,1.0,unsure
,B2M3DARR,Computer Aided Orthognathic Surgery: A General Method for Designing and Manufacturing Personalized Cutting/Repositioning Templates,unsure,unsure,unsure,True,1.0,unsure
,7SSEI926,Donor Side Preference in Maxillary Reconstruction With the Free Fibula Flap,unsure,unsure,unsure,True,1.0,unsure
,HPUYEQHM,The potential of hydrogel-free tumoroids in head and neck squamous cell carcinoma,exclude,exclude,exclude,True,1.0,exclude
,RFT3JZXH,A Multivariate Logistic Regression Analysis of Risk Factors for Peri-implant Bone Loss,unsure,unsure,unsure,True,1.0,unsure
,ZVGTDRFP,Deep learning-based automated positioning system for maxillary skeletal expander: development and clinical validation,unsure,unsure,unsure,True,1.0,unsure
,MLRQPJHS,Evaluating the Effectiveness of Large Language Models in Addressing Patient Queries Regarding Maxillomandibular Fixation for Maxillofacial Fractures,exclude,exclude,exclude,True,1.0,exclude
,ZNBJWPHI,Craniomaxillofacial landmarks detection in CT scans with limited labeled data via semi-supervised learning,unsure,unsure,unsure,True,1.0,unsure
,IF7WG7DS,Principles of interdisciplinary orthodontic and restorative treatment,exclude,exclude,exclude,True,1.0,exclude
,YTX9I6KD,Precise sparse-view dental crown reconstruction via 3D Gaussian neural fields,unsure,unsure,unsure,True,1.0,unsure
,8QTP4PBI,TESTING OF ZIRCONIA FPD FRAMEWORKS FOR FIXED PROSTHESES: MODEL DESIGN AND EVALUATION OF FRACTURE LOAD,unsure,unsure,unsure,True,1.0,unsure
,4HEU9QFR,Comparison of denture base adaptation between additive and conventional fabrication techniques,unsure,unsure,unsure,True,1.0,unsure
,5II46PIR,The uses of 3-dimensional printing technology in orthodontic offices in North America,exclude,exclude,exclude,True,1.0,exclude
,2DAKBG4U,Digital Imaging Technologies for Forensic Orofacial Identification: A Systematic Review and Research Agenda,exclude,exclude,exclude,True,1.0,exclude
,SV633XBK,Quantitative Image-Based Cell Viability (QuantICV) Assay for Microfluidic 3D Tissue Culture Applications,exclude,exclude,exclude,True,1.0,exclude
,K7USC6AL,A Comparative Study on a Novel Fibula Malleolus Cap to Increase the Accuracy of Oncologic Jaw Reconstruction,unsure,unsure,unsure,True,1.0,unsure
,ZLXKNJ5X,Decellularized bone matrix-enriched 3D-printed GelMA scaffold as a cell-homing platform: analysis using an artificial pulp chamber model,unsure,unsure,unsure,True,1.0,unsure
,ZE3WQLXI,Comparison Study of Extraction Accuracy of 3D Facial Anatomical Landmarks Based on Non-Rigid Registration of Face Template,include,include,include,True,1.0,include
,7IZQ956D,Machine learning in 3D auto-filling alveolar cleft of CT images to assess the influence of alveolar bone grafting on the development of maxilla,unsure,unsure,unsure,True,1.0,unsure
,ZJFKXSSM,Two experimental methods to integrate intra-oral scans into 3D stereophotogrammetric facial images,unsure,unsure,unsure,True,1.0,unsure
,RANJH5SW,Biomimetic dual-structured zirconia scaffolds for bone tissue engineering,exclude,exclude,exclude,True,1.0,exclude
,9ZT8GFB8,Polysaccharide-protein microparticles based-scaffolds to recover soft tissue loss in mild periodontitis,unsure,exclude,unsure,False,0.6666666666666666,unsure
,X6NG9MRZ,Accuracy of automatic and manual dynamic navigation registration techniques for dental implant surgery in posterior sites missing a single tooth: A retrospective clinical analysis,unsure,unsure,unsure,True,1.0,unsure
,ITMJC47T,Influence of three coded healing abutment design on intraoral scan accuracy: a comparative in vitro study,include,include,include,True,1.0,include
,3SM4ML53,AI-initiated second opinions: a framework for advanced caries treatment planning,unsure,exclude,exclude,False,0.6666666666666666,exclude
,NHTJCU8E,Digital science platform: an interactive web application and database of osteological material for anatomy education,exclude,exclude,exclude,True,1.0,exclude
,2ZAM6LZB,Influence of Framework Material on Biomechanical Performance of an All-on-4 Prosthesis Supported by Bendable Monoblock Implants,include,include,include,True,1.0,include
,FC9UPLQ5,Osteomatrix as a personalized 3D tissue-specific invasion test-bed for oral carcinoma,unsure,unsure,unsure,True,1.0,unsure
,TXLBAMRE,Accuracy of facial skeletal surfaces segmented from CT and CBCT radiographs,unsure,unsure,unsure,True,1.0,unsure
,6NAE9L3R,Influence of ceramic firing on marginal gap accuracy and metal-ceramic bond strength of 3D-printed Co-Cr frameworks,unsure,unsure,unsure,True,1.0,unsure
,UBMKKMB9,Development of a multicellular 3D-bioprinted microtissue model of human periodontal ligament-alveolar bone biointerface: Towards a pre-clinical model of periodontal diseases and personalized periodontal tissue engineering,exclude,exclude,exclude,True,1.0,exclude
,R2YYAV9G,"Torque Loss, Survival, and Strain Distribution of Implant-Supported Prostheses with Zirconia and Cobalt-Chromium Hybrid Abutments",unsure,unsure,unsure,True,1.0,unsure
,RHIDMTCI,Efficacy of Submucosal Polydeoxyribonucleotide Injection after Impacted Mandibular Third Molar Extraction: A Randomized Controlled Trial,unsure,unsure,unsure,True,1.0,unsure
,DHQBWA35,Microstructure and Mechanical Properties of Co-Cr Alloy Fabricated by Selective Laser Melting Technology for Removable Partial Denture Frameworks,unsure,unsure,unsure,True,1.0,unsure
,4FBLMYQK,3D printing of metal-organic framework incorporated porous scaffolds to promote osteogenic differentiation and bone regeneration,exclude,exclude,exclude,True,1.0,exclude
,MSKWSUZY,Biological effects of a premixed calcium silicate pulp-capping material containing dimethyl sulphoxide as a vehicle: In vitro and in vivo study,unsure,unsure,unsure,True,1.0,unsure
,4Z274IMC,Biomechanical behavior of implant retained prostheses in the posterior maxilla using different materials: a finite element study,include,include,include,True,1.0,include
,JEQ53V28,Balanced enhancement of antibacterial activity and biocompatibility in chitosan-vancomycin 3D-printed scaffolds through mesoporous bioactive glass addition,exclude,exclude,exclude,True,1.0,exclude
,IU4TXBBS,Efficient tooth gingival margin line reconstruction via adversarial learning,unsure,unsure,unsure,True,1.0,unsure
,5IVRF5NF,AI-Powered Identification of Osteoporosis in Dental Panoramic Radiographs: Addressing Methodological Flaws in Current Research,unsure,exclude,unsure,False,0.6666666666666666,unsure
,Q4WEAUUG,"Transforming surgical planning and procedures through the synergistic use of additive manufacturing, advanced materials and artificial intelligence: challenges and opportunities",exclude,exclude,exclude,True,1.0,exclude
,P6W4Y5XA,Telescopic prosthesis for extensive mandibular tooth loss with a polyetherketoneketone framework fabricated using digital workflow: A case report,unsure,unsure,unsure,True,1.0,unsure
,SMP7ULWB,Feasibility of a hybrid SEMD-VMI-NMAR framework for metal artifact reduction in dental computed tomography: simulation study,unsure,unsure,unsure,True,1.0,unsure
,PI7AZ8NJ,Facial appearance prediction for orthognathic surgery with diffusion models,unsure,unsure,unsure,True,1.0,unsure
,9KKERB22,Attention-Base deep learning for 3D craniofacial soft tissue landmark detection and diagnosis in orthodontics,unsure,unsure,unsure,True,1.0,unsure
,4IYETYX2,Fitness accuracy and retentive forces of additive manufactured titanium clasp,unsure,unsure,unsure,True,1.0,unsure
,GT3HSR5N,Development of a Statistical Shape Model and Assessment of Anatomical Shape Variations in the Hemipelvis,exclude,exclude,exclude,True,1.0,exclude
,WJH5GAGS,"Traditional, 2D and 3D Workflows: What Is Better for Aesthetic Rehabilitation of Superior Anterior Teeth?",unsure,unsure,unsure,True,1.0,unsure
,B7TAIWTK,A 3D Co-Culture System Inspired by Fracture Healing Cell Interactions for Bone Tissue Engineering,exclude,exclude,exclude,True,1.0,exclude
,4M67GUVH,3D-Printed Functional Biphasic Scaffolds with Nanocomposites for Osteochondral Regeneration: A Step Toward Bioengineered Cartilage and Bone Integration,exclude,exclude,exclude,True,1.0,exclude
,GPMMUGAQ,Self-Organized Vascularized Microtissue Based on the Human Microvascular Unit for Tissue Repair and Regeneration,exclude,exclude,exclude,True,1.0,exclude
,UFHK2BUQ,Planimetric quantification of plaque in patients with multibracket appliances using an intraoral scanner - proof-of-concept,unsure,unsure,unsure,True,1.0,unsure
,JSU2KA77,Metal Organic Framework-Incorporated Three-Dimensional (3D) Bio-Printable Hydrogels to Facilitate Bone Repair: Preparation and In Vitro Bioactivity Analysis,exclude,exclude,exclude,True,1.0,exclude
,TT3FFFAV,Simple and Cost-Effective Generation of 3D Cell Sheets and Spheroids Using Curvature-Controlled Paraffin Wax Substrates,exclude,exclude,exclude,True,1.0,exclude
,A7JC68HD,3D-Printed Porous Titanium Root-Analogue Implant for the Treatment of Longitudinal Fracture of Mandibular Molars with Periapical Periodontitis: A Case Report,unsure,unsure,unsure,True,1.0,unsure
,HIGYUZZD,A robust registration algorithm based on salient object detection,exclude,exclude,exclude,True,1.0,exclude
,J78F7I8I,Differentiation of radicular cysts and radicular granulomas via texture analysis of multi-slice computed tomography images,include,unsure,unsure,False,0.6666666666666666,unsure
,RGNQYCDK,Retentive Forces of Removable Partial Denture Clasp Assemblies Made from Polyaryletherketone and Cobalt-Chromium: A Comparative Study,unsure,unsure,unsure,True,1.0,unsure
,3BAYRGI4,Deep absolute phase recovery from single- frequency phase map for handheld 3D measurement,exclude,exclude,exclude,True,1.0,exclude
,FEHPJQNB,Ginger extract release from 3D printed calcium phosphate scaffolds for bone regeneration,exclude,exclude,exclude,True,1.0,exclude
,A88G5IRI,Novel standardized method for inducing medication-related osteonecrosis of the jaw in rats and precise quantitative assessment of pathological outcomes,unsure,unsure,unsure,True,1.0,unsure
,RAR7M36P,Temporal Modulation of DNA Methylation and Gene Expression in Monolayer and 3D Spheroids of Dental Pulp Stem Cells during Osteogenic Differentiation: A Comparative Study,exclude,exclude,exclude,True,1.0,exclude
,58D6XU47,A Rare Coeliacomesenteric Trunk Arising from the Aorta and a Hepatophrenic Trunk Giving Rise to an Accessory Left Hepatic Artery: Proposal of a New Classification System for Hepatic Arterial Variations,exclude,exclude,exclude,True,1.0,exclude
,SYDHVGXW,Comparative analysis of the safety and efficacy of 3D-bioprinted constructs embedded with human mesenchymal stem cells for bone regeneration,exclude,exclude,exclude,True,1.0,exclude
,5Q98LR84,pH-responsive polydopamine-coated mesoporous silica nanoplatform integrated into 3D-printed PLA/nHA scaffolds for synergistic bone regeneration,exclude,exclude,exclude,True,1.0,exclude
,2UMIFZRN,Development and virtual validation of a novel digital workflow to rehabilitate palatal defects by using smartphone-integrated stereophotogrammetry (SPINS),include,include,include,True,1.0,include
,I2CX599X,Evaluation of two printing techniques for maxillary removable partial denture frameworks,unsure,unsure,unsure,True,1.0,unsure
,BIUPRBSD,In-fiber Bragg sensor measurements assess fluid effects on strain in the periodontal space of an ex-vivo swine incisor complex under mechanical loading,exclude,exclude,exclude,True,1.0,exclude
,PGF7LT48,Trueness of the apical and middle root portion segments of 3D-printed removable die and alveolar cast designs manufactured using stereolithographic 3D printing,include,include,include,True,1.0,include
,MTZIVEQB,Tissue surface adaptation and retention of digital obturator after one year of use,include,include,include,True,1.0,include
,4ZGWKF9Y,Estimation of centers of rotation of the maxillary incisors during nonextraction space closure using the Invisalign appliance,include,include,include,True,1.0,include
,7XTL6VPY,A Retrospective Cohort Study on Scan Quality of Implant Scanbodies Matched With CAD Libraries,unsure,unsure,unsure,True,1.0,unsure
,6FE3CE5K,3D printing for tissue/organ regeneration in China,exclude,exclude,exclude,True,1.0,exclude
,JJKKKQD7,A deep learning derived prostate zonal volume-based biomarker from T2-weighted MRI to distinguish between prostate cancer and benign prostatic hyperplasia,exclude,exclude,exclude,True,1.0,exclude
,99SWF2CI,"3D models for oral inflammation using gingival fibroblasts, lipopolysaccharides and hypoxia",unsure,exclude,exclude,False,0.6666666666666666,exclude
,CTGPJFQL,Motion-compensated noninvasive periodontal health monitoring using handheld and motor-based photoacoustic-ultrasound imaging systems,unsure,unsure,unsure,True,1.0,unsure
,7QYLAPD5,DentSeg-EDA: A 3D tooth segmentation framework for CBCT images using enhanced dual attention,unsure,unsure,unsure,True,1.0,unsure
,22UQETPW,Establishment and validation of an efficient method for the 3D culture of osteoclasts in vitro,exclude,exclude,exclude,True,1.0,exclude
,C23E6TBN,Development and validation of intraoral periapical radiography-based machine learning model for periodontal defect diagnosis,unsure,unsure,unsure,True,1.0,unsure
,JILIPTM5,The link between abutment configuration and marginal bone loss in subcrestally placed posterior implant-supported restorations,unsure,unsure,unsure,True,1.0,unsure
,4BWKTZSG,Explainable artificial intelligence to quantify adenoid hypertrophy-related upper airway obstruction using 3D Shape Analysis,unsure,unsure,unsure,True,1.0,unsure
,TJ9ACC3S,Innovative Approach to Computer-Aided Measurement of Unilateral Cleft Lip and Palate Models Using OnyxCeph3?,unsure,exclude,exclude,False,0.6666666666666666,exclude
,CQM5FTNI,An Innovative “Tooth-On-Chip” Microfluidic Device Emulating the Structure and Physiology of the Dental Pulp Tissue,unsure,exclude,exclude,False,0.6666666666666666,exclude
,A6ZJAKRM,Biofabricated poly (g-glutamic acid) bio-ink reinforced with calcium silicate exhibiting superior mechanical properties and biocompatibility for bone regeneration,exclude,exclude,exclude,True,1.0,exclude
,JBLBAXQD,Dynamic finite element analysis of stress distribution in edentulous fixed restorations: Effects of different implant configurations and framework materials,unsure,unsure,unsure,True,1.0,unsure
,XCI3WWY4,Factors influencing craniofaciadental changes in skeletal Class III orthognathic surgery by using machine learning,unsure,unsure,unsure,True,1.0,unsure
,FUT7TPXZ,Evaluating Surgical Approaches for Hemimandibular Hyperplasia Associated with Osteochondroma: A Systematic Literature Review,exclude,exclude,exclude,True,1.0,exclude
,J59JBZ9K,Artificial intelligence performance in maxillary canine impaction: a systematic review,exclude,exclude,exclude,True,1.0,exclude
,7NHTLBL9,Explainable and lightweight deep learning for oral disease diagnosis: An ensemble and knowledge distillation approach,exclude,exclude,exclude,True,1.0,exclude
,P23TVHFB,Effect of build angle and layer height on the accuracy of 3-dimensional printed dental models,unsure,unsure,unsure,True,1.0,unsure
,Y8U8B9F6,Image quality evaluation of a new high-performance ring-gantry cone-beam computed tomography imager,exclude,exclude,exclude,True,1.0,exclude
,JYJSMM4M,Dynamic navigation for prosthetically driven zygomatic implant placement in extensive maxillary defects: Results of a prospective case series,unsure,unsure,unsure,True,1.0,unsure
,8CQXSRJC,Effect of different surface treatments on the bond strength of milled polyetheretherketone posts,unsure,unsure,unsure,True,1.0,unsure
,BTMYCI59,Periodontium-derived fibroblasts as a model to evaluate inflammation and pharmacological modulation of osteogenesis and osteoclast formation,exclude,exclude,exclude,True,1.0,exclude
,GDQYG6RJ,"Microneedle Technologies for Drug Delivery: Innovations, Applications, and Commercial Challenges",exclude,exclude,exclude,True,1.0,exclude
,R9QBMTFF,Iteration of Tumor Organoids in Drug Development: Simplification and Integration,exclude,exclude,exclude,True,1.0,exclude
,QFG24RI9,The relevance of intraoral scanner (IOS) for periodontal diagnosis: A scoping review,exclude,exclude,exclude,True,1.0,exclude
,SE8L9A5N,"Effect of implant number, attachment type, and framework material on stress distribution in mandibular overdentures: a finite element analysis",unsure,unsure,unsure,True,1.0,unsure
,NZG7YSMU,Intraoral Scanning Versus Conventional Methods for Obtaining Full-Arch Implant-Supported Prostheses: A Systematic Review with Meta-Analysis,exclude,exclude,exclude,True,1.0,exclude
,BRZ6NS5I,Differential osteo-specific invasion of patient-derived cancer cells in a microfluidic co-culture model,exclude,exclude,exclude,True,1.0,exclude
,WW4VCMZ8,An in vitro accuracy study on scan body-assisted surface based registration for conventional and zygomatic dental implants,unsure,unsure,unsure,True,1.0,unsure
,JMJ55A6A,Focal-AttentionNet: A novel AI-driven framework integrating holographic imaging for head and neck cancer diagnosis,exclude,exclude,exclude,True,1.0,exclude
,8HLZZQ59,A 3D Bioprinted Material That Recapitulates the Perivascular Bone Marrow Structure for Sustained Hematopoietic and Cancer Models,exclude,exclude,exclude,True,1.0,exclude
,QNNIKAKV,The Patterning Cascade Model and Human Mandibular Premolar Variation,unsure,unsure,unsure,True,1.0,unsure
,7SAXBVIP,A clinically oriented and interpretable AI framework for classifying dentin caries severity on CBCT images,unsure,unsure,unsure,True,1.0,unsure
,E7QLY3AY,Complete arch digital implant scan accuracy with screw-retained or snap-on scan bodies: A comparative in vitro study,unsure,unsure,unsure,True,1.0,unsure
,2DHJ2WE8,FHD-HybridNet: A fuzzy hellinger distance-guided hybrid deep learning framework for robust multiclass brain tumor classification,exclude,exclude,exclude,True,1.0,exclude
,XQQ4EMYY,Fabrication of multilayer heterogeneous cell assembly for pathophysiologically relevant 3D in-vitro IBD disease model for high throughput drug screening,exclude,exclude,exclude,True,1.0,exclude
,6CWVAMF6,Comparison of precision of implant placement between two different guided systems for static computer-assisted implant surgery: A simulation-based experimental study,unsure,unsure,unsure,True,1.0,unsure
,UZP59EBY,Computational Design of a Multi-Epitope Vaccine Against Porphyromonas gingivalis,exclude,exclude,exclude,True,1.0,exclude
,RCHE3PNM,Few-shot learning and explainable AI for colon cancer histopathology: A prototypical network with multi-technique interpretability,exclude,exclude,exclude,True,1.0,exclude
,8BGRVF7K,Automated detection of cephalometric landmarks using deep neural patchworks,unsure,unsure,unsure,True,1.0,unsure
,WS5IQGA2,Baicalein-Loaded Chitosan Films for Local Treatment of Oral Infections,unsure,unsure,unsure,True,1.0,unsure
,23Y7ND62,Assessing the physical and mechanical properties of 3D printed acrylic material for denture base application,unsure,unsure,exclude,False,0.6666666666666666,unsure
,W7TILNFK,Explainable vision transformer framework for multi-class classification and prognostic interpretation of oral cancer in histopathology images,exclude,exclude,exclude,True,1.0,exclude
,2HHCZJZ3,3D model construction and biomechanical analysis of temporomandibular joint disc perforation based on arthrography,unsure,unsure,unsure,True,1.0,unsure
,6J23L4DI,Digital assessment of the accuracy of implant impression techniques in free end saddle partially edentulous patients. A controlled clinical trial,unsure,unsure,unsure,True,1.0,unsure
,3ZVZI7FS,Design of an interactive system for access cavity assessment: A novel feedback tool for preclinical endodontics,unsure,unsure,unsure,True,1.0,unsure
,M7TB44ID,Artificial Intelligence-Based Multi-Stage System for Automated Angle's Classification of Malocclusion from Intraoral Images in Orthodontics,unsure,exclude,exclude,False,0.6666666666666666,exclude
,26P3U92E,"Engineering microspheres for breast cancer: integrating tumor modeling, diagnostics, and targeted treatment",exclude,exclude,exclude,True,1.0,exclude
,HDYG8L7N,Unleashing the potency of multi-segmental DCIA flap in mandibular reconstruction with the aid of virtual surgery-A retrospective cohort study,unsure,unsure,unsure,True,1.0,unsure
,YLHSPAZW,Development of a Complex Human In Vitro Model of Endochondral Ossification,exclude,exclude,exclude,True,1.0,exclude
,YUDZDAIE,Objective evaluation of orbito-zygomatic reconstruction with scapular tip free flaps to restore facial projection and orbital volume,unsure,unsure,unsure,True,1.0,unsure
,YPPZ6Q53,Automated segmentation of head CT scans for computer-assisted craniomaxillofacial surgery applying a hierarchical patch-based stack of convolutional neural networks,unsure,unsure,unsure,True,1.0,unsure
,ZKMGBIXX,A fully automated deep learning approach for coronary artery segmentation and comprehensive characterization,exclude,exclude,exclude,True,1.0,exclude
,VY5CRRHN,Accuracy of dental implant placement using static versus dynamic computer-assisted implant surgery: An in vitro study,unsure,unsure,unsure,True,1.0,unsure
,4CJX2G8D,Unsupervised learning of reference bony shapes for orthognathic surgical planning with a surface deformation network,unsure,unsure,unsure,True,1.0,unsure
,I5J9AXNU,Comparing the trueness of 3D printing and conventional casting for the fabrication of removable partial denture metal frameworks for patients with different palatal vault depths: An in vitro study,include,include,include,True,1.0,include
,TAVPDM8D,"Effect of thermal cycling on the mechanical properties of conventional, milled, and 3D-printed base resin materials: a comparative in vitro study",include,include,include,True,1.0,include
,ZX84PTKG,Multifunctional implantable hydrogels: Smart platforms at the forefront of biomedical innovation,exclude,exclude,exclude,True,1.0,exclude
,LZEYGM5C,Automatic landmark identification for surgical 3d-navigation - A proposed method for marker-free dental surgical navigation systems,include,include,include,True,1.0,include
,N2Y7K34F,Evaluation of different registration methods and dental restorations on the registration duration and accuracy of cone beam computed tomography data and intraoral scans: a retrospective clinical study,unsure,unsure,unsure,True,1.0,unsure
,GY8ZSQRM,CMF-Net: craniomaxillofacial landmark localization on CBCT images using geometric constraint and transformer,unsure,unsure,unsure,True,1.0,unsure
,E92DLAGP,Fabrication and In Vitro Characterization of Novel Hydroxyapatite Scaffolds 3D Printed Using Polyvinyl Alcohol as a Thermoplastic Binder,exclude,exclude,exclude,True,1.0,exclude
,D5VQSNCE,"Marginal and internal fit of three-unit zirconia fixed dental prostheses: Effects of prosthesis design, cement space, and zirconia type",unsure,unsure,unsure,True,1.0,unsure
,7ZKZHFDS,3D environment with BMP-2-releasing nanocarriers enhances osteogenic commitment of human tendon stem cells,exclude,exclude,exclude,True,1.0,exclude
,HVSVPP5G,Full-laser-enabled clean hierarchical structuring and multifunctional synergy for high-performance in vivo 3D-printed implants,exclude,exclude,exclude,True,1.0,exclude
,AF87XDDY,Study on the densification drilling mechanism and evaluation system of polyurethane foam as a simulated material for alveolar bone,unsure,unsure,unsure,True,1.0,unsure
,I3TST95R,Demographic and structural indicators of temporomandibular joint osteoarthritis in asymptomatic adults: a cone-beam computed tomography-based multivariate analysis,unsure,unsure,unsure,True,1.0,unsure
,UQD3PPU3,Comparative biomechanics of all-on-4 and vertical implant placement in asymmetrical mandibular: a finite element study,unsure,unsure,unsure,True,1.0,unsure
,6FDZK9VR,Planning system for the optimization of electric field delivery using implanted electrodes for brain tumor control,exclude,exclude,exclude,True,1.0,exclude
,M9JXA2JA,Remedying infectious bone defects via 3D printing technology,exclude,exclude,exclude,True,1.0,exclude
,25923KNL,Platform technologies for regenerative endodontics from multifunctional biomaterials to tooth-on-a-chip strategies,exclude,exclude,exclude,True,1.0,exclude
,QNGMXXMT,Label-free saliva screening platform using M13 bacteriophage-based 3D plasmonic structures for MRONJ diagnosis,exclude,exclude,exclude,True,1.0,exclude
,4PNISP4D,Explainable CNN-Radiomics Fusion and Ensemble Learning for Multimodal Lesion Classification in Dental Radiographs,exclude,exclude,exclude,True,1.0,exclude
,RJTHGWR9,Influence of the Angulation and Insertion Depth of Implants on the 3D Trueness of Conventional and Digital Impressions,unsure,unsure,unsure,True,1.0,unsure
,4CX3I2NW,In Vitro and In Vivo Evaluation of 3D Printed Poly(Ethylene Glycol) Dimethacrylate-Based Photocurable Hydrogel Platform for Bone Tissue Engineering,exclude,exclude,exclude,True,1.0,exclude
,KACG2NYI,Accuracy and efficiency of a calibration approach in dynamic navigation for implant placement: An in vitro study,unsure,unsure,unsure,True,1.0,unsure
,3H4DSIRU,Osteogenic Nanozymes for Diabetic Bone Regeneration via Synergistic Antioxidant and Osteoinductive Functions,exclude,exclude,exclude,True,1.0,exclude
,4FC2X3LJ,Trueness of removable partial denture frameworks additively manufactured with selective laser melting,unsure,unsure,unsure,True,1.0,unsure
,5B8XDKKQ,"Comparison of the accuracy of implant position among freehand implant placement, static and dynamic computer-assisted implant surgery in fully edentulous patients: a non- randomized prospective study",unsure,unsure,unsure,True,1.0,unsure
,ASDW5B4B,A Novel Pancreatic Tumor Detection and Diagnosis Using Adaptive TransResUnet Aided Segmentation and ASPP with Multi-Scale EfficientNet-Based Classification,exclude,exclude,exclude,True,1.0,exclude
,CQJ6U8GK,Bilayer Fiber-Reinforced Composite-Hydrogel Scaffolds With Bioactive Glass for Bone Tissue Regeneration,exclude,exclude,exclude,True,1.0,exclude
,NVTUI38R,An intestinal matrix-based human lung cancer model reflects clinical data from gefitinib on dosage-dependent efficacy,exclude,exclude,exclude,True,1.0,exclude
,HTI9YI8V,Geometric and dosimetric impact of 3D generative adversarial network-based metal artifact reduction algorithm on VMAT and IMPT for the head and neck region,exclude,exclude,exclude,True,1.0,exclude
,I8J9WSTP,Comparison of Immediate Implant Placement Accuracy Between Novice and Experienced Operators Using Aggressive and Apical-Aggressive Thread Implant With dCAIS: An In Vitro Model Study,unsure,unsure,unsure,True,1.0,unsure
,HN62NC7A,"Biomechanics of the tooth cervical region investigated using 3D digital image correlation, micro CT, and finite element analysis",unsure,unsure,unsure,True,1.0,unsure
,JTQCYKPI,"Reconstructing dietary ecology of extinct strepsirrhines (Primates, Mammalia) with new approaches for characterizing and analyzing tooth shape",exclude,exclude,exclude,True,1.0,exclude
,A2IQLI82,Biomechanical evaluation of prosthetic framework materials in subperiosteal implants: a finite element analysis,unsure,unsure,unsure,True,1.0,unsure
,KJCSZZKL,Accuracy of digital impressions for three- unit and four-unit implant supported fixed dental prostheses using a novel device,unsure,unsure,unsure,True,1.0,unsure
,UEXGMEK7,Automated condylar seating assessment using a deep learning-based three-step approach,unsure,unsure,unsure,True,1.0,unsure
,6Z8WC5MR,Comparing 3D Tooth Movement When Implementing the Same Virtual Setup on Different Software Packages,include,include,include,True,1.0,include
,KY63Y6R9,Zirconia endocrown with intracanal extension and zi posts on maxillary molars: in silico study,unsure,include,include,False,0.6666666666666666,include
,IAU2WQCS,Comparing a knowledge-based 3D reconstruction algorithm to TomTec 3D echocardiogram algorithm in measuring left cardiac chamber volumes in the pediatric population,exclude,exclude,exclude,True,1.0,exclude
,QRK3VBMA,Optimization of Resin Printing Parameters for Improved Surface Roughness Using Metaheuristic Algorithms: A Multifaceted Approach,unsure,unsure,unsure,True,1.0,unsure
,T5ULN7W4,Material-discriminating chromatic X-ray stationary intraoral computed tomography technology,unsure,unsure,unsure,True,1.0,unsure
,URS4TJAG,Multiscale 3D Whole Joint Cellular and Molecular Mapping Reveals Disease-Specific Neurovascular Plasticity Underlying the Structure-Pain Relationship,exclude,exclude,exclude,True,1.0,exclude
,4S9PAY5N,Biomechanical effect of implant design on four implants supporting mandibular full-arch fixed dentures: In vitro test and finite element analysis,exclude,unsure,unsure,False,0.6666666666666666,unsure
,F998RIHV,Clinical efficacy of maxillary digital removable partial dentures based on direct intraoral scanning and selective laser melting technology: a double-blind randomized controlled crossover clinical trial,unsure,unsure,unsure,True,1.0,unsure
,8NVWKNJM,Evaluation of Four-Dimensional Computed Tomography as a Technique for Quantifying Carpal Motion,exclude,exclude,exclude,True,1.0,exclude
,BPXF2FW7,RANKL neutralisation prevents osteoclast activation in a human in vitro ameloblastoma-bone model,unsure,unsure,unsure,True,1.0,unsure
,TAIBSVUD,Evaluating a preclinical orthodontic training using haptic-enhanced VR simulation system: a longitudinal study,unsure,unsure,unsure,True,1.0,unsure
,QW9W4XKJ,Automatic and standardized reporting of perioperative MRIs in patients with central nervous system tumors,exclude,exclude,exclude,True,1.0,exclude
,ZD6BVLA7,Accuracy of dental implant surgery with robotic position feedback and registration algorithm: An in-vitro study,unsure,unsure,unsure,True,1.0,unsure
,UBSHIVXV,Accuracy of intraoral scanning methods for maxillary Kennedy class I arch,exclude,exclude,exclude,True,1.0,exclude
,FLGPJH3R,Penetration of inferior alveolar nerve canal increased by bicortical fixation after bilateral sagittal split osteotomy in mandibular prognathism,unsure,exclude,exclude,False,0.6666666666666666,exclude
,52HGP6QH,An application framework of 3D assessment image registration accuracy and untouched surface area in canal instrumentation laboratory research with micro-computed tomography,include,include,include,True,1.0,include
,HJWH77MB,Self-organization of the hematopoietic vascular niche and emergent innate immunity on a chip,exclude,exclude,exclude,True,1.0,exclude
,KT7GJAGK,Direct inkjet writing type 1 bovine collagen/β-tricalcium phosphate scaffolds for bone regeneration,exclude,exclude,exclude,True,1.0,exclude
,IIAXIP3S,Stress Distribution on Various Implant-Retained Bar Overdentures,include,include,include,True,1.0,include
,BTXDV477,3D-Printed Colloidal Crystal Hydrogel Crown Fused with Machine Learning-Integrated Resistance Strain Sensor for Pressure Sensing,unsure,unsure,unsure,True,1.0,unsure
,PIJCZ274,Structural composition of antibacterial zinc-doped geopolymers,exclude,exclude,exclude,True,1.0,exclude
,6IJEDW2M,Evaluation of mandibular symmetry and morphology in adult patients with unilateral posterior crossbite: a CBCT study using a surface-to-surface matching technique,include,unsure,unsure,False,0.6666666666666666,unsure
,Y5SI9D7I,Automatic prediction of depth of invasion in oral tongue squamous cell carcinoma using a multimodal regression network fusing prior text and anatomical knowledge,unsure,unsure,unsure,True,1.0,unsure
,CJ4X3HIL,HighFold-MeD2: An Enhanced Boltz-2 Model for Accurate Structure Prediction of N-Methylated and d-Amino Acid Cyclic Peptides,exclude,exclude,exclude,True,1.0,exclude
,66ZG9X74,Changes of Airway Space and Flow in Patients Treated with Rapid Palatal Expander (RPE): An Observational Pilot Study with Comparison with Non-Treated Patients,include,include,include,True,1.0,include
,PARZEQ25,Comparison of digital and conventional methods of fit evaluation of partial removable dental prosthesis frameworks fabricated by selective laser melting,include,include,include,True,1.0,include
,W2SGSLB2,A novel digital and visualized guided bone regeneration procedure and digital precise bone augmentation: A case series,unsure,unsure,unsure,True,1.0,unsure
,FK2AQUZY,Waferless Orthognathic Surgery with Customized Osteosynthesis and Surgical Guides: A Prospective Study,unsure,unsure,unsure,True,1.0,unsure
,7ANUKW4R,Biomaterialomics: Data science-driven pathways to develop fourth-generation biomaterials,exclude,exclude,exclude,True,1.0,exclude
,UQ82SCUG,RGD Peptide-Based Hydrogel Enhances the Osteogenic Differentiation of Periodontal Ligament Stem Cells via Wnt Signaling,exclude,exclude,exclude,True,1.0,exclude
,FB4XISL2,Machine learning-assisted diagnosis of parotid tumor by using contrast-enhanced CT imaging features,include,include,include,True,1.0,include
,KG6ATNQX,Effect of implant shape and length on the accuracy of robot-assisted immediate implant surgery: An in vitro study,unsure,unsure,unsure,True,1.0,unsure
,XTXGD7BC,Improving accuracy and efficiency of the machined PEEK denture based on NSGA-II integrated GABP neural network,unsure,unsure,unsure,True,1.0,unsure
,7HZ83PC7,Biomechanical comparison of various implant inclinations and abutment types in a bendable implant system,unsure,unsure,unsure,True,1.0,unsure
,CVJSTDZ9,Patient-reported outcomes and framework fit accuracy of removable partial dentures fabricated using digital techniques: A systematic review and meta-analysis,exclude,exclude,exclude,True,1.0,exclude
,WXVAEGB8,Positron emission tomography-based intratumoral spatial diversity for prognosis in nasopharyngeal carcinoma,exclude,exclude,exclude,True,1.0,exclude
,49AWWJ26,A speech bulb prosthesis for a soft palate defect with a polyetherketoneketone (PEKK) framework fabricated by multiple digital techniques: A clinical report,unsure,unsure,unsure,True,1.0,unsure
,U8JBS7DW,Interpretable artificial intelligence for classification of alveolar bone defect in patients with cleft lip and palate,unsure,unsure,unsure,True,1.0,unsure
,IDQSDLWM,Finite-Element Analysis of the Effect of Utilizing Various Material Assemblies in “All on Four” on the Stresses on Mandible Bone and Prosthetic Parts,unsure,unsure,unsure,True,1.0,unsure
,T5PIL2ZE,"Engineering Materials and Devices for the Prevention, Diagnosis, and Treatment of COVID-19 and Infectious Diseases",exclude,exclude,exclude,True,1.0,exclude
,EZJLMVRU,DentalArch: AI-Based Arch Shape Detection in Orthodontics,include,include,include,True,1.0,include
,IXRPPF5V,MRI radiomics: A machine learning approach for the risk stratification of endometrial cancer patients,exclude,exclude,exclude,True,1.0,exclude
,27GSFABH,Complete 3D Kinematics Parameters of the Temporo-Mandibular Joints Using in Vivo Data Fusion,unsure,unsure,unsure,True,1.0,unsure
,3NFN4EA2,Deep-Learning-Based Automatic Measurement of the Distance Between the Maxillary Sinus and Maxillary Posterior Teeth on CBCT Images,unsure,unsure,unsure,True,1.0,unsure
,SSWKLZ92,Refined in vivo model for bone regeneration: insights into scaffold architecture and porosity,exclude,exclude,exclude,True,1.0,exclude
,SGLXSTFU,Deep learning-based detection of the second mesiobuccal canal in maxillary first molars using cone-beam computed tomography,unsure,unsure,unsure,True,1.0,unsure
,MW6S9KL4,"Smartphone and tablet-based 3D scanner for anthropometric assessments in adults: a systematic review of reliability, validity, and accuracy",exclude,exclude,exclude,True,1.0,exclude
,DZH7NH4V,Advances in neoteric modular tissue engineering strategies for regenerative dentistry,exclude,exclude,exclude,True,1.0,exclude
,6V6YHWRX,Optimized design of a tooth-simulating screw for enhanced accuracy in robot-assisted implant placement in completely edentulous jaws,unsure,unsure,unsure,True,1.0,unsure
,NXZDYPC2,A Reproducible 3D Classification of Orbital Morphology Derived from CBCT and FBCT Segmentation,unsure,unsure,unsure,True,1.0,unsure
,A3LE5SCX,Multi-Printhead Parallel Printing of Polycaprolactone Barrier/Filler-Integrated Scaffolds for Alveolar Bone Repair,unsure,unsure,unsure,True,1.0,unsure
,K9UPHLXJ,Role of Cone-Beam Computed Tomography (CBCT) in Obstructive Sleep Apnea (OSA): A Comprehensive Review,exclude,exclude,exclude,True,1.0,exclude
,G3QQG2SA,Accuracy of immediately placed implants using surgical guides from different 3-dimensional printers: An in vitro study,unsure,unsure,unsure,True,1.0,unsure
,4GNRU9LC,Bone Multicellular Unit on a Chip (BMU-Chip) Subjected to Cyclic Mechanical Loading,exclude,exclude,exclude,True,1.0,exclude
,MW5FQLAK,Effect of Injection Guide Design on the Accuracy of Direct Composite Veneers: An In Vitro Study,unsure,unsure,unsure,True,1.0,unsure
,6EAY9ZAU,Accuracy of Digital Impressions at Varying Implant Depths: An In Vitro Study,unsure,unsure,unsure,True,1.0,unsure
,GEREGG8M,3D engineered human gingiva fabricated with electrospun collagen scaffolds provides a platform for in vitro analysis of gingival seal to abutment materials,unsure,unsure,unsure,True,1.0,unsure
,QAQKMGUW,Biomechanical Analysis of Different Pacifiers and Their Effects on the Upper Jaw and Tongue,unsure,unsure,unsure,True,1.0,unsure
,NPX3F9WI,Deep learning-based prediction of mandibular growth trend in children with anterior crossbite using cephalometric radiographs,unsure,unsure,unsure,True,1.0,unsure
,APVNWPAS,Comparing the accuracy and treatment time of a robotic and dynamic navigation system in osteotomy and root-end resection: An in vitro study,unsure,unsure,unsure,True,1.0,unsure
,9WHDZH6I,Automated planning of mandible reconstruction with fibula free flap based on shape completion and morphometric descriptors,unsure,unsure,unsure,True,1.0,unsure
,R7FR4WT9,Progress of Multimodal Imaging: Bridging Orthodontics to Comprehensive Oral Multidisciplinary Care,exclude,exclude,exclude,True,1.0,exclude
,RSDDM8EI,Development of automatic landmark identification for mandible using curvature-based registration,unsure,unsure,unsure,True,1.0,unsure
,SE34LAZ9,Risk assessment of inferior alveolar nerve injury after wisdom tooth removal using 3D AI-driven models: A within-patient study,unsure,unsure,unsure,True,1.0,unsure
,HV33DHUQ,YOLOv5 Attention Analysis for Anterior Eye Disease Classification: Grad-CAM plus plus Feature Importance and Cut-and-Paste Validation,exclude,exclude,exclude,True,1.0,exclude
,FHF2C4Z8,Digital three-dimensional visualization of intrabony periodontal defects for regenerative surgical treatment planning,include,include,include,True,1.0,include
,CWYF2FX9,Comparison of the accuracy of implant placement using different drilling systems for static computer-assisted implant surgery: A simulation-based experimental study,unsure,unsure,unsure,True,1.0,unsure
,VTYTBDL8,Novel Design and Optimization of Porous Titanium Structure for Mandibular Reconstruction,unsure,unsure,unsure,True,1.0,unsure
,AUL932PG,Prediction of orthognathic surgery plan from 3D cephalometric analysis via deep learning,unsure,unsure,unsure,True,1.0,unsure
,9MVRH769,Digitization of Dentate and Edentulous Maxillectomy and Mandibulectomy Defects with Three Different Intraoral Scanners: A Comparative In Vitro Study,unsure,unsure,unsure,True,1.0,unsure
,UQQICCU6,Patch-based convolutional neural networks for automatic landmark detection of 3D facial images in clinical settings,unsure,unsure,unsure,True,1.0,unsure
,Y3YC87XA,From Digital Planning to Surgical Precision: Assessing the Accuracy of NemoFAB in Orthognathic Surgery,exclude,exclude,exclude,True,1.0,exclude
,NFEQYJAL,Skin viscoelasticity as a predictor of optimal facial prosthesis design using 4D facial expression modeling,unsure,unsure,unsure,True,1.0,unsure
,IFMITIYW,Explainable machine learning algorithm for classifying resting-state functional MRI in amyotrophic lateral sclerosis,exclude,exclude,exclude,True,1.0,exclude
,9UREPCYD,Versatile Microfluidics for Biofabrication Platforms Enabled by an Agile and Inexpensive Fabrication Pipeline,exclude,exclude,exclude,True,1.0,exclude
,AE93R3LY,Physical characterization of therapeutic proton delivery through common dental materials,exclude,exclude,exclude,True,1.0,exclude
,EY5PW2ZD,The influence of radiographic marker registration versus a markerless trace registration method on the implant placement accuracy achieved by dynamic computer-assisted implant surgery. An in-vitro study,unsure,unsure,unsure,True,1.0,unsure
,NDU69W2E,Assessment of Occlusal Contacts Recorded with the Medit Intraoral Scanner vs. Exocad Software,exclude,exclude,exclude,True,1.0,exclude
,RMPM2EHR,Comparison of Accuracy of Fit of Three-Unit Fixed Ceramic Cobalt-Chromium Dental Prostheses Fabricated by Three Different Techniques,unsure,unsure,unsure,True,1.0,unsure
,5DBUDE5I,Digital image correlation in dental materials and related research: A review,exclude,exclude,exclude,True,1.0,exclude
,REL9RRAH,In situ 4D tomography image analysis framework to follow sintering within 3D-printed glass scaffolds,exclude,exclude,exclude,True,1.0,exclude
,JRKEL5DC,Accuracy and Efficiency of Endodontic Microsurgery Assisted by Dynamic Navigation Based on Two Different Registration Methods: An In Vitro Study,include,include,include,True,1.0,include
,CNBNDITS,Survival prediction in non-small cell lung cancer using layer-wise radiomics and stacked radscore integration: a multi-institutional study,exclude,exclude,exclude,True,1.0,exclude
,2TSB6AS5,Radiomic biomarkers of locoregional recurrence: prognostic insights from oral cavity squamous cell carcinoma preoperative CT scans,unsure,unsure,unsure,True,1.0,unsure
,CD63K8E4,Unveiling the power of artificial intelligence for image-based diagnosis and treatment in endodontics: An ally or adversary?,exclude,exclude,exclude,True,1.0,exclude
,3DVCKSND,Anionic Citrate-Based 3D-Printed Scaffolds for Tunable and Sustained Orthobiologic Delivery to Enhance Tissue Regeneration,exclude,exclude,exclude,True,1.0,exclude
,QIULYBZU,"Machine-learning models for differentiating benign and malignant breast masses: Integrating automated breast volume scanning intra-tumoral, peri-tumoral features, and clinical information",exclude,exclude,exclude,True,1.0,exclude
,X6MQB5ZG,"3D printed indirect bonding trays: transfer accuracy of bar vs shell design in a prospective, randomized clinical trial",include,include,include,True,1.0,include
,BIXA89V9,Organoid models through the lens of metabolomics: a systematic review of experimental applications and analytical approaches,exclude,exclude,exclude,True,1.0,exclude
,HQE7BQ7H,Quantifying symmetry in mandibular condyle motion: a real-time MRI approach,unsure,unsure,unsure,True,1.0,unsure
,4ZQQ9JAN,NNTV-GS: a fast reconstruction method combining nearest neighbor total variation and Gaussian splatting in dental offset detector CBCT,include,unsure,unsure,False,0.6666666666666666,unsure
,GID4YXLX,Jaw Morphology and Factors Associated with Upper Impacted Canines: Case-Controlled Trial,unsure,unsure,unsure,True,1.0,unsure
,B8ZTR89F,A Low-Cost Wireless Bite Force Measurement Device,unsure,unsure,unsure,True,1.0,unsure
,QTQBEXXK,Nose approximation among South African groups from cone-beam computed tomography (CBCT) using a new computer-assisted method based on automatic landmarking,include,include,include,True,1.0,include
,LEAIKBNU,Effect of triangular mesh resolution on the geometrical trueness of segmented CBCT maxillofacial data into STL format,include,include,include,True,1.0,include
,55HV4G8T,Construction of dentin-on-a-chip based on microfluidic technology and tissue engineering,unsure,unsure,unsure,True,1.0,unsure
,E8EEWYKI,A Hybrid Approach Combining Dual-Energy and Inpainting Methods for Metal Artifact Reduction in Dentomaxillofacial CBCT: A Proof-of-Concept Phantom Study,unsure,unsure,unsure,True,1.0,unsure
,D47HL2MJ,The preliminary in vitro study and application of deep learning algorithm in cone beam computed tomography image implant recognition,unsure,unsure,unsure,True,1.0,unsure
,9R87DLWP,Bidirectional prediction of facial and bony shapes for orthognathic surgical planning,unsure,unsure,unsure,True,1.0,unsure
,3RZFY4WX,Evaluation of the Stress Levels of Different Implant Treatment Options in Extremely Atrophic Maxillae by Finite Element Analysis Method,unsure,unsure,unsure,True,1.0,unsure
,9KI3DYAU,Virtually-Planned Orthognathic Surgery Achieves an Accurate Condylar Position,unsure,unsure,unsure,True,1.0,unsure
,TFPARTRL,Advanced 3D imaging and organoid bioprinting for biomedical research and therapeutic applications,exclude,exclude,exclude,True,1.0,exclude
,B74HA57S,Quantitative 3D imaging of the cranial microvascular environment at single-cell resolution,exclude,exclude,exclude,True,1.0,exclude
,NLELJUTF,Positional trueness of three removable die designs with different root geometries manufactured using stereolithographic 3D printing,unsure,unsure,unsure,True,1.0,unsure
,QVUWC6BB,"Open-source, 3D printable IOL holder for detailed, smartphone-based anterior segment photography",exclude,exclude,exclude,True,1.0,exclude
,4GCSCPFE,The effect of mandibular advancement on pharyngeal airway space in patients with oral squamous cell carcinoma: A monocentric prospective study with computed tomography,include,include,include,True,1.0,include
,N4DE7DW7,A modified deep learning model in the classification of post-COVID-19 lung disease and a comparative study on Iranian and international databases,exclude,exclude,exclude,True,1.0,exclude
,EFLB9EYW,Novel method for 3D volume evaluation of the intracardiac leads using iterative metal artifact reduction technique in computed tomography,exclude,exclude,exclude,True,1.0,exclude
,6UCDT3F9,Digital (R)Evolution: Open-Source Softwares for Orthodontics,include,include,include,True,1.0,include
,DFBH82QS,Protease-responsive protein hydrogel enabling spatiotemporal ClO2 release for precision treatment of intracellular infections and periodontitis,exclude,exclude,exclude,True,1.0,exclude
,AL8SFYW7,Xenogenic Implantation of Human Mesenchymal Stromal Cells Using a Novel 3D-Printed Scaffold of PLGA and Graphene Leads to a Significant Increase in Bone Mineralization in a Rat Segmental Femoral Bone Defect,exclude,exclude,exclude,True,1.0,exclude
,BLV4YE3S,Effects of canine movement on maxillary anterior en-masse retraction with clear aligners: a finite element study,include,include,include,True,1.0,include
,6IZZFBWY,Quantum-inspired fused explainable deep learning framework for early enamel caries classification in intraoral photographs,exclude,exclude,exclude,True,1.0,exclude
,P6D7ZQCF,Automatic prediction of obstructive sleep apnea in patients with temporomandibular disorder based on multidata and machine learning,unsure,unsure,unsure,True,1.0,unsure
,JBK4VDNH,AI-based automatic segmentation of craniomaxillofacial anatomy from CBCT scans for automatic detection of pharyngeal airway evaluations in OSA patients,unsure,unsure,unsure,True,1.0,unsure
,8IRK2KSP,Customized Virtual Simulation Platform for Practicing Root Canal Filling in Undergraduate Preclinical Course,unsure,unsure,unsure,True,1.0,unsure
,57CPEZ6K,Tooth mesh repair method based on side length-area constraint and dihedral angle driven subdivision,unsure,unsure,unsure,True,1.0,unsure
,YUUM6JTQ,A 10-Step Digital Workflow for Immediate Implant Placement and Loading in Terminal Dentition Patients,unsure,unsure,unsure,True,1.0,unsure
,4ADVE8CK,Quantifying error introduced by iterative closest point image registration,exclude,exclude,exclude,True,1.0,exclude
,JQX4HQ9M,Treatment effects of 3D-printed PCL/Fe3O4@ 3 O 4 @ ZIF-8 magnetic nanocomposite on infected bone defect,exclude,exclude,exclude,True,1.0,exclude
,W8WPQ4EQ,A novel probabilistic and 3D column P300 stimulus presentation paradigm for EEG-based spelling systems,exclude,exclude,exclude,True,1.0,exclude
,WMXWH3IN,A Machine Learning Pipeline for Cusp Height Prediction in Worn Lower Molars: Methodological Proof-of-Concept and Validation Across Homo,unsure,unsure,unsure,True,1.0,unsure
,3Y9BEUQY,Generation and characterisation of a humanised GLP-1 receptor mouse model for translational drug development,exclude,exclude,exclude,True,1.0,exclude
,AY74A6GH,Artificial intelligence and mixed reality for dental implant planning: A technical note,include,include,include,True,1.0,include
,CC9R3U63,Is All-on-four effective in case of partial mandibular resection? A 3D finite element study,unsure,unsure,include,False,0.6666666666666666,unsure
,88NX4TJX,Higher-order sonification of the human brain,exclude,exclude,exclude,True,1.0,exclude
,JHV3F4QS,A morphometric anthropometric analysis of the upper lip in adult Western Romanian population- a retrospective study,include,include,include,True,1.0,include
,KMX2BFHT,Improved Tooth Crown Edge Smoothing Method Based on Noise Classification and Fitting,unsure,unsure,unsure,True,1.0,unsure
,NKKYIYAE,AI-based evaluation of implant abutment screw torque decay: A periapical radiograph pilot study,exclude,exclude,exclude,True,1.0,exclude
,JTZRXANB,Influence of planning software and template design on the accuracy of static computer assisted implant surgery performed using guides fabricated with material extrusion technology: An in vitro study,unsure,exclude,exclude,False,0.6666666666666666,exclude
,XTCVIT7B,"Development of an AI-derived, non-invasive, label-free 3D-printed microfluidic SERS biosensor platform utilizing Cu@Ag/carbon nanofibers for the detection of salivary biomarkers in mass screening of oral cancer",exclude,exclude,exclude,True,1.0,exclude
,BIBE7LVS,Deep learning-based identification and maturation assessment of the zygomaticomaxillary suture in cone-beam computed tomography images,unsure,unsure,unsure,True,1.0,unsure
,T6EQ48WZ,Study on 3D printed MXene-berberine-integrated scaffold for photo-activated antibacterial activity and bone regeneration,unsure,unsure,exclude,False,0.6666666666666666,unsure
,MQNDTQ9B,Interfacial diffusion regulation via a self-reinforcing MgO/sodium alginate/ gallium hybrid coating on magnesium for enhanced tissue-induced regeneration,exclude,exclude,exclude,True,1.0,exclude
,JJD2I8Q6,Microstructural heterogeneity of the collagenous network in the loaded and unloaded periodontal ligament and its biomechanical implications,unsure,unsure,unsure,True,1.0,unsure
,KV7YFH57,Injectable hyaluronic acid-based hydrogels with carbon dots and an iron complex for embolization,exclude,exclude,exclude,True,1.0,exclude
,P7IJ8IVV,A Clinical Risk Assessment of a 3D-Printed Patient-Specific Scaffold by Failure Modes and Effects Analysis,unsure,unsure,unsure,True,1.0,unsure
,EN2MHM36,Digital workflow in implant prosthodontics: The critical aspects for reliable accuracy,exclude,exclude,exclude,True,1.0,exclude
,TM73BD3Y,"HoloLens? platform for healthcare professionals simulation training, teaching, and its urological applications: an up-to-date review",exclude,exclude,exclude,True,1.0,exclude
,37R7W5UU,Comparison of the accuracy of removable partial denture frameworks fabricated using conventional and digital impressions: a clinical study,unsure,unsure,unsure,True,1.0,unsure
,33Z49IEH,Osteogenic Potential of 3D-Printed Porous Poly(lactide-co-trimethylene carbonate) Scaffolds Coated with Mg-Doped Hydroxyapatite,exclude,exclude,exclude,True,1.0,exclude
,KBURGWIJ,Fully automated 3D segmentation of periapical lesions on CBCT images using nnU-Net v2,include,unsure,unsure,False,0.6666666666666666,unsure
,UVUEYTMM,Assessment of the Highest Stress Concentration Area Generated on the Mandibular Structure Using Meshless Finite Elements Analysis,include,include,include,True,1.0,include
,7CLZIHKA,Complete arch implant capture using a photogrammetry algorithm and smartphone app: An in vitro study,unsure,unsure,unsure,True,1.0,unsure
,I7KVKAFC,Effect of print orientation and duration of ultraviolet curing on the dimensional accuracy of a 3-dimensionally printed orthodontic clear aligner design,unsure,unsure,unsure,True,1.0,unsure
,KTMFTBUV,Chairside virtual patient protocol. Part 3: In vitro accuracy of a digital facebow,unsure,unsure,unsure,True,1.0,unsure
,8NQJVCNB,In vitro evaluation of surface cleaning methods in two different implant defect angulations: a pilot study,unsure,unsure,unsure,True,1.0,unsure
,3TBNKUQA,Initial implementation of surgical guide design utilizing digital medicine for lateral orbital decompression surgery,exclude,include,include,False,0.6666666666666666,include
,K627ZTL9,Effect of bur grit size on the marginal adaptation of glass ceramic restorations,unsure,unsure,unsure,True,1.0,unsure
,BTIMYQVX,Precision-optimized process control in DLP printing of ultra-thin zirconia prostheses: A multi-factor accuracy analysis,unsure,unsure,unsure,True,1.0,unsure
,WAYS2G79,Technical Note: Automatic segmentation of CT images for ventral body composition analysis,exclude,exclude,exclude,True,1.0,exclude
,XG3GHLVR,Enhancing skeletal stability and Class III correction through active orthodontist engagement in virtual surgical planning: A voxel-based 3-dimensional analysis,include,include,include,True,1.0,include
,5M32RDJ9,Prediction of radiation pneumonitis after CRT in patients with advanced NSCLC using multi-region radiomics and attention-based ensemble learning,exclude,exclude,exclude,True,1.0,exclude
,H2NHEP4A,The Bio-Restorative Concept for Implant-Supported Restorations,unsure,unsure,unsure,True,1.0,unsure
,U988KAR7,The efficacy of immediate implant placement in the anterior maxilla with dehiscence in the facial alveolar bone: A case series,unsure,unsure,unsure,True,1.0,unsure
,STFCTCD2,Construction and Modeling of a Coculture Microplate for Real-Time Measurement of Microbial Interactions,exclude,exclude,exclude,True,1.0,exclude
,YZR8MJT7,The temporomandibular ligament as a tethered radius guiding articular eminence development during craniofacial growth,exclude,exclude,exclude,True,1.0,exclude
,8T69IZN7,An open-source multifunctional registration device for implant-supported complete dentures,unsure,unsure,unsure,True,1.0,unsure
,6LPJ3GYL,Reduced graphene oxide loaded with tetrahedral framework nucleic acids for combating orthodontically induced root resorption,unsure,exclude,exclude,False,0.6666666666666666,exclude
,WQ43MFDP,Physics-Driven Computational Multispectral Imaging for Accurate Color Measurement,unsure,unsure,unsure,True,1.0,unsure
,U9JDHKQD,Chairside-applicable MS/FGelMA hydrogel with enhanced osteogenesis and mechanical adaptability for alveolar ridge preservation,exclude,exclude,exclude,True,1.0,exclude
,TY5VT4UV,Mixed Reality as a Digital Visualisation Solution for the Head and Neck Tumour Board: Application Creation and Implementation Study,unsure,unsure,unsure,True,1.0,unsure
,8S49AU3F,In vitro and in vivo accuracy of autonomous robotic vs. fully guided static computer-assisted implant surgery,unsure,unsure,unsure,True,1.0,unsure
,SZNPBGT5,Evaluating the effect of pore size for 3d-printed bone scaffolds,exclude,exclude,exclude,True,1.0,exclude
,X5I9XSAI,"Engineering function in lung biology: integrating imaging, regenerative constructs, and functional biodesign",exclude,exclude,exclude,True,1.0,exclude
,LQVKL9I3,Injectable ABA Triblock Copolyether Hydrogel for Dental Implant-Mediated Drug Delivery,unsure,unsure,unsure,True,1.0,unsure
,58D7NV25,DYNAMIC NAVIGATION MAY BE USED FOR MOST IMPLANT SURGERY SCENARIOS DUE TO ITS SATISFACTORY ACCURACY,exclude,exclude,exclude,True,1.0,exclude
,QRGXM3KI,Deep learning neural networks to differentiate Stafne's bone cavity from pathological radiolucent lesions of the mandible in heterogeneous panoramic radiography,unsure,unsure,unsure,True,1.0,unsure
,BZ9HE4MG,Harmonization of Protocols for Multi-Species Organoid Platforms to Study the Intestinal Biology of Toxoplasma gondii and Other Protozoan Infections,exclude,exclude,exclude,True,1.0,exclude
,UJBABLJ7,3D Peri-Implant Epi-Mucosa-on-a-Chip Reveals Alterations in Epithelial Barrier Function Mediated by Host-Bacteria-Biomaterial Interactions,unsure,unsure,unsure,True,1.0,unsure
,2FFUFDEY,Adaptation of maxillary removable partial denture frameworks fabricated with a direct digital workflow: A randomized crossover clinical trial,include,include,include,True,1.0,include
,TMSIYDP5,Repair of infected bone defect with Clindamycin-Tetrahedral DNA nanostructure Complex-loaded 3D bioprinted hybrid scaffold,exclude,exclude,exclude,True,1.0,exclude
,QUEPSGLA,Evaluating the effect of subcrestal placement on platform switched short dental implants and von mises stress in D3 bone-A 3D FEM study,include,include,include,True,1.0,include
,3ERPLNPN,Spatiotemporally Orchestrated Bone Healing: A Composite Scaffold System for Sequential Hemostasis and Osteogenesis,exclude,exclude,exclude,True,1.0,exclude
,2VRLCV5S,Cone-beam computed tomography-based grading system for oropharyngeal airway narrowing: a novel diagnostic framework for multidisciplinary clinical use,unsure,unsure,unsure,True,1.0,unsure
,A5TW6D8I,A case series on a new reference in mandibular angles harmonization: the Frontozygomatic-Infraorbital Line (FZ-IOL),unsure,unsure,unsure,True,1.0,unsure
,HQHHCSHI,Redefining Root Canal Shaping: From Size to Volume-The Functional Endodontic Volume Concept,exclude,exclude,exclude,True,1.0,exclude
,JER44APL,Enhance stereo-DIC in low quality speckle pattern by cross-scale stereo matching with application in dental crack detection,unsure,unsure,unsure,True,1.0,unsure
,PZLBG7A6,"Instantaneous center of rotation, the first step to build up the digital laboratory of complex motions",unsure,unsure,unsure,True,1.0,unsure
,VTNU2Q8E,Surface roughness of high-performance polymers used for fixed implant-supported prostheses,unsure,unsure,unsure,True,1.0,unsure
,P8WWLP4V,Three-Dimensional Volumetric Analysis of Frontal Ethmoidal Cells and Evaluation of Influential Factors: A Helical Computed Tomography Study,exclude,unsure,unsure,False,0.6666666666666666,unsure
,V6PLFDEB,Immediately loaded FP-1 interim fixed implant prosthesis for a patient with amelogenesis imperfecta using photogrammetry and a same day 3D printing protocol: A clinical report,unsure,unsure,unsure,True,1.0,unsure
,5LLXRH5T,Utilizing 3D Slicer to incorporate tomographic images into GATE Monte Carlo simulation for personalized dosimetry in yttrium-90 radioembolization,exclude,exclude,exclude,True,1.0,exclude
,62V28LZT,Design and Implement Strategy of Wireless Bite Force Device,unsure,unsure,unsure,True,1.0,unsure
,B3ERSAXL,"Noncarious cervical lesions in the aging population analyzed through digital scanning: occlusal risk factors, dimensions, and morphology",unsure,unsure,unsure,True,1.0,unsure
,B7WH597W,Effect of Printing Parameters on the Surface Roughness and Dimensional Accuracy of Digital Light Processing Fabricated Parts,exclude,exclude,exclude,True,1.0,exclude
,MIEBLJ9Y,Accuracy (trueness and precision) of a dual-structured light facial scanner and interexaminer reliability,include,include,include,True,1.0,include
,27WN5KMX,Novel three-dimensional methods to analyze the morphology of the nasal cavity and pharyngeal airway,unsure,unsure,unsure,True,1.0,unsure
,2R6WAHXA,Flexible multibody approaches for simulating the deflection and contact mechanics of toothbrush bristles: modelling and testing,exclude,exclude,exclude,True,1.0,exclude
,HKXNTJY6,Photogrammetry-based stereoscopic optode registration method for functional near-infrared spectroscopy,exclude,exclude,exclude,True,1.0,exclude
,CDNLUSS8,"Artificial Intelligence in the Laminate-Veneer Workflow: A Systematic Review and Meta-Analysis of Accuracy, Efficiency, and Esthetic Predictability",exclude,exclude,exclude,True,1.0,exclude
,WC5CA4H3,Meniscus Explants as a Platform for Evaluating Cell-Based Strategies for Avascular Meniscus Repair: A Literature Review,exclude,exclude,exclude,True,1.0,exclude
,Z5PW9R3S,Multi-Analytical Framework to Assess the In Vitro Swallowability of Solid Oral Dosage Forms Targeting Patient Acceptability and Adherence,exclude,exclude,exclude,True,1.0,exclude
,4DYJD7NR,"Normal Growth, Sexual Dimorphism, and Lateral Asymmetries at Fetal Brain MRI",exclude,exclude,exclude,True,1.0,exclude
,Z5PYCCYC,Accuracy of Digital Impressions Obtained Using Six Intraoral Scanners in Partially Edentulous Dentitions and the Effect of Scanning Sequence,include,include,include,True,1.0,include
,ZPAI37L6,Mandibular stability and condylar changes following orthognathic surgery in mandibular hypoplasia patients associated with preoperative condylar resorption,unsure,unsure,unsure,True,1.0,unsure
,VSFK7GD6,Clinical accuracy of three intraoral scanners for determining an increased vertical dimension of occlusion: A pilot study,unsure,unsure,unsure,True,1.0,unsure
,ZLNYC3X4,Eccentric movements of temporomandibular joint and upper airway volume: Three-dimensional segmentation using cone beam computed tomography,unsure,unsure,unsure,True,1.0,unsure
,RXAH2VQD,Marker-free registration for intraoperative navigation using the transverse palatal rugae,unsure,unsure,unsure,True,1.0,unsure
,IHBD25I6,Artificial Intelligence Used for Diagnosis in Facial Deformities: A Systematic Review,exclude,exclude,exclude,True,1.0,exclude
,IHJP7YG5,"Comparison of 3D changes of 3Y, 4Y, and 5Y zirconia single crowns under different sintering protocols",include,include,include,True,1.0,include
,YAYRKZLZ,DeepDTI: High-fidelity six-direction diffusion tensor deep learning,exclude,exclude,exclude,True,1.0,exclude
,52XQ7XHB,Extraction of 3D trajectories of mandibular condyles from 2D real-time MRI,unsure,unsure,unsure,True,1.0,unsure
,27MWKWPV,Influence of framework material on the global and region-specific fabrication accuracy and fit of 3-unit screw-retained implant frameworks,unsure,unsure,unsure,True,1.0,unsure
,7XYUKH88,Interpretable two-stage deep learning for pediatric obstructive sleep apnea diagnosis using lateral cephalograms,unsure,unsure,unsure,True,1.0,unsure
,QN6MR28B,"Critical roles of FGF, RA, and WNT signalling in the development of the human otic placode and subsequent lineages in a dish",exclude,exclude,exclude,True,1.0,exclude
,V2HXN7RX,Influence of the dental arch and number of cutting-off and rescanning mesh holes on the accuracy of implant scans in partially edentulous situations,include,include,include,True,1.0,include
,PUNIEIE6,Landscape of Tooth Regeneration Research: A Dual-Database Bibliometric Analysis,exclude,exclude,exclude,True,1.0,exclude
,C2PA3TK7,ArthroNavi framework: stereo endoscope-guided instrument localization for arthroscopic minimally invasive surgeries,exclude,exclude,exclude,True,1.0,exclude
,VGTLUKL4,Development of a mechatronic guidance system for targeted ultrasound-guided biopsy under high-resolution positron emission mammography localization,exclude,exclude,exclude,True,1.0,exclude
,AAF545N2,Evaluation of Root Angulations Through Panoramic Films Using Artificial Intelligence,include,include,include,True,1.0,include
,DLN24UBD,Effect of Different CAD/CAM Milling and 3D Printing Digital Fabrication Techniques on the Accuracy of PMMA Working Models and Vertical Marginal Fit of PMMA Provisional Dental Prosthesis: An In Vitro Study,unsure,unsure,unsure,True,1.0,unsure
,RJLY54ML,X-ray microtomographic evaluation of the absolute marginal fit of fixed prostheses made from soft Co-Cr and zirconia,unsure,unsure,unsure,True,1.0,unsure
,KDE2M5D3,Automated artificial intelligence-based three-dimensional comparison of orthodontic treatment outcomes with and without piezocision surgery,unsure,unsure,unsure,True,1.0,unsure
,QHUP7V97,Intelligent geometry compensation for additive manufactured oral maxillary stent by genetic algorithm and backpropagation network,unsure,unsure,unsure,True,1.0,unsure
,C2P5C3Y8,Conservation of pyramidal tract in radiosurgery for brain metastases of lung adenocarcinoma: Three-dimensional analysis of biologically effective dose,exclude,exclude,exclude,True,1.0,exclude
,NZXWSQ9R,Explainable Deep Learning Framework for Classifying Mandibular Fractures on Panoramic Radiographs,unsure,unsure,unsure,True,1.0,unsure
,64LU2QXD,Evaluation of accuracy of photogrammetry with 3D scanning and conventional impression method for craniomaxillofacial defects using a software analysis,include,include,include,True,1.0,include
,THM84YLC,Bifunctional 3D-printed PEEK scaffolds incorporating hydrogel-encapsulated magnesium-quinone nanosheets for antibacterial activity and mandibular bone regeneration,exclude,unsure,exclude,False,0.6666666666666666,exclude
,8URSL2ZJ,Innovative 3D-printed dental teaching model for root canal treatment simulation,unsure,unsure,unsure,True,1.0,unsure
,6JHD55S3,Relation between CAD dimensional parameters and framework fracture in zirconia full arch implant rehabilitation: An observational cohort study,unsure,unsure,unsure,True,1.0,unsure
,5ETNVR26,Adaptation of cobalt chromium frameworks fabricated by conventional versus selective laser melting techniques: An in vitro and clinical assessment,unsure,unsure,unsure,True,1.0,unsure
,6LNYCSEG,Customized Flexible Osteoid Electrode for Traumatic Brain Injury Induced Posttraumatic Epilepsy Monitoring,exclude,exclude,exclude,True,1.0,exclude
,RLHZZQIF,Three-dimensional finite element analysis of full-arch implant-supported dental restorations: complete vs. segmented frameworks,unsure,unsure,unsure,True,1.0,unsure
,TLW8WS3P,Morphology and Function Dual-Adjustable Biomimetic 4D-Printed Scaffold for the Regenerative Restoration of Complex Bone Defects,unsure,unsure,unsure,True,1.0,unsure
,4MS9MATQ,A New Deep Learning Algorithm for Detecting Spinal Metastases on Computed Tomography Images,exclude,exclude,exclude,True,1.0,exclude
,TQG3WKJX,Three-Dimensional FEA Analysis of the Stress Distribution on Titanium and Graphene Frameworks Supported by 3 or 6-Implant Models,unsure,unsure,unsure,True,1.0,unsure
,ZGJK5PD2,Microrobotics for Precision Biofilm Diagnostics and Treatment,unsure,exclude,exclude,False,0.6666666666666666,exclude
,2M6V9TT2,Three-Dimensional Tooth Model Reconstruction Using Statistical Randomization-Based Particle Swarm Optimization,unsure,unsure,unsure,True,1.0,unsure
,GCESDLZC,Bayesian Prediction of Multivariate Ecology from Phenotypic Data Yields New Insights into the Diets of Extant and Extinct Taxa,exclude,exclude,exclude,True,1.0,exclude
,MKQJRINH,Three-dimensional volumetric evaluation of dental pulp cavity/tooth ratio in anterior open bite malocclusion using cone beam computed tomography,unsure,unsure,unsure,True,1.0,unsure
,ERII8SC2,Borocarbonitrides nanosheets engineered 3D-printed scaffolds for integrated strategy of osteosarcoma therapy and bone regeneration,exclude,exclude,exclude,True,1.0,exclude
,MU6UNASA,Clinical feasibility of deep learning-based automatic head CBCT image segmentation and landmark detection in computer- aided surgical simulation for orthognathic surgery,unsure,unsure,unsure,True,1.0,unsure
,UCYUH8Y6,"Examining the Influence of Freehand, Pilot-Guided, and Fully Guided Surgical Protocols on the Accuracy of Immediately Placed Implants-An In Vitro Study",unsure,unsure,unsure,True,1.0,unsure
,LQZ2C4X4,Randomized crossover study of immersive planning in craniomaxillofacial trauma comparing virtual reality and workstation workflows,unsure,unsure,unsure,True,1.0,unsure
,NYKRJAXL,"Euler-angle norms for tooth rotation, torque and tip",unsure,unsure,unsure,True,1.0,unsure
,5TR3AEI5,Biomechanical Analysis of Prosthetic Designs Retained by Two or Four Implants in the Edentulous Mandible: A Three-Dimensional Finite Element Analysis,unsure,unsure,unsure,True,1.0,unsure
,W4VK5BNE,Reorientation methodology for reproducible head posture in serial cone beam computed tomography images,unsure,unsure,unsure,True,1.0,unsure
,PZ65JJ6U,"RETRACTED: Early diagnosis of oral cancer using a hybrid arrangement of deep belief networkand combined group teaching algorithm (Retracted article. See vol. 15, 2025)",exclude,exclude,exclude,True,1.0,exclude
,WGAXESY9,On the feasibility of minimally invasive Le Fort I with patient-specific implants: Proof of concept,unsure,unsure,unsure,True,1.0,unsure
,E2M3G8UJ,Comparison of three-dimensional tooth movements in virtual setups using different software packages for clear aligner therapy,unsure,unsure,unsure,True,1.0,unsure
,3RGXD3QU,The impacts of registration-and-fixation device positioning on the performance of implant placement assisted by dynamic computer-aided surgery: A randomized controlled trial,unsure,unsure,unsure,True,1.0,unsure
,HPTKUJ9W,Premolar and Molar Inclination Changes Following Micro-Implant-Assisted Maxillary Skeletal Expander (MSE): A Three-Dimensional Analysis and Visualization,unsure,unsure,unsure,True,1.0,unsure
,SLQBLEG4,Effect of registration methods on accuracy and efficiency of dynamic computer-assisted implant surgery: An in vitro study,unsure,unsure,unsure,True,1.0,unsure
,ZGJZZYG7,Application of Real-time Augmented Reality-guided Osteotomy and Apex Location in Endodontic Microsurgery: A Surgical Simulation Study Based on 3D-printed Alveolar Bone Model,include,include,include,True,1.0,include
,GMX68ZMT,An open-source AI tool for predicting cephalometric measurements from clinical data and photographic images,include,include,include,True,1.0,include
,E96AE39Q,Comparative Evaluation of Biocompatibility between Conventional and Computer-Aided Design/Computer-Aided Manufacturing Dental Polymers Using a Golden Hamster Model,exclude,exclude,exclude,True,1.0,exclude
,49MPN24G,Icex: Advances in the automatic extraction and volume calculation of cranial cavities,exclude,exclude,exclude,True,1.0,exclude
,JVRN27GF,Three-dimensional virtual planning in mandibular advancement surgery: Soft tissue prediction based on deep learning,unsure,unsure,unsure,True,1.0,unsure
,Z8IXXBA4,"Image navigator-based, automated coronary magnetic resonance angiography for the detection of coronary artery stenosis",exclude,exclude,exclude,True,1.0,exclude
,Y3KDF7PV,Generating Tooth Organoids Using Defined Bioorthogonally Cross-Linked Hydrogels,exclude,unsure,unsure,False,0.6666666666666666,unsure
,WIWXEEA2,ACCURACY OF REMOVABLE PARTIAL DENTURE METAL FRAMEWORKS FABRICATED BY COMPUTER-AIDED DESIGN/COMPUTER-AIDED MANUFACTURING METHOD: A SYSTEMATIC REVIEW AND META-ANALYSIS,exclude,exclude,exclude,True,1.0,exclude
,LK5IJDK6,Quantification of Craniofacial Growth Pattern Based on Deep Learning,unsure,unsure,unsure,True,1.0,unsure
,NRXIPVW4,Digital workflow for fabricating a patient-specific detachable 3D-printing model for mesiodens extraction to enhance surgical planning and dental education,unsure,unsure,unsure,True,1.0,unsure
,TD9AZRV4,3-D printing of chitosan-MSN@dexamethasone scaffold with enhanced properties for bone tissue engineering,exclude,exclude,exclude,True,1.0,exclude
,KZIYILZU,Artificial Intelligence for 3D Reconstruction from 2D Panoramic X-rays to Assess Maxillary Impacted Canines,unsure,unsure,unsure,True,1.0,unsure
,HVA6JLX4,Accuracy of a patient 3-dimensional virtual representation obtained from the superimposition of facial and intraoral scans guided by extraoral and intraoral scan body systems,unsure,unsure,unsure,True,1.0,unsure
,5LNT9GNU,Three-Dimensional Segmentation Assisted with Clustering Analysis for Surface and Volume Measurements of Equine Incisor in Multidetector Computed Tomography Data Sets,exclude,exclude,exclude,True,1.0,exclude
,BITQ8URU,Robust and precise isotropic scaling registration algorithm using bi-directional distance and correntropy,unsure,unsure,unsure,True,1.0,unsure
,4BLBU3YQ,Imaging and 3D Analysis Based on Two or More Three-Dimensional CBCT Recordings before and after Orthodontic Treatment and Maxillofacial Therapy,unsure,unsure,unsure,True,1.0,unsure
,JL3QCSFC,Evaluation of the marginal and internal gaps in 3D-printed interim crowns using different finish line detection methods: An in vitro study,unsure,exclude,exclude,False,0.6666666666666666,exclude
,SXRLMTP9,Intraoral Scanners for In Vivo 3D Imaging of the Gingiva and the Alveolar Process,exclude,exclude,unsure,False,0.6666666666666666,exclude
,VU4ZQG5L,Integrating Additive and Traditional Manufacturing for Multiscale Bone Tissue Engineering Scaffolds,exclude,exclude,exclude,True,1.0,exclude
,EEUPFIYZ,Biomechanical Comparison of Asymmetric Implant Configurations for All-on-Four Treatment Using Three-Dimensional Finite Element Analysis,unsure,unsure,unsure,True,1.0,unsure
,R2XL2V5D,Craniofacial and olfactory sensory changes after long-term unilateral nasal obstruction-an animal study using MMP-3-LUC transgenic rats,unsure,unsure,unsure,True,1.0,unsure
,Q9W8VEJT,The butterfly effect in oral and maxillofacial surgery: Understanding and applying chaos theory and complex systems principles,exclude,exclude,exclude,True,1.0,exclude
,RFQCJLX7,Adjunctive Therapies in Periodontitis: Current Concepts and the Future,exclude,exclude,exclude,True,1.0,exclude
,QQ6NHWZM,Regenerative Orthodontics: GBR and Corticotomy to Stretch the Limits of Orthodontic Treatment,include,include,include,True,1.0,include
,HWUQ4VDF,Mechanical and biological properties of polymer materials for oral appliances produced with additive 3D printing and subtractive CAD-CAM techniques compared to conventional methods: a systematic review and meta-analysis,exclude,exclude,exclude,True,1.0,exclude
,RB2EMABN,In vivo trueness and precision of full-arch implant scans using intraoral scanners with three different acquisition protocols,unsure,unsure,unsure,True,1.0,unsure
,LIFEJWBH,Combining 3D Multi-Object Reconstruction with Finite Element Analysis for Accurate Dental Modelling and Restoration,unsure,include,include,False,0.6666666666666666,include
,QQWNE6RN,Development and validation of an automated algorithm for palatal rugae matching in forensic identification,unsure,unsure,unsure,True,1.0,unsure
,ML8NKDKC,Machine learning and topological data analysis identify unique features of human papillae in 3D scans,exclude,exclude,exclude,True,1.0,exclude
,KLM4ETUM,Mechanical Performance of Chairside Ceramic CAD/CAM Restorations and Zirconia Abutments with Different Internal Implant Connections: In Vitro Study and Finite Element Analysis,unsure,unsure,include,False,0.6666666666666666,unsure
,3H84KYQG,A modular phantom and software to characterize 3D geometric distortion in MRI,exclude,exclude,exclude,True,1.0,exclude
,B5653MJF,Stress analysis and risk of failure during clenching in ceramic assembly models: 3-dimensional finite element analysis,include,include,include,True,1.0,include
,973NY5AQ,Monocular depth estimation based on deep learning for intraoperative guidance using surface-enhanced Raman scattering imaging,exclude,exclude,exclude,True,1.0,exclude
,7D8C3IE9,3D imaging for dental identification: a pilot investigation of a novel segmentation method using an intra oral scanning device,unsure,unsure,unsure,True,1.0,unsure
,NP8A4Z4R,Enhanced regeneration of large segmental bone defects via hierarchically structured bioactive scaffolds,exclude,exclude,exclude,True,1.0,exclude
,WJDRS6ZM,The application of virtual reality and augmented reality in dentistry - a literature review,exclude,exclude,exclude,True,1.0,exclude
,IBDZN4D8,A multimodal explainable ai framework to assist in the differential diagnosis of head and neck reactive follicular hyperplasia and follicular lymphoma: an international multicentre study,exclude,exclude,exclude,True,1.0,exclude
,QBWG7CKJ,The Integration of Micro-CT Imaging and Finite Element Simulations for Modelling Tooth-Inlay Systems for Mechanical Stress Analysis: A Preliminary Study,include,include,include,True,1.0,include
,3TMAVBSZ,Spontaneous bone regeneration achieved through one-step alignment of human mesenchymal stem cell-embedded collagen,exclude,exclude,exclude,True,1.0,exclude
,V5Q74ZT6,3D Accuracy of a Conventional Method Versus Three Digital Scanning Strategies for Completely Edentulous Maxillary Implant Impressions,include,unsure,unsure,False,0.6666666666666666,unsure
,MZW42EWD,Growth allometry and dental topography in Upper Triassic conodonts support trophic differentiation and molar-like element function,exclude,exclude,exclude,True,1.0,exclude
,AQ7UL4F3,The influence of framework material on stress distribution in maxillary complete-arch fixed prostheses supported by four dental implants: a three-dimensional finite element analysis,include,unsure,unsure,False,0.6666666666666666,unsure
,YGCBGMYR,Training outcomes of novice clinicians in the use of dynamic computer assisted implant surgery: A prospective comparative study,unsure,unsure,unsure,True,1.0,unsure
,BR63GR42,Design and validation of a technology for 3D printing training phantoms for ultrasound imaging,exclude,exclude,exclude,True,1.0,exclude
,UQTGLARJ,MicroMagnify: A Multiplexed Expansion Microscopy Method for Pathogens and Infected Tissues,exclude,exclude,exclude,True,1.0,exclude
,VRFC6566,Advantages of a Training Course for Surgical Planning in Virtual Reality for Oral and Maxillofacial Surgery: Crossover Study,include,include,include,True,1.0,include
,GST7YSMC,Mandibular ramus height and condyle distance asymmetries in individuals with different facial growth patterns: a cone-beam computed tomography study,unsure,unsure,unsure,True,1.0,unsure
,DQD774W7,Three-dimensional in vivo and finite element analyses of peri-implant bone remodeling after superstructure placement,unsure,unsure,unsure,True,1.0,unsure
,SB5HVH7V,Direction-oriented fiber guiding with a tunable tri-layer-3D scaffold for periodontal regeneration,unsure,exclude,exclude,False,0.6666666666666666,exclude
,7YM79VJK,"Three-dimensionally printed implant surgical guide-related experience, knowledge, attitude, and professional behaviors among 2028 dentists in China: A cross-sectional study",unsure,unsure,exclude,False,0.6666666666666666,unsure
,TMBZ6YS8,Accuracy of Guided Implant Surgery in 25 Edentulous Arches: A Laboratory Observational Study,unsure,unsure,unsure,True,1.0,unsure
,MW553XBE,Three-dimensional periodontal investigations using a prototype handheld ultrasound scanner with spatial positioning reading sensor,unsure,unsure,unsure,True,1.0,unsure
,JLUJUDNJ,Multi-omics qualification of an organ-on-a-chip model of osteolytic bone metastasis,exclude,exclude,exclude,True,1.0,exclude
,RZZAIR96,Effect of different storage conditions on dimensional accuracy of 3D-printed dental models,unsure,unsure,unsure,True,1.0,unsure
,HHE9ZNHG,Facial imaging to screen for fetal alcohol spectrum disorder: A scoping review,exclude,exclude,exclude,True,1.0,exclude
,DXWFPYLU,Modelling growth curves of the normal infant's mandible: 3D measurements using computed tomography,unsure,unsure,unsure,True,1.0,unsure
,F558I89A,A method based on 3D affine alignment for the quantification of palatal expansion,include,include,include,True,1.0,include
,VEG8UPY6,Three-dimensional analysis of reconstructed skulls using three different open-source software versus commercial software,include,include,include,True,1.0,include
,YSRNRCZ9,Influence of Liquid on the Tooth Surface on the Accuracy of Intraoral Scanners: An In Vitro Study,include,include,include,True,1.0,include
,BNP6WFER,"Human Bone Marrow Organoids for Disease Modeling, Discovery, and Validation of Therapeutic Targets in Hematologic Malignancies",exclude,exclude,exclude,True,1.0,exclude
,RFBGE32H,Enhancing dental education with a 3D point cloud comparison and augmented reality for auto-evaluation of fixed prosthodontic practice: An in vitro study,unsure,unsure,unsure,True,1.0,unsure
,DKRR8WYW,Polymeric Sustained-Release Chlorhexidine Coating on Gutta-Percha Points for Prolonged Intracanal Antimicrobial Delivery: An In Vitro Study,unsure,unsure,unsure,True,1.0,unsure
,GDMAIZ2U,Influence of build orientation and storage duration on the accuracy of fused deposition modeling-fabricated polyetheretherketone removable partial denture frameworks,unsure,unsure,unsure,True,1.0,unsure
,S2J59DAB,Strategic Advances in Drug Delivery Systems for Overcoming Solubility and Permeability Barriers in Class II and IV Drugs,exclude,exclude,exclude,True,1.0,exclude
,6TRMWJXT,"CAD/CAM-FABRICATED RPD FRAMEWORKS SHOW LOWER FIT ACCURACY COMPARED TO CONVENTIONAL CASTING, WITH INDIRECT 3D PRINTING OFFERING COMPARABLE RESULTS",exclude,exclude,exclude,True,1.0,exclude
,6CX4VCHG,"A micro-CT-integrated 3D simulation framework reveals fluid transport mechanisms and void dynamics in root canal fillings (vol 16, 8695, 2026)",unsure,unsure,unsure,True,1.0,unsure
,256P6Y8Z,Prosthodontic rehabilitation with all-on-four implant treatment combined CAD/CAM prosthesis in an oral cancer patient: a case report,unsure,unsure,unsure,True,1.0,unsure
,F97YEEH7,Investigation of autosegmentation techniques on T2-weighted MRI for off-line dose reconstruction in MR-linac workflow for head and neck cancers,exclude,exclude,exclude,True,1.0,exclude
,IM2XARSN,Point-of-Care Virtual Surgical Planning and 3D Printing in Oral and Cranio-Maxillofacial Surgery: A Narrative Review,exclude,exclude,exclude,True,1.0,exclude
,9HL5KCJ3,Fully Digital Workflow for an Immediate Implant-Retained Prosthesis Following Maxillectomy Resection Surgery,unsure,unsure,unsure,True,1.0,unsure
,WYNW8VHR,Optimization of CBCT data with image processing methods and production with fused deposition modeling 3D printing,unsure,unsure,unsure,True,1.0,unsure
,8ZUP3BK5,3D Encapsulation and tethering of functionally engineered extracellular vesicles to hydrogels,exclude,exclude,exclude,True,1.0,exclude
,Q6877DG7,A digital approach to robust and esthetic implant overdenture construction,unsure,unsure,unsure,True,1.0,unsure
,KJ7WANSF,Automatic bone segmentation for oral surgical planning,unsure,unsure,unsure,True,1.0,unsure
,Y7RSNUSR,Comparison between digital superimposition and microcomputed tomography methods of fit assessment of removable partial denture frameworks,include,include,include,True,1.0,include
,5SMCC8Y7,Cone-beam computed tomography-guided volumetric assessment of secondary alveolar bone grafting,unsure,unsure,unsure,True,1.0,unsure
,F57EZPWW,Interrogating Matrix Stiffness and Metabolomics in Pancreatic Ductal Carcinoma Using an Openable Microfluidic Tumor-on-a-Chip,exclude,exclude,exclude,True,1.0,exclude
,UKZFIWZJ,Three-Dimensional Printed Hydroxyapatite Bone Substitutes Designed by a Novel Periodic Minimal Surface Algorithm Are Highly Osteoconductive,unsure,exclude,unsure,False,0.6666666666666666,unsure
,7D3DPPH4,"Influence of Preparation Design, Marginal Gingiva Location, and Tooth Morphology on the Accuracy of Digital Impressions for Full-Crown Restorations: An In Vitro Investigation",unsure,unsure,unsure,True,1.0,unsure
,A8D7MDVM,CAD-CAM resin composites: Effective components for further development,exclude,exclude,exclude,True,1.0,exclude
,RFPYNGAN,Skeletal facial asymmetry: reliability of manual and artificial intelligence-driven analysis,unsure,unsure,unsure,True,1.0,unsure
,2JTAYJJD,REFERENCE AREAS SELECTION AFFECTS REGISTRATION OF AI-SEGMENTED MANDIBLES ACQUIRED WITH CBCT,unsure,unsure,unsure,True,1.0,unsure
,Z96VKUQ8,Treatment Efficiency of Maxillary and Mandibular Orovestibular Tooth Expansion and Compression Movements with the Invisalign? System in Adolescents and Adults,unsure,unsure,unsure,True,1.0,unsure
,8YNE4S72,The cumulative effect of error in the digital workflow for complete-arch implant-supported frameworks: An in vitro study,unsure,unsure,unsure,True,1.0,unsure
,7J4XB85H,A 3D Perfusable Platform for In Vitro Culture of Patient Derived Xenografts,exclude,exclude,exclude,True,1.0,exclude
,ESG5XPH2,Three-dimensional evaluation of maxillary second molar position in untreated patients with normal occlusion,include,include,include,True,1.0,include
,EYIXHX5T,Radiomics in Head and Neck Cancer Outcome Predictions,exclude,exclude,exclude,True,1.0,exclude
,T3M3ZIE9,Influence of abutment types on the success of two-unit implant-supported fixed dental prostheses: A three-dimensional finite element analysis and fatigue test combined with microleakage evaluation,unsure,unsure,unsure,True,1.0,unsure
,D5QJTGL2,Advanced surface functionalization strategies for nanofibers in biomedical applications,exclude,exclude,exclude,True,1.0,exclude
,TGGBQBPM,Marginal bone level of dental implants using computer-aided design/computer-aided manufacturing customized abutment and prefabricated abutment-A five-year follow-up,unsure,unsure,unsure,True,1.0,unsure
,BDBVDMN6,Bioinspired Engineering of Streamlined Skeletal Interoception: Neural Bioprinted Piezoelectric Scaffolds for Neuro-Vascularized Bone Regeneration,exclude,exclude,exclude,True,1.0,exclude
,HGU9YKI5,Unilateral Condylar Hyperplasia: A Thee-Dimensional CBCT Morphometric and Volumetric Evaluation of Mandibular Condyle by Open-Source Softwares,include,include,include,True,1.0,include
,JEDKF76G,CytoSimplex: visualizing single-cell fates and transitions on a simplex,exclude,exclude,exclude,True,1.0,exclude
,AIZ65U9H,Integrating Digital Feedback Into Competency-Based Medical Education for Crown Preparation Skill Acquisition: A Pre-Post Study of Dental Interns in Taiwan,unsure,unsure,unsure,True,1.0,unsure
,D2WS92KE,Narrative Review of Endodontic Biomaterials,exclude,exclude,exclude,True,1.0,exclude
,E77NGNB4,TSegNet: An efficient and accurate tooth segmentation network on 3D dental model,unsure,unsure,unsure,True,1.0,unsure
,44IXGMK4,"Three-tier framework for high-throughput biofabrication: Integrating 3D bioprinting, assistive platforms, and translational opportunities",exclude,exclude,exclude,True,1.0,exclude
,E3EJX7HU,Digital Workflow with Open-Source CAD-CAM Software Aimed to Design a Customized 3D Laser-Printed Titanium Mesh for Guided Bone Regeneration,include,include,include,True,1.0,include
,H6Y8VXRG,Computed tomography imaging superimposition protocols to assess outcomes in orthognathic surgery: a systematic review with comprehensive recommendations,exclude,exclude,exclude,True,1.0,exclude
,3HGFXD45,A novel deep learning system for multi-class tooth segmentation and classification on cone beam computed tomography. A validation study,unsure,unsure,unsure,True,1.0,unsure
,NUPSB4TJ,Clinical translation of personalized bioengineered implant scaffolds,exclude,exclude,exclude,True,1.0,exclude
,3UWMQWHI,Standardization of three-dimensional pose of cylindrical implants from intraoral radiographs: a preliminary study,unsure,unsure,unsure,True,1.0,unsure
,9MP86R5J,No Significant Bone Resorption after Open Treatment of Mandibular Condylar Head Fractures in the Medium-Term,unsure,unsure,unsure,True,1.0,unsure
,SNBL5TZ6,Automated pipeline for linear and volumetric assessment of facial swelling after third molar surgery,include,include,include,True,1.0,include
,NEP6N6G8,Automated diagnosis and classification of skeletal malocclusion using artificial intelligence on 2D facial photographs: A multi-modal deep learning approach,unsure,unsure,unsure,True,1.0,unsure
,SGT6ZTK7,A Benchmark Dual-Modality Dental Imaging Dataset and a Novel Cognitively Inspired Pipeline for High-Resolution Dental Point Cloud Synthesis,unsure,include,unsure,False,0.6666666666666666,unsure
,IZPCZXLD,"Advances and Challenges in Tissue Engineering: Biomaterials, Cellular Strategies, and Clinical Applications",exclude,exclude,exclude,True,1.0,exclude
,4M6YJLXK,Optimizing management of low back pain through the pain and disability drivers management model: A feasibility trial,exclude,exclude,exclude,True,1.0,exclude
,CY2XKUQA,Beyond benchmarks: Towards robust artificial intelligence bone segmentation in socio-technical systems,unsure,exclude,exclude,False,0.6666666666666666,exclude
,TL3XZG46,Reverse design of complex ceramic shapes using deep learning and evolutionary algorithms,exclude,exclude,exclude,True,1.0,exclude
,6A2NN8SY,Orthodontists' Perception Thresholds for Tooth Movement Detection in 3D Digitally Simulated Models: A Cross-Sectional Observational Study,unsure,unsure,unsure,True,1.0,unsure
,ASH36X4K,Proof of the equivalence between two-frame and three-frame optical sectioning structured illumination microscopy,exclude,exclude,exclude,True,1.0,exclude
,8X3LL8Z8,Comparative Analysis of Fused Deposition Modeling and Digital Light Processing Techniques for Dimensional Accuracy in Clear Aligner Manufacturing,include,include,include,True,1.0,include
,ZRQT6635,"Extracellular Vesicles in Osteogenesis: Comparative Analysis of Stem Cell Sources, Conditioning Strategies, and In Vitro Models Toward Advanced Bone Regeneration",exclude,exclude,exclude,True,1.0,exclude
,2EZG227B,CAD/CAM single prosthesis: A 25 years bibliometric assessment of prosthetic outcomes,exclude,exclude,exclude,True,1.0,exclude
,UX54LNBZ,Dual-Functional Drug Delivery System for Bisphosphonate-Related Osteonecrosis Prevention and Its Bioinspired Releasing Model and In Vitro Assessment,exclude,exclude,exclude,True,1.0,exclude
,2JKFABNV,"Feasibility, trueness and precision of intraoral scanners in digitizing maxillectomy defects with exposed zygomatic implants in situ: An in vitro 3D comparative study",include,include,include,True,1.0,include
,5I4SSN7M,Three-dimensional assessment of tongue cancer prognosis by preoperative MRI,include,include,include,True,1.0,include
,XRXG22EC,Correlation Analysis of Nasal Septum Deviation and Results of AI-Driven Automated 3D Cephalometric Analysis,unsure,unsure,unsure,True,1.0,unsure
,C4RBNK8Y,Mandibular Canal Segmentation From CBCT Image Using 3D Convolutional Neural Network With scSE Attention,unsure,unsure,unsure,True,1.0,unsure
,LRXPJYLH,Accuracy of Four Different Intraoral Scanners According to Different Preparation Geometries,unsure,unsure,unsure,True,1.0,unsure
,IWPHXENQ,Three-dimensional cranial suture morphometric changes in young rats during normal growth,exclude,exclude,exclude,True,1.0,exclude
,Q4LJ92S4,Repositioning accuracy of the implant- and abutment-level prosthetic components used in conventional and digital workflows,unsure,unsure,unsure,True,1.0,unsure
,NM8NYVD6,Biomechanics of Dental Implantation in the Giant Panda (Ailuropoda melanoleuca): A Comparative Study Using Finite Element Analysis,exclude,exclude,exclude,True,1.0,exclude
,K8X9AYTL,Refined Surgical Protocol for the Insertion of Bioactive-coated Titanium Microscrews in the Rat Tibia,exclude,exclude,exclude,True,1.0,exclude
,378PQPRK,Three-dimensional zone of centers of resistance in maxillary central incisors and first molars: Couple-based finite element determination,include,include,include,True,1.0,include
,3A2BSB26,Innovative designs of 3D scaffolds for bone tissue regeneration: Understanding principles and addressing challenges,exclude,exclude,exclude,True,1.0,exclude
,36MGJIUJ,Patient Satisfaction with CAD/CAM 3D-Printed Complete Dentures: A Systematic Analysis of the Clinical Studies,exclude,exclude,exclude,True,1.0,exclude
,IM2JYIIY,Solid microemulsion preconcentrates on pH responsive metal-organic framework for tableting,exclude,exclude,exclude,True,1.0,exclude
,5SRGE8HN,Automatic orbital segmentation using deep learning-based 2D U-net and accuracy evaluation: A retrospective study,unsure,unsure,unsure,True,1.0,unsure
,9KBVLTBJ,The Ability to Sustain Facial Expressions,unsure,unsure,unsure,True,1.0,unsure
,GXM7UIXA,Advances in the Construction and Application of Bone-on-a-Chip Based on Microfluidic Technologies,exclude,exclude,exclude,True,1.0,exclude
,SLD63MXF,Assessing Decision-Making in Education of Restorative and Prosthetic Dentistry: A Pilot Study,unsure,unsure,unsure,True,1.0,unsure
,UYKQ4QIQ,Clinical efficacy of early intervention timing for inversely impacted maxillary central incisors,include,include,include,True,1.0,include
,SILBC2M4,A study on the association between the inferior nasal turbinate volume and the maxillary sinus mucosal lining using cone beam tomography,include,include,include,True,1.0,include
,6SIK9KIX,A Feasibility Study of HoloLens Ear Image Guidance for Ear Reconstruction,unsure,unsure,unsure,True,1.0,unsure
,JH642MME,Graphene-Based 3D Scaffolds in Bone Regeneration: Emerging Opportunities for MRONJ Treatment,exclude,exclude,exclude,True,1.0,exclude
,MAV6QNXN,In Silico Mechanical Effort Analysis of the All-On-4 Design Performed With Platform-Switching Distal Short Dental Implants,unsure,unsure,unsure,True,1.0,unsure
,UEURX7WW,From Transparent Cranial Windows to Multifunctional Smart Cranial Platforms,exclude,exclude,exclude,True,1.0,exclude
,QLVKK9KK,Viscoelastic Janus Nanocomposite Hydrogel for Periodontitis Immunomodulation via Co-delivery of IL-1β Monoclonal Antibody and PDLSC Exosomes,exclude,exclude,exclude,True,1.0,exclude
,ETY9UFZ5,"Comparison of image quality of 3D ultrasound: motorized acquisition versus freehand navigated acquisition, a phantom study",exclude,exclude,exclude,True,1.0,exclude
,LV8SY9UK,Multiscale deformable objects manipulation via wavelet-decomposed boundary element method,exclude,exclude,exclude,True,1.0,exclude
,36T3IZ5W,Accuracy of Three-Dimensional Soft-Tissue Prediction Considering the Facial Aesthetic Units Using a Virtual Planning System in Orthognathic Surgery,include,include,include,True,1.0,include
,4WCH6H5S,Path Planning and Navigation of Miniature Serpentine Robot for Bronchoscopy Application,exclude,exclude,exclude,True,1.0,exclude
,243K7RNJ,Latest advances in augmented reality technology and its integration into the digital workflow,unsure,unsure,exclude,False,0.6666666666666666,unsure
,YXZ4VLDA,Objective color calibration for manufacturing facial prostheses,unsure,unsure,unsure,True,1.0,unsure
,DVQKTI8D,Practitioners' Perceptions of Augmented and Virtual Reality in Endodontic Treatment Planning: A Pilot Study,include,include,include,True,1.0,include
,6P4BE843,Influence of age-related changes on crack growth trajectories and toughening mechanisms in human dentin,unsure,unsure,unsure,True,1.0,unsure
,3GB9RL4W,The role of cortical zone level and prosthetic platform angle in dental implant mechanical response: A 3D finite element analysis,unsure,include,include,False,0.6666666666666666,include
,5PXEM5JA,Ligand-Based Design of Novel Quinoline Derivatives as Potential Anticancer Agents: An In-Silico Virtual Screening Approach,exclude,exclude,exclude,True,1.0,exclude
,Y2LB4NXX,Digital Duplication and 3D Printing for Implant Overdenture Fabrication,unsure,unsure,unsure,True,1.0,unsure
,MHK8ZLRA,The Impact of Radiomics Image Analysis on Adult Hip Pathologies: A Scoping Review,exclude,exclude,exclude,True,1.0,exclude
,MACLY32F,A Novel Digitized Method for the Design and Additive Manufacturing of Orthodontic Space Maintainers,include,include,include,True,1.0,include
,J4KXNK2R,An integrated hollow bulb obturator prosthesis with a metal framework for a soft palate defect fabricated by multiple digital techniques,unsure,unsure,unsure,True,1.0,unsure
,7GRJAY7C,Computer-assisted surgery with markerless augmented reality for the surgical removal of mandibular odontogenic cysts: report of two clinical cases,unsure,unsure,unsure,True,1.0,unsure
,96NNK4US,A new method of conclusively creating and transferring the emergence profile on single tooth immediate implant restorations: the E-merge protocol,unsure,unsure,unsure,True,1.0,unsure
,JTJFNN4W,A Global-Local Attention Model for 3D Point Cloud Segmentation in Intraoral Scanning: A Novel Approach,unsure,unsure,unsure,True,1.0,unsure
,7XXVP386,"A rare case of LORICRIN gene c.684dup mutation associated with Vohwinkel syndrome in a Turkish patient, in silico analysis and literature review",exclude,exclude,exclude,True,1.0,exclude
,53KUMU6R,Validation of a novel AI-based automated multimodal image registration of CBCT and intraoral scan aiding presurgical implant planning,unsure,unsure,unsure,True,1.0,unsure
,HVD7DYA7,The effect of hard tissue defects on the clinical outcome of endodontic microsurgery: a systematic review and meta-analysis,exclude,exclude,exclude,True,1.0,exclude
,6B24QV77,"Procedure Increasing the Accuracy of Modelling and the Manufacturing of Surgical Templates with the Use of 3D Printing Techniques, Applied in Planning the Procedures of Reconstruction of the Mandible",include,include,include,True,1.0,include
,DK37WK6Y,Influence of Screw Channel Angulation on the Fracture Resistance of Zirconia Abutments: An In Vitro Study,unsure,unsure,unsure,True,1.0,unsure
,EX7GXGSG,ViSTooth: a visualization framework for tooth segmentation on panoramic radiograph,unsure,unsure,unsure,True,1.0,unsure
,ZI3YBVDZ,Feasibility of strategies to manage dysnatremia in pediatric CKRT: a simulation study,exclude,exclude,exclude,True,1.0,exclude
,JY2ZTUL8,DC-YOLOv5-based target detection algorithm for cervical vertebral maturation,unsure,unsure,unsure,True,1.0,unsure
,8BR5A4LH,Automatic restoration and reconstruction of defective tooth based on deep learning technology,unsure,unsure,unsure,True,1.0,unsure
,IDJVDZI5,Dynamic glucose-responsive mesoporous silica nanoparticle coating on trabecular tantalum implants for dual mode drug delivery,exclude,exclude,exclude,True,1.0,exclude
,T7V3KAQE,3D-printed resin materials for indirect restorations-a scoping review and evidence gap map,exclude,exclude,exclude,True,1.0,exclude
,EVEZQULA,Wirelessly Powered Ingestible Capsule for Optical Stimulation of the Gastrointestinal Tract in Rodents,exclude,exclude,exclude,True,1.0,exclude
,7E9FRYX7,Influence of printing angulation on the surface roughness of additive manufactured clear silicone indices: An in vitro study,unsure,unsure,unsure,True,1.0,unsure
,8T3H95PH,A Lipopolysaccharide-Directed Piezoelectric Sonosensitizer for Addressing Deep Periodontal Pocket Infections,exclude,exclude,exclude,True,1.0,exclude
,ANKKID2R,B-Onic Platform for Point-of-Care 3D Printing in Oral and Maxillofacial Surgery: Clinical Implementation and Surgical Impact,unsure,unsure,unsure,True,1.0,unsure
,LVWLQ4KG,Peptide platform for 3D-printed Ti implants with synergistic antibacterial and osteogenic functions to enhance osseointegration,exclude,unsure,unsure,False,0.6666666666666666,unsure
,S4H5JVW3,Orthodontic treatment improves gingival morphological symmetry parameters: a retrospective study,include,include,include,True,1.0,include
,UDNLSVHP,Computer-aided diagnosis with a convolutional neural network algorithm for automated detection of urinary tract stones on plain X-ray,exclude,exclude,exclude,True,1.0,exclude
,Y5JWYY4F,Three-dimensional analysis of mandibular and condylar growth using artificial intelligence tools: a comparison of twin-block and Frankel II Appliances,include,include,include,True,1.0,include
,LVJ2BAHM,Cell Tracking Profiler - a user-driven analysis framework for evaluating 4D live-cell imaging data,exclude,exclude,exclude,True,1.0,exclude
,ZTHT59HZ,Three-dimensional assessment of condylar head position in CBCT scans before and after orthognathic surgery,unsure,unsure,unsure,True,1.0,unsure
,CM7FEBXL,Accuracy of implant abutment level digital impressions using stereophotogrammetry in edentulous jaws: an in vitro pilot study,include,include,include,True,1.0,include
,2UKDGZ3I,Reproducibility of a three-dimensional skeletal-based craniofacial orientation method for virtual surgical planning,unsure,unsure,unsure,True,1.0,unsure
,FDQHJ9XB,Rational design of mechanical bio-metamaterials for biomedical applications,exclude,exclude,exclude,True,1.0,exclude
,YWYMMHNG,Workflow for guided implant placement based on anatomic landmarks and the CAD-CAM fabrication of a prosthetic framework for an implant-supported fixed dental prosthesis,unsure,unsure,unsure,True,1.0,unsure
,VU455XFL,Manganese-doped oleic acid functionalized whitlockite/polycaprolactone nanocomposite scaffolds enhance bone regeneration through improved dispersibility and antioxidative capacity,exclude,exclude,exclude,True,1.0,exclude
,I623BJYL,"Surgical Navigation, Augmented Reality, and 3D Printing for Hard Palate Adenoid Cystic Carcinoma En-Bloc Resection: Case Report and Literature Review",include,unsure,unsure,False,0.6666666666666666,unsure
,BSQF9HQ9,Artificial intelligence based classification and prediction of medical imaging using a novel framework of inverted and self-attention deep neural network architecture,exclude,exclude,exclude,True,1.0,exclude
,SUD7BUUE,Effectiveness of CAD-CAM Milled Versus DMLS Titanium Frameworks for Hybrid Denture Prosthesis: A Narrative Review,exclude,exclude,exclude,True,1.0,exclude
,WCEUBWKT,Accuracy of single-implant digital impression with various scanbody exposure levels at anterior and posterior regions,unsure,unsure,unsure,True,1.0,unsure
,2KUMDHYG,Use of intraoral scan for implant-supported dental prosthesis to design and fabricate a CAD -CAM veri fi cation device: A dental technique,include,include,include,True,1.0,include
,4NP6UKJF,Accuracy of intraoral scanners in the cleft anatomy of neonates,include,include,include,True,1.0,include
,4C8YNE69,"A systematic review of digital removable partial dentures. Part II: CAD/CAM framework, artificial teeth, and denture base",exclude,exclude,exclude,True,1.0,exclude
,92NITIHK,Does adding markers increase the accuracy and efficiency of intraoral scanning of complete dentures?,exclude,exclude,exclude,True,1.0,exclude
,SE6G5JDN,Comparison of 1-and 3-piece directly 3-dimensional printed indirect bonding trays: An in vitro study,include,include,include,True,1.0,include
,V7NVRAGN,Automated assessment of 3D facial asymmetry: a systematic review,exclude,exclude,exclude,True,1.0,exclude
,ZG2IFZDK,From Chemistry to Clinic: Polysaccharide-Bioceramic Composites for Tissue Engineering Applications,exclude,exclude,exclude,True,1.0,exclude
,NYZNSSTW,Computer-aided design and fabrication of nasal prostheses: a semi-automated algorithm using statistical shape modeling,unsure,unsure,unsure,True,1.0,unsure
,J46RFMGB,An Integrative Bioorthogonal Nanoengineering Strategy for Dynamically Constructing Heterogenous Tumor Spheroids,exclude,exclude,exclude,True,1.0,exclude
,CW7RJ5NQ,Sustainable Production of Dental and Orthodontic 3D Models Through Fused Granular Fabrication of Recycled Polymers,unsure,unsure,unsure,True,1.0,unsure
,JKKFZSKB,Prediction of age and sex from paranasal sinus images using a deep learning network,unsure,unsure,unsure,True,1.0,unsure
,VBLBTH2W,Development and Validation of a Method of Body Volume and Fat Mass Estimation Using Three-Dimensional Image Processing with a Mexican Sample,exclude,exclude,exclude,True,1.0,exclude
,RIBUBPAA,Investigation of Stress Distribution Between Two Different Implant Concepts in Implant-Supported Maxillary Prostheses with Different Framework Materials: A Finite Element Study,unsure,unsure,unsure,True,1.0,unsure
,2XCE6F7N,Three-dimensional assessment of two different canine retraction techniques: a randomized split-mouth clinical trial,include,include,include,True,1.0,include
,IJJPZDUJ,Mandibular extracellular vesicles mediate morphogenesis and mineralization of tooth germs in miniature swine through the miR-206/HDAC4 signaling axis,exclude,unsure,exclude,False,0.6666666666666666,exclude
,GL5E3KW2,Additive manufacturing of CAD-CAM complete arch fixed implant restorations supported by six implants: Prosthetic screw stability and marginal precision under masticatory simulation,unsure,unsure,unsure,True,1.0,unsure
,HHBRBZMJ,Clinical evaluation of the precision of interocclusal registration by using digital and conventional techniques,unsure,unsure,unsure,True,1.0,unsure
,CA3MCA2T,Soft tissue-based registration of intraoral scan with cone beam computed tomography scan,unsure,unsure,unsure,True,1.0,unsure
,V6GBIM4R,Blunt force vs. fall-induced head trauma: a systematic review and methodological framework,exclude,exclude,exclude,True,1.0,exclude
,72UG4277,The Importance of Interfaces in Multi-Material Biofabricated Tissue Structures,exclude,exclude,exclude,True,1.0,exclude
,N2JYGKK4,Finite element models: A road to in-silico modeling in the age of personalized dentistry,exclude,exclude,exclude,True,1.0,exclude
,J8C9G7NM,PiDose: an open-source system for accurate and automated oral drug administration to group-housed mice,exclude,exclude,exclude,True,1.0,exclude
,LYV7BI9J,Structure-Aware 3D Tooth Modeling via Prompt-Guided Segmentation and Multi-View Projection,include,unsure,include,False,0.6666666666666666,include
,8XV2R53H,Osteopontin induces osteogenic differentiation by human periodontal ligament cells via calcium binding domain-activin receptor-like kinase (ALK-1) interaction,exclude,exclude,exclude,True,1.0,exclude
,IUQMK852,Evaluation of the stability of the palatal rugae using the three-dimensional orthodontic treatment,include,include,include,True,1.0,include
,PJYAISHY,SCORE2-Diabetes: 10-year cardiovascular risk estimation in type 2 diabetes in Europe,exclude,exclude,exclude,True,1.0,exclude
,AP2R48W4,Freehand 3D ultrasound imaging toward midfacial bone surface reconstruction for intraoperative image registration,include,include,unsure,False,0.6666666666666666,include
,U5VN9ML3,Advances in natural rubber-based biomaterials and composites for tissue engineering application,exclude,exclude,exclude,True,1.0,exclude
,VIMM38A6,Verification of a digital approach for three-dimensional evaluation of marginal and internal fit,include,include,include,True,1.0,include
,IPXV8YNC,"Framework Nucleic Acid Nanomaterials for Central Nervous System Therapies: Design for Barrier Penetration, Targeted Delivery, Cellular Uptake, and Endosomal Escape",exclude,exclude,exclude,True,1.0,exclude
,7Y4ITSLY,Detection and monitoring of early dental caries and erosion using three-dimensional enhanced truncated-correlation photothermal coherence tomography imaging,unsure,exclude,exclude,False,0.6666666666666666,exclude
,E6FTWN5D,Graphene oxide-modified PEEK composites: Properties and applications in orthopaedic repair - A review,exclude,exclude,exclude,True,1.0,exclude
,SUT8IKZL,"Detection, segmentation, simulation and visualization of aortic dissections: A review",exclude,exclude,exclude,True,1.0,exclude
,WQU7Y7H4,Assessing the Effect of Interimplant Distance and Angle on Different Impression Techniques,unsure,unsure,unsure,True,1.0,unsure
,38ACQQKI,A pointwise contextual multiscale texture operator and its application to 3D medical image segmentation,unsure,unsure,unsure,True,1.0,unsure
,7WKHQPWT,"The shaping ability of WaveOne Gold, TRUShape and XP-endo Shaper systems in oval-shaped distal canals of mandibular molars: A microcomputed tomographic analysis",exclude,exclude,exclude,True,1.0,exclude
,V3VSUWJ5,Geometric Fidelity of Magnetic Resonance Imaging and Computed Tomography-Derived Virtual 3D Models of Porcine Cadaver Mandibles: Conventional Versus Artificial Intelligence-Based Segmentation,include,include,include,True,1.0,include
,J2RIBVBJ,"Accuracy of registration between digitized extraoral scan bodies and virtual casts: Effect of the edentulous area, tooth anatomy, and registration method",unsure,unsure,unsure,True,1.0,unsure
,EW7489ZA,"Virtual Implant Planning and Surgical Guide for Single Implant Placement Fabricated from a Digital Diagnostic Cast, 2D Radiographic Imaging, and an Open-Source Program: A Dental Technique",include,include,include,True,1.0,include
,PDF7C9KQ,Evaluation of planned and achieved root angulation changes in teeth adjacent to mandibular premolar extraction sites in patients treated with Invisalign: A retrospective study,include,include,include,True,1.0,include
,GT74L8L4,Vertical and Horizontal Ridge Augmentation Using Customized Three-Dimensionally Printed Polycaprolactone Mesh in Atrophic Posterior Maxillae: A Case Report,unsure,unsure,unsure,True,1.0,unsure
,WG9FYL3X,Applications of Bone Organoids in Bone Regeneration: Unveiling New Strategies for Disease Mechanisms and Drug Screening,exclude,exclude,exclude,True,1.0,exclude
,YU2SCR3M,Systematic review of the software used for virtual surgical planning in craniomaxillofacial surgery over the last decade,exclude,exclude,exclude,True,1.0,exclude
,REMSV9YU,Process parameter optimization for removable partial denture frameworks manufactured by selective laser melting,include,include,include,True,1.0,include
,UVUY86IG,Smartphone-based scans of palate models of newborns with cleft lip and palate: Outlooks for three-dimensional image capturing and machine learning plate tool,include,include,include,True,1.0,include
,TCTB3HF6,"Design, development and characterization of pregnant anthropomorphic phantoms for fetal dose measurements in proton therapy",exclude,exclude,exclude,True,1.0,exclude
,XGS4APUB,Multi-view deep learning for mandibular landmark localization,unsure,unsure,unsure,True,1.0,unsure
,VXAWF8VH,"Self-Powered Triboelectric Sensor for Real-Time, Intelligent Occlusal Force Monitoring",unsure,unsure,unsure,True,1.0,unsure
,CIW9E352,Polyetheretherketone computer-aided design and computer-aided manufacturing framework for All-on-Four mandibular full-arch prosthesis: 3 Years' retrospective study of peri-implant soft tissue changes and ridge base relationship,unsure,unsure,unsure,True,1.0,unsure
,Q6BM5YUK,"Defect engineered Sr2ZnGe2O7:Nd3+nanophosphors for multifunctional NIR optoelectronics, energy storage, and forensic imaging",exclude,exclude,exclude,True,1.0,exclude
,N4UUAPVN,Biofilm viability checker: An open-source tool for automated biofilm viability analysis from confocal microscopy images,exclude,exclude,exclude,True,1.0,exclude
,FN4ETLMJ,"Biomimetic, mussel-inspired surface modification of 3D-printed biodegradable polylactic acid scaffolds with nano-hydroxyapatite for bone tissue engineering",exclude,exclude,exclude,True,1.0,exclude
,QZCLTKLL,Improvement of image quality of dentomaxillofacial region in ultra-high-resolution CT: a phantom study,unsure,unsure,unsure,True,1.0,unsure
,CH3DKDRH,Analysis of Craniomaxillofacial Malformations in Mice Using Three-dimensional Microcomputed Tomography,unsure,unsure,unsure,True,1.0,unsure
,R422VUUH,"Artificial Intelligence in Abdominal, Gynecological, Obstetric, Musculoskeletal, Vascular and Interventional Ultrasound",exclude,exclude,exclude,True,1.0,exclude
,VPIYMEQ5,A portable mixed reality navigation system for oral and maxillofacial surgery: Design and preliminary clinical evaluation,include,include,include,True,1.0,include
,2TQ3SIPG,Fully digital pneumatic gingival-retraction scanning technique: from methodology development to clinical validation,unsure,unsure,unsure,True,1.0,unsure
,49BSQFC2,"Tooth shape and sex estimation: a 3D geometric morphometric landmark-based comparative analysis of artificial neural networks, support vector machines, and Random Forest models",include,include,include,True,1.0,include
,HUWDGWUP,"MULTIDIMENSIONAL SPATIAL MAPPING OF EXTRACELLULAR MATRIX: CARTILAGINOUS-OSSEOUS COMPOSITE FORMATION, TENDON INTEGRATION AND VASCULARIZATION DURING SKELETAL GROWTH AND REPAIR",exclude,exclude,exclude,True,1.0,exclude
,A4YJJ2FI,Unveiling Software Limitations in the Assessment of the Minimum Sectional Area and Volume in Cleft LIP and Palate Patients,include,include,include,True,1.0,include
,8FPRU8TV,Flame-made nanoparticles for magnetic hyperthermia and MRI in colorectal cancer theranostics,exclude,exclude,exclude,True,1.0,exclude
,ES6GIT7A,Geonet: enhanced 3D tooth segmentation via geometric feature integration,unsure,unsure,unsure,True,1.0,unsure
,L73R2LUV,Growing Pains: The Need for Engineered Platforms to Study Growth Plate Biology,exclude,exclude,exclude,True,1.0,exclude
,EGCD2BWK,"Biomechanical Analysis of Different Framework Design, Framework Material and Bone Density in the Edentulous Mandible With Fixed Implant-Supported Prostheses: A Three-Dimensional Finite Element Study",unsure,unsure,unsure,True,1.0,unsure
,C3HQZHNH,Comparative accuracy of photogrammetry and intraoral scanners in recordings for complete arch implant-supported prostheses: A systematic review and meta-analysis,exclude,exclude,exclude,True,1.0,exclude
,F78S65N9,Mandible Segmentation of Dental CBCT Scans Affected by Metal Artifacts Using Coarse-to-Fine Learning Model,unsure,unsure,unsure,True,1.0,unsure
,L3YA434K,Scaling relationships between Haversian canal-to-secondary osteon and midshaft femur cortical-to-total area in a human autopsy sample,exclude,exclude,exclude,True,1.0,exclude
,Q93MKGW7,Automatic detection and segmentation of morphological changes of the maxillary sinus mucosa on cone-beam computed tomography images using a three-dimensional convolutional neural network,unsure,unsure,unsure,True,1.0,unsure
,3PWLRRPK,Diagnosis of architectural distortion on digital breast tomosynthesis using radiomics and deep learning,exclude,exclude,exclude,True,1.0,exclude
,SI65R3XK,"Prosthetic designs for complete dentures manufactured using contemporary 3D printing techniques: A case series with clinical, design, and laboratory considerations",unsure,unsure,unsure,True,1.0,unsure
,AILQQN44,Macrovascular complications in type 2 diabetes: a multiregional study in rural Bangladesh,exclude,exclude,exclude,True,1.0,exclude
,FLISDX7U,Computed Tomography Three-Dimensional Reconstruction Algorithm in the Diagnosis of Periodontitis and Its Correlation with Hypertension,unsure,unsure,unsure,True,1.0,unsure
,SJ9KNVQL,Accurate mandibular canal segmentation of dental CBCT using a two-stage 3D-UNet based segmentation framework,unsure,unsure,unsure,True,1.0,unsure
,XGLGTVCV,Predicting toxicity and bioactivity of the chemical exposome: a case study for the blood exposome database,exclude,exclude,exclude,True,1.0,exclude
,K24ZBIB8,Enhancing panoramic dental imaging with AI-driven arch surface fitting: achieving improved clarity and accuracy through an optimal reconstruction zone,unsure,unsure,unsure,True,1.0,unsure
,CBR5QJL6,Accuracy of complete-arch digital implant impression with or without scanbody splinting: An in vitro study,unsure,unsure,unsure,True,1.0,unsure
,C8GFSH6N,C2F-3DToothSeg: Coarse-to-fine 3D tooth segmentation via intuitive single clicks,unsure,unsure,unsure,True,1.0,unsure
,4UEZB8TK,Mugharet el'Aliya: Affinities of an enigmatic north African Aterian maxillary fragment,exclude,exclude,exclude,True,1.0,exclude
,AS7ZN4BZ,Assessment of Compatibility between Various Intraoral Scanners and 3D Printers through an Accuracy Analysis of 3D Printed Models,unsure,unsure,unsure,True,1.0,unsure
,LMQDB4W2,Design and Validation of a High-Fidelity Left Atrial Cardiac Simulator for the Study and Advancement of Left Atrial Appendage Occlusion,exclude,exclude,exclude,True,1.0,exclude
,6FS76PG8,A digital workflow for designing and manufacturing metal frameworks and removable partial dentures: A novel dental technique,unsure,unsure,unsure,True,1.0,unsure
,28CP2XT3,Deep Learning-Based Facial and Skeletal Transformations for Surgical Planning,unsure,unsure,unsure,True,1.0,unsure
,ZL7MDZW7,DenSplat: Enhanced visual quality in optimized 3D oral reconstruction via Gaussian pruning,include,include,include,True,1.0,include
,22E3LTVB,A tiered approach to risk assess microbiome perturbations induced by application of beauty and personal care products,exclude,exclude,exclude,True,1.0,exclude
,MXANGCGS,An open deep learning-based framework and model for tooth instance segmentation in dental CBCT,include,include,include,True,1.0,include
,KZA6BJGC,Neurosurgical Management of Cerebrospinal Tumors in the Era of Artificial Intelligence : A Scoping Review,exclude,exclude,exclude,True,1.0,exclude
,EEF8CDJW,Multi-objective optimization for enhanced digitalization in direct 3D printing: an application in dentistry,unsure,unsure,unsure,True,1.0,unsure
,IA75VX32,Engineering osteoclast resorption units via sacrificial microgels in a bone-on-chip platform,exclude,exclude,exclude,True,1.0,exclude
,ZAXSXJM9,Preclinical evaluation of a 3D-printed hydroxyapatite/poly(lactic-co-glycolic acid) scaffold for ridge augmentation,unsure,unsure,unsure,True,1.0,unsure
,MK2D6HAZ,Current Knowledge and Future Perspectives of Exosomes as Nanocarriers in Diagnosis and Treatment of Diseases,exclude,exclude,exclude,True,1.0,exclude
,EVIJIMCA,Comparison of dimensional accuracy between direct-printed and thermoformed aligners,include,include,include,True,1.0,include
,U5GXFII9,Cross-modality imaging of bisphosphonate-treated murine jawbones,unsure,unsure,unsure,True,1.0,unsure
,2S77A9R2,MultiDentFormer: Local-to-Global Feature Fusion for 3D Dental Biometric Recognition,unsure,unsure,unsure,True,1.0,unsure
,XNBZP7KT,Novel bisphosphonate-based cathepsin K-triggered compound targets the enthesis without impairing soft tissue-to-bone healing,exclude,exclude,exclude,True,1.0,exclude
,3WS982F7,MPGLNet: Multi-scale progressive global-local fusion dental point cloud complementation network,unsure,unsure,unsure,True,1.0,unsure
,T275RA9C,Recent Strategies and Advances in Hydrogel-Based Delivery Platforms for Bone Regeneration,exclude,exclude,exclude,True,1.0,exclude
,H9AU3UZX,Influence of 3D printing orientations on physico-mechanical properties and accuracy of additively manufactured dental ceramics,exclude,exclude,exclude,True,1.0,exclude
,7CCB7PMU,Identification of a novel drug target in Porphyromonas gingivalis by a computational genome analysis approach,exclude,exclude,exclude,True,1.0,exclude
,9D8263JD,Handheld structured light system for panoramic 3D measurement in mesoscale,unsure,exclude,exclude,False,0.6666666666666666,exclude
,QDF38Q6W,"Inflammatory risk and cardiovascular events in patients without obstructive coronary artery disease: the ORFAN multicentre, longitudinal cohort study",exclude,exclude,exclude,True,1.0,exclude
,74VTAKPD,"On Mechanical, Physical, and Bioactivity Characteristics of Material Extrusion Printed Polyether Ether Ketone",unsure,unsure,unsure,True,1.0,unsure
,XBVJCZN5,Integrating artificial intelligence-driven digital pathology and genomics to establish patient-derived organoids as new approach methodologies for drug response in head and neck cancer,exclude,exclude,exclude,True,1.0,exclude
,W5WVZD2W,Influence of the preparation design on the survival probability of occlusal veneers,unsure,unsure,unsure,True,1.0,unsure
,RK8FCRMS,Real-world-data for phenotypes and genotypes of rare monogenic genetic epilepsies and genes of uncertain significance for epilepsy,exclude,exclude,exclude,True,1.0,exclude
,JFWKWNYD,High-precision 3D teeth reconstruction based on five-view intra-oral photos,unsure,unsure,unsure,True,1.0,unsure
,KCWR6D8F,Misfit simulation on implant prostheses with different combinations of engaging and nonengaging titanium bases. Part 1: Stereomicroscopic assessment of the active and passive fit,unsure,unsure,unsure,True,1.0,unsure
,LLS6DR9F,Is Beauty a Matter of Volume Distribution? Proposal of a New Aesthetic Three-Dimensional Guide in Orthognathic Surgery,unsure,unsure,unsure,True,1.0,unsure
,I8RY5NYE,Detection and Localization of Myocardial Infarction Based on Multi-Scale ResNet and Attention Mechanism,exclude,exclude,exclude,True,1.0,exclude
,FPPNK9J9,Novel Anterior Cranial Base Area for Voxel-Based Superimposition of Craniofacial CBCTs,exclude,exclude,exclude,True,1.0,exclude
,QQZNUG9U,3D printing in endodontics: report of three clinical cases with innovative approaches,unsure,unsure,unsure,True,1.0,unsure
,RQVHK958,Machine learning analysis of rivaroxaban solubility in mixed solvents for application in pharmaceutical crystallization,exclude,exclude,exclude,True,1.0,exclude
,TG4PSYYM,Diff-TRGN: Diffusion-based tooth root generation network with multimodal clinical guidance,unsure,unsure,unsure,True,1.0,unsure
,SKN5AMAW,A deep learning enabled in-silico animal study approach for bone tissue engineering,exclude,exclude,exclude,True,1.0,exclude
,V26WUHXM,Removable partial dentures retained by hybrid CAD/CAM cobalt-chrome double crowns: 1-year results from a prospective clinical study CAD/CAM cobalt-chrome double crowns: 1-year results,exclude,exclude,exclude,True,1.0,exclude
,WQNENHUP,Transoral Endoscopic Plating for Orbital Blowout Fractures,unsure,unsure,unsure,True,1.0,unsure
,652AE8BH,Feasibility and accuracy assessment of AI-driven incisor restoration using 3D point cloud data,include,include,include,True,1.0,include
,7MPMH7WD,Mimicking the Biology of Engineered Protein and mRNA Nanoparticle Delivery Using a Versatile Microfluidic Platform,exclude,exclude,exclude,True,1.0,exclude
,Z4P2SRAN,OccluDentNet: Self-Supervised 3D Tooth Segmentation via MambaTrans Architecture,unsure,unsure,unsure,True,1.0,unsure
,8PZN48A5,Biophotonic (nano)structures: from fundamentals to emerging applications,exclude,exclude,exclude,True,1.0,exclude
,3LPUUZ6Y,"Preclinical assessment of clinically streamlined,3D-printed, biocompatible single- and two-stage tissue scaffolds for ear reconstruction",exclude,exclude,exclude,True,1.0,exclude
,PM6FVZXA,Microfluidic fabrication of microcarriers with sequential delivery of VEGF and BMP-2 for bone regeneration,exclude,exclude,exclude,True,1.0,exclude
,AP4P8U75,Morphology and mechanical performance of dental crown designed by 3D-DCGAN,unsure,unsure,unsure,True,1.0,unsure
,RJ782FU9,"Twin-screw extrusion of vitamin D3/iron-blend granules in corn and lentil composite flours: Stability, microstructure, and interaction of vitamin D3 with human osteoblast cells",exclude,exclude,exclude,True,1.0,exclude
,QMGYIHYL,Multiclass CBCT Image Segmentation for Orthodontics with Deep Learning,unsure,unsure,unsure,True,1.0,unsure
,6FYTI4BQ,"Permeability Benchmarking: Guidelines for Comparing in Silico, in Vitro, and in Vivo Measurements",exclude,exclude,exclude,True,1.0,exclude
,4FW75KRW,High-precision teeth reconstruction based on automatic multimodal fusion with CBCT and IOS,unsure,unsure,unsure,True,1.0,unsure
,DD9LDE8E,"Evaluation of fractal descriptors, deep features and XAI representations with LASSO-regularized Hermite polynomial classifier for H&E histological image classification",exclude,exclude,exclude,True,1.0,exclude
,WHLDYICG,Noninvasive Total Cholesterol Level Measurement Using an E-Nose System and Machine Learning on Exhaled Breath Samples,exclude,exclude,exclude,True,1.0,exclude
,NGUJFIRV,"Impact of 3D printing orientation on accuracy, properties, cost, and time efficiency of additively manufactured dental models: a systematic review",exclude,exclude,exclude,True,1.0,exclude
,Z26IMAZR,A Comparison of Three Perfusion Algorithms in Patients at Risk of Delayed Cerebral Ischemia After Subarachnoid Hemorrhage,exclude,exclude,exclude,True,1.0,exclude
,9748Z4FC,Evaluation of the marginal gap and the three-dimensional trueness of suprastructures generated from scanning two different substructure framework materials for full arch implant-supported restorations,unsure,unsure,unsure,True,1.0,unsure
,GB5W358W,Bioinspired thermoreversible bioink orchestrates focal adhesion-dependent osteogenesis,exclude,exclude,exclude,True,1.0,exclude
,T2XAI7S4,"Comparison of dental arch forms created from assessment of teeth, alveolar bone, and the overlying soft tissue",unsure,unsure,unsure,True,1.0,unsure
,Z5F5675I,3D printed 13-93B3 borate bioactive glass/hydroxypropyl methyl cellulose/gelatin scaffolds with cerium oxide submicrometric particles for potential bone regeneration,exclude,exclude,exclude,True,1.0,exclude
,N44U8CH7,Advancing towards sustainability in liquid crystal display 3D printing via adaptive slicing,exclude,exclude,exclude,True,1.0,exclude
,4AC7V4HM,Dexamethasone Long-Term Controlled Release from Injectable Dual-Network Hydrogels with Porous Microspheres Immunomodulation Promotes Bone Regeneration,exclude,exclude,exclude,True,1.0,exclude
,ARJBG6C9,Effect of different digital technology on the adaptation and retention of Co-Cr partial denture frameworks,include,include,include,True,1.0,include
,UQEARA5K,Cervical Tissue Hydration Level Monitoring by a Resonant Microwave Coaxial Probe,exclude,exclude,exclude,True,1.0,exclude
,QY8WZNYX,Digital Dental Biometrics for Human Identification Based on Automated 3D Point Cloud Feature Extraction and Registration,unsure,unsure,unsure,True,1.0,unsure
,X6ATHIVM,Effect of preparation design and scan pattern on the accuracy of intraoral scans for complete arch laminate veneers under simulated intraoral variables,include,include,include,True,1.0,include
,G9RBUHY9,"Time-resolved prediction of dental implant biomechanics through integration of finite element analysis, osseointegration dynamics, and deep learning",include,include,include,True,1.0,include
,SYT2YLSI,Integrated control strategy based on deep learning and process analytical technology for the manufacture of a triple fixed-dose combination tablet,exclude,exclude,exclude,True,1.0,exclude
,NHCHR3BM,Comparison of convolutional neural network training strategies for cone-beam CT image segmentation,unsure,unsure,unsure,True,1.0,unsure
,Z4T3ADUK,Universal Hydrogel Carrier Enhances Bone Graft Success: Preclinical and Clinical Evaluation,unsure,exclude,exclude,False,0.6666666666666666,exclude
,NQCLVM7Q,Comparison between mixed reality with artificial algorithms and ultrasound in localization of anterior thigh flap perforators: a prospective randomized controlled study,exclude,exclude,exclude,True,1.0,exclude
,RSC44WGI,Beyond static scaffolds: glucose-responsive hydrogels as dynamic intelligent platform for tissue engineering,exclude,exclude,exclude,True,1.0,exclude
,DJZMFHEI,"FEA Comparison of the Mechanical Behavior of Three Dental Crown Materials: Enamel, Ceramic, and Zirconia",include,include,include,True,1.0,include
,TTKVIR7E,Time efficiency and precision of splinted complete arch implant scanning,unsure,unsure,unsure,True,1.0,unsure
,R3L4M4DQ,Biomechanical effects of different materials for an occlusal device on implant-supported rehabilitation in a tooth clenching situation. A 3D finite element analysis,include,include,include,True,1.0,include
,S4X9XUFL,MRI Radiomics and Machine Learning for the Prediction of Oncotype Dx Recurrence Score in Invasive Breast Cancer,exclude,exclude,exclude,True,1.0,exclude
,T5XDG7U7,From lab to life: technological innovations in transforming cancer metastasis detection and therapy,exclude,exclude,exclude,True,1.0,exclude
,M6RAALB4,Performance comparison in workflow efficiency between a remotely installed 3D workstation and an on-premises image processing workstation for dental cone-beam CT image reconstruction,unsure,unsure,unsure,True,1.0,unsure
,PJ6EWCT2,Effect of Internal Design Modification on the Mechanical Properties of Laser Sintered Cobalt-Chromium Multi-Unit Metal-Ceramic Frameworks,unsure,unsure,unsure,True,1.0,unsure
,FVFBH2KA,PASegNet: Integrating dual awareness of position and boundary on 3D dental meshes for tooth instance segmentation,unsure,unsure,unsure,True,1.0,unsure
,IRH364NW,Remote-Controlled Magnetic Stimulation of Cell-Based Bioengineered Tissues for In Situ Bone Regeneration,exclude,exclude,exclude,True,1.0,exclude
,IMV29YQ5,A custom CAD-CAM resilient attachment: A dental technique,unsure,unsure,unsure,True,1.0,unsure
,9D2EIIS2,Characterization of Thermoresponsive Methylcellulose-Based Injectable Hydrogels Incorporating 58S Bioactive Glass for Non-Load-Bearing Bone Regeneration,exclude,exclude,exclude,True,1.0,exclude
,6BVQQI7U,Qualitative exploration of 3D printing in Swedish healthcare: perceived effects and barriers,unsure,exclude,unsure,False,0.6666666666666666,unsure
,LR5H7QAW,Evaluation of Daily CT for EPID-Based Transit In Vivo Dosimetry,exclude,exclude,exclude,True,1.0,exclude
,QUM75BR7,"The design, fabrication, and clinical application of a universal donor tooth model in autotransplantation",unsure,unsure,unsure,True,1.0,unsure
,PNCAU4SQ,Two-Way MR-Forest Based Growing Path Classification for Malignancy Estimation of Pulmonary Nodules,exclude,exclude,exclude,True,1.0,exclude
,P3IZEWV7,Tooth-Colored CAD/CAM Materials for Application in 3-Unit Fixed Dental Prostheses in the Molar Area: An Illustrated Clinical Comparison,unsure,unsure,unsure,True,1.0,unsure
,SFEG78VC,Assessing Biomaterial-Induced Stem Cell Lineage Fate by Machine Learning-Based Artificial Intelligence,exclude,exclude,exclude,True,1.0,exclude
,4ZXJMZHN,Watertight 2-manifold 3D bone surface model reconstruction from CT images based on visual hyper-spherical mapping,unsure,unsure,unsure,True,1.0,unsure
,IHP5B529,Redescription of three basal anomodonts: a phylogenetic reassessment of the holotype of Eodicynodon oelofseni (NMQR 2913),exclude,exclude,exclude,True,1.0,exclude
,NFJ2DZJ6,Augmented reality calibration using feature triangulation iteration-based registration for surgical navigation,exclude,exclude,exclude,True,1.0,exclude
,ZGNKACFT,Towards Stem Cell Therapy for Critical-Sized Segmental Bone Defects: Current Trends and Challenges on the Path to Clinical Translation,exclude,exclude,exclude,True,1.0,exclude
,9KB33Y3B,DiffusionNet plus plus : A Robust Framework for High-Resolution 3D Dental Mesh Segmentation,unsure,unsure,unsure,True,1.0,unsure
,SHXEUBB9,Intrinsic antibacterial and osteoinductive sterosomes promote infected bone healing,exclude,exclude,exclude,True,1.0,exclude
,TJBIK4CW,3D Digital Modeling of Dental Casts from Their 3D CT Images with Scatter and Beam-Hardening Correction,unsure,unsure,unsure,True,1.0,unsure
,JB7FHYXL,Drug-loaded zeolite imidazole framework-8-functionalized bioglass scaffolds with antibacterial activity for bone repair,exclude,exclude,exclude,True,1.0,exclude
,CRTLD8EM,IDNet: A Diffusion Model-Enhanced Framework for Accurate Cranio-Maxillofacial Bone Defect Repair,unsure,unsure,unsure,True,1.0,unsure
,ARDMFN5F,BDNF-loaded PDADMAC-heparin multilayers: a novel approach for neuroblastoma cell study,exclude,exclude,exclude,True,1.0,exclude
,6B57AE6C,The development of computer-aided patient-specific template design software for 3D printing in cranio-maxillofacial surgery,include,exclude,exclude,False,0.6666666666666666,exclude
,5BJSYVNC,Circular RNA ITCH: An Emerging Multifunctional Regulator,exclude,exclude,exclude,True,1.0,exclude
,UPIIQ5SQ,Removable complete denture with a metal base: Integration of digital design and conventional fabrication techniques,unsure,unsure,unsure,True,1.0,unsure
,Z6NX6RST,Evaluation of Systemic and Mucosal Immune Responses Induced by a Nasal Powder Delivery System in Conjunction with an OVA Antigen in Cynomolgus Monkeys,exclude,exclude,exclude,True,1.0,exclude
,S2SASU6I,Evaluation of Zirconia and High Performance Polymer Abutment Surface Roughness and Stress Concentration for Implant-Supported Fixed Dental Prostheses,include,unsure,unsure,False,0.6666666666666666,unsure
,YTNVC9S6,Optimized placement of sensor networks by machine learning for microclimate evaluation,exclude,exclude,exclude,True,1.0,exclude
,BRDTGEI3,Dimensional measurement accuracy of 3-dimensional models from cone beam computed tomography using different voxel sizes,unsure,unsure,unsure,True,1.0,unsure
,IMA6LIJS,NMR-based clinical metabolomics for predictive screening of gestational diabetes mellitus (GDM) during the first trimester: a pilot study on North Indian population,exclude,exclude,exclude,True,1.0,exclude
,Q986RNC6,Accuracy of metal 3D printed frameworks for removable partial dentures evaluated by digital superimposition,unsure,unsure,unsure,True,1.0,unsure
,534R4TGE,Soft tissue changes associated with Class III orthopaedic treatment in growing patients: a systematic review and meta-analysis,exclude,exclude,exclude,True,1.0,exclude
,F72QFWK7,Addition of progesterone to feminizing gender-affirming hormone therapy in transgender individuals for breast development: a randomized controlled trial,exclude,exclude,exclude,True,1.0,exclude
,5SW9J4UC,Biomechanical Behavior of Different Distributions of Zygoma and Pterygoid Implants in Rehabilitation of Severely Atrophic Posterior Maxilla: A 3D Finite Element Analysis,unsure,unsure,unsure,True,1.0,unsure
,2IGXI3JV,What's in a NAM?,exclude,exclude,exclude,True,1.0,exclude
,GR6A932U,Automated generation of implant-supported bar attachment system for patient-specific edentulous mandible: parametric modelling and finite element analysis,include,include,include,True,1.0,include
,I7M67463,Beyond silencing: integrative multi-omics and spatial profiling unravel the systems-level role of piRNAs in HBV-driven Hepatocarcinogenesis,exclude,exclude,exclude,True,1.0,exclude
,F9ZHLP87,An explainable deep learning model for dental caries detection and segmentation,unsure,unsure,unsure,True,1.0,unsure
,9GK8UULZ,Critical assessment of variant prioritization methods for rare disease diagnosis within the rare genomes project,exclude,exclude,exclude,True,1.0,exclude
,A9DPU6MJ,Layered deep learning for automatic mandibular segmentation in cone-beam computed tomography,unsure,unsure,unsure,True,1.0,unsure
,8GTSHGAM,Future space experiment platforms for astrobiology and astrochemistry research,exclude,exclude,exclude,True,1.0,exclude
,LQ9NU9KT,Computer-assisted preoperative planning system with an automated registration method in prosthesis-driven oral implantology,unsure,unsure,unsure,True,1.0,unsure
,V8MVPXY6,Toward best practice in cancer mutation detection with whole-genome and whole-exome sequencing,exclude,exclude,exclude,True,1.0,exclude
,QJSKYIQF,Fabrication of Metal-Reinforced Complete Dentures Using the CAD-CAM Technique,unsure,unsure,unsure,True,1.0,unsure
,EXD2A2LP,3D printing vs. conventional wax patterns: a comparative in vitro study on retention of RPD framework,unsure,unsure,unsure,True,1.0,unsure
,4JN55E2T,"Comparison between relining of ill-fitted maxillary complete denture versus CAD/CAM milling of new one regarding patient satisfaction, denture retention and adaptation",include,include,include,True,1.0,include
,G3CI4KFG,Diagnostic agreement between visual examination and an automated scanner system with fluorescence for detecting and classifying occlusal carious lesions in primary teeth,unsure,unsure,unsure,True,1.0,unsure
,5VMVSI6N,"Comparison of Stress Distribution Among Standard Dental Implants Placed in Grafted Bone, Zygomatic Implants, and Subperiosteal Implants in the Atrophic Edentulous Maxilla: 3D Finite Element Analysis",unsure,include,include,False,0.6666666666666666,include
,YJXEXZBL,Assessment of reference areas for superimposition of serial 3D models of patients with advanced periodontitis for volumetric soft tissue evaluation,unsure,unsure,unsure,True,1.0,unsure
,K24X7NTJ,Assessment of the fitness of removable partial denture frameworks manufactured using additive manufacturing/selective laser melting,unsure,unsure,unsure,True,1.0,unsure
,YTY8B4LH,Enhancing airway obstruction diagnosis with multimodal 3D shape analysis,unsure,unsure,unsure,True,1.0,unsure
,3WUJLJWW,Geodesic heatmap-based segmentation-free framework for robust tooth landmark detection,unsure,unsure,unsure,True,1.0,unsure
,7HJFTLY7,Diagnosis of obstructive sleep apnea with prediction of flow characteristics according to airway morphology automatically extracted from medical images: Computational fluid dynamics and artificial intelligence approach,unsure,unsure,unsure,True,1.0,unsure
,72VTFG8B,Augmented Reality-Assisted Micro-Invasive Apicectomy with Markerless Visual-Inertial Odometry: An In Vivo Pilot Study,unsure,unsure,unsure,True,1.0,unsure
,J3WWB7A4,Effect of artificial aging and different surface finishing protocols on the flexural strength and surface hardness of a photopolymer for manufacturing monolithic polychromatic complete dentures using PolyJet 3D printing,unsure,unsure,unsure,True,1.0,unsure
,VIUWMA2F,Accuracy of Endodontic Access Cavities Performed Using an Augmented Reality Appliance: An In Vitro Study,unsure,unsure,unsure,True,1.0,unsure
,43K9BQWT,Impacts of Thresholds of Gray Value for Cone-Beam Computed Tomography 3D Reconstruction on the Accuracy of Image Matching with Optical Scan,unsure,unsure,unsure,True,1.0,unsure
,X97T8NRA,Intelligent Virtual Dental Implant Placement via 3D Segmentation Strategy,unsure,unsure,unsure,True,1.0,unsure
,GAYWQD7W,/Does the geometry of scan bodies affect the alignment accuracy of computer-aided design in implant digital workflow: An in vitro study?,unsure,unsure,unsure,True,1.0,unsure
,SK5KLUVX,Finite Element Analysis of an Implant-Supported FDP with Different Connector Heights,include,include,include,True,1.0,include
,S9X9MBYM,Multi-view deep fusion for forensic dental age estimation in tomographic imaging,unsure,unsure,unsure,True,1.0,unsure
,ZQTUXBVQ,A deep learning based framework for the registration of three dimensional multi-modal medical images of the head,exclude,exclude,exclude,True,1.0,exclude
,4EYDYA54,"Customized 3D-Printed Scaffolds for Alveolar Ridge Augmentation: A Scoping Review of Workflows, Technology, and Materials",exclude,exclude,exclude,True,1.0,exclude
,KRNC254H,New generation CAD-CAM materials for implant-supported definitive frameworks fabricated by using subtractive technologies,exclude,exclude,exclude,True,1.0,exclude
,V7ZYEJG4,"A review on the application of deep learning for CT reconstruction, bone segmentation and surgical planning in oral and maxillofacial surgery",exclude,exclude,exclude,True,1.0,exclude
,2WYXKJXF,Allocation and scheduling of digital dentistry services in a dental cloud manufacturing system,exclude,exclude,exclude,True,1.0,exclude
,FWBSJBCF,Application of 3D tooth model for monitoring of implant space and inter-root distance without radiographs: a proof of concept study,unsure,unsure,unsure,True,1.0,unsure
,RI7R6Y8M,Stress distribution in zirconia-reinforced glass ionomer restorations in molar incisor hypomineralization: A finite element analysis,include,include,include,True,1.0,include
,ZC52QN7Q,Mixed reality combined with surgical navigation versus conventional navigation for resection of oral and maxillofacial tumors: a comparative study,unsure,unsure,unsure,True,1.0,unsure
,4WWZ78KQ,Stress Distribution Pattern in Zygomatic Implants Supporting Different Superstructure Materials,unsure,include,include,False,0.6666666666666666,include
,6GSLLXSS,Evaluation of the mechanical properties and fit of 3D-printed polyetheretherketone removable partial dentures,include,include,include,True,1.0,include
,6ETL7BHW,Accuracy and reliability of automated three-dimensional facial landmarking in medical and biological studies. A systematic review,exclude,exclude,exclude,True,1.0,exclude
,37PRIYQ7,Intra-oral scan segmentation using deep learning,unsure,unsure,unsure,True,1.0,unsure
,4SXNSXGG,Geometric accuracy of magnetic resonance imaging-derived virtual 3-dimensional bone surface models of the mandible in comparison to computed tomography and cone beam computed tomography: A porcine cadaver study,unsure,unsure,unsure,True,1.0,unsure
,MLN8KSCM,Aquila-particle swarm based cooperative search optimizer with superpixel techniques for epithelial layer segmentation,exclude,exclude,exclude,True,1.0,exclude
,SM98IZIT,3D Monitoring of Toothbrushing Regions and Force Using Multimodal Sensors and Unity,unsure,unsure,unsure,True,1.0,unsure
,QMFECUD4,An improved quaternary complementary Gray code phase unwrapping method in fringe projection profilometry,exclude,exclude,exclude,True,1.0,exclude
,7VD2J5PF,Biomechanical evaluation of a customized 3D-printed polyetheretherketone condylar prosthesis,include,include,include,True,1.0,include
,7WBHCBTC,Contemporary Use of Polymers in Dentistry: A Narrative Review,exclude,exclude,exclude,True,1.0,exclude
,V48PVENJ,3D distribution of dental plaque on occlusal surface using 2D-fluorescence-image to 3D-surface registration,unsure,unsure,unsure,True,1.0,unsure
,IAAA5PCM,Efficacy of a Virtual 3D Simulation-Based Digital Training Module for Building Dental Technology Students' LongTerm Competency in Removable Partial Denture Design: Prospective Cohort Study,unsure,unsure,unsure,True,1.0,unsure
,SNXN2D7A,The key technologies of a computer-aided design system for removable partial denture frameworks,unsure,unsure,unsure,True,1.0,unsure
,WTXDAWTN,Comparison of the overall fit of three-unit posterior fixed dental prostheses fabricated with laser sintering and conventional casting methods,unsure,unsure,unsure,True,1.0,unsure
,R8UHSTK3,Laboratory efficiency of additive manufacturing for removable denture frameworks: A literature-based review,exclude,exclude,exclude,True,1.0,exclude
,R7ISRWUL,LMVSegRNN and Poseidon3D: Addressing Challenging Teeth Segmentation Cases in 3D Dental Surface Orthodontic Scans,unsure,unsure,unsure,True,1.0,unsure
,K25V69CH,Real-Time Motion Compensation for Dynamic Dental Implant Surgery,unsure,unsure,unsure,True,1.0,unsure
,2U8ZWJEZ,Accuracy evaluation of dental CBCT and scanned model registration method based on pulp horn mapping surface: an in vitro proof-of-concept,unsure,unsure,unsure,True,1.0,unsure
,CMS4H94J,Flexural properties and fatigue limit of 3D-printed and milled resin-based materials,unsure,unsure,unsure,True,1.0,unsure
,JHGMXHR6,"Accuracy of a new, slim, and rigid CAD-CAM transfer tray: An in vivo study",include,include,include,True,1.0,include
,PCJ6AFSN,Advances in Digital Technologies in Dental Medicine: Enhancing Precision in Virtual Articulators,exclude,exclude,exclude,True,1.0,exclude
,FZ7YD4JS,A robotic platform for navigated intraoperative 3D printing of patient-specific implants,unsure,unsure,unsure,True,1.0,unsure
,THQFPEYX,"Marginal and Internal Gaps, Surface Roughness and Fracture Resistance of Provisional Crowns Fabricated With 3D Printing and Milling Systems",unsure,unsure,unsure,True,1.0,unsure
,HDHJW59L,Accuracy of CAD -CAM systems for removable partial denture framework fabrication: A systematic review,exclude,exclude,exclude,True,1.0,exclude
,NJ5KK25B,Effect of peri-implant bone resorption on mechanical stress in the implant body: In vivo measured load-based finite element analysis,unsure,unsure,unsure,True,1.0,unsure
,7KZCURKL,Cone-Beam Angle Dependency of 3D Models Computed from Cone-Beam CT Images,unsure,unsure,unsure,True,1.0,unsure
,I3VUEDA6,Multi-objective optimization of custom implant abutment design for enhanced bone remodeling in single-crown implants using 3D finite element analysis,unsure,unsure,include,False,0.6666666666666666,unsure
,TII25L59,Robust Segmentation of Partial and Imperfect Dental Arches,unsure,unsure,unsure,True,1.0,unsure
,28GE8FQS,A straightforward protocol for designing an interim hollow shell with open-source software,include,include,include,True,1.0,include
,WVD49PF9,Robot-assisted augmented reality navigation for osteotomy and personalized guide-plate in mandibular reconstruction: a preclinical study,unsure,unsure,unsure,True,1.0,unsure
,KPAT4YHU,"An overview of selective laser sintering 3D printing technology for biomedical and sports device applications: Processes, materials, and applications",exclude,exclude,exclude,True,1.0,exclude
,IUBFVLSW,Dental implant-abutment fracture resistance and wear induced by single-unit screw-retained CAD components fabricated by four CAM methods after mechanical cycling,unsure,unsure,unsure,True,1.0,unsure
,5BZNI5MC,Leveraging solid solubility and miscibility of etoricoxib in Soluplus? towards manufacturing of 3D printed etoricoxib tablets by additive manufacturing,exclude,exclude,exclude,True,1.0,exclude
,G2ET6V96,Evaluation of the Fatigue Strength of a CAD-CAM Nanoceramic Resin Crown on Titanium and Zirconia-Titanium Abutments,unsure,unsure,unsure,True,1.0,unsure
,BI5PRGUX,Differentiation of benign and malignant oral lesions through surface texture analysis and SVM modeling,unsure,unsure,unsure,True,1.0,unsure
,C73CFKZT,Current development status of additive manufacturing technologies for fabricating removable partial denture frameworks: a literature review,exclude,exclude,exclude,True,1.0,exclude
,8HPQKBVZ,Passive fit and time efficiency for prefabricated versus conventionally constructed cobalt chromium CAD\textbackslashCAM 3-unit implant supported frameworks in free end saddle models: a pilot invitro study,unsure,unsure,unsure,True,1.0,unsure
,4HJ9WGCQ,Clinical application of an intraoral scanner and CAD/CAM system for a Kennedy class I partially edentulous patient,unsure,unsure,unsure,True,1.0,unsure
,4BR99TM2,A deep learning framework for automated dental segmentation and diagnostic report generation from cone-beam computed tomography,unsure,unsure,unsure,True,1.0,unsure
,4LIEPYNX,Clinical Performance of Partial and Full-Coverage Fixed Dental Restorations Fabricated from Hybrid Polymer and Ceramic CAD/CAM Materials: A Systematic Review and Meta-Analysis,exclude,exclude,exclude,True,1.0,exclude
,IHJYACL8,Multi-Material 3D Printing of a Customized Sports Mouth Guard: Proof-of-Concept Clinical Case,include,unsure,unsure,False,0.6666666666666666,unsure
,4KQH2TR5,Exploring palatal and dental shape variation with 3D shape analysis and geometric deep learning,unsure,unsure,unsure,True,1.0,unsure
,JJVILXDI,Creating a 3D diagnostic cast with realistic tooth shade and translucency using an open source nondental CAD software program: A dental technique,include,include,include,True,1.0,include
,MT46QW8Q,A resource sharing approach for PSS-enabled additive manufacturing platform,exclude,exclude,exclude,True,1.0,exclude
,SD6KI78W,A Rapid Advancing Image Segmentation Approach in Dental to Predict Cryst,unsure,unsure,unsure,True,1.0,unsure
,75U924X7,Esthetic rehabilitation for a Kennedy Class IV patient using detachable 3D printing diagnostic denture and removable partial denture with polyetheretherketone framework,unsure,unsure,unsure,True,1.0,unsure
,345A5AVQ,Morphological comparison between artificial intelligence-driven and manual CAD design in single tooth restoration: a preliminary study,exclude,exclude,exclude,True,1.0,exclude
,KLY4HDFN,Randomized Clinical Trial of the Accuracy of Patient-Specific Implants versus CAD/CAM Splints in Orthognathic Surgery,unsure,unsure,unsure,True,1.0,unsure
,5E8EH5NC,Precise Quantification of Angiogenesis in 3D Biomaterials Using in Vitro CAM Models: Enhancing 3Rs in Research and Minimizing in Vivo Dependency,exclude,exclude,exclude,True,1.0,exclude
,8F7GPG9S,Automatic segmentation of the carotid artery and internal jugular vein from 2D ultrasound images for 3D vascular reconstruction,exclude,exclude,exclude,True,1.0,exclude
,MWC6EET8,The Impact of Open versus Closed Computer-Aided Design/Computer-Aided Manufacturing Systems on the Marginal Gap of Zirconia-Reinforced Lithium Silicate Single Crowns Evaluated by Scanning Electron Microscopy: A Comparative In Vitro Study,exclude,exclude,exclude,True,1.0,exclude
,49PG86KL,Validation of a novel tool for automated tooth modelling by fusion of CBCT-derived roots with the respective IOS-derived crowns,unsure,unsure,unsure,True,1.0,unsure
,JQFBPBTC,Mechanical Properties and Biocompatibility of 3D Printing Acrylic Material with Bioactive Components,unsure,unsure,unsure,True,1.0,unsure
,4QDY3R9M,Realization of a Dental Framework by 3D Printing in Material Cobalt-Chromium with Superior Precision and Fitting Accuracy,unsure,unsure,unsure,True,1.0,unsure
,TM39UHVG,Maximizing the Virtual Surgical Planning Session for Orthognathic Surgery,unsure,unsure,unsure,True,1.0,unsure
,YW7JPGUN,Does cad software affect the marginal and internal fit of milled full ceramic crowns?,exclude,exclude,exclude,True,1.0,exclude
,FS7LLKDV,Strain gauge analysis and deformation detection of maxillary denture bases reinforced by CAD/CAM milled zirconia and cobalt chromium (Co-Cr) frameworks: An in-vitro study,include,include,include,True,1.0,include
,Z4PR8PUL,Novel 3D segmentation for reliable volumetric assessment of the nasal airway: a CBCT study,include,include,include,True,1.0,include
,HUMYEQ95,Optimizing resin shrinkage in additive manufacturing through supervised pathways: Leveraging machine learning in dentistry,unsure,unsure,unsure,True,1.0,unsure
,AGVFZ3RW,3D modelling and x-ray depth analysis map of the pulp with computer software via digital periapical radiography and cone beam computed tomography,unsure,unsure,unsure,True,1.0,unsure
,MG5V3AXW,Automated 3D printing of pediatric furosemide tablets: A personalized medicine approach using semi-solid extrusion and NIR monitoring,exclude,exclude,exclude,True,1.0,exclude
,SAQED9KP,3D Printing of chewable oral tablets using drug nanosuspension inks: an experimental and machine learning study,exclude,exclude,exclude,True,1.0,exclude
,DQC6CF2F,Teeth Segmentation in Panoramic Dental X-ray Using Mask Regional Convolutional Neural Network,unsure,unsure,unsure,True,1.0,unsure
,SPNK43TB,Combination of Digital and Conventional Workflows in the CAD/CAM-Fabrication of an Implant-Supported Overdenture,unsure,unsure,unsure,True,1.0,unsure
,JH54KM88,Optimizing Orthognathic Surgery: Leveraging the Average Skull as a Dynamic Template for Surgical Simulation and Planning in 30 Patient Cases,unsure,unsure,unsure,True,1.0,unsure
,VGINSVW7,Validity of a patient-specific percutaneous nephrolithotomy (PCNL) simulated surgical rehearsal platform: impact on patient and surgical outcomes,exclude,exclude,exclude,True,1.0,exclude
,UCAQGWW6,Tooth segmentation and gingival tissue deformation framework for 3D orthodontic treatment planning and evaluating,unsure,unsure,unsure,True,1.0,unsure
,ZAEM42C7,Comparison of the accuracy of bracket positioning between direct and digital indirect bonding techniques in the maxillary arch: a three-dimensional study,unsure,unsure,unsure,True,1.0,unsure
,SDN96I58,Biomechanical analysis of stress around the tilted implants with different cantilever lengths in all-on-4 concept,include,include,include,True,1.0,include
,4BM4MVRA,"AI-Assisted CBCT Data Management in Modern Dental Practice: Benefits, Limitations and Innovations",exclude,exclude,exclude,True,1.0,exclude
,TFCJ859I,Research on Panoramic Stitching Algorithm of Lateral Cranial Sequence Images in Dental Multifunctional Cone Beam Computed Tomography,unsure,unsure,unsure,True,1.0,unsure
,VBMMA9IP,An enhanced CAD system based on machine Learning Algorithm for brain MRI classification,exclude,exclude,exclude,True,1.0,exclude
,YYC34XSZ,Fully Digital versus Conventional Workflows for Fabricating Posterior Three-Unit Implant-Supported Reconstructions: A Prospective Crossover Clinical Trial,unsure,unsure,unsure,True,1.0,unsure
,JNPCHWQL,Deep learning for automated mandibular canal segmentation in CBCT scans,unsure,unsure,unsure,True,1.0,unsure
,RTDGZ4YL,Effects of Periodontal Splints on Biomechanical Behaviors in Compromised Periodontal Tissues and Cement Layer: 3D Finite Element Analysis,include,include,include,True,1.0,include
,M78JJLDC,Patient-Specific SubperiostealTitanium Implant for Maxillary Reconstruction Following Oncologic Resection: A One-Year Follow-Up Case Report,unsure,unsure,unsure,True,1.0,unsure
,NZ84ZXUF,Extrusion-based 3D printing of cross-scale porous bone scaffolds and their micro-topological structures for bone repair,exclude,exclude,exclude,True,1.0,exclude
,I73XE6IF,Root canal treatment planning by automatic tooth and root canal segmentation in dental CBCT with deep multi-task feature learning,unsure,unsure,unsure,True,1.0,unsure
,7S2EB8EK,Comparison between experimental digital image processing and numerical methods for stress analysis in dental implants with different restorative materials,include,include,include,True,1.0,include
,5PW99INS,Optimization of PETG 3D printing parameters for the design and development of biocompatible bone implants,exclude,exclude,exclude,True,1.0,exclude
,U7MMJUK2,Accelerometry-Enhanced Magnetic Sensor for Intra-Oral Continuous Jaw Motion Tracking,unsure,unsure,unsure,True,1.0,unsure
,WGT8X3QL,"Digital Workflow in Maxillofacial Prosthodontics-An Update on Defect Data Acquisition, Editing and Design Using Open-Source and Commercial Available Software",exclude,exclude,exclude,True,1.0,exclude
,QGPRZXIZ,The use of PEEK in digital prosthodontics: A narrative review,exclude,exclude,exclude,True,1.0,exclude
,KYG8D3UF,Development of a Quantitative Method to Assess Dental Students' Manual Dexterity in Tooth Cavity Preparation,unsure,include,include,False,0.6666666666666666,include
,74EZSZJP,An automatic tooth reconstruction method based on multimodal data,unsure,unsure,unsure,True,1.0,unsure
,QIK2SRY7,"An Alternative Digital Workflow for 3D Virtual Patient Construction Integrating Intraoral, Facial, and CBCT Data for Esthetic and Occlusal Planning",unsure,unsure,unsure,True,1.0,unsure
,VJ3W9JV3,Refined tooth and pulp segmentation using U-Net in CBCT image,unsure,unsure,unsure,True,1.0,unsure
,YUI4LKWS,Biomechanical comparison of different framework materials in mandibular overdenture prosthesis supported with implants of different sizes: a finite element analysis,unsure,unsure,unsure,True,1.0,unsure
,SWR4VY3Q,A novel technique for maxillary regional superimposition using merged CBCTs and intra-oral scans,unsure,unsure,unsure,True,1.0,unsure
,7VE5J5DD,"Influence of exposure protocol, voxel size, and artifact removal algorithm on the trueness of segmentation utilizing an artificial-intelligence-based system",unsure,unsure,unsure,True,1.0,unsure
,6RH7TWR6,Design of patient specific basal dental implant using Finite Element method and Artificial Neural Network technique,include,include,include,True,1.0,include
,RS26NFUB,Volumetric measurement of manually drawn segmentations in cone beam computed tomography images of newly formed bone after sinus floor augmentation with bovine-derived bone substitutes,unsure,unsure,unsure,True,1.0,unsure
,JJ3KRVA4,Effect of acidic saliva on monomer leaching and surface roughness of 3D-printed and milled denture-base materials,unsure,unsure,unsure,True,1.0,unsure
,GIPQHWGT,Development and validation of a 3D anthropomorphic phantom for dental CBCT imaging research,unsure,unsure,unsure,True,1.0,unsure
,4JTW49FR,OrthoMatch-Net: Unsupervised registration of orthodontic dental point clouds via hierarchical attention feature modeling and bidirectional matching mechanism,unsure,unsure,unsure,True,1.0,unsure
,NM4KD692,In vivo trueness of full-arch implant-supported CAD/CAM restorations and models based on conventional impressions,unsure,unsure,unsure,True,1.0,unsure
,T7FYF6BP,3D superimposition of human dentition contours in personal identification: A preliminary study,unsure,unsure,unsure,True,1.0,unsure
,92FDR9R4,Impact of profile angle of CAD-CAM abutment on the marginal bone loss of implant-supported single-tooth posterior restorations,unsure,unsure,unsure,True,1.0,unsure
,QJDV5PK4,Biomechanical Performance of PEEK and Graphene-Modified PMMA as Telescopic Removable Partial Denture Materials: A Nonlinear 3D Finite Element Analysis,unsure,unsure,unsure,True,1.0,unsure
,4X7L73PH,The influence of metal artifact reduction on the trueness of registration of a cone-beam computed tomography scan with an intraoral scan in the presence of severe restoration artifact,unsure,unsure,unsure,True,1.0,unsure
,X4AMPF75,A novel fluoride tray-assisted workflow for artificial intelligence-driven automated maxillary gingival segmentation on cone beam CT,unsure,unsure,unsure,True,1.0,unsure
,NGPJEDGB,Optimization of Prosthodontic Computer-Aided Designed Models: A Virtual Evaluation of Mesh Quality Reduction Using Open Source Software,include,include,include,True,1.0,include
,QFTSW5DN,Influence of contemporary CAD-CAM milling systems on the fit and adaptation of partially stabilized Zirconia fixed partial dentures,exclude,exclude,exclude,True,1.0,exclude
,PGYSBHYW,Effect of Printing Layer Thickness on the Trueness and Margin Quality of 3D-Printed Interim Dental Crowns,unsure,unsure,unsure,True,1.0,unsure
,AXWQZGS4,Iterative tomographic reconstruction with TV prior for low-dose CBCT dental imaging,unsure,unsure,unsure,True,1.0,unsure
,IG7LMPC6,"Biomechanical behavior of titanium, cobalt-chromium, zirconia, and PEEK frameworks in implant-supported prostheses: a dynamic finite element analysis",unsure,unsure,unsure,True,1.0,unsure
,M6X88YQR,Increased rate of pseudarthrosis in the anterior intersegmental gap after mandibular reconstruction with fibula free flaps: a volumetric analysis,unsure,unsure,unsure,True,1.0,unsure
,IUL8I974,Effect of internal structures on the accuracy of 3D printed full-arch dentition preparation models in different printing systems,unsure,unsure,unsure,True,1.0,unsure
,EN8V4LGH,Accurate Bracket Placement with an Indirect Bonding Method Using Digitally Designed Transfer Models Printed in Different Orientations-An In Vitro Study,unsure,unsure,unsure,True,1.0,unsure
,4UA3PSB8,"A 3D in vitro model of biphasic calcium phosphate (BCP) scaffold combined with human osteoblasts, osteoclasts, and endothelial cells as a platform to mimic the oral microenvironment for tissue regeneration",unsure,unsure,unsure,True,1.0,unsure
,QRWDUFEU,Evaluation of a dynamic navigation system for training students in dental implant placement,unsure,unsure,unsure,True,1.0,unsure
,39AN7GMH,STRESS DISTRIBUTION OF MONOLITHIC AND VENEERED THREE-UNIT ZIRCONIA FDPS: A FINITE ELEMENT ANALYSIS,unsure,unsure,unsure,True,1.0,unsure
,SSTCR6WQ,Tongue model construction based on ultrasound images with image processing and deep learning method,unsure,unsure,unsure,True,1.0,unsure
,BHF4V6RJ,Real-time reconstruction of 3D bone models via very-low-dose protocols,exclude,exclude,exclude,True,1.0,exclude
,ES72J95F,"Defects evolution during printing, debinding and sintering for additive manufacturing of yttria stabilized zirconia",exclude,exclude,exclude,True,1.0,exclude
,88HUKGCR,Evaluation of the use of PEEK material in post-core and crown restorations using finite element analysis,unsure,unsure,unsure,True,1.0,unsure
,D578TBEP,Evaluation of differentiation of the umbilical cord blood-derived mesenchymal stem cells into male germ-line cells in two-dimensional and three-dimensional scaffolds containing naringin,exclude,exclude,exclude,True,1.0,exclude
,G36GDPM2,3D Surface Deviation Wear Analysis of Veneered PEEK Crowns and Its Correlation with Optical Digital Profilometry,include,include,include,True,1.0,include
,LSHIDCRW,Objective characterization of dental occlusal and fissure morphologies: Method development and exploratory analysis,unsure,unsure,unsure,True,1.0,unsure
,56CZPU7W,A Computational Framework for FFR Estimation in Right Coronary Arteries: From CFD Simulation to Clinical Validation,exclude,exclude,exclude,True,1.0,exclude
,6N7XWM4G,Semi-solid extrusion 3D printing of milk formula-based paediatric chewable dosage forms,exclude,exclude,exclude,True,1.0,exclude
,HQTBY7E3,Establishment and evaluation of a 3D quantitative analysis method for dental plaque based on an intraoral scanner technique,include,include,include,True,1.0,include
,F4LRK4QN,"Development and biomechanical evaluation of subject-specific, anatomically complete 3D finite element models of the temporomandibular joint using the four-finger mouth-opening test",include,include,include,True,1.0,include
,L5YURVCU,Reproducibility and Reliability of Intraoral Scanners for Evaluating Peri-Implant Tissues and Implant-Supported Prostheses: A Cross-Sectional Study,unsure,unsure,unsure,True,1.0,unsure
,UN4CD2I2,Deep learning segmentation of mandible with lower dentition from cone beam CT,unsure,unsure,unsure,True,1.0,unsure
,42EI79XL,Investigation of Conventional vs Nonoriginal CAD/CAM Bars with Production Stage Differences: An In Vitro Precision Study Using a Novel Technique,include,include,include,True,1.0,include
,EI2TNAGK,Principal component analysis of 3-dimensional facial soft-tissue morphology in three adult populations,unsure,unsure,unsure,True,1.0,unsure
,NTDPVXJB,Template-based semantic-guided orthodontic teeth alignment previewer,unsure,unsure,unsure,True,1.0,unsure
,9NDT7NR8,Development of a maxillofacial virtual surgical system based on biomechanical parameters of facial soft tissue,include,include,include,True,1.0,include
,AY5XXZWQ,"Fit Accuracy of Removable Partial Denture Frameworks Fabricated with CAD/CAM, Rapid Prototyping, and Conventional Techniques: A Systematic Review",exclude,exclude,exclude,True,1.0,exclude
,WSTHYA4T,A weakly supervised learning-based segmentation network for dental diseases br,unsure,unsure,unsure,True,1.0,unsure
,3DSF7TP6,Metal framework reinforcement in implant overdenture fabricated with a digital workflow and the double milling technique: A dental technique,unsure,unsure,unsure,True,1.0,unsure
,MF6WCLSC,A Graph-Enhanced Self-Supervised Framework for 3D Tooth Segmentation Using Contrastive Masked Autoencoders: An In Silico Study,unsure,unsure,unsure,True,1.0,unsure
,FU86IZAR,Digital Design of Juxta-Osseous Subperiosteal Implant Rehabilitation for Severe Maxillary Atrophy,unsure,unsure,unsure,True,1.0,unsure
,QN62CWY4,"A Comprehensive Study on Additive Manufacturing Techniques, Machine Learning Integration, and Internet of Things-Driven Sustainability Opportunities",exclude,exclude,exclude,True,1.0,exclude
,I5942XPB,Experimental validation of finite element simulation of a new custom-designed fixation plate to treat mandibular angle fracture,include,include,include,True,1.0,include
,CJ5Q5P3J,Establishment of optimal variable elastic modulus distribution in the design of full-crown restorations by finite element analysis,include,include,include,True,1.0,include
,PYJJK2CK,Patient-specific soft tissue reconstruction: an IDEAL stage I report of hemiglossectomy reconstruction and introduction of the PANSOFOS flap,include,include,include,True,1.0,include
,S299EA4M,Automated calculation of ontology-based planning proposals: An application in reconstructive oral and maxillofacial surgery,unsure,unsure,unsure,True,1.0,unsure
,WANWYQUE,Case report: Fabrication of a dental implant guide based on tetrahedron positioning technology,unsure,unsure,unsure,True,1.0,unsure
,4RZD5BRS,Deep learning-based automatic segmentation of MRONJ lesions on CBCT images,include,include,include,True,1.0,include
,L27QAUXP,Are CAD-CAM milled glass fiber posts better than prefabricated or custom glass fiber posts for endodontically treated teeth? A systematic review with meta-analysis,exclude,exclude,exclude,True,1.0,exclude
,WM585CHN,Finite element analysis of the performance of additively manufactured scaffolds for scapholunate ligament reconstruction,exclude,exclude,exclude,True,1.0,exclude
,8BZTZAFZ,In vitro evaluation of material dependent force damping behavior of implant-supported restorations using different CAD-CAM materials and luting conditions,unsure,unsure,unsure,True,1.0,unsure
,84KPWKRW,Research on the dimensional accuracy of customized bone augmentation combined with 3D-printing individualized titanium mesh: A retrospective case series study,include,include,include,True,1.0,include
,QLSFY6I6,3D printing titanium grid scaffold facilitates osteogenesis in mandibular segmental defects,unsure,unsure,unsure,True,1.0,unsure
,PX77W3FF,Learning center-and boundary-aware instance representation for 3D tooth segmentation,unsure,unsure,unsure,True,1.0,unsure
,DEQZTLEK,"Increased Stress Concentration in Prosthesis, Adhesive Cement, and Periodontal Tissue with Zirconia RBFDPs by the Reduced Alveolar Bone Height",unsure,unsure,unsure,True,1.0,unsure
,RJS66AD2,Transformer based tooth classification from cone-beam computed tomography for dental charting,unsure,unsure,unsure,True,1.0,unsure
,4YHU6J4I,Automated 3D segmentation of the hyoid bone in CBCT using nnU-Net v2: a retrospective study on model performance and potential clinical utility,include,include,include,True,1.0,include
,EXGJ4ZB3,Development of photoreactive demineralized bone matrix 3D printing colloidal inks for bone tissue engineering,exclude,exclude,exclude,True,1.0,exclude
,WJSDRGMW,Clinical relevant haptic simulation learning and training in tooth preparation,exclude,exclude,exclude,True,1.0,exclude
,A4ENMSWJ,Impact of the Veneering Technique and Framework Material on the Failure Loads of All-Ceramic Computer-Aided Design/Computer-Aided Manufacturing Fixed Partial Dentures,unsure,unsure,unsure,True,1.0,unsure
,H9GBH348,Biomechanical Effects of Platform Diameter and Screw Length in an Abutment-Free Tissue-Level Implant System Compared with a Ti-Base Configuration: 3D Finite Element Analysis,unsure,unsure,unsure,True,1.0,unsure
,8FWPXUE2,Depth-based registration of 3D preoperative models to intraoperative patient anatomy using the HoloLens 2,unsure,unsure,unsure,True,1.0,unsure
,P8ASA5T4,An in vitro study using confocal laser scanning microscopy to evaluate the marginal misfits of different implant-supported frameworks,unsure,unsure,unsure,True,1.0,unsure
,XI5WDDJD,Effectiveness of a 3D simulation tool to teach the designing of metal removable partial dentures: A mixed-method study,unsure,unsure,unsure,True,1.0,unsure
,FWQMZQPF,3D Printing in alloy design to improve biocompatibility in metallic implants,exclude,exclude,exclude,True,1.0,exclude
,4WN7X8V9,Automatic Digital Design of the Occlusal Anatomy of Monolithic Zirconia Crowns Compared to Dental Technicians' Digital Waxing: A Controlled Clinical Trial,unsure,unsure,unsure,True,1.0,unsure
,L5U9ITAK,Early Placement of Patient-Specific One-Piece Drill-Free Fully Digital Designed Dental Implants: A Feasibility Study,unsure,unsure,unsure,True,1.0,unsure
,NMYGPRBY,Carbon fiber-reinforced PEEK as a framework material for single implant-retained mandibular overdentures,include,include,include,True,1.0,include
,AGL676NH,Effect of the prosthetic index on stress distribution in Morse taper connection implant system and peri-implant bone: a 3D finite element analysis,unsure,unsure,unsure,True,1.0,unsure
,PQUU6GDK,Jaw motion tracking with open-source tools: A dental technique,include,include,include,True,1.0,include
,R59DJDHH,Effect of specific retention biomaterials for ball attachment on the biomechanical response of single implant-supported overdenture: A finite element analysis,unsure,unsure,unsure,True,1.0,unsure
,84IHIU93,Integrating Virtual Reality Game-Based Learning to Enhance Metacognition in Medical Anatomy Education,exclude,exclude,exclude,True,1.0,exclude
,3DRR3UYA,Mechanical response of different frameworks for maxillary all-on-four implant-supported fixed dental prosthesis: 3D finite element analysis,unsure,unsure,unsure,True,1.0,unsure
,5BHS8QW3,A self-supervised framework for mesh denoising using graph neural networks in dental applications,include,include,include,True,1.0,include
,R74WTZGY,Few sampling meshes-based 3D tooth segmentation via region-aware graph convolutional network,unsure,unsure,unsure,True,1.0,unsure
,B8BX8HUQ,Self-supervised region-aware segmentation of COVID-19 CT images using 3D GAN and contrastive learning,exclude,exclude,exclude,True,1.0,exclude
,JVG59S45,Cohesive Zone Modeling of Pull-Out Test for Dental Fiber-Silicone Polymer,include,include,include,True,1.0,include
,CUX7QVQU,Fracture Load of CAD/CAM Fabricated Cantilever Implant-Supported Zirconia Framework: An In Vitro Study,unsure,unsure,unsure,True,1.0,unsure
,ZNFMJ2ER,A novel mixed reality-guided dental implant placement navigation system based on virtual-actual registration,include,include,include,True,1.0,include
,9SNK3E6R,Effect of Internal Structural Design on Stress Distribution in 3D-Printed Subperiosteal Implants Under Mechanical Loading,unsure,unsure,unsure,True,1.0,unsure
,NKHLQW6Q,Finite element analysis of class II mandibular unilateral distal extension partial dentures,include,include,include,True,1.0,include
,WRZG7CHI,Development of ANN model for predicting mechanical properties of 3D printed PEEK polymer using FDM and optimization of process parameters for better mechanical properties,exclude,exclude,exclude,True,1.0,exclude
,4TJK47W9,An automated and time-efficient framework for simulation of coronary blood flow under steady and pulsatile conditions,exclude,exclude,exclude,True,1.0,exclude
,NYVMJ3BG,Adaptive multi-resolution hash-encoding framework for INR-based dental CBCT reconstruction with truncated FOV,unsure,unsure,unsure,True,1.0,unsure
,SNIDCHC3,Assessment of simulated vs actual orthodontic tooth movement with a customized fixed lingual appliance using untreated posterior teeth for registration and digital superimposition: A retrospective study,unsure,unsure,unsure,True,1.0,unsure
,MIIDKKPB,Trueness of stereolithography ZrO2 crowns with different build directions,include,include,include,True,1.0,include
,ESNHF557,A generic tomography-based conforming finite elements model,unsure,unsure,unsure,True,1.0,unsure
,5QNKAX9U,Enabling Complex Fibre Geometries Using 3D Printed Axon-Mimetic Phantoms,exclude,exclude,exclude,True,1.0,exclude
,EUTQFE9J,A Systematic Study of Restorative Crown-Materials Combinations for Dental Implants: Characterization of Mechanical Properties under Dynamic Loads,unsure,unsure,unsure,True,1.0,unsure
,DMBNYJGJ,CMVNet: Centerline-guided multi-view network for continuous mandibular canal segmentation in CBCT,unsure,unsure,unsure,True,1.0,unsure
,2QFH389T,Investigating the impact of diameters and thread designs on the Biomechanics of short implants placed in D4 bone: a 3D finite element analysis,include,include,include,True,1.0,include
,QNI34BLU,The microbiological effect of virgin coconut oil on the morphological and volumetric dimensional changes of 3D printed surgical guides (in vitro study),unsure,unsure,unsure,True,1.0,unsure
,DFXYBNKJ,Complete denture fabrication with polyetherketoneketone as a framework material: A clinical report,unsure,unsure,unsure,True,1.0,unsure
,SNLL5RGP,Multi-wavelength centrifugal processing enables 3D printing of functionally graded medical devices: Construction and validation of mechanically tunable orthodontic aligners,unsure,unsure,unsure,True,1.0,unsure
,43A22ISN,Enhancing Preclinical Training for Removable Partial Dentures Through Participatory 3D Simulation: Development and Usability Study,unsure,unsure,unsure,True,1.0,unsure
,AZCWGFVM,Workflow of digitally guided direct composite resin restorations using open source software and 3D printing: a clinical technique,include,include,include,True,1.0,include
,GUATC4KK,Stress distribution on implant- supported zirconia crown of maxillary first molar: effect of oblique load on natural and antagonist tooth,include,include,include,True,1.0,include
,R6YFN9SG,Effect of print orientation of 3D-printed aligner templates on the volumetric accuracy of transferred composite attachments: an in vitro study,include,include,include,True,1.0,include
,A89XJPGS,Effect of the CBCT data segmentation threshold on registration accuracy with surface scanning,unsure,unsure,unsure,True,1.0,unsure
,N9ZAH6VU,Accuracy of formula-based volume and image segmentation-based volume in calculation of preoperative cystic jaw lesions' volume,include,include,include,True,1.0,include
,J4VD92PC,Digital model superimpositions: are different software algorithms equally accurate in quantifying linear tooth movements?,include,include,include,True,1.0,include
,2REVVA6Z,A Digital Workflow for the Fabrication of a Milled Removable Partial Denture,unsure,unsure,unsure,True,1.0,unsure
,HIY5AECS,Biomechanical analysis of subcondylar fracture fixation using miniplates at different positions and of different lengths,unsure,unsure,unsure,True,1.0,unsure
,ZQUSKV8U,Trueness of artificial intelligence-driven CBCT tooth segmentation: A comparative validation ex vivo pilot study,include,include,include,True,1.0,include
,S44WCZRB,Automatic detection of symmetry plane for computer-aided surgical simulation in craniomaxillofacial surgery,unsure,unsure,unsure,True,1.0,unsure
,K82RU7NF,The effects of additive manufacturing technologies and finish line designs on the trueness and dimensional stability of 3D-printed dies,unsure,unsure,unsure,True,1.0,unsure
,VX3SHB2K,Sailfish Optimization with Deep Learning Based Oral Cancer Classification Model,exclude,exclude,exclude,True,1.0,exclude
,R8FSQM6B,3D intraoral scan and diagnostic plaster model under General Data Protection Regulation-Legal protection,exclude,exclude,exclude,True,1.0,exclude
,M4GXZXL8,Personalised Implant Path Prediction and Dynamic Motion Trajectory Smoothing for Robotic Dental Implant Surgery,unsure,unsure,unsure,True,1.0,unsure
,YANBDRZC,Influence of fabrication method on the manufacturing accuracy and internal discrepancy of removable partial dentures: A systematic review and meta-analysis,exclude,exclude,exclude,True,1.0,exclude
,VEYNSW2C,Accuracy assessment of removable partial denture frameworks fabricated by selective laser melting using two different workflows: A cross-over clinical study,unsure,unsure,unsure,True,1.0,unsure
,FT2YRR74,MICCAI STS 2024 challenge: Semi-supervised instance-level tooth segmentation in panoramic X-ray and CBCT images,exclude,exclude,exclude,True,1.0,exclude
,DJ3W6TQG,Teeth Mold Point Cloud Completion Via Data Augmentation and Hybrid RL-GAN,unsure,unsure,unsure,True,1.0,unsure
,Q64BF4TA,"A risk-based, QTPP-driven framework for semi-solid extrusion 3d printing of personalized medicines: Integrating hospital compounding and clinical trial regulation",exclude,exclude,exclude,True,1.0,exclude
,PCEP6D42,Comprehensive Deciphering the Complexity of the Deep Bite: Insight from Animal Model to Human Subjects,exclude,exclude,exclude,True,1.0,exclude
,WTN9FG5S,"Accuracy of surface adaptation of complete denture bases fabricated using milling, material jetting, selective laser sintering, digital light processing, and conventional injection molding",unsure,unsure,unsure,True,1.0,unsure
,IDN8M8Q7,Center of resistance of maxillary canines: a 3D computational model for orthodontic applications,unsure,unsure,unsure,True,1.0,unsure
,YP5VIRNP,Automated tooth segmentation in magnetic resonance scans using deep learning - A pilot study,unsure,unsure,unsure,True,1.0,unsure
,NBS4IYNK,Automatic multi-anatomical skull structure segmentation of cone-beam computed tomography scans using 3D UNETR,unsure,unsure,unsure,True,1.0,unsure
,L9XBQG6L,Predicting 3D Post-Orthodontic Facial Outcomes With a Diffusion Model Trained on Unpaired Datasets,unsure,unsure,unsure,True,1.0,unsure
,7RG5Y6L8,Preoperative Planning Framework for Robot-Assisted Dental Implant Surgery: Finite-Parameter Surrogate Model and Optimization of Instrument Placement,unsure,unsure,unsure,True,1.0,unsure
,F9GVJVYF,Enhancement of Cone-Beam Computed Tomography Dental-Maxillofacial Images by Sampling Kantorovich Algorithm,unsure,unsure,unsure,True,1.0,unsure
,FB2S72TH,Evaluation of Osteogenic Potential for Rat Adipose-Derived Stem Cells under Xeno-Free Environment,unsure,unsure,exclude,False,0.6666666666666666,unsure
,6QR3JDFT,Deep learning for detection and 3D segmentation of maxillofacial bone lesions in cone beam CT,unsure,unsure,unsure,True,1.0,unsure
,XYUFR7DJ,AI-powered segmentation of bifid mandibular canals using CBCT,include,include,include,True,1.0,include
,REL6ZPC4,Effect of segmentation techniques (manual versus semiautomatic) on the accuracy of the linear measurements driven from the reconstructed mandibular condyle using CBCT,include,include,include,True,1.0,include
,9Z3DYF9Y,Effect of implant placement depth on bone remodeling on implant-supported single zirconia abutment crown: A 3D finite element study,unsure,unsure,unsure,True,1.0,unsure
,P44D7LA4,Fit and retention of complete denture bases: Part I e Conventional versus CAD-CAM methods: A clinical controlled crossover study,unsure,unsure,unsure,True,1.0,unsure
,JCCP8QRV,Deep learning for automated segmentation of the temporomandibular joint,unsure,unsure,unsure,True,1.0,unsure
,PXTMHV7H,Comparative analysis of volumetric changes between resection volume of oral tongue cancer and post operative volume of radial forearm flaps,include,include,include,True,1.0,include
,5F57QTVR,Dimensional accuracy of different dental CAD software programs in fixed partial denture construction: An in vitro study,exclude,exclude,exclude,True,1.0,exclude
,ZMBGXJTE,Artificial intelligence-based fully automatic 3D paranasal sinus segmentation,include,include,exclude,False,0.6666666666666666,include
,GHP84UX8,Where is the center of resistance of a maxillary first molar? A 3-dimensional finite element analysis,unsure,unsure,unsure,True,1.0,unsure
,KS28PL2B,Tooth automatic segmentation from CBCT images: a systematic review,exclude,exclude,exclude,True,1.0,exclude
,FQG9RPPJ,Comparison of Artificial Intelligence-Based Applications for Mandible Segmentation: From Established Platforms to In-House-Developed Software,unsure,unsure,unsure,True,1.0,unsure
,FF2WQENL,Deep Fusion Feature Extraction for Caries Detection on Dental Panoramic Radiographs,unsure,unsure,unsure,True,1.0,unsure
,BZ9TQX42,"Cronodent I, 3D interactive manual for self-learning of the dental chronology of equines",exclude,exclude,exclude,True,1.0,exclude
,97YGH66V,Clinical Performance and Survival Outcomes of Milled Versus Pressed Lithium Disilicate Veneers: A Systematic Review,exclude,exclude,exclude,True,1.0,exclude
,RVYMPR5J,Single-stage bone resection and cranioplastic reconstruction: comparison of a novel software-derived PEEK workflow with the standard reconstructive method,exclude,exclude,exclude,True,1.0,exclude
,GUNSSW5U,Explainable deep learning for age and gender estimation in dental CBCT scans using attention mechanisms and multi task learning,unsure,unsure,unsure,True,1.0,unsure
,2B8FAF4H,Computerized Generation of Endodontic Files by Reproducing the Flute Grinding Manufacturing Process,unsure,unsure,unsure,True,1.0,unsure
,GJK4PJRZ,Accuracy evaluation of 3D printed interim prosthesis fabrication using a CBCT scanning based digital model,unsure,unsure,unsure,True,1.0,unsure
,34EC3W3G,A Comparison of Denture Base Retention and Adaptation Between CAD/CAM and Conventional Fabrication Techniques,include,include,include,True,1.0,include
,4D8XQVXT,Occlusal Analysis of Algorithm-designed Restoration Using Different Virtual Articulator Parameters: A Preliminary Study,include,include,include,True,1.0,include
,ERXN9CSV,Mesh-based segmentation for automated margin line generation on incisors receiving crown treatment,unsure,unsure,unsure,True,1.0,unsure
,MW3HM7CY,A progressive framework for tooth and substructure segmentation from cone-beam CT images,unsure,unsure,unsure,True,1.0,unsure
,Y4MP5BH5,Deep semi-supervised learning for automatic segmentation of inferior alveolar nerve using a convolutional neural network,unsure,unsure,unsure,True,1.0,unsure
,QPRKN26Y,Digital Removable Denture Workflows in Dental Education: A Systematic Review and Curriculum Development Exploration,exclude,exclude,exclude,True,1.0,exclude
,XW74K3B8,Computer-guided surgical exposure of palatally displaced canines: a technical note,unsure,unsure,unsure,True,1.0,unsure
,2XVKZXT9,Precise tooth design using deep learning-based templates,unsure,unsure,unsure,True,1.0,unsure
,9WZ73UZY,Automated Measurements of Tooth Size and Arch Widths on Cone-Beam Computerized Tomography and Scan Images of Plaster Dental Models,unsure,unsure,unsure,True,1.0,unsure
,SY5783KW,"Optimization of CBCT data with image processing methods and production with fused deposition modeling 3D printing (JUL, 10.1007/s11517-023-02889-w, 2023)",unsure,unsure,unsure,True,1.0,unsure
,WDXU8KLT,Optimizing the esthetic outcome by using screw-retained implant abutment crowns: A 3-year clinical follow-up,unsure,unsure,unsure,True,1.0,unsure
,CR88F8X6,Five years of radiographic evaluation for the peri-implant bone changes of all-on-four implant prostheses constructed from different framework materials using different digital construction techniques,unsure,unsure,unsure,True,1.0,unsure
,2TEAV3QA,B-onic Platform: A Single-Center Clinical Evaluation of an Integrated FabLab Workflow for Patient-Specific Surgical Planning and XR-Based Validation,unsure,unsure,unsure,True,1.0,unsure
,7N57MWGV,Automatic Segmentation of the Nasolacrimal Canal: Application of the nnU-Net v2 Model in CBCT Imaging,include,include,include,True,1.0,include
,7WKYIP2L,Revealing the representative facial traits of different sagittal skeletal types: decipher what artificial intelligence can see by Grad-CAM,unsure,unsure,unsure,True,1.0,unsure
,5ULQ4TSV,Automatic placement of simulated dental implants within CBCT images in optimum positions: a deep learning model,unsure,unsure,unsure,True,1.0,unsure
,EQ8LE4IL,Computer-aided design and fabrication of statistically shaped nasal prostheses: A feasibility study,include,include,include,True,1.0,include
,VNRCK3YD,A platform combining automatic segmentation and automatic measurement of the maxillary sinus and adjacent structures,unsure,unsure,unsure,True,1.0,unsure
,79IB3PRZ,Volumetric differences in temporomandibular joint components in patients with facial asymmetry: A 3D tomographic segmentation study,include,include,include,True,1.0,include
,SLEGAX59,Research and development of the 3D printing system for clinical diagnosis of jaw cyst,unsure,unsure,unsure,True,1.0,unsure
,ZRTG4C5T,A Framework to Enhance the Experience of CBCT Data in Real-Time Using Immersive Virtual Reality: Impacting Dental Pre-Surgical Planning,include,include,include,True,1.0,include
,3C3LWSIA,Automated Dental Landmarks Recognition in Special Models via Neural Network,include,include,include,True,1.0,include
,CMTY5QG7,"Comparative Error Analysis of 3D-Modeling, -Printing and - Scanning Methods Used in Orthodontics",unsure,unsure,unsure,True,1.0,unsure
,I7X6LX6Z,A Systematic Study of Oral Clinical Therapy Based on Computer 3D Modeling Technology,unsure,unsure,unsure,True,1.0,unsure
,VTPR5HZL,Estimating Reference Shape Model for Personalized Surgical Reconstruction of Craniomaxillofacial Defects,include,unsure,unsure,False,0.6666666666666666,unsure
,Y6J5I5QF,Toward Semantically-Consistent Deformable 2D-3D Registration for 3D Craniofacial Structure Estimation From a Single-View Lateral Cephalometric Radiograph,unsure,unsure,unsure,True,1.0,unsure
,VD6R8JZN,Automatic 3D Teeth Reconstruction From Five Intra-Oral Photos Using Parametric Teeth Model,unsure,unsure,unsure,True,1.0,unsure
,FEBJG2N6,Research on Advances in Production of Human Dentition and Dental Bridges Using Additive Manufacturing (Metal 3D Printing),exclude,exclude,exclude,True,1.0,exclude
,GMMYW9V7,3D Registration Method Based On MVFNet And Super4PCS For Nonhomologous Face Pointclouds,unsure,unsure,exclude,False,0.6666666666666666,unsure
,LFFHBJQR,Enhancing Maxillofacial Surgery: 3D-Printed Models from CT Scans for Improved Surgical Planning,unsure,unsure,unsure,True,1.0,unsure
,Q5HUNS56,Dental X-ray Segmentation and Auto Implant Design Based on Convolutional Neural Network,unsure,unsure,unsure,True,1.0,unsure
,LFCVH2M3,An AI-Based 3D Dental Modeling Framework for Digital Twin Dentistry,unsure,unsure,unsure,True,1.0,unsure
,ZKSR3KN4,Estimating Patient-specific Tooth Reference Model from CBCT Images for Precise Dental Implant Planning via Point Cloud Diffusion Model,unsure,unsure,unsure,True,1.0,unsure
,7XYMXFM2,Acoustic 3D Shape Reconstruction of Zygomatic Bone for Non-Invasive Spatial Registration,unsure,unsure,unsure,True,1.0,unsure
,9W9E5HVY,Toothsegnet: Image Degradation Meets Tooth Segmentation in CBCT Images,unsure,unsure,unsure,True,1.0,unsure
,D2Z7DU84,Carotid Artery and Thyroid Gland Artificial Intelligence Based Automatic Segmentation from Ultrasound Images - Qualitative Evaluation of the Segmentation Results using 3D Ultrasound Reconstructions: A Preliminary Study,exclude,exclude,exclude,True,1.0,exclude
,YB659UGD,Automatic 3D Registration of Dental CBCT and Face Scan Data Using 2D Projection Images,unsure,unsure,unsure,True,1.0,unsure
,GH6JBVEJ,A Novel Augmented Reality Approach in Oral and Maxillofacial Surgery: Super-Imposition Based on Modified Rigid and Non-Rigid Iterative Closest Point,unsure,unsure,unsure,True,1.0,unsure
,IZYKSX6Q,Teeth-SEG: An Efficient Instance Segmentation Framework for Orthodontic Treatment Based on Multi-Scale Aggregation and Anthropic Prior Knowledge,unsure,unsure,unsure,True,1.0,unsure
,9YS9C7RQ,Distributed Force Measurement and Mapping Using Pressure-Sensitive Film and Image Processing for Active and Passive Aligners on Orthodontic Attachments,unsure,unsure,unsure,True,1.0,unsure
,R4T9MXJC,A Collaborative Learning Framework With Coupling Graph Transformers for 3D Tooth Segmentation,unsure,unsure,unsure,True,1.0,unsure
,GHBMTCSZ,3D Dental Biometrics: Transformer-based Dental Arch Extraction and Matching,unsure,unsure,unsure,True,1.0,unsure
,YGXMR9CF,DTR-Net: Dual-Space 3D Tooth Model Reconstruction From Panoramic X-Ray Images,unsure,unsure,unsure,True,1.0,unsure
,ARLUFDDL,DBGANet: Dual-Branch Geometric Attention Network for Accurate 3D Tooth Segmentation,unsure,unsure,unsure,True,1.0,unsure
,PMEFBXPB,Segmentation and Visualization of Tooth from CBCT Images Using 2D U-Net++,unsure,unsure,unsure,True,1.0,unsure
,NPUVHBWP,An End-to-End Segmentation Network for the Temporomandibular Joints CBCT Image based on 3D U-Net,unsure,unsure,unsure,True,1.0,unsure
,IQL4JVC9,Multiple Geometric surfaces detection in Geometric Coordination Registration for implant surgery virtual planning and assessment,unsure,unsure,unsure,True,1.0,unsure
,EED4NH95,Hierarchical Self-Supervised Learning for 3D Tooth Segmentation in Intra-Oral Mesh Scans,unsure,unsure,unsure,True,1.0,unsure
,AP4TRDP3,DentAssignNet: Assignment Network for Dental Cast Labeling in the Presence of Dental Abnormalities,unsure,unsure,unsure,True,1.0,unsure
,EW9LCFMA,A Smart Projective Imaging and Navigation System for Oral and Maxillofacial Surgery,unsure,unsure,unsure,True,1.0,unsure
,CT63NU2A,A Modified Protocol to Evaluate Masseter Morphology Based on Automatic Segmentation and Registration,unsure,unsure,unsure,True,1.0,unsure
,24Y7C84K,Automatic Segmentation of Mandibular Ramus and Condyles,unsure,unsure,unsure,True,1.0,unsure
,R2XP7A3B,Two-Stage Mesh Deep Learning for Automated Tooth Segmentation and Landmark Localization on 3D Intraoral Scans,unsure,unsure,unsure,True,1.0,unsure
,HCE22CUF,Oral-Anatomical Knowledge-Informed Semi-Supervised Learning for 3D Dental CBCT Segmentation and Lesion Detection,unsure,unsure,unsure,True,1.0,unsure
,PDQGNHLG,Skip Mask with Graph Neural Network for 3D Dental Segmentation in Intra-Oral Scan,unsure,unsure,unsure,True,1.0,unsure
,PSHQCDCF,AI-Based Anatomical Landmark Recognition for Robot-Assisted Dynamic Dental Implant Surgery,include,include,include,True,1.0,include
,Q6XWVERF,Research on Denture Feature Matching Point Cloud Data Based on Deep Learning,unsure,unsure,unsure,True,1.0,unsure
,PEXP9FTE,Computed Tomography and 3-D Face Scan Fusion for IoT-Based Diagnostic Solutions,unsure,unsure,unsure,True,1.0,unsure
,QVL4MH44,Morphology Prior Enhanced Teeth Segmentation for High-Resolution Oral Scans,unsure,unsure,unsure,True,1.0,unsure
,QW4BJKGI,Center-Sensitive and Boundary-Aware Tooth Instance Segmentation and Classification from Cone-Beam CT,unsure,unsure,unsure,True,1.0,unsure
,Z4HUPXT9,Estimating Reference Bony Shape Models for Orthognathic Surgical Planning Using 3D Point-Cloud Deep Learning,unsure,unsure,unsure,True,1.0,unsure
,U8CZVJBX,Interactive Volume Rendering Module using Two-Dimensional Transfer Function on Cone-Beam Computed Tomography Data,include,include,include,True,1.0,include
,IGRFANHZ,Non-Rigid 2D-3D Registration Using Convolutional Autoencoders,unsure,unsure,unsure,True,1.0,unsure
,JPBKZHXW,Exploring the Use of Neural Networks for Early Detection of Oral Cancer and Other Dental Pathologies,exclude,exclude,exclude,True,1.0,exclude
,J7WZI3Q5,Render2Seg: Landmark-Guided Patch-Wise Segmentation for Robust 3D Dental Mesh Analysis,unsure,unsure,unsure,True,1.0,unsure
,XXD237D5,Ortho-OPD: An Automatic Osteotomy Planes Design Model for Orthognathic Surgery Based on Deep Learning,unsure,unsure,unsure,True,1.0,unsure
,GGSBLKGA,Tri-Stage Deep Learning Model for Mandibular Condyle Segmentation and Osteoarthritis Identification,unsure,unsure,unsure,True,1.0,unsure
,EM5WIF9M,A Fully Automated Method for 3D Individual Tooth Identification and Segmentation in Dental CBCT,unsure,unsure,unsure,True,1.0,unsure
,GFZTEJ22,3D View Alignment and Autonomous Navigation of Telepresence Robots During Multi-Participant Interaction in Augmented Reality,exclude,exclude,exclude,True,1.0,exclude
,25UHEYRE,Empowering Rural and Suburban Dental Care with Open-Source Image Processing,unsure,unsure,unsure,True,1.0,unsure
,JX7Z45RP,ViT-NeBLa: A Hybrid Vision Transformer and Neural Beer–Lambert Framework for Single-View 3D Reconstruction of Oral Anatomy From Panoramic Radiographs,unsure,unsure,unsure,True,1.0,unsure
,NNZXPHD4,Patient-specific Model Generation using Multiview 3D Reconstruction for Hyperthermia Treatment Planning,exclude,unsure,unsure,False,0.6666666666666666,unsure
,I76L2VML,SurgiX: An Adaptive Multimedia XR Framework for Healthcare Training and Simulation,unsure,unsure,unsure,True,1.0,unsure
,V76TVNA8,FaceScape: 3D Facial Dataset and Benchmark for Single-View 3D Face Reconstruction,exclude,exclude,exclude,True,1.0,exclude
,SUJ9NJWN,AdaptVR: An Adaptive Learning VR System for Dental Students Training,unsure,unsure,unsure,True,1.0,unsure
,YW93TVWG,Color Mapping for Volume Rendering Using Digital Imaging and Communications in Medicine Images,exclude,exclude,exclude,True,1.0,exclude
,YHB9JYVX,Tooth Segmentation of Dental Mesh Based on Improved Region Growing,unsure,unsure,unsure,True,1.0,unsure
,VHPL5MDY,3D Dental Biometrics: Automatic Pose-invariant Dental Arch Extraction and Matching,unsure,unsure,unsure,True,1.0,unsure
,HNIRYTS9,Exploring Tooth Segmentation Techniques Based on the BiSeNet Model,unsure,unsure,unsure,True,1.0,unsure
,2L78YVVC,Segmenting the Inferior Alveolar Canal in CBCT Volumes: The ToothFairy Challenge,exclude,exclude,exclude,True,1.0,exclude
,PA5RZYVZ,VirtuEleDent: A Compact XR Tooth-Cutting Training System Using a Physical EMR-based Dental Handpiece and Teeth Model,unsure,unsure,unsure,True,1.0,unsure
,6JRF9VV5,An automatic method for tooth segmentation from CBCT images,unsure,unsure,unsure,True,1.0,unsure
,5TCS8KAX,Efficient Computer-Aided Design of Dental Inlay Restoration: A Deep Adversarial Framework,unsure,unsure,unsure,True,1.0,unsure
,86Y8P3DG,Dental Disease Detection and Classification in Radiograph Images using Deep Learning Model,unsure,unsure,unsure,True,1.0,unsure
,NTLBTYWK,Partial Fixed Dental Prosthesis for Additive Manufacturing: Automated Build Orientation Selection and Optimization Based on Deep Learning,unsure,unsure,unsure,True,1.0,unsure
,X8M3BPXK,Demonstration of VirtuEleDent: A Compact XR Tooth-Cutting Training System Using a Physical EMR-based Dental Handpiece and Teeth Model,exclude,exclude,exclude,True,1.0,exclude
,JSGZDD7T,Advancements in Fourth-Generation Endodontic Apex Locators for Enhanced Precision in Root Canal Treatments,unsure,unsure,unsure,True,1.0,unsure
,KWUMDHWD,SurgNavAR: An Augmented Reality Surgical Navigation Framework for Optical See-Through Head Mounted Displays,exclude,exclude,exclude,True,1.0,exclude
,TH6PYK56,Tooth Motion Monitoring in Orthodontic Treatment by Mobile Device-Based Multi-View Stereo,unsure,unsure,unsure,True,1.0,unsure
,SYTQBUTQ,Innovative Applications of AI and 3D Printing in Digital Dentistry: Enhancing Accuracy and Efficiency in Dental Care,unsure,exclude,exclude,False,0.6666666666666666,exclude
,WRIGRGC8,3D Face Reconstruction Algorithm Based on Lightweight Attention Mechanism,exclude,exclude,exclude,True,1.0,exclude
,A3RPJ5SA,Masked Deep Embeddings of Patches for Teeth Segmentation in Cone Beam CT Images,unsure,unsure,unsure,True,1.0,unsure
,U67VEFUR,A method of dental model segmentation based on shortest path,unsure,unsure,unsure,True,1.0,unsure
,V85M8FZ4,Assessment of the Inner Surface Roughness of 3D Printed Dental Crowns via Optical Coherence Tomography Using a Roughness Quantification Algorithm,unsure,unsure,unsure,True,1.0,unsure
,ZQ5HLDN3,Advanced Teeth Instance Segmentation Using Contextual Spatial Attention and Deeper Mask Head,unsure,unsure,exclude,False,0.6666666666666666,unsure
,MTCKAFRR,Research and Design of Cloud-Based Digital Three-Dimensional Scanning System for Denture Digitization,unsure,unsure,unsure,True,1.0,unsure
,5KGSFDRI,3DFaceSculptor: A Common Framework for Image-Guided 3D Face Deformation,exclude,exclude,exclude,True,1.0,exclude
,SXD7ZNDY,Digital Twin-Based Stereo Dataset Generation Method for 3D Reconstruction of Teeth,include,include,unsure,False,0.6666666666666666,include
,ANNASBNI,3DCMM: 3D Comprehensive Morphable Models With UV-UNet for Accurate Head Creation,exclude,exclude,exclude,True,1.0,exclude
,FAVVAM5K,Teeth and Jaw Segmentation from CBCT images Using 3D Deep Learning Models,unsure,unsure,unsure,True,1.0,unsure
,NPAKCEJN,Single Bone Modeler: deep learning bone segmentation for cone-beam CT,exclude,exclude,exclude,True,1.0,exclude
,NN3EPFTW,TranSDFNet: Transformer-Based Truncated Signed Distance Fields for the Shape Design of Removable Partial Denture Clasps,unsure,unsure,unsure,True,1.0,unsure
,SUXU9CHR,Explainable Multimodal Ai for Oral Cancer: Integrating Image Segmentation and Large Language Models,exclude,unsure,unsure,False,0.6666666666666666,unsure
,CME9QEZQ,Al-Enhanced Surgical Guides for Real-Time Navigation in Dental Implant Placement Procedures,unsure,unsure,unsure,True,1.0,unsure
,GNNPTY9X,Innovative Facial Sculpting of the Human Skull Using 3D Scanning Techniques,include,include,include,True,1.0,include
,QDLVNNQA,Upper Airway Segmentation Based on the Attention Mechanism of Weak Feature Regions,unsure,unsure,unsure,True,1.0,unsure
,NECU8DQL,Automatic Detection of Tooth-Gingiva Trim Lines on Dental Surfaces,unsure,unsure,unsure,True,1.0,unsure
,53I8Q98P,TCATSEG: A Tooth Center-Wise Attention Network for 3D Dental Model Semantic Segmentation,unsure,unsure,unsure,True,1.0,unsure
,4HHZUW3L,3D Condyle-Mamba: Hybrid U-Net and Mamba with Shape Priors for TMJ Condyle Segmentation,unsure,unsure,unsure,True,1.0,unsure
,GFZ3RVCT,ArchMap: Arch-Flattening and Knowledge-Guided Vision Language Model for Tooth Counting and Structured Dental Understanding,unsure,unsure,unsure,True,1.0,unsure
,EERIYCIP,Anatomical Deep Learning Analysis for Automated Detection of Dental Caries: A Novel Approach,unsure,unsure,unsure,True,1.0,unsure
,F8GE9JCL,Combining Anatomical Constraints and Deep learning for 3-D CBCT Dental Image Multi-label Segmentation,unsure,unsure,unsure,True,1.0,unsure
,IIUX7N4E,Simultaneous Reconstruction and Tracking for Motion Correction in Image Guided Surgery,exclude,exclude,exclude,True,1.0,exclude
,BXJILH7G,Investigating the Extension of Self Supervised Learning Algorithms to 3D Medical and Dental Image Applications,unsure,unsure,unsure,True,1.0,unsure
,882UEMTA,MVDC : A Multi-view Dental Completion Model Based on Contrastive Learning,unsure,unsure,unsure,True,1.0,unsure
,7U3ZWC26,Feature Fusion-Enhancement: A Novel Solution for 2D-3D Reconstruction in Feature-Uniform Contexts,unsure,unsure,unsure,True,1.0,unsure
,V42G92V5,Improved 3D U-Net Model for Precise Brain Hematoma Segmentation and Volume Measurement,exclude,exclude,exclude,True,1.0,exclude
,ARZKEJSM,A Point-Based Neural Network for Real-Scenario Deformation Prediction in Additive Manufacturing,unsure,unsure,unsure,True,1.0,unsure
,2AL3VIDT,Self-Supervised Learning with Masked Autoencoders for Teeth Segmentation from Intra-oral 3D Scans,unsure,unsure,unsure,True,1.0,unsure
,TV7FIHW6,Towards Reliable 3D Face Reconstruction from Voice: Evaluating the Consistency between Regression Metrics and SSIM,exclude,exclude,exclude,True,1.0,exclude
,MUGR4YEY,Realistic 3D Human Avatar Creation for Metaverse,exclude,exclude,exclude,True,1.0,exclude
,BY9DJMI6,Segmenting Maxillofacial Structures in CBCT Volumes,unsure,unsure,unsure,True,1.0,unsure
,UZID4KPU,Face analyzer 3D: Automatic facial profile detection and occlusion classification for dental purposes,unsure,unsure,unsure,True,1.0,unsure
,RPJ3I2YA,Detection of Mid Mesial Canal in Dental CBCT Images Using Combined YOLO and 2D U-Net Model,unsure,unsure,unsure,True,1.0,unsure
,RD6I3HU8,The Precise 3D Reconstruction of Human Faces Based on 2D Photograph,exclude,exclude,exclude,True,1.0,exclude
,XL7QKKBG,Deep Segmentation of the Mandibular Canal: A New 3D Annotated Dataset of CBCT Volumes,unsure,unsure,unsure,True,1.0,unsure
,9SFRR636,HTCNet: Hierarchical Point-Graph Tooth Point Cloud Completion with Image Assistance,unsure,unsure,unsure,True,1.0,unsure
,ER92BPSX,Example-guided 3D Human Face Reconstruction from Sparse Landmarks,exclude,exclude,exclude,True,1.0,exclude
,9EU4N7MW,"VOICE: Visual Oracle for Interaction, Conversation, and Explanation",exclude,exclude,exclude,True,1.0,exclude
,EZ79TJS5,SmartDent AI:AI-Driven Diagnosis and Treatment Solutions,unsure,unsure,unsure,True,1.0,unsure
,K76EFK8M,Simulation of Postoperative Facial Appearances via Geometric Deep Learning for Efficient Orthognathic Surgical Planning,unsure,unsure,unsure,True,1.0,unsure
,RM44Z3NB,A Unified Framework for Dental X-ray-to-Mask and Mask-to-X-ray Synthesis via Conditional Diffusion,unsure,unsure,unsure,True,1.0,unsure
,L8D37S8P,Design of Oral English Teaching Assistant System for Students Based on Virtual Reality and Artificial Intelligence Algorithm,exclude,exclude,exclude,True,1.0,exclude
,CCHDS9W2,Automatic 3D Digital Dental Landmark Based on Point Transformation Weight,unsure,unsure,unsure,True,1.0,unsure
,7GXKSU8K,3D Face Geometry Enhancement: A Self-Supervised Framework,exclude,exclude,exclude,True,1.0,exclude
,GSFURB8J,3D Facial Tracking and User Authentication Through Lightweight Single-Ear Biosensors,exclude,exclude,exclude,True,1.0,exclude
,EEDABI9Y,Refined Individual Tooth Segmentation from Cone Beam CT Images,unsure,unsure,unsure,True,1.0,unsure
,LISI3RM7,Realistic Haptic Feedback for Material Removal in Medical Simulations,unsure,unsure,unsure,True,1.0,unsure
,QEXREMKK,Some Results of New Training Contents Based on VR and 3D/360,exclude,exclude,exclude,True,1.0,exclude
,8942LKUF,A Multi-task Learning Network for Automated Detection of Oral Epithelial Dysplasia,exclude,exclude,exclude,True,1.0,exclude
,A8LE7ALK,Efficient ToothAR: Cascade Autoregressive Orthodontic Treatment Planning,unsure,unsure,unsure,True,1.0,unsure
,YUGFZPB8,Instantaneous and Markerless Registration for Mandible Reconstruction Robot With Fibular Holder,unsure,unsure,unsure,True,1.0,unsure
,M7UAIMFS,Skeleton-ID: AI-driven Human Identification,unsure,exclude,exclude,False,0.6666666666666666,exclude
,USUBE7IV,3D Single-Tooth Reconstruction via Curriculum Learning and Topology-aware Generation,unsure,unsure,unsure,True,1.0,unsure
,87S2K99H,Single-View 3D Face Reconstruction Method With Multi-Scale Feature Fusion Encoder,exclude,exclude,exclude,True,1.0,exclude
,G7XDUFQV,Maxillary Sinus Disease Detection and Analysis Approaches in Deep Learning: Survey,exclude,exclude,exclude,True,1.0,exclude
,6833KBVL,Quality Evaluation of Intraoral Scanners Using Reverse-Engineered Scan Body,unsure,unsure,unsure,True,1.0,unsure
,8AMMPUWV,HICT: High-Precision 3D CBCT Reconstruction From A Single X-ray,unsure,unsure,unsure,True,1.0,unsure
,W2667FH3,Automated Staging of Spheno-Occipital Synchondrosis Fusion via Landmark-Guided Knowledge Distillation,unsure,unsure,unsure,True,1.0,unsure
,VDZWG6NT,Localization of Craniomaxillofacial Landmarks on CBCT Images Using 3D Mask R-CNN and Local Dependency Learning,unsure,unsure,unsure,True,1.0,unsure
,MXIFV6AS,Automated Diagnosis of Oral Cancer using Deep Learning Models on Lesion Images,unsure,unsure,unsure,True,1.0,unsure
,87WQATRY,Segmentation of Anterior Tissues in Craniofacial Cone-Beam CT Images,unsure,unsure,unsure,True,1.0,unsure
,VZLM6VC3,Balancing Speed and Accuracy: A Mouth-Eye 3D Keypoints Alignment Framework for Large Poses,exclude,exclude,exclude,True,1.0,exclude
,Z4R87ZIR,Innovative Pediatric Simulator for Difficult Airway Management Training,exclude,exclude,exclude,True,1.0,exclude
,ACDPQ8WA,Geometry-Aware Attenuation Learning for Sparse-View CBCT Reconstruction,exclude,exclude,exclude,True,1.0,exclude
,TYKMQXUD,Advanced Face Reconstruction and Obstruction Removal using Deep Learning,exclude,exclude,exclude,True,1.0,exclude
,RUNVK5DH,Design and Development of Hybrid Artificial Intelligence-Enabled Virtual Reality for Digital Inheritance and Protection of Intangible Cultural Heritage,exclude,exclude,exclude,True,1.0,exclude
,YDAFFNFQ,SOFTooth: Semantics-Enhanced Order-Aware Fusion for Tooth Instance Segmentation,unsure,unsure,unsure,True,1.0,unsure
,ABKM2N5H,Ensemble Deep Learning for Dental Disease Classification Using DenseNet121 and Inception V3 with Explainable AI,exclude,exclude,exclude,True,1.0,exclude
,R7L7LNS4,PathInsightFlow: A Predictive Model for Rare Disease Diagnosis Using Advanced Image Processing Techniques,exclude,exclude,exclude,True,1.0,exclude
,2C8IKFPS,Transformer-Based 3D Point Cloud Object Recognition for Autonomous Vehicles,exclude,exclude,exclude,True,1.0,exclude
,AMSU9R3P,A Hierarchical Representation Network for Accurate and Detailed Face Reconstruction from In-The-Wild Images,exclude,exclude,exclude,True,1.0,exclude
,HQDWHX32,Continuous Bijection Supervised Pyramid Diffeomorphic Deformation for Learning Tooth Meshes From CBCT Images,unsure,unsure,unsure,True,1.0,unsure
,YK4VFHX3,RapidNAM: Algorithm for the Semi-Automated Generation of Nasoalveolar Molding Device Designs for the Presurgical Treatment of Bilateral Cleft Lip and Palate,include,include,include,True,1.0,include
,6LX67ZM8,Comparative Analysis of CNN Architectures for Enhancing Oral Cancer Detection Using Advanced Image Processing Techniques,exclude,exclude,exclude,True,1.0,exclude
,DSCSKE4B,"Hybrid Forecasting of Occlusal Changes in Deep Bite Correction Based on Digital Setup, 3D Models, and Design Factors",unsure,unsure,unsure,True,1.0,unsure
,DGBMZRHN,Multi-Modal Attention Iterative Network for Incisor Median Sagittal Plane Localization,unsure,unsure,unsure,True,1.0,unsure
,DVMCH739,An End-to-End Deep Learning Pipeline for Automated Mandible Virtual Surgical Planning Using Real-World Clinical Data,include,include,include,True,1.0,include
,5RMXCURX,Silhouette-to-Contour Registration: Aligning Intraoral Scan Models with Cephalometric Radiographs,unsure,unsure,unsure,True,1.0,unsure
,CGDDK52Q,Topo4D++: Realistic Physically Based 4D Head Capture With Topology-Preserving Gaussian Splatting and Expression Priors,exclude,exclude,exclude,True,1.0,exclude
,9TE2J8EB,Generative Chained Label Propagation: A Semi-Supervised Approach for Enhanced 3D Segmentation of the Inferior Alveolar Nerve,unsure,unsure,unsure,True,1.0,unsure
,IG9WWEUH,TeethGenerator: A Two-Stage Framework for Paired Pre- and Post-Orthodontic 3D Dental Data Generation,unsure,unsure,unsure,True,1.0,unsure
,Z53UBNVR,Explainable Deep Learning for Age Estimation in Forensic Disaster Victim Identification,unsure,unsure,unsure,True,1.0,unsure
,SVJQJUP2,Automatic Segmentation of Mandibular Condylar in Dental OPG Images Using Modified Mask RCNN,unsure,unsure,unsure,True,1.0,unsure
,N2EG2QIJ,FM-3DFR: Facial Manipulation-Based 3-D Face Reconstruction,exclude,exclude,exclude,True,1.0,exclude
,E8SME964,Investigation on Learning Accuracy for Tongue Surface Extraction from Ultrasound Image,exclude,exclude,exclude,True,1.0,exclude
,6HE5F6K3,Tooth Enamel segmentation from dental x-ray using MASK R-CNN Algorithm,unsure,unsure,unsure,True,1.0,unsure
,2WB7X7TB,How much does input data type impact final face model accuracy?,exclude,exclude,exclude,True,1.0,exclude
,3IYD8TR3,Utilizing Deep Learning to Opportunistically Screen for Osteoporosis from Dental Panoramic Radiographs,unsure,unsure,unsure,True,1.0,unsure
,QU4CCIPN,Reinforcement Learning-Based Centerline Tracking With Cross-Sectional Similarity for Enhancing Mandibular Canal Segmentation,unsure,unsure,unsure,True,1.0,unsure
,P6I72WYR,Single Image Super-Resolution Of Noisy 3d Dental Ct Images Using Tucker Decomposition,unsure,unsure,unsure,True,1.0,unsure
,SE9GRJ4W,Semantic Segmentation of Fetal Thoracic and Abdominal Organs in Prenatal Ultrasound Volumes Using Swin Transformer Networks,exclude,exclude,exclude,True,1.0,exclude
,BUFGA2CW,Patient-Specific Panoramic Reconstruction From Spiral MDCT Data via Projection-Domain CT-Style Backprojection,unsure,unsure,unsure,True,1.0,unsure
,D4GSQ2M2,Robust Brain Tumor Segmentation in Multi-Sequence MRI Using Multi-Scale Attention U-Net Architectures,exclude,exclude,exclude,True,1.0,exclude
,UJLIR495,ChatHuman: Chatting about 3D Humans with Tools,exclude,exclude,exclude,True,1.0,exclude
,IZVKJEQ3,Enhancing 3D Semi-Supervised Teeth Segmentation with Voxel Entropy-Guided Self-Learning,unsure,unsure,unsure,True,1.0,unsure
,KD6XD5UU,Bioimpedance Sensing Surgical Drill – Computational Modelling and Experimental Validation,unsure,unsure,unsure,True,1.0,unsure
,JHPJM7BR,Construction of Immersive English Listening and Speaking Training Platform in Virtual Reality Environment and Its Effect Evaluation System,exclude,exclude,exclude,True,1.0,exclude
,BL7FWVGT,Unsupervised Physics-Inspired Deep Learning Network with Application to Dental Computed Tomography Image Restoration,unsure,unsure,unsure,True,1.0,unsure
,3VLM3X7Q,Deep Learning–Based Automated Detection and Classification of Oral Cancer from Clinical Images,exclude,exclude,exclude,True,1.0,exclude
,7E5LWIDF,Grad-CAM & Grad-CAM++ for Explainable Oral Squamous Cell Carcinoma Detection using Deep Learning on Orthopantomograms,unsure,exclude,unsure,False,0.6666666666666666,unsure
,ZUIVH67D,Automatic Detection and Classification of Dental Anomalies and Tooth Types Using Transformer-Based Yolo With GA Optimization,unsure,unsure,unsure,True,1.0,unsure
,X4DKRNH2,A Dental Caries Segmentation Method Based on Dental Bitewings,unsure,unsure,unsure,True,1.0,unsure
,9AZDUGHA,Algorithms to Measure Area and Volume on 3D Face Models for Facial Surgeries,unsure,unsure,include,False,0.6666666666666666,unsure
,IMN6HZ24,Automatic Plane of Minimal Hiatal Dimensions Extraction From 3D Female Pelvic Floor Ultrasound,exclude,exclude,exclude,True,1.0,exclude
,7GZC9JZE,Craniomaxillofacial Bone Segmentation and Landmark Detection Using Semantic Segmentation Networks and an Unbiased Heatmap,unsure,unsure,unsure,True,1.0,unsure
,D9PVWCIA,Prostate Cancer Volume Segmentation in Multiparametric MRI Scans Using Optimized 3D Dense CNN Architectures,exclude,exclude,exclude,True,1.0,exclude
,Q5KLDXLJ,A Visual Contour-based Detection Method for Orthodontic Archwire during Robotic Bending,unsure,unsure,unsure,True,1.0,unsure
,4JBMYVVD,A 3D Clinical Face Phenotype Space of Genetic Syndromes Using a Triplet-Based Singular Geometric Autoencoder,exclude,exclude,exclude,True,1.0,exclude
,XWQH8X5W,A Multi-Stage Automatic Framework for Fracture Fragments Segmentation of Zygomatic Bone and Arch,unsure,unsure,unsure,True,1.0,unsure
,7FH92JB4,Complex Fusion Structure Slow Dissociation Simulation Prediction Method,exclude,exclude,exclude,True,1.0,exclude
,FWZXI7JZ,A Lightweight Fine-Tuned MobileNetV2 Framework for Automated Multi-Class Dental Disease Classification,exclude,exclude,exclude,True,1.0,exclude
,PCEEZU3Y,Plug-and-Play Regularization on Magnitude With Deep Priors for 3D Near-Field MIMO Imaging,exclude,exclude,exclude,True,1.0,exclude
,96FVBXB8,Enlarge the Error Prediction Dataset in 3-D Printing: An Unsupervised Dental Crown Mesh Generator,unsure,exclude,exclude,False,0.6666666666666666,exclude
,82MAT4SG,InceptionNet-Based AI Approach for Precise Classification and Diagnosis of Mouth Ulcers Leveraging Clinical Data,unsure,exclude,exclude,False,0.6666666666666666,exclude
,2R2DTI49,Hybrid Deep Learning Model for Brain Tumor Prediction,exclude,exclude,exclude,True,1.0,exclude
,I2NS6IIL,Advancing Wire Arc Additive Manufacturing: A New Era of Precision and Efficiency in Large Metal Component Production,exclude,exclude,exclude,True,1.0,exclude
,SEHZXS2Z,Review of Artificial Intelligence methods for detecting cancer in medical image processing,exclude,exclude,exclude,True,1.0,exclude
,FQHGYMEH,GeoCTP: Structure-aware Prediction of Multifunctional Cancer Therapy Peptides via Graph Transformer and Contrastive Learning,exclude,exclude,exclude,True,1.0,exclude
,BECA3QIY,Dar’s Data: A Collaborative AI-Driven Framework for the Preservation and Generative Reinterpretation of Vernacular Heritage : Case Study of the Medina of Fez,exclude,exclude,exclude,True,1.0,exclude
,EYXIDIIF,Segmentation of the Mandibular Nerve Canal Based on GAGA-UNet,unsure,unsure,unsure,True,1.0,unsure
,IMP22A3J,Face Expression Recognition Method Based on Mamba and Different Facial Regions,exclude,exclude,exclude,True,1.0,exclude
,B277DEZK,Towards High Fidelity Monocular Face Reconstruction with Rich Reflectance using Self-supervised Learning and Ray Tracing,exclude,exclude,exclude,True,1.0,exclude
,HMLKHDYH,Development of Automatic Assessment Framework for Spine Deformity Using Freehand 3-D Ultrasound Imaging System,exclude,exclude,exclude,True,1.0,exclude
,5J3NJCMM,Enhancing Surgical Instrument Localization Using Image Processing,exclude,exclude,exclude,True,1.0,exclude
,8RD3AVC7,Effect of bar material on the biomechanical performance of hybrid dental prosthesis,include,unsure,unsure,False,0.6666666666666666,unsure
,ZJPPRS6G,Future Innovation in Healthcare by Spatial Computing using ProjectDR,exclude,exclude,exclude,True,1.0,exclude
,ELAFPWWG,A Vision Transformer with Shift Encoding for Early Screening of Oral Cancer in Clinical Images,exclude,exclude,exclude,True,1.0,exclude
,Y3J72HHP,Overcoming Compression Artifacts in Oral Malignancy Detection via Deep Restoration and Ensemble Learning,exclude,exclude,exclude,True,1.0,exclude
,99NNSAFX,YOLO_MIC3: Facial Keypoints Detection Algorithm for Aggregating Reduced-Dimensional MRI Images,exclude,exclude,exclude,True,1.0,exclude
,MFCTNX2I,Non-iterative Compensation for Patient Motion in Dental CBCT Imaging,unsure,unsure,unsure,True,1.0,unsure
,B2QQSRHI,Teeth Gap and Position Recognition System with Intraoral Scanner Images Using Image Processing,unsure,unsure,unsure,True,1.0,unsure
,UTKM26KB,Physical Maxillofacial Simulator with Variable-Stiffness Sensorized Soft Tissues,unsure,unsure,unsure,True,1.0,unsure
,3I3BJQWC,AI-Based Knee Implant Recommendation from Radiographic Images using Deep Learning,exclude,exclude,exclude,True,1.0,exclude
,ZD7ZBRU6,Enhancing Content-Based Image Retrieval for Lung Cancer Diagnosis: Leveraging Texture Analysis and Ensemble Models,exclude,exclude,exclude,True,1.0,exclude
,RIQ6Q9W3,Using response time to evaluate noise fluctuations and Lombard speech in auralizations,exclude,exclude,exclude,True,1.0,exclude
,LZXFM3VV,Blood Vessel Segmentation from Low-Contrast and Wide-Field Optical Microscopic Images of Cranial Window by Attention-Gate-Based Network,exclude,exclude,exclude,True,1.0,exclude
,AQTUPZ3W,Real-Time Indian Sign Language Recognition and Sentence Generation via CNN–LSTM and Agentic Semantic Reconstructions,exclude,exclude,exclude,True,1.0,exclude
,B3B9UHNG,KAN-Face: Efficient Resource Usage and Precision Lip-Sync in Talking Head Generation,exclude,exclude,exclude,True,1.0,exclude
,49E22KHB,Plug-and-Play Reconstruction with 3D Deep Prior for Complex-Valued Near-Field MIMO Imaging,exclude,exclude,exclude,True,1.0,exclude
,GIRL7L8M,Joint Cranial Bone Labeling and Landmark Detection in Pediatric CT Images Using Context Encoding,exclude,exclude,exclude,True,1.0,exclude
,G6T3U2C5,Autonomous Closed-Loop Control for Robotic Soft Tissue Electrosurgery Using RGB-D Image Guidance,unsure,unsure,unsure,True,1.0,unsure
,FZX8W9B4,Design of Honeycomb-Inspired Metamaterial Skeleton for Constructing Highly Thermally Conductive Epoxy Composite,exclude,exclude,exclude,True,1.0,exclude
,N74PHTST,InsightLens: Augmenting LLM-Powered Data Analysis With Interactive Insight Management and Navigation,exclude,exclude,exclude,True,1.0,exclude
,MWJMLC5D,Oral Cancer Histopathological Detection and Diagnosis Using Hybrid AI Deep Learning Methods,exclude,exclude,exclude,True,1.0,exclude
,9G9EA7IN,Review of Group Formalism for Automated Formalization in Mechanical Engineering,exclude,exclude,exclude,True,1.0,exclude
,Y4RRM52Z,Segmentation of Organs-At-Risk from Ct and Mr Images of the Head and Neck: Baseline Results,exclude,exclude,exclude,True,1.0,exclude
,NQMTYUTA,A Method for Robot to Detect the Facial Landmarks with Masks,exclude,exclude,exclude,True,1.0,exclude
,QKVJMV4W,A Novel Approach for Automatic Prediction of Canine Impaction using Deep Learning Algorithms,unsure,unsure,unsure,True,1.0,unsure
,MAJJK9WX,Sign Lingo: Live Sign Language Interpretation using AI,exclude,exclude,exclude,True,1.0,exclude
,WXINJKGP,A Soft Body Actuator Position Measurement Method Based on OpenCV Library,exclude,exclude,exclude,True,1.0,exclude
,CTHCY5TE,Compliance Control and Simulation of a Next-Generation Chewing Robot,exclude,exclude,exclude,True,1.0,exclude
,HYRULWD6,Toothbrushing Monitoring Using an RGB-D Camera and Smart Toothbrush-Integrated IMU,unsure,exclude,exclude,False,0.6666666666666666,exclude
,VTE3SUZ7,A Software Package ?Apnea? for the Diagnosis and Treatment of Obstructive Sleep Apnea,unsure,unsure,unsure,True,1.0,unsure
,5UNAWU6T,Smart Feeder Robot for Severely Disabled Patients,exclude,exclude,exclude,True,1.0,exclude
,4GDMUU8D,OTONet: Deep Neural Network for Precise Otoscopy Image Classification,exclude,exclude,exclude,True,1.0,exclude
,UR5C4NE6,"Interference-Free Causality Learning Promotes Cross-Level, Fine-Grained Diagnosis of Coronary Artery Disease in Coronary CT Angiography",exclude,exclude,exclude,True,1.0,exclude
,93QPIGB9,Posterior-Based Analysis of Spatio-Temporal Features for Sign Language Assessment,exclude,exclude,exclude,True,1.0,exclude
,BDPNEU69,Fast Sparsity-Based 3D Near-Field MIMO Imaging Using b-SAGA with a Batch Size Selection Strategy,exclude,exclude,exclude,True,1.0,exclude
,3W2GPYQ8,Alzheimer’s Disease Prediction Using MRI-PET Fusion Through Multi-Modal Deep Learning With Late Fusion Techniques,exclude,exclude,exclude,True,1.0,exclude
,EQXPU6L4,AI Diagnosis of Mild Cognitive Impairment in Neurodegenerative Diseases from FDG Pet Images,exclude,exclude,exclude,True,1.0,exclude
,KT26QVLT,CFI-Net: A Choquet Fuzzy Integral Based Ensemble Network With PSO-Optimized Fuzzy Measures for Diagnosing Multiple Skin Diseases Including Mpox,exclude,exclude,exclude,True,1.0,exclude
,5BJNDFYZ,Improving the Recognition of Sign Language from Acquired Data by Wireless Body Area Network,exclude,exclude,exclude,True,1.0,exclude
,LVMS6SDJ,Sketch-Based Interaction for Planning-Based Interactive Storytelling,exclude,exclude,exclude,True,1.0,exclude
,MEMRQFFZ,Multi-Resolution Transformer-Augmented Efficientnet for Explainable Breast Cancer Histopathology Analysis,exclude,exclude,exclude,True,1.0,exclude
,KELB4BMB,Earlier Detection of Pancreatic Cancer Using Neural Network Based Optimization Technique,exclude,exclude,exclude,True,1.0,exclude
,GPVHR37U,Optimal Temporal Window Selection for 3D CNN-Based VFSS Swallowing Phase Classification,exclude,exclude,exclude,True,1.0,exclude
,VX2DKX3L,Minimally Invasive Micro Needle Sensors for Plant Growth Analysis in Agrivoltaic Fields,exclude,exclude,exclude,True,1.0,exclude
,JZFZNDHC,Generative AI for Text to Speech and Sign Language Translation,exclude,exclude,exclude,True,1.0,exclude
,JQ68Q3SZ,Reducing Computational Cost in Pedestrian Conversation Activity Recognition through Skeleton Spatiotemporal Graphs,exclude,exclude,exclude,True,1.0,exclude
,E7ETQS7V,Research on Gear Fault Feature Extraction of Electric Drive Axle Main Reducer based on ADAMS,exclude,exclude,exclude,True,1.0,exclude
,6UWXDDD5,Analyzing Interactions in Paired Egocentric Videos,exclude,exclude,exclude,True,1.0,exclude
,2CGFXI82,Computer Vision-Based Consumer Behavior Analysis Framework for Retail Store Layout Optimization,exclude,exclude,exclude,True,1.0,exclude
,PNNNJ4K7,Attention-based Multiple Instance Learning for Cancer Diagnosis using Histopathology Image,exclude,exclude,exclude,True,1.0,exclude
,QQ8MBXIU,Reduce metal artifact (MAR) on CBCT image,unsure,unsure,unsure,True,1.0,unsure
,UR3DAMEK,Translation of Sign Language into Nepali Speech Using a Context-Aware Neural Network Framework,exclude,exclude,exclude,True,1.0,exclude
,RVQ8W7LL,A Customized Artificial Ear Based on Vibrotactile Feedback: A Pilot Study,exclude,exclude,exclude,True,1.0,exclude
,LX4B4NBH,A Unified Deep Learning Framework for Lip Reading and Deep Fake Audio Classification,exclude,exclude,exclude,True,1.0,exclude
,CJGMMXKC,Deep Learning Framework for Indian Sign Language Communication,exclude,exclude,exclude,True,1.0,exclude
,BYXQCNW3,Deep Learning-Based Pattern Recognition for Automated Medical Imaging,exclude,exclude,exclude,True,1.0,exclude
,RN2Q4D82,High-level Features in Deeper Deep Learning Layers for Breast Cancer Classification,exclude,exclude,exclude,True,1.0,exclude
,G5B2WC8I,"Bridging Communication Gaps: A Low-Cost, Real-Time Sign Language Recognition Platform",exclude,exclude,exclude,True,1.0,exclude
,QU3DP4UW,System-on-Board Integrated Flexible OEGFET Aptasensor for Multianalyte Testing in Saliva,exclude,exclude,exclude,True,1.0,exclude
,Y8VP89EU,Robust Oral Localization Based on Multicamera Tracking of Self-Identifying Markers,unsure,unsure,unsure,True,1.0,unsure
,FPDFK4BS,Single-Image to 3D Human: A Comprehensive Reconstruction Framework,exclude,exclude,exclude,True,1.0,exclude
,DFF9LQMV,Development and Validation of a Freehand 3-D Ultrasound System for Real-Time Intraoral Image Reconstruction,unsure,unsure,unsure,True,1.0,unsure
,CLJ8NKK8,Efficient Registration of Intraoral Point Clouds Using 3-D Spatial Consistent Grouping Method With Global Optimization,unsure,unsure,unsure,True,1.0,unsure
,6F9KM9CD,Enhanced Landmark Detection in Oral and Maxillofacial CT and CBCT Scans: A Multistage Global–Local Integration Approach,unsure,unsure,unsure,True,1.0,unsure
,GCV28PD9,Intraoral 3-D Measurement by Means of Group Coding Combined With Consistent Enhancement for Fringe Projection Pattern,unsure,unsure,unsure,True,1.0,unsure
,MMNAMT58,Calibration of Intraoral 3-D Measurement System With Using Consummated Model Combined With Highly Accurate Data Pairs,unsure,unsure,unsure,True,1.0,unsure
,HBTWKW6T,Accurate 3-D Radiation Field Measurement via Focus-Enhanced Gamma Imaging and Density-Adaptive Point Cloud Fusion,exclude,exclude,exclude,True,1.0,exclude
,JHSJBZJS,On Segmentation of Maxillary Sinus Membrane using Automatic Vertex Screening,unsure,unsure,unsure,True,1.0,unsure
,AJ4I25ZJ,Automated Orthognathic Surgery Planning Based on Shape-Aware Morphology Prediction and Anatomy-Constrained Registration,unsure,unsure,unsure,True,1.0,unsure
,CAZ49UPW,3D Human Reconstruction Combined with Facial Features,exclude,exclude,exclude,True,1.0,exclude
,LKB7H5FV,On 2D-3D Image Feature Detections for Image-To-Geometry Registration in Virtual Dental Model,unsure,unsure,unsure,True,1.0,unsure
,N6WMEGD2,3D-Guided Face Manipulation of 2D Images for the Prediction of Post-Operative Outcome After Cranio-Maxillofacial Surgery,unsure,unsure,unsure,True,1.0,unsure
,FGKG96PB,Estimating Virtual Camera FOV to Reduce Perspective Shape Distortion in 2D-to-3D Face Reconstruction,exclude,exclude,exclude,True,1.0,exclude
,PBQ8XJYN,3D Face From X: Learning Face Shape From Diverse Sources,exclude,exclude,exclude,True,1.0,exclude
,TFWIX3RV,A Survey of Text-guided 3D Face Reconstruction,exclude,exclude,exclude,True,1.0,exclude
,QNTVYNKA,Learning Disentangled Features for Nerf-Based Face Reconstruction,exclude,exclude,exclude,True,1.0,exclude
,7NUXGGGT,Graph Refinement with Regression Prior for 3D Face Reconstruction,exclude,exclude,exclude,True,1.0,exclude
,38YNWRV5,Assessment of The Expressions of Facial Paralysis Using PointNet: A Deep Learning Approach for 3D Facial Point Cloud Analysis,unsure,unsure,unsure,True,1.0,unsure
,HL7ZWRXI,Robust CBCT Reconstruction Based On Low-Rank Tensor Decomposition And Total Variation Regularization,unsure,exclude,exclude,False,0.6666666666666666,exclude
,XGSJC7C3,Confidence-Aware Clustered Landmark Filtering For Hybrid 3D Face Tracking,exclude,exclude,exclude,True,1.0,exclude
,VA5H2U59,PWD-3DNet: A Deep Learning-Based Fully-Automated Segmentation of Multiple Structures on Temporal Bone CT Scans,exclude,exclude,exclude,True,1.0,exclude
,VP2TGLTN,Detection of Caries and Hypodontia using Deep Learning and Explainable AI,unsure,unsure,unsure,True,1.0,unsure
,7YHWW4EZ,Extraction of Cervical Lymph Nodes Based on Improved U-Net++ Incorporated Attention Module,exclude,exclude,exclude,True,1.0,exclude
,JEHNTLW4,Vision-Guided Nucleic Acid Detection and Sampling Robot,exclude,exclude,exclude,True,1.0,exclude
,SP9S6FHA,Identification of Root Resorption from Panoramic Xray Images Based on Deep Metric Learning and Multi-View Feature Integration,unsure,unsure,unsure,True,1.0,unsure
,CLECS8D3,Android-Based English Vocabulary Learning Media using Speech Recognition and Augmented Reality,exclude,exclude,exclude,True,1.0,exclude
,RRZQD6TW,Using Vision Transformers in 3-D Medical Image Classifications,exclude,exclude,exclude,True,1.0,exclude
,TJ58KLZ9,Speech2Sign with ASL-Transformers and SL-GAN,exclude,exclude,exclude,True,1.0,exclude
