file,match_idx,score,matched,_idx,Title_clean,Key,AI分类,在最终613,是否最终613
08869634.2021.1894860.pdf.pdf,,0.0,False,,,,,False,False
0954411920944109.pdf.pdf,,0.0,False,,,,,False,False
09544119211022985.pdf.pdf,,0.0,False,,,,,False,False
1.pdf-1.pdf,,0.0,False,,,,,False,False
1.pdf-2.pdf,,0.0,False,,,,,False,False
1.pdf-3.pdf,,0.0,False,,,,,False,False
1.pdf.pdf,62.0,100.0,True,62.0,Scanning Accuracy of 10 Intraoral Scanners for Single-crown and Three-unit Fixed Denture Preparations: An In Vitro Study.,SCPVCH8P,exclude,True,True
11206721211013653.pdf.pdf,,0.0,False,,,,,False,False
13102818.2021.1905063.pdf.pdf,,0.0,False,,,,,False,False
1361-6560%252Fab9c64.pdf.pdf,,0.0,False,,,,,False,False
2021 - Novel 3D segmentation for reliable volumetric assessment of the nasal airway a CBCT study.pdf,2087.0,100.0,True,2087.0,Novel 3D segmentation for reliable volumetric assessment of the nasal airway: a CBCT study,Z4PR8PUL,include,True,True
2021 - Workflow of digitally guided direct composite resin restorations using open source software and 3D p.pdf,2219.0,100.0,True,2219.0,Workflow of digitally guided direct composite resin restorations using open source software and 3D printing: a clinical technique,AZCWGFVM,include,True,True
2023 - Comparison of load bearing capacity of ceramic crowns with zirconia or polyetherketoneketone framewo.pdf,378.0,100.0,True,378.0,Comparison of load bearing capacity of ceramic crowns with zirconia or polyetherketoneketone frameworks.,6XR3HJFC,exclude,False,False
2023 - Zirconia CADCAM machining vibrations related to zirconia blank shape and initial digital nesting.pdf,482.0,100.0,True,482.0,Zirconia CAD/CAM machining vibrations related to zirconia blank shape and initial digital nesting.,EKHK6Z2C,exclude,False,False
2024 - Accuracy of imaging software usable in clinical settings for 3D rendering of tooth structures.pdf,37.0,100.0,True,37.0,Accuracy of imaging software usable in clinical settings for 3D rendering of tooth structures.,TGY9GAAH,include,True,True
2024 - An integration protocol for aligning intraoral scans to facial scans using the nasal geometry refere.pdf,450.0,100.0,True,450.0,An integration protocol for aligning intraoral scans to facial scans using the nasal geometry reference in a fully dentate patient.,3PAYNYFP,include,True,True
2024 - Designing an occlusal appliance digital protocol using an open-source 3D modeling software program.pdf,209.0,100.0,True,209.0,Designing an occlusal appliance digital protocol using an open-source 3D modeling software program: a technical report.,XMP5NQCB,include,True,True
2024 - Enhancing Maxillofacial Surgery 3D-Printed Models from CT Scans for Improved Surgical Planning.pdf,2296.0,100.0,True,2296.0,Enhancing Maxillofacial Surgery: 3D-Printed Models from CT Scans for Improved Surgical Planning,LFFHBJQR,unsure,False,False
2024 - Establishment and evaluation of a 3D quantitative analysis method for dental plaque based on an intr.pdf,2152.0,100.0,True,2152.0,Establishment and evaluation of a 3D quantitative analysis method for dental plaque based on an intraoral scanner technique,HQTBY7E3,include,True,True
2025 - Clinical efficacy of early intervention timing for inversely impacted maxillary central incisors.pdf,1754.0,100.0,True,1754.0,Clinical efficacy of early intervention timing for inversely impacted maxillary central incisors,UYKQ4QIQ,include,False,False
2025 - Geometric Fidelity of Magnetic Resonance Imaging and Computed Tomography-Derived Virtual 3D Models o.pdf,1845.0,100.0,True,1845.0,Geometric Fidelity of Magnetic Resonance Imaging and Computed Tomography-Derived Virtual 3D Models of Porcine Cadaver Mandibles: Conventional Versus Artificial Intelligence-Based Segmentation,V3VSUWJ5,include,True,True
2025 - Patient-specific gingival recession system based on periodontal disease prediction.pdf,243.0,100.0,True,243.0,Patient-specific gingival recession system based on periodontal disease prediction.,VXPM8E6R,unsure,False,False
2025 - Zirconia endocrown with intracanal extension and zirconia posts on maxillary molars in silico study.pdf,1374.0,92.5,True,1374.0,Zirconia endocrown with intracanal extension and zi posts on maxillary molars: in silico study,KY63Y6R9,include,False,False
2041-210x.13689.pdf.pdf,,0.0,False,,,,,False,False
20543581211018528.pdf.pdf,,0.0,False,,,,,False,False
5.0024177.pdf.pdf,,0.0,False,,,,,False,False
Abazi 等 - 2025 - Postoperative assessment of forehead contouring in facial feminization surgery.pdf,1010.0,100.0,True,1010.0,Postoperative assessment of forehead contouring in facial feminization surgery,K7WRBECT,unsure,True,True
Abbate 等 - 2025 - Text-Guided Inpainting for Aesthetic Prediction in Orthofacial Surgery A Patient-Centered AI Approa.pdf,558.0,100.0,True,558.0,Text-Guided Inpainting for Aesthetic Prediction in Orthofacial Surgery: A Patient-Centered AI Approach.,DDDBP7D4,exclude,False,False
Abdelhamid 等 - 2025 - Accuracy Assessment of Customized Titanium Plates Compared to 3D-Printed Splints in Le Fort I Osteot.pdf,518.0,100.0,True,518.0,Accuracy Assessment of Customized Titanium Plates Compared to 3D-Printed Splints in Le Fort I Osteotomy: A Randomized Clinical Trial Evaluating Clinical and Radiographic Outcomes.,W692WAXG,include,True,True
Abdelrehim 等 - 2025 - Time efficiency and precision of splinted complete arch implant scanning.pdf,1957.0,100.0,True,1957.0,Time efficiency and precision of splinted complete arch implant scanning,TTKVIR7E,exclude,True,True
Abdillah 等 - 2025 - Factors influencing craniofaciadental changes in skeletal Class III orthognathic surgery by using ma.pdf,1295.0,100.0,True,1295.0,Factors influencing craniofaciadental changes in skeletal Class III orthognathic surgery by using machine learning,XCI3WWY4,exclude,False,False
Abdo 等 - 2022 - Teeth and Jaw Segmentation from CBCT images Using 3D Deep Learning Models.pdf,2368.0,100.0,True,2368.0,Teeth and Jaw Segmentation from CBCT images Using 3D Deep Learning Models,FAVVAM5K,exclude,False,False
Abdul Hadi 等 - 2022 - Utilizing 3D Slicer to incorporate tomographic images into GATE Monte Carlo simulation for personali.pdf,1557.0,100.0,True,1557.0,Utilizing 3D Slicer to incorporate tomographic images into GATE Monte Carlo simulation for personalized dosimetry in yttrium-90 radioembolization,5LLXRH5T,exclude,True,True
Abdullah 等 - 2021 - Cranial Implant Design Applying Shape-Based Interpolation Method via Open-Source Software.pdf,678.0,100.0,True,678.0,Cranial Implant Design Applying Shape-Based Interpolation Method via Open-Source Software,5NZQ7XHV,include,True,True
Abduo和Lau - 2021 - Accuracy of static computer-assisted implant placement in long span edentulous area by novice implan.pdf,429.0,100.0,True,429.0,"Accuracy of static computer-assisted implant placement in long span edentulous area by novice implant clinicians: A cross-sectional in vitro study comparing fully-guided, pilot-guided, and freehand implant placement protocols.",W8628Y5K,exclude,True,True
Abduo和Lau - 2023 - Accuracy of Static Computer- Assisted Implant Placement in Posterior Edentulous Areas with Different.pdf,63.0,100.0,True,63.0,Accuracy of Static Computer- Assisted Implant Placement in Posterior Edentulous Areas with Different Levels of Tooth- Support by Novice Clinicians.,69LQ9WZ4,exclude,False,False
Abo El Ela和Badran - 2025 - Development of Semi-Automatic Dental Image Segmentation Workflows with Root Canal Recognition for Fa.pdf,116.0,100.0,True,116.0,Development of Semi-Automatic Dental Image Segmentation Workflows with Root Canal Recognition for Faster Ground Tooth Acquisition.,Q36P232F,include,True,True
Aboelfadl 等 - 2024 - Biomechanical behavior of implant retained prostheses in the posterior maxilla using different mater.pdf,1246.0,100.0,True,1246.0,Biomechanical behavior of implant retained prostheses in the posterior maxilla using different materials: a finite element study,4Z274IMC,include,True,True
Abolhassani 等 - 2024 - Nanobiotechnological approaches for breast cancer Management Drug delivery systems and 3D In-Vitro.pdf,988.0,100.0,True,988.0,Nanobiotechnological approaches for breast cancer Management: Drug delivery systems and 3D In-Vitro models,ILRPW2I6,exclude,False,False
Aboseif 等 - 2026 - A customised 3D U-Net model for bifid mandibular canal segmentation and detection on CBCT a diagnos.pdf,1147.0,100.0,True,1147.0,A customised 3D U-Net model for bifid mandibular canal segmentation and detection on CBCT: a diagnostic accuracy study,567Q4TW9,include,False,False
Abou-Ayash 等 - 2021 - Trueness and marginal fit of implant-supported complete-arch fixed prosthesis frameworks made of hig-1.pdf,781.0,99.42196531791907,True,781.0,Trueness and marginal fit of implant-supported complete-arch fixed prosthesis frameworks made of high-performance polymers and titanium: An explorative in-vitro study,X8S8V6W9,exclude,False,False
Abou-Ayash 等 - 2021 - Trueness and marginal fit of implant-supported complete-arch fixed prosthesis frameworks made of hig.pdf,781.0,100.0,True,781.0,Trueness and marginal fit of implant-supported complete-arch fixed prosthesis frameworks made of high-performance polymers and titanium: An explorative in-vitro study,X8S8V6W9,exclude,False,False
Abraham 等 - 2024 - Direction-oriented fiber guiding with a tunable tri-layer-3D scaffold for periodontal regeneration..pdf,1668.0,100.0,True,1668.0,Direction-oriented fiber guiding with a tunable tri-layer-3D scaffold for periodontal regeneration,SB5HVH7V,exclude,False,False
Accuracy and Clinical Outcomes of Mandibular Reconstruction Using Fibula Free Fl.pdf,132.0,100.0,True,132.0,Accuracy and Clinical Outcomes of Mandibular Reconstruction Using Fibula Free Flaps and Open-Source Virtual Surgical Planning.,IN7BTE67,include,False,False
Acheampong 等 - 2024 - Predictive modelling of metabolic syndrome in Ghanaian diabetic patients an ensemble machine learni.pdf,572.0,100.0,True,572.0,Predictive modelling of metabolic syndrome in Ghanaian diabetic patients: an ensemble machine learning approach.,BRBZAMYJ,exclude,False,False
Adel 等 - 2022 - Digital model superimpositions are different software algorithms equally accurate in quantifying li.pdf,2224.0,100.0,True,2224.0,Digital model superimpositions: are different software algorithms equally accurate in quantifying linear tooth movements?,J4VD92PC,include,False,False
"Adel 等 - 2022 - TIP, TORQUE & ROTATIONS How accurately do digital superimposition software packages quantify tooth.pdf",1036.0,100.0,True,1036.0,"TIP, TORQUE & ROTATIONS: How accurately do digital superimposition software packages quantify tooth movement?",7IYSLJJL,include,False,False
Adelfio 等 - 2026 - Profiling Gingival Inflammation in a 3D Oral Tissue Model Reveals Early Features of Disease Progress.pdf,594.0,100.0,True,594.0,Profiling Gingival Inflammation in a 3D Oral Tissue Model Reveals Early Features of Disease Progression.,32DJ6HUZ,exclude,False,False
adma.202001736.pdf.pdf,,0.0,False,,,,,False,False
Afrashtehfar 等 - 2022 - Dynamic navigation may be used for most implant surgery scenarios due to its satisfactory accuracy.pdf,1541.0,100.0,True,1541.0,DYNAMIC NAVIGATION MAY BE USED FOR MOST IMPLANT SURGERY SCENARIOS DUE TO ITS SATISFACTORY ACCURACY,58D7NV25,exclude,False,False
Aftab 等 - 2025 - Artificial intelligence based classification and prediction of medical imaging using a novel framewo.pdf,1806.0,100.0,True,1806.0,Artificial intelligence based classification and prediction of medical imaging using a novel framework of inverted and self-attention deep neural network architecture,BSQF9HQ9,exclude,False,False
Agadi 等 - 2023 - Neurosurgical Management of Cerebrospinal Tumors in the Era of Artificial Intelligence  A Scoping R-1.pdf,1895.0,99.41520467836258,True,1895.0,Neurosurgical Management of Cerebrospinal Tumors in the Era of Artificial Intelligence : A Scoping Review,KZA6BJGC,exclude,False,False
Agadi 等 - 2023 - Neurosurgical Management of Cerebrospinal Tumors in the Era of Artificial Intelligence  A Scoping R.pdf,1895.0,100.0,True,1895.0,Neurosurgical Management of Cerebrospinal Tumors in the Era of Artificial Intelligence : A Scoping Review,KZA6BJGC,exclude,False,False
"Agger 等 - 2026 - 3D models for oral inflammation using gingival fibroblasts, lipopolysaccharides and hypoxia.pdf",1284.0,100.0,True,1284.0,"3D models for oral inflammation using gingival fibroblasts, lipopolysaccharides and hypoxia",99SWF2CI,exclude,False,False
Ahluwalia 等 - 2026 - What’s in a NAM.pdf,1995.0,100.0,True,1995.0,What's in a NAM?,2IGXI3JV,exclude,False,False
Ahmadi 等 - 2020 - Comparison of the marginal discrepancy of PFM crowns in the CADCAM and lost-wax fabrication techniq.pdf,182.0,100.0,True,182.0,Comparison of the marginal discrepancy of PFM crowns in the CAD/CAM and lost-wax fabrication techniques by triple scanning.,UIVXLDR7,exclude,False,False
Ahmadi 等 - 2021 - The all‐on‐4 concept in the maxilla–A biomechanical analysis involving high performance polymers.pdf,35.0,100.0,True,35.0,The all-on-4 concept in the maxilla-A biomechanical analysis involving high performance polymers.,LK5R8TKE,include,True,True
"Ahmed 等 - 2021 - Fit Accuracy of Removable Partial Denture Frameworks Fabricated with CADCAM, Rapid Prototyping, and.pdf",2160.0,100.0,True,2160.0,"Fit Accuracy of Removable Partial Denture Frameworks Fabricated with CAD/CAM, Rapid Prototyping, and Conventional Techniques: A Systematic Review",AY5XXZWQ,exclude,False,False
Ahmed 等 - 2025 - Digital Accuracy of Closed-Tray Implant Impressions Influence of Polyvinyl Siloxane Viscosity and S.pdf,595.0,100.0,True,595.0,Digital Accuracy of Closed-Tray Implant Impressions: Influence of Polyvinyl Siloxane Viscosity and Subgingival Posterior Implant Angulation.,LC2F3NZR,include,True,True
Ahmed-Cox 等 - 2022 - Spatio-temporal analysis of nanoparticles in live tumor spheroids impacted by cell origin and densit.pdf,1149.0,100.0,True,1149.0,Spatio-temporal analysis of nanoparticles in live tumor spheroids impacted by cell origin and density,8FU6IJ8L,exclude,False,False
Ahn 等 - 2022 - Automated analysis of three-dimensional CBCT images taken in natural head position that combines fac.pdf,755.0,100.0,True,755.0,Automated analysis of three-dimensional CBCT images taken in natural head position that combines facial profile processing and multiple deep-learning models,NB6F7YE9,unsure,False,False
Akat 等 - 2022 - Does cad software affect the marginal and internal fit of milled full ceramic crowns-1.pdf,2085.0,100.0,True,2085.0,Does cad software affect the marginal and internal fit of milled full ceramic crowns?,YW7JPGUN,exclude,False,False
Akat 等 - 2022 - Does cad software affect the marginal and internal fit of milled full ceramic crowns.pdf,2085.0,100.0,True,2085.0,Does cad software affect the marginal and internal fit of milled full ceramic crowns?,YW7JPGUN,exclude,False,False
Akgol 等 - 2026 - Computational Evaluation of Stress Distribution in Endocrown-Restored Immature Mandibular Molars A.pdf,907.0,100.0,True,907.0,Computational Evaluation of Stress Distribution in Endocrown-Restored Immature Mandibular Molars: A Finite Element Approach,HSRHKBRU,include,False,False
Akiki 等 - 2021 - Using 3D Printing and Mirror Image Modeling in Orbital Floor Reconstruction.PDF,76.0,100.0,True,76.0,Using 3D Printing and Mirror Image Modeling in Orbital Floor Reconstruction.,2TJBVIZP,include,True,True
Aktas和Diker - 2023 - Biomechanical effects of inclined implant shoulder design in all-on-four treatment concept a three-.pdf,759.0,100.0,True,759.0,Biomechanical effects of inclined implant shoulder design in all-on-four treatment concept: a three-dimensional finite element analysis,EQW8VEQK,include,True,True
Akulauskas 等 - 2025 - Quality Evaluation of Intraoral Scanners Using Reverse-Engineered Scan Body.pdf,2415.0,100.0,True,2415.0,Quality Evaluation of Intraoral Scanners Using Reverse-Engineered Scan Body,6833KBVL,include,False,False
Al Duhayyim 等 - 2023 - Sailfish Optimization with Deep Learning Based Oral Cancer Classification Model.pdf,2230.0,100.0,True,2230.0,Sailfish Optimization with Deep Learning Based Oral Cancer Classification Model,VX3SHB2K,exclude,False,False
Al Hamdany 等 - 2023 - PowerScope 2 functional appliance A 3D finite element simulation of its action on the mandible.pdf,41.0,100.0,True,41.0,PowerScope 2 functional appliance: A 3D finite element simulation of its action on the mandible.,SQ3JDDN7,include,True,True
Al-Aali 等 - 2021 - Influence of contemporary CAD-CAM milling systems on the fit and adaptation of partially stabilized.pdf,2133.0,100.0,True,2133.0,Influence of contemporary CAD-CAM milling systems on the fit and adaptation of partially stabilized Zirconia fixed partial dentures,QFTSW5DN,exclude,False,False
Al-Asad 等 - 2023 - Hybrid Prosthesis versus Overdenture Effect of BioHPP Prosthetic Design Rehabilitating Edentulous M.pdf,456.0,100.0,True,456.0,Hybrid Prosthesis versus Overdenture: Effect of BioHPP Prosthetic Design Rehabilitating Edentulous Mandible.,CW5GQWLK,exclude,False,False
Al-Baker 等 - 2023 - Accuracy and reliability of automated three-dimensional facial landmarking in medical and biological.pdf,2032.0,100.0,True,2032.0,Accuracy and reliability of automated three-dimensional facial landmarking in medical and biological studies. A systematic review,6ETL7BHW,exclude,True,True
Al-Baker 等 - 2024 - Patch-based convolutional neural networks for automatic landmark detection of 3D facial images in cl.pdf,1444.0,100.0,True,1444.0,Patch-based convolutional neural networks for automatic landmark detection of 3D facial images in clinical settings,UQQICCU6,exclude,False,False
Al-Baker 等 - 2025 - The accuracy of automated facial landmarking - a comparative study between Cliniface software and pa.pdf,526.0,100.0,True,526.0,The accuracy of automated facial landmarking - a comparative study between Cliniface software and patch-based Convoluted Neural Network algorithm.,TWGZIE88,include,True,True
Al-Eryani 等 - 2026 - Three-Dimensional Quantitative Analysis of Maxillary Arch Morphology Across Sagittal and Vertical Sk.pdf,905.0,100.0,True,905.0,Three-Dimensional Quantitative Analysis of Maxillary Arch Morphology Across Sagittal and Vertical Skeletal Patterns,X4EJBTIQ,exclude,False,False
Al-Otaibi 等 - 2023 - Effect of acidic saliva on monomer leaching and surface roughness of 3D-printed and milled denture-b.pdf,2123.0,100.0,True,2123.0,Effect of acidic saliva on monomer leaching and surface roughness of 3D-printed and milled denture-base materials,JJ3KRVA4,exclude,False,False
Al-Taezi 等 - 2026 - A Deep Metric Learning and Multimodal Gated Fusion Framework for AI‐Driven Risk Assessment of Lingua.pdf,142.0,100.0,True,142.0,A Deep Metric Learning and Multimodal Gated Fusion Framework for AI-Driven Risk Assessment of Lingual Plate Perforation and Mandibular Canal Injury in Posterior Mandible Implants.,EU3ZJKMP,exclude,False,False
"Al-Wahadni 等 - 2023 - Marginal and Internal Gaps, Surface Roughness and Fracture Resistance of Provisional Crowns Fabricat.pdf",2052.0,100.0,True,2052.0,"Marginal and Internal Gaps, Surface Roughness and Fracture Resistance of Provisional Crowns Fabricated With 3D Printing and Milling Systems",THQFPEYX,exclude,True,True
Alabdullah 等 - 2022 - Comparison of digital and conventional methods of fit evaluation of partial removable dental prosthe.pdf,1399.0,100.0,True,1399.0,Comparison of digital and conventional methods of fit evaluation of partial removable dental prosthesis frameworks fabricated by selective laser melting,PARZEQ25,include,True,True
Alasiri - 2024 - Potential applicability of virtual reality in implant dentistry a narrative review..pdf,220.0,100.0,True,220.0,Potential applicability of virtual reality in implant dentistry: a narrative review.,Y85SAQ5F,exclude,False,False
Albayrak 等 - 2022 - Assessing the Effect of Interimplant Distance and Angle on Different Impression Techniques.pdf,1842.0,100.0,True,1842.0,Assessing the Effect of Interimplant Distance and Angle on Different Impression Techniques,WQU7Y7H4,include,False,False
Alberto 等 - 2022 - Finite Element Analysis of an Implant-Supported FDP with Different Connector Heights..pdf,2020.0,100.0,True,2020.0,Finite Element Analysis of an Implant-Supported FDP with Different Connector Heights,SK5KLUVX,include,True,True
Alberto 等 - 2022 - Three-Dimensional Finite Element Analysis of Different Connector Designs for All-Ceramic Implant-Sup.pdf,352.0,100.0,True,352.0,Three-Dimensional Finite Element Analysis of Different Connector Designs for All-Ceramic Implant-Supported Fixed Dental Prostheses.,GBU6N5KA,include,True,True
Albiero 等 - 2024 - Mechanical and fatigue resistance of restorations supported by welded-framework and realized using c.pdf,344.0,100.0,True,344.0,Mechanical and fatigue resistance of restorations supported by welded-framework and realized using computer-aided designed prosthetic shells: In vitro pilot study.,TRIBXY82,exclude,False,False
Aldakhili 等 - 2025 - Marginal Gap and Screw Loosening in CADCAM Materials for Implant-Supported Fixed Partial Dentures.pdf,480.0,100.0,True,480.0,Marginal Gap and Screw Loosening in CAD/CAM Materials for Implant-Supported Fixed Partial Dentures: An In Vitro Study.,NJ8D3IDG,exclude,False,False
Alenezi 等 - 2022 - Effect of full arch two scanning techniques on the accuracy of overdenture conventional and CADCAM.pdf,495.0,100.0,True,495.0,Effect of full arch two scanning techniques on the accuracy of overdenture conventional and CAD/CAM Co-Cr bars.,HIA7QIPW,exclude,True,True
"Alghauli 等 - 2024 - Impact of 3D printing orientation on accuracy, properties, cost, and time efficiency of additively m.pdf",1938.0,100.0,True,1938.0,"Impact of 3D printing orientation on accuracy, properties, cost, and time efficiency of additively manufactured dental models: a systematic review",NGUJFIRV,exclude,False,False
Alghauli 等 - 2025 - Influence of 3D printing orientations on physico-mechanical properties and accuracy of additively ma.pdf,1906.0,100.0,True,1906.0,Influence of 3D printing orientations on physico-mechanical properties and accuracy of additively manufactured dental ceramics,H9AU3UZX,exclude,False,False
Alhallak和Nankali - 2022 - 3D Printing Technologies for Removable Dentures Manufacturing A Review of Potentials and Challenges.pdf,8.0,100.0,True,8.0,3D Printing Technologies for Removable Dentures Manufacturing: A Review of Potentials and Challenges.,YWZB3ZFE,exclude,False,False
Alhamwi 等 - 2025 - Soft tissue changes associated with Class III orthopaedic treatment in growing patients a systemati.pdf,1992.0,100.0,True,1992.0,Soft tissue changes associated with Class III orthopaedic treatment in growing patients: a systematic review and meta-analysis,534R4TGE,exclude,False,False
Alharethi - 2024 - Evaluation of the Influence of Build Orientation on the Surface Roughness and Flexural Strength of 3.pdf,272.0,100.0,True,272.0,Evaluation of the Influence of Build Orientation on the Surface Roughness and Flexural Strength of 3D-Printed Denture Base Resin and Its Comparison with CAD-CAM Milled Denture Base Resin.,P3IE33LP,exclude,True,True
AlKahtani 等 - 2026 - Combining 3D Multi-Object Reconstruction with Finite Element Analysis for Accurate Dental Modelling.pdf,1646.0,100.0,True,1646.0,Combining 3D Multi-Object Reconstruction with Finite Element Analysis for Accurate Dental Modelling and Restoration,LIFEJWBH,include,False,False
Alkrayem 等 - 2024 - CAD-CAM for removable partial denture fabrication after marginal mandibulectomy based on a well-adju.pdf,246.0,100.0,True,246.0,CAD-CAM for removable partial denture fabrication after marginal mandibulectomy based on a well-adjusted pre-existing denture.,WY7HU9GF,exclude,True,True
Almalki和Latecki - 2024 - Masked Deep Embeddings of Patches for Teeth Segmentation in Cone Beam CT Images.pdf,2360.0,100.0,True,2360.0,Masked Deep Embeddings of Patches for Teeth Segmentation in Cone Beam CT Images,A3RPJ5SA,exclude,False,False
Almalki和Latecki - 2024 - Self-Supervised Learning with Masked Autoencoders for Teeth Segmentation from Intra-oral 3D Scans.pdf,2387.0,100.0,True,2387.0,Self-Supervised Learning with Masked Autoencoders for Teeth Segmentation from Intra-oral 3D Scans,2AL3VIDT,exclude,False,False
Almeida 等 - 2024 - Evaluating Surgical Approaches for Hemimandibular Hyperplasia Associated with Osteochondroma A Syst.pdf,1296.0,100.0,True,1296.0,Evaluating Surgical Approaches for Hemimandibular Hyperplasia Associated with Osteochondroma: A Systematic Literature Review,FUT7TPXZ,exclude,False,False
Almjaddr和Saker - 2024 - Effect of Different Cantilever Lengths in Polyether Ether Ketone Prosthetic Framework in All-on-Four.pdf,424.0,100.0,True,424.0,Effect of Different Cantilever Lengths in Polyether Ether Ketone Prosthetic Framework in All-on-Four Technique on Stress Distribution: A Three-Dimensional (3D) Finite Element Analysis.,ZZ85MX92,include,True,True
Almodalal 等 - 2022 - Comparative Evaluation of Two Different Types of Abutments in Relation to Post-prosthetic Bone Resor.pdf,355.0,100.0,True,355.0,Comparative Evaluation of Two Different Types of Abutments in Relation to Post-prosthetic Bone Resorption and Periodontal Pocket Depth: A Randomized Controlled Clinical Trial With a One-Year Follow-Up.,CPLBN7P8,exclude,False,False
Almufleh 等 - 2024 - Patient-reported outcomes and framework fit accuracy of removable partial dentures fabricated using.pdf,1408.0,100.0,True,1408.0,Patient-reported outcomes and framework fit accuracy of removable partial dentures fabricated using digital techniques: A systematic review and meta-analysis,CVJSTDZ9,exclude,False,False
Alotaibi - 2025 - Patient Satisfaction with CADCAM 3D-Printed Complete Dentures A Systematic Analysis of the Clinica.pdf,1748.0,100.0,True,1748.0,Patient Satisfaction with CAD/CAM 3D-Printed Complete Dentures: A Systematic Analysis of the Clinical Studies,36MGJIUJ,exclude,False,False
Alotaibi 等 - 2025 - Automatic placement of simulated dental implants within CBCT images in optimum positions a deep lea.pdf,2282.0,100.0,True,2282.0,Automatic placement of simulated dental implants within CBCT images in optimum positions: a deep learning model,5ULQ4TSV,exclude,False,False
Alqahtani 等 - 2023 - Investigating the impact of diameters and thread designs on the Biomechanics of short implants place.pdf,2214.0,100.0,True,2214.0,Investigating the impact of diameters and thread designs on the Biomechanics of short implants placed in D4 bone: a 3D finite element analysis,2QFH389T,include,True,True
Alqarni和Alqarni - 2025 - Computational hybrid analysis of drug diffusion in three-dimensional domain with the aid of mass tra.pdf,807.0,100.0,True,807.0,Computational hybrid analysis of drug diffusion in three-dimensional domain with the aid of mass transfer and machine learning techniques,JQCSKKEU,exclude,True,True
Alqarni和Alqarni - 2025 - Machine learning analysis of rivaroxaban solubility in mixed solvents for application in pharmaceuti.pdf,1920.0,100.0,True,1920.0,Machine learning analysis of rivaroxaban solubility in mixed solvents for application in pharmaceutical crystallization,RQVHK958,exclude,False,False
"Alrashed 等 - 2024 - Influence of exposure protocol, voxel size, and artifact removal algorithm on the trueness of segmen.pdf",2120.0,100.0,True,2120.0,"Influence of exposure protocol, voxel size, and artifact removal algorithm on the trueness of segmentation utilizing an artificial-intelligence-based system",7VE5J5DD,exclude,False,False
AlRasheed和AlWazzan - 2022 - The effect of framework fabrication technique on the fit accuracy of full arch screw retained implan.pdf,596.0,100.0,True,596.0,The effect of framework fabrication technique on the fit accuracy of full arch screw retained implant supported prostheses.,6A72YUEN,exclude,False,False
Alsaif 等 - 2026 - Surface roughness and preload loss of implant-supported screw retained three-unit framework fabricat.pdf,664.0,100.0,True,664.0,Surface roughness and preload loss of implant-supported screw retained three-unit framework fabricated by different techniques,Y3QHHC7Y,exclude,False,False
Alsarani 等 - 2024 - STRESS DISTRIBUTION OF MONOLITHIC AND VENEERED THREE-UNIT ZIRCONIA FDPS A FINITE ELEMENT ANALYSIS.pdf,2142.0,100.0,True,2142.0,STRESS DISTRIBUTION OF MONOLITHIC AND VENEERED THREE-UNIT ZIRCONIA FDPS: A FINITE ELEMENT ANALYSIS,39AN7GMH,include,False,False
Alshaibani 等 - 2025 - Effect of different storage conditions on dimensional accuracy of 3D-printed dental models..pdf,1673.0,100.0,True,1673.0,Effect of different storage conditions on dimensional accuracy of 3D-printed dental models,RZZAIR96,exclude,False,False
Alshaibani 等 - 2025 - Effect of different storage conditions on dimensional accuracy of 3D‐printed dental models.pdf,1673.0,100.0,True,1673.0,Effect of different storage conditions on dimensional accuracy of 3D-printed dental models,RZZAIR96,exclude,False,False
Alsheghri 等 - 2021 - Optimization of 3D network topology for bioinspired design of stiff and lightweight bone-like struct.pdf,946.0,100.0,True,946.0,Optimization of 3D network topology for bioinspired design of stiff and lightweight bone-like structures,JJLD3ERQ,exclude,True,True
Alsheghri 等 - 2024 - Adaptive Point Learning with Uncertainty Quantification to Generate Margin Lines on Prepared Teeth.pdf,917.0,100.0,True,917.0,Adaptive Point Learning with Uncertainty Quantification to Generate Margin Lines on Prepared Teeth,FUZY7784,exclude,False,False
Alsheghri 等 - 2024 - Robust Segmentation of Partial and Imperfect Dental Arches.pdf,2057.0,100.0,True,2057.0,Robust Segmentation of Partial and Imperfect Dental Arches,TII25L59,exclude,False,False
Alsheghri 等 - 2026 - Mesh-based segmentation for automated margin line generation on incisors receiving crown treatment.pdf,2269.0,100.0,True,2269.0,Mesh-based segmentation for automated margin line generation on incisors receiving crown treatment,ERXN9CSV,exclude,False,False
Altarazi 等 - 2022 - Assessing the physical and mechanical properties of 3D printed acrylic material for denture base app.pdf,1323.0,100.0,True,1323.0,Assessing the physical and mechanical properties of 3D printed acrylic material for denture base application,23Y7ND62,exclude,True,True
Altuwaijri 等 - 2022 - The effect of the digital manufacturing technique of cantilevered implant-supported frameworks on ab.pdf,875.0,100.0,True,875.0,The effect of the digital manufacturing technique of cantilevered implant-supported frameworks on abutment screw preload,IIQPEHZZ,exclude,False,False
Alvarez 等 - 2022 - How the geometry of the scan body affects the accuracy of digital impressions in implant supported p.pdf,576.0,100.0,True,576.0,How the geometry of the scan body affects the accuracy of digital impressions in implant supported prosthesis. In vitro study.,38T2278K,exclude,False,False
American Journal of Biological Anthropology - 2022 - Röding - Mugharet el Aliya  Affinities of an enigmatic north African.pdf,1887.0,95.23809523809523,True,1887.0,Mugharet el'Aliya: Affinities of an enigmatic north African Aterian maxillary fragment,4UEZB8TK,exclude,False,False
Amoozadeh 等 - 2025 - Biophotonic (nano)structures from fundamentals to emerging applications.pdf,1928.0,100.0,True,1928.0,Biophotonic (nano)structures: from fundamentals to emerging applications,8PZN48A5,exclude,False,False
Amrin Luna 等 - 2024 - Assessment of temperature effects on photopolymer resin dental prosthetics fabricated by stereolitho.pdf,982.0,100.0,True,982.0,Assessment of temperature effects on photopolymer resin dental prosthetics fabricated by stereolithography using optical coherence tomography,PCL6JTNN,exclude,False,False
Anchling 等 - 2023 - Automated Orientation and Registration of Cone-Beam Computed Tomography Scans..pdf,11.0,100.0,True,11.0,Automated Orientation and Registration of Cone-Beam Computed Tomography Scans.,MQGENIRJ,include,True,True
Andrade 等 - 2024 - Biomechanical effects of different materials for an occlusal device on implant‐supported rehabilitat.pdf,1958.0,100.0,True,1958.0,Biomechanical effects of different materials for an occlusal device on implant-supported rehabilitation in a tooth clenching situation. A 3D finite element analysis,R3L4M4DQ,include,True,True
Andreeva 等 - 2023 - Machine learning and topological data analysis identify unique features of human papillae in 3D scan.pdf,1648.0,100.0,True,1648.0,Machine learning and topological data analysis identify unique features of human papillae in 3D scans,ML8NKDKC,exclude,True,True
Andrews 等 - 2023 - Validation of three-dimensional facial imaging captured with smartphone-based photogrammetry applica.pdf,1209.0,100.0,True,1209.0,Validation of three-dimensional facial imaging captured with smartphone-based photogrammetry application in comparison to stereophotogrammetry system,2N5V8KH4,include,True,True
Anes 等 - 2023 - Evaluation of the Retentive Forces from Removable Partial Denture Clasps Manufactured by the Digital.pdf,1210.0,100.0,True,1210.0,Evaluation of the Retentive Forces from Removable Partial Denture Clasps Manufactured by the Digital Method,TZGXEUSU,exclude,False,False
Anitua 等 - 2026 - Three-dimensional finite element analysis of full-arch implant-supported dental restorations comple.pdf,1599.0,100.0,True,1599.0,Three-dimensional finite element analysis of full-arch implant-supported dental restorations: complete vs. segmented frameworks,RLHZZQIF,include,False,False
"Annereau 等 - 2026 - A risk-based, QTPP-driven framework for semi-solid extrusion 3d printing of personalized medicines.pdf",2237.0,100.0,True,2237.0,"A risk-based, QTPP-driven framework for semi-solid extrusion 3d printing of personalized medicines: Integrating hospital compounding and clinical trial regulation",Q64BF4TA,exclude,False,False
Antonov 等 - 2022 - Application of Barophoresis in Chronic Generalized Periodontitis a Mathematical Substantiation.pdf,498.0,100.0,True,498.0,Application of Barophoresis in Chronic Generalized Periodontitis: a Mathematical Substantiation.,CEEZPM88,include,True,True
Aoki 等 - 2020 - Relationship between medial meniscus extrusion and cartilage measurements in the knee by fully autom.pdf,1207.0,100.0,True,1207.0,Relationship between medial meniscus extrusion and cartilage measurements in the knee by fully automatic three-dimensional MRI analysis,V8QWI6T2,exclude,False,False
app11030973.pdf.pdf,,0.0,False,,,,,False,False
app11052005.pdf.pdf,,0.0,False,,,,,False,False
app11125617.pdf.pdf,,0.0,False,,,,,False,False
app11136033.pdf.pdf,,0.0,False,,,,,False,False
Aradya 等 - 2025 - Artificial intelligence for maxillofacial prosthodontics A technological shift in craniofacial reha.pdf,210.0,100.0,True,210.0,Artificial intelligence for maxillofacial prosthodontics: A technological shift in craniofacial rehabilitation- a scoping review.,LPNTLF6K,exclude,False,False
Aragón-Niño 等 - 2024 - Interdisciplinary innovative approach to an aggressive ossifying fibroma case Integrating 3D surger.pdf,118.0,100.0,True,118.0,Interdisciplinary innovative approach to an aggressive ossifying fibroma case: Integrating 3D surgery and customized reconstruction in maxillofacial and dental care.,IRINA65L,unsure,True,True
Arcuri 等 - 2025 - Complete arch digital implant scan accuracy with screw-retained or snap-on scan bodies A comparativ.pdf,1315.0,100.0,True,1315.0,Complete arch digital implant scan accuracy with screw-retained or snap-on scan bodies: A comparative in vitro study,E7QLY3AY,exclude,True,True
Arima 等 - 2026 - Volume Change of Masticatory Muscles by Skeletal Class III Orthognathic Surgery with and Without Fac.pdf,784.0,100.0,True,784.0,Volume Change of Masticatory Muscles by Skeletal Class III Orthognathic Surgery with and Without Facial Asymmetry: A Cross-Sectional and Longitudinal Study,SDFXVAB9,unsure,False,False
Aristotle 等 - 2022 - Dimensional Accuracy of Medical Models of the Skull Produced by Three-Dimensional Printing Technolog.pdf,704.0,100.0,True,704.0,Dimensional accuracy of medical models of the skull produced by three-dimensional printing technology by advanced morphometric analysis,YMSMMVTX,include,True,True
Armijo 等 - 2023 - In-fiber Bragg sensor measurements assess fluid effects on strain in the periodontal space of an ex-.pdf,1277.0,100.0,True,1277.0,In-fiber Bragg sensor measurements assess fluid effects on strain in the periodontal space of an ex-vivo swine incisor complex under mechanical loading,BIUPRBSD,exclude,False,False
Arnold 等 - 2024 - Dimensional Accuracy of Different Three-Dimensional Printing Models as a Function of Varying the Pri.pdf,833.0,100.0,True,833.0,Dimensional Accuracy of Different Three-Dimensional Printing Models as a Function of Varying the Printing Parameters,BDYVLJ3U,include,True,True
Arshad 等 - 2023 - Additively custom-made 3D-printed subperiosteal implants for the rehabilitation of the severely atro.pdf,418.0,100.0,True,418.0,Additively custom-made 3D-printed subperiosteal implants for the rehabilitation of the severely atrophic maxilla (a case report).,ZMBXPSMH,unsure,False,False
Arunjaroensuk 等 - 2024 - Implant position accuracy using dynamic computer-assisted implant surgery (CAIS) combined with augme.pdf,1097.0,100.0,True,1097.0,Implant position accuracy using dynamic computer-assisted implant surgery (CAIS) combined with augmented reality: A randomized controlled clinical trial,G8SSCC6I,exclude,False,False
Arı 等 - 2026 - Evaluation of an AI-based segmentation model for mandibular fracture segmentation on CBCT using volu.pdf,51.0,100.0,True,51.0,Evaluation of an AI-based segmentation model for mandibular fracture segmentation on CBCT using volumetric and 2D slice-based validation approaches.,SUK2X4DR,exclude,False,False
Arısan和Taner - 2026 - Three-Dimensional Accuracy of Digitally Planned Orthodontic Tooth Movement in a Fully Customized Sel.pdf,772.0,100.0,True,772.0,Three-Dimensional Accuracy of Digitally Planned Orthodontic Tooth Movement in a Fully Customized Self-Ligating Lingual System,G9J5IXKK,include,True,True
Asaf Shely 等 - 2024 - The Impact of Open versus Closed Computer-Aided DesignComputer-Aided Manufacturing Systems on the M.pdf,2080.0,100.0,True,2080.0,The Impact of Open versus Closed Computer-Aided Design/Computer-Aided Manufacturing Systems on the Marginal Gap of Zirconia-Reinforced Lithium Silicate Single Crowns Evaluated by Scanning Electron Microscopy: A Comparative In Vitro Study,MWC6EET8,exclude,False,False
Asar 等 - 2025 - Next-Generation Oral Delivery Systems Phytosomal Hinokitiol Tablets via REGEMAT 3D Bioprinter-Based.pdf,534.0,100.0,True,534.0,Next-Generation Oral Delivery Systems: Phytosomal Hinokitiol Tablets via REGEMAT 3D Bioprinter-Based 3D Printing for Enhanced Bioavailability.,SPCXVCQA,exclude,False,False
ase.2133.pdf.pdf,,0.0,False,,,,,False,False
Ashi - 2026 - From Clinic to Community An Interpretable Artificial Intelligence Framework for Enamel Caries Detec.pdf,384.0,100.0,True,384.0,From Clinic to Community: An Interpretable Artificial Intelligence Framework for Enamel Caries Detection to Support Public Health Dentistry.,MEP5889Y,exclude,False,False
Asif 等 - 2024 - CFI-Net A Choquet Fuzzy Integral Based Ensemble Network With PSO-Optimized Fuzzy Measures for Diagn.pdf,2522.0,100.0,True,2522.0,CFI-Net: A Choquet Fuzzy Integral Based Ensemble Network With PSO-Optimized Fuzzy Measures for Diagnosing Multiple Skin Diseases Including Mpox,KT26QVLT,exclude,False,False
Asif 等 - 2025 - SFI-ensemble Sugeno fuzzy integral-based ensemble of CNN models with meta-heuristic fuzzy measures.pdf,910.0,100.0,True,910.0,SFI-ensemble: Sugeno fuzzy integral-based ensemble of CNN models with meta-heuristic fuzzy measures for mouth and oral disease detection,P2QVBDUM,exclude,False,False
Asif 等 - 2026 - FHD-HybridNet A fuzzy hellinger distance-guided hybrid deep learning framework for robust multiclas.pdf,1316.0,100.0,True,1316.0,FHD-HybridNet: A fuzzy hellinger distance-guided hybrid deep learning framework for robust multiclass brain tumor classification,2DHJ2WE8,exclude,False,False
Assiri 等 - 2026 - Artificial intelligence performance in maxillary canine impaction a systematic review.pdf,1297.0,100.0,True,1297.0,Artificial intelligence performance in maxillary canine impaction: a systematic review,J59JBZ9K,exclude,False,False
Assoratgoon 等 - 2025 - Three-dimensional in vivo and finite element analyses of peri-implant bone remodeling after superstr.pdf,1667.0,100.0,True,1667.0,Three-dimensional in vivo and finite element analyses of peri-implant bone remodeling after superstructure placement,DQD774W7,include,True,True
Attia 等 - 2022 - Effect of different surface treatments on the bond strength of milled polyetheretherketone posts.pdf,1302.0,100.0,True,1302.0,Effect of different surface treatments on the bond strength of milled polyetheretherketone posts,8CQXSRJC,exclude,False,False
Attia 等 - 2023 - Micro-CT analysis of marginal and internal fit of milled and pressed polyetheretherketone single cro.pdf,1026.0,100.0,True,1026.0,Micro-CT analysis of marginal and internal fit of milled and pressed polyetheretherketone single crowns,SV83KBN8,exclude,True,True
Ausiello 等 - 2021 - The role of cortical zone level and prosthetic platform angle in dental implant mechanical response.pdf,1769.0,100.0,True,1769.0,The role of cortical zone level and prosthetic platform angle in dental implant mechanical response: A 3D finite element analysis,3GB9RL4W,include,True,True
Aveic 等 - 2024 - Three-dimensional in vitro model of bone metastases of neuroblastoma as a tool for pharmacological e.pdf,502.0,100.0,True,502.0,Three-dimensional in vitro model of bone metastases of neuroblastoma as a tool for pharmacological evaluations.,LXMJULLQ,exclude,False,False
Avolese 等 - 2025 - Effect of print orientation of 3D-printed aligner templates on the volumetric accuracy of transferre.pdf,2221.0,100.0,True,2221.0,Effect of print orientation of 3D-printed aligner templates on the volumetric accuracy of transferred composite attachments: an in vitro study,R6YFN9SG,include,False,False
Awad 等 - 2022 - Accuracy of Three-Dimensional Soft-Tissue Prediction Considering the Facial Aesthetic Units Using a.pdf,1763.0,100.0,True,1763.0,Accuracy of Three-Dimensional Soft-Tissue Prediction Considering the Facial Aesthetic Units Using a Virtual Planning System in Orthognathic Surgery,36T3IZ5W,include,True,True
Awad 等 - 2025 - Role of three-dimensional computed tomography with humeral subtraction in assessing anteromedial fac.pdf,611.0,100.0,True,611.0,Role of three-dimensional computed tomography with humeral subtraction in assessing anteromedial facet coronoid fractures.,XB4GLBKZ,exclude,False,False
Awari 等 - 2024 - Three‐dimensional dental image segmentation and classification using deep learning with tunicate swa.pdf,715.0,100.0,True,715.0,Three-dimensional dental image segmentation and classification using deep learning with tunicate swarm algorithm,RSZLELIR,exclude,False,False
Aydin 等 - 2025 - Osteogenic Potential of 3D-Printed Porous Poly(lactide-co-trimethylene carbonate) Scaffolds Coated w.pdf,1515.0,100.0,True,1515.0,Osteogenic Potential of 3D-Printed Porous Poly(lactide-co-trimethylene carbonate) Scaffolds Coated with Mg-Doped Hydroxyapatite,33Z49IEH,exclude,False,False
Ayvalıoğlu 等 - 2021 - Investigation of Conventional vs Nonoriginal CADCAM Bars with Production Stage Differences An In V.pdf,2156.0,100.0,True,2156.0,Investigation of Conventional vs Nonoriginal CAD/CAM Bars with Production Stage Differences: An In Vitro Precision Study Using a Novel Technique,42EI79XL,include,False,False
Azad Dhingra 等 - 2022 - Comparing 3D Tooth Movement When Implementing the Same Virtual Setup on Different Software Packages.pdf,1372.0,100.0,True,1372.0,Comparing 3D Tooth Movement When Implementing the Same Virtual Setup on Different Software Packages,6Z8WC5MR,include,True,True
Azevedo 等 - 2024 - Effect of splinting scan bodies on the trueness of complete arch digital implant scans with 5 differ.pdf,575.0,100.0,True,575.0,Effect of splinting scan bodies on the trueness of complete arch digital implant scans with 5 different intraoral scanners.,Q7HRL8QA,exclude,True,True
Azimi 等 - 2026 - Evaluation of differentiation of the umbilical cord blood-derived mesenchymal stem cells into male g.pdf,2147.0,100.0,True,2147.0,Evaluation of differentiation of the umbilical cord blood-derived mesenchymal stem cells into male germ-line cells in two-dimensional and three-dimensional scaffolds containing naringin,D578TBEP,exclude,False,False
Azpiazu-Flores 等 - 2024 - Accelerated denture base festooning using a free 3D modeling computer program A dental technique..pdf,991.0,100.0,True,991.0,Accelerated denture base festooning using a free 3D modeling computer program: A dental technique,SA3TBA8Z,unsure,True,True
Azpiazu-Flores 等 - 2026 - Trueness of the apical and middle root portion segments of 3D-printed removable die and alveolar cas.pdf,1278.0,100.0,True,1278.0,Trueness of the apical and middle root portion segments of 3D-printed removable die and alveolar cast designs manufactured using stereolithographic 3D printing,PGF7LT48,exclude,False,False
Azpiazu‐Flores 等 - 2024 - Effect of artificial aging and different surface finishing protocols on the flexural strength and su.pdf,2015.0,100.0,True,2015.0,Effect of artificial aging and different surface finishing protocols on the flexural strength and surface hardness of a photopolymer for manufacturing monolithic polychromatic complete dentures using PolyJet 3D printing,J3WWB7A4,exclude,True,True
Baan 等 - 2020 - Virtual setup in orthodontics planning and evaluation..pdf,7.0,100.0,True,7.0,Virtual setup in orthodontics: planning and evaluation.,7NEJ5SFL,unsure,False,False
Baan 等 - 2021 - Fusion of intra-oral scans in cone-beam computed tomography scans..pdf,23.0,100.0,True,23.0,Fusion of intra-oral scans in cone-beam computed tomography scans.,MGCLIWPA,exclude,False,False
Babeer 等 - 2022 - Microrobotics for Precision Biofilm Diagnostics and Treatment.pdf,1603.0,100.0,True,1603.0,Microrobotics for Precision Biofilm Diagnostics and Treatment,ZGJK5PD2,exclude,False,False
Back 等 - 2026 - Influence of Transmucosal Contour on Peri-Implant Soft Tissue Dimensions A Cross-Sectional Study in.pdf,149.0,100.0,True,149.0,Influence of Transmucosal Contour on Peri-Implant Soft Tissue Dimensions: A Cross-Sectional Study in Posterior Single-Tooth Implants.,WMEDMW72,exclude,False,False
Badawy和Elshahat - 2022 - Retroposition of the Vestigial Cartilage in Patients With Microtia A Novel Technique to Enhance Pro.pdf,151.0,100.0,True,151.0,Retroposition of the Vestigial Cartilage in Patients With Microtia: A Novel Technique to Enhance Projection of the Reconstructed Ear.,FHFQ7WB8,exclude,False,False
Bader Eddin和Önöral - 2024 - Influence of splinting scan bodies or incorporating three-dimensionally printed scan aids on the tru.pdf,568.0,100.0,True,568.0,Influence of splinting scan bodies or incorporating three-dimensionally printed scan aids on the trueness of complete arch digital scans.,YCBI9HI4,include,False,False
Bae 等 - 2021 - Fully automated estimation of arch forms in cone-beam CT with cubic B-spline approximation Evaluati.pdf,127.0,100.0,True,127.0,Fully automated estimation of arch forms in cone-beam CT with cubic B-spline approximation: Evaluation of digital dental models with missing teeth.,C7KWYD39,exclude,False,False
Baek 等 - 2023 - Comparison of Implant Surgery Methods of Cortical Tapping and Cortical Widening in Bone of Various D.pdf,901.0,100.0,True,901.0,Comparison of Implant Surgery Methods of Cortical Tapping and Cortical Widening in Bone of Various Density: A Three-Dimensional Finite Element Study,MRYJYM5I,include,True,True
Baek 等 - 2026 - Injectable ABA Triblock Copolyether Hydrogel for Dental Implant-Mediated Drug Delivery.pdf,1540.0,100.0,True,1540.0,Injectable ABA Triblock Copolyether Hydrogel for Dental Implant-Mediated Drug Delivery,LQVKL9I3,exclude,False,False
Baghaei 等 - 2025 - Synergistic Angio-Osteogenic Effects of Copper-Releasing 3D Biocomposite Scaffolds A Step Toward Va.pdf,531.0,100.0,True,531.0,Synergistic Angio-Osteogenic Effects of Copper-Releasing 3D Biocomposite Scaffolds: A Step Toward Vascularized Bone Regeneration.,UH7K4N37,exclude,False,False
Bai 等 - 2022 - Automatic Real-Time Space Registration Application for Simulating Dental and Maxillofacial Surgery..pdf,231.0,100.0,True,231.0,Automatic Real-Time Space Registration Application for Simulating Dental and Maxillofacial Surgery.,4RXVW5LA,include,False,False
Bai 等 - 2022 - Deep absolute phase recovery from single- frequency phase map for handheld 3D measurement.pdf,1268.0,100.0,True,1268.0,Deep absolute phase recovery from single- frequency phase map for handheld 3D measurement,3BAYRGI4,exclude,False,False
Bajpai 等 - 2025 - Advanced Teeth Instance Segmentation Using Contextual Spatial Attention and Deeper Mask Head.pdf,2363.0,100.0,True,2363.0,Advanced Teeth Instance Segmentation Using Contextual Spatial Attention and Deeper Mask Head,ZQ5HLDN3,exclude,False,False
Baldi 等 - 2023 - Does partial adhesive preparation design and finish line depth influence trueness and precision of i.pdf,552.0,100.0,True,552.0,Does partial adhesive preparation design and finish line depth influence trueness and precision of intraoral scanners?,G3EFXBN7,exclude,True,True
Baldini 等 - 2025 - Validation of a novel tool for automated tooth modelling by fusion of CBCT-derived roots with the re.pdf,2081.0,100.0,True,2081.0,Validation of a novel tool for automated tooth modelling by fusion of CBCT-derived roots with the respective IOS-derived crowns,49PG86KL,exclude,False,False
"Balel 等 - 2026 - Automated classification of sagittal, vertical, and transverse malocclusions from 3D intraoral scans.pdf",1085.0,100.0,True,1085.0,"Automated classification of sagittal, vertical, and transverse malocclusions from 3D intraoral scans via a multi-head CNN framework",ASA8N7WW,exclude,False,False
"Balhaddad 等 - 2023 - Three-dimensional (3D) printing in dental practice Applications, areas of interest, and level of ev.pdf",717.0,100.0,True,717.0,"Three-dimensional (3D) printing in dental practice: Applications, areas of interest, and level of evidence",783IKDYJ,exclude,False,False
Ban 等 - 2026 - AI-Assisted Identification of the Medial Lingual Foramen on CBCT A Deep Learning Approach for Preop.pdf,191.0,100.0,True,191.0,AI-Assisted Identification of the Medial Lingual Foramen on CBCT: A Deep Learning Approach for Preoperative Implant Assessment.,MVGIWU9B,exclude,False,False
Banerjee 等 - 2022 - Advances in neoteric modular tissue engineering strategies for regenerative dentistry.pdf,1421.0,100.0,True,1421.0,Advances in neoteric modular tissue engineering strategies for regenerative dentistry,DZH7NH4V,exclude,False,False
Banerjee 等 - 2023 - Biofabrication of an in-vitro bone model for Gaucher disease.pdf,998.0,100.0,True,998.0,Biofabrication of an in-vitro bone model for Gaucher disease,QHQCR9ID,exclude,False,False
Bannink 等 - 2024 - Computer-aided design and fabrication of nasal prostheses a semi-automated algorithm using statisti.pdf,1816.0,100.0,True,1816.0,Computer-aided design and fabrication of nasal prostheses: a semi-automated algorithm using statistical shape modeling,NYZNSSTW,include,True,True
Bannink 等 - 2025 - Computer-aided design and fabrication of statistically shaped nasal prostheses A feasibility study.pdf,2283.0,100.0,True,2283.0,Computer-aided design and fabrication of statistically shaped nasal prostheses: A feasibility study,EQ8LE4IL,include,True,True
Baraka 等 - 2026 - Multi-Architecture deep learning for CBCT segmentation of dental hard tissues and pulp in mixed dent.pdf,112.0,100.0,True,112.0,Multi-Architecture deep learning for CBCT segmentation of dental hard tissues and pulp in mixed dentition.,K9NG599R,exclude,False,False
Barati 等 - 2025 - Effect of Occlusal Scheme and Bone-Level Implant Number and Position on Stress Distribution in Kenne.pdf,137.0,100.0,True,137.0,Effect of Occlusal Scheme and Bone-Level Implant Number and Position on Stress Distribution in Kennedy Class II Implant-Assisted Removable Partial Dentures: A 3D Finite Element Analysis.,SUBWE4UX,include,True,True
Barbosa 等 - 2024 - Fit Accuracy of Cobalt-Chromium and Polyether Ether Ketone Prosthetic Frameworks Produced Using Digi.pdf,894.0,100.0,True,894.0,Fit Accuracy of Cobalt-Chromium and Polyether Ether Ketone Prosthetic Frameworks Produced Using Digital Techniques: In Vitro Pilot Study,S8P6WG4Y,include,True,True
Barbosa 等 - 2025 - Does Printing Orientation Matter in PolyJet 3D Printed Teeth for Endodontics A Micro-CT Analysis.pdf,738.0,100.0,True,738.0,Does Printing Orientation Matter in PolyJet 3D Printed Teeth for Endodontics? A Micro-CT Analysis,K9ID822E,exclude,False,False
Barone 等 - 2024 - Automated pipeline for linear and volumetric assessment of facial swelling after third molar surgery.pdf,1724.0,100.0,True,1724.0,Automated pipeline for linear and volumetric assessment of facial swelling after third molar surgery,SNBL5TZ6,include,True,True
Barone 等 - 2024 - Enhancing skeletal stability and Class III correction through active orthodontist engagement in virt.pdf,1526.0,100.0,True,1526.0,Enhancing skeletal stability and Class III correction through active orthodontist engagement in virtual surgical planning: A voxel-based 3-dimensional analysis,XG3GHLVR,include,True,True
Barua 等 - 2023 - Stain color translation of multi-domain OSCC histopathology images using attention gated cGAN..pdf,597.0,100.0,True,597.0,Stain color translation of multi-domain OSCC histopathology images using attention gated cGAN.,5H3UUD33,exclude,False,False
Basar 等 - 2026 - Development of a Preliminary Diagnostic Tool for the Segmentation of Benign Jaw Lesions in CBCT Imag.pdf,948.0,100.0,True,948.0,Development of a Preliminary Diagnostic Tool for the Segmentation of Benign Jaw Lesions in CBCT Images Using nnU-Net v2: An Artificial Intelligence-Based Approach,M5KL88SX,include,False,False
Basheer和Peeran - 2026 - Advances in Digital Restorative Dentistry Evaluation of Clinical Outcome Parameters of CADCAM and.pdf,239.0,100.0,True,239.0,"Advances in Digital Restorative Dentistry: Evaluation of Clinical Outcome Parameters of CAD/CAM and 3D-Printed Inlays, Onlays, and Veneers-Scoping Review.",LIQ8K4QS,exclude,False,False
Bashir和Alwafi - 2026 - Deep learning-based dental age estimation in adolescents using panoramic radiographs a comparative.pdf,125.0,100.0,True,125.0,Deep learning-based dental age estimation in adolescents using panoramic radiographs: a comparative study with traditional methods.,IDDEZY3C,exclude,False,False
Basu 等 - 2022 - Biomaterialomics Data science-driven pathways to develop fourth-generation biomaterials.pdf,1402.0,100.0,True,1402.0,Biomaterialomics: Data science-driven pathways to develop fourth-generation biomaterials,7ANUKW4R,exclude,False,False
Basu 等 - 2025 - From lab to life technological innovations in transforming cancer metastasis detection and therapy.pdf,1960.0,100.0,True,1960.0,From lab to life: technological innovations in transforming cancer metastasis detection and therapy,T5XDG7U7,exclude,False,False
Basyuni 等 - 2020 - Systematic scoping review of mandibular bone tissue engineering..pdf,475.0,100.0,True,475.0,Systematic scoping review of mandibular bone tissue engineering.,F92WZXMG,exclude,False,False
Batak 等 - 2021 - Surface roughness of high-performance polymers used for fixed implant-supported prostheses.pdf,1554.0,100.0,True,1554.0,Surface roughness of high-performance polymers used for fixed implant-supported prostheses,VTNU2Q8E,exclude,False,False
Behboodi 等 - 2024 - Open access segmentations of intraoperative brain tumor ultrasound images.pdf,712.0,100.0,True,712.0,Open access segmentations of intraoperative brain tumor ultrasound images,Q9P7VA83,exclude,False,False
Bekedam 等 - 2023 - Comparison of image quality of 3D ultrasound motorized acquisition versus freehand navigated acquis.pdf,1761.0,100.0,True,1761.0,"Comparison of image quality of 3D ultrasound: motorized acquisition versus freehand navigated acquisition, a phantom study",ETY9UFZ5,exclude,True,True
Beleidy和Ziada - 2023 - 3D Surface Deviation Wear Analysis of Veneered PEEK Crowns and Its Correlation with Optical Digital.pdf,2148.0,100.0,True,2148.0,3D Surface Deviation Wear Analysis of Veneered PEEK Crowns and Its Correlation with Optical Digital Profilometry,G36GDPM2,include,True,True
Ben Yehuda 等 - 2020 - Accuracy of Guided Implant Surgery in 25 Edentulous Arches A Laboratory Observational Study..pdf,1670.0,100.0,True,1670.0,Accuracy of Guided Implant Surgery in 25 Edentulous Arches: A Laboratory Observational Study,TMBZ6YS8,exclude,True,True
Bennici 等 - 2022 - A Full Computerized Workflow for Planning Surgically Assisted Rapid Palatal Expansion and Orthognath.pdf,111.0,100.0,True,111.0,A Full Computerized Workflow for Planning Surgically Assisted Rapid Palatal Expansion and Orthognathic Surgery in a Skeletal Class III Patient.,T3Z6BX4T,exclude,False,False
Benthe A M Dijkman 等 - 2023 - Addition of progesterone to feminizing gender-affirming hormone therapy in transgender individuals f.pdf,1993.0,100.0,True,1993.0,Addition of progesterone to feminizing gender-affirming hormone therapy in transgender individuals for breast development: a randomized controlled trial,F72QFWK7,exclude,False,False
Berends 等 - 2024 - Automated condylar seating assessment using a deep learning-based three-step approach..pdf,1371.0,100.0,True,1371.0,Automated condylar seating assessment using a deep learning-based three-step approach,UEXGMEK7,exclude,False,False
Berenguer-Vidal 等 - 2025 - Dental measurement procedure based on 3D analysis and data processing..pdf,40.0,100.0,True,40.0,Dental measurement procedure based on 3D analysis and data processing.,WV2YRJPV,unsure,True,True
Beri 等 - 2022 - Evaluation of accuracy of photogrammetry with 3D scanning and conventional impression method for cra.pdf,1593.0,100.0,True,1593.0,Evaluation of accuracy of photogrammetry with 3D scanning and conventional impression method for craniomaxillofacial defects using a software analysis,64LU2QXD,unsure,False,False
"Bernauer 等 - 2020 - Influence of Preparation Design, Marginal Gingiva Location, and Tooth Morphology on the Accuracy of.pdf",1699.0,100.0,True,1699.0,"Influence of Preparation Design, Marginal Gingiva Location, and Tooth Morphology on the Accuracy of Digital Impressions for Full-Crown Restorations: An In Vitro Investigation",7D3DPPH4,exclude,True,True
Bescond 等 - 2023 - Complete 3D Kinematics Parameters of the Temporo-Mandibular Joints Using in Vivo Data Fusion.pdf,1416.0,100.0,True,1416.0,Complete 3D Kinematics Parameters of the Temporo-Mandibular Joints Using in Vivo Data Fusion,27GSFABH,include,False,False
"Besnard 等 - 2022 - Hierarchical 2D to 3D micronano-histology of human dental caries lesions using light, X-ray and ele.pdf",1038.0,100.0,True,1038.0,"Hierarchical 2D to 3D micro/nano-histology of human dental caries lesions using light, X-ray and electron microscopy",VXGSB6P7,exclude,False,False
Bessadet 等 - 2025 - Time efficiency and cost analysis between digital and conventional workflows for the fabrication of.pdf,1154.0,100.0,True,1154.0,Time efficiency and cost analysis between digital and conventional workflows for the fabrication of fixed dental prostheses: A systematic review,NBQGIJYQ,exclude,False,False
Beyer 等 - 2025 - Fully Automated AI-Based Digital Workflow for Mirroring of Healthy and Defective Craniofacial Models.pdf,69.0,100.0,True,69.0,Fully Automated AI-Based Digital Workflow for Mirroring of Healthy and Defective Craniofacial Models.,ZHH7IXHH,include,False,False
Beyer 等 - 2025 - Redefining MRI-Based Skull Segmentation Through AI-Driven Multimodal Integration.pdf,20.0,100.0,True,20.0,Redefining MRI-Based Skull Segmentation Through AI-Driven Multimodal Integration.,7G2A3A2R,include,False,False
Beyer 等 - 2026 - A Slicer-Independent Framework for Measuring G-Code Accuracy in Medical 3D Printing..pdf,75.0,100.0,True,75.0,A Slicer-Independent Framework for Measuring G-Code Accuracy in Medical 3D Printing.,QAMHCCD9,include,True,True
Beyer 等 - 2026 - An innovative AI-based dual segmentation application for head surgery.pdf,898.0,100.0,True,898.0,An innovative AI-based dual segmentation application for head surgery,TCEB4QZU,include,True,True
Bhandari 等 - 2022 - Secondary Mandible Reconstruction with Computer-Assisted-Surgical Simulation and Patient-Specific Pr.pdf,999.0,100.0,True,999.0,Secondary Mandible Reconstruction with Computer-Assisted-Surgical Simulation and Patient-Specific Pre-Bent Plates: The Algorithm of Virtual Planning and Limitations Revisited,8ZIRPRCJ,include,True,True
Bhat 等 - 2023 - Interactive Volume Rendering Module using Two-Dimensional Transfer Function on Cone-Beam Computed To.pdf,2330.0,100.0,True,2330.0,Interactive Volume Rendering Module using Two-Dimensional Transfer Function on Cone-Beam Computed Tomography Data,U8CZVJBX,include,True,True
Bhat 等 - 2024 - A Framework to Enhance the Experience of CBCT Data in Real-Time Using Immersive Virtual Reality Imp.pdf,2287.0,100.0,True,2287.0,A Framework to Enhance the Experience of CBCT Data in Real-Time Using Immersive Virtual Reality: Impacting Dental Pre-Surgical Planning,ZRTG4C5T,include,True,True
Bianchi 等 - 2023 - Is Beauty a Matter of Volume Distribution Proposal of a New Aesthetic Three-Dimensional Guide in Or.pdf,1916.0,100.0,True,1916.0,Is Beauty a Matter of Volume Distribution? Proposal of a New Aesthetic Three-Dimensional Guide in Orthognathic Surgery,LLS6DR9F,include,True,True
Bielecka-Kowalska 等 - 2025 - A Reproducible 3D Classification of Orbital Morphology Derived from CBCT and FBCT Segmentation..pdf,1423.0,100.0,True,1423.0,A Reproducible 3D Classification of Orbital Morphology Derived from CBCT and FBCT Segmentation,NXZDYPC2,include,True,True
Bilgi-Ozyetim 等 - 2025 - Biomechanical comparison of various implant inclinations and abutment types in a bendable implant sy.pdf,1407.0,100.0,True,1407.0,Biomechanical comparison of various implant inclinations and abutment types in a bendable implant system,7HZ83PC7,include,True,True
Bilgi-Ozyetim 等 - 2026 - Influence of Framework Material on Biomechanical Performance of an All-on-4 Prosthesis Supported by.pdf,1236.0,100.0,True,1236.0,Influence of Framework Material on Biomechanical Performance of an All-on-4 Prosthesis Supported by Bendable Monoblock Implants,2ZAM6LZB,include,True,True
Bin Feng 等 - 2021 - Evaluation of Daily CT for EPID-Based Transit In Vivo Dosimetry.pdf,1968.0,100.0,True,1968.0,Evaluation of Daily CT for EPID-Based Transit In Vivo Dosimetry,LR5H7QAW,exclude,False,False
Bing 等 - 2020 - Effect of peri-implant bone resorption on mechanical stress in the implant body In vivo measured lo.pdf,2054.0,100.0,True,2054.0,Effect of peri-implant bone resorption on mechanical stress in the implant body: In vivo measured load-based finite element analysis,NJ5KK25B,include,False,False
bioengineering7040142.pdf.pdf,,0.0,False,,,,,False,False
Biomechanical Effects of Platform Diameter and Screw Length in an Abutment-Free Tissue-Level Implant System Compared with a Ti-Base Configuration 3D Finite Element Analysis.pdf,2184.0,100.0,True,2184.0,Biomechanical Effects of Platform Diameter and Screw Length in an Abutment-Free Tissue-Level Implant System Compared with a Ti-Base Configuration: 3D Finite Element Analysis,H9GBH348,include,False,False
Birklein 等 - 2023 - Motion correction for separate mandibular and cranial movements in cone beam CT reconstructions.pdf,938.0,100.0,True,938.0,Motion correction for separate mandibular and cranial movements in cone beam CT reconstructions,DA9LWSBD,exclude,False,False
Bischofberger 等 - 2022 - Automatic landmark identification for surgical 3d-navigation – A proposed method for marker-free den.pdf,1340.0,100.0,True,1340.0,Automatic landmark identification for surgical 3d-navigation - A proposed method for marker-free dental surgical navigation systems,LZEYGM5C,include,False,False
Biun 等 - 2024 - The influence of metal artifact reduction on the trueness of registration of a cone‐beam computed to.pdf,2130.0,100.0,True,2130.0,The influence of metal artifact reduction on the trueness of registration of a cone-beam computed tomography scan with an intraoral scan in the presence of severe restoration artifact,4X7L73PH,exclude,True,True
Bjelopavlovic 等 - 2026 - Development and validation of an automated algorithm for palatal rugae matching in forensic identifi.pdf,1647.0,100.0,True,1647.0,Development and validation of an automated algorithm for palatal rugae matching in forensic identification,QQWNE6RN,include,False,False
Block - 2023 - How to Avoid Errors When Using Navigation to Place Implants – A Narrative Review.pdf,334.0,100.0,True,334.0,How to Avoid Errors When Using Navigation to Place Implants - A Narrative Review.,57ACGEMQ,exclude,False,False
Bo 等 - 2021 - Pulse-gated noncontrast thoracic magnetic resonance angiography for acute aortic dissection with tra.pdf,602.0,100.0,True,602.0,Pulse-gated noncontrast thoracic magnetic resonance angiography for acute aortic dissection with transient ischemic attack: A case report.,X9BII49A,exclude,False,False
Boanca 等 - 2026 - Mechanical Performance and Fracture Behavior of Fixed Dental Prostheses Under Bending Loads An In V.pdf,586.0,100.0,True,586.0,Mechanical Performance and Fracture Behavior of Fixed Dental Prostheses Under Bending Loads: An In Vitro Comparative Study.,RK8ATZV8,exclude,False,False
Bolelli 等 - 2025 - Segmenting Maxillofacial Structures in CBCT Volumes.pdf,2390.0,100.0,True,2390.0,Segmenting Maxillofacial Structures in CBCT Volumes,BY9DJMI6,exclude,False,False
Bolelli 等 - 2025 - Segmenting the Inferior Alveolar Canal in CBCTs Volumes The ToothFairy Challenge.pdf,2348.0,98.55072463768117,True,2348.0,Segmenting the Inferior Alveolar Canal in CBCT Volumes: The ToothFairy Challenge,2L78YVVC,exclude,False,False
Bolgen 等 - 2026 - CBCT-based volumetric assessment of the maxillary sinus in temporomandibular disorder Integration o.pdf,884.0,100.0,True,884.0,CBCT-based volumetric assessment of the maxillary sinus in temporomandibular disorder: Integration of morphometric analysis and classical machine learning classification,BTRBWGA4,include,True,True
Boontherawara 等 - 2024 - Comparing the trueness of 3D printing and conventional casting for the fabrication of removable part.pdf,1337.0,100.0,True,1337.0,Comparing the trueness of 3D printing and conventional casting for the fabrication of removable partial denture metal frameworks for patients with different palatal vault depths: An in vitro study,I5J9AXNU,include,True,True
Borah和Chandrasekaran - 2024 - Development of ANN model for predicting mechanical properties of 3D printed PEEK polymer using FDM a.pdf,2205.0,100.0,True,2205.0,Development of ANN model for predicting mechanical properties of 3D printed PEEK polymer using FDM and optimization of process parameters for better mechanical properties,WRZG7CHI,exclude,False,False
Borbola 等 - 2023 - In vitro comparison of five desktop scanners and an industrial scanner in the evaluation of an intra.pdf,485.0,100.0,True,485.0,In vitro comparison of five desktop scanners and an industrial scanner in the evaluation of an intraoral scanner accuracy.,ABQTSUVS,exclude,False,False
Borbola 等 - 2024 - Complete-arch accuracy of seven intraoral scanners measured by the virtual-fit method..pdf,290.0,100.0,True,290.0,Complete-arch accuracy of seven intraoral scanners measured by the virtual-fit method.,NYVN7TZY,exclude,False,False
Borges 等 - 2021 - Effect of three different veneering techniques on the stress distribution and in vitro fatigue behav.pdf,186.0,100.0,True,186.0,Effect of three different veneering techniques on the stress distribution and in vitro fatigue behavior of core-veneer all-ceramic fixed partial dentures.,KCI2D4H9,exclude,True,True
Borges 等 - 2025 - Carbon fiber-reinforced PEEK as a framework material for single implant-retained mandibular overdent.pdf,2191.0,100.0,True,2191.0,Carbon fiber-reinforced PEEK as a framework material for single implant-retained mandibular overdentures,NMYGPRBY,include,True,True
Borges 等 - 2025 - Impact of artifact reduction on dimensional accuracy of sealing materials for furcal perforations in.pdf,84.0,100.0,True,84.0,Impact of artifact reduction on dimensional accuracy of sealing materials for furcal perforations in CBCT.,SHZJNWAH,exclude,False,False
Boris Gašparović 等 - 2023 - Comparing Direct Measurements and Three-Dimensional (3D) Scans for Evaluating Facial Soft Tissue.pdf,831.0,100.0,True,831.0,Comparing Direct Measurements and Three-Dimensional (3D) Scans for Evaluating Facial Soft Tissue,4KMVHT4D,include,False,False
Borowska 等 - 2023 - Three-Dimensional Segmentation Assisted with Clustering Analysis for Surface and Volume Measurements.pdf,1633.0,100.0,True,1633.0,Three-Dimensional Segmentation Assisted with Clustering Analysis for Surface and Volume Measurements of Equine Incisor in Multidetector Computed Tomography Data Sets,5LNT9GNU,exclude,False,False
Bose 等 - 2026 - Ginger extract release from 3D printed calcium phosphate scaffolds for bone regeneration.pdf,1269.0,100.0,True,1269.0,Ginger extract release from 3D printed calcium phosphate scaffolds for bone regeneration,FEHPJQNB,exclude,False,False
Bosso和Moraes - 2026 - Characterization of Thermoresponsive Methylcellulose-Based Injectable Hydrogels Incorporating 58S Bi.pdf,1966.0,100.0,True,1966.0,Characterization of Thermoresponsive Methylcellulose-Based Injectable Hydrogels Incorporating 58S Bioactive Glass for Non-Load-Bearing Bone Regeneration,9D2EIIS2,exclude,False,False
"Bouaoud 等 - 2021 - DIVA, a 3D virtual reality platform, improves undergraduate craniofacial trauma education..pdf",659.0,100.0,True,659.0,"DIVA, a 3D virtual reality platform, improves undergraduate craniofacial trauma education",CM5ESAGD,exclude,False,False
Bouget 等 - 2026 - Automatic and standardized reporting of perioperative MRIs in patients with central nervous system t.pdf,1384.0,100.0,True,1384.0,Automatic and standardized reporting of perioperative MRIs in patients with central nervous system tumors,QW9W4XKJ,exclude,False,False
Bow 等 - 2021 - Etched 3D-Printed Polycaprolactone Constructs Functionalized with Reduced Graphene Oxide for Enhance.pdf,1028.0,100.0,True,1028.0,Etched 3D-Printed Polycaprolactone Constructs Functionalized with Reduced Graphene Oxide for Enhanced Attachment of Dental Pulp-Derived Stem Cells,DCJH8XKA,exclude,False,False
Boz和Akca - 2025 - A Retrospective Cohort Study on Scan Quality of Implant Scanbodies Matched With CAD Libraries.pdf,1281.0,100.0,True,1281.0,A Retrospective Cohort Study on Scan Quality of Implant Scanbodies Matched With CAD Libraries,7XTL6VPY,exclude,False,False
Brahmi 等 - 2026 - An explainable deep learning model for dental caries detection and segmentation.pdf,1998.0,100.0,True,1998.0,An explainable deep learning model for dental caries detection and segmentation,F9ZHLP87,exclude,False,False
Branco 等 - 2023 - Noncarious cervical lesions in the aging population analyzed through digital scanning occlusal risk.pdf,1559.0,100.0,True,1559.0,"Noncarious cervical lesions in the aging population analyzed through digital scanning: occlusal risk factors, dimensions, and morphology",B3ERSAXL,exclude,False,False
Brandenburg 等 - 2022 - Reconstruction of dental roots for implant planning purposes a feasibility study..pdf,865.0,100.0,True,865.0,Reconstruction of dental roots for implant planning purposes: a feasibility study,PRJIHEU3,include,True,True
Braun 等 - 2025 - Reproducibility and Reliability of Intraoral Scanners for Evaluating Peri‐Implant Tissues and Implan.pdf,2154.0,100.0,True,2154.0,Reproducibility and Reliability of Intraoral Scanners for Evaluating Peri-Implant Tissues and Implant-Supported Prostheses: A Cross-Sectional Study,L5YURVCU,exclude,False,False
Breitman 等 - 2025 - Flexural strength and mode of failure of interim implant-supported fixed dental prostheses following.pdf,777.0,100.0,True,777.0,Flexural strength and mode of failure of interim implant- supported fixed dental prostheses following different conversion techniques and structural reinforcement,6YK2IBH7,exclude,False,False
"Brennan 等 - 2021 - Preclinical assessment of clinically streamlined, 3D-printed, biocompatible single- and two-stage ti.pdf",1929.0,100.0,True,1929.0,"Preclinical assessment of clinically streamlined,3D-printed, biocompatible single- and two-stage tissue scaffolds for ear reconstruction",3LPUUZ6Y,include,True,True
"Brennan 等 - 2021 - Preclinical assessment of clinically streamlined, 3D‐printed.pdf",1929.0,100.0,True,1929.0,"Preclinical assessment of clinically streamlined,3D-printed, biocompatible single- and two-stage tissue scaffolds for ear reconstruction",3LPUUZ6Y,include,True,True
Brugnami 等 - 2021 - Regenerative Orthodontics GBR and Corticotomy to Stretch the Limits of Orthodontic Treatment.pdf,1643.0,100.0,True,1643.0,Regenerative Orthodontics: GBR and Corticotomy to Stretch the Limits of Orthodontic Treatment,QQ6NHWZM,include,True,True
Brum 等 - 2020 - Assessment of the stresses produced on the bone implanttissue interface to the different insertion.pdf,366.0,100.0,True,366.0,Assessment of the stresses produced on the bone implant/tissue interface to the different insertion angulations of the implant - a three-dimensional analysis by the finite elements method.,AQ37V5WT,include,True,True
Buckova 等 - 2025 - Influence of the surgical method used for lip closure on the shape of the maxillary arch a retrospe.pdf,827.0,100.0,True,827.0,Influence of the surgical method used for lip closure on the shape of the maxillary arch: a retrospective 3D analysis of plaster models,9MIU7DNB,include,False,False
Budi 等 - 2024 - Injectable and 3D-printed hydrogels State-of-the-art platform for bone regeneration in dentistry.pdf,950.0,100.0,True,950.0,Injectable and 3D-printed hydrogels: State-of-the-art platform for bone regeneration in dentistry,NCZWT798,exclude,False,False
Buehling 等 - 2025 - Innovative Approach to Computer-Aided Measurement of Unilateral Cleft Lip and Palate Models Using On.pdf,1291.0,100.0,True,1291.0,Innovative Approach to Computer-Aided Measurement of Unilateral Cleft Lip and Palate Models Using OnyxCeph3?,TJ9ACC3S,exclude,False,False
Button 等 - 2024 - Scanning accuracy and scanning area discrepancies of intraoral digital scans acquired at varying sca.pdf,447.0,100.0,True,447.0,Scanning accuracy and scanning area discrepancies of intraoral digital scans acquired at varying scanning distances and angulations among 4 different intraoral scanners.,KL633SZT,exclude,False,False
Buzayan 等 - 2022 - First steps of a digital workflow to build up a virtual articulator using open-source Autodesk Meshm.pdf,854.0,100.0,True,854.0,First steps of a digital workflow to build up a virtual articulator using open-source Autodesk Meshmixer software,WYM2M69G,include,True,True
Buzi 等 - 2023 - Icex Advances in the automatic extraction and volume calculation of cranial cavities..pdf,1623.0,100.0,True,1623.0,Icex: Advances in the automatic extraction and volume calculation of cranial cavities,49MPN24G,exclude,False,False
Cabbarova 等 - 2026 - Biomechanical Evaluation of Framework Materials in All‐on‐Four Versus All‐on‐Six Prostheses A Finit.pdf,31.0,100.0,True,31.0,Biomechanical Evaluation of Framework Materials in All-on-Four Versus All-on-Six Prostheses: A Finite Element Study.,QLPEUI2S,include,False,False
Cabrera Pereira 等 - 2024 - Direct inkjet writing type 1 bovine collagenβ-tricalcium phosphate scaffolds for bone regeneration..pdf,1390.0,100.0,True,1390.0,Direct inkjet writing type 1 bovine collagen/β-tricalcium phosphate scaffolds for bone regeneration,KT7GJAGK,exclude,False,False
Cabrera Pereira 等 - 2024 - Direct inkjet writing type 1 bovine collagenβ‐tricalcium phosphate scaffolds for bone regeneration.pdf,1390.0,100.0,True,1390.0,Direct inkjet writing type 1 bovine collagen/β-tricalcium phosphate scaffolds for bone regeneration,KT7GJAGK,exclude,False,False
Cai 等 - 2023 - Revealing the representative facial traits of different sagittal skeletal types decipher what artif.pdf,2281.0,100.0,True,2281.0,Revealing the representative facial traits of different sagittal skeletal types: decipher what artificial intelligence can see by Grad-CAM,7WKYIP2L,exclude,False,False
Cai 等 - Intelligent Virtual Dental Implant Placement via 3D Segmentation Strategy.pdf,2018.0,100.0,True,2018.0,Intelligent Virtual Dental Implant Placement via 3D Segmentation Strategy,X97T8NRA,exclude,True,True
Cakir 等 - 2026 - A Rare Coeliacomesenteric Trunk Arising from the Aorta and a Hepatophrenic Trunk Giving Rise to an A.pdf,1272.0,100.0,True,1272.0,A Rare Coeliacomesenteric Trunk Arising from the Aorta and a Hepatophrenic Trunk Giving Rise to an Accessory Left Hepatic Artery: Proposal of a New Classification System for Hepatic Arterial Variations,58D6XU47,exclude,False,False
Cakmak 等 - 2021 - Effect of Printing Layer Thickness on the Trueness and Margin Quality of 3D-Printed Interim Dental C.pdf,2134.0,100.0,True,2134.0,Effect of Printing Layer Thickness on the Trueness and Margin Quality of 3D-Printed Interim Dental Crowns,PGYSBHYW,exclude,False,False
Calabrese 等 - 2026 - Blunt force vs. fall-induced head trauma a systematic review and methodological framework.pdf,1827.0,100.0,True,1827.0,Blunt force vs. fall-induced head trauma: a systematic review and methodological framework,V6GBIM4R,exclude,False,False
Calder 等 - 2025 - Universal Hydrogel Carrier Enhances Bone Graft Success Preclinical and Clinical Evaluation.pdf,1953.0,100.0,True,1953.0,Universal Hydrogel Carrier Enhances Bone Graft Success: Preclinical and Clinical Evaluation,Z4T3ADUK,exclude,False,False
Camcı和Salmanpour - 2021 - Effects of Type and Amount of Orthodontic Tooth Movement on Digital Model Superimposition Accuracy..pdf,464.0,100.0,True,464.0,Effects of Type and Amount of Orthodontic Tooth Movement on Digital Model Superimposition Accuracy.,TYDB4YNK,exclude,True,True
cancers12082330.pdf.pdf,,0.0,False,,,,,False,False
"Canko和Doganay Ozyilmaz - 2025 - Impact of framework material, cantilever design, and wing configuration on stress distribution in pa.pdf",1143.0,100.0,True,1143.0,"Impact of framework material, cantilever design, and wing configuration on stress distribution in patient specific additively manufactured subperiosteal jaw implants: a 3D finite element analysis",RYA4IC44,include,False,False
Cantó-Navés 等 - 2023 - In Vitro Comparison of Internal and Marginal Adaptation between Printed and Milled Onlays.pdf,1020.0,100.0,True,1020.0,In Vitro Comparison of Internal and Marginal Adaptation between Printed and Milled Onlays,NF7ZX4PJ,exclude,False,False
Canullo 等 - 2024 - Effect of auxiliary geometric devices on the accuracy of intraoral scans in full-arch implant-suppor.pdf,500.0,100.0,True,500.0,Effect of auxiliary geometric devices on the accuracy of intraoral scans in full-arch implant-supported rehabilitations: An in vitro study.,AN569QGJ,exclude,True,True
Cao 等 - 2021 - A potential method for sex estimation of human skeletons using deep learning and three-dimensional s.pdf,519.0,100.0,True,519.0,A potential method for sex estimation of human skeletons using deep learning and three-dimensional surface scanning.,BA257B5Q,include,False,False
Cao 等 - 2022 - Detection and Localization of Myocardial Infarction Based on Multi-Scale ResNet and Attention Mechan.pdf,1917.0,100.0,True,1917.0,Detection and Localization of Myocardial Infarction Based on Multi-Scale ResNet and Attention Mechanism,I8RY5NYE,exclude,False,False
Cao 等 - 2023 - Accuracy of intraoral scanning versus conventional impressions for partial edentulous patients with.pdf,357.0,100.0,True,357.0,Accuracy of intraoral scanning versus conventional impressions for partial edentulous patients with maxillary defects.,EXREY3AC,exclude,True,True
Cao 等 - 2025 - Fully Automated Tooth Segmentation and Labeling for Both Full- and Partial-Arch Intraoral Scans Usin.pdf,24.0,100.0,True,24.0,Fully Automated Tooth Segmentation and Labeling for Both Full- and Partial-Arch Intraoral Scans Using Deep Learning.,V6QXLTTL,exclude,False,False
Cao 等 - 2026 - HighFold-MeD2 An Enhanced Boltz-2 Model for Accurate Structure Prediction of N-Methylated and d-Ami.pdf,1397.0,100.0,True,1397.0,HighFold-MeD2: An Enhanced Boltz-2 Model for Accurate Structure Prediction of N-Methylated and d-Amino Acid Cyclic Peptides,CJ4X3HIL,exclude,False,False
Cao 等 - 2026 - Mandibular extracellular vesicles mediate morphogenesis and mineralization of tooth germs in miniatu.pdf,1823.0,100.0,True,1823.0,Mandibular extracellular vesicles mediate morphogenesis and mineralization of tooth germs in miniature swine through the miR-206/HDAC4 signaling axis,IJJPZDUJ,exclude,False,False
Caramaschi 等 - 2026 - Transverse Maxillary Correction Leaf Expander vs. Rapid Maxillary Expansion Appliances-A Systematic.pdf,968.0,100.0,True,968.0,Transverse Maxillary Correction: Leaf Expander vs. Rapid Maxillary Expansion Appliances-A Systematic Review and Meta-Analysis,A42J5F8W,exclude,False,False
Carbone 等 - 2025 - Workflow for the Creation of 3D Stereoscopic Models of Supra- and Infratentorial Brain Venous Anatom.pdf,719.0,100.0,True,719.0,Workflow for the Creation of 3D Stereoscopic Models of Supra- and Infratentorial Brain Venous Anatomy and their Integration in a Virtual Reality Environment,XLKXHVXY,exclude,False,False
Caron 等 - 2025 - The relevance of intraoral scanner (IOS) for periodontal diagnosis A scoping review.pdf,1306.0,100.0,True,1306.0,The relevance of intraoral scanner (IOS) for periodontal diagnosis: A scoping review,QFG24RI9,exclude,False,False
Cassoni 等 - 2022 - Three-Dimensional Comparison of the Maxillary Surfaces through ICP-Type Algorithm Accuracy Evaluati.pdf,228.0,100.0,True,228.0,Three-Dimensional Comparison of the Maxillary Surfaces through ICP-Type Algorithm: Accuracy Evaluation of CAD/CAM Technologies in Orthognathic Surgery.,LUDVB4UY,include,True,True
Cavero 等 - 2024 - Advancements in Fourth-Generation Endodontic Apex Locators for Enhanced Precision in Root Canal Trea.pdf,2355.0,100.0,True,2355.0,Advancements in Fourth-Generation Endodontic Apex Locators for Enhanced Precision in Root Canal Treatments,JSGZDD7T,exclude,False,False
CCIDE.S282300.pdf.pdf,,0.0,False,,,,,False,False
Cebrián-Carretero 等 - 2026 - B-onic Platform A Single-Center Clinical Evaluation of an Integrated FabLab Workflow for Patient-Sp.pdf,2279.0,100.0,True,2279.0,B-onic Platform: A Single-Center Clinical Evaluation of an Integrated FabLab Workflow for Patient-Specific Surgical Planning and XR-Based Validation,2TEAV3QA,unsure,False,False
Cebrián-Carretero 等 - 2026 - B-Onic Platform for Point-of-Care 3D Printing in Oral and Maxillofacial Surgery Clinical Implementa.pdf,1793.0,100.0,True,1793.0,B-Onic Platform for Point-of-Care 3D Printing in Oral and Maxillofacial Surgery: Clinical Implementation and Surgical Impact,ANKKID2R,unsure,False,False
"Ceddia 等 - 2024 - FEA Comparison of the Mechanical Behavior of Three Dental Crown Materials Enamel, Ceramic, and Zirc.pdf",1956.0,100.0,True,1956.0,"FEA Comparison of the Mechanical Behavior of Three Dental Crown Materials: Enamel, Ceramic, and Zirconia",DJZMFHEI,include,True,True
Ceddia 等 - 2025 - Effect of Crestal Position on Bone-Implant Stress Interface of Three-Implant Splinted Prostheses A.pdf,1051.0,100.0,True,1051.0,Effect of Crestal Position on Bone-Implant Stress Interface of Three-Implant Splinted Prostheses: A Finite Element Analysis,RLTJ6JCJ,include,False,False
cells10061337.pdf.pdf,,0.0,False,,,,,False,False
Cellupica 等 - 2025 - Flexible multibody approaches for simulating the deflection and contact mechanics of toothbrush bris.pdf,1564.0,100.0,True,1564.0,Flexible multibody approaches for simulating the deflection and contact mechanics of toothbrush bristles: modelling and testing,2R6WAHXA,exclude,False,False
Cevik 等 - 2022 - New generation CAD-CAM materials for implant-supported definitive frameworks fabricated by using sub.pdf,2024.0,100.0,True,2024.0,New generation CAD-CAM materials for implant-supported definitive frameworks fabricated by using subtractive technologies,KRNC254H,exclude,False,False
Chaikiawkeaw 等 - 2022 - Osteopontin induces osteogenic differentiation by human periodontal ligament cells via calcium bindi.pdf,1832.0,100.0,True,1832.0,Osteopontin induces osteogenic differentiation by human periodontal ligament cells via calcium binding domain-activin receptor-like kinase (ALK-1) interaction,8XV2R53H,exclude,False,False
Chan 等 - 2024 - Inflammatory risk and cardiovascular events in patients without obstructive coronary artery disease.pdf,1909.0,100.0,True,1909.0,"Inflammatory risk and cardiovascular events in patients without obstructive coronary artery disease: the ORFAN multicentre, longitudinal cohort study",QDF38Q6W,exclude,False,False
Chang - 2024 - The influence of pontic distribution on the marginal and internal gaps of CADCAM five-unit anterior.pdf,288.0,100.0,True,288.0,The influence of pontic distribution on the marginal and internal gaps of CAD/CAM five-unit anterior zirconia framework.,UWH984BZ,exclude,True,True
Chang 等 - 2021 - Preclinical evaluation of a 3D-printed hydroxyapatitepoly(lactic-co-glycolic acid) scaffold for rid.pdf,1898.0,100.0,True,1898.0,Preclinical evaluation of a 3D-printed hydroxyapatite/poly(lactic-co-glycolic acid) scaffold for ridge augmentation,ZAXSXJM9,exclude,True,True
Chang 等 - 2023 - Accuracy of intraoral scanning methods for maxillary Kennedy class I arch.pdf,1386.0,100.0,True,1386.0,Accuracy of intraoral scanning methods for maxillary Kennedy class I arch,UBSHIVXV,exclude,False,False
Chang 等 - 2026 - Integrating Digital Feedback Into Competency‐Based Medical Education for Crown Preparation Skill Acq.pdf,1714.0,100.0,True,1714.0,Integrating Digital Feedback Into Competency-Based Medical Education for Crown Preparation Skill Acquisition: A Pre-Post Study of Dental Interns in Taiwan,AIZ65U9H,unsure,True,True
Chantaraaumporn 等 - 2023 - Accuracy of Soft Tissue Prediction in Skeletal Type III Relationship Using a Computer-Aided Three-Di.pdf,869.0,100.0,True,869.0,Accuracy of Soft Tissue Prediction in Skeletal Type III Relationship Using a Computer-Aided Three-Dimensional Surgical Simulation Planning Program,Y7AJ5J7V,exclude,False,False
Chao 等 - 2025 - Marginal bone level of dental implants using computer-aided designcomputer-aided manufacturing cust.pdf,1710.0,100.0,True,1710.0,Marginal bone level of dental implants using computer-aided design/computer-aided manufacturing customized abutment and prefabricated abutment-A five-year follow-up,TGGBQBPM,exclude,False,False
Chaturvedi 等 - 2024 - Evaluation of the methods for determining accuracy of fit and precision of RPD framework in Digital.pdf,1086.0,100.0,True,1086.0,"Evaluation of the methods for determining accuracy of fit and precision of RPD framework in Digital (3D printed, milled) and conventional RPDs - a systematic review",6EQBH5FS,exclude,False,False
Cheadle 等 - 2025 - The impact of modifying 3D printing parameters on mechanical strength and physical properties in vat.pdf,1150.0,100.0,True,1150.0,The impact of modifying 3D printing parameters on mechanical strength and physical properties in vat photopolymerisation,IPKJEC72,exclude,True,True
Chebib 等 - 2024 - Fit and retention of complete denture bases Part II - conventional impressions versus digital scans.pdf,249.0,100.0,True,249.0,Fit and retention of complete denture bases: Part II - conventional impressions versus digital scans: A clinical controlled crossover study.,W29E6BQZ,exclude,False,False
Chen - 2022 - Intraoral 3-D Measurement by Means of Group Coding Combined With Consistent Enhancement for Fringe P.pdf,2549.0,100.0,True,2549.0,Intraoral 3-D Measurement by Means of Group Coding Combined With Consistent Enhancement for Fringe Projection Pattern,GCV28PD9,exclude,False,False
Chen - 2023 - Calibration of Intraoral 3-D Measurement System With Using Consummated Model Combined With Highly Ac.pdf,2550.0,100.0,True,2550.0,Calibration of Intraoral 3-D Measurement System With Using Consummated Model Combined With Highly Accurate Data Pairs,MMNAMT58,exclude,False,False
Chen 等 - 2021 - Establishment of optimal variable elastic modulus distribution in the design of full-crown restorati.pdf,2167.0,100.0,True,2167.0,Establishment of optimal variable elastic modulus distribution in the design of full-crown restorations by finite element analysis,CJ5Q5P3J,include,True,True
Chen 等 - 2022 - Diagnosis of architectural distortion on digital breast tomosynthesis using radiomics and deep learn.pdf,1877.0,100.0,True,1877.0,Diagnosis of architectural distortion on digital breast tomosynthesis using radiomics and deep learning,3PWLRRPK,exclude,False,False
Chen 等 - 2022 - Influence of Liquid on the Tooth Surface on the Accuracy of Intraoral Scanners An In Vitro Study.pdf,1678.0,100.0,True,1678.0,Influence of Liquid on the Tooth Surface on the Accuracy of Intraoral Scanners: An In Vitro Study,YSRNRCZ9,include,True,True
Chen 等 - 2022 - Repairing Facial Fractures with Interrupted Maxillary-mandibular Arches by Computer-assisted Reverse.pdf,571.0,100.0,True,571.0,Repairing Facial Fractures with Interrupted Maxillary-mandibular Arches by Computer-assisted Reverse Planning Model Surgery.,SCQPUB64,exclude,True,True
Chen 等 - 2023 - Application of Real-time Augmented Reality-guided Osteotomy and Apex Location in Endodontic Microsur.pdf,1620.0,100.0,True,1620.0,Application of Real-time Augmented Reality-guided Osteotomy and Apex Location in Endodontic Microsurgery: A Surgical Simulation Study Based on 3D-printed Alveolar Bone Model,ZGJZZYG7,include,True,True
Chen 等 - 2023 - Automatic Detection of Tooth-Gingiva Trim Lines on Dental Surfaces.pdf,2375.0,100.0,True,2375.0,Automatic Detection of Tooth-Gingiva Trim Lines on Dental Surfaces,NECU8DQL,exclude,False,False
Chen 等 - 2023 - Comparison the accuracy of a novel implant robot surgery and dynamic navigation system in dental imp.pdf,724.0,100.0,True,724.0,Comparison the accuracy of a novel implant robot surgery and dynamic navigation system in dental implant surgery: an in vitro pilot study,CXWGAQ8R,include,True,True
Chen 等 - 2024 - Automatic 3D Teeth Reconstruction From Five Intra-Oral Photos Using Parametric Teeth Model.pdf,2293.0,100.0,True,2293.0,Automatic 3D Teeth Reconstruction From Five Intra-Oral Photos Using Parametric Teeth Model,VD6R8JZN,exclude,False,False
Chen 等 - 2024 - Development of Automatic Assessment Framework for Spine Deformity Using Freehand 3-D Ultrasound Imag.pdf,2484.0,100.0,True,2484.0,Development of Automatic Assessment Framework for Spine Deformity Using Freehand 3-D Ultrasound Imaging System,HMLKHDYH,exclude,False,False
Chen 等 - 2025 - AI-assisted preoperative surgical planning for dental implant.pdf,1095.0,100.0,True,1095.0,AI-assisted preoperative surgical planning for dental implant,8E7MJ7MS,exclude,False,False
Chen 等 - 2025 - Biomechanical analysis of All-on-4 implant supported framework using different materials across vari.pdf,1205.0,100.0,True,1205.0,Biomechanical analysis of All-on-4 implant supported framework using different materials across various clinical practice,ZMQU8EMV,include,False,False
Chen 等 - 2025 - Cross-center Model Adaptive Tooth segmentation..pdf,4.0,100.0,True,4.0,Cross-center Model Adaptive Tooth segmentation.,GM2LLIKT,exclude,False,False
Chen 等 - 2025 - Framework Nucleic Acid Nanomaterials for Central Nervous System Therapies Design for Barrier Penetr.pdf,1838.0,100.0,True,1838.0,"Framework Nucleic Acid Nanomaterials for Central Nervous System Therapies: Design for Barrier Penetration, Targeted Delivery, Cellular Uptake, and Endosomal Escape",IPXV8YNC,exclude,False,False
Chen 等 - 2025 - Three-dimensional finite element analysis of two-implant-supported locator overdenture in different.pdf,1145.0,100.0,True,1145.0,Three-dimensional finite element analysis of two-implant-supported locator overdenture in different reinforced denture base designs under four loading conditions,HAHRMEEF,include,True,True
Chen 等 - 2026 - Association between diabetes and pulp stone prevalence and morphological characteristics a CBCT-bas.pdf,1027.0,100.0,True,1027.0,Association between diabetes and pulp stone prevalence and morphological characteristics: a CBCT-based retrospective study,CCQTZ6RH,include,True,True
Chen 等 - 2026 - Development and Validation of a Freehand 3-D Ultrasound System for Real-Time Intraoral Image Reconst.pdf,2546.0,100.0,True,2546.0,Development and Validation of a Freehand 3-D Ultrasound System for Real-Time Intraoral Image Reconstruction,DFF9LQMV,exclude,False,False
Chen 等 - 2026 - Precise sparse-view dental crown reconstruction via 3D Gaussian neural fields.pdf,1219.0,100.0,True,1219.0,Precise sparse-view dental crown reconstruction via 3D Gaussian neural fields,YTX9I6KD,exclude,False,False
Chen 等 - 2026 - Predicting 3D Post-Orthodontic Facial Outcomes With a Diffusion Model Trained on Unpaired Datasets.pdf,2243.0,100.0,True,2243.0,Predicting 3D Post-Orthodontic Facial Outcomes With a Diffusion Model Trained on Unpaired Datasets,L9XBQG6L,include,False,False
Cheng 等 - 2022 - 3D-Printed Drug-Loaded Composite Scaffolds to Promote Osteogenesis and Antibacterial Activity.pdf,879.0,100.0,True,879.0,3D-Printed Drug-Loaded Composite Scaffolds to Promote Osteogenesis and Antibacterial Activity,HF33Z57F,exclude,False,False
Cheng 等 - 2022 - Development of a maxillofacial virtual surgical system based on biomechanical parameters of facial s.pdf,2159.0,100.0,True,2159.0,Development of a maxillofacial virtual surgical system based on biomechanical parameters of facial soft tissue,9NDT7NR8,include,True,True
Cheng 等 - 2023 - MicroMagnify A Multiplexed Expansion Microscopy Method for Pathogens and Infected Tissues.pdf,1664.0,100.0,True,1664.0,MicroMagnify: A Multiplexed Expansion Microscopy Method for Pathogens and Infected Tissues,UQTGLARJ,exclude,False,False
Cheng 等 - 2023 - Prediction of orthognathic surgery plan from 3D cephalometric analysis via deep learning.pdf,1442.0,100.0,True,1442.0,Prediction of orthognathic surgery plan from 3D cephalometric analysis via deep learning,AUL932PG,exclude,False,False
Cheng 等 - 2026 - Topo4D++ Realistic Physically Based 4D Head Capture With Topology-Preserving Gaussian Splatting and.pdf,2439.0,100.0,True,2439.0,Topo4D++: Realistic Physically Based 4D Head Capture With Topology-Preserving Gaussian Splatting and Expression Priors,CGDDK52Q,exclude,False,False
Chen和Zhang - 2025 - An automatic method for tooth segmentation from CBCT images.pdf,2350.0,100.0,True,2350.0,An automatic method for tooth segmentation from CBCT images,6JRF9VV5,exclude,False,False
Cheraghi 等 - 2024 - A modified deep learning model in the classification of post-COVID-19 lung disease and a comparative.pdf,1481.0,100.0,True,1481.0,A modified deep learning model in the classification of post-COVID-19 lung disease and a comparative study on Iranian and international databases,N4DE7DW7,exclude,False,False
Cheung 等 - 2025 - Development of an Automatic Computer Program to Determine the Optimal Dental Implant Size and Positi.pdf,185.0,100.0,True,185.0,Development of an Automatic Computer Program to Determine the Optimal Dental Implant Size and Position for Fibula Free Flap Surgery.,7M8ERVJ3,include,False,False
Chevalier 等 - 2022 - Preclinical 3D-printed laboratory simulation of deep caries and the exposed pulp reduced student anx.pdf,975.0,100.0,True,975.0,"Preclinical 3D-printed laboratory simulation of deep caries and the exposed pulp reduced student anxiety and stress, while increasing confidence and knowledge in vital pulp treatment",NM44QWCY,exclude,False,False
"Chi 等 - 2022 - Biomimetic, mussel-inspired surface modification of 3D-printed biodegradable polylactic acid scaffol.pdf",1860.0,100.0,True,1860.0,"Biomimetic, mussel-inspired surface modification of 3D-printed biodegradable polylactic acid scaffolds with nano-hydroxyapatite for bone tissue engineering",FN4ETLMJ,exclude,True,True
Chifor 等 - 2021 - Three-dimensional periodontal investigations using a prototype handheld ultrasound scanner with spat.pdf,1671.0,100.0,True,1671.0,Three-dimensional periodontal investigations using a prototype handheld ultrasound scanner with spatial positioning reading sensor,MW553XBE,unsure,False,False
Chitnis 等 - 2026 - Optimization of print parameters for batch and continuous manufacturing of three-dimensional (3D) pr.pdf,887.0,100.0,True,887.0,Optimization of print parameters for batch and continuous manufacturing of three-dimensional (3D) printed dosage forms using artificial intelligence and machine learning,9NQ8BFIU,exclude,False,False
Cho 等 - 2022 - Cone-Beam Angle Dependency of 3D Models Computed from Cone-Beam CT Images..pdf,2055.0,100.0,True,2055.0,Cone-Beam Angle Dependency of 3D Models Computed from Cone-Beam CT Images,7KZCURKL,exclude,True,True
Choi 等 - 2022 - A digital workflow for pair matching of maxillary anterior teeth using a 3D segmentation technique f.pdf,864.0,100.0,True,864.0,A digital workflow for pair matching of maxillary anterior teeth using a 3D segmentation technique for esthetic implant restorations,MZH3CXYR,include,False,False
Choi 等 - 2022 - Cervical Tissue Hydration Level Monitoring by a Resonant Microwave Coaxial Probe..pdf,1947.0,100.0,True,1947.0,Cervical Tissue Hydration Level Monitoring by a Resonant Microwave Coaxial Probe,UQEARA5K,exclude,False,False
Choi 等 - 2023 - Design of an interactive system for access cavity assessment A novel feedback tool for preclinical.pdf,1327.0,100.0,True,1327.0,Design of an interactive system for access cavity assessment: A novel feedback tool for preclinical endodontics,3ZVZI7FS,include,True,True
Choi 等 - 2023 - Metal Organic Framework-Incorporated Three-Dimensional (3D) Bio-Printable Hydrogels to Facilitate Bo.pdf,1262.0,100.0,True,1262.0,Metal Organic Framework-Incorporated Three-Dimensional (3D) Bio-Printable Hydrogels to Facilitate Bone Repair: Preparation and In Vitro Bioactivity Analysis,JSU2KA77,exclude,False,False
Choi 等 - 2025 - Deep reinforcement learning for efficient registration between intraoral-scan meshes and CT images.pdf,1024.0,100.0,True,1024.0,Deep reinforcement learning for efficient registration between intraoral-scan meshes and CT images,3RU3YSFY,include,False,False
"Choi 等 - 2025 - Semi-automated three-dimensional analysis of maxillary anomalies in patients with Muenke syndrome, S.pdf",542.0,100.0,True,542.0,"Semi-automated three-dimensional analysis of maxillary anomalies in patients with Muenke syndrome, Saethre-Chotzen syndrome or TCF12-related craniosynostosis: A retrospective study.",QJG6B55I,unsure,False,False
Chokr 等 - 2023 - Evaluation of the Marginal Fit of Computer-Aided Design (CAD) and Computer-Aided Manufacturing (CAM).pdf,221.0,100.0,True,221.0,Evaluation of the Marginal Fit of Computer-Aided Design (CAD) and Computer-Aided Manufacturing (CAM) Zirconia Bridges Fabricated With Different Firing Cycles of Veneering Porcelain: An In Vitro Study.,CC4C93VB,exclude,False,False
Chow和Sharmin - 2021 - Developing an Interactive Computer Program for Integrated Dental Education..pdf,271.0,100.0,True,271.0,Developing an Interactive Computer Program for Integrated Dental Education.,R8BYGXA2,exclude,True,True
Chrobot 等 - 2025 - Smartphone-Based 3D Surface Imaging A New Frontier in Digital Breast Assessment Smartphone-Based B.pdf,654.0,100.0,True,654.0,Smartphone-Based 3D Surface Imaging: A New Frontier in Digital Breast Assessment? Smartphone-Based Breast Assessment,AF6884LP,exclude,False,False
Chruściel-Nogalska 等 - 2017 - OPEN-SOURCE SOFTWARE IN DENTISTRY A SYSTEMATIC REVIEW.PDF,330.0,81.3953488372093,True,330.0,Contemporary Evidence of CAD-CAM in Dentistry: A Systematic Review.,85BGAWNV,exclude,False,False
Chu 等 - 2025 - Point-annotation supervision for robust 3D pulmonary infection segmentation by CT-based cascading de.pdf,580.0,100.0,True,580.0,Point-annotation supervision for robust 3D pulmonary infection segmentation by CT-based cascading deep learning.,ID72PB6W,exclude,False,False
Chun 等 - 2024 - Computer-aided design and additively manufactured resin-bonded framework to retain an existing ceram.pdf,732.0,100.0,True,732.0,Computer-aided design and additively manufactured resin-bonded framework to retain an existing ceramic crown as the interim restoration after extraction: A dental technique,6KII8UX6,include,False,False
Chung - 2024 - Validation of 2D lateral cephalometric analysis using artificial intelligence-processed low-dose con.pdf,416.0,100.0,True,416.0,Validation of 2D lateral cephalometric analysis using artificial intelligence-processed low-dose cone beam computed tomography.,UEIY9979,exclude,False,False
Cianciosi 等 - 2023 - Flexible Allyl‐Modified Gelatin Photoclick Resin Tailored for Volumetric Bioprinting of Matrices for.pdf,734.0,100.0,True,734.0,Flexible Allyl-Modified Gelatin Photoclick Resin Tailored for Volumetric Bioprinting of Matrices for Soft Tissue Engineering,NY8FFRL4,exclude,False,False
Cicero 等 - 2021 - Optimizing the esthetic outcome by using screw-retained implant abutment crowns A 3-year clinical f.pdf,2277.0,100.0,True,2277.0,Optimizing the esthetic outcome by using screw-retained implant abutment crowns: A 3-year clinical follow-up,WDXU8KLT,exclude,False,False
cid.12949.pdf.pdf,,0.0,False,,,,,False,False
cid.12959.pdf.pdf,,0.0,False,,,,,False,False
cid.13032.pdf.pdf,,0.0,False,,,,,False,False
Ciocca 等 - 2023 - Evaluation of trueness and precision of removable partial denture metal frameworks manufactured with.pdf,1078.0,100.0,True,1078.0,Evaluation of trueness and precision of removable partial denture metal frameworks manufactured with digital technology and different materials,ATX75SMI,exclude,False,False
Cipriano 等 - 2022 - Deep Segmentation of the Mandibular Canal A New 3D Annotated Dataset of CBCT Volumes.pdf,2394.0,100.0,True,2394.0,Deep Segmentation of the Mandibular Canal: A New 3D Annotated Dataset of CBCT Volumes,XL7QKKBG,unsure,False,False
Cirelli 等 - 2023 - Numerical and Machine-Aided Experimental Models for Simulating the 3D Compliance of a Toothbrush.pdf,880.0,100.0,True,880.0,Numerical and Machine-Aided Experimental Models for Simulating the 3D Compliance of a Toothbrush,QV2TI6LM,exclude,False,False
Cirrincione 等 - 2025 - Digital Workflow with Open-Source CAD-CAM Software Aimed to Design a Customized 3D Laser-Printed Tit.pdf,1718.0,100.0,True,1718.0,Digital Workflow with Open-Source CAD-CAM Software Aimed to Design a Customized 3D Laser-Printed Titanium Mesh for Guided Bone Regeneration,E3EJX7HU,include,False,False
Claus 等 - 2026 - Efficacy of Ai Enabled Software in Automatic Segmentation for Orthognathic Surgery.pdf,275.0,100.0,True,275.0,Efficacy of Ai Enabled Software in Automatic Segmentation for Orthognathic Surgery.,7LLG4STI,exclude,False,False
clr.13664.pdf.pdf,,0.0,False,,,,,False,False
Coelho 等 - 2021 - Sex and age biological variation of the mandible in a Portuguese population- a forensic and medico-l.pdf,778.0,100.0,True,778.0,Sex and age biological variation of the mandible in a Portuguese population- a forensic and medico-legal approaches with three-dimensional analysis,7YA2AMRR,include,False,False
Conceicao 等 - 2026 - Engineering osteoclast resorption units via sacrificial microgels in a bone-on-chip platform.pdf,1897.0,100.0,True,1897.0,Engineering osteoclast resorption units via sacrificial microgels in a bone-on-chip platform,IA75VX32,exclude,False,False
Conceição 等 - 2024 - Comparison between digital superimposition and microcomputed tomography methods of fit assessment of.pdf,1695.0,100.0,True,1695.0,Comparison between digital superimposition and microcomputed tomography methods of fit assessment of removable partial denture frameworks,Y7RSNUSR,include,True,True
Coopman 等 - 2026 - A step-by-step guide for implementation of virtual surgical applications and patient data centraliza.pdf,120.0,100.0,True,120.0,A step-by-step guide for implementation of virtual surgical applications and patient data centralization: practical experience and lessons learned.,SXE9C4CV,exclude,False,False
Cordeiro 等 - 2025 - Use of open-source software and photogrammetry in the fabrication of 3D-printed custom trays for ede.pdf,671.0,100.0,True,671.0,Use of open-source software and photogrammetry in the fabrication of 3D-printed custom trays for edentulous patients: A technical guide,FIBFTP9V,include,True,True
Cordiale 等 - 2026 - An Innovative “Tooth-On-Chip” Microfluidic Device Emulating the Structure and Physiology of the Dent.pdf,1292.0,100.0,True,1292.0,An Innovative “Tooth-On-Chip” Microfluidic Device Emulating the Structure and Physiology of the Dental Pulp Tissue,CQM5FTNI,exclude,False,False
Coro-Montanet 等 - 2023 - Numerical Assessment Tool to Measure Realism in Clinical Simulation..pdf,26.0,100.0,True,26.0,Numerical Assessment Tool to Measure Realism in Clinical Simulation.,YWHF6MK5,exclude,False,False
Cosola 等 - 2021 - Standardization of three-dimensional pose of cylindrical implants from intraoral radiographs a prel.pdf,1722.0,100.0,True,1722.0,Standardization of three-dimensional pose of cylindrical implants from intraoral radiographs: a preliminary study,3UWMQWHI,exclude,False,False
Costa 等 - 2025 - Unveiling Software Limitations in the Assessment of the Minimum Sectional Area and Volume in Cleft L.pdf,1868.0,100.0,True,1868.0,Unveiling Software Limitations in the Assessment of the Minimum Sectional Area and Volume in Cleft LIP and Palate Patients,A4YJJ2FI,include,True,True
Costamagna 等 - 2022 - Endodontic Treatment of a Molar with Peculiar Anatomy Case Study with CBCT and 3D Printed Model.pdf,121.0,100.0,True,121.0,Endodontic Treatment of a Molar with Peculiar Anatomy: Case Study with CBCT and 3D Printed Model.,L8M7M2BX,include,True,True
Costarelli 等 - 2021 - Enhancement of Cone-Beam Computed Tomography Dental-Maxillofacial Images by Sampling Kantorovich Alg.pdf,2245.0,100.0,True,2245.0,Enhancement of Cone-Beam Computed Tomography Dental-Maxillofacial Images by Sampling Kantorovich Algorithm,F9GVJVYF,exclude,False,False
Cuau 等 - 2023 - Contactless surface registration of featureless anatomy using structured light camera application t.pdf,336.0,100.0,True,336.0,Contactless surface registration of featureless anatomy using structured light camera: application to fibula navigation in mandible reconstruction.,GVHB8NVU,include,True,True
Cuellar 等 - 2026 - Workflow for guided implant placement based on anatomic landmarks and the CAD-CAM fabrication of a p.pdf,1803.0,100.0,True,1803.0,Workflow for guided implant placement based on anatomic landmarks and the CAD-CAM fabrication of a prosthetic framework for an implant-supported fixed dental prosthesis,YWYMMHNG,include,False,False
Cui 等 - 2020 - Individual retrieval based on oral cavity point cloud data and correntropy‐based registration algori.pdf,642.0,100.0,True,642.0,Individual retrieval based on oral cavity point cloud data and correntropy-based registration algorithm,FU2MQQTY,include,False,False
Cui 等 - 2020 - Robust and precise isotropic scaling registration algorithm using bi-directional distance and corren.pdf,1634.0,100.0,True,1634.0,Robust and precise isotropic scaling registration algorithm using bi-directional distance and correntropy,BITQ8URU,exclude,False,False
Cui 等 - 2021 - TSegNet An efficient and accurate tooth segmentation network on 3D dental model.pdf,1716.0,100.0,True,1716.0,TSegNet: An efficient and accurate tooth segmentation network on 3D dental model,E77NGNB4,exclude,False,False
Cui 等 - 2025 - Peptide platform for 3D-printed Ti implants with synergistic antibacterial and osteogenic functions.pdf,1794.0,100.0,True,1794.0,Peptide platform for 3D-printed Ti implants with synergistic antibacterial and osteogenic functions to enhance osseointegration,LVWLQ4KG,exclude,False,False
Cui 等 - 2026 - Balancing Speed and Accuracy A Mouth-Eye 3D Keypoints Alignment Framework for Large Poses.pdf,2421.0,100.0,True,2421.0,Balancing Speed and Accuracy: A Mouth-Eye 3D Keypoints Alignment Framework for Large Poses,VZLM6VC3,exclude,False,False
César Neto 等 - 2024 - Digital three-dimensional assessment of free gingival graft remodeling over 12 months..pdf,835.0,100.0,True,835.0,Digital three-dimensional assessment of free gingival graft remodeling over 12 months,YLELC4FZ,exclude,False,False
D'Addazio 等 - 2022 - Accuracy of DICOM-DICOM vs. DICOM-STL Protocols in Computer-Guided Surgery A Human Clinical Study..pdf,1192.0,100.0,True,1192.0,Accuracy of DICOM-DICOM vs. DICOM-STL Protocols in Computer-Guided Surgery: A Human Clinical Study,9EGJ5B29,exclude,False,False
d0an02373f.pdf.pdf,,0.0,False,,,,,False,False
D0NR06297A.pdf.pdf,,0.0,False,,,,,False,False
da Silva 等 - 2026 - Decellularized bone matrix-enriched 3D-printed GelMA scaffold as a cell-homing platform analysis us.pdf,1226.0,100.0,True,1226.0,Decellularized bone matrix-enriched 3D-printed GelMA scaffold as a cell-homing platform: analysis using an artificial pulp chamber model,ZLXKNJ5X,exclude,False,False
Dabkowska 等 - 2023 - BDNF-loaded PDADMAC-heparin multilayers a novel approach for neuroblastoma cell study.pdf,1982.0,100.0,True,1982.0,BDNF-loaded PDADMAC-heparin multilayers: a novel approach for neuroblastoma cell study,ARDMFN5F,exclude,False,False
Dai 等 - 2025 - Machine-learning models for differentiating benign and malignant breast masses Integrating automate.pdf,1460.0,100.0,True,1460.0,"Machine-learning models for differentiating benign and malignant breast masses: Integrating automated breast volume scanning intra-tumoral, peri-tumoral features, and clinical information",QIULYBZU,exclude,False,False
Daou - 2021 - Comparison of Accuracy of Fit of Three-Unit Fixed Ceramic Cobalt-Chromium Dental Prostheses Fabricat.pdf,1452.0,100.0,True,1452.0,Comparison of Accuracy of Fit of Three-Unit Fixed Ceramic Cobalt-Chromium Dental Prostheses Fabricated by Three Different Techniques,RMPM2EHR,exclude,False,False
Daou - 2022 - X-ray microtomographic evaluation of the absolute marginal fit of fixed prostheses made from soft Co.pdf,1588.0,100.0,True,1588.0,X-ray microtomographic evaluation of the absolute marginal fit of fixed prostheses made from soft Co-Cr and zirconia,RJLY54ML,exclude,False,False
Dario 等 - 2023 - Is All-on-four effective in case of partial mandibular resection A 3D finite element study.pdf,1499.0,100.0,True,1499.0,Is All-on-four effective in case of partial mandibular resection? A 3D finite element study,CC9R3U63,include,False,False
Darwish 等 - 2025 - Biomechanical Behavior of Different Distributions of Zygoma and Pterygoid Implants in Rehabilitation.pdf,1994.0,100.0,True,1994.0,Biomechanical Behavior of Different Distributions of Zygoma and Pterygoid Implants in Rehabilitation of Severely Atrophic Posterior Maxilla: A 3D Finite Element Analysis,5SW9J4UC,include,True,True
Dascalu 等 - 2024 - AI-initiated second opinions a framework for advanced caries treatment planning..pdf,1234.0,100.0,True,1234.0,AI-initiated second opinions: a framework for advanced caries treatment planning,3SM4ML53,exclude,False,False
Dascalu 等 - 2025 - DentAssignNet Assignment Network for Dental Cast Labeling in the Presence of Dental Abnormalities.pdf,2317.0,100.0,True,2317.0,DentAssignNet: Assignment Network for Dental Cast Labeling in the Presence of Dental Abnormalities,AP4TRDP3,exclude,False,False
Dayan和Geckili - 2021 - The influence of framework material on stress distribution in maxillary complete-arch fixed prosthes.pdf,1661.0,100.0,True,1661.0,The influence of framework material on stress distribution in maxillary complete-arch fixed prostheses supported by four dental implants: a three-dimensional finite element analysis,AQ7UL4F3,include,True,True
de Barros Melo 等 - 2022 - Laboratorial Comparative Study of the Accuracy Between Virtual Planning and Erickson's Platform..pdf,181.0,100.0,True,181.0,Laboratorial Comparative Study of the Accuracy Between Virtual Planning and Erickson's Platform.,K5L8U678,exclude,False,False
de Boutray 等 - 2022 - Fibular registration using surface matching in navigation-guided osteotomies a proof of concept stu.pdf,420.0,100.0,True,420.0,Fibular registration using surface matching in navigation-guided osteotomies: a proof of concept study on 3D-printed models.,PEQ6GY9D,include,True,True
de Lima 等 - 2020 - Sketch-Based Interaction for Planning-Based Interactive Storytelling.pdf,2524.0,100.0,True,2524.0,Sketch-Based Interaction for Planning-Based Interactive Storytelling,LVMS6SDJ,exclude,False,False
de Molon 等 - 2026 - Adjunctive Therapies in Periodontitis Current Concepts and the Future.pdf,1642.0,100.0,True,1642.0,Adjunctive Therapies in Periodontitis: Current Concepts and the Future,RFQCJLX7,exclude,False,False
de Oliveira Loures 等 - 2023 - Fractal analysis of the mandible cortical bone correlation among fractal dimension values obtained.pdf,1138.0,100.0,True,1138.0,Fractal analysis of the mandible cortical bone: correlation among fractal dimension values obtained by two processing methods from periapical radiograph and micro-computed tomography with cone-beam computed tomography,K7WNNJK9,exclude,False,False
De Pasquale 等 - 2022 - A Low-Cost Wireless Bite Force Measurement Device..pdf,1467.0,100.0,True,1467.0,A Low-Cost Wireless Bite Force Measurement Device,B8ZTR89F,exclude,False,False
De Sales 等 - 2021 - Guided Surgery with 3D Printed Device A Case Report.pdf,849.0,100.0,True,849.0,Guided Surgery with 3D Printed Device: A Case Report,UZEPFW5V,exclude,False,False
de Souza 等 - 2026 - A multimodal explainable ai framework to assist in the differential diagnosis of head and neck react.pdf,1656.0,100.0,True,1656.0,A multimodal explainable ai framework to assist in the differential diagnosis of head and neck reactive follicular hyperplasia and follicular lymphoma: an international multicentre study,IBDZN4D8,exclude,False,False
De Souza 等 - 2026 - Three-dimensional accuracy of in-office aligner therapy a retrospective comparison between planned.pdf,644.0,100.0,True,644.0,Three-dimensional accuracy of in-office aligner therapy: a retrospective comparison between planned and achieved tooth positions,WN2IRATQ,include,False,False
de Vries 等 - 2026 - Periodontium-derived fibroblasts as a model to evaluate inflammation and pharmacological modulation.pdf,1303.0,100.0,True,1303.0,Periodontium-derived fibroblasts as a model to evaluate inflammation and pharmacological modulation of osteogenesis and osteoclast formation,BTMYCI59,exclude,False,False
De-Stefano 等 - 2021 - Unilateral Condylar Hyperplasia A Thee-Dimensional CBCT Morphometric and Volumetric Evaluation of M.pdf,1712.0,100.0,True,1712.0,Unilateral Condylar Hyperplasia: A Thee-Dimensional CBCT Morphometric and Volumetric Evaluation of Mandibular Condyle by Open-Source Softwares,HGU9YKI5,include,True,True
Debener 等 - 2025 - Neural network-based image analysis of co-localized microorganisms and human cells on implant materi.pdf,666.0,100.0,True,666.0,Neural network-based image analysis of co-localized microorganisms and human cells on implant materials,9EM2RZG2,exclude,False,False
Deeban - 2024 - Effectiveness of CAD-CAM Milled Versus DMLS Titanium Frameworks for Hybrid Denture Prosthesis A Nar.pdf,1807.0,100.0,True,1807.0,Effectiveness of CAD-CAM Milled Versus DMLS Titanium Frameworks for Hybrid Denture Prosthesis: A Narrative Review,SUD7BUUE,exclude,False,False
Deferm 等 - 2022 - Soft tissue-based registration of intraoral scan with cone beam computed tomography scan.pdf,1826.0,100.0,True,1826.0,Soft tissue-based registration of intraoral scan with cone beam computed tomography scan,CA3MCA2T,include,True,True
Dehurtevent 等 - 2023 - Effectiveness of a 3D simulation tool to teach the designing of metal removable partial dentures A.pdf,2187.0,100.0,True,2187.0,Effectiveness of a 3D simulation tool to teach the designing of metal removable partial dentures: A mixed-method study,XI5WDDJD,exclude,False,False
Deleat-Besson 等 - 2021 - Automatic Segmentation of Dental Root Canal and Merging with Crown Shape..pdf,28.0,100.0,True,28.0,Automatic Segmentation of Dental Root Canal and Merging with Crown Shape.,WPFWC6I6,include,True,True
Demir和Caglar - 2025 - Biomechanical evaluation of prosthetic framework materials in subperiosteal implants a finite eleme.pdf,1369.0,100.0,True,1369.0,Biomechanical evaluation of prosthetic framework materials in subperiosteal implants: a finite element analysis,A2IQLI82,include,False,False
Denadai 等 - 2021 - Type of maxillary segment mobilization affects three-dimensional nasal morphology.pdf,851.0,100.0,True,851.0,Type of maxillary segment mobilization affects three-dimensional nasal morphology,3LP7326M,exclude,False,False
Deng 等 - 2020 - An automatic approach to establish clinically desired final dental occlusion for one-piece maxillary.pdf,130.0,100.0,True,130.0,An automatic approach to establish clinically desired final dental occlusion for one-piece maxillary orthognathic surgery.,SK8EHSDL,exclude,True,True
Deng 等 - 2023 - Clinical feasibility of deep learning-based automatic head CBCT image segmentation and landmark dete.pdf,1608.0,100.0,True,1608.0,Clinical feasibility of deep learning-based automatic head CBCT image segmentation and landmark detection in computer- aided surgical simulation for orthognathic surgery,MU6UNASA,exclude,False,False
"Department of Prosthodontics, D.Y. Patil Deemed to be University, School of Dentistry, Navi Mumbai, Maharashtra, India 等 - 2024 - An update on CAD-CAM usage for removable partial denture fabrication A systematic review.pdf",36.0,100.0,True,36.0,An update on CAD-CAM usage for removable partial denture fabrication: A systematic review.,PNHT9ZGI,exclude,False,False
Dere和Fındık - 2026 - Comparison of biomechanical performance of custom implants with different designs under functional l.pdf,135.0,100.0,True,135.0,Comparison of biomechanical performance of custom implants with different designs under functional load: a finite element analysis.,7QDPDBCV,include,False,False
Desai 等 - 2023 - Three-Dimensional FEA Analysis of the Stress Distribution on Titanium and Graphene Frameworks Suppor.pdf,1602.0,100.0,True,1602.0,Three-Dimensional FEA Analysis of the Stress Distribution on Titanium and Graphene Frameworks Supported by 3 or 6-Implant Models,TQG3WKJX,include,True,True
Desai 等 - 2025 - Estimation of centers of rotation of the maxillary incisors during nonextraction space closure using.pdf,1280.0,100.0,True,1280.0,Estimation of centers of rotation of the maxillary incisors during nonextraction space closure using the Invisalign appliance,4ZGWKF9Y,include,True,True
Devaraj 等 - 2020 - Bioimpedance Sensing Surgical Drill – Computational Modelling and Experimental Validation.pdf,2457.0,100.0,True,2457.0,Bioimpedance Sensing Surgical Drill – Computational Modelling and Experimental Validation,KD6XD5UU,include,False,False
Dhall 等 - 2022 - A 3D-Printed Customizable Platform for Multiplex Dynamic Biofilm Studies..pdf,750.0,100.0,True,750.0,A 3D-Printed Customizable Platform for Multiplex Dynamic Biofilm Studies,K9WWSFHG,exclude,False,False
Dhall 等 - 2022 - A 3D‐Printed Customizable Platform for Multiplex Dynamic Biofilm Studies.pdf,750.0,100.0,True,750.0,A 3D-Printed Customizable Platform for Multiplex Dynamic Biofilm Studies,K9WWSFHG,exclude,False,False
Dhamande 等 - 2024 - Transforming Smiles A Case Study on Monolithic Zirconia Prosthetic Solutions.pdf,307.0,100.0,True,307.0,Transforming Smiles: A Case Study on Monolithic Zirconia Prosthetic Solutions.,RTU23HSH,exclude,False,False
Di Bartolomeo 等 - 2023 - Inferior Alveolar Canal Automatic Detection with Deep Learning CNNs on CBCTs Development of a Novel.pdf,1161.0,100.0,True,1161.0,Inferior Alveolar Canal Automatic Detection with Deep Learning CNNs on CBCTs: Development of a Novel Model and Release of Open-Source Dataset and Algorithm,TUE7JTLY,include,False,False
Di Brigida 等 - 2022 - Computer Aided Orthognathic Surgery A General Method for Designing and Manufacturing Personalized C.pdf,1211.0,100.0,True,1211.0,Computer Aided Orthognathic Surgery: A General Method for Designing and Manufacturing Personalized Cutting/Repositioning Templates,B2M3DARR,include,False,False
diagnostics11040688.pdf.pdf,,0.0,False,,,,,False,False
Didziokas 等 - 2024 - BounTI (boundary-preserving threshold iteration) A user-friendly tool for automatic hard tissue seg.pdf,187.0,100.0,True,187.0,BounTI (boundary-preserving threshold iteration): A user-friendly tool for automatic hard tissue segmentation.,T5FJEIPG,include,True,True
Dieguez 等 - 2024 - Three-Dimensional Volumetric Investigation of Onodi Cells A Multi-Slice Computed Tomography Study..pdf,497.0,100.0,True,497.0,Three-Dimensional Volumetric Investigation of Onodi Cells: A Multi-Slice Computed Tomography Study.,YFI6KQ92,exclude,True,True
Diker和Tak - 2021 - Accuracy of Digital Impressions Obtained Using Six Intraoral Scanners in Partially Edentulous Dentit.pdf,1570.0,100.0,True,1570.0,Accuracy of Digital Impressions Obtained Using Six Intraoral Scanners in Partially Edentulous Dentitions and the Effect of Scanning Sequence,Z5PYCCYC,include,True,True
Dimitriadis 等 - 2023 - Microstructure and Mechanical Properties of Co-Cr Alloy Fabricated by Selective Laser Melting Techno.pdf,1243.0,100.0,True,1243.0,Microstructure and Mechanical Properties of Co-Cr Alloy Fabricated by Selective Laser Melting Technology for Removable Partial Denture Frameworks,DHQBWA35,exclude,False,False
Dimitriu - 2024 - Research on Advances in Production of Human Dentition and Dental Bridges Using Additive Manufacturin.pdf,2294.0,100.0,True,2294.0,Research on Advances in Production of Human Dentition and Dental Bridges Using Additive Manufacturing (Metal 3D Printing),FEBJG2N6,exclude,False,False
Ding 等 - 2022 - Complete denture fabrication with polyetherketoneketone as a framework material A clinical report..pdf,2216.0,100.0,True,2216.0,Complete denture fabrication with polyetherketoneketone as a framework material: A clinical report,DFXYBNKJ,exclude,True,True
Ding 等 - 2023 - Accuracy of a novel semi-autonomous robotic-assisted surgery system for single implant placement A.pdf,329.0,100.0,True,329.0,Accuracy of a Novel Semi-Autonomous Robotic-Assisted Surgery System for Single Implant Placement: a Case Series.,Y6BWB87N,include,True,True
Ding 等 - 2023 - Artificial intelligence in dentistry-A review..pdf,481.0,100.0,True,481.0,Artificial intelligence in dentistry-A review.,2PWCH3UQ,exclude,False,False
dj9070075.pdf.pdf,,0.0,False,,,,,False,False
dmfr.20200305.pdf.pdf,,0.0,False,,,,,False,False
Doan 等 - 2026 - Comparison of stereolithography (STL) and polygon file format (PLY) for intraoral scans From chairs.pdf,331.0,100.0,True,331.0,Comparison of stereolithography (STL) and polygon file format (PLY) for intraoral scans: From chairside to archive.,5MX98NQ5,include,False,False
Dogan 等 - 2024 - Machine learning assessment of dental age classification based on cone-beam CT images a different a.pdf,303.0,100.0,True,303.0,Machine learning assessment of dental age classification based on cone-beam CT images: a different approach.,P2RSUDHI,exclude,True,True
Dohiem 等 - 2022 - Digital assessment of the accuracy of implant impression techniques in free end saddle partially ede.pdf,1326.0,100.0,True,1326.0,Digital assessment of the accuracy of implant impression techniques in free end saddle partially edentulous patients. A controlled clinical trial,6J23L4DI,include,False,False
Dole 等 - 2026 - Enhancing airway obstruction diagnosis with multimodal 3D shape analysis.pdf,2011.0,100.0,True,2011.0,Enhancing airway obstruction diagnosis with multimodal 3D shape analysis,YTY8B4LH,include,False,False
Dong 等 - 2022 - 3D Registration Method Based On MVFNet And Super4PCS For Nonhomologous Face Pointclouds.pdf,2295.0,100.0,True,2295.0,3D Registration Method Based On MVFNet And Super4PCS For Nonhomologous Face Pointclouds,GMMYW9V7,exclude,False,False
Dong 等 - 2025 - Personalized 3D-printed TDMZrO2 scaffolds laden with iPSC-derived SOX9+sclerotomal progenitors for.pdf,819.0,100.0,True,819.0,Personalized 3D-printed TDM/ZrO2 scaffolds laden with iPSC-derived SOX9+sclerotomal progenitors for functional osteochondral regeneration,WVHHNQX4,exclude,False,False
dos Santos Anjo e Aguero 等 - 2026 - Upper airway volumetry using CBCT a critical review of methodological inconsistencies and open-sour.pdf,1060.0,100.0,True,1060.0,Upper airway volumetry using CBCT: a critical review of methodological inconsistencies and open-source software applications,F5NVNXNI,exclude,False,False
Dos Santos 等 - 2022 - Combining Coaxial Electrospinning and 3D Printing Design of Biodegradable Bilayered Membranes with.pdf,376.0,100.0,True,376.0,Combining Coaxial Electrospinning and 3D Printing: Design of Biodegradable Bilayered Membranes with Dual Drug Delivery Capability for Periodontitis Treatment.,N6CQF3L9,exclude,False,False
Dos Santos 等 - 2022 - Reproducibility of a three-dimensional skeletal-based craniofacial orientation method for virtual su.pdf,1801.0,100.0,True,1801.0,Reproducibility of a three-dimensional skeletal-based craniofacial orientation method for virtual surgical planning,2UKDGZ3I,include,False,False
Dos Santos 等 - 2024 - Hierarchical Chitin Nanocrystal-Based 3D Printed Dual-Layer Membranes Hydrogels A Dual Drug Deliver.pdf,981.0,100.0,True,981.0,Hierarchical Chitin Nanocrystal-Based 3D Printed Dual-Layer Membranes Hydrogels: A Dual Drug Delivery Nano-Platform for Periodontal Tissue Regeneration,977YT8IH,exclude,False,False
Dostalova 等 - 2024 - Imaging and 3D Analysis Based on Two or More Three-Dimensional CBCT Recordings before and after Orth.pdf,1635.0,100.0,True,1635.0,Imaging and 3D Analysis Based on Two or More Three-Dimensional CBCT Recordings before and after Orthodontic Treatment and Maxillofacial Therapy,4BLBU3YQ,include,False,False
Dot 等 - 2020 - Voxel-based superimposition of Cone Beam CT scans for orthodontic and craniofacial follow-up Overvi.pdf,390.0,100.0,True,390.0,Voxel-based superimposition of Cone Beam CT scans for orthodontic and craniofacial follow-up: Overview and clinical implementation.,Q68ZEUCG,unsure,True,True
Dot 等 - 2024 - DentalSegmentator Robust open source deep learning-based CT and CBCT image segmentation.pdf,1181.0,100.0,True,1181.0,DentalSegmentator: Robust open source deep learning-based CT and CBCT image segmentation,AXSX89GF,include,True,True
Drafta 等 - 2025 - DUCU a conceptual framework for AI-driven conversion of smile design to functional wax-up..pdf,73.0,100.0,True,73.0,DUCU: a conceptual framework for AI-driven conversion of smile design to functional wax-up.,K64RLB43,exclude,False,False
du Toit 等 - 2022 - Automatic femoral articular cartilage segmentation using deep learning in three-dimensional ultrasou.pdf,337.0,100.0,True,337.0,Automatic femoral articular cartilage segmentation using deep learning in three-dimensional ultrasound images of the knee.,BBG7VQM6,exclude,False,False
Du 等 - 2022 - Mandibular Canal Segmentation From CBCT Image Using 3D Convolutional Neural Network With scSE Attent.pdf,1740.0,100.0,True,1740.0,Mandibular Canal Segmentation From CBCT Image Using 3D Convolutional Neural Network With scSE Attention,C4RBNK8Y,exclude,False,False
Du 等 - 2026 - AI-driven automation of occlusal surface design in digital prosthodontics a clinically validated wo.pdf,844.0,100.0,True,844.0,AI-driven automation of occlusal surface design in digital prosthodontics: a clinically validated workflow,PWK5Z86Q,exclude,False,False
Duan 等 - 2021 - Refined tooth and pulp segmentation using U-Net in CBCT image..pdf,2117.0,100.0,True,2117.0,Refined tooth and pulp segmentation using U-Net in CBCT image,VJ3W9JV3,exclude,False,False
Duan 等 - 2021 - Refined tooth and pulp segmentation using U-Net in CBCT image.pdf,2117.0,100.0,True,2117.0,Refined tooth and pulp segmentation using U-Net in CBCT image,VJ3W9JV3,exclude,False,False
Duhamel 等 - 2024 - Redescription of three basal anomodonts a phylogenetic reassessment of the holotype of Eodicynodon.pdf,1974.0,100.0,True,1974.0,Redescription of three basal anomodonts: a phylogenetic reassessment of the holotype of Eodicynodon oelofseni (NMQR 2913),IHP5B529,exclude,False,False
Dule 等 - 2026 - Development and Optimization of 3D-Printed Orally Dissolving Films of Vitamin D3 Using a Quality by.pdf,1032.0,100.0,True,1032.0,Development and Optimization of 3D-Printed Orally Dissolving Films of Vitamin D3 Using a Quality by Design Approach,JG3WXI76,exclude,False,False
Dumbryte 等 - 2021 - Three-dimensional non-destructive visualization of teeth enamel microcracks using X-ray micro-comput.pdf,723.0,100.0,True,723.0,Three-dimensional non-destructive visualization of teeth enamel microcracks using X-ray micro-computed tomography,UVASR96M,include,True,True
Dumbryte 等 - 2023 - Teeth Microcracks Research Towards Multi-Modal Imaging..pdf,430.0,100.0,True,430.0,Teeth Microcracks Research: Towards Multi-Modal Imaging.,EIHBUK4U,exclude,False,False
Dumont 等 - 2020 - Patient Specific Classification of Dental Root Canal and Crown Shape..pdf,44.0,100.0,True,44.0,Patient Specific Classification of Dental Root Canal and Crown Shape.,GBKMLEI9,unsure,True,True
Dutta和Barupal - 2026 - Predicting toxicity and bioactivity of the chemical exposome a case study for the blood exposome da.pdf,1883.0,100.0,True,1883.0,Predicting toxicity and bioactivity of the chemical exposome: a case study for the blood exposome database,XGLGTVCV,exclude,False,False
Dzalaeva 等 - 2021 - Rehabilitation of a Patient with Temporomandibular Joint Disorder and Misocclusion Requiring Full Mo-1.pdf,492.0,99.43502824858757,True,492.0,"Rehabilitation of a Patient with Temporomandibular Joint Disorder and Misocclusion Requiring Full Mouth Reconstruction, Based on the Multidisciplinary Approach: A Clinical Case.",3NXYCN68,exclude,False,False
Dzalaeva 等 - 2021 - Rehabilitation of a Patient with Temporomandibular Joint Disorder and Misocclusion Requiring Full Mo.pdf,492.0,100.0,True,492.0,"Rehabilitation of a Patient with Temporomandibular Joint Disorder and Misocclusion Requiring Full Mouth Reconstruction, Based on the Multidisciplinary Approach: A Clinical Case.",3NXYCN68,exclude,False,False
Díez-Montiel 等 - 2024 - Tablet-based Augmented reality and 3D printed templates in fully guided Microtia Reconstruction a c.pdf,226.0,100.0,True,226.0,Tablet-based Augmented reality and 3D printed templates in fully guided Microtia Reconstruction: a clinical workflow.,EJE3LUQJ,include,False,False
EC-01-2020-0034.pdf.pdf,,0.0,False,,,,,False,False
Edelmann 等 - 2020 - Realization of a Dental Framework by 3D Printing in Material Cobalt-Chromium with Superior Precision.pdf,2083.0,100.0,True,2083.0,Realization of a Dental Framework by 3D Printing in Material Cobalt-Chromium with Superior Precision and Fitting Accuracy,4QDY3R9M,exclude,False,False
Eglenen和Karabiber - 2024 - Comparison of 1- and 3-piece directly 3-dimensional printed indirect bonding trays An in vitro stud.pdf,1813.0,100.0,True,1813.0,Comparison of 1-and 3-piece directly 3-dimensional printed indirect bonding trays: An in vitro study,SE6G5JDN,include,True,True
Eid 等 - 2025 - Comparison of three-dimensional tooth movements in virtual setups using different software packages.pdf,1616.0,100.0,True,1616.0,Comparison of three-dimensional tooth movements in virtual setups using different software packages for clear aligner therapy,E2M3G8UJ,exclude,False,False
ejo%252Fcjz106.pdf.pdf,,0.0,False,,,,,False,False
El Osta 等 - 2024 - Accuracy of conventional impressions and digital scans for implant-supported fixed prostheses in max.pdf,468.0,100.0,True,468.0,Accuracy of conventional impressions and digital scans for implant-supported fixed prostheses in maxillary free-ended partial edentulism: An in vitro study.,7TRUUDTS,exclude,True,True
El Saket 等 - 2026 - Effect of segmentation techniques (manual versus semiautomatic) on the accuracy of the linear measur.pdf,2249.0,100.0,True,2249.0,Effect of segmentation techniques (manual versus semiautomatic) on the accuracy of the linear measurements driven from the reconstructed mandibular condyle using CBCT,REL6ZPC4,include,True,True
El-Beblawy 等 - 2024 - Accuracy of formula-based volume and image segmentation-based volume in calculation of preoperative.pdf,2223.0,100.0,True,2223.0,Accuracy of formula-based volume and image segmentation-based volume in calculation of preoperative cystic jaw lesions' volume,N9ZAH6VU,include,True,True
El-Danasory 等 - 2025 - Dimensional accuracy of different dental CAD software programs in fixed partial denture construction.pdf,2254.0,100.0,True,2254.0,Dimensional accuracy of different dental CAD software programs in fixed partial denture construction: An in vitro study,5F57QTVR,exclude,True,True
El-Okl - 2021 - A 3-D Finite Element Analysis of a Single Implant Retained Overdenture Reinforced with Short Versus.pdf,371.0,100.0,True,371.0,A 3-D Finite Element Analysis of a Single Implant Retained Overdenture Reinforced with Short Versus Long Frameworks.,5V4M8IQL,include,True,True
"El-Sawy 等 - 2025 - Biomechanical effects of digitally constructed titanium, modified polyetheretherketone, and polyethe.pdf",1033.0,100.0,True,1033.0,"Biomechanical effects of digitally constructed titanium, modified polyetheretherketone, and polyetherketoneketone subperiosteal implants on atrophied maxilla: a finite element analysis",ST9LNB5B,include,True,True
El-Sharkawy和Elbasuney - 2020 - Laser induced fluorescence with 2-D Hilbert transform edge detection algorithm and 3D fluorescence i.pdf,477.0,100.0,True,477.0,Laser induced fluorescence with 2-D Hilbert transform edge detection algorithm and 3D fluorescence images for white spot early recognition.,VYNX95B3,exclude,False,False
Elbashti 等 - 2023 - Effect of triangular mesh resolution on the geometrical trueness of segmented CBCT maxillofacial dat.pdf,1469.0,100.0,True,1469.0,Effect of triangular mesh resolution on the geometrical trueness of segmented CBCT maxillofacial data into STL format,LEAIKBNU,include,True,True
"Elbashti 等 - 2025 - An alternative approach to code, store, and regenerate 3D data in dental medicine using open-source-1.pdf",1165.0,99.39393939393939,True,1165.0,"An alternative approach to code, store, and regenerate 3D data in dental medicine using open-source software: A scripting-based technique",YCC6S4PK,include,True,True
"Elbashti 等 - 2025 - An alternative approach to code, store, and regenerate 3D data in dental medicine using open-source.pdf",1165.0,100.0,True,1165.0,"An alternative approach to code, store, and regenerate 3D data in dental medicine using open-source software: A scripting-based technique",YCC6S4PK,include,True,True
"Elbashti 等 - 2025 - Feasibility, trueness and precision of intraoral scanners in digitizing maxillectomy defects with ex.pdf",1737.0,100.0,True,1737.0,"Feasibility, trueness and precision of intraoral scanners in digitizing maxillectomy defects with exposed zygomatic implants in situ: An in vitro 3D comparative study",2JKFABNV,include,True,True
Eldahmy 等 - 2025 - Evaluation of Non-dental open source software in comparison to dental software in construction of di-1.pdf,392.0,99.41520467836258,True,392.0,Evaluation of Non-dental open source software in comparison to dental software in construction of digitally designed partial dentures frameworks.,T4WWA89F,include,True,True
Eldahmy 等 - 2025 - Evaluation of Non-dental open source software in comparison to dental software in construction of di-2.pdf,392.0,99.41520467836258,True,392.0,Evaluation of Non-dental open source software in comparison to dental software in construction of digitally designed partial dentures frameworks.,T4WWA89F,include,True,True
Eldahmy 等 - 2025 - Evaluation of Non-dental open source software in comparison to dental software in construction of di.pdf,392.0,100.0,True,392.0,Evaluation of Non-dental open source software in comparison to dental software in construction of digitally designed partial dentures frameworks.,T4WWA89F,include,True,True
Elgamal 等 - 2025 - Accuracy assessment of removable partial denture frameworks fabricated by selective laser melting us.pdf,2234.0,100.0,True,2234.0,Accuracy assessment of removable partial denture frameworks fabricated by selective laser melting using two different workflows: A cross-over clinical study,VEYNSW2C,exclude,False,False
Elgarba 等 - 2024 - Validation of a novel AI ‐based automated multimodal i.pdf,1779.0,100.0,True,1779.0,Validation of a novel AI-based automated multimodal image registration of CBCT and intraoral scan aiding presurgical implant planning,53KUMU6R,unsure,True,True
Elhadery 等 - 2024 - Adaptation of cobalt chromium frameworks fabricated by conventional versus selective laser melting t.pdf,1597.0,100.0,True,1597.0,Adaptation of cobalt chromium frameworks fabricated by conventional versus selective laser melting techniques: An in vitro and clinical assessment,5ETNVR26,exclude,True,True
Elkhill 等 - 2023 - Geometric learning and statistical modeling for surgical outcomes evaluation in craniosynostosis usi.pdf,1116.0,100.0,True,1116.0,Geometric learning and statistical modeling for surgical outcomes evaluation in craniosynostosis using 3D photogrammetry,STPAGHYV,include,False,False
"Ellendula 等 - 2022 - Biomechanical Evaluation of Stress Distribution in Equicrestal and Sub-crestally Placed, Platform-Sw.pdf",193.0,100.0,True,193.0,"Biomechanical Evaluation of Stress Distribution in Equicrestal and Sub-crestally Placed, Platform-Switched Morse Taper Dental Implants in D3 Bone: Finite Element Analysis.",WXXEPTFD,include,True,True
Elmahdi 等 - 2026 - 3D printing vs. conventional wax patterns a comparative in vitro study on retention of RPD framewor.pdf,2005.0,100.0,True,2005.0,3D printing vs. conventional wax patterns: a comparative in vitro study on retention of RPD framework,EXD2A2LP,exclude,False,False
Elmaraghy 等 - 2022 - Face analyzer 3D Automatic facial profile detection and occlusion classification for dental purpose.pdf,2391.0,100.0,True,2391.0,Face analyzer 3D: Automatic facial profile detection and occlusion classification for dental purposes,UZID4KPU,exclude,False,False
"Elnatan 等 - 2026 - Biomechanics of the tooth cervical region investigated using 3D digital image correlation, micro CT,.pdf",1367.0,100.0,True,1367.0,"Biomechanics of the tooth cervical region investigated using 3D digital image correlation, micro CT, and finite element analysis",HN62NC7A,include,False,False
Elshabrawy 等 - 2024 - Triple-layered platform utilizing electrospun nanofibers and 3D-printed sodium alginate-based hydrog.pdf,1200.0,100.0,True,1200.0,Triple-layered platform utilizing electrospun nanofibers and 3D-printed sodium alginate-based hydrogel for effective topical treatment of rheumatoid arthritis,HRNKHTE6,exclude,False,False
"ElShebiny 等 - 2024 - Effect of printing technology, layer height, and orientation on assessment of 3D-printed models..pdf",342.0,100.0,True,342.0,"Effect of printing technology, layer height, and orientation on assessment of 3D-printed models.",K9R7DQR7,include,False,False
Elsherif 等 - 2025 - Wirelessly Powered Ingestible Capsule for Optical Stimulation of the Gastrointestinal Tract in Roden.pdf,1789.0,100.0,True,1789.0,Wirelessly Powered Ingestible Capsule for Optical Stimulation of the Gastrointestinal Tract in Rodents,EVEZQULA,exclude,False,False
Elshewy 等 - 2026 - Assessment of 3D facial scan integration in 3D digital workflows using radiographic markers and the.pdf,268.0,100.0,True,268.0,Assessment of 3D facial scan integration in 3D digital workflows using radiographic markers and the iterative closest point algorithm.,P4CN4M7Y,exclude,False,False
Emam 等 - 2023 - Digitization accuracy and scannability of different prosthodontic materials An in vitro trial..pdf,373.0,100.0,True,373.0,Digitization accuracy and scannability of different prosthodontic materials: An in vitro trial.,CLB66PI4,exclude,False,False
Emam和Metwally - 2023 - Effect of coping materials zirconia or polyetheretherketone with different techniques of fabrication.pdf,407.0,100.0,True,407.0,Effect of coping materials zirconia or polyetheretherketone with different techniques of fabrication on vertical marginal gap and fracture resistance of posterior crowns with composite veneering.,JAQHE7HD,include,False,False
Emir和Ayyildiz - 2021 - Accuracy evaluation of complete-arch models manufactured by three different 3D printing technologies.pdf,725.0,100.0,True,725.0,Accuracy evaluation of complete-arch models manufactured by three different 3D printing technologies: a three-dimensional analysis,FT2R69U5,include,True,True
Erdoğdu 等 - 2024 - Influence of Framework Material and Abutment Configuration on Fatigue Performance in Dental Implant.pdf,1123.0,100.0,True,1123.0,Influence of Framework Material and Abutment Configuration on Fatigue Performance in Dental Implant Systems: A Finite Element Analysis,8GU9PNPM,include,True,True
Erkan 等 - 2023 - Objective characterization of dental occlusal and fissure morphologies Method development and explo.pdf,2149.0,100.0,True,2149.0,Objective characterization of dental occlusal and fissure morphologies: Method development and exploratory analysis,LSHIDCRW,unsure,False,False
Erkert 等 - 2025 - Cone-beam computed tomography-guided volumetric assessment of secondary alveolar bone grafting.pdf,1696.0,100.0,True,1696.0,Cone-beam computed tomography-guided volumetric assessment of secondary alveolar bone grafting,5SMCC8Y7,unsure,True,True
Ersalıcı 等 - 2025 - AI-Generated vs. Traditional STL Models in CBCT Imaging A Pilot Study on Measurements Accuracy and.pdf,1069.0,100.0,True,1069.0,AI-Generated vs. Traditional STL Models in CBCT Imaging: A Pilot Study on Measurements Accuracy and Reliability,Y3QGEHSC,include,True,True
Ershad 等 - 2021 - Multi-Analytical Framework to Assess the In Vitro Swallowability of Solid Oral Dosage Forms Targetin.pdf,1568.0,100.0,True,1568.0,Multi-Analytical Framework to Assess the In Vitro Swallowability of Solid Oral Dosage Forms Targeting Patient Acceptability and Adherence,Z5PW9R3S,exclude,False,False
Esfahanian 等 - 2022 - Effect of Different Implant-Abutment Mismatches on Stress Distribution A 3-Dimensional Finite Eleme.pdf,986.0,100.0,True,986.0,Effect of Different Implant-Abutment Mismatches on Stress Distribution: A 3-Dimensional Finite Element Study,J277RC4P,include,True,True
Eshghpour 等 - 2023 - Assessment of Maxillary Sinus Variations Post-LeFort A Systematic Review..pdf,619.0,100.0,True,619.0,Assessment of Maxillary Sinus Variations Post-LeFort: A Systematic Review.,BTIQEUJ7,exclude,False,False
"Eskandarinezhad 等 - 2026 - Investigation of Voids in the Apical Plug of MTA Using Cone-Beam Computed Tomography, Digital Radiog.pdf",208.0,100.0,True,208.0,"Investigation of Voids in the Apical Plug of MTA Using Cone-Beam Computed Tomography, Digital Radiography, and Analog Radiography.",ECEYBXQN,exclude,False,False
Espino-Segura-Illa 等 - 2024 - Waferless Orthognathic Surgery with Customized Osteosynthesis and Surgical Guides A Prospective Stu.pdf,1401.0,100.0,True,1401.0,Waferless Orthognathic Surgery with Customized Osteosynthesis and Surgical Guides: A Prospective Study,FK2AQUZY,include,True,True
Estrela 等 - 2025 - A novel methodology for detecting separated endodontic instruments using a combination of algorithms.pdf,1072.0,100.0,True,1072.0,A novel methodology for detecting separated endodontic instruments using a combination of algorithms in post-processing CBCT software,4U5H6G63,include,False,False
Etik和Keskin Yalcin - 2026 - Biomechanical comparison of titanium and Y-TZP subperiosteal implants in atrophic maxilla a finite.pdf,203.0,100.0,True,203.0,Biomechanical comparison of titanium and Y-TZP subperiosteal implants in atrophic maxilla: a finite element study.,5N9WLQW9,include,False,False
Etik和Keskin Yalcin - 2026 - Biomechanical effect of implant thickness and screw diameter on CFR-PEEK subperiosteal implants a t.pdf,700.0,100.0,True,700.0,Biomechanical effect of implant thickness and screw diameter on CFR-PEEK subperiosteal implants: a three-dimensional finite element analysis,FIMEVJK3,include,False,False
Eto 等 - 2022 - Development of an artificial intelligence-based algorithm to classify images acquired with an intrao.pdf,104.0,100.0,True,104.0,Development of an artificial intelligence-based algorithm to classify images acquired with an intraoral scanner of individual molar teeth into three categories.,7RUZVAC6,exclude,False,False
Faccioni 等 - 2025 - Changes of Airway Space and Flow in Patients Treated with Rapid Palatal Expander (RPE) An Observati.pdf,1398.0,100.0,True,1398.0,Changes of Airway Space and Flow in Patients Treated with Rapid Palatal Expander (RPE): An Observational Pilot Study with Comparison with Non-Treated Patients,66ZG9X74,include,True,True
Faderani 等 - 2022 - 3D photography and computer modelling in nasal reconstruction.pdf,194.0,100.0,True,194.0,3D photography and computer modelling in nasal reconstruction.,KB2PJW4K,exclude,False,False
Faihs 等 - 2022 - A Novel Artificial Intelligence-Based Approach for Quantitative Assessment of Angiogenesis in the Ex.pdf,995.0,100.0,True,995.0,A Novel Artificial Intelligence-Based Approach for Quantitative Assessment of Angiogenesis in the Ex Ovo CAM Model,9RG8ZHBS,exclude,False,False
Fan 等 - 2022 - Automated assessment of mandibular shape asymmetry in 3-dimensions..pdf,319.0,100.0,True,319.0,Automated assessment of mandibular shape asymmetry in 3-dimensions.,AES2CIZM,include,True,True
Fan 等 - 2025 - Advancements in Microfluidic Organ-on-a-chip for Oral Medicine.pdf,895.0,100.0,True,895.0,Advancements in Microfluidic Organ-on-a-chip for Oral Medicine,QIEFEE8C,exclude,False,False
Fan 等 - 2025 - Automatic surgical planning based on point cloud filtering and geometric constraints for temporomand.pdf,166.0,100.0,True,166.0,Automatic surgical planning based on point cloud filtering and geometric constraints for temporomandibular joint prosthesis implantation.,2E6KGKNK,include,False,False
Fang Guo 等 - 2021 - Biomechanical evaluation of a customized 3D-printed polyetheretherketone condylar prosthesis.pdf,2038.0,100.0,True,2038.0,Biomechanical evaluation of a customized 3D-printed polyetheretherketone condylar prosthesis,7VD2J5PF,include,True,True
Fang 等 - 2024 - Patient-specific reference model estimation for orthognathic surgical planning..pdf,1186.0,100.0,True,1186.0,Patient-specific reference model estimation for orthognathic surgical planning,YA9MSA57,exclude,False,False
Faqeer 等 - 2024 - Establishment and validation of an efficient method for the 3D culture of osteoclasts in vitro..pdf,1287.0,100.0,True,1287.0,Establishment and validation of an efficient method for the 3D culture of osteoclasts in vitro,22UQETPW,exclude,False,False
Faqeer 等 - 2024 - Establishment and validation of an efficient method for the 3D culture of osteoclasts in vitro.pdf,1287.0,100.0,True,1287.0,Establishment and validation of an efficient method for the 3D culture of osteoclasts in vitro,22UQETPW,exclude,False,False
Farid 等 - 2026 - Accuracy of scanning using photogrammetry and reverse scan for complete arch implant-supported prost.pdf,609.0,100.0,True,609.0,Accuracy of scanning using photogrammetry and reverse scan for complete arch implant-supported prostheses: An in vitro comparative study.,9SDX4TPK,include,True,True
Farook 等 - 2021 - Optimization of Prosthodontic Computer‐Aided Designed Models A Virtual Evaluation of Mesh Quality R.pdf,2132.0,100.0,True,2132.0,Optimization of Prosthodontic Computer-Aided Designed Models: A Virtual Evaluation of Mesh Quality Reduction Using Open Source Software,NGPJEDGB,include,True,True
"Farook 等 - 2023 - Influence of Intraoral Scanners, Operators, and Data Processing on Dimensional Accuracy of Dental Ca.pdf",454.0,100.0,True,454.0,"Influence of Intraoral Scanners, Operators, and Data Processing on Dimensional Accuracy of Dental Casts for Unsupervised Clinical Machine Learning: An In Vitro Comparative Study.",QNT8ENQE,exclude,False,False
Farouk Zaki Mohamed 等 - 2025 - Finite element analysis of welded titanium bar and poly ether ether ketone bar in maxillary full arc.pdf,1065.0,100.0,True,1065.0,Finite element analysis of welded titanium bar and poly ether ether ketone bar in maxillary full arch splinted interim prosthesis,C6DR5SCA,include,True,True
Farronato 等 - 2025 - Augmented Reality-Assisted Micro-Invasive Apicectomy with Markerless Visual–Inertial Odometry An In.pdf,2014.0,100.0,True,2014.0,Augmented Reality-Assisted Micro-Invasive Apicectomy with Markerless Visual-Inertial Odometry: An In Vivo Pilot Study,72VTFG8B,include,False,False
Fasih 等 - 2025 - Artificial Intelligence in Detecting and Segmenting Vertical Misfit of Prosthesis in Radiographic Im.pdf,720.0,100.0,True,720.0,Artificial Intelligence in Detecting and Segmenting Vertical Misfit of Prosthesis in Radiographic Images of Dental Implants: A Cross-Sectional Analysis,9MTJQ34Q,exclude,False,False
Faty 等 - 2023 - A Comparison of Denture Base Retention and Adaptation Between CADCAM and Conventional Fabrication T.pdf,2267.0,100.0,True,2267.0,A Comparison of Denture Base Retention and Adaptation Between CAD/CAM and Conventional Fabrication Techniques,34EC3W3G,include,False,False
Faus-Matoses 等 - 2021 - A Novel Digital Technique for Measuring the Accuracy of an Indirect Bonding Technique Using Fixed Bu.pdf,1187.0,100.0,True,1187.0,A Novel Digital Technique for Measuring the Accuracy of an Indirect Bonding Technique Using Fixed Buccal Multibracket Appliances,ZV568RJY,include,True,True
Fawad和Moon - 2023 - DeAPIR Efficient and Enhanced Dental Arch-Guided Panoramic Image Reconstruction from CBCT Data.pdf,1055.0,100.0,True,1055.0,DeAPIR: Efficient and Enhanced Dental Arch-Guided Panoramic Image Reconstruction from CBCT Data,KFG4F76J,include,False,False
Fawzy 等 - 2022 - Technical considerations of computer-aided planning in severe orbital trauma A retrospective study.pdf,1127.0,100.0,True,1127.0,Technical considerations of computer-aided planning in severe orbital trauma: A retrospective study,UUBTWEUW,unsure,True,True
Febvey 等 - 2023 - Root canal disinfection and maintenance of the remnant tooth tissues by using grape seed and cranber.pdf,21.0,100.0,True,21.0,Root canal disinfection and maintenance of the remnant tooth tissues by using grape seed and cranberry extracts.,78Q8XIIY,exclude,False,False
Fekri和Abdelaziz - 2023 - Digital duplication of maxillary complete denture A dental technique-1.pdf,10.0,100.0,True,10.0,Digital duplication of maxillary complete denture: A dental technique.,JP3XLWTI,include,False,False
Fekri和Abdelaziz - 2023 - Digital duplication of maxillary complete denture A dental technique.pdf,10.0,100.0,True,10.0,Digital duplication of maxillary complete denture: A dental technique.,JP3XLWTI,include,False,False
Felek 等 - 2025 - 3D modelling and x-ray depth analysis map of the pulp with computer software via digital periapical.pdf,2089.0,100.0,True,2089.0,3D modelling and x-ray depth analysis map of the pulp with computer software via digital periapical radiography and cone beam computed tomography,AGVFZ3RW,include,False,False
Fenberg 等 - 2023 - Tissue Engineering Current Technology for Facial Reconstruction.pdf,273.0,100.0,True,273.0,Tissue Engineering: Current Technology for Facial Reconstruction.,XUFU4743,exclude,False,False
fendo.2020.00612.pdf.pdf,,0.0,False,,,,,False,False
Feng 等 - 2022 - Study on fracture behavior of molars based on three‐dimensional high‐precision computerized tomograp.pdf,937.0,100.0,True,937.0,Study on fracture behavior of molars based on three-dimensional high-precision computerized tomography scanning and numerical simulation,CL73C5HV,include,False,False
Ferrari 等 - 2025 - Accuracy of intraoral scanners in the cleft anatomy of neonates..pdf,1810.0,100.0,True,1810.0,Accuracy of intraoral scanners in the cleft anatomy of neonates,4NP6UKJF,include,True,True
Ferreira De Barros 等 - 2024 - In-House Three-Dimensional Printing in Orbital Reconstructive Surgery A Case Report and Future Pers.pdf,171.0,100.0,True,171.0,In-House Three-Dimensional Printing in Orbital Reconstructive Surgery: A Case Report and Future Perspectives.,V9V4K2H2,include,True,True
Ferretti 等 - 2026 - Virtual reality and 3D printing in head and neck cancer an educational experience.pdf,649.0,100.0,True,649.0,Virtual reality and 3D printing in head and neck cancer: an educational experience,SJNPSVRX,unsure,False,False
Fidalgo 等 - 2020 - Synchrotron microtomography applied to the volumetric analysis of internal structures of Thoropa mil.pdf,804.0,100.0,True,804.0,Synchrotron microtomography applied to the volumetric analysis of internal structures of Thoropa miliaris tadpoles,54YNGPW3,exclude,True,True
Figueras-Alvarez 等 - 2021 - A straightforward protocol for designing an interim hollow shell with open-source software.pdf,2058.0,100.0,True,2058.0,A straightforward protocol for designing an interim hollow shell with open-source software,28GE8FQS,include,True,True
Figueras-Alvarez 等 - 2025 - A comparative analysis of soft tissue volumetric alterations utilizing root mean square and positive.pdf,247.0,100.0,True,247.0,A comparative analysis of soft tissue volumetric alterations utilizing root mean square and positive and negative average calculations through two software.,UI48XFYD,include,True,True
"Fischer 等 - 2025 - Guidance on biomaterials for periodontal tissue regeneration Fabrication methods, materials and bio.pdf",930.0,100.0,True,930.0,"Guidance on biomaterials for periodontal tissue regeneration: Fabrication methods, materials and biological considerations",PKH8V7FJ,exclude,False,False
Flotho 等 - 2024 - Rat Tongue Kinematics with Markerless XROMM Using DeepLabCut and Marker Masking..pdf,218.0,100.0,True,218.0,Rat Tongue Kinematics with Markerless XROMM Using DeepLabCut and Marker Masking.,R32WAMDT,exclude,False,False
Flügge 等 - 2025 - Automated tooth segmentation in magnetic resonance scans using deep learning - A pilot study..pdf,2241.0,100.0,True,2241.0,Automated tooth segmentation in magnetic resonance scans using deep learning - A pilot study,YP5VIRNP,exclude,True,True
Fontenele和Jacobs - 2025 - Unveiling the power of artificial intelligence for image‐based diagnosis and treatment in endodontic.pdf,1458.0,100.0,True,1458.0,Unveiling the power of artificial intelligence for image-based diagnosis and treatment in endodontics: An ally or adversary?,CD63K8E4,exclude,False,False
Forna 等 - 2020 - Influence of Implant Dimensions in the Resorbed and Bone Augmented Mandible A Finite Element Study.pdf,225.0,100.0,True,225.0,Influence of Implant Dimensions in the Resorbed and Bone Augmented Mandible: A Finite Element Study.,6KRL8HF5,include,True,True
Friot--Giroux 等 - 2022 - Iterative tomographic reconstruction with TV prior for low-dose CBCT dental imaging.pdf,2135.0,100.0,True,2135.0,Iterative tomographic reconstruction with TV prior for low-dose CBCT dental imaging,AXWQZGS4,exclude,False,False
Fu 等 - 2020 - Technical Note Automatic segmentation of CT images for ventral body composition analysis..pdf,1525.0,100.0,True,1525.0,Technical Note: Automatic segmentation of CT images for ventral body composition analysis,WAYS2G79,exclude,False,False
Fu 等 - 2025 - A reliable micro-CT-based method reveals dynamic changes to alveolar bone and tooth root following l.pdf,1169.0,100.0,True,1169.0,A reliable micro-CT-based method reveals dynamic changes to alveolar bone and tooth root following ligature-induced periodontal injury in the mouse,3IEUJSUM,include,True,True
Fujita 等 - 2024 - Three-dimensional simultaneous T1 and T2 relaxation times and quantitative susceptibility mapping a.pdf,628.0,100.0,True,628.0,Three-dimensional simultaneous T1 and T2* relaxation times and quantitative susceptibility mapping at 3?T: A multicenter validation study.,2SQISMYK,exclude,False,False
"Fulwood 等 - 2021 - Reconstructing dietary ecology of extinct strepsirrhines (Primates, Mammalia) with new approaches fo.pdf",1368.0,100.0,True,1368.0,"Reconstructing dietary ecology of extinct strepsirrhines (Primates, Mammalia) with new approaches for characterizing and analyzing tooth shape",JTQCYKPI,exclude,False,False
Gabolli 等 - 2026 - 3D modeling of the frontal sinus as a contribution tool for human identification - a case report.pdf,713.0,100.0,True,713.0,3D modeling of the frontal sinus as a contribution tool for human identification - a case report,BCQSD5UJ,include,False,False
Gaboutchian 等 - 2021 - New Approach to Dental Morphometric Research Based on 3D Imaging Techniques..pdf,217.0,100.0,True,217.0,New Approach to Dental Morphometric Research Based on 3D Imaging Techniques.,JXPNURLI,unsure,False,False
Gaikwad 等 - 2022 - Role of 3D Printing in Post-op Rehabilitation of Palatal Bone Loss by Mucormycosis A Survey.pdf,245.0,100.0,True,245.0,Role of 3D Printing in Post-op Rehabilitation of Palatal Bone Loss by Mucormycosis: A Survey.,6VNYBPW6,exclude,False,False
Gallardo 等 - 2026 - A pointwise contextual multiscale texture operator and its application to 3D medical image segmentat.pdf,1843.0,100.0,True,1843.0,A pointwise contextual multiscale texture operator and its application to 3D medical image segmentation,38ACQQKI,include,False,False
Gan 等 - 2025 - Adaptation of maxillary removable partial denture frameworks fabricated with a direct digital workfl.pdf,1545.0,100.0,True,1545.0,Adaptation of maxillary removable partial denture frameworks fabricated with a direct digital workflow: A randomized crossover clinical trial,2FFUFDEY,include,True,True
Gandhi - Center of resistance of maxillary canines a 3D computational model for orthodontic applications.pdf,2240.0,100.0,True,2240.0,Center of resistance of maxillary canines: a 3D computational model for orthodontic applications,IDN8M8Q7,include,True,True
Gandhi 等 - 2021 - Where is the center of resistance of a maxillary first molar A 3-dimensional finite element analysi.pdf,2256.0,100.0,True,2256.0,Where is the center of resistance of a maxillary first molar? A 3-dimensional finite element analysis,GHP84UX8,include,True,True
Gao 等 - 2022 - The effect of mandibular flexure on the design of implant-supported fixed restorations of different.pdf,916.0,100.0,True,916.0,The effect of mandibular flexure on the design of implant-supported fixed restorations of different facial types under two loading conditions by three-dimensional finite element analysis,PRQRZMAW,include,True,True
Gao 等 - 2023 - Design and Implement Strategy of Wireless Bite Force Device..pdf,1558.0,100.0,True,1558.0,Design and Implement Strategy of Wireless Bite Force Device,62V28LZT,exclude,False,False
Gao 等 - 2025 - Self-Organized Vascularized Microtissue Based on the Human Microvascular Unit for Tissue Repair and.pdf,1260.0,100.0,True,1260.0,Self-Organized Vascularized Microtissue Based on the Human Microvascular Unit for Tissue Repair and Regeneration,GPMMUGAQ,exclude,False,False
Gao 等 - 2026 - Multi-view deep learning for mandibular landmark localization.pdf,1855.0,100.0,True,1855.0,Multi-view deep learning for mandibular landmark localization,XGS4APUB,include,False,False
Garcia-Hammaker 等 - 2021 - Influence of Screw Channel Angulation on the Fracture Resistance of Zirconia Abutments An In Vitro.pdf,1782.0,100.0,True,1782.0,Influence of Screw Channel Angulation on the Fracture Resistance of Zirconia Abutments: An In Vitro Study,DK37WK6Y,exclude,False,False
"García-Sevilla 等 - 2022 - Surgical Navigation, Augmented Reality, and 3D Printing for Hard Palate Adenoid Cystic Carcinoma En-.pdf",1805.0,100.0,True,1805.0,"Surgical Navigation, Augmented Reality, and 3D Printing for Hard Palate Adenoid Cystic Carcinoma En-Bloc Resection: Case Report and Literature Review",I623BJYL,include,False,False
Gašparovič 等 - 2024 - Evolving Strategies and Materials for Scaffold Development in Regenerative Dentistry.pdf,1146.0,100.0,True,1146.0,Evolving Strategies and Materials for Scaffold Development in Regenerative Dentistry,QQXSPG3Y,exclude,False,False
Gellrich 等 - 2024 - Guidelines for Orbital Defect Assessment and Patient-Specific Implant Design Introducing OA(2) (Orb.pdf,54.0,100.0,True,54.0,Guidelines for Orbital Defect Assessment and Patient-Specific Implant Design: Introducing OA(2) (Orbital Assessment Algorithm).,BXY6ILDH,exclude,False,False
Georgescu 等 - 2024 - Self-organization of the hematopoietic vascular niche and emergent innate immunity on a chip.pdf,1389.0,100.0,True,1389.0,Self-organization of the hematopoietic vascular niche and emergent innate immunity on a chip,HJWH77MB,exclude,False,False
Gerçek 等 - 2025 - Patient-Specific Subperiosteal Titanium Implant for Maxillary Reconstruction Following Oncologic Res.pdf,2105.0,100.0,True,2105.0,Patient-Specific SubperiostealTitanium Implant for Maxillary Reconstruction Following Oncologic Resection: A One-Year Follow-Up Case Report,M78JJLDC,exclude,True,True
Ghamri 等 - 2023 - Accuracy of facial skeletal surfaces segmented from CT and CBCT radiographs..pdf,1238.0,100.0,True,1238.0,Accuracy of facial skeletal surfaces segmented from CT and CBCT radiographs,TXLBAMRE,include,False,False
Ghaziani 等 - 2021 - The effect of functionally graded materials on bone remodeling around osseointegrated trans-femoral.pdf,1000.0,100.0,True,1000.0,The effect of functionally graded materials on bone remodeling around osseointegrated trans-femoral prostheses,V4SM7JXW,exclude,False,False
Gianoni-Capenakas 等 - 2026 - Segmentation of the upper airway using deep learning - nnUNet.pdf,1016.0,100.0,True,1016.0,Segmentation of the upper airway using deep learning - nnUNet,KI9W5W7K,include,True,True
Gillot 等 - 2022 - Automatic multi-anatomical skull structure segmentation of cone-beam computed tomography scans using.pdf,2242.0,100.0,True,2242.0,Automatic multi-anatomical skull structure segmentation of cone-beam computed tomography scans using 3D UNETR,NBS4IYNK,include,True,True
Giner 等 - 2021 - Mechanical Performance of Chairside Ceramic CADCAM Restorations and Zirconia Abutments with Differe.pdf,1649.0,100.0,True,1649.0,Mechanical Performance of Chairside Ceramic CAD/CAM Restorations and Zirconia Abutments with Different Internal Implant Connections: In Vitro Study and Finite Element Analysis,KLM4ETUM,include,False,False
Gkantidis 等 - 2026 - Accuracy and generalizability of an open-source deep learning model for facial bone segmentation on.pdf,141.0,100.0,True,141.0,Accuracy and generalizability of an open-source deep learning model for facial bone segmentation on CT and CBCT scans: An ex vivo study.,W32UUZHY,include,False,False
Gnusins 等 - 2025 - Chairside vs Prefabricated Sealing Socket Abutments for Posterior Immediate Implants A Randomized C.pdf,1198.0,100.0,True,1198.0,Chairside vs Prefabricated Sealing Socket Abutments for Posterior Immediate Implants: A Randomized Clinical Trial,QM47ETB9,exclude,False,False
Gnusins 等 - 2026 - Trueness of fully guided static computer-assisted implant surgery for immediate implant placement in.pdf,177.0,100.0,True,177.0,"Trueness of fully guided static computer-assisted implant surgery for immediate implant placement in premolar and molar sites, an observational analysis.",DSAYFDCC,exclude,False,False
Golez 等 - 2024 - Jaw Morphology and Factors Associated with Upper Impacted Canines Case-Controlled Trial.pdf,1466.0,100.0,True,1466.0,Jaw Morphology and Factors Associated with Upper Impacted Canines: Case-Controlled Trial,GID4YXLX,exclude,False,False
Golshan 等 - 2025 - Cartilage repair unleashing PRP's potential in organoid models..pdf,1015.0,100.0,True,1015.0,Cartilage repair: unleashing PRP's potential in organoid models,IE7RDNAX,exclude,False,False
Gong和Chen - 2024 - 3D Surface-Closed Mesh Clipping Based on Polygonal Partitioning for Surgical Planning.pdf,675.0,100.0,True,675.0,3D Surface-Closed Mesh Clipping Based on Polygonal Partitioning for Surgical Planning,KVJZEMMH,exclude,False,False
Gonzalez-Valenzuela 等 - 2025 - Microtomography to traditional dental radiograph projecting 3-dimensional initial proximal caries l-1.pdf,406.0,99.43502824858757,True,406.0,Microtomography to traditional dental radiograph: projecting 3-dimensional initial proximal caries lesion annotations for enhanced radiographic delineation.,DVXNMRWM,exclude,False,False
Gonzalez-Valenzuela 等 - 2025 - Microtomography to traditional dental radiograph projecting 3-dimensional initial proximal caries l.pdf,406.0,100.0,True,406.0,Microtomography to traditional dental radiograph: projecting 3-dimensional initial proximal caries lesion annotations for enhanced radiographic delineation.,DVXNMRWM,exclude,False,False
González-Martín 等 - 2025 - Biomechanical Optimization of the Human Bite Using Numerical Analysis Based on the Finite Element Me.pdf,1134.0,100.0,True,1134.0,Biomechanical Optimization of the Human Bite Using Numerical Analysis Based on the Finite Element Method,DV2DXAL4,include,True,True
Gonçalves 等 - 2026 - Hybrid Digital Workflow for Accurate Distal Extension Reproduction in Free-End Removable Dental Pros.pdf,179.0,100.0,True,179.0,Hybrid Digital Workflow for Accurate Distal Extension Reproduction in Free-End Removable Dental Prosthesis: A Technical Report.,ZQA8YILC,exclude,False,False
Goracci 等 - 2022 - Three-dimensional evaluation of maxillary second molar position in untreated patients with normal oc.pdf,1706.0,100.0,True,1706.0,Three-dimensional evaluation of maxillary second molar position in untreated patients with normal occlusion,ESG5XPH2,include,True,True
Gosai 等 - 2024 - Finite element analysis (FEA) of stress distribution in platform-switched short dental implants..pdf,155.0,100.0,True,155.0,Finite element analysis (FEA) of stress distribution in platform-switched short dental implants.,DDJDZ2IZ,include,True,True
Govula 等 - 2026 - Comparative Evaluation of the Wear Rate of Reinforced Glass Ionomer Cement and Bulk-Fill Composite U.pdf,316.0,100.0,True,316.0,Comparative Evaluation of the Wear Rate of Reinforced Glass Ionomer Cement and Bulk-Fill Composite Using 3D Scan in Extracted Teeth and Its Association With Clinical Wear Rate in Class I and II Restorations: A Randomized Clinical Trial.,3TZA3JYJ,include,True,True
Gracis 等 - 2023 - Digital workflow in implant prosthodontics The critical aspects for reliable accuracy..pdf,1512.0,100.0,True,1512.0,Digital workflow in implant prosthodontics: The critical aspects for reliable accuracy,EN2MHM36,exclude,False,False
Gracis 等 - 2023 - Digital workflow in implant prosthodontics The critical aspects for reliable accuracy.pdf,1512.0,100.0,True,1512.0,Digital workflow in implant prosthodontics: The critical aspects for reliable accuracy,EN2MHM36,exclude,False,False
Graiff 等 - 2022 - Evaluation of the Fatigue Strength of a CAD-CAM Nanoceramic Resin Crown on Titanium and Zirconia-Tit.pdf,2063.0,100.0,True,2063.0,Evaluation of the Fatigue Strength of a CAD-CAM Nanoceramic Resin Crown on Titanium and Zirconia-Titanium Abutments,G2ET6V96,exclude,False,False
Grecchi 等 - 2021 - A Novel Guided Zygomatic and Pterygoid Implant Surgery System A Human Cadaver Study on Accuracy..pdf,202.0,100.0,True,202.0,A Novel Guided Zygomatic and Pterygoid Implant Surgery System: A Human Cadaver Study on Accuracy.,SXVNEQGA,exclude,False,False
Grillo 等 - 2024 - Shaping the 4D frontier in maxillofacial surgery with faceMesh evolution.pdf,449.0,100.0,True,449.0,Shaping the 4D frontier in maxillofacial surgery with faceMesh evolution.,ZP63E7VD,include,False,False
Grillo 等 - 2024 - The butterfly effect in oral and maxillofacial surgery Understanding and applying chaos theory and.pdf,1641.0,100.0,True,1641.0,The butterfly effect in oral and maxillofacial surgery: Understanding and applying chaos theory and complex systems principles,Q9W8VEJT,exclude,False,False
Grymak 等 - 2023 - Effect of various printing parameters on the accuracy (trueness and precision) of 3D-printed partial.pdf,706.0,100.0,True,706.0,Effect of various printing parameters on the accuracy (trueness and precision) of 3D-printed partial denture framework,EBNEIKEM,exclude,False,False
Grzebieluch 等 - 2023 - Comparative Analysis of Fused Deposition Modeling and Digital Light Processing Techniques for Dimens.pdf,1733.0,100.0,True,1733.0,Comparative Analysis of Fused Deposition Modeling and Digital Light Processing Techniques for Dimensional Accuracy in Clear Aligner Manufacturing,8X3LL8Z8,include,True,True
Grün 等 - 2025 - Volumetric measurement of manually drawn segmentations in cone beam computed tomography images of ne.pdf,2122.0,100.0,True,2122.0,Volumetric measurement of manually drawn segmentations in cone beam computed tomography images of newly formed bone after sinus floor augmentation with bovine-derived bone substitutes,RS26NFUB,unsure,True,True
Gu 等 - 2021 - Tooth Segmentation of Dental Mesh Based on Improved Region Growing.pdf,2345.0,100.0,True,2345.0,Tooth Segmentation of Dental Mesh Based on Improved Region Growing,YHB9JYVX,exclude,False,False
Guerrero 等 - 2025 - Mineralized osteoblast-derived exosomes and 3D-printed ceramic-based scaffolds for enhanced bone hea.pdf,872.0,100.0,True,872.0,Mineralized osteoblast-derived exosomes and 3D-printed ceramic-based scaffolds for enhanced bone healing: A preclinical exploration,S3XDHQ38,exclude,False,False
Guirao 等 - 2023 - Additively manufactured devices with varying designs and sizes for acquiring initial intraoral impla.pdf,1092.0,100.0,True,1092.0,Additively manufactured devices with varying designs and sizes for acquiring initial intraoral implant scans,6CTFUQY4,exclude,False,False
Gulić 等 - 2023 - RELATIONSHIP OF MASTOID PNEUMATIZATION AND AGE WITH COMPUTED TOMOGRAPHY MEASURED SPHENOID SINUS VOLU.pdf,994.0,100.0,True,994.0,RELATIONSHIP OF MASTOID PNEUMATIZATION AND AGE WITH COMPUTED TOMOGRAPHY MEASURED SPHENOID SINUS VOLUME,R8EQWNFC,exclude,True,True
Guluzar Gorkem Buyukgoz 等 - 2022 - Dose Titration of Solid Dosage Forms via FDM 3D-Printed Mini-Tablets.pdf,962.0,100.0,True,962.0,Dose Titration of Solid Dosage Forms via FDM 3D-Printed Mini-Tablets,WRE7G4MD,exclude,False,False
Gumussoy 等 - 2025 - AI-powered segmentation of bifid mandibular canals using CBCT..pdf,2248.0,100.0,True,2248.0,AI-powered segmentation of bifid mandibular canals using CBCT,XYUFR7DJ,include,True,True
Gumussoy 等 - 2025 - Automatic Segmentation of the Infraorbital Canal in CBCT Images Anatomical Structure Recognition Us.pdf,870.0,100.0,True,870.0,Automatic Segmentation of the Infraorbital Canal in CBCT Images: Anatomical Structure Recognition Using Artificial Intelligence,A94JIKBB,include,True,True
Guo 等 - 2022 - Evaluation of the mechanical properties and fit of 3D-printed polyetheretherketone removable partial.pdf,2031.0,100.0,True,2031.0,Evaluation of the mechanical properties and fit of 3D-printed polyetheretherketone removable partial dentures,6GSLLXSS,include,True,True
Guo 等 - 2024 - Masticatory simulators based on oral physiology in food research A systematic review.pdf,1175.0,100.0,True,1175.0,Masticatory simulators based on oral physiology in food research: A systematic review,8XAHIZWN,exclude,False,False
Guo 等 - 2025 - A high-throughput framework for predicting three-dimensional structural-mechanical relationships of.pdf,669.0,100.0,True,669.0,A high-throughput framework for predicting three-dimensional structural-mechanical relationships of human cranial bones using a deep learning-based method,VC56Q29E,exclude,False,False
Guo 等 - 2025 - Automated planning of mandible reconstruction with fibula free flap based on shape completion and mo.pdf,1434.0,100.0,True,1434.0,Automated planning of mandible reconstruction with fibula free flap based on shape completion and morphometric descriptors,9WHDZH6I,include,False,False
Guo 等 - 2025 - Morphology and Function Dual‐Adjustable Biomimetic 4D‐Printed Scaffold for the Regenerative Restorat.pdf,1600.0,100.0,True,1600.0,Morphology and Function Dual-Adjustable Biomimetic 4D-Printed Scaffold for the Regenerative Restoration of Complex Bone Defects,TLW8WS3P,exclude,False,False
Guo 等 - 2025 - Occlusal Analysis of Algorithm-designed Restoration Using Different Virtual Articulator Parameters.pdf,2268.0,100.0,True,2268.0,Occlusal Analysis of Algorithm-designed Restoration Using Different Virtual Articulator Parameters: A Preliminary Study,4D8XQVXT,include,True,True
Guo 等 - 2026 - Automated Orthognathic Surgery Planning Based on Shape-Aware Morphology Prediction and Anatomy-Const.pdf,2553.0,100.0,True,2553.0,Automated Orthognathic Surgery Planning Based on Shape-Aware Morphology Prediction and Anatomy-Constrained Registration,AJ4I25ZJ,include,False,False
Guo 等 - 2026 - Digitally-driven optimization of intraoral water jet parameters for plaque removal a personalized 3.pdf,364.0,100.0,True,364.0,Digitally-driven optimization of intraoral water jet parameters for plaque removal: a personalized 3D-guided orthogonal study.,BIJ37P6U,include,False,False
Guo和Shao - 2025 - AI-driven dynamic orthodontic treatment management personalized progress tracking and adjustments-a.pdf,484.0,100.0,True,484.0,AI-driven dynamic orthodontic treatment management: personalized progress tracking and adjustments-a narrative review.,JSX3JNRG,exclude,False,False
Gupta 等 - 2025 - 2D-to-3D Predicting three-dimensional (3D) cephalometric measurements from two conventional X-ray i.pdf,774.0,100.0,True,774.0,2D-to-3D: Predicting three-dimensional (3D) cephalometric measurements from two conventional X-ray images,Q3UWJ9BC,include,False,False
Gurgel 等 - 2024 - Automated artificial intelligence-based three-dimensional comparison of orthodontic treatment outcom.pdf,1589.0,100.0,True,1589.0,Automated artificial intelligence-based three-dimensional comparison of orthodontic treatment outcomes with and without piezocision surgery,KDE2M5D3,exclude,True,True
Gómez-Polo 等 - 2023 - Influence of the dental arch and number of cutting-off and rescanning mesh holes on the accuracy of.pdf,1582.0,100.0,True,1582.0,Influence of the dental arch and number of cutting-off and rescanning mesh holes on the accuracy of implant scans in partially edentulous situations,V2HXN7RX,include,True,True
Gönül 等 - 2022 - Biomechanical Comparison of Asymmetric Implant Configurations for All-on-Four Treatment Using Three-.pdf,1639.0,100.0,True,1639.0,Biomechanical Comparison of Asymmetric Implant Configurations for All-on-Four Treatment Using Three-Dimensional Finite Element Analysis,EEUPFIYZ,include,True,True
Gülüm 等 - 2023 - Effect of data size on tooth numbering performance via artificial intelligence using panoramic radio.pdf,718.0,100.0,True,718.0,Effect of data size on tooth numbering performance via artificial intelligence using panoramic radiographs,J7MWBCZY,exclude,False,False
Gümüssoy 等 - 2025 - Automated 3D segmentation of the hyoid bone in CBCT using nnU-Net v2 a retrospective study on model.pdf,2180.0,100.0,True,2180.0,Automated 3D segmentation of the hyoid bone in CBCT using nnU-Net v2: a retrospective study on model performance and potential clinical utility,4YHU6J4I,include,True,True
Gürbüz 等 - 2022 - Biomechanical comparison of different prosthetic materials and posterior implant angles in all-on-4.pdf,768.0,100.0,True,768.0,Biomechanical comparison of different prosthetic materials and posterior implant angles in all-on-4 treatment concept by three-dimensional finite element analysis,4MCRUAJM,include,True,True
Gürses 等 - 2025 - Differentiation of benign and malignant oral lesions through surface texture analysis and SVM modeli.pdf,2064.0,100.0,True,2064.0,Differentiation of benign and malignant oral lesions through surface texture analysis and SVM modeling,BI5PRGUX,exclude,False,False
Gürsoy Çoruh 等 - 2021 - A comparison of the fusion model of deep learning neural networks with human observation for lung no.pdf,634.0,100.0,True,634.0,A comparison of the fusion model of deep learning neural networks with human observation for lung nodule detection and classification.,TF7HXSLG,exclude,False,False
Güzelce S - 2023 - Biomechanical comparison of different framework materials in mandibular overdenture prosthesis suppo.pdf,2118.0,100.0,True,2118.0,Biomechanical comparison of different framework materials in mandibular overdenture prosthesis supported with implants of different sizes: a finite element analysis,YUI4LKWS,include,True,True
Güçlü 等 - 2022 - Mechanical response of different frameworks for maxillary all-on-four implant-supported fixed dental.pdf,2196.0,100.0,True,2196.0,Mechanical response of different frameworks for maxillary all-on-four implant-supported fixed dental prosthesis: 3D finite element analysis,3DRR3UYA,include,True,True
Haack 等 - 2025 - Suspended Tissue Open Microfluidic Patterning (STOMP)..pdf,494.0,100.0,True,494.0,Suspended Tissue Open Microfluidic Patterning (STOMP).,WKLA7YYF,exclude,False,False
Hagen 等 - 2023 - Automated calculation of ontology-based planning proposals An application in reconstructive oral an.pdf,2169.0,100.0,True,2169.0,Automated calculation of ontology-based planning proposals: An application in reconstructive oral and maxillofacial surgery,S299EA4M,include,True,True
Hagen 等 - 2026 - Electromagnetic Navigation in Mandibular Reconstruction Using Autologous Grafts A Color-Coded Assis.pdf,133.0,100.0,True,133.0,Electromagnetic Navigation in Mandibular Reconstruction Using Autologous Grafts: A Color-Coded Assistance for Precise Positioning of Bone Segments.,TYANEIC4,include,False,False
Hajghani和Günal-Abdulcelil - 2026 - Biomechanical Behavior of Different Framework and Superstructure Material Combinations in Two-Implan.pdf,918.0,100.0,True,918.0,Biomechanical Behavior of Different Framework and Superstructure Material Combinations in Two-Implant-Supported Four-Unit Prostheses: A Dynamic Finite Element Analysis,ZKA8VNG5,include,True,True
Haku-Mizuhara 等 - 2026 - Adaptive digital workflow for virtual patient modeling Integrating static registration and six-degr.pdf,108.0,100.0,True,108.0,Adaptive digital workflow for virtual patient modeling: Integrating static registration and six-degree-of-freedom jaw tracking.,T3K2TLQ3,include,False,False
Hamed 等 - 2023 - Effect of Palatal Vault Depth on the Trueness of Metal Laser-Sintered and Cast Cobalt-Chromium Remov.pdf,779.0,100.0,True,779.0,Effect of Palatal Vault Depth on the Trueness of Metal Laser-Sintered and Cast Cobalt-Chromium Removable Partial Denture Frameworks,ZF4BBLEI,unsure,False,False
Hamed 等 - 2023 - Effect of Palatal Vault Depth on the Trueness of Metal Laser‐Sintered and Cast Cobalt‐Chromium Remov.pdf,779.0,100.0,True,779.0,Effect of Palatal Vault Depth on the Trueness of Metal Laser-Sintered and Cast Cobalt-Chromium Removable Partial Denture Frameworks,ZF4BBLEI,unsure,False,False
Han 等 - 2021 - The Mechanosensing and Global DNA Methylation of Human Osteoblasts on MEW Fibers..pdf,633.0,100.0,True,633.0,The Mechanosensing and Global DNA Methylation of Human Osteoblasts on MEW Fibers.,GDR8KPPZ,exclude,False,False
Han 等 - 2025 - Freehand 3D ultrasound imaging toward midfacial bone surface reconstruction for intraoperative image.pdf,1835.0,100.0,True,1835.0,Freehand 3D ultrasound imaging toward midfacial bone surface reconstruction for intraoperative image registration,AP2R48W4,include,False,False
Han 等 - 2025 - Impact of profile angle of CAD-CAM abutment on the marginal bone loss of implant-supported single-to.pdf,2128.0,100.0,True,2128.0,Impact of profile angle of CAD-CAM abutment on the marginal bone loss of implant-supported single-tooth posterior restorations,92FDR9R4,exclude,False,False
Hanada 等 - 2025 - Novel standardized method for inducing medication-related osteonecrosis of the jaw in rats and preci.pdf,1270.0,100.0,True,1270.0,Novel standardized method for inducing medication-related osteonecrosis of the jaw in rats and precise quantitative assessment of pathological outcomes,A88G5IRI,exclude,False,False
HAPTICS45997.2020.ras.HAP20.74.13165668.pdf.pdf,,0.0,False,,,,,False,False
Harris 等 - 2023 - Automatic Pulp and Teeth Three-Dimensional Modeling of Single and Multi-Rooted Teeth Based on Cone-B.pdf,107.0,100.0,True,107.0,Automatic Pulp and Teeth Three-Dimensional Modeling of Single and Multi-Rooted Teeth Based on Cone-Beam Computed Tomography Imaging: A Promising Approach With Clinical and Therapeutic Outcomes.,YZHWVIEG,exclude,True,True
Hasani-Sadrabadi 等 - 2024 - Precise Engineering of Growth Factor Presentation Using Extracellular Microenvironment-Mimicking Mic.pdf,638.0,100.0,True,638.0,Precise Engineering of Growth Factor Presentation Using Extracellular Microenvironment-Mimicking Microfluidic Microparticles.,IE3WVSAP,exclude,True,True
Hashemi 等 - 2022 - Fully Digital versus Conventional Workflows for Fabricating Posterior Three-Unit Implant-Supported R.pdf,2102.0,100.0,True,2102.0,Fully Digital versus Conventional Workflows for Fabricating Posterior Three-Unit Implant-Supported Reconstructions: A Prospective Crossover Clinical Trial,YYC34XSZ,exclude,False,False
Hattori 等 - 2024 - Digitization of Dentate and Edentulous Maxillectomy and Mandibulectomy Defects with Three Different.pdf,1443.0,100.0,True,1443.0,Digitization of Dentate and Edentulous Maxillectomy and Mandibulectomy Defects with Three Different Intraoral Scanners: A Comparative In Vitro Study,9MVRH769,exclude,True,True
Hatvaniy 等 - 2021 - Single Image Super-Resolution Of Noisy 3d Dental Ct Images Using Tucker Decomposition.pdf,2450.0,100.0,True,2450.0,Single Image Super-Resolution Of Noisy 3d Dental Ct Images Using Tucker Decomposition,P6I72WYR,exclude,False,False
Haylaz 等 - 2025 - Automatic Segmentation of the Nasolacrimal Canal Application of the nnU-Net v2 Model in CBCT Imagin.pdf,2280.0,100.0,True,2280.0,Automatic Segmentation of the Nasolacrimal Canal: Application of the nnU-Net v2 Model in CBCT Imaging,7N57MWGV,include,True,True
Haşimoğlu 等 - 2026 - Three-dimensional finite element analysis of temporomandibular joint stresses following botulinum to.pdf,165.0,100.0,True,165.0,Three-dimensional finite element analysis of temporomandibular joint stresses following botulinum toxin injection and occlusal splint therapy in bruxism.,TYDR2R9S,include,False,False
HDBMR_6659085 1..6.pdf,,0.0,False,,,,,False,False
He 等 - 2024 - Feasibility of augmented reality using dental arch-based registration applied to navigation in mandi.pdf,1141.0,100.0,True,1141.0,Feasibility of augmented reality using dental arch-based registration applied to navigation in mandibular distraction osteogenesis: a phantom experiment,3TF24KAM,include,False,False
He 等 - 2024 - In vitro and in vivo accuracy of autonomous robotic vs. fully guided static computer‐assisted implan.pdf,1537.0,100.0,True,1537.0,In vitro and in vivo accuracy of autonomous robotic vs. fully guided static computer-assisted implant surgery,8S49AU3F,exclude,False,False
He 等 - 2024 - Treatment of Progressive Hemifacial Atrophy by Cartilage Graft and Free Adipofascial Flap Combined w.pdf,70.0,100.0,True,70.0,Treatment of Progressive Hemifacial Atrophy by Cartilage Graft and Free Adipofascial Flap Combined with Three-Dimensional Planning.,PYH6UXUZ,unsure,False,False
He 等 - 2025 - 3D printing for tissueorgan regeneration in China.pdf,1282.0,100.0,True,1282.0,3D printing for tissue/organ regeneration in China,6FE3CE5K,exclude,False,False
He 等 - 2025 - A platform combining automatic segmentation and automatic measurement of the maxillary sinus and adj.pdf,2284.0,100.0,True,2284.0,A platform combining automatic segmentation and automatic measurement of the maxillary sinus and adjacent structures,VNRCK3YD,include,False,False
He 等 - 2026 - Isolation and Therapeutic Application of Extracellular Vesicles Derived from Self-Assembled Mesenchy.pdf,199.0,100.0,True,199.0,Isolation and Therapeutic Application of Extracellular Vesicles Derived from Self-Assembled Mesenchymal Stem Cell Aggregates.,ZAPYVPDD,exclude,False,False
Heboyan 等 - 2022 - Stress Distribution Pattern in Zygomatic Implants Supporting Different Superstructure Materials.pdf,2030.0,100.0,True,2030.0,Stress Distribution Pattern in Zygomatic Implants Supporting Different Superstructure Materials,4WWZ78KQ,include,True,True
Heiba 等 - 2024 - Accuracy and surface roughness of Co-Cr partial denture frameworks with different digital fabricatio.pdf,890.0,95.80838323353294,True,890.0,Accuracy and surface roughness of Co-Cr partial denture frameworks with different fabrication methods,C4T4CYED,include,False,False
Heiba 等 - 2024 - Effect of different digital technology on the adaptation and retention of Co-Cr partial denture fram.pdf,1946.0,100.0,True,1946.0,Effect of different digital technology on the adaptation and retention of Co-Cr partial denture frameworks,ARJBG6C9,include,True,True
Hejazi 等 - 2025 - Effect of Different Restorative Materials on Stress Distribution around Dental Implants.pdf,50.0,100.0,True,50.0,Effect of Different Restorative Materials on Stress Distribution around Dental Implants.,RSUECYHG,include,True,True
Helgers 等 - 2025 - Emerging Technologies in the Treatment of Orbital Floor Fractures A Systematic Review..pdf,808.0,100.0,True,808.0,Emerging Technologies in the Treatment of Orbital Floor Fractures: A Systematic Review,J9FU9DVK,exclude,False,False
Heo 等 - 2025 - Spontaneous bone regeneration achieved through one-step alignment of human mesenchymal stem cell-emb.pdf,1658.0,100.0,True,1658.0,Spontaneous bone regeneration achieved through one-step alignment of human mesenchymal stem cell-embedded collagen,3TMAVBSZ,exclude,False,False
Hernández-Alfaro 等 - 2023 - Three-Dimensional Evaluation of the Accuracy of Zygomatic Implant Placement Through an In-House Full.pdf,448.0,100.0,True,448.0,Three-Dimensional Evaluation of the Accuracy of Zygomatic Implant Placement Through an In-House Fully Guided Approach.,VLH4HX4X,unsure,True,True
Hernández-Alfaro 等 - 2024 - On the feasibility of minimally invasive Le Fort I with patient-specific implants Proof of concept.pdf,1615.0,100.0,True,1615.0,On the feasibility of minimally invasive Le Fort I with patient-specific implants: Proof of concept,WGAXESY9,unsure,False,False
Herstell 等 - 2022 - Accuracy of guided implant surgery obtained using 3D-printed surgical guides - An in vitro compariso.pdf,1140.0,100.0,True,1140.0,Accuracy of guided implant surgery obtained using 3D-printed surgical guides - An in vitro comparison of four evaluation methods,2TPBCDEY,include,False,False
Hertanto 等 - 2026 - Accuracy of face scan‐based virtual facebow records A comparison between two registration methods.pdf,823.0,100.0,True,823.0,Accuracy of face scan-based virtual facebow records: A comparison between two registration methods,U2VNRQWT,include,False,False
Hinz 等 - 2022 - Impact of the Veneering Technique and Framework Material on the Failure Loads of All-Ceramic Compute.pdf,2183.0,100.0,True,2183.0,Impact of the Veneering Technique and Framework Material on the Failure Loads of All-Ceramic Computer-Aided Design/Computer-Aided Manufacturing Fixed Partial Dentures,A4ENMSWJ,exclude,False,False
Ho 等 - 2024 - Quantification of facial symmetry in orthognathic surgery A novel approach integrating 3D contour m.pdf,351.0,100.0,True,351.0,Quantification of facial symmetry in orthognathic surgery: A novel approach integrating 3D contour maps and hyper-dimensional computing.,6RQD493M,unsure,False,False
Hoene 等 - 2023 - Postoperative facial appearance of patients with extensive oral squamous cell carcinoma can be adequ.pdf,192.0,100.0,True,192.0,Postoperative facial appearance of patients with extensive oral squamous cell carcinoma can be adequately preserved with in?house virtually planned mandibular reconstruction.,WSCIJHCB,include,True,True
Hogan 等 - 2023 - Development of photoreactive demineralized bone matrix 3D printing colloidal inks for bone tissue en.pdf,2181.0,100.0,True,2181.0,Development of photoreactive demineralized bone matrix 3D printing colloidal inks for bone tissue engineering,EXGJ4ZB3,exclude,False,False
Holthaus 等 - 2021 - Harmonization of Protocols for Multi-Species Organoid Platforms to Study the Intestinal Biology of T.pdf,1543.0,100.0,True,1543.0,Harmonization of Protocols for Multi-Species Organoid Platforms to Study the Intestinal Biology of Toxoplasma gondii and Other Protozoan Infections,BZ9HE4MG,exclude,False,False
Homsi 等 - 2023 - In-vivo evaluation of Artificial Intelligence Driven Remote Monitoring technology for tracking tooth.pdf,858.0,100.0,True,858.0,In-vivo evaluation of Artificial Intelligence Driven Remote Monitoring technology for tracking tooth movement and reconstruction of 3-dimensional digital models during orthodontic treatment,FFCB7QN3,include,False,False
"Hou 等 - 2025 - The design, fabrication, and clinical application of a universal donor tooth model in autotransplant.pdf",1969.0,100.0,True,1969.0,"The design, fabrication, and clinical application of a universal donor tooth model in autotransplantation",QUM75BR7,include,False,False
Hrynevich 等 - 2020 - Accurate Prediction of Melt Electrowritten Laydown Patterns from Simple Geometrical Considerations.pdf,754.0,100.0,True,754.0,Accurate Prediction of Melt Electrowritten Laydown Patterns from Simple Geometrical Considerations,8B5C3WBK,exclude,False,False
Hsu 等 - 2022 - Virtual 3D tooth creation for personized haptic simulation training in access cavity preparation.pdf,211.0,100.0,True,211.0,Virtual 3D tooth creation for personized haptic simulation training in access cavity preparation.,AGK8CVHH,exclude,True,True
Hsu 等 - 2024 - Craniofacial and olfactory sensory changes after long-term unilateral nasal obstruction-an animal st.pdf,1640.0,100.0,True,1640.0,Craniofacial and olfactory sensory changes after long-term unilateral nasal obstruction-an animal study using MMP-3-LUC transgenic rats,R2XL2V5D,unsure,True,True
Hu 等 - 2023 - The effect of common dental fixtures on treatment planning and delivery for head and neck intensity.pdf,1202.0,100.0,True,1202.0,The effect of common dental fixtures on treatment planning and delivery for head and neck intensity modulated proton therapy,9QILX753,exclude,False,False
Hu 等 - 2024 - Robust Oral Localization Based on Multicamera Tracking of Self-Identifying Markers.pdf,2544.0,100.0,True,2544.0,Robust Oral Localization Based on Multicamera Tracking of Self-Identifying Markers,Y8VP89EU,include,False,False
Hu 等 - 2025 - Instantaneous and Markerless Registration for Mandible Reconstruction Robot With Fibular Holder.pdf,2410.0,100.0,True,2410.0,Instantaneous and Markerless Registration for Mandible Reconstruction Robot With Fibular Holder,YUGFZPB8,include,False,False
Hu 等 - 2026 - Three‐Dimensional Evaluation of Zygomaticomaxillary Complex Displacement and Rotational Centre in Ad.pdf,721.0,100.0,True,721.0,"Three-Dimensional Evaluation of Zygomaticomaxillary Complex Displacement and Rotational Centre in Adults Induced by Maxillary Skeletal Expander, Analysed With CBCT and Heuristic Search Algorithm",ANTXG7HM,include,False,False
Huang 等 - 2020 - Novel design of additive manufactured hollow porous implants.pdf,341.0,100.0,True,341.0,Novel design of additive manufactured hollow porous implants.,4IAWUJZW,include,False,False
Huang 等 - 2021 - Biomechanical analysis of subcondylar fracture fixation using miniplates at different positions and.pdf,2226.0,100.0,True,2226.0,Biomechanical analysis of subcondylar fracture fixation using miniplates at different positions and of different lengths,HIY5AECS,include,True,True
Huang 等 - 2022 - 3D-Printed Porous Titanium Root-Analogue Implant for the Treatment of Longitudinal Fracture of Mandi.pdf,1264.0,100.0,True,1264.0,3D-Printed Porous Titanium Root-Analogue Implant for the Treatment of Longitudinal Fracture of Mandibular Molars with Periapical Periodontitis: A Case Report,A7JC68HD,unsure,False,False
Huang 等 - 2023 - Identifying Lymph Nodes and Their Statuses from Pretreatment Computer Tomography Images of Patients.pdf,985.0,100.0,True,985.0,Identifying Lymph Nodes and Their Statuses from Pretreatment Computer Tomography Images of Patients with Head and Neck Cancer Using a Clinical-Data-Driven Deep Learning Algorithm,9H75HRKJ,exclude,False,False
Huang 等 - 2023 - The CNN model aided the study of the clinical value hidden in the implant images.pdf,862.0,100.0,True,862.0,The CNN model aided the study of the clinical value hidden in the implant images,G5QKVLPU,exclude,False,False
Huang 等 - 2024 - Prosthodontic rehabilitation with all-on-four implant treatment combined CADCAM prosthesis in an or.pdf,1687.0,100.0,True,1687.0,Prosthodontic rehabilitation with all-on-four implant treatment combined CAD/CAM prosthesis in an oral cancer patient: a case report,256P6Y8Z,exclude,False,False
Huang 等 - 2025 - Fully Automated Mandibular Condyle Segmentation More Detailed Extraction With Hybrid Customized sp.pdf,990.0,99.42196531791907,True,990.0,Fully Automated Mandibular Condyle Segmentation: More Detailed Extraction With Hybrid Customized SAM,I7Y42AG2,exclude,False,False
Huang 等 - 2025 - Proof-of-Concept Digital-Physical Workflow for Clear Aligner Manufacturing.pdf,16.0,100.0,True,16.0,Proof-of-Concept Digital-Physical Workflow for Clear Aligner Manufacturing.,7RLZP4A4,include,True,True
Huang 等 - 2025 - Protease-responsive protein hydrogel enabling spatiotemporal ClO2 release for precision treatment of.pdf,1484.0,100.0,True,1484.0,Protease-responsive protein hydrogel enabling spatiotemporal ClO2 release for precision treatment of intracellular infections and periodontitis,DFBH82QS,exclude,False,False
Huang 等 - 2025 - Tooth-on-a-chip to engineer early dental epithelial-mesenchymal interaction.pdf,349.0,100.0,True,349.0,Tooth-on-a-chip to engineer early dental epithelial-mesenchymal interaction.,M36F8LGA,exclude,False,False
Huang 等 - 2026 - Automated artificial intelligence–driven 3-dimensional craniofacial superimposition for clinically u.pdf,504.0,100.0,True,504.0,Automated artificial intelligence-driven 3-dimensional craniofacial superimposition for clinically useful treatment outcomes in growing patients: A multicenter study.,I8JFM7AT,include,False,False
Huang 等 - 2026 - Tooth rotational control with varying attachment configurations in clear aligners under compromised.pdf,1189.0,100.0,True,1189.0,Tooth rotational control with varying attachment configurations in clear aligners under compromised periodontal ligament support: a finite element study,34MP4QBJ,include,True,True
Hung 等 - 2021 - Volumetric analysis of mucous retention cysts in the maxillary sinus A retrospective study using co.pdf,189.0,100.0,True,189.0,Volumetric analysis of mucous retention cysts in the maxillary sinus: A retrospective study using cone-beam computed tomography.,6SHXRW5Z,include,True,True
Huong 等 - 2026 - Evaluation of the marginal and internal gaps in 3D-printed interim crowns using different finish lin.pdf,1636.0,100.0,True,1636.0,Evaluation of the marginal and internal gaps in 3D-printed interim crowns using different finish line detection methods: An in vitro study,JL3QCSFC,exclude,False,False
Hupe 等 - 2025 - Comparison of marginal and internal fit of 10-unit fixed dental prostheses fabricated from cobalt ch.pdf,773.0,100.0,True,773.0,Comparison of marginal and internal fit of 10-unit fixed dental prostheses fabricated from cobalt chromium alloys or zirconia ceramics using digital workflows,4WH6LK8R,exclude,False,False
Hussein - 2022 - Biomechanical Performance of PEEK and Graphene-Modified PMMA as Telescopic Removable Partial Denture.pdf,2129.0,100.0,True,2129.0,Biomechanical Performance of PEEK and Graphene-Modified PMMA as Telescopic Removable Partial Denture Materials: A Nonlinear 3D Finite Element Analysis,QJDV5PK4,exclude,True,True
Hussein和Hussein - 2022 - Optimization of Digital Light Processing Three-Dimensional Printing of the Removable Partial Denture.pdf,847.0,100.0,True,847.0,Optimization of Digital Light Processing Three-Dimensional Printing of the Removable Partial Denture Frameworks; The Role of Build Angle and Support Structure Diameter,GXJQYRBP,include,True,True
"Hwang 等 - 2026 - Quantitative and qualitative evaluation of precision in dental 3D facial scanning across handheld, f.pdf",617.0,100.0,True,617.0,"Quantitative and qualitative evaluation of precision in dental 3D facial scanning across handheld, fixed multicamera, and smartphone depth-sensing systems.",3SRFQXMZ,include,False,False
icip40778.2020.9190979.pdf.pdf,,0.0,False,,,,,False,False
ijerph17176375.pdf.pdf,,0.0,False,,,,,False,False
ijerph18116142.pdf.pdf,,0.0,False,,,,,False,False
Ileșan 等 - 2023 - Comparison of Artificial Intelligence-Based Applications for Mandible Segmentation From Established.pdf,2258.0,100.0,True,2258.0,Comparison of Artificial Intelligence-Based Applications for Mandible Segmentation: From Established Platforms to In-House-Developed Software,FQG9RPPJ,include,True,True
Implementation of 3D Printing and Computer-Aided Design and Manufacturing (CAD_CAM) in Craniofacial .pdf,2.0,100.0,True,2.0,Implementation of 3D Printing and Computer-Aided Design and Manufacturing (CAD/CAM) in Craniofacial Reconstruction.,4I6N7UPZ,exclude,False,False
Intarasuksanti 等 - 2023 - Effects of the cone-beam computed tomography protocol on the accuracy and image quality of root surf.pdf,86.0,100.0,True,86.0,Effects of the cone-beam computed tomography protocol on the accuracy and image quality of root surface area measurements: An in vitro study.,6L7WJ4MX,exclude,True,True
Ioannidis 等 - 2025 - Rehabilitation Strategies and Occlusal Vertical Dimension Considerations in the Management of Worn D.pdf,462.0,100.0,True,462.0,"Rehabilitation Strategies and Occlusal Vertical Dimension Considerations in the Management of Worn Dentitions: Consensus Statement From SSRD, SEPES, and PROSEC Conference on Minimally Invasive Restorations.",WQXIQTTD,exclude,False,False
Iredale 等 - 2022 - Planning system for the optimization of electric field delivery using implanted electrodes for brain.pdf,1350.0,100.0,True,1350.0,Planning system for the optimization of electric field delivery using implanted electrodes for brain tumor control,6FDZK9VR,exclude,False,False
Isaieva 等 - 2025 - Extraction of 3D trajectories of mandibular condyles from 2D real-time MRI..pdf,1578.0,100.0,True,1578.0,Extraction of 3D trajectories of mandibular condyles from 2D real-time MRI,52XQ7XHB,exclude,False,False
Isazadeh 等 - 2025 - Patient-specific virtual surgical planning for tongue reconstruction evaluating hyperelastic invers.pdf,1206.0,100.0,True,1206.0,Patient-specific virtual surgical planning for tongue reconstruction: evaluating hyperelastic inverse FEM with four simulated tongue cancer cases,5GKX37T6,include,False,False
ISBI45749.2020.9098602.pdf.pdf,,0.0,False,,,,,False,False
Ismail 等 - 2025 - An AI-Based 3D Dental Modeling Framework for Digital Twin Dentistry.pdf,2298.0,100.0,True,2298.0,An AI-Based 3D Dental Modeling Framework for Digital Twin Dentistry,LFCVH2M3,include,False,False
Ismail和Alhajj - 2020 - Accuracy of different impression techniques for multiunit implant restoration A qualitative in vitr.pdf,686.0,100.0,True,686.0,Accuracy of different impression techniques for multiunit implant restoration: A qualitative in vitro study,TXP7BVWJ,exclude,False,False
Issa 等 - 2025 - Assessing the accuracy of artificial intelligence in mandibular canal segmentation compared to semi-.pdf,252.0,100.0,True,252.0,Assessing the accuracy of artificial intelligence in mandibular canal segmentation compared to semi-automatic segmentation on cone-beam computed tomography images.,GHGXCYB3,include,True,True
Ito 等 - 2021 - Application of a virtual and mixed reality-navigation system using commercially available devices to.pdf,89.0,100.0,True,89.0,Application of a virtual and mixed reality-navigation system using commercially available devices to the lateral temporal bone resection.,3NRBHY63,include,True,True
Iyigun 等 - 2026 - 3D printed 13-93B3 borate bioactive glasshydroxypropyl methyl cellulosegelatin scaffolds with ceri.pdf,1943.0,100.0,True,1943.0,3D printed 13-93B3 borate bioactive glass/hydroxypropyl methyl cellulose/gelatin scaffolds with cerium oxide submicrometric particles for potential bone regeneration,Z5F5675I,exclude,False,False
j.actbio.2021.03.030.pdf.pdf,,0.0,False,,,,,False,False
j.ajodo.2020.03.023.pdf.pdf,,0.0,False,,,,,False,False
j.biomaterials.2020.120558.pdf.pdf,,0.0,False,,,,,False,False
j.bjoms.2020.04.017.pdf.pdf,,0.0,False,,,,,False,False
j.cej.2020.125989.pdf.pdf,,0.0,False,,,,,False,False
j.cmpb.2021.106192.pdf.pdf,,0.0,False,,,,,False,False
j.compbiomed.2020.103860.pdf.pdf,,0.0,False,,,,,False,False
j.compbiomed.2020.104153.pdf.pdf,,0.0,False,,,,,False,False
j.dental.2021.02.024.pdf.pdf,,0.0,False,,,,,False,False
j.forsciint.2020.110357.pdf.pdf,,0.0,False,,,,,False,False
j.forsciint.2020.110597.pdf.pdf,,0.0,False,,,,,False,False
j.gendis.2020.11.011.pdf.pdf,,0.0,False,,,,,False,False
j.ijom.2019.11.011.pdf.pdf,,0.0,False,,,,,False,False
j.ijom.2021.04.011.pdf.pdf,,0.0,False,,,,,False,False
j.ijpharm.2020.120097.pdf.pdf,,0.0,False,,,,,False,False
j.jbiomech.2020.109994.pdf.pdf,,0.0,False,,,,,False,False
j.jdent.2021.103680.pdf.pdf,,0.0,False,,,,,False,False
j.jfma.2019.12.001.pdf.pdf,,0.0,False,,,,,False,False
j.jmbbm.2020.104092.pdf.pdf,,0.0,False,,,,,False,False
j.jmbbm.2021.104653.pdf.pdf,,0.0,False,,,,,False,False
j.jormas.2020.09.009.pdf.pdf,,0.0,False,,,,,False,False
j.jpor.2019.07.012.pdf.pdf,,0.0,False,,,,,False,False
j.jpor.2020.01.001.pdf.pdf,,0.0,False,,,,,False,False
j.mattod.2020.11.021.pdf.pdf,,0.0,False,,,,,False,False
j.media.2020.101773.pdf.pdf,,0.0,False,,,,,False,False
j.neuroimage.2020.117017.pdf.pdf,,0.0,False,,,,,False,False
j.oraloncology.2021.105268.pdf.pdf,,0.0,False,,,,,False,False
j.phro.2021.04.001.pdf.pdf,,0.0,False,,,,,False,False
j.prosdent.2019.06.014.pdf.pdf,,0.0,False,,,,,False,False
j.prosdent.2019.08.001.pdf.pdf,,0.0,False,,,,,False,False
j.prosdent.2019.09.010.pdf.pdf,,0.0,False,,,,,False,False
j.prosdent.2019.10.010.pdf.pdf,,0.0,False,,,,,False,False
j.prosdent.2019.10.020.pdf.pdf,,0.0,False,,,,,False,False
j.prosdent.2020.01.027.pdf.pdf,,0.0,False,,,,,False,False
j.prosdent.2020.01.036.pdf.pdf,,0.0,False,,,,,False,False
j.prosdent.2020.01.040.pdf.pdf,,0.0,False,,,,,False,False
j.prosdent.2021.01.021.pdf.pdf,,0.0,False,,,,,False,False
j.prosdent.2021.04.021.pdf.pdf,,0.0,False,,,,,False,False
j.xphs.2020.11.023.pdf.pdf,,0.0,False,,,,,False,False
"Jaemsuwan 等 - 2023 - Comparison of the accuracy of implant position among freehand implant placement, static and dynamic.pdf",1361.0,100.0,True,1361.0,"Comparison of the accuracy of implant position among freehand implant placement, static and dynamic computer-assisted implant surgery in fully edentulous patients: a non- randomized prospective study",5B8XDKKQ,exclude,False,False
Jafari 等 - 2022 - A comparative study of bone remodeling around hydroxyapatite-coated and novel radial functionally gr.pdf,848.0,100.0,True,848.0,A comparative study of bone remodeling around hydroxyapatite-coated and novel radial functionally graded dental implants using finite element simulation,K8IC6T9C,include,False,False
"Jain 等 - 2026 - Development and biomechanical evaluation of subject-specific, anatomically complete 3D finite elemen.pdf",2153.0,100.0,True,2153.0,"Development and biomechanical evaluation of subject-specific, anatomically complete 3D finite element models of the temporomandibular joint using the four-finger mouth-opening test",F4LRK4QN,include,True,True
Jang 等 - 2022 - A Fully Automated Method for 3D Individual Tooth Identification and Segmentation in Dental CBCT..pdf,2336.0,100.0,True,2336.0,A Fully Automated Method for 3D Individual Tooth Identification and Segmentation in Dental CBCT,EM5WIF9M,exclude,False,False
Jang 等 - 2025 - Reinforcement Learning-Based Centerline Tracking with Cross-Sectional Similarity for Enhancing Mandi.pdf,2449.0,100.0,True,2449.0,Reinforcement Learning-Based Centerline Tracking With Cross-Sectional Similarity for Enhancing Mandibular Canal Segmentation,QU4CCIPN,exclude,False,False
Janmohammadi 等 - 2023 - Enhancing bone tissue engineering with 3D-Printed polycaprolactone scaffolds integrated with tragaca.pdf,902.0,100.0,True,902.0,Enhancing bone tissue engineering with 3D-Printed polycaprolactone scaffolds integrated with tragacanth gum/bioactive glass,8B728BRE,exclude,False,False
Jasim 等 - 2024 - Accuracy of digital and conventional implant‐level impression techniques for maxillary full‐arch scr.pdf,606.0,100.0,True,606.0,Accuracy of digital and conventional implant-level impression techniques for maxillary full-arch screw-retained prosthesis: A crossover randomized trial.,WUGG7RGX,include,True,True
Javed 等 - 2023 - Comparison of marginal accuracy in two different materials used in provisional crown & bridge – an i.pdf,1160.0,96.34146341463415,True,1160.0,Comparison of marginal accuracy in two different materials used in provisional crown and bridge - an in vitro experimental study,R8CJZGFR,exclude,False,False
Jayakody 等 - 2025 - A Hybrid Approach Combining Dual-Energy and Inpainting Methods for Metal Artifact Reduction in Dento.pdf,1471.0,100.0,True,1471.0,A Hybrid Approach Combining Dual-Energy and Inpainting Methods for Metal Artifact Reduction in Dentomaxillofacial CBCT: A Proof-of-Concept Phantom Study,E8EEWYKI,exclude,False,False
jbhi.2021.3054494.pdf.pdf,,0.0,False,,,,,False,False
jcm10010127.pdf.pdf,,0.0,False,,,,,False,False
jcm10092002.pdf.pdf,,0.0,False,,,,,False,False
jcm9072107.pdf.pdf,,0.0,False,,,,,False,False
jcpe.13445.pdf.pdf,,0.0,False,,,,,False,False
jcs.241422.pdf.pdf,,0.0,False,,,,,False,False
jdd.12399.pdf.pdf,,0.0,False,,,,,False,False
Jedlińska和Jedliński - 2023 - 3D intraoral scan and diagnostic plaster model under General Data Protection Regulation – Legal prot.pdf,2231.0,100.0,True,2231.0,3D intraoral scan and diagnostic plaster model under General Data Protection Regulation-Legal protection,R8FSQM6B,exclude,False,False
Jemaa 等 - 2023 - Automated Remodelling of Connectors in Fixed Partial Dentures.pdf,238.0,100.0,True,238.0,Automated Remodelling of Connectors in Fixed Partial Dentures.,KC7UPHLF,include,True,True
"Jemaa 等 - 2024 - Automated Support Generation for Fixed Partial Dentures and Impact of Bone Loss, Bone Quality and Su.pdf",101.0,100.0,True,101.0,"Automated Support Generation for Fixed Partial Dentures and Impact of Bone Loss, Bone Quality and Support Types: Parametric Cad and Finite Element Analysis.",3EX7T8DA,include,True,True
Jemaa 等 - 2025 - Automated generation of implant-supported bar attachment system for patient-specific edentulous mand.pdf,1996.0,100.0,True,1996.0,Automated generation of implant-supported bar attachment system for patient-specific edentulous mandible: parametric modelling and finite element analysis,GR6A932U,include,True,True
Jenkinson 等 - 2025 - Three-Dimensional Printing in Cardiothoracic Surgery Workflow and Clinical Applications.pdf,433.0,100.0,True,433.0,Three-Dimensional Printing in Cardiothoracic Surgery: Workflow and Clinical Applications.,26QBFLTE,exclude,False,False
Jennes 等 - In vivo full-arch accuracy of intraoral scanners a narrative review.pdf,413.0,100.0,True,413.0,In vivo full-arch accuracy of intraoral scanners: a narrative review.,2MCLBN23,exclude,True,True
Jensen和Cheng - 2025 - Fully Digital Workflow for an Immediate Implant-Retained Prosthesis Following Maxillectomy Resection.pdf,1690.0,100.0,True,1690.0,Fully Digital Workflow for an Immediate Implant-Retained Prosthesis Following Maxillectomy Resection Surgery,9HL5KCJ3,exclude,True,True
Jeoun 等 - 2022 - Canal-Net for automatic and robust 3D segmentation of mandibular canals in CBCT images using a conti.pdf,1030.0,100.0,True,1030.0,Canal-Net for automatic and robust 3D segmentation of mandibular canals in CBCT images using a continuity-aware contextual network,AR2J5ZEV,exclude,True,True
jerd.12711.pdf.pdf,,0.0,False,,,,,False,False
jerd.12713.pdf.pdf,,0.0,False,,,,,False,False
Jha 等 - 2022 - A Novel Approach to Repositioning and Stabilization of a Luxated Tooth With Displacement Using a 3D.pdf,786.0,100.0,True,786.0,A Novel Approach to Repositioning and Stabilization of a Luxated Tooth With Displacement Using a 3D Printed Guide,MNH8ZML7,include,True,True
Ji 等 - 2025 - IDNet A Diffusion Model-Enhanced Framework for Accurate Cranio-Maxillofacial Bone Defect Repair..pdf,1981.0,100.0,True,1981.0,IDNet: A Diffusion Model-Enhanced Framework for Accurate Cranio-Maxillofacial Bone Defect Repair,CRTLD8EM,include,False,False
Jia 等 - 2022 - Three-dimensional macroscopical quantification of plaque accumulation on implant-supported fixed com.pdf,455.0,100.0,True,455.0,Three-dimensional macroscopical quantification of plaque accumulation on implant-supported fixed complete dental prostheses surfaces: A methodological pilot study.,26W6AMTX,unsure,True,True
Jia 等 - 2024 - Improving accuracy and efficiency of the machined PEEK denture based on NSGA-II integrated GABP neur.pdf,1406.0,100.0,True,1406.0,Improving accuracy and efficiency of the machined PEEK denture based on NSGA-II integrated GABP neural network,XTXGD7BC,exclude,False,False
Jiali Yu 等 - 2022 - A novel method of 3D printing locating guide for abutment screw removal in cement-retained implant-s.pdf,1091.0,100.0,True,1091.0,A novel method of 3D printing locating guide for abutment screw removal in cement- retained implant-supported prostheses,ZFERNRSM,exclude,False,False
Jiang 等 - 2021 - LRVRG a local region-based variational region growing algorithm for fast mandible segmentation from.pdf,775.0,100.0,True,775.0,LRVRG: a local region-based variational region growing algorithm for fast mandible segmentation from CBCT images,VJ7NSKC3,include,False,False
Jiang 等 - 2022 - C2F-3DToothSeg Coarse-to-fine 3D tooth segmentation via intuitive single clicks.pdf,1886.0,100.0,True,1886.0,C2F-3DToothSeg: Coarse-to-fine 3D tooth segmentation via intuitive single clicks,C8GFSH6N,exclude,False,False
Jiang 等 - 2024 - Accuracy of Complete-Arch Scans Obtained by Intraoral Scanner and Smartphone Three-Dimensional Scann.pdf,354.0,100.0,True,354.0,Accuracy of Complete-Arch Scans Obtained by Intraoral Scanner and Smartphone Three-Dimensional Scanning Applications With Different Smartphone Position Setups: An In Vitro Study.,MEJFWDKZ,include,True,True
Jiang 等 - 2024 - DC-YOLOv5-based target detection algorithm for cervical vertebral maturation..pdf,1785.0,100.0,True,1785.0,DC-YOLOv5-based target detection algorithm for cervical vertebral maturation,JY2ZTUL8,exclude,False,False
Jiang 等 - 2025 - A Feasibility Study of HoloLens Ear Image Guidance for Ear Reconstruction..pdf,1756.0,100.0,True,1756.0,A Feasibility Study of HoloLens Ear Image Guidance for Ear Reconstruction,6SIK9KIX,include,True,True
Jiang 等 - 2025 - Morphology Prior Enhanced Teeth Segmentation for High-Resolution Oral Scans.pdf,2327.0,100.0,True,2327.0,Morphology Prior Enhanced Teeth Segmentation for High-Resolution Oral Scans,QVL4MH44,exclude,False,False
Jiang 等 - 2025 - Toward Semantically-Consistent Deformable 2D-3D Registration for 3D Craniofacial Structure Estimatio.pdf,2292.0,100.0,True,2292.0,Toward Semantically-Consistent Deformable 2D-3D Registration for 3D Craniofacial Structure Estimation From a Single-View Lateral Cephalometric Radiograph,Y6J5I5QF,include,False,False
Jie 等 - 2022 - Automatic virtual reconstruction of maxillofacial bone defects assisted by ICP (iterative closest po.pdf,932.0,100.0,True,932.0,Automatic virtual reconstruction of maxillofacial bone defects assisted by ICP (iterative closest point) algorithm and normal people database,F6T9LBCV,include,True,True
Jin 等 - 2025 - Learning center- and boundary-aware instance representation for 3D tooth segmentation.pdf,2177.0,100.0,True,2177.0,Learning center-and boundary-aware instance representation for 3D tooth segmentation,PX77W3FF,exclude,False,False
Jindanil 等 - 2024 - Automated orofacial virtual patient creation A proof of concept..pdf,308.0,100.0,True,308.0,Automated orofacial virtual patient creation: A proof of concept.,TQZ3FUDA,include,True,True
Jing 等 - 2024 - USCT Uncertainty-regularized symmetric consistency learning for semi-supervised teeth segmentation.pdf,716.0,100.0,True,716.0,USCT: Uncertainty-regularized symmetric consistency learning for semi-supervised teeth segmentation in CBCT,H25H88EY,exclude,False,False
Jiwan 等 - 2021 - A Comparative study on the Effectiveness of Augmented Reality on Denture Tooth Selection..pdf,52.0,100.0,True,52.0,A Comparative study on the Effectiveness of Augmented Reality on Denture Tooth Selection.,53Y9LVNA,exclude,False,False
jomi.8094.pdf.pdf,,0.0,False,,,,,False,False
Jones 等 - 2024 - Diagnostic agreement between visual examination and an automated scanner system with fluorescence fo.pdf,2007.0,100.0,True,2007.0,Diagnostic agreement between visual examination and an automated scanner system with fluorescence for detecting and classifying occlusal carious lesions in primary teeth,G3CI4KFG,exclude,False,False
joor.13083.pdf.pdf,,0.0,False,,,,,False,False
joor.13097.pdf.pdf,,0.0,False,,,,,False,False
jopr.13179.pdf.pdf,,0.0,False,,,,,False,False
jopr.13224.pdf.pdf,,0.0,False,,,,,False,False
jopr.13225.pdf.pdf,,0.0,False,,,,,False,False
jopr.13268.pdf.pdf,,0.0,False,,,,,False,False
jopr.13398.pdf.pdf,,0.0,False,,,,,False,False
jopr.13401.pdf.pdf,,0.0,False,,,,,False,False
Jorba-García 等 - 2024 - The effect on the performance of a dynamic navigation system of superimposing a standard tessellatio.pdf,1106.0,100.0,True,1106.0,The effect on the performance of a dynamic navigation system of superimposing a standard tessellation language (STL) file obtained with an intraoral scan on a cone beam computer tomograph (CBCT). An experimental in vitro study,WI52KM9V,exclude,False,False
Jorba-García 等 - 2024 - The influence of radiographic marker registration versus a markerless trace registration method on t.pdf,1450.0,100.0,True,1450.0,The influence of radiographic marker registration versus a markerless trace registration method on the implant placement accuracy achieved by dynamic computer-assisted implant surgery. An in-vitro study,EY5PW2ZD,exclude,False,False
"Jorgensen 等 - 2025 - Permeability Benchmarking Guidelines for Comparing in Silico, in Vitro, and in Vivo Measurements..pdf",1934.0,100.0,True,1934.0,"Permeability Benchmarking: Guidelines for Comparing in Silico, in Vitro, and in Vivo Measurements",6FYTI4BQ,exclude,False,False
journal.pdf-1.pdf,,0.0,False,,,,,False,False
journal.pdf.pdf,269.0,72.72727272727273,False,269.0,Oral Cancer Diagnosis Using an Optimized InceptionV3 Model Powered by the Aquila Metaheuristic Algorithm.,VBYALYIQ,exclude,False,False
journal.pone.0240508.pdf.pdf,,0.0,False,,,,,False,False
"Julia 等 - 2026 - Concurrent computed tomography-based evaluation of nasal morphology, airway volume, and skeletal cha.pdf",232.0,100.0,True,232.0,"Concurrent computed tomography-based evaluation of nasal morphology, airway volume, and skeletal changes following craniofacial distraction osteogenesis: A pilot retrospective case series.",LQCXZNNJ,unsure,False,False
Jundt 等 - 2020 - Computed tomography-guided 3D printed patient-specific regional anesthesia..pdf,451.0,100.0,True,451.0,Computed tomography-guided 3D printed patient-specific regional anesthesia.,5BDCAEWD,exclude,False,False
Juneja 等 - 2026 - MaxI-Net A 3D AI Framework for CBCT-Based Maxillofacial Defect Reconstruction and Patient-Specific.pdf,55.0,100.0,True,55.0,MaxI-Net: A 3D AI Framework for CBCT-Based Maxillofacial Defect Reconstruction and Patient-Specific Implant Generation with Biomechanical Validation.,65D7NUJE,include,True,True
K N 等 - 2021 - A Systematic Approach of Data Collection and Analysis in Medical Imaging Research..pdf,514.0,100.0,True,514.0,A Systematic Approach of Data Collection and Analysis in Medical Imaging Research.,PMW9788C,exclude,False,False
Kakai - 2024 - Evaluation of Retentive Forces in Three Types of Removable Partial Denture Framework Materials An I.pdf,296.0,100.0,True,296.0,Evaluation of Retentive Forces in Three Types of Removable Partial Denture Framework Materials: An In Vitro Study.,WZ6Q7HD6,exclude,False,False
Kakali和Halazonetis - 2023 - A novel method for testing accuracy of bite registration using intraoral scanners.pdf,1131.0,100.0,True,1131.0,A novel method for testing accuracy of bite registration using intraoral scanners,HTYKXD2Z,include,False,False
Kamal 等 - 2026 - Strain gauge analysis and deformation detection of maxillary denture bases reinforced by CADCAM mil.pdf,2086.0,100.0,True,2086.0,Strain gauge analysis and deformation detection of maxillary denture bases reinforced by CAD/CAM milled zirconia and cobalt chromium (Co-Cr) frameworks: An in-vitro study,FS7LLKDV,include,True,True
Kamali 等 - 2022 - A discrete event simulation method for performance analysis of an additive manufacturing in the dent.pdf,709.0,100.0,True,709.0,A discrete event simulation method for performance analysis of an additive manufacturing in the dental clinic,QSRSEXXN,exclude,False,False
Kamboonsri 等 - 2026 - An End-to-End Deep Learning Pipeline for Automated Mandible Virtual Surgical Planning Using Real-Wor.pdf,2437.0,100.0,True,2437.0,An End-to-End Deep Learning Pipeline for Automated Mandible Virtual Surgical Planning Using Real-World Clinical Data,DVMCH739,include,True,True
Kamburoğlu 等 - 3D printing in endodontics report of three clinical cases with innovative approaches 3-D-Druck in d.pdf,1919.0,100.0,True,1919.0,3D printing in endodontics: report of three clinical cases with innovative approaches,QQZNUG9U,unsure,True,True
Kamel 等 - 2024 - Passive fit and time efficiency for prefabricated versus conventionally constructed cobalt chromium.pdf,2066.0,100.0,True,2066.0,Passive fit and time efficiency for prefabricated versus conventionally constructed cobalt chromium CAD\textbackslashCAM 3-unit implant supported frameworks in free end saddle models: a pilot invitro study,8HPQKBVZ,exclude,False,False
Kammer 等 - 2025 - Role of Digital Technologies in Special Care Dentistry A Scoping Review.pdf,22.0,100.0,True,22.0,Role of Digital Technologies in Special Care Dentistry: A Scoping Review.,EILJESU9,exclude,False,False
Kanavakis 等 - 2022 - Novel Anterior Cranial Base Area for Voxel-Based Superimposition of Craniofacial CBCTs..pdf,1918.0,100.0,True,1918.0,Novel Anterior Cranial Base Area for Voxel-Based Superimposition of Craniofacial CBCTs,FPPNK9J9,exclude,False,False
Kang 等 - 2021 - Effect of the presence of orthodontic brackets on intraoral scans..pdf,17.0,100.0,True,17.0,Effect of the presence of orthodontic brackets on intraoral scans.,T8Q2R8EA,exclude,True,True
Kang和Ye - 2023 - Structural composition of antibacterial zinc-doped geopolymers.pdf,1393.0,100.0,True,1393.0,Structural composition of antibacterial zinc-doped geopolymers,PIJCZ274,exclude,False,False
"Karabiber和Eglenen - 2024 - 3D printed indirect bonding trays transfer accuracy of bar vs shell design in a prospective, random.pdf",1461.0,100.0,True,1461.0,"3D printed indirect bonding trays: transfer accuracy of bar vs shell design in a prospective, randomized clinical trial",X6MQB5ZG,include,False,False
Karadede Ünal和Dellaloğlu - 2021 - Digital analysis of tooth sizes among individuals with different malocclusions A study using three-.pdf,667.0,100.0,True,667.0,Digital analysis of tooth sizes among individuals with different malocclusions: A study using three-dimensional digital dental models,4A8X2JVE,exclude,False,False
Karanxha 等 - 2022 - Premolar and Molar Inclination Changes Following Micro-Implant-Assisted Maxillary Skeletal Expander.pdf,1618.0,100.0,True,1618.0,Premolar and Molar Inclination Changes Following Micro-Implant-Assisted Maxillary Skeletal Expander (MSE): A Three-Dimensional Analysis and Visualization,HPTKUJ9W,exclude,False,False
Karasick 等 - 2025 - MarginView3D A Novel Software Enabling Comprehensive Three-Dimensional Surgical Pathology Documenta.pdf,933.0,100.0,True,933.0,MarginView3D: A Novel Software Enabling Comprehensive Three-Dimensional Surgical Pathology Documentation for Improved Intra- and Postoperative Cancer Care,SUL3GW4D,exclude,True,True
Karcioglu 等 - 2025 - ML-based tooth shade assessment to prevent metamerism in different clinic lights..pdf,1158.0,100.0,True,1158.0,ML-based tooth shade assessment to prevent metamerism in different clinic lights,KLN2JNA2,exclude,False,False
Karnatz 等 - 2024 - Mixed Reality as a Digital Visualisation Solution for the Head and Neck Tumour Board Application Cr.pdf,1536.0,100.0,True,1536.0,Mixed Reality as a Digital Visualisation Solution for the Head and Neck Tumour Board: Application Creation and Implementation Study,TY5VT4UV,include,False,False
Katta 等 - 2023 - Using the Finite Element Method to Determine the Odonto-Periodontal Stress for a Patient with Angle.pdf,897.0,100.0,True,897.0,Using the Finite Element Method to Determine the Odonto-Periodontal Stress for a Patient with Angle Class II Division 1 Malocclusion,863TCEA7,include,True,True
Kau 等 - 2026 - Principal component analysis of 3-dimensional facial soft-tissue morphology in three adult populatio.pdf,2157.0,100.0,True,2157.0,Principal component analysis of 3-dimensional facial soft-tissue morphology in three adult populations,EI2TNAGK,include,False,False
Kawakami 等 - 2023 - Computer-assisted surgery with markerless augmented reality for the surgical removal of mandibular o.pdf,1775.0,100.0,True,1775.0,Computer-assisted surgery with markerless augmented reality for the surgical removal of mandibular odontogenic cysts: report of two clinical cases,7GRJAY7C,include,True,True
Kaygısız Yiğit 等 - 2025 - Artificial intelligence based fully automatic 3D paranasal sinus segmentation..pdf,2255.0,100.0,True,2255.0,Artificial intelligence-based fully automatic 3D paranasal sinus segmentation,ZMBGXJTE,include,True,True
Kazimierczak 等 - 2023 - Correlation Analysis of Nasal Septum Deviation and Results of AI-Driven Automated 3D Cephalometric A.pdf,1739.0,100.0,True,1739.0,Correlation Analysis of Nasal Septum Deviation and Results of AI-Driven Automated 3D Cephalometric Analysis,XRXG22EC,exclude,True,True
Kazimierczak 等 - 2024 - Skeletal facial asymmetry reliability of manual and artificial intelligence-driven analysis-1.pdf,1701.0,100.0,True,1701.0,Skeletal facial asymmetry: reliability of manual and artificial intelligence-driven analysis,RFPYNGAN,exclude,False,False
Kazimierczak 等 - 2024 - Skeletal facial asymmetry reliability of manual and artificial intelligence-driven analysis..pdf,1701.0,100.0,True,1701.0,Skeletal facial asymmetry: reliability of manual and artificial intelligence-driven analysis,RFPYNGAN,exclude,False,False
Kazimierczak 等 - 2024 - Skeletal facial asymmetry reliability of manual and artificial intelligence-driven analysis.pdf,1701.0,100.0,True,1701.0,Skeletal facial asymmetry: reliability of manual and artificial intelligence-driven analysis,RFPYNGAN,exclude,False,False
Kechagias和Zaoutsos - 2023 - Optimising fused filament fabrication surface roughness for a dental implant.pdf,670.0,100.0,True,670.0,Optimising fused filament fabrication surface roughness for a dental implant,BVNKQ2N3,exclude,False,False
Kehl 等 - 2026 - Spatiotemporal mechanical stimuli from dental crypt during tooth development An integrated experime.pdf,949.0,100.0,True,949.0,Spatiotemporal mechanical stimuli from dental crypt during tooth development: An integrated experimental and computational study,A3GV56C7,include,False,False
Keilig 等 - 2024 - Treatment Efficiency of Maxillary and Mandibular Orovestibular Tooth Expansion and Compression Movem.pdf,1703.0,100.0,True,1703.0,Treatment Efficiency of Maxillary and Mandibular Orovestibular Tooth Expansion and Compression Movements with the Invisalign? System in Adolescents and Adults,Z96VKUQ8,exclude,False,False
"Keleş和Karaca - 2023 - Comparison of Stress Distribution Among Standard Dental Implants Placed in Grafted Bone, Zygomatic I.pdf",2008.0,100.0,True,2008.0,"Comparison of Stress Distribution Among Standard Dental Implants Placed in Grafted Bone, Zygomatic Implants, and Subperiosteal Implants in the Atrophic Edentulous Maxilla: 3D Finite Element Analysis",5VMVSI6N,include,True,True
Kelkar 等 - 2021 - Finite element analysis of the effect of framework materials at the bone-implant interface in the al.pdf,311.0,100.0,True,311.0,Finite element analysis of the effect of framework materials at the bone-implant interface in the all-on-four implant system.,QFFZ2SWF,include,True,True
Kelz 等 - 2023 - Growth allometry and dental topography in Upper Triassic conodonts support trophic differentiation a.pdf,1660.0,100.0,True,1660.0,Growth allometry and dental topography in Upper Triassic conodonts support trophic differentiation and molar-like element function,MZW42EWD,exclude,False,False
Kerkhof 等 - 2025 - Depth-based registration of 3D preoperative models to intraoperative patient anatomy using the HoloL.pdf,2185.0,100.0,True,2185.0,Depth-based registration of 3D preoperative models to intraoperative patient anatomy using the HoloLens 2,8FWPXUE2,include,True,True
Keshari Parida 等 - 2025 - ViT-NeBLa A Hybrid Vision Transformer and Neural Beer–Lambert Framework for Single-View 3D Reconstr.pdf,2339.0,100.0,True,2339.0,ViT-NeBLa: A Hybrid Vision Transformer and Neural Beer–Lambert Framework for Single-View 3D Reconstruction of Oral Anatomy From Panoramic Radiographs,JX7Z45RP,include,False,False
Khalaf 等 - 2024 - Tissue surface adaptation and retention of digital obturator after one year of use..pdf,1279.0,100.0,True,1279.0,Tissue surface adaptation and retention of digital obturator after one year of use,MTZIVEQB,include,False,False
"Khalifa 等 - 2023 - Wear, Fatigue, and Fracture Resistance of Different Monolithic CADCAM Onlays as Abutments for Aceta.pdf",93.0,100.0,True,93.0,"WEAR, FATIGUE, AND FRACTURE RESISTANCE OF DIFFERENT MONOLITHIC CAD/CAM ONLAYS AS ABUTMENTS FOR ACETAL RESIN OR COBALT-CHROMIUM REMOVABLE PARTIAL DENTURE FRAMEWORKS.",3L3AZP53,include,True,True
Khalil 等 - 2022 - The microbiological effect of virgin coconut oil on the morphological and volumetric dimensional cha.pdf,2215.0,100.0,True,2215.0,The microbiological effect of virgin coconut oil on the morphological and volumetric dimensional changes of 3D printed surgical guides (in vitro study),QNI34BLU,include,False,False
"Khan 等 - 2023 - Human Bone Marrow Organoids for Disease Modeling, Discovery, and Validation of Therapeutic Targets i-1.pdf",1680.0,99.41520467836258,True,1680.0,"Human Bone Marrow Organoids for Disease Modeling, Discovery, and Validation of Therapeutic Targets in Hematologic Malignancies",BNP6WFER,exclude,False,False
"Khan 等 - 2023 - Human Bone Marrow Organoids for Disease Modeling, Discovery, and Validation of Therapeutic Targets i.pdf",1680.0,100.0,True,1680.0,"Human Bone Marrow Organoids for Disease Modeling, Discovery, and Validation of Therapeutic Targets in Hematologic Malignancies",BNP6WFER,exclude,False,False
Khosravi和Ramos Jr - 2024 - Principles of interdisciplinary orthodontic and restorative treatment.pdf,1218.0,100.0,True,1218.0,Principles of interdisciplinary orthodontic and restorative treatment,IF7WG7DS,exclude,False,False
Khurelbaatar 等 - 2025 - Three-dimensional cranial suture morphometric changes in young rats during normal growth.pdf,1742.0,100.0,True,1742.0,Three-dimensional cranial suture morphometric changes in young rats during normal growth,IWPHXENQ,exclude,False,False
Kidwai 等 - 2021 - Quantitative Craniofacial Analysis and Generation of Human Induced Pluripotent Stem Cells for Muenke.pdf,453.0,100.0,True,453.0,Quantitative Craniofacial Analysis and Generation of Human Induced Pluripotent Stem Cells for Muenke Syndrome: A Case Report.,RN75DXBK,include,False,False
Kikuta 等 - 2025 - Three-Dimensional Hemisided Analysis of the Pharyngeal Airway A Novel Technical Strategy to Evaluat.pdf,749.0,100.0,True,749.0,Three-Dimensional Hemisided Analysis of the Pharyngeal Airway: A Novel Technical Strategy to Evaluate Asymmetric Remodeling After Orthognathic Surgery,E84ZXP9F,include,False,False
Kilic和Caglar - 2024 - An Investigation of Stress Distribution Between Two Different Implant Concept in Implant-Supported M.pdf,1821.0,98.26589595375722,True,1821.0,Investigation of Stress Distribution Between Two Different Implant Concepts in Implant-Supported Maxillary Prostheses with Different Framework Materials: A Finite Element Study,RIBUBPAA,include,True,True
Kim 等 - 2021 - Analysis of the mandibular canal course using unsupervised machine learning algorithm.-1.pdf,400.0,100.0,True,400.0,Analysis of the mandibular canal course using unsupervised machine learning algorithm.,TADKGI4W,exclude,False,False
Kim 等 - 2021 - Analysis of the mandibular canal course using unsupervised machine learning algorithm..pdf,400.0,100.0,True,400.0,Analysis of the mandibular canal course using unsupervised machine learning algorithm.,TADKGI4W,exclude,False,False
Kim 等 - 2021 - Color three-dimensional imaging based on patterned illumination using a negative pinhole array..pdf,1045.0,100.0,True,1045.0,Color three-dimensional imaging based on patterned illumination using a negative pinhole array,PKG7FRXM,exclude,False,False
Kim 等 - 2021 - Prediction of age and sex from paranasal sinus images using a deep learning network.pdf,1819.0,100.0,True,1819.0,Prediction of age and sex from paranasal sinus images using a deep learning network,JKKFZSKB,exclude,False,False
Kim 等 - 2023 - Validation of a Biomechanical Injury and Disease Assessment Platform Applying an Inertial-Based Bios-1.pdf,1079.0,99.42857142857143,True,1079.0,Validation of a Biomechanical Injury and Disease Assessment Platform Applying an Inertial-Based Biosensor and Axis Vector Computation,5R8DUV5Q,exclude,False,False
Kim 等 - 2023 - Validation of a Biomechanical Injury and Disease Assessment Platform Applying an Inertial-Based Bios.pdf,1079.0,100.0,True,1079.0,Validation of a Biomechanical Injury and Disease Assessment Platform Applying an Inertial-Based Biosensor and Axis Vector Computation,5R8DUV5Q,exclude,False,False
Kim 等 - 2024 - Accuracy of Mandibular Removable Partial Denture Frameworks Fabricated by 3D Printing and Convention.pdf,727.0,100.0,True,727.0,Accuracy of Mandibular Removable Partial Denture Frameworks Fabricated by 3D Printing and Conventional Techniques,WA5FYPIY,exclude,True,True
Kim 等 - 2024 - An in vitro evaluation of bond strength and failure behavior between 3D-printed cobalt-chromium allo.pdf,787.0,100.0,True,787.0,An in vitro evaluation of bond strength and failure behavior between 3D-printed cobalt-chromium alloy and different types of denture base resins,GZCR8ZD9,exclude,False,False
Kim 等 - 2024 - Minimizing inconsistencies in gray values in small field-of-view dental computed tomography by modul.pdf,1059.0,100.0,True,1059.0,Minimizing inconsistencies in gray values in small field-of-view dental computed tomography by modulating reconstruction filter intensity: simulation study,AXGUCU7Q,exclude,False,False
Kim 等 - 2024 - Simple and Cost-Effective Generation of 3D Cell Sheets and Spheroids Using Curvature-Controlled Para.pdf,1263.0,100.0,True,1263.0,Simple and Cost-Effective Generation of 3D Cell Sheets and Spheroids Using Curvature-Controlled Paraffin Wax Substrates,TT3FFFAV,exclude,False,False
Kim 等 - 2025 - Automated dentition segmentation 3D UNet-based approach with MIScnn framework.pdf,34.0,100.0,True,34.0,Automated dentition segmentation: 3D UNet-based approach with MIScnn framework.,R4FJVQAW,include,False,False
Kim 等 - 2025 - Enhancing panoramic dental imaging with AI-driven arch surface fitting achieving improved clarity a.pdf,1884.0,100.0,True,1884.0,Enhancing panoramic dental imaging with AI-driven arch surface fitting: achieving improved clarity and accuracy through an optimal reconstruction zone,K24ZBIB8,exclude,False,False
Kim 等 - 2026 - Automatic multi-class classification of 3D relationships between the mandibular third molar and cana.pdf,836.0,100.0,True,836.0,Automatic multi-class classification of 3D relationships between the mandibular third molar and canal on cone-beam computed tomography using a geometry-aware network,9CQF4EX6,include,False,False
Kim 等 - 2026 - Efficacy of Submucosal Polydeoxyribonucleotide Injection after Impacted Mandibular Third Molar Extra.pdf,1242.0,100.0,True,1242.0,Efficacy of Submucosal Polydeoxyribonucleotide Injection after Impacted Mandibular Third Molar Extraction: A Randomized Controlled Trial,RHIDMTCI,unsure,False,False
Kim 等 - 2026 - Pressure-based finite element analysis of setup distance in clear aligner canine retraction comparin.pdf,523.0,100.0,True,523.0,Pressure-based finite element analysis of setup distance in clear aligner canine retraction comparing bodily and tipping movements.,IYKJ62I6,include,False,False
Kiong 等 - 2024 - Effect of attachment flash on clear aligner force delivery an in vitro study..pdf,1172.0,100.0,True,1172.0,Effect of attachment flash on clear aligner force delivery: an in vitro study,9VYQRD5N,exclude,False,False
"Klop 等 - 2024 - An open-source, three-dimensional growth model of the mandible.pdf",5.0,100.0,True,5.0,"An open-source, three-dimensional growth model of the mandible.",CLHU5JFE,include,False,False
Klotz 等 - 2024 - Fracture Resistance of Posterior Tooth-Supported Cantilever Fixed Dental Prostheses of Different Zir.pdf,1064.0,100.0,True,1064.0,Fracture Resistance of Posterior Tooth-Supported Cantilever Fixed Dental Prostheses of Different Zirconia Generations and Framework Thicknesses: An In Vitro Study,CR3SB4FK,exclude,False,False
Ko 等 - 2021 - Effect of build angle and layer height on the accuracy of 3-dimensional printed dental models..pdf,1299.0,100.0,True,1299.0,Effect of build angle and layer height on the accuracy of 3-dimensional printed dental models,P23TVHFB,exclude,True,True
Ko 等 - 2026 - Application of temporary patient-specific plate in head and neck osteocutaneous free flap reconstruc.pdf,124.0,100.0,True,124.0,Application of temporary patient-specific plate in head and neck osteocutaneous free flap reconstruction: a prospective pilot study.,IHFWL9JR,unsure,False,False
Kobayashi 等 - 2022 - Influence of molding angle on the trueness and defects of removable partial denture frameworks fabri.pdf,840.0,100.0,True,840.0,Influence of molding angle on the trueness and defects of removable partial denture frameworks fabricated by selective laser melting,2CXB78BF,exclude,True,True
Kobe 等 - 2023 - Retentive design of a small surgical guide for implant surgery An in-vitro study.pdf,989.0,100.0,True,989.0,Retentive design of a small surgical guide for implant surgery: An in-vitro study,B88UY5CW,include,True,True
Kocak 等 - 2022 - Effect of Internal Design Modification on the Mechanical Properties of Laser Sintered Cobalt-Chromiu.pdf,1962.0,100.0,True,1962.0,Effect of Internal Design Modification on the Mechanical Properties of Laser Sintered Cobalt-Chromium Multi-Unit Metal-Ceramic Frameworks,PJ6EWCT2,exclude,True,True
Koenig 等 - 2022 - Comparison of dimensional accuracy between direct-printed and thermoformed aligners.pdf,1900.0,100.0,True,1900.0,Comparison of dimensional accuracy between direct-printed and thermoformed aligners,EVIJIMCA,include,True,True
Kondaka 等 - 2022 - Prosthetic rehabilitation of untailored defects using patient-specific implants.pdf,359.0,100.0,True,359.0,Prosthetic rehabilitation of untailored defects using patient-specific implants.,YKE5IFLZ,unsure,False,False
Kondarage 等 - 2022 - In situ 4D tomography image analysis framework to follow sintering within 3D-printed glass scaffolds.pdf,1454.0,100.0,True,1454.0,In situ 4D tomography image analysis framework to follow sintering within 3D-printed glass scaffolds,REL9RRAH,exclude,True,True
"Kontio 等 - 2024 - Automated 3-D Computer-Aided Measurement of the Bony Orbit Evaluation of Correlations among Volume,.pdf",505.0,100.0,True,505.0,"Automated 3-D Computer-Aided Measurement of the Bony Orbit: Evaluation of Correlations among Volume, Depth, and Surface Area.",KR5U5D8V,include,False,False
Kopačin 等 - 2024 - Personalized 3D-printed cranial implants for complex cranioplasty using open-source software..pdf,318.0,100.0,True,318.0,Personalized 3D-printed cranial implants for complex cranioplasty using open-source software.,QE8249VZ,exclude,True,True
Korkmaz 等 - 2023 - A novel probabilistic and 3D column P300 stimulus presentation paradigm for EEG-based spelling syste.pdf,1495.0,100.0,True,1495.0,A novel probabilistic and 3D column P300 stimulus presentation paradigm for EEG-based spelling systems,W8WPQ4EQ,exclude,False,False
Korkmaz和Aydın - 2025 - Comparison of Different Frameworks and Implant Angulations in All-On-Four and Six Concepts A Finite.pdf,1053.0,100.0,True,1053.0,Comparison of Different Frameworks and Implant Angulations in All-On-Four and Six Concepts: A Finite Element Analysis,HECHH8ZW,include,True,True
Kozakiewicz-Latała 等 - 2024 - PVA-based formulations as a design-technology platform for orally disintegrating film matrices.pdf,577.0,100.0,True,577.0,PVA-based formulations as a design-technology platform for orally disintegrating film matrices.,QFUV2EYX,exclude,False,False
Krejčí 等 - 2026 - Segmentation of spinal rootlets across MRI contrasts with RootletSeg.pdf,446.0,100.0,True,446.0,Segmentation of spinal rootlets across MRI contrasts with RootletSeg.,FS95B6WA,exclude,False,False
Križaj 等 - 2022 - Making the Most of Single Sensor Information A Novel Fusion Approach for 3D Face Recognition Using.pdf,402.0,100.0,True,402.0,Making the Most of Single Sensor Information: A Novel Fusion Approach for 3D Face Recognition Using Region Covariance Descriptors and Gaussian Mixture Models.,M34352PG,exclude,False,False
Krupali Ashokbhai 等 - 2024 - Leveraging solid solubility and miscibility of etoricoxib in Soluplus® towards manufacturing of 3D p.pdf,2062.0,100.0,True,2062.0,Leveraging solid solubility and miscibility of etoricoxib in Soluplus? towards manufacturing of 3D printed etoricoxib tablets by additive manufacturing,5BZNI5MC,exclude,False,False
Kuan 等 - 2023 - Path Planning and Navigation of Miniature Serpentine Robot for Bronchoscopy Application..pdf,1764.0,100.0,True,1764.0,Path Planning and Navigation of Miniature Serpentine Robot for Bronchoscopy Application,4WCH6H5S,exclude,False,False
Kubík和Španěl - 2024 - LMVSegRNN and Poseidon3D Addressing Challenging Teeth Segmentation Cases in 3D Dental Surface Ortho.pdf,2045.0,100.0,True,2045.0,LMVSegRNN and Poseidon3D: Addressing Challenging Teeth Segmentation Cases in 3D Dental Surface Orthodontic Scans,R7ISRWUL,exclude,False,False
Kuc 等 - 2025 - Corticotomy Depth as a Modulator of Orthodontic Tooth Movement and PDL Stress—A Finite Element Study.pdf,726.0,100.0,True,726.0,Corticotomy Depth as a Modulator of Orthodontic Tooth Movement and PDL Stress-A Finite Element Study,9QEYAAGH,include,False,False
Kuehn 等 - 2022 - Enabling Complex Fibre Geometries Using 3D Printed Axon-Mimetic Phantoms..pdf,2211.0,100.0,True,2211.0,Enabling Complex Fibre Geometries Using 3D Printed Axon-Mimetic Phantoms,5QNKAX9U,exclude,False,False
Kuharattanachai 等 - 2022 - Three-dimensional volumetric evaluation of dental pulp cavitytooth ratio in anterior open bite malo.pdf,1606.0,100.0,True,1606.0,Three-dimensional volumetric evaluation of dental pulp cavity/tooth ratio in anterior open bite malocclusion using cone beam computed tomography,MKQJRINH,include,True,True
Kumar 等 - 2020 - A 3-D Finite Element Analysis of Stress Distribution on Implant-supported Fixed Prosthesis with Four.pdf,114.0,100.0,True,114.0,A 3-D Finite Element Analysis of Stress Distribution on Implant-supported Fixed Prosthesis with Four Different Commercially Available Implant Systems.,WYDE6M86,include,True,True
Kumar 等 - 2023 - Dental Disease Detection and Classification in Radiograph Images using Deep Learning Model.pdf,2352.0,100.0,True,2352.0,Dental Disease Detection and Classification in Radiograph Images using Deep Learning Model,86Y8P3DG,exclude,False,False
"Kumar 等 - 2023 - On Mechanical, Physical, and Bioactivity Characteristics of Material Extrusion Printed Polyether Eth.pdf",1910.0,100.0,True,1910.0,"On Mechanical, Physical, and Bioactivity Characteristics of Material Extrusion Printed Polyether Ether Ketone",74VTAKPD,exclude,False,False
Kumari 等 - 2025 - Fabrication of multilayer heterogeneous cell assembly for pathophysiologically relevant 3D in-vit.pdf,1317.0,100.0,True,1317.0,Fabrication of multilayer heterogeneous cell assembly for pathophysiologically relevant 3D in-vitro IBD disease model for high throughput drug screening,XQQ4EMYY,exclude,False,False
"Kumar和Kumar - 2025 - A Comprehensive Study on Additive Manufacturing Techniques, Machine Learning Integration, and Intern.pdf",2165.0,100.0,True,2165.0,"A Comprehensive Study on Additive Manufacturing Techniques, Machine Learning Integration, and Internet of Things-Driven Sustainability Opportunities",QN62CWY4,exclude,False,False
Kuralt 等 - 2021 - The precision of gingival recession measurements is increased by an automated curvature analysis met.pdf,1084.0,100.0,True,1084.0,The precision of gingival recession measurements is increased by an automated curvature analysis method,5KJ9ZCAV,include,True,True
Kurniawan 等 - 2024 - Optimization of forensic identification through 3-dimensional imaging analysis of labial tooth surfa.pdf,162.0,100.0,True,162.0,Optimization of forensic identification through 3-dimensional imaging analysis of labial tooth surface using open-source software.,MH77VGXZ,include,True,True
Kuusisto 等 - 2023 - Zirconia implants interfere with the evaluation of peri-implant bone defects in cone beam computed t-1.pdf,204.0,99.41520467836258,True,204.0,"Zirconia implants interfere with the evaluation of peri-implant bone defects in cone beam computed tomography (CBCT) images even with artifact reduction, a pilot study.",HG9V8DTX,exclude,False,False
Kuusisto 等 - 2023 - Zirconia implants interfere with the evaluation of peri-implant bone defects in cone beam computed t-2.pdf,204.0,99.41520467836258,True,204.0,"Zirconia implants interfere with the evaluation of peri-implant bone defects in cone beam computed tomography (CBCT) images even with artifact reduction, a pilot study.",HG9V8DTX,exclude,False,False
Kuusisto 等 - 2023 - Zirconia implants interfere with the evaluation of peri-implant bone defects in cone beam computed t.pdf,204.0,100.0,True,204.0,"Zirconia implants interfere with the evaluation of peri-implant bone defects in cone beam computed tomography (CBCT) images even with artifact reduction, a pilot study.",HG9V8DTX,exclude,False,False
Kwon 等 - 2021 - The development of a functional human small intestinal epithelium model for drug absorption.pdf,1153.0,100.0,True,1153.0,The development of a functional human small intestinal epithelium model for drug absorption,DUNG6UUV,exclude,False,False
Kümbüloğlu 等 - 2022 - Stress Distribution on Various Implant-Retained Bar Overdentures.pdf,1391.0,100.0,True,1391.0,Stress Distribution on Various Implant-Retained Bar Overdentures,IIAXIP3S,include,True,True
Küçükkurt - 2026 - Posterior implant angulation without cantilever reduction in mandibular All-on-4 a controlled finit.pdf,178.0,100.0,True,178.0,Posterior implant angulation without cantilever reduction in mandibular All-on-4: a controlled finite element analysis of stress transfer and implant macrodesign effects.,KHNTF6NJ,include,False,False
Kızılırmak 等 - 2025 - Effect of manufacturing type and aging on the fit of metal frameworks an in vitro Micro-CT study..pdf,1122.0,100.0,True,1122.0,Effect of manufacturing type and aging on the fit of metal frameworks: an in vitro Micro-CT study,D4Y88T8X,exclude,False,False
"Laczi 等 - 2025 - Instantaneous center of rotation, the first step to build up the digital laboratory of complex motio.pdf",1553.0,100.0,True,1553.0,"Instantaneous center of rotation, the first step to build up the digital laboratory of complex motions",PZLBG7A6,unsure,False,False
Lai 等 - 2025 - Automated Dental Landmarks Recognition in Special Models via Neural Network.pdf,2288.0,100.0,True,2288.0,Automated Dental Landmarks Recognition in Special Models via Neural Network,3C3LWSIA,include,True,True
Lamparelli 等 - 2026 - 3D environment with BMP-2-releasing nanocarriers enhances osteogenic commitment of human tendon stem.pdf,1345.0,100.0,True,1345.0,3D environment with BMP-2-releasing nanocarriers enhances osteogenic commitment of human tendon stem cells,7ZKZHFDS,exclude,False,False
Lan 等 - 2023 - Stress analysis and risk of failure during clenching in ceramic assembly models 3-dimensional finit.pdf,1651.0,100.0,True,1651.0,Stress analysis and risk of failure during clenching in ceramic assembly models: 3-dimensional finite element analysis,B5653MJF,include,True,True
Lang 等 - 2021 - DLLNet An Attention-Based Deep Learning Method for Dental Landmark Localization on High-Resolution.pdf,458.0,100.0,True,458.0,DLLNet: An Attention-Based Deep Learning Method for Dental Landmark Localization on High-Resolution 3D Digital Dental Models.,64V4MY8B,exclude,False,False
Lang 等 - 2022 - Localization of Craniomaxillofacial Landmarks on CBCT Images Using 3D Mask R-CNN and Local Dependenc.pdf,2418.0,100.0,True,2418.0,Localization of Craniomaxillofacial Landmarks on CBCT Images Using 3D Mask R-CNN and Local Dependency Learning,VDZWG6NT,exclude,False,False
Lan和Su - 2026 - Dynamic finite element analysis of stress distribution in edentulous fixed restorations Effects of.pdf,1294.0,100.0,True,1294.0,Dynamic finite element analysis of stress distribution in edentulous fixed restorations: Effects of different implant configurations and framework materials,JBLBAXQD,include,True,True
Lau 等 - 2022 - A Porcine Model Using Adipose Stem Cell-Loaded Scaffolds for Alveolar Ridge Augmentation..pdf,1083.0,100.0,True,1083.0,A Porcine Model Using Adipose Stem Cell-Loaded Scaffolds for Alveolar Ridge Augmentation,7W7AW9ET,exclude,True,True
"Law - 2024 - CADCAM-FABRICATED RPD FRAMEWORKS SHOW LOWER FIT ACCURACY COMPARED TO CONVENTIONAL CASTING, WITH IND.pdf",1685.0,100.0,True,1685.0,"CAD/CAM-FABRICATED RPD FRAMEWORKS SHOW LOWER FIT ACCURACY COMPARED TO CONVENTIONAL CASTING, WITH INDIRECT 3D PRINTING OFFERING COMPARABLE RESULTS",6TRMWJXT,exclude,False,False
Le 等 - 2021 - Automatic Segmentation of Mandibular Ramus and Condyles.pdf,2320.0,100.0,True,2320.0,Automatic Segmentation of Mandibular Ramus and Condyles,24Y7C84K,exclude,True,True
Leandro 等 - 2024 - Stress distribution on implant- supported zirconia crown of maxillary first molar effect of oblique.pdf,2220.0,100.0,True,2220.0,Stress distribution on implant- supported zirconia crown of maxillary first molar: effect of oblique load on natural and antagonist tooth,GUATC4KK,include,True,True
Lee - 2021 - Digital Workflow for Establishing the Posterior Palatal Seal on a Digital Complete Denture.pdf,708.0,100.0,True,708.0,Digital Workflow for Establishing the Posterior Palatal Seal on a Digital Complete Denture,7DUXHX7E,exclude,True,True
Lee 等 - 2020 - Assessment of the Inner Surface Roughness of 3D Printed Dental Crowns via Optical Coherence Tomograp.pdf,2362.0,100.0,True,2362.0,Assessment of the Inner Surface Roughness of 3D Printed Dental Crowns via Optical Coherence Tomography Using a Roughness Quantification Algorithm,V85M8FZ4,exclude,False,False
"Lee 等 - 2021 - A Complete Digital Workflow for Planning, Simulation, and Evaluation in Orthognathic Surgery..pdf",710.0,100.0,True,710.0,"A Complete Digital Workflow for Planning, Simulation, and Evaluation in Orthognathic Surgery",T43PJP5P,unsure,True,True
Lee 等 - 2022 - Advantages of deep learning with convolutional neural network in detecting disc displacement of the.pdf,1056.0,100.0,True,1056.0,Advantages of deep learning with convolutional neural network in detecting disc displacement of the temporomandibular joint in magnetic resonance imaging,JURF9NTK,exclude,False,False
Lee 等 - 2023 - Three-dimensional soft tissue landmark detection with marching cube algorithm..pdf,291.0,100.0,True,291.0,Three-dimensional soft tissue landmark detection with marching cube algorithm.,VMWZNNZZ,include,False,False
Lee 等 - 2023 - Trueness of stereolithography ZrO(2) crowns with different build directions..pdf,2209.0,100.0,True,2209.0,Trueness of stereolithography ZrO2 crowns with different build directions,MIIDKKPB,include,True,True
Lee 等 - 2024 - A Finite Element Analysis Study of Edentulous Model with Complete Denture to Simulate Masticatory Mo.pdf,766.0,100.0,True,766.0,A Finite Element Analysis Study of Edentulous Model with Complete Denture to Simulate Masticatory Movement,Y74MMKQJ,include,True,True
Lee 等 - 2024 - Digital application of three‐dimensional diagnosis and treatment with a virtual articulator.pdf,1025.0,100.0,True,1025.0,Digital application of three-dimensional diagnosis and treatment with a virtual articulator,59C32I24,unsure,False,False
Lee 等 - 2025 - Development of a Quantitative Method to Assess Dental Students' Manual Dexterity in Tooth Cavity Pre.pdf,2114.0,100.0,True,2114.0,Development of a Quantitative Method to Assess Dental Students' Manual Dexterity in Tooth Cavity Preparation,KYG8D3UF,include,True,True
Lee 等 - 2026 - A novel technique for maxillary regional superimposition using merged CBCTs and intra-oral scans.pdf,2119.0,100.0,True,2119.0,A novel technique for maxillary regional superimposition using merged CBCTs and intra-oral scans,SWR4VY3Q,include,False,False
"Lee和Chen - 2022 - Digitally Fabricated Dentures for Full Mouth Rehabilitation with Zirconia, Polyetheretherketone and.pdf",977.0,100.0,True,977.0,"Digitally Fabricated Dentures for Full Mouth Rehabilitation with Zirconia, Polyetheretherketone and Selective Laser Melted Ti-6Al-4V Material",9TZHBXIG,exclude,False,False
Lekshmi 等 - 2020 - Is There a Need to Increase Palatal Root Torque of Upper Incisors in Lingual Appliance A Finite Ele.pdf,277.0,100.0,True,277.0,Is There a Need to Increase Palatal Root Torque of Upper Incisors in Lingual Appliance? A Finite Element Analysis.,NTBICZNM,include,True,True
Lentzen 等 - 2022 - A volumetric study of mandibular condyles in orthognathic patients by semiautomatic segmentation..pdf,405.0,100.0,True,405.0,A volumetric study of mandibular condyles in orthognathic patients by semiautomatic segmentation.,D9VEKSXK,include,True,True
Lentzen 等 - 2022 - Volumetric and Morphological Analysis of Mandibular Condyles of Angle Class 2 and 3 Malocclusion Pat.PDF,785.0,100.0,True,785.0,Volumetric and Morphological Analysis of Mandibular Condyles of Angle Class 2 and 3 Malocclusion Patients,VPLLGW2S,include,True,True
Leopold 等 - 2024 - REFERENCE AREAS SELECTION AFFECTS REGISTRATION OF AI-SEGMENTED MANDIBLES ACQUIRED WITH CBCT.pdf,1702.0,100.0,True,1702.0,REFERENCE AREAS SELECTION AFFECTS REGISTRATION OF AI-SEGMENTED MANDIBLES ACQUIRED WITH CBCT,2JTAYJJD,include,True,True
Levrini 等 - 2025 - Biomechanical Analysis of Different Pacifiers and Their Effects on the Upper Jaw and Tongue.pdf,1431.0,100.0,True,1431.0,Biomechanical Analysis of Different Pacifiers and Their Effects on the Upper Jaw and Tongue,QAQKMGUW,exclude,False,False
Li 等 - 2021 - A novel digital and visualized guided bone regeneration procedure and digital precise bone augmentat.pdf,1400.0,100.0,True,1400.0,A novel digital and visualized guided bone regeneration procedure and digital precise bone augmentation: A case series,W2SGSLB2,include,False,False
Li 等 - 2021 - Research on the dimensional accuracy of customized bone augmentation combined with span style=font.pdf,2175.0,91.71974522292994,True,2175.0,Research on the dimensional accuracy of customized bone augmentation combined with 3D-printing individualized titanium mesh: A retrospective case series study,84KPWKRW,include,True,True
Li 等 - 2023 - 3D printing titanium grid scaffold facilitates osteogenesis in mandibular segmental defects..pdf,2176.0,100.0,True,2176.0,3D printing titanium grid scaffold facilitates osteogenesis in mandibular segmental defects,QLSFY6I6,exclude,False,False
Li 等 - 2023 - A pilot investigation of condylar position and asymmetry in patients with unilateral posterior sciss.pdf,673.0,100.0,True,673.0,A pilot investigation of condylar position and asymmetry in patients with unilateral posterior scissors-bite malocclusion based on three-dimensional reconstructive imaging technique,4RGTB6EY,unsure,True,True
Li 等 - 2023 - Biomechanical evaluation of customized root implants in alveolar bone A comparative study with trad.pdf,955.0,100.0,True,955.0,Biomechanical evaluation of customized root implants in alveolar bone: A comparative study with traditional implants and natural teeth,4JY485Q3,include,True,True
Li 等 - 2023 - Three‐dimensional assessment of tongue cancer prognosis by preoperative MRI.pdf,1738.0,100.0,True,1738.0,Three-dimensional assessment of tongue cancer prognosis by preoperative MRI,5I4SSN7M,include,True,True
Li 等 - 2024 - A 3-Dimensional Scaffolding System Recapitulates the Hierarchical Osteon Structure..pdf,419.0,100.0,True,419.0,A 3-Dimensional Scaffolding System Recapitulates the Hierarchical Osteon Structure.,H9R2SL24,exclude,False,False
Li 等 - 2024 - Efficient complete denture metal base design via a dental feature-driven segmentation network..pdf,229.0,100.0,True,229.0,Efficient complete denture metal base design via a dental feature-driven segmentation network.,4X2TJXXU,exclude,False,False
Li 等 - 2024 - VT-3DCapsNet Visual tempos 3D-Capsule network for video-based facial expression recognition..pdf,513.0,100.0,True,513.0,VT-3DCapsNet: Visual tempos 3D-Capsule network for video-based facial expression recognition.,J5E8FSNA,exclude,False,False
Li 等 - 2025 - Functional models from limited data A parametric and multimodal approach to anatomy and span style.pdf,150.0,94.33962264150944,True,150.0,Functional models from limited data: A parametric and multimodal approach to anatomy and 3D kinematics of feeding in basking sharks (Cetorhinus maximus).,29DTNV7A,exclude,False,False
Li 等 - 2025 - Machine learning-assisted diagnosis of parotid tumor by using contrast-enhanced CT imaging features.pdf,1404.0,100.0,True,1404.0,Machine learning-assisted diagnosis of parotid tumor by using contrast-enhanced CT imaging features,FB4XISL2,include,True,True
Li 等 - 2025 - Piezoelectricity Promotes 3D-Printed BTOβ-TCP Composite Scaffolds with Excellent Osteogenic Perform-1.pdf,589.0,99.42857142857143,True,589.0,Piezoelectricity Promotes 3D-Printed BTO/β-TCP Composite Scaffolds with Excellent Osteogenic Performance.,MAQ97ENE,exclude,False,False
Li 等 - 2025 - Piezoelectricity Promotes 3D-Printed BTOβ-TCP Composite Scaffolds with Excellent Osteogenic Perform.pdf,589.0,100.0,True,589.0,Piezoelectricity Promotes 3D-Printed BTO/β-TCP Composite Scaffolds with Excellent Osteogenic Performance.,MAQ97ENE,exclude,False,False
Li 等 - 2025 - Predicting craniofacial fibrous dysplasia growth status an exploratory study of a hybrid radiomics.pdf,201.0,100.0,True,201.0,Predicting craniofacial fibrous dysplasia growth status: an exploratory study of a hybrid radiomics and deep learning model based on computed tomography images.,82NRY6N3,include,True,True
Li 等 - 2025 - Robot-assisted augmented reality navigation for osteotomy and personalized guide-plate in mandibular.pdf,2059.0,100.0,True,2059.0,Robot-assisted augmented reality navigation for osteotomy and personalized guide-plate in mandibular reconstruction: a preclinical study,WVD49PF9,unsure,False,False
Li 等 - 2025 - ZygoPlanner A three-stage graphics-based framework for optimal preoperative planning of zygomatic i.pdf,486.0,100.0,True,486.0,ZygoPlanner: A three-stage graphics-based framework for optimal preoperative planning of zygomatic implant placement.,9KLIBGLL,include,False,False
Li 等 - 2026 - Deep‐Learning‐Based Automatic Measurement of the Distance Between the Maxillary Sinus and Maxillary.pdf,1417.0,100.0,True,1417.0,Deep-Learning-Based Automatic Measurement of the Distance Between the Maxillary Sinus and Maxillary Posterior Teeth on CBCT Images,3NFN4EA2,include,False,False
Li 等 - 2026 - Digitally Guided Intraoral Segmental Mandibulectomy and Fibula Flap Reconstruction for Locally Invas.pdf,95.0,100.0,True,95.0,Digitally Guided Intraoral Segmental Mandibulectomy and Fibula Flap Reconstruction for Locally Invasive Odontogenic Tumors.,2VLCNVN2,unsure,True,True
Li 等 - 2026 - Predicting site-specific alveolar bone remodeling in class III decompensation a preliminary study b.pdf,242.0,100.0,True,242.0,Predicting site-specific alveolar bone remodeling in class III decompensation: a preliminary study based on a data-driven RBF framework.,WY9YT5C5,include,False,False
Li 等 - 2026 - Three-dimensional zone of centers of resistance in maxillary central incisors and first molars Coup.pdf,1746.0,100.0,True,1746.0,Three-dimensional zone of centers of resistance in maxillary central incisors and first molars: Couple-based finite element determination,378PQPRK,include,True,True
Liang 等 - 2023 - Digital measurement method for comparing the absolute marginal discrepancy of three-unit ceramic fix.pdf,751.0,100.0,True,751.0,Digital measurement method for comparing the absolute marginal discrepancy of three-unit ceramic fixed dental prostheses fabricated using conventional and digital technologies,8N2YELVJ,include,True,True
Liang 等 - 2025 - A Multivariate Logistic Regression Analysis of Risk Factors for Peri-implant Bone Loss..pdf,1214.0,100.0,True,1214.0,A Multivariate Logistic Regression Analysis of Risk Factors for Peri-implant Bone Loss,RFT3JZXH,exclude,False,False
Liao 等 - 2024 - Weakly supervised low-dose computed tomography denoising based on generative adversarial networks.pdf,509.0,100.0,True,509.0,Weakly supervised low-dose computed tomography denoising based on generative adversarial networks.,V4USF3XY,exclude,False,False
Lien 等 - 2024 - Enhancing facial feature de-identification in multiframe brain images A generative adversarial netw.pdf,570.0,100.0,True,570.0,Enhancing facial feature de-identification in multiframe brain images: A generative adversarial network approach.,G57LYVRA,exclude,True,True
Lim 等 - 2021 - Deep semi-supervised learning for automatic segmentation of inferior alveolar nerve using a convolut.pdf,2271.0,100.0,True,2271.0,Deep semi-supervised learning for automatic segmentation of inferior alveolar nerve using a convolutional neural network,Y4MP5BH5,exclude,True,True
Lim 等 - 2026 - Deep learning for automatic segmentation of the inferior alveolar nerve using a hybrid CNN–transform.pdf,387.0,100.0,True,387.0,Deep learning for automatic segmentation of the inferior alveolar nerve using a hybrid CNN-transformer framework.,JNXPDRMH,include,False,False
Limpiwatana和Nagaviroj - 2024 - Intaglio Surface Adaptation of Removable Partial Denture Framework Fabricated by Various Data Acquis.pdf,612.0,100.0,True,612.0,Intaglio Surface Adaptation of Removable Partial Denture Framework Fabricated by Various Data Acquisition Techniques and Fabrication Approaches.,2Y9I2C6I,include,False,False
Lin 等 - 2023 - Accurate mandibular canal segmentation of dental CBCT using a two-stage 3D-UNet based segmentation f.pdf,1882.0,100.0,True,1882.0,Accurate mandibular canal segmentation of dental CBCT using a two-stage 3D-UNet based segmentation framework,SJ9KNVQL,exclude,True,True
Lin 等 - 2023 - Optimizing Orthognathic Surgery Leveraging the Average Skull as a Dynamic Template for Surgical Sim.pdf,2094.0,100.0,True,2094.0,Optimizing Orthognathic Surgery: Leveraging the Average Skull as a Dynamic Template for Surgical Simulation and Planning in 30 Patient Cases,JH54KM88,include,False,False
Lin 等 - 2023 - Partial Fixed Dental Prosthesis for Additive Manufacturing Automated Build Orientation Selection an.pdf,2353.0,100.0,True,2353.0,Partial Fixed Dental Prosthesis for Additive Manufacturing: Automated Build Orientation Selection and Optimization Based on Deep Learning,NTLBTYWK,exclude,False,False
Lin 等 - 2024 - DBGANet Dual-Branch Geometric Attention Network for Accurate 3D Tooth Segmentation.pdf,2311.0,100.0,True,2311.0,DBGANet: Dual-Branch Geometric Attention Network for Accurate 3D Tooth Segmentation,ARLUFDDL,exclude,False,False
Lin 等 - 2025 - A Collaborative Learning Framework With Coupling Graph Transformers for 3D Tooth Segmentation.pdf,2308.0,100.0,True,2308.0,A Collaborative Learning Framework With Coupling Graph Transformers for 3D Tooth Segmentation,R4T9MXJC,exclude,False,False
Lin 等 - 2025 - Unleashing the potency of multi-segmental DCIA flap in mandibular reconstruction with the aid of vir.pdf,1330.0,100.0,True,1330.0,Unleashing the potency of multi-segmental DCIA flap in mandibular reconstruction with the aid of virtual surgery-A retrospective cohort study,HDYG8L7N,unsure,True,True
Lin 等 - 2026 - Age-related changes in the parotid gland a computed tomography-based radiomics study.pdf,559.0,100.0,True,559.0,Age-related changes in the parotid gland: a computed tomography-based radiomics study.,JB6FVHV7,include,False,False
Ling 等 - 2024 - Radiomic biomarkers of locoregional recurrence prognostic insights from oral cavity squamous cell c.pdf,1457.0,100.0,True,1457.0,Radiomic biomarkers of locoregional recurrence: prognostic insights from oral cavity squamous cell carcinoma preoperative CT scans,2TSB6AS5,exclude,False,False
Liu 等 - 2021 - Accuracy of 3-dimensional stereophotogrammetry Comparison of the 3dMD and Bellus3D facial scanning.pdf,443.0,100.0,True,443.0,Accuracy of 3-dimensional stereophotogrammetry: Comparison of the 3dMD and Bellus3D facial scanning systems with one another and with direct anthropometry.,I5RLGRTP,include,True,True
Liu 等 - 2021 - Precise Point Set Registration Based on Feature Fusion.pdf,972.0,100.0,True,972.0,Precise Point Set Registration Based on Feature Fusion,U3JKMSXD,exclude,False,False
Liu 等 - 2021 - Research on Panoramic Stitching Algorithm of Lateral Cranial Sequence Images in Dental Multifunction.pdf,2100.0,100.0,True,2100.0,Research on Panoramic Stitching Algorithm of Lateral Cranial Sequence Images in Dental Multifunctional Cone Beam Computed Tomography,TFCJ859I,exclude,False,False
"Liu 等 - 2022 - Clinical Applications of Polyetheretherketone in Removable Dental Prostheses Accuracy, Characterist.pdf",1034.0,100.0,True,1034.0,"Clinical Applications of Polyetheretherketone in Removable Dental Prostheses: Accuracy, Characteristics, and Performance",SA5CK9Q5,exclude,False,False
Liu 等 - 2022 - CMRI2SPEC CINE MRI SEQUENCE TO SPECTROGRAM SYNTHESIS VIA A PAIRWISE HETEROGENEOUS TRANSLATOR..pdf,554.0,100.0,True,554.0,CMRI2SPEC: CINE MRI SEQUENCE TO SPECTROGRAM SYNTHESIS VIA A PAIRWISE HETEROGENEOUS TRANSLATOR.,FGBX8XQ4,exclude,False,False
Liu 等 - 2022 - Effects of Periodontal Splints on Biomechanical Behaviors in Compromised Periodontal Tissues and Cem.pdf,2104.0,100.0,True,2104.0,Effects of Periodontal Splints on Biomechanical Behaviors in Compromised Periodontal Tissues and Cement Layer: 3D Finite Element Analysis,RTDGZ4YL,include,True,True
Liu 等 - 2022 - Error assessment and correction for extrusion- based bioprinting using computer vision method.pdf,630.0,100.0,True,630.0,Error assessment and correction for extrusion-based bioprinting using computer vision method.,TT85BQ7Z,exclude,False,False
Liu 等 - 2022 - Novel Design and Optimization of Porous Titanium Structure for Mandibular Reconstruction.pdf,1441.0,100.0,True,1441.0,Novel Design and Optimization of Porous Titanium Structure for Mandibular Reconstruction,VTYTBDL8,include,True,True
Liu 等 - 2022 - Primary Exploration of the Clinical Application of 3D-Printed Complete Dentures.pdf,1082.0,100.0,True,1082.0,Primary Exploration of the Clinical Application of 3D-Printed Complete Dentures,PV2RKASC,exclude,False,False
Liu 等 - 2023 - A mixed reality-based navigation method for dental implant navigation method A pilot study.pdf,811.0,100.0,True,811.0,A mixed reality-based navigation method for dental implant navigation method: A pilot study,HFL89TH9,unsure,True,True
Liu 等 - 2023 - Deep learning-enabled 3D multimodal fusion of cone-beam CT and intraoral mesh scans for clinically a.pdf,77.0,100.0,True,77.0,Deep learning-enabled 3D multimodal fusion of cone-beam CT and intraoral mesh scans for clinically applicable tooth-bone reconstruction.,KZUDTGT4,exclude,False,False
Liu 等 - 2023 - Different biomechanical effects of clear aligners in closing maxillary and mandibular extraction spa.pdf,828.0,100.0,True,828.0,Different biomechanical effects of clear aligners in closing maxillary and mandibular extraction spaces: Finite element analysis,C5PL839F,include,True,True
Liu 等 - 2023 - Engineering 3D-Printed Strontium-Titanium Scaffold-Integrated Highly Bioactive Serum Exosomes for Cr-1.pdf,1075.0,99.43502824858757,True,1075.0,Engineering 3D-Printed Strontium-Titanium Scaffold-Integrated Highly Bioactive Serum Exosomes for Critical Bone Defects by Osteogenesis and Angiogenesis,ZVIVQ3U8,exclude,False,False
Liu 等 - 2023 - Engineering 3D-Printed Strontium-Titanium Scaffold-Integrated Highly Bioactive Serum Exosomes for Cr.pdf,1075.0,100.0,True,1075.0,Engineering 3D-Printed Strontium-Titanium Scaffold-Integrated Highly Bioactive Serum Exosomes for Critical Bone Defects by Osteogenesis and Angiogenesis,ZVIVQ3U8,exclude,False,False
Liu 等 - 2023 - Hierarchical Self-Supervised Learning for 3D Tooth Segmentation in Intra-Oral Mesh Scans..pdf,2315.0,100.0,True,2315.0,Hierarchical Self-Supervised Learning for 3D Tooth Segmentation in Intra-Oral Mesh Scans,EED4NH95,exclude,False,False
Liu 等 - 2023 - Joint Cranial Bone Labeling and Landmark Detection in Pediatric CT Images Using Context Encoding.pdf,2501.0,100.0,True,2501.0,Joint Cranial Bone Labeling and Landmark Detection in Pediatric CT Images Using Context Encoding,GIRL7L8M,exclude,False,False
Liu 等 - 2023 - Synthesizing Audio from Tongue Motion During Speech Using Tagged MRI Via Transformer..pdf,603.0,100.0,True,603.0,Synthesizing Audio from Tongue Motion During Speech Using Tagged MRI Via Transformer.,EQH4FGIN,exclude,False,False
Liu 等 - 2023 - Toothsegnet Image Degradation Meets Tooth Segmentation in CBCT Images.pdf,2301.0,100.0,True,2301.0,Toothsegnet: Image Degradation Meets Tooth Segmentation in CBCT Images,9W9E5HVY,exclude,False,False
Liu 等 - 2024 - Assessment of the application of a novel three-dimension printing individualized titanium mesh in al.pdf,970.0,100.0,True,970.0,Assessment of the application of a novel three-dimension printing individualized titanium mesh in alveolar bone augmentation: A retrospective study,6BY72ZIY,exclude,True,True
Liu 等 - 2024 - Computer-assisted preoperative planning system with an automated registration method in prosthesis-d.pdf,2002.0,100.0,True,2002.0,Computer-assisted preoperative planning system with an automated registration method in prosthesis-driven oral implantology,LQ9NU9KT,include,False,False
Liu 等 - 2024 - Development and validation of a robotic system for milling individualized jawbone cavities in oral a.pdf,702.0,100.0,True,702.0,Development and validation of a robotic system for milling individualized jawbone cavities in oral and maxillofacial surgery,WWG3SIDR,exclude,False,False
Liu 等 - 2024 - Efficacy of a Virtual 3D Simulation-Based Digital Training Module for Building Dental Technology Stu.pdf,2041.0,100.0,True,2041.0,Efficacy of a Virtual 3D Simulation-Based Digital Training Module for Building Dental Technology Students' LongTerm Competency in Removable Partial Denture Design: Prospective Cohort Study,IAAA5PCM,exclude,True,True
Liu 等 - 2024 - Geo-Net Geometry-Guided Pretraining for Tooth Point Cloud Segmentation.pdf,9.0,100.0,True,9.0,Geo-Net: Geometry-Guided Pretraining for Tooth Point Cloud Segmentation.,CY4M86BS,exclude,False,False
Liu 等 - 2024 - Morphological variation of gubernacular tracts for permanent mandibular canines in eruption a three.pdf,729.0,100.0,True,729.0,Morphological variation of gubernacular tracts for permanent mandibular canines in eruption: a three-dimensional analysis,SYGM4R6E,unsure,True,True
Liu 等 - 2025 - An integrated hollow bulb obturator prosthesis with a metal framework for a soft palate defect fabri.pdf,1774.0,100.0,True,1774.0,An integrated hollow bulb obturator prosthesis with a metal framework for a soft palate defect fabricated by multiple digital techniques,J4KXNK2R,include,True,True
Liu 等 - 2025 - Chairside-applicable MSFGelMA hydrogel with enhanced osteogenesis and mechanical adaptability for a.pdf,1535.0,100.0,True,1535.0,Chairside-applicable MS/FGelMA hydrogel with enhanced osteogenesis and mechanical adaptability for alveolar ridge preservation,U9JDHKQD,exclude,False,False
Liu 等 - 2025 - Comparing the accuracy and treatment time of a robotic and dynamic navigation system in osteotomy an-1.pdf,1433.0,99.41520467836258,True,1433.0,Comparing the accuracy and treatment time of a robotic and dynamic navigation system in osteotomy and root-end resection: An in vitro study,APVNWPAS,exclude,True,True
Liu 等 - 2025 - Comparing the accuracy and treatment time of a robotic and dynamic navigation system in osteotomy an.pdf,1433.0,100.0,True,1433.0,Comparing the accuracy and treatment time of a robotic and dynamic navigation system in osteotomy and root-end resection: An in vitro study,APVNWPAS,exclude,True,True
Liu 等 - 2025 - Evaluating a preclinical orthodontic training using haptic-enhanced VR simulation system a longitud.pdf,1383.0,100.0,True,1383.0,Evaluating a preclinical orthodontic training using haptic-enhanced VR simulation system: a longitudinal study,TAIBSVUD,exclude,False,False
Liu 等 - 2025 - Geometry-Aware Attenuation Learning for Sparse-View CBCT Reconstruction.pdf,2423.0,100.0,True,2423.0,Geometry-Aware Attenuation Learning for Sparse-View CBCT Reconstruction,ACDPQ8WA,exclude,False,False
Liu 等 - 2026 - AI-augmented mixed reality for 3D visualization of perforator vessels A feasibility study in fibula.pdf,126.0,100.0,True,126.0,AI-augmented mixed reality for 3D visualization of perforator vessels: A feasibility study in fibular flap surgery.,Y86TUGG7,include,False,False
Liu 等 - 2026 - Automated micro-CT quantification of clear aligner fit a pilot comparison of manufacturing processe.pdf,99.0,100.0,True,99.0,Automated micro-CT quantification of clear aligner fit: a pilot comparison of manufacturing processes.,LH8UPF46,include,False,False
Liu 等 - 2026 - Feasibility and accuracy of a partial point cloud registration method for transoral robot-assisted s.pdf,793.0,100.0,True,793.0,Feasibility and accuracy of a partial point cloud registration method for transoral robot-assisted surgery of zygoma fracture: A phantom study,45ZDRSPX,include,True,True
Liu 等 - 2026 - In Vivo Assessment of SED A Novel Biomechanical Indicator for Periodontal Tissue Remodeling in Clea.pdf,839.0,100.0,True,839.0,In Vivo Assessment of SED: A Novel Biomechanical Indicator for Periodontal Tissue Remodeling in Clear Aligner Therapy,EC9P5DI3,include,False,False
Li和Jing - 2023 - 3D Monitoring of Toothbrushing Regions and Force Using Multimodal Sensors and Unity.pdf,2036.0,100.0,True,2036.0,3D Monitoring of Toothbrushing Regions and Force Using Multimodal Sensors and Unity,SM98IZIT,exclude,False,False
Lo Giudice 等 - 2022 - Evaluation of Zirconia and High Performance Polymer Abutment Surface Roughness and Stress Concentrat.pdf,1987.0,100.0,True,1987.0,Evaluation of Zirconia and High Performance Polymer Abutment Surface Roughness and Stress Concentration for Implant-Supported Fixed Dental Prostheses,S2SASU6I,include,False,False
Lo Russo 等 - 2023 - Surgical guides for dental implants Measurement of the accuracy using a freeware metrology software.pdf,317.0,100.0,True,317.0,Surgical guides for dental implants: Measurement of the accuracy using a freeware metrology software program.,HZ9GBDTR,include,True,True
Lo Russo 等 - 2026 - Effect of the CBCT data segmentation threshold on registration accuracy with surface scanning.pdf,2222.0,100.0,True,2222.0,Effect of the CBCT data segmentation threshold on registration accuracy with surface scanning,A89XJPGS,include,True,True
Lobo 等 - 2022 - Evaluation of ortogonblender software bone movement tools in bimaxillary orthognatic surgeries perfo.pdf,900.0,100.0,True,900.0,Evaluation of ortogonblender software bone movement tools in bimaxillary orthognatic surgeries performed in dolphin software,G4EY4CPT,include,True,True
Lodolo 等 - 2026 - Effects of incremental mandibular advancement on upper airways morphology and anatomical structures.pdf,629.0,100.0,True,629.0,Effects of incremental mandibular advancement on upper airways morphology and anatomical structures: a preliminary CT scan study on body donors.,YYJF9M92,unsure,False,False
Loetzerich 等 - 2025 - Verification of a digital approach for three-dimensional evaluation of marginal and internal fit-1.pdf,1837.0,100.0,True,1837.0,Verification of a digital approach for three-dimensional evaluation of marginal and internal fit,VIMM38A6,include,True,True
Loetzerich 等 - 2025 - Verification of a digital approach for three-dimensional evaluation of marginal and internal fit.pdf,1837.0,100.0,True,1837.0,Verification of a digital approach for three-dimensional evaluation of marginal and internal fit,VIMM38A6,include,True,True
Long 等 - 2025 - Biomechanics of Dental Implantation in the Giant Panda ( Ailuropoda melanoleuca ) A Comparat.pdf,1744.0,100.0,True,1744.0,Biomechanics of Dental Implantation in the Giant Panda (Ailuropoda melanoleuca): A Comparative Study Using Finite Element Analysis,NM8NYVD6,include,False,False
Lovell 等 - 2025 - 3D markerless tracking of speech movements with submillimeter accuracy.-1.pdf,426.0,100.0,True,426.0,3D markerless tracking of speech movements with submillimeter accuracy.,AZVQHWIR,exclude,False,False
Lovell 等 - 2025 - 3D markerless tracking of speech movements with submillimeter accuracy..pdf,426.0,100.0,True,426.0,3D markerless tracking of speech movements with submillimeter accuracy.,AZVQHWIR,exclude,False,False
Lovell 等 - 2026 - 3-D Markerless Tracking of Speech Movements With Submillimeter Accuracy..pdf,426.0,100.0,True,426.0,3D markerless tracking of speech movements with submillimeter accuracy.,AZVQHWIR,exclude,False,False
Lu 等 - 2023 - CMF-Net craniomaxillofacial landmark localization on CBCT images using geometric constraint and tra.pdf,1342.0,100.0,True,1342.0,CMF-Net: craniomaxillofacial landmark localization on CBCT images using geometric constraint and transformer,GY8ZSQRM,exclude,False,False
Lu 等 - 2025 - Does adding markers increase the accuracy and efficiency of intraoral scanning of complete dentures.pdf,1812.0,100.0,True,1812.0,Does adding markers increase the accuracy and efficiency of intraoral scanning of complete dentures?,92NITIHK,exclude,False,False
Lua 等 - 2025 - Comparison of Three-Dimensional Accuracy of Conventional Cast Metal to Milled Zirconia Implant Full-.pdf,230.0,87.17948717948718,True,230.0,Comparison of 3D Accuracy of Conventional Cast Metal to Milled Zirconia Implant-Supported Full-Arch Fixed Dental Prosthesis Frameworks.,SISAMUSA,exclude,False,False
Lubauer 等 - 2023 - Fatigue Threshold R-Curves for Dental Lithium Disilicate Glass–Ceramics.pdf,409.0,100.0,True,409.0,Fatigue Threshold R-Curves for Dental Lithium Disilicate Glass-Ceramics.,72SRX4TH,exclude,False,False
Lui 等 - 2023 - An application framework of 3D assessment image registration accuracy and untouched surface area in.pdf,1388.0,100.0,True,1388.0,An application framework of 3D assessment image registration accuracy and untouched surface area in canal instrumentation laboratory research with micro-computed tomography,52HGP6QH,include,False,False
Luo 等 - 2022 - How much does input data type impact final face model accuracy.pdf,2447.0,100.0,True,2447.0,How much does input data type impact final face model accuracy?,2WB7X7TB,exclude,False,False
Luo 等 - 2023 - Electrical impedance myography method of measuring anisotropic tongue tissue.pdf,248.0,100.0,True,248.0,Electrical impedance myography method of measuring anisotropic tongue tissue.,A2PX5EWK,exclude,False,False
Luo 等 - 2023 - Evaluation on a teaching software for removable partial denture framework design..pdf,483.0,100.0,True,483.0,Evaluation on a teaching software for removable partial denture framework design.,HJFRIAYZ,exclude,True,True
Luo 等 - 2025 - Identifying Sources of Error in Computer-Navigated Total Knee Arthroplasty Using Sensitivity Analyse.pdf,939.0,100.0,True,939.0,Identifying Sources of Error in Computer-Navigated Total Knee Arthroplasty Using Sensitivity Analyses in Knee Models,KJI2CQKC,exclude,False,False
Lu和Luo - 2023 - Research and development of the 3D printing system for clinical diagnosis of jaw cyst.pdf,2286.0,100.0,True,2286.0,Research and development of the 3D printing system for clinical diagnosis of jaw cyst,SLEGAX59,unsure,False,False
Lv 等 - 2026 - Customized 3D-printed models for training in repairing large maxillary sinus membrane perforations.pdf,140.0,100.0,True,140.0,Customized 3D-printed models for training in repairing large maxillary sinus membrane perforations.,BLI79NLU,unsure,False,False
Lyu 等 - 2022 - Accuracy of impressions for multiple implants A comparative study of digital and conventional techn.pdf,348.0,100.0,True,348.0,Accuracy of impressions for multiple implants: A comparative study of digital and conventional techniques.,EW2C8XGG,exclude,True,True
López 等 - 2024 - Volumetric differences in temporomandibular joint components in patients with facial asymmetry A 3D.pdf,2285.0,100.0,True,2285.0,Volumetric differences in temporomandibular joint components in patients with facial asymmetry: A 3D tomographic segmentation study,79IB3PRZ,include,True,True
Ma 等 - 2022 - A Tooth Segmentation Method Based on Multiple Geometric Feature Learning..pdf,769.0,100.0,True,769.0,A Tooth Segmentation Method Based on Multiple Geometric Feature Learning,J44Q7MX9,exclude,False,False
Ma 等 - 2023 - Effect of internal structures on the accuracy of 3D printed full-arch dentition preparation models i.pdf,2138.0,100.0,True,2138.0,Effect of internal structures on the accuracy of 3D printed full-arch dentition preparation models in different printing systems,IUL8I974,include,True,True
Ma 等 - 2023 - Feasibility study and material selection for powder-bed fusion process in printing of denture clasps.pdf,560.0,100.0,True,560.0,Feasibility study and material selection for powder-bed fusion process in printing of denture clasps.,26HSVAMX,exclude,False,False
Ma 等 - 2023 - Simulation of Postoperative Facial Appearances via Geometric Deep Learning for Efficient Orthognathi.pdf,2399.0,100.0,True,2399.0,Simulation of Postoperative Facial Appearances via Geometric Deep Learning for Efficient Orthognathic Surgical Planning,K76EFK8M,include,False,False
Ma 等 - 2025 - Feasibility and accuracy assessment of AI-driven incisor restoration using 3D point cloud data.pdf,1925.0,100.0,True,1925.0,Feasibility and accuracy assessment of AI-driven incisor restoration using 3D point cloud data,652AE8BH,include,True,True
ma13173688.pdf.pdf,,0.0,False,,,,,False,False
ma13194419.pdf.pdf,,0.0,False,,,,,False,False
ma14154308.pdf.pdf,,0.0,False,,,,,False,False
Macalester 等 - 2024 - A 3D In-vitro model of the human dentine interface shows long-range osteoinduction from the dentine.pdf,1012.0,100.0,True,1012.0,A 3D In-vitro model of the human dentine interface shows long-range osteoinduction from the dentine surface,9RK8X4SA,exclude,False,False
Machine和Nadjmi - 2025 - Maxillary reconstruction using subperiosteal dental implants A clinical report.pdf,682.0,100.0,True,682.0,Maxillary reconstruction using subperiosteal dental implants: A clinical report,BZKU394G,unsure,False,False
Macrì 等 - 2023 - Augmented Reality-Assisted Surgical Exposure of an Impacted Tooth A Pilot Study.pdf,796.0,100.0,True,796.0,Augmented Reality-Assisted Surgical Exposure of an Impacted Tooth: A Pilot Study,FVXUA272,include,False,False
Madrid 等 - 2025 - Unsupervised clustering of single-lead electrocardiograms associates with prevalent and incident hea-1.pdf,627.0,99.4413407821229,True,627.0,Unsupervised clustering of single-lead electrocardiograms associates with prevalent and incident heart failure in coronary artery disease.,4PQG6Z6K,exclude,False,False
Madrid 等 - 2025 - Unsupervised clustering of single-lead electrocardiograms associates with prevalent and incident hea.pdf,627.0,100.0,True,627.0,Unsupervised clustering of single-lead electrocardiograms associates with prevalent and incident heart failure in coronary artery disease.,4PQG6Z6K,exclude,False,False
Maevskaia 等 - 2023 - Three-Dimensional Printed Hydroxyapatite Bone Substitutes Designed by a Novel Periodic Minimal Surfa.pdf,1698.0,100.0,True,1698.0,Three-Dimensional Printed Hydroxyapatite Bone Substitutes Designed by a Novel Periodic Minimal Surface Algorithm Are Highly Osteoconductive,UKZFIWZJ,exclude,False,False
Maggiordomo 等 - 2022 - A method based on 3D affine alignment for the quantification of palatal expansion..pdf,1676.0,100.0,True,1676.0,A method based on 3D affine alignment for the quantification of palatal expansion,F558I89A,include,False,False
Maghami和Najafi - 2022 - Influence of age-related changes on crack growth trajectories and toughening mechanisms in human den.pdf,1768.0,100.0,True,1768.0,Influence of age-related changes on crack growth trajectories and toughening mechanisms in human dentin,6P4BE843,exclude,False,False
Maha Nagy Mohamed Kamal - 2025 - Comparison between relining of ill-fitted maxillary complete denture versus CADCAM milling of new o.pdf,2006.0,100.0,True,2006.0,"Comparison between relining of ill-fitted maxillary complete denture versus CAD/CAM milling of new one regarding patient satisfaction, denture retention and adaptation",4JN55E2T,include,False,False
Maharjan 等 - 2020 - A Novel Solution of Using Mixed Reality in Bowel and Oral and Maxillofacial Surgical Telepresence 3.pdf,236.0,100.0,True,236.0,A Novel Solution of Using Mixed Reality in Bowel and Oral and Maxillofacial Surgical Telepresence: 3D Mean Value Cloning algorithm.,VTPCDERE,exclude,False,False
Maharjan 等 - 2021 - A novel solution of using mixed reality in bowel and oral and maxillofacial surgical telepresence 3.pdf,236.0,100.0,True,236.0,A Novel Solution of Using Mixed Reality in Bowel and Oral and Maxillofacial Surgical Telepresence: 3D Mean Value Cloning algorithm.,VTPCDERE,exclude,False,False
Mahdi 等 - 2025 - A 3D Clinical Face Phenotype Space of Genetic Syndromes Using a Triplet-Based Singular Geometric Aut.pdf,2469.0,100.0,True,2469.0,A 3D Clinical Face Phenotype Space of Genetic Syndromes Using a Triplet-Based Singular Geometric Autoencoder,4JBMYVVD,exclude,False,False
Mahfouz 等 - 2025 - Stress distribution in zirconia-reinforced glass ionomer restorations in molar incisor hypomineraliz.pdf,2028.0,100.0,True,2028.0,Stress distribution in zirconia-reinforced glass ionomer restorations in molar incisor hypomineralization: A finite element analysis,RI7R6Y8M,include,True,True
MahjourianQomi 等 - 2024 - Innovative Endodontic Management of Pulp Canal Obliteration in Mandibular Incisors Using a Static Na.pdf,82.0,100.0,True,82.0,Innovative Endodontic Management of Pulp Canal Obliteration in Mandibular Incisors Using a Static Navigation System: A Case Report.,ECNDVG7C,include,False,False
Mahmoud 等 - 2024 - Computer guided versus freehand dental implant surgery Randomized controlled clinical trial..pdf,286.0,100.0,True,286.0,Computer guided versus freehand dental implant surgery: Randomized controlled clinical trial.,4EVUG7GP,exclude,False,False
Mahmoud 等 - 2025 - Effect of different impression techniques on marginal integrity of CAD-CAM milled all-on-four mandib.pdf,744.0,100.0,True,744.0,Effect of different impression techniques on marginal integrity of CAD-CAM milled all-on-four mandibular frameworks: an in vitro study,GKQDU4CQ,exclude,False,False
Mai 等 - 2022 - ACCURACY OF REMOVABLE PARTIAL DENTURE METAL FRAMEWORKS FABRICATED BY COMPUTER-AIDED DESIGNCOMPUTER-.pdf,1627.0,100.0,True,1627.0,ACCURACY OF REMOVABLE PARTIAL DENTURE METAL FRAMEWORKS FABRICATED BY COMPUTER-AIDED DESIGN/COMPUTER-AIDED MANUFACTURING METHOD: A SYSTEMATIC REVIEW AND META-ANALYSIS,WIWXEEA2,exclude,False,False
Mai 等 - 2025 - Enhancing dental education with a 3D point cloud comparison and augmented reality for auto-evaluatio.pdf,1681.0,100.0,True,1681.0,Enhancing dental education with a 3D point cloud comparison and augmented reality for auto-evaluation of fixed prosthodontic practice: An in vitro study,RFBGE32H,include,True,True
Maiti 等 - 2025 - Investigating the Extension of Self Supervised Learning Algorithms to 3D Medical and Dental Image Ap.pdf,2382.0,100.0,True,2382.0,Investigating the Extension of Self Supervised Learning Algorithms to 3D Medical and Dental Image Applications,BXJILH7G,exclude,False,False
Makkar 等 - 2023 - Modeling periodontal host-microbe interactions using vascularized gingival connective tissue equival.pdf,1114.0,100.0,True,1114.0,Modeling periodontal host-microbe interactions using vascularized gingival connective tissue equivalents,34Y6HBAL,exclude,False,False
"Malkov 等 - 2026 - Hybrid Forecasting of Occlusal Changes in Deep Bite Correction Based on Digital Setup, 3D Models, an.pdf",2435.0,100.0,True,2435.0,"Hybrid Forecasting of Occlusal Changes in Deep Bite Correction Based on Digital Setup, 3D Models, and Design Factors",DSCSKE4B,include,False,False
Manaktala 等 - 2024 - Stress distribution in endodontically treated external cervical resorption lesions restored with MTA.pdf,188.0,100.0,True,188.0,Stress distribution in endodontically treated external cervical resorption lesions restored with MTA and biodentine - A finite element analysis.,ZF8KYU3K,include,True,True
Mancino 等 - 2025 - An unusual case of dens invaginatus on a mandibular second molar a case report..pdf,305.0,100.0,True,305.0,An unusual case of dens invaginatus on a mandibular second molar: a case report.,LRM3CUTM,unsure,True,True
"Mandatori 等 - 2024 - A 3D in vitro model of biphasic calcium phosphate (BCP) scaffold combined with human osteoblasts, os.pdf",2140.0,100.0,True,2140.0,"A 3D in vitro model of biphasic calcium phosphate (BCP) scaffold combined with human osteoblasts, osteoclasts, and endothelial cells as a platform to mimic the oral microenvironment for tissue regeneration",4UA3PSB8,exclude,True,True
Mangal 等 - 2021 - Tomographic similarity scan with a computed modified absolute mandibular midsagittal plane for preci.pdf,810.0,100.0,True,810.0,Tomographic similarity scan with a computed modified absolute mandibular midsagittal plane for precise and objective localization of mandibular asymmetry,5EV82UG8,include,False,False
Mangal 等 - 2023 - Reorientation methodology for reproducible head posture in serial cone beam computed tomography imag.pdf,1613.0,100.0,True,1613.0,Reorientation methodology for reproducible head posture in serial cone beam computed tomography images,W4VK5BNE,include,False,False
Mangal 等 - 2026 - Facial surface tracing approach to reduce the observation errors in 3D curvilinear landmark annotati.pdf,1076.0,100.0,True,1076.0,Facial surface tracing approach to reduce the observation errors in 3D curvilinear landmark annotations on cone-beam computed tomography images,ZZBMKRSQ,include,False,False
Mangano 等 - 2024 - Artificial intelligence and mixed reality for dental implant planning A technical note..pdf,1498.0,100.0,True,1498.0,Artificial intelligence and mixed reality for dental implant planning: A technical note,AY74A6GH,include,True,True
Maniewicz 等 - 2024 - Fit and retention of complete denture bases Part I - Conventional versus CAD-CAM methods A clinica.pdf,2251.0,98.76543209876543,True,2251.0,Fit and retention of complete denture bases: Part I e Conventional versus CAD-CAM methods: A clinical controlled crossover study,P44D7LA4,exclude,False,False
Manohar 等 - 2020 - A Novel Augmented Reality Approach in Oral and Maxillofacial Surgery Super-Imposition Based on Modi.pdf,2305.0,100.0,True,2305.0,A Novel Augmented Reality Approach in Oral and Maxillofacial Surgery: Super-Imposition Based on Modified Rigid and Non-Rigid Iterative Closest Point,GH6JBVEJ,unsure,False,False
Maqableh和Hatamleh - 2023 - Cohesive Zone Modeling of Pull-Out Test for Dental Fiber-Silicone Polymer..pdf,2200.0,100.0,True,2200.0,Cohesive Zone Modeling of Pull-Out Test for Dental Fiber-Silicone Polymer,JVG59S45,include,True,True
Marceron 等 - 2025 - Comparison of the accuracy of static and dynamic computer-assisted implant surgery in extraction soc.pdf,912.0,100.0,True,912.0,"Comparison of the accuracy of static and dynamic computer-assisted implant surgery in extraction sockets, encased healed sites, and distal extension: an in vitro study",JCMKQXDT,exclude,True,True
Marchand 等 - 2020 - Latest advances in augmented reality technology and its integration into the digital workflow.pdf,1765.0,100.0,True,1765.0,Latest advances in augmented reality technology and its integration into the digital workflow,243K7RNJ,unsure,False,False
Marimon 等 - 2022 - A Systematic Study of Restorative Crown-Materials Combinations for Dental Implants Characterization.pdf,2212.0,100.0,True,2212.0,A Systematic Study of Restorative Crown-Materials Combinations for Dental Implants: Characterization of Mechanical Properties under Dynamic Loads,EUTQFE9J,include,True,True
Marina Sidhom 等 - 2022 - Effect of Different CADCAM Milling and 3D Printing Digital Fabrication Techniques on the Accuracy o.pdf,1587.0,100.0,True,1587.0,Effect of Different CAD/CAM Milling and 3D Printing Digital Fabrication Techniques on the Accuracy of PMMA Working Models and Vertical Marginal Fit of PMMA Provisional Dental Prosthesis: An In Vitro Study,DLN24UBD,exclude,False,False
Markarian 等 - 2022 - Dental implant-abutment fracture resistance and wear induced by single-unit screw-retained CAD compo.pdf,2061.0,100.0,True,2061.0,Dental implant-abutment fracture resistance and wear induced by single-unit screw-retained CAD components fabricated by four CAM methods after mechanical cycling,IUBFVLSW,exclude,False,False
Marques-Guasch 等 - 2022 - Accuracy of dynamic implant navigation surgery performed by a novice operator..pdf,343.0,100.0,True,343.0,Accuracy of dynamic implant navigation surgery performed by a novice operator.,IY73GF7C,exclude,False,False
Martani - 2026 - Effect of simulated bur radius compensation on full-contour CAD crown morphology and trueness across.pdf,147.0,100.0,True,147.0,Effect of simulated bur radius compensation on full-contour CAD crown morphology and trueness across tooth types. An in- silico study.,SB3G68D5,exclude,False,False
Martinez 等 - 2024 - Innovative Applications of AI and 3D Printing in Digital Dentistry Enhancing Accuracy and Efficienc.pdf,2358.0,100.0,True,2358.0,Innovative Applications of AI and 3D Printing in Digital Dentistry: Enhancing Accuracy and Efficiency in Dental Care,SYTQBUTQ,exclude,False,False
Massey和Prakash - 2023 - System-on-Board Integrated Flexible OEGFET Aptasensor for Multianalyte Testing in Saliva.pdf,2543.0,100.0,True,2543.0,System-on-Board Integrated Flexible OEGFET Aptasensor for Multianalyte Testing in Saliva,QU3DP4UW,exclude,False,False
Matsuda 等 - 2020 - Geometric assessment of imaging methods for complete denture form Comparisons among cone-beam compu.pdf,237.0,100.0,True,237.0,"Geometric assessment of imaging methods for complete denture form: Comparisons among cone-beam computed tomography, desktop dental scanning, and handheld optical scanning.",TR23898V,exclude,True,True
Matthews 等 - 2021 - Large-scale open-source three-dimensional growth curves for clinical facial assessment and objective.pdf,1195.0,100.0,True,1195.0,Large-scale open-source three-dimensional growth curves for clinical facial assessment and objective description of facial dysmorphism,V2T3FF6J,include,False,False
Maundu 等 - 2024 - Marginal Fit of Single-Crown and Three-Unit Fixed Dental Prostheses Fabricated From Digital and Conv.pdf,310.0,100.0,True,310.0,Marginal Fit of Single-Crown and Three-Unit Fixed Dental Prostheses Fabricated From Digital and Conventional Impressions: An In Vitro Cross-Sectional Study.,HHKHSLXV,exclude,False,False
Maung 等 - 2026 - Relationship between maxillofacial asymmetry and cranial base morphology in patients with jaw deform.pdf,805.0,100.0,True,805.0,Relationship between maxillofacial asymmetry and cranial base morphology in patients with jaw deformities: a three-dimensional computed tomography analysis,ZKMI2LI4,unsure,False,False
Mauryan 等 - 2023 - Earlier Detection of Pancreatic Cancer Using Neural Network Based Optimization Technique.pdf,2526.0,100.0,True,2526.0,Earlier Detection of Pancreatic Cancer Using Neural Network Based Optimization Technique,KELB4BMB,exclude,False,False
Ma和Li - 2020 - Improved Tooth Crown Edge Smoothing Method Based on Noise Classification and Fitting.pdf,1502.0,100.0,True,1502.0,Improved Tooth Crown Edge Smoothing Method Based on Noise Classification and Fitting,KMX2BFHT,include,False,False
Mbonani 等 - 2024 - Automated reconstruction Predictive models based on facial morphology matrices..pdf,313.0,100.0,True,313.0,Automated reconstruction: Predictive models based on facial morphology matrices.,2MUY3JET,include,True,True
McNaughton 等 - 2025 - Design of an interactive brain model for neuroanatomy education and span style=font-variantsmall-.pdf,737.0,91.6030534351145,True,737.0,Design of an interactive brain model for neuroanatomy education and MRI training,WRI5IWYV,exclude,True,True
Meade 等 - 2024 - Comparison of digital study model superimposition methods using implant-supported crowns and best-fi.pdf,1194.0,100.0,True,1194.0,Comparison of digital study model superimposition methods using implant-supported crowns and best-fit algorithms,HIB4B72X,include,True,True
Meghna 等 - 2026 - Lateral stress distribution analysis on hafnium metal bar for implant superstructure- A finite eleme.pdf,367.0,100.0,True,367.0,Lateral stress distribution analysis on hafnium metal bar for implant superstructure- A finite element analysis.,KJ67GB6M,include,False,False
Mehri Shervedani 等 - 2025 - Development a computer-aided diagnosis system for dental caries detection applying radiographic imag.pdf,325.0,100.0,True,325.0,Development a computer-aided diagnosis system for dental caries detection applying radiographic images.,G4CC4PWM,exclude,False,False
Mei 等 - 2024 - DTR-Net Dual-Space 3D Tooth Model Reconstruction From Panoramic X-Ray Images..pdf,2310.0,100.0,True,2310.0,DTR-Net: Dual-Space 3D Tooth Model Reconstruction From Panoramic X-Ray Images,YGXMR9CF,exclude,False,False
Mejía Rodríguez 等 - 2025 - Custom design of a temporomandibular joint prosthesis A kinematic approach evaluated by finite elem.pdf,818.0,100.0,True,818.0,Custom design of a temporomandibular joint prosthesis: A kinematic approach evaluated by finite element analysis,AN2LBDKB,include,False,False
Mele和Campana - 2022 - Advancing towards sustainability in liquid crystal display 3D printing via adaptive slicing.pdf,1944.0,100.0,True,1944.0,Advancing towards sustainability in liquid crystal display 3D printing via adaptive slicing,N44U8CH7,exclude,False,False
Memon 等 - 2021 - The development of computer‐aided patient‐specific template design software for 3D printing in crani.pdf,1983.0,100.0,True,1983.0,The development of computer-aided patient-specific template design software for 3D printing in cranio-maxillofacial surgery,6B57AE6C,include,True,True
Mendez 等 - 2025 - Design and Validation of a High-Fidelity Left Atrial Cardiac Simulator for the Study and Advancement.pdf,1889.0,100.0,True,1889.0,Design and Validation of a High-Fidelity Left Atrial Cardiac Simulator for the Study and Advancement of Left Atrial Appendage Occlusion,LMQDB4W2,exclude,False,False
Meriç和Karadede - 2023 - Three-dimensional evaluation of the effects of Bionator and Forsus appliances on oropharyngeal airwa.pdf,735.0,100.0,True,735.0,Three-dimensional evaluation of the effects of Bionator and Forsus appliances on oropharyngeal airway volume in patients with mandibular retrognathia,29Y6WKV5,exclude,False,False
Merken 等 - 2023 - Development and validation of a 3D anthropomorphic phantom for dental CBCT imaging research..pdf,2124.0,100.0,True,2124.0,Development and validation of a 3D anthropomorphic phantom for dental CBCT imaging research,GIPQHWGT,include,True,True
"Mesaroş 等 - 2021 - International Symposium Napoca Biodent 2021 New Challenges in Dental Research, 10(th) Edition, 5(th.pdf",148.0,100.0,True,148.0,"International Symposium Napoca Biodent 2021: New Challenges in Dental Research, 10(th) Edition, 5(th) - 6(th) November 2021.",WXJDH8BZ,unsure,False,False
mi11070669.pdf.pdf,,0.0,False,,,,,False,False
Miao 等 - 2025 - Silhouette-to-Contour Registration Aligning Intraoral Scan Models with Cephalometric Radiographs.pdf,2438.0,100.0,True,2438.0,Silhouette-to-Contour Registration: Aligning Intraoral Scan Models with Cephalometric Radiographs,5RMXCURX,include,False,False
Mikó 等 - 2025 - Development of an experimental model for assessment of palatal tissue decomposition by intraoral sca.pdf,240.0,100.0,True,240.0,Development of an experimental model for assessment of palatal tissue decomposition by intraoral scanner.,QX8DEXZK,exclude,False,False
Min Zhou 等 - 2023 - 3D Printing Technology with Reverse Guide Design in Autogenous Tooth Transplantation An in vitro Pi.pdf,903.0,100.0,True,903.0,3D Printing Technology with Reverse Guide Design in Autogenous Tooth Transplantation: An in vitro Pictorial Report,2K22USSR,include,True,True
Minhas 等 - 2024 - Artificial Intelligence for 3D Reconstruction from 2D Panoramic X-rays to Assess Maxillary Impacted.pdf,1631.0,100.0,True,1631.0,Artificial Intelligence for 3D Reconstruction from 2D Panoramic X-rays to Assess Maxillary Impacted Canines,KZIYILZU,exclude,True,True
Miranda 等 - 2023 - Interpretable artificial intelligence for classification of alveolar bone defect in patients with cl.pdf,1411.0,100.0,True,1411.0,Interpretable artificial intelligence for classification of alveolar bone defect in patients with cleft lip and palate,U8JBS7DW,include,True,True
Miron 等 - 2022 - Evaluation of novel 3D-printed and conventional thermoplastic stereotactic high-precision patient fi.pdf,399.0,100.0,True,399.0,Evaluation of novel 3D-printed and conventional thermoplastic stereotactic high-precision patient fixation masks for radiotherapy.,QV6A5YTS,exclude,False,False
Mirulla 等 - 2021 - Numerical simulations on periprosthetic bone remodeling a systematic review.pdf,1184.0,100.0,True,1184.0,Numerical simulations on periprosthetic bone remodeling: a systematic review,VD3UIIH6,exclude,False,False
Misra 等 - 2020 - Segmentation of Anterior Tissues in Craniofacial Cone-Beam CT Images.pdf,2420.0,100.0,True,2420.0,Segmentation of Anterior Tissues in Craniofacial Cone-Beam CT Images,87WQATRY,include,False,False
Mitani 等 - 2026 - Mechanotherapeutic Modulation of the Nasal Microenvironment RAMPA-Induced Maxillofacial Remodeling.pdf,61.0,100.0,True,61.0,Mechanotherapeutic Modulation of the Nasal Microenvironment: RAMPA-Induced Maxillofacial Remodeling and Its Pathophysiological Impact on Mucus Rheology and Chronic Inflammation.,HHXKMFE3,include,False,False
Mitra 等 - 2023 - Evaluation of stress distribution in and around dental implants using three different implant-abutme.pdf,207.0,100.0,True,207.0,Evaluation of stress distribution in and around dental implants using three different implant-abutment interfaces with platform-switched and non-platform-switched abutments: A three-dimensional finite element analysis.,4WXYA3TN,include,True,True
Mkhayar 等 - 2024 - Ligand-Based Design of Novel Quinoline Derivatives as Potential Anticancer Agents An In-Silico Virt.pdf,1770.0,100.0,True,1770.0,Ligand-Based Design of Novel Quinoline Derivatives as Potential Anticancer Agents: An In-Silico Virtual Screening Approach,5PXEM5JA,exclude,False,False
Mladenovic 等 - 2025 - A Personalized 3D-Printed CADCAM Functional Space Maintainer Following the Premature Loss of a Prim.pdf,174.0,100.0,True,174.0,A Personalized 3D-Printed CAD/CAM Functional Space Maintainer Following the Premature Loss of a Primary First Molar in a Five-Year-Old Child.,DIV2LM35,exclude,False,False
Mo 等 - 2025 - A Multi-Stage Automatic Framework for Fracture Fragments Segmentation of Zygomatic Bone and Arch.pdf,2470.0,100.0,True,2470.0,A Multi-Stage Automatic Framework for Fracture Fragments Segmentation of Zygomatic Bone and Arch,XWQH8X5W,exclude,False,False
Mohammadi 等 - 2025 - The Effect of Try-in Paste Shade and Framework Design on the Color Characteristics of Dental Zirconi.pdf,369.0,100.0,True,369.0,The Effect of Try-in Paste Shade and Framework Design on the Color Characteristics of Dental Zirconia Restorations.,TRMPEJLZ,exclude,False,False
Mohapatra 等 - 2020 - Comparative Evaluation of Stress Distribution around Various Threaded Implants with and without Plat.pdf,138.0,100.0,True,138.0,Comparative Evaluation of Stress Distribution around Various Threaded Implants with and without Platform Switch: A 3-D Finite Element Analysis.,5TGPGAFM,include,True,True
Moisan 等 - 2025 - A hybrid computational method for the simulation of ultrasonic wave reflection at the bone-implant i.pdf,1113.0,100.0,True,1113.0,A hybrid computational method for the simulation of ultrasonic wave reflection at the bone-implant interface,YA33UVLN,exclude,False,False
Mokhtar 等 - 2023 - Maxillary All-on-six treatment using zygomatic implants. Bone loss evaluation by cone beam compute.pdf,388.0,90.19607843137256,True,388.0,Maxillary All-on-6 Treatment Using Zygomatic Implants. Bone Loss Evaluation by CBCT: 3-Year Follow-up.,BC97IGVS,exclude,False,False
molecules26082259.pdf.pdf,,0.0,False,,,,,False,False
Monaghesh 等 - 2026 - Design and development of a virtual reality simulation for dental implant prosthesis training.pdf,87.0,100.0,True,87.0,Design and development of a virtual reality simulation for dental implant prosthesis training.,4I8FWCMQ,include,True,True
Moore 等 - 2021 - A 3D Bioprinted Material That Recapitulates the Perivascular Bone Marrow Structure for Sustained Hem.pdf,1312.0,100.0,True,1312.0,A 3D Bioprinted Material That Recapitulates the Perivascular Bone Marrow Structure for Sustained Hematopoietic and Cancer Models,8HLZZQ59,exclude,False,False
Morcos 等 - 2026 - The effects of different implant crown restorative materials on the detection of proximal caries of.pdf,306.0,100.0,True,306.0,"The effects of different implant crown restorative materials on the detection of proximal caries of adjacent teeth in cone-beam computed tomography (CBCT) scans using various machines, metal artifact-reduction (MAR) algorithm, and exposure protocols.",IUPVDC4R,exclude,False,False
Morita 等 - 2023 - Automatic orbital segmentation using deep learning-based 2D U-net and accuracy evaluation A retrosp.pdf,1750.0,100.0,True,1750.0,Automatic orbital segmentation using deep learning-based 2D U-net and accuracy evaluation: A retrospective study,5SRGE8HN,unsure,False,False
Morón-Conejo 等 - 2023 - The effect of a convergent transmucosal neck on soft tissues and radiographic outcomes a 1-year fol.pdf,472.0,100.0,True,472.0,The effect of a convergent transmucosal neck on soft tissues and radiographic outcomes: a 1-year follow-up randomized controlled trial.,VKJI7KQU,exclude,False,False
Morón-Conejo 等 - 2025 - Influence of three coded healing abutment design on intraoral scan accuracy a comparative in vitro.pdf,1233.0,100.0,True,1233.0,Influence of three coded healing abutment design on intraoral scan accuracy: a comparative in vitro study,ITMJC47T,include,True,True
Mosca Balma 等 - 2024 - Assessing the Volume of the Head of the Mandibular Condyle Using 3T-MRI-A Preliminary Trial..pdf,33.0,100.0,True,33.0,Assessing the Volume of the Head of the Mandibular Condyle Using 3T-MRI-A Preliminary Trial.,N4NBSSAU,include,True,True
Mostafa 等 - 2026 - Three-dimensional finite element analysis of zygomatic and pterygoid implants for the rehabilitation.pdf,915.0,100.0,True,915.0,Three-dimensional finite element analysis of zygomatic and pterygoid implants for the rehabilitation of severely atrophic maxilla,QYXA5YVP,include,False,False
Motohashi 等 - 2024 - A New Deep Learning Algorithm for Detecting Spinal Metastases on Computed Tomography Images.pdf,1601.0,100.0,True,1601.0,A New Deep Learning Algorithm for Detecting Spinal Metastases on Computed Tomography Images,4MS9MATQ,exclude,False,False
Moufti 等 - 2023 - Developing an Artificial Intelligence Solution to Autosegment the Edentulous Mandibular Bone for Imp.pdf,56.0,100.0,True,56.0,Developing an Artificial Intelligence Solution to Autosegment the Edentulous Mandibular Bone for Implant Planning.,IPRIVZUP,include,True,True
Moufti 等 - 2026 - Developing an Artificial Intelligence Solution to Autosegment the Edentulous Maxillary Bone for Impl.pdf,168.0,100.0,True,168.0,Developing an Artificial Intelligence Solution to Autosegment the Edentulous Maxillary Bone for Implant Planning.,GMQCCFR9,include,True,True
Mourad 等 - 2023 - Polyetheretherketone computer‐aided design and computer‐aided manufacturing framework for All‐on‐Fou.pdf,1857.0,100.0,True,1857.0,Polyetheretherketone computer-aided design and computer-aided manufacturing framework for All-on-Four mandibular full-arch prosthesis: 3 Years' retrospective study of peri-implant soft tissue changes and ridge base relationship,CIW9E352,exclude,False,False
Mourad 等 - 2024 - Five years of radiographic evaluation for the peri-implant bone changes of all-on-four implant prost.pdf,2278.0,100.0,True,2278.0,Five years of radiographic evaluation for the peri-implant bone changes of all-on-four implant prostheses constructed from different framework materials using different digital construction techniques,CR88F8X6,exclude,False,False
Mourouzis 等 - 2024 - Clinical evaluation of removable partial dentures with digitally fabricated metal framework after 4.pdf,113.0,100.0,True,113.0,Clinical evaluation of removable partial dentures with digitally fabricated metal framework after 4 years of clinical service.,VA93LQUQ,exclude,False,False
mp.14768.pdf.pdf,,0.0,False,,,,,False,False
Muehlemann - 2024 - Patient Satisfaction and Accuracy of Partial Denture Frameworks Fabricated using Conventional and Di.pdf,350.0,100.0,True,350.0,Patient Satisfaction and Accuracy of Partial Denture Frameworks Fabricated using Conventional and Digital Techniques.,YZMQLB2M,exclude,False,False
Muehlemann 等 - 2025 - A custom CAD-CAM resilient attachment A dental technique..pdf,1965.0,100.0,True,1965.0,A custom CAD-CAM resilient attachment: A dental technique,IMV29YQ5,exclude,False,False
Muehlemann和Özcan - 2022 - Accuracy of Removable Partial Denture Frameworks Fabricated Using Conventional and Digital Technolog.pdf,302.0,100.0,True,302.0,Accuracy of Removable Partial Denture Frameworks Fabricated Using Conventional and Digital Technologies.,DQJNXGDK,exclude,False,False
"Muhetaer 等 - 2023 - Three-dimensionally printed implant surgical guide-related experience, knowledge, attitude, and prof.pdf",1669.0,100.0,True,1669.0,"Three-dimensionally printed implant surgical guide-related experience, knowledge, attitude, and professional behaviors among 2028 dentists in China: A cross-sectional study",7YM79VJK,exclude,False,False
Mukai 等 - 2022 - Tongue model construction based on ultrasound images with image processing and deep learning method..pdf,2143.0,100.0,True,2143.0,Tongue model construction based on ultrasound images with image processing and deep learning method,SSTCR6WQ,include,False,False
Mukai 等 - 2024 - Investigation on Learning Accuracy for Tongue Surface Extraction from Ultrasound Image.pdf,2445.0,100.0,True,2445.0,Investigation on Learning Accuracy for Tongue Surface Extraction from Ultrasound Image,E8SME964,exclude,False,False
Mukai 等 - 2025 - Development of Motion Detection Algorithm Using 3d Sensors for Patient Monitoring Support Service Sy.pdf,581.0,100.0,True,581.0,Development of Motion Detection Algorithm Using 3d Sensors for Patient Monitoring Support Service System.,52UZVT8F,exclude,False,False
Mukherjee 等 - 2023 - Monitoring the Calibration of In-Office 3D Printers..pdf,555.0,100.0,True,555.0,Monitoring the Calibration of In-Office 3D Printers.,YZQT6Z4B,exclude,False,False
Mukhia 等 - 2021 - Dimensional measurement accuracy of 3-dimensional models from cone beam computed tomography using di.pdf,1989.0,100.0,True,1989.0,Dimensional measurement accuracy of 3-dimensional models from cone beam computed tomography using different voxel sizes,BRDTGEI3,exclude,False,False
Muralidharan 等 - 2024 - CAD-CAM denture teeth made on cast metal removable partial denture frameworks.pdf,266.0,100.0,True,266.0,CAD-CAM denture teeth made on cast metal removable partial denture frameworks.,YY79UAZM,exclude,False,False
"Murat 等 - 2025 - In Vitro Evaluation of Accuracy of CBCT-Derived Volumes in Maxillary Defects Effects of kVp, Device.pdf",767.0,100.0,True,767.0,"In Vitro Evaluation of Accuracy of CBCT-Derived Volumes in Maxillary Defects: Effects of kVp, Device, and Software",MLA5PE8Y,include,True,True
Muro 等 - 2026 - SegRef3D  A Versatile Open‐Source Platform for Artifi.pdf,681.0,100.0,True,681.0,SegRef3D: A Versatile Open-Source Platform for Artificial Intelligence-Assisted Segmentation and Three-Dimensional Reconstruction in Morphological Research,HFJYHS9W,unsure,False,False
Muryani 等 - 2025 - A Systematic Review of Research on Guided Access Cavity Preparation Endodontic Treatment Dentin Pre.pdf,527.0,100.0,True,527.0,A Systematic Review of Research on Guided Access Cavity Preparation Endodontic Treatment: Dentin Preservation Perspectives.,EH5DZEUW,exclude,False,False
"Mwaka 等 - 2021 - Symptom appraisal, help-seeking and perceived barriers to healthcare seeking in Uganda an explorato-1.pdf",637.0,99.41520467836258,True,637.0,"Symptom appraisal, help-seeking and perceived barriers to healthcare seeking in Uganda: an exploratory study among women with potential symptoms of breast and cervical cancer.",2DLU5YV6,exclude,False,False
"Mwaka 等 - 2021 - Symptom appraisal, help-seeking and perceived barriers to healthcare seeking in Uganda an explorato.pdf",637.0,100.0,True,637.0,"Symptom appraisal, help-seeking and perceived barriers to healthcare seeking in Uganda: an exploratory study among women with potential symptoms of breast and cervical cancer.",2DLU5YV6,exclude,False,False
Mânica 等 - 2024 - Identifying teeth and tooth fragments from digital 3D models.pdf,13.0,100.0,True,13.0,Identifying teeth and tooth fragments from digital 3D models.,26QMLGSA,include,True,True
Mânica 等 - 2025 - The level of confidence of dentists in identifying intact and sectioned teeth.pdf,49.0,100.0,True,49.0,The level of confidence of dentists in identifying intact and sectioned teeth.,3RPDNKWU,exclude,True,True
Mäntynen 等 - 2023 - Use of Individually Designed CADCAM Suprastructures for Dental Reconstruction in Patients with Clef.pdf,212.0,100.0,True,212.0,Use of Individually Designed CAD/CAM Suprastructures for Dental Reconstruction in Patients with Cleft Lip and Palate.,HXCMADLS,exclude,False,False
Métris 等 - 2022 - A tiered approach to risk assess microbiome perturbations induced by application of beauty and perso.pdf,1893.0,100.0,True,1893.0,A tiered approach to risk assess microbiome perturbations induced by application of beauty and personal care products,22E3LTVB,exclude,False,False
Nag 等 - 2023 - Guided Full Mouth Implant Rehabilitation in Atrophic Alveolar Ridges Using TTPHIL ALL TILT® Protocol.pdf,259.0,100.0,True,259.0,Guided Full Mouth Implant Rehabilitation in Atrophic Alveolar Ridges Using TTPHIL ALL TILT? Protocol: A Case Report With Three Years Follow-Up.,V32JAIQC,exclude,False,False
Nahir - 2026 - Geometric plane alignment as a methodological requirement for accurate angular measurement in three-.pdf,346.0,100.0,True,346.0,Geometric plane alignment as a methodological requirement for accurate angular measurement in three-dimensional craniofacial imaging.,AY6279X7,include,False,False
Naidu 等 - 2026 - Efficiency and accuracy of augmented reality guided endodontic surgery a systematic review.pdf,184.0,100.0,True,184.0,Efficiency and accuracy of augmented reality guided endodontic surgery: a systematic review.,GKEVKNY9,exclude,False,False
Nair 等 - 2022 - A graph neural network framework for mapping histological topology in oral mucosal tissue..pdf,942.0,100.0,True,942.0,A graph neural network framework for mapping histological topology in oral mucosal tissue,VW2QVI5W,exclude,False,False
Nakamura 等 - 2021 - Geometric and dosimetric impact of 3D generative adversarial network-based metal artifact reduction.pdf,1365.0,100.0,True,1365.0,Geometric and dosimetric impact of 3D generative adversarial network-based metal artifact reduction algorithm on VMAT and IMPT for the head and neck region,HTI9YI8V,exclude,False,False
Nam 等 - 2025 - The link between abutment configuration and marginal bone loss in subcrestally placed posterior impl.pdf,1289.0,100.0,True,1289.0,The link between abutment configuration and marginal bone loss in subcrestally placed posterior implant-supported restorations,JILIPTM5,exclude,False,False
Nandeesh 等 - 2024 - Tooth Enamel segmentation from dental x-ray using MASK R-CNN Algorithm.pdf,2446.0,100.0,True,2446.0,Tooth Enamel segmentation from dental x-ray using MASK R-CNN Algorithm,6HE5F6K3,exclude,False,False
Napolitano 等 - 2026 - A Machine Learning Pipeline for Cusp Height Prediction in Worn Lower Molars Methodological Proof-of.pdf,1496.0,100.0,True,1496.0,A Machine Learning Pipeline for Cusp Height Prediction in Worn Lower Molars: Methodological Proof-of-Concept and Validation Across Homo,WMXWH3IN,include,False,False
Naralan 等 - 2025 - Accuracy of upper airway volume measurements using different software products a comparative analys.pdf,856.0,100.0,True,856.0,Accuracy of upper airway volume measurements using different software products: a comparative analysis,E97IPCII,include,True,True
Nasca 等 - 2026 - A novel forensic protocol for age reversal facial approximation from elderly skulls using computed t.pdf,143.0,100.0,True,143.0,"A novel forensic protocol for age reversal facial approximation from elderly skulls using computed tomography scans, CAD techniques and anthropometric data.",IGM5ZZ4D,include,True,True
Nasr 等 - 2025 - Effect of preparation designs and CAD-CAM materials on step-stress fatigue survival of premolar part.pdf,886.0,100.0,True,886.0,Effect of preparation designs and CAD-CAM materials on step-stress fatigue survival of premolar partial coverage restorations: An in-vitro study with fractographic analysis,F6AW7R93,exclude,False,False
Natarajan 等 - 2025 - Tooth shape and sex estimation a 3D geometric morphometric landmark-based comparative analysis of a.pdf,1866.0,100.0,True,1866.0,"Tooth shape and sex estimation: a 3D geometric morphometric landmark-based comparative analysis of artificial neural networks, support vector machines, and Random Forest models",49BSQFC2,include,True,True
"Navia 等 - 2024 - Repair of Inferior Alveolar Nerve in Orthognathic Surgery Simulator (RIANOS) A Novel, Open-Source,.pdf",100.0,100.0,True,100.0,"Repair of Inferior Alveolar Nerve in Orthognathic Surgery Simulator (RIANOS): A Novel, Open-Source, Combined 3D Printed, and Ex-Vivo Chicken Sciatic Nerve Training Model.",Q7VVX4L9,include,False,False
Nedelcu 等 - 2023 - In vivo trueness and precision of full-arch implant scans using intraoral scanners with three differ.pdf,1645.0,100.0,True,1645.0,In vivo trueness and precision of full-arch implant scans using intraoral scanners with three different acquisition protocols,RB2EMABN,exclude,False,False
Nedelcu 等 - 2023 - In vivo trueness of full-arch implant-supported CADCAM restorations and models based on conventiona.pdf,2126.0,100.0,True,2126.0,In vivo trueness of full-arch implant-supported CAD/CAM restorations and models based on conventional impressions,NM4KD692,exclude,False,False
Neffati 等 - 2021 - An enhanced CAD system based on machine Learning Algorithm for brain MRI classification.pdf,2101.0,100.0,True,2101.0,An enhanced CAD system based on machine Learning Algorithm for brain MRI classification,VBMMA9IP,exclude,False,False
Negm 等 - 2024 - Impact of the superimposition reference area on intraoral scanning accuracy in a partially dentate m.pdf,363.0,100.0,True,363.0,Impact of the superimposition reference area on intraoral scanning accuracy in a partially dentate maxilla.,3FJVJNIB,include,False,False
Neuhaus 等 - 2022 - No Significant Bone Resorption after Open Treatment of Mandibular Condylar Head Fractures in the Med.pdf,1723.0,100.0,True,1723.0,No Significant Bone Resorption after Open Treatment of Mandibular Condylar Head Fractures in the Medium-Term,9MP86R5J,unsure,True,True
Nguyen 等 - 2024 - Automated Measurements of Tooth Size and Arch Widths on Cone-Beam Computerized Tomography and Scan I.pdf,2275.0,100.0,True,2275.0,Automated Measurements of Tooth Size and Arch Widths on Cone-Beam Computerized Tomography and Scan Images of Plaster Dental Models,9WZ73UZY,unsure,False,False
Nikan 等 - 2021 - PWD-3DNet A Deep Learning-Based Fully-Automated Segmentation of Multiple Structures on Temporal Bon.pdf,2565.0,100.0,True,2565.0,PWD-3DNet: A Deep Learning-Based Fully-Automated Segmentation of Multiple Structures on Temporal Bone CT Scans,VA5H2U59,exclude,False,False
Nikolova 等 - 2025 - The Integration of Micro-CT Imaging and Finite Element Simulations for Modelling Tooth-Inlay Systems.pdf,1657.0,100.0,True,1657.0,The Integration of Micro-CT Imaging and Finite Element Simulations for Modelling Tooth-Inlay Systems for Mechanical Stress Analysis: A Preliminary Study,QBWG7CKJ,include,True,True
Ning 等 - 2021 - Noninvasive Three-Dimensional In Situ and In Vivo Characterization of Bioprinted Hydrogel Scaffolds.pdf,1061.0,100.0,True,1061.0,Noninvasive Three-Dimensional In Situ and In Vivo Characterization of Bioprinted Hydrogel Scaffolds Using the X-ray Propagation-Based Imaging Technique,CDF2J78D,exclude,False,False
Niu 等 - 2021 - Novel three-dimensional methods to analyze the morphology of the nasal cavity and pharyngeal airway.pdf,1563.0,100.0,True,1563.0,Novel three-dimensional methods to analyze the morphology of the nasal cavity and pharyngeal airway,27WN5KMX,include,True,True
Niu 等 - 2026 - 3D Single-Tooth Reconstruction via Curriculum Learning and Topology-aware Generation..pdf,2412.0,100.0,True,2412.0,3D Single-Tooth Reconstruction via Curriculum Learning and Topology-aware Generation,USUBE7IV,exclude,False,False
Niu 等 - 2026 - HTCNet Hierarchical Point-Graph Tooth Point Cloud Completion with Image Assistance.pdf,2395.0,100.0,True,2395.0,HTCNet: Hierarchical Point-Graph Tooth Point Cloud Completion with Image Assistance,9SFRR636,exclude,False,False
Nocar 等 - 2023 - A Three-Year Prospective Study Comparing Stereolithography Printed Models to Classical Impression an.pdf,821.0,100.0,True,821.0,A Three-Year Prospective Study Comparing Stereolithography Printed Models to Classical Impression and Plaster Cast Models in Orthodontic Therapy: A 3D Objectification Approach,UEHCEHSN,exclude,False,False
"Noor Mohd 等 - 2026 - Comparison of 3D changes of 3Y, 4Y, and 5Y zirconia single crowns under different sintering protocol.pdf",1576.0,100.0,True,1576.0,"Comparison of 3D changes of 3Y, 4Y, and 5Y zirconia single crowns under different sintering protocols",IHJP7YG5,include,True,True
Ntovas 等 - 2025 - Accuracy of registration between digitized extraoral scan bodies and virtual casts Effect of the ed.pdf,1846.0,100.0,True,1846.0,"Accuracy of registration between digitized extraoral scan bodies and virtual casts: Effect of the edentulous area, tooth anatomy, and registration method",J2RIBVBJ,exclude,True,True
Nulty - 2021 - A Comparison of Full Arch Trueness and Precision of Nine Intra-Oral Digital Scanners and Four Lab Di.pdf,623.0,100.0,True,623.0,A Comparison of Full Arch Trueness and Precision of Nine Intra-Oral Digital Scanners and Four Lab Digital Scanners.,HTUE3J8F,include,True,True
"O' Sullivan 等 - 2021 - The 3D skull 0-4 years A validated, generative, statistical shape model..pdf",473.0,100.0,True,473.0,"The 3D skull 0-4?years: A validated, generative, statistical shape model.",UMFZ4A7L,include,True,True
O'Toole 等 - 2020 - Influence of Scanner Precision and Analysis Software in Quantifying Three-Dimensional Intraoral Chan.pdf,776.0,100.0,True,776.0,Influence of Scanner Precision and Analysis Software in Quantifying Three-Dimensional Intraoral Changes: Two-Factor Factorial Experimental Design,R4F9LK9P,include,True,True
O.F.Ibrahim 等 - 2024 - AI Diagnosis of Mild Cognitive Impairment in Neurodegenerative Diseases from FDG Pet Images.pdf,2521.0,100.0,True,2521.0,AI Diagnosis of Mild Cognitive Impairment in Neurodegenerative Diseases from FDG Pet Images,EQXPU6L4,exclude,False,False
Obaíd 等 - 2026 - 3D Printing of a Patient‐Specific Biomodel and Cutting Guide for Metatarsal Reconstruction With an O.pdf,826.0,100.0,True,826.0,3D Printing of a Patient-Specific Biomodel and Cutting Guide for Metatarsal Reconstruction With an Osteocutaneous SCIP Flap Using Open-Source Software: A Case Report,PGQJVZ2Y,include,False,False
ocr.12521.pdf.pdf,,0.0,False,,,,,False,False
Oda 等 - 2023 - Quantitative Evaluation of Changes in Three-Dimensional CT Density Distributions in Pulmonary Alveol-1.pdf,1117.0,99.43502824858757,True,1117.0,Quantitative Evaluation of Changes in Three-Dimensional CT Density Distributions in Pulmonary Alveolar Proteinosis after GM-CSF Inhalation,WET3NHPF,exclude,False,False
Oda 等 - 2023 - Quantitative Evaluation of Changes in Three-Dimensional CT Density Distributions in Pulmonary Alveol.pdf,1117.0,100.0,True,1117.0,Quantitative Evaluation of Changes in Three-Dimensional CT Density Distributions in Pulmonary Alveolar Proteinosis after GM-CSF Inhalation,WET3NHPF,exclude,False,False
Odette 等 - 2025 - Stackable Guides.pdf,254.0,100.0,True,254.0,Stackable Guides: Digital Workflows for Full Arch Dental Implant Rehabilitation.,FIL9LNEE,unsure,True,True
odi.13631.pdf.pdf,,0.0,False,,,,,False,False
"Ogawa 等 - 2025 - The 3D theory of osseointegration material, topography, and time as interdependent determinants of.pdf",511.0,100.0,True,511.0,"The 3D theory of osseointegration: material, topography, and time as interdependent determinants of bone-implant integration.",UKMQES7K,exclude,False,False
Oh 等 - 2022 - Accuracy of metal 3D printed frameworks for removable partial dentures evaluated by digital superimp.pdf,1991.0,100.0,True,1991.0,Accuracy of metal 3D printed frameworks for removable partial dentures evaluated by digital superimposition,Q986RNC6,include,True,True
Oh 等 - 2023 - Top-down design and fabrication with digital technology of removable partial dentures incorporating.pdf,838.0,100.0,True,838.0,Top-down design and fabrication with digital technology of removable partial dentures incorporating custom abutments: A dental technique,FQVDPA8S,exclude,False,False
Ohashi 等 - 2024 - Mixed Reality-Based Navigation for Pedicle Screw Placement A Preliminary Study Using a 3D-Printed S.pdf,425.0,100.0,True,425.0,Mixed Reality-Based Navigation for Pedicle Screw Placement: A Preliminary Study Using a 3D-Printed Spine Model.,2JHWFMCW,exclude,True,True
Oide 等 - 2026 - Precise maxillectomy reconstruction with a scapula flap using novel in-house 3D-printed surgical gui.pdf,103.0,100.0,True,103.0,Precise maxillectomy reconstruction with a scapula flap using novel in-house 3D-printed surgical guides.,K9F3VXCV,unsure,True,True
Oksuzoglu 等 - 2026 - Fully automated 3D segmentation of periapical lesions on CBCT images using nnU-Net v2.pdf,1516.0,100.0,True,1516.0,Fully automated 3D segmentation of periapical lesions on CBCT images using nnU-Net v2,KBURGWIJ,include,False,False
Olea-Vielba 等 - 2020 - Accuracy of the Implant Replica Positions on the Complete Edentulous Additive Manufactured Cast..pdf,295.0,100.0,True,295.0,Accuracy of the Implant Replica Positions on the Complete Edentulous Additive Manufactured Cast.,BP8J829M,exclude,False,False
Olivetti 等 - 2025 - How to predict the future face A 3D methodology to forecast the aspect of patients after orthognath.pdf,728.0,100.0,True,728.0,How to predict the future face? A 3D methodology to forecast the aspect of patients after orthognathic surgeries,LER47S6U,include,True,True
Olmos 等 - 2023 - 3D assessment of the nasolabial region in cleft models comparing an intraoral and a facial scanner t.pdf,1188.0,100.0,True,1188.0,3D assessment of the nasolabial region in cleft models comparing an intraoral and a facial scanner to a validated baseline,BQRVT8EM,include,True,True
Onogi和Nakajima - 2023 - Assessment of All-in-focus Image Quality in Shape-from-focus Technique.pdf,993.0,100.0,True,993.0,Assessment of All-in-focus Image Quality in Shape-from-focus Technique,KS6SA2QE,exclude,False,False
Oral和Oktem - 2023 - Plug-and-Play Reconstruction with 3D Deep Prior for Complex-Valued Near-Field MIMO Imaging.pdf,2500.0,100.0,True,2500.0,Plug-and-Play Reconstruction with 3D Deep Prior for Complex-Valued Near-Field MIMO Imaging,49E22KHB,exclude,False,False
Oral和Oktem - 2024 - Plug-and-Play Regularization on Magnitude With Deep Priors for 3D Near-Field MIMO Imaging.pdf,2473.0,100.0,True,2473.0,Plug-and-Play Regularization on Magnitude With Deep Priors for 3D Near-Field MIMO Imaging,PCEEZU3Y,exclude,False,False
Orassi 等 - 2025 - Local mechanical stresses can explain the mechanoregulation of bone healing after mandibular reconst.pdf,983.0,100.0,True,983.0,Local mechanical stresses can explain the mechanoregulation of bone healing after mandibular reconstruction: an in silico study,IP9HNSDB,include,True,True
Orgev 等 - 2024 - Digital Gothic Arch Tracing Device with Open- Source Software for CADCAM Denture Fabrication.pdf,353.0,100.0,True,353.0,Digital Gothic Arch Tracing Device with Open- Source Software for CAD/CAM Denture Fabrication.,ZBFWEZCA,include,True,True
Ou-Yang 等 - 2023 - The preliminary in vitro study and application of deep learning algorithm in cone beam computed tomo.pdf,1472.0,100.0,True,1472.0,The preliminary in vitro study and application of deep learning algorithm in cone beam computed tomography image implant recognition,D47HL2MJ,exclude,False,False
Oya 等 - 2023 - Oral squamous cell carcinoma diagnosis in digitized histological images using convolutional neural n.pdf,668.0,100.0,True,668.0,Oral squamous cell carcinoma diagnosis in digitized histological images using convolutional neural network,IV8L8YFF,exclude,False,False
O’ Sullivan 等 - 2022 - Convolutional mesh autoencoders for the 3-dimensional identification of FGFR-related craniosynostosi.pdf,14.0,100.0,True,14.0,Convolutional mesh autoencoders for the 3-dimensional identification of FGFR-related craniosynostosis.,LVQV6BQX,exclude,True,True
Paing 等 - 2025 - Realistic 3D Human Avatar Creation for Metaverse.pdf,2389.0,100.0,True,2389.0,Realistic 3D Human Avatar Creation for Metaverse,MUGR4YEY,exclude,False,False
Palacio-Castañeda 等 - 2021 - Mimicking the Biology of Engineered Protein and mRNA Nanoparticle Delivery Using a Versatile Microfl.pdf,1926.0,100.0,True,1926.0,Mimicking the Biology of Engineered Protein and mRNA Nanoparticle Delivery Using a Versatile Microfluidic Platform,7MPMH7WD,exclude,False,False
Paleczek 等 - 2024 - Noninvasive Total Cholesterol Level Measurement Using an E-Nose System and Machine Learning on Exhal.pdf,1937.0,100.0,True,1937.0,Noninvasive Total Cholesterol Level Measurement Using an E-Nose System and Machine Learning on Exhaled Breath Samples,WHLDYICG,exclude,False,False
Palermo 等 - 2023 - A Digital Mental Health App Incorporating Wearable Biosensing for Teachers of Children on the Autism.pdf,640.0,100.0,True,640.0,A Digital Mental Health App Incorporating Wearable Biosensing for Teachers of Children on the Autism Spectrum to Support Emotion Regulation: Protocol for a Pilot Randomized Controlled Trial.,36ZV2VQ4,exclude,False,False
Palkovics 等 - 2021 - Digital Hybrid Model Preparation for Virtual Planning of Reconstructive Dentoalveolar Surgical Proce.pdf,688.0,100.0,True,688.0,Digital Hybrid Model Preparation for Virtual Planning of Reconstructive Dentoalveolar Surgical Procedures,6WML986Q,include,True,True
Palombo 等 - 2025 - Three‐Dimensional Hard and Soft Tissue Healing at Implants With A Modified Neck Design An In Vivo P.pdf,1109.0,100.0,True,1109.0,Three-Dimensional Hard and Soft Tissue Healing at Implants With A Modified Neck Design: An In Vivo Preclinical Study,8GLIISG6,exclude,False,False
"Palone 等 - 2026 - Accuracy of a new, slim, and rigid CAD-CAM transfer tray An in vivo study.pdf",2049.0,100.0,True,2049.0,"Accuracy of a new, slim, and rigid CAD-CAM transfer tray: An in vivo study",JHGMXHR6,include,True,True
Pan 等 - 2022 - Does the geometry of scan bodies affect the alignment accuracy of computer-aided design in implant d.pdf,2019.0,100.0,True,2019.0,/Does the geometry of scan bodies affect the alignment accuracy of computer-aided design in implant digital workflow: An in vitro study?,GAYWQD7W,exclude,True,True
Pan 等 - 2022 - The cumulative effect of error in the digital workflow for complete‐arch implant‐supported framework.pdf,1704.0,100.0,True,1704.0,The cumulative effect of error in the digital workflow for complete-arch implant-supported frameworks: An in vitro study,8YNE4S72,exclude,False,False
Pang和Che - 2024 - CBCT analysis of mandibular position and bilateral symmetry in adult female patients with a deep ove.pdf,647.0,100.0,True,647.0,CBCT analysis of mandibular position and bilateral symmetry in adult female patients with a deep overbite before and after flat bite plate treatment: a retrospective study,KLUTS8EC,include,True,True
Papasratorn 等 - 2026 - A novel fluoride tray-assisted workflow for artificial intelligence-driven automated maxillary gingi.pdf,2131.0,100.0,True,2131.0,A novel fluoride tray-assisted workflow for artificial intelligence-driven automated maxillary gingival segmentation on cone beam CT,X4AMPF75,include,False,False
Pape 等 - 2022 - RANKL neutralisation prevents osteoclast activation in a human in vitro ameloblastoma-bone model..pdf,1382.0,100.0,True,1382.0,RANKL neutralisation prevents osteoclast activation in a human in vitro ameloblastoma-bone model,BPXF2FW7,exclude,False,False
Pargätzi 等 - 2026 - Randomized crossover study of immersive planning in craniomaxillofacial trauma comparing virtual rea.pdf,1610.0,100.0,True,1610.0,Randomized crossover study of immersive planning in craniomaxillofacial trauma comparing virtual reality and workstation workflows,LQZ2C4X4,include,False,False
Park - 2025 - A comprehensive narrative review exploring the current landscape of digital complete denture technol.pdf,1093.0,100.0,True,1093.0,A comprehensive narrative review exploring the current landscape of digital complete denture technology and advancements,UF76VYHR,exclude,False,False
Park 等 - 2020 - Clinical factors influencing implant positioning by guided surgery using a nonmetal sleeve template.pdf,1135.0,100.0,True,1135.0,Clinical factors influencing implant positioning by guided surgery using a nonmetal sleeve template in the partially edentulous ridge: Multiple regression analysis of a prospective cohort,XUN6KXA3,exclude,False,False
Park 等 - 2021 - Quantitative salivary gland SPECTCT using deep convolutional neural networks..pdf,213.0,100.0,True,213.0,Quantitative salivary gland SPECT/CT using deep convolutional neural networks.,AXW63VZF,exclude,False,False
Park 等 - 2021 - Three-dimensional evaluation of the transfer accuracy of a bracket jig fabricated using computer-aid.pdf,790.0,100.0,True,790.0,Three-dimensional evaluation of the transfer accuracy of a bracket jig fabricated using computer-aided design and manufacturing to the anterior dentition: An in vitro study,E962PLRC,exclude,False,False
Park 等 - 2024 - Automatic 3D Registration of Dental CBCT and Face Scan Data Using 2D Projection Images.pdf,2304.0,100.0,True,2304.0,Automatic 3D Registration of Dental CBCT and Face Scan Data Using 2D Projection Images,YB659UGD,include,False,False
Park 等 - 2024 - Effect of scan body designs and internal conical angles on the 3-dimensional accuracy of implant dig.pdf,524.0,100.0,True,524.0,Effect of scan body designs and internal conical angles on the 3-dimensional accuracy of implant digital scans.,R7GEJ225,exclude,True,True
Park 等 - 2024 - Optimization of smoothing parameter for block matching and 3D filtering algorithm in low-dose chest.pdf,541.0,100.0,True,541.0,Optimization of smoothing parameter for block matching and 3D filtering algorithm in low-dose chest and abdominal computed tomography images.,EJ9XFDS7,exclude,False,False
Park 等 - 2024 - Prediction of the bone volume for sinus augmentation through 3-dimensional analysis.pdf,798.0,100.0,True,798.0,Prediction of the bone volume for sinus augmentation through 3-dimensional analysis,MY7LE3CF,include,True,True
Park 等 - 2024 - Removable complete denture with a metal base Integration of digital design and conventional fabrica.pdf,1985.0,100.0,True,1985.0,Removable complete denture with a metal base: Integration of digital design and conventional fabrication techniques,UPIIQ5SQ,exclude,False,False
Park 等 - 2025 - Accuracy of digital versus conventional implant impressions in partially dentate patients A systema.pdf,613.0,100.0,True,613.0,Accuracy of digital versus conventional implant impressions in partially dentate patients: A systematic review and meta-analysis.,RLWAFKS8,exclude,True,True
Park 等 - 2025 - Three‐dimensional complementary breast ultrasound (3D CBUS) Improving 3D spatial resolution uniform.pdf,964.0,100.0,True,964.0,Three-dimensional complementary breast ultrasound (3D CBUS): Improving 3D spatial resolution uniformity with orthogonal images,9B9AU6TU,exclude,False,False
Park 等 - 2025 - Vertical and Horizontal Ridge Augmentation Using Customized Three-Dimensionally Printed Polycaprolac.pdf,1849.0,100.0,True,1849.0,Vertical and Horizontal Ridge Augmentation Using Customized Three-Dimensionally Printed Polycaprolactone Mesh in Atrophic Posterior Maxillae: A Case Report,GT74L8L4,unsure,False,False
"Passaro 等 - 2024 - Open-source, 3D printable IOL holder for detailed, smartphone-based anterior segment photography.pdf",1479.0,100.0,True,1479.0,"Open-source, 3D printable IOL holder for detailed, smartphone-based anterior segment photography",QVUWC6BB,exclude,False,False
Pattanasirikun 等 - 2024 - Comparison of precision of implant placement between two different guided systems for static compute.pdf,1318.0,100.0,True,1318.0,Comparison of precision of implant placement between two different guided systems for static computer-assisted implant surgery: A simulation-based experimental study,6CWVAMF6,exclude,True,True
Paul 等 - 2025 - AI-Based Anatomical Landmark Recognition for Robot-Assisted Dynamic Dental Implant Surgery.pdf,2324.0,100.0,True,2324.0,AI-Based Anatomical Landmark Recognition for Robot-Assisted Dynamic Dental Implant Surgery,PSHQCDCF,include,False,False
Paul 等 - 2026 - Exploring the Intricacies of Finite Element Modeling of 3D-Printed Scaffolds for Musculoskeletal App.pdf,205.0,100.0,True,205.0,Exploring the Intricacies of Finite Element Modeling of 3D-Printed Scaffolds for Musculoskeletal Applications: An In-Depth Review.,QLCV7SDJ,exclude,False,False
Pedrinaci 等 - 2024 - The Bio‐Restorative Concept for Implant‐Supported Restorations.pdf,1528.0,100.0,True,1528.0,The Bio-Restorative Concept for Implant-Supported Restorations,H2NHEP4A,exclude,False,False
Pei 等 - 2024 - Accuracy of 3 calibration methods of computer-assisted dynamic navigation for implant placement An.pdf,1102.0,100.0,True,1102.0,Accuracy of 3 calibration methods of computer-assisted dynamic navigation for implant placement: An in vitro study,89NYGYEU,exclude,False,False
Peixoto 等 - 2024 - An Open Source Framework for Free Precise Digital Facial Analysis..pdf,30.0,100.0,True,30.0,An Open Source Framework for Free Precise Digital Facial Analysis.,UBAZZ8UQ,include,True,True
Pelekanos 等 - 2024 - Translucent monolithic zirconia titanium‐supported FP1.pdf,471.0,100.0,True,471.0,"Translucent monolithic zirconia titanium-supported FP1 full-arch prosthesis: A novel proof of concept to address esthetic, functional, and biologic challenges.",J9YVQLRA,exclude,False,False
"Pelsőczi-Kovács 等 - 2026 - Individual, High-Precision 3D Mandibular Model for Finite Element Analysis of Three-Unit Bridges A.pdf",139.0,100.0,True,139.0,"Individual, High-Precision 3D Mandibular Model for Finite Element Analysis of Three-Unit Bridges: A Biomechanical Pilot Study.",RC9HDKWL,include,False,False
Peng 等 - 2022 - Trueness of removable partial denture frameworks additively manufactured with selective laser meltin.pdf,1360.0,100.0,True,1360.0,Trueness of removable partial denture frameworks additively manufactured with selective laser melting,4FC2X3LJ,include,True,True
Pereira 等 - 2021 - Accuracy of CAD -CAM systems for removable partial denture framework fabrication A systematic revie.pdf,2053.0,100.0,True,2053.0,Accuracy of CAD -CAM systems for removable partial denture framework fabrication: A systematic review,HDHJW59L,exclude,False,False
Pereira 等 - 2023 - Mandibular asymmetry retreatment with minimal presurgical orthodontic preparation and fully customiz.pdf,401.0,100.0,True,401.0,Mandibular asymmetry retreatment with minimal presurgical orthodontic preparation and fully customized lingual orthodontics: A case report with new possibilities using blender open-source software.,AJW3ZDYY,include,True,True
Pereira 等 - 2025 - Device trueness in passivity and misfit of CAD-CAM frameworks Conventional versus printed casts..pdf,459.0,100.0,True,459.0,Device trueness in passivity and misfit of CAD-CAM frameworks: Conventional versus printed casts.,DK5FUG8T,exclude,False,False
Perevoshchikova 等 - 2021 - Finite element analysis of the performance of additively manufactured scaffolds for scapholunate lig.pdf,2173.0,100.0,True,2173.0,Finite element analysis of the performance of additively manufactured scaffolds for scapholunate ligament reconstruction,WM585CHN,include,False,False
Perkins 等 - 2025 - 3D imaging for dental identification a pilot investigation of a novel segmentation method using an.pdf,1653.0,100.0,True,1653.0,3D imaging for dental identification: a pilot investigation of a novel segmentation method using an intra oral scanning device,7D8C3IE9,exclude,True,True
Perlea 等 - 2024 - Experimental study on dimensional variations of 3D printed dental models based on printing orientati.pdf,279.0,100.0,True,279.0,Experimental study on dimensional variations of 3D printed dental models based on printing orientation.,JH94FFYH,exclude,False,False
Peters 等 - 2021 - Objective and Subjective Comparisons of Split Thickness Skin Graft and Full Thickness Skin Graft for.pdf,222.0,100.0,True,222.0,Objective and Subjective Comparisons of Split Thickness Skin Graft and Full Thickness Skin Graft for Radial Forearm Flap Donor Sites Using a New Measuring Method.,7FKTYDG8,exclude,True,True
Pfaffeneder-Mantai 等 - 2022 - Specially designed and CADCAM manufactured allogeneic bone blocks using for augmentation of a highl.pdf,156.0,100.0,True,156.0,Specially designed and CAD/CAM manufactured allogeneic bone blocks using for augmentation of a highly atrophic maxilla show a stable base for an all-on-six treatment concept: a case report.,GDZGDW9U,exclude,False,False
Pham 等 - 2026 - A reproducible optical-microscopic framework for evaluating electronic apex locator performance in d.pdf,206.0,100.0,True,206.0,A reproducible optical-microscopic framework for evaluating electronic apex locator performance in different irrigants using 3D-printed transparent resin teeth.,D4L4LQ75,exclude,False,False
Pham和Suh - 2025 - Toothbrushing Monitoring Using an RGB-D Camera and Smart Toothbrush-Integrated IMU.pdf,2513.0,100.0,True,2513.0,Toothbrushing Monitoring Using an RGB-D Camera and Smart Toothbrush-Integrated IMU,HYRULWD6,exclude,False,False
Phuaphisit 等 - 2024 - Innovative Facial Sculpting of the Human Skull Using 3D Scanning Techniques.pdf,2373.0,100.0,True,2373.0,Innovative Facial Sculpting of the Human Skull Using 3D Scanning Techniques,GNNPTY9X,include,True,True
Piao 等 - 2022 - A Digital Workflow for the Fabrication of a Milled Removable Partial Denture..pdf,2225.0,100.0,True,2225.0,A Digital Workflow for the Fabrication of a Milled Removable Partial Denture,2REVVA6Z,exclude,False,False
Piao 等 - 2022 - Evaluation of different registration methods and dental restorations on the registration duration an.pdf,1341.0,100.0,True,1341.0,Evaluation of different registration methods and dental restorations on the registration duration and accuracy of cone beam computed tomography data and intraoral scans: a retrospective clinical study,N2Y7K34F,exclude,False,False
Piazza Willig 等 - 2025 - Augmented Reality of Anatomical Structures of the Maxillomandibular Complex for Learning Dental Radi.pdf,1037.0,100.0,True,1037.0,Augmented Reality of Anatomical Structures of the Maxillomandibular Complex for Learning Dental Radiographic Techniques,3DSGGH64,include,True,True
Picoli 等 - 2023 - Risk assessment of inferior alveolar nerve injury after wisdom tooth removal using 3D AI-driven mode.pdf,1437.0,100.0,True,1437.0,Risk assessment of inferior alveolar nerve injury after wisdom tooth removal using 3D AI-driven models: A within-patient study,SE34LAZ9,exclude,True,True
Piedra-Cascón 等 - 2021 - Scanning accuracy of nondental structured light extraoral scanners compared with that of a dental-sp.pdf,521.0,100.0,True,521.0,Scanning accuracy of nondental structured light extraoral scanners compared with that of a dental-specific scanner.,JVZTWR93,include,True,True
"Piedra-Cascón 等 - 2025 - Evaluation of the accuracy (trueness, precision) and processing time of different 3-dimensional CAD-1.pdf",323.0,99.40119760479041,True,323.0,"Evaluation of the accuracy (trueness, precision) and processing time of different 3-dimensional CAD software programs and algorithms for virtual cast alignment.",9792KQV4,include,False,False
"Piedra-Cascón 等 - 2025 - Evaluation of the accuracy (trueness, precision) and processing time of different 3-dimensional CAD-2.pdf",323.0,99.40119760479041,True,323.0,"Evaluation of the accuracy (trueness, precision) and processing time of different 3-dimensional CAD software programs and algorithms for virtual cast alignment.",9792KQV4,include,False,False
"Piedra-Cascón 等 - 2025 - Evaluation of the accuracy (trueness, precision) and processing time of different 3-dimensional CAD.pdf",323.0,100.0,True,323.0,"Evaluation of the accuracy (trueness, precision) and processing time of different 3-dimensional CAD software programs and algorithms for virtual cast alignment.",9792KQV4,include,False,False
Pinto和Grillo - 2026 - Protocol for obtaining a digital and physical three-dimensional color map of the skull based on the.pdf,145.0,100.0,True,145.0,Protocol for obtaining a digital and physical three-dimensional color map of the skull based on the Hounsfield scale using open-source and free software.,X9PHNC4E,include,True,True
Pishghadam 等 - 2025 - Explainable deep learning for age and gender estimation in dental CBCT scans using attention mechani.pdf,2263.0,100.0,True,2263.0,Explainable deep learning for age and gender estimation in dental CBCT scans using attention mechanisms and multi task learning,GUNSSW5U,exclude,False,False
Pitman 等 - 2024 - Accuracy of immediately placed implants using surgical guides from different 3-dimensional printers.pdf,1426.0,100.0,True,1426.0,Accuracy of immediately placed implants using surgical guides from different 3-dimensional printers: An in vitro study,G3QQG2SA,exclude,False,False
"Pitman 等 - 2024 - Examining the Influence of Freehand, Pilot-Guided, and Fully Guided Surgical Protocols on the Accura.pdf",1609.0,100.0,True,1609.0,"Examining the Influence of Freehand, Pilot-Guided, and Fully Guided Surgical Protocols on the Accuracy of Immediately Placed Implants-An In Vitro Study",UCYUH8Y6,exclude,False,False
Pişkin 等 - 2024 - Design and fabrication of an interim fixed restoration with an open-source nondental CAD software pr.pdf,760.0,100.0,True,760.0,Design and fabrication of an interim fi xed restoration with an open-source nondental CAD software program and additive manufacturing: A technical report,9Q6DIK59,include,True,True
Ploumpis 等 - 2021 - Towards a Complete 3D Morphable Model of the Human Head..pdf,314.0,100.0,True,314.0,Towards a Complete 3D Morphable Model of the Human Head.,3XS3ZJW7,exclude,False,False
Podobnik 等 - 2022 - Segmentation of Organs-At-Risk from Ct and Mr Images of the Head and Neck Baseline Results.pdf,2507.0,100.0,True,2507.0,Segmentation of Organs-At-Risk from Ct and Mr Images of the Head and Neck: Baseline Results,Y4RRM52Z,exclude,False,False
polym12102233.pdf.pdf,,0.0,False,,,,,False,False
Poornima 等 - 2022 - Implications of Three-Dimensional Cell Culture in Cancer Therapeutic Research..pdf,857.0,100.0,True,857.0,Implications of Three-Dimensional Cell Culture in Cancer Therapeutic Research,HGZFPPWP,exclude,False,False
Poovarodom 等 - 2023 - Effect of implant placement depth on bone remodeling on implant-supported single zirconia abutment c.pdf,2250.0,100.0,True,2250.0,Effect of implant placement depth on bone remodeling on implant-supported single zirconia abutment crown: A 3D finite element study,9Z3DYF9Y,include,True,True
Poovarodom 等 - 2024 - Effect of customized abutment taper configuration on bone remodeling and peri‐implant tissue around.pdf,919.0,100.0,True,919.0,Effect of customized abutment taper configuration on bone remodeling and peri-implant tissue around implant-supported single crown: A 3D nonlinear finite element study,TD2LKENZ,include,True,True
Poovarodom 等 - 2024 - Multi-objective optimization of custom implant abutment design for enhanced bone remodeling in singl.pdf,2056.0,100.0,True,2056.0,Multi-objective optimization of custom implant abutment design for enhanced bone remodeling in single-crown implants using 3D finite element analysis,I3VUEDA6,include,True,True
"Popovic Grubac 等 - 2026 - Influence of Framework Material on Stress, Fatigue, and Stability of “All-on-Four” System Components.pdf",893.0,100.0,True,893.0,"Influence of Framework Material on Stress, Fatigue, and Stability of “All-on-Four” System Components-Biomechanical Evaluation with Finite Element Analysis",5LFW4IMR,include,False,False
Pozzi 等 - 2024 - Accuracy of intraoral optical scan versus stereophotogrammetry for complete-arch digital implant imp.pdf,297.0,100.0,True,297.0,Accuracy of intraoral optical scan versus stereophotogrammetry for complete-arch digital implant impression: An in vitro study.,K8EJXEIE,exclude,False,False
Pozzi 等 - 2025 - Intra Oral Photogrammetry Trueness Evaluation of Novel Technology for Implant Complete‐Arch Digital.pdf,1125.0,100.0,True,1125.0,Intra Oral Photogrammetry: Trueness Evaluation of Novel Technology for Implant Complete-Arch Digital Impression In Vitro,PLCSV5QB,exclude,True,True
Prados‐Privado - 2026 - Numerical Inverse Design of Patient‐Specific Dental Implants Accelerating span style=font-variant.pdf,85.0,87.74193548387098,True,85.0,Numerical Inverse Design of Patient-Specific Dental Implants: Accelerating FEA-Based Optimization via Evolutionary Neural Surrogates.,NLYE5CIG,include,False,False
Probst 等 - 2021 - Geometric accuracy of magnetic resonance imaging-derived virtual 3-dimensional bone surface models o.pdf,2034.0,100.0,True,2034.0,Geometric accuracy of magnetic resonance imaging-derived virtual 3-dimensional bone surface models of the mandible in comparison to computed tomography and cone beam computed tomography: A porcine cadaver study,4SXNSXGG,include,False,False
Probst 等 - 2022 - Precision of a Hand-Held 3D Surface Scanner in Dry and Wet Skeletal Surfaces An Ex Vivo Study..pdf,1017.0,100.0,True,1017.0,Precision of a Hand-Held 3D Surface Scanner in Dry and Wet Skeletal Surfaces: An Ex Vivo Study,CWY7AMZN,exclude,False,False
Prodi和Visentin - 2023 - Using response time to evaluate noise fluctuations and Lombard speech in auralizations.pdf,2496.0,100.0,True,2496.0,Using response time to evaluate noise fluctuations and Lombard speech in auralizations,RIQ6Q9W3,exclude,False,False
"Profico 等 - 2025 - Toothnroll  An R Package for Landmarking, Measuring, and Mapping Dental Tissues of Hominoid.pdf",693.0,100.0,True,693.0,"Toothnroll: An R Package for Landmarking, Measuring, and Mapping Dental Tissues of Hominoid Anterior Teeth",CES5463F,exclude,False,False
Pu 等 - 2021 - A Comparative Study on a Novel Fibula Malleolus Cap to Increase the Accuracy of Oncologic Jaw Recons.pdf,1225.0,100.0,True,1225.0,A Comparative Study on a Novel Fibula Malleolus Cap to Increase the Accuracy of Oncologic Jaw Reconstruction,K7USC6AL,include,True,True
"Puchakayla 等 - 2025 - Defects evolution during printing, debinding and sintering for additive manufacturing of yttria stab.pdf",2145.0,100.0,True,2145.0,"Defects evolution during printing, debinding and sintering for additive manufacturing of yttria stabilized zirconia",ES72J95F,exclude,False,False
Pınarbaşı 等 - 2026 - Deep learning–based automatic segmentation of MRONJ lesions on CBCT images.pdf,2171.0,100.0,True,2171.0,Deep learning-based automatic segmentation of MRONJ lesions on CBCT images,4RZD5BRS,include,True,True
Pınarbaşı 等 - DEEP LEARNING–BASED AUTOMATIC SEGMENTATION OF MRONJ LESIONS ON CBCT IMAGES.pdf,2171.0,100.0,True,2171.0,Deep learning-based automatic segmentation of MRONJ lesions on CBCT images,4RZD5BRS,include,True,True
Qiao 等 - 2023 - Accuracy and safety of a haptic operated and machine vision controlled collaborative robot for denta.pdf,78.0,100.0,True,78.0,Accuracy and safety of a haptic operated and machine vision controlled collaborative robot for dental implant placement: A?translational study.,MXRP67U6,exclude,True,True
Qin 等 - 2024 - Evaluation of a Novel Drilling Approach for Dynamic Navigation-Aided Endodontic Microsurgery A Surg.pdf,74.0,100.0,True,74.0,Evaluation of a Novel Drilling Approach for Dynamic Navigation-Aided Endodontic Microsurgery: A Surgical Simulation Comparison Study.,DCY89A88,exclude,False,False
Qiu 等 - 2021 - Mandible Segmentation of Dental CBCT Scans Affected by Metal Artifacts Using Coarse-to-Fine Learning.pdf,1874.0,100.0,True,1874.0,Mandible Segmentation of Dental CBCT Scans Affected by Metal Artifacts Using Coarse-to-Fine Learning Model,F78S65N9,exclude,False,False
Qiu 等 - 2025 - Influence of abutment types on the success of two-unit implant-supported fixed dental prostheses A.pdf,1708.0,100.0,True,1708.0,Influence of abutment types on the success of two-unit implant-supported fixed dental prostheses: A three-dimensional finite element analysis and fatigue test combined with microleakage evaluation,T3M3ZIE9,include,True,True
Qu 等 - 2023 - Computed Tomography and 3-D Face Scan Fusion for IoT-Based Diagnostic Solutions.pdf,2326.0,100.0,True,2326.0,Computed Tomography and 3-D Face Scan Fusion for IoT-Based Diagnostic Solutions,PEXP9FTE,include,False,False
Quansah Amissah 等 - 2026 - An Open-Source Restraint System for Magnetic Resonance Imaging in Awake Rats.pdf,557.0,100.0,True,557.0,An Open-Source Restraint System for Magnetic Resonance Imaging in Awake Rats.,SFC8ABM6,exclude,False,False
Raabe 等 - 2024 - Inter‐ and intraindividual variability in virtual single‐tooth implant positioning.pdf,814.0,100.0,True,814.0,Inter- and intraindividual variability in virtual single-tooth implant positioning,NUN2T7K6,exclude,False,False
Radfar 等 - 2023 - Evaluation of One- and Two-Step Impression Techniques and Vertical Marginal Misfit in Fixed Prothesi-1.pdf,278.0,99.41520467836258,True,278.0,Evaluation of One- and Two-Step Impression Techniques and Vertical Marginal Misfit in Fixed Prothesis.,DGRF9TWB,exclude,False,False
Radfar 等 - 2023 - Evaluation of One- and Two-Step Impression Techniques and Vertical Marginal Misfit in Fixed Prothesi.pdf,278.0,100.0,True,278.0,Evaluation of One- and Two-Step Impression Techniques and Vertical Marginal Misfit in Fixed Prothesis.,DGRF9TWB,exclude,False,False
Raffone 等 - 2022 - Chairside virtual patient protocol. Part 1 Free vs Guided face scan protocol..pdf,515.0,100.0,True,515.0,Chairside virtual patient protocol. Part 1: Free vs Guided face scan protocol.,JR957DQR,include,True,True
Raik 等 - 2022 - Temporal Modulation of DNA Methylation and Gene Expression in Monolayer and 3D Spheroids of Dental P.pdf,1271.0,100.0,True,1271.0,Temporal Modulation of DNA Methylation and Gene Expression in Monolayer and 3D Spheroids of Dental Pulp Stem Cells during Osteogenic Differentiation: A Comparative Study,RAR7M36P,exclude,False,False
Raju 等 - 2025 - A Novel Technique to Retrieve Cement Retained Implant Supported Prosthesis with Digital Imaging A T.pdf,265.0,100.0,True,265.0,A Novel Technique to Retrieve Cement Retained Implant Supported Prosthesis with Digital Imaging: A Technical Report.,6MA2TRFI,exclude,False,False
Rameshrao Deshpande 等 - 2025 - Exploring the Use of Neural Networks for Early Detection of Oral Cancer and Other Dental Pathologies.pdf,2332.0,100.0,True,2332.0,Exploring the Use of Neural Networks for Early Detection of Oral Cancer and Other Dental Pathologies,JPBKZHXW,exclude,False,False
Rami Aboujaoude 等 - 2022 - Comparison of the accuracy of bracket positioning between direct and digital indirect bonding techni.pdf,2097.0,100.0,True,2097.0,Comparison of the accuracy of bracket positioning between direct and digital indirect bonding techniques in the maxillary arch: a three-dimensional study,ZAEM42C7,exclude,False,False
Ramnarayan 等 - 2025 - Revolutionizing dental restorations Insights into computer-aided designcomputer-aided manufacturin.pdf,161.0,100.0,True,161.0,Revolutionizing dental restorations: Insights into computer-aided design/computer-aided manufacturing materials - A systematic review.,KRGY2GF4,exclude,False,False
Ran 等 - 2023 - Research on Fatigued-Driving Detection Method by Integrating Lightweight YOLOv5s and Facial 3D Keypo.pdf,397.0,100.0,True,397.0,Research on Fatigued-Driving Detection Method by Integrating Lightweight YOLOv5s and Facial 3D Keypoints.,B4YJSKC8,exclude,False,False
Rao 等 - 2024 - OTONet Deep Neural Network for Precise Otoscopy Image Classification.pdf,2516.0,100.0,True,2516.0,OTONet: Deep Neural Network for Precise Otoscopy Image Classification,4GDMUU8D,exclude,False,False
Rao 等 - 2025 - Smart Nerves Sprout and Assemble in an Extracellular Matrix‐Based 3D Nerve‐in‐a‐Chip Microfluidic.pdf,598.0,100.0,True,598.0,"""Smart"" Nerves Sprout and Assemble in an Extracellular Matrix-Based 3D Nerve-in-a-Chip Microfluidic Model.",H3WTZHNB,exclude,False,False
Raoof 等 - 2026 - A micro-CT-integrated 3D simulation framework reveals fluid transport mechanisms and void dynamics i.pdf,845.0,100.0,True,845.0,A micro-CT-integrated 3D simulation framework reveals fluid transport mechanisms and void dynamics in root canal biomaterials,6DBVHM5M,include,False,False
Raszewski 等 - 2022 - Mechanical Properties and Biocompatibility of 3D Printing Acrylic Material with Bioactive Components.pdf,2082.0,100.0,True,2082.0,Mechanical Properties and Biocompatibility of 3D Printing Acrylic Material with Bioactive Components,JQFBPBTC,exclude,False,False
Rathi 等 - 2024 - Comparative Analysis of CNN Architectures for Enhancing Oral Cancer Detection Using Advanced Image P.pdf,2434.0,100.0,True,2434.0,Comparative Analysis of CNN Architectures for Enhancing Oral Cancer Detection Using Advanced Image Processing Techniques,6LX67ZM8,exclude,False,False
Rauch 等 - 2020 - Tooth-Colored CADCAM Materials for Application in 3-Unit Fixed Dental Prostheses in the Molar Area.pdf,1971.0,100.0,True,1971.0,Tooth-Colored CAD/CAM Materials for Application in 3-Unit Fixed Dental Prostheses in the Molar Area: An Illustrated Clinical Comparison,P3IZEWV7,exclude,False,False
Ravelo 等 - 2024 - Artificial Intelligence Used for Diagnosis in Facial Deformities A Systematic Review..pdf,1575.0,100.0,True,1575.0,Artificial Intelligence Used for Diagnosis in Facial Deformities: A Systematic Review,IHBD25I6,exclude,True,True
Razali 等 - 2021 - High-level Features in Deeper Deep Learning Layers for Breast Cancer Classification.pdf,2541.0,100.0,True,2541.0,High-level Features in Deeper Deep Learning Layers for Breast Cancer Classification,RN2Q4D82,exclude,False,False
rcs.2161.pdf-1.pdf,,0.0,False,,,,,False,False
rcs.2161.pdf.pdf,,0.0,False,,,,,False,False
rcs.2224.pdf-1.pdf,,0.0,False,,,,,False,False
rcs.2224.pdf.pdf,,0.0,False,,,,,False,False
Reddy 等 - 2021 - Evaluating the Effect of Subcrestal Placement on Platform Switched Short Dental Implants and Von Mis.pdf,1547.0,100.0,True,1547.0,Evaluating the effect of subcrestal placement on platform switched short dental implants and von mises stress in D3 bone-A 3D FEM study,QUEPSGLA,include,True,True
Regner 等 - 2023 - Increased deformations are dispensable for cell mechanoresponse in engineered bone analogs mimicking.pdf,410.0,100.0,True,410.0,Increased deformations are dispensable for cell mechanoresponse in engineered bone analogs mimicking aging bone marrow.,P5U2KFAM,exclude,False,False
Regulski 等 - 2022 - Digital science platform an interactive web application and database of osteological material for a.pdf,1235.0,100.0,True,1235.0,Digital science platform: an interactive web application and database of osteological material for anatomy education,NHTJCU8E,exclude,False,False
Ren 等 - 2024 - High-precision teeth reconstruction based on automatic multimodal fusion with CBCT and IOS.pdf,1935.0,100.0,True,1935.0,High-precision teeth reconstruction based on automatic multimodal fusion with CBCT and IOS,4FW75KRW,include,False,False
Rençber Kızılkaya和Kara - 2024 - Impact of different CAD software programs on marginal and internal fit of provisional crowns An in.pdf,1157.0,100.0,True,1157.0,Impact of different CAD software programs on marginal and internal fit of provisional crowns: An in vitro study,XV6TN9HP,include,True,True
Ren和Chen - 2026 - A Dual-Branch Deep Learning Framework with Explainability for Dental Caries Classification Using Int.pdf,528.0,100.0,True,528.0,A Dual-Branch Deep Learning Framework with Explainability for Dental Caries Classification Using Intra-Oral Photographs and Radiographs.,4VSIKKF2,exclude,False,False
Revilla-León 等 - 2021 - Facial scanning accuracy depending on the alignment algorithm and digitized surface area location A.pdf,435.0,100.0,True,435.0,Facial scanning accuracy depending on the alignment algorithm and digitized surface area location: An in vitro study.,RX5BZKF9,include,True,True
Revilla-León 等 - 2021 - Influence of printing angulation on the surface roughness of additive manufactured clear silicone in.pdf,1791.0,100.0,True,1791.0,Influence of printing angulation on the surface roughness of additive manufactured clear silicone indices: An in vitro study,7E9FRYX7,exclude,False,False
Revilla-León 等 - 2022 - Accuracy of a patient 3-dimensional virtual representation obtained from the superimposition of faci.pdf,1632.0,100.0,True,1632.0,Accuracy of a patient 3-dimensional virtual representation obtained from the superimposition of facial and intraoral scans guided by extraoral and intraoral scan body systems,HVA6JLX4,exclude,False,False
Revilla-León 等 - 2022 - Manufacturing accuracy and volumetric changes of stereolithography additively manufactured zirconia.pdf,1002.0,100.0,True,1002.0,Manufacturing accuracy and volumetric changes of stereolithography additively manufactured zirconia with different porosities,RTD3YEDF,include,True,True
Revilla-León 等 - 2023 - Best-Fit Algorithm Influences on Virtual Casts' Alignment Discrepancies..pdf,460.0,100.0,True,460.0,Best-Fit Algorithm Influences on Virtual Casts' Alignment Discrepancies.,VQI8ZHBV,include,True,True
Revilla-León 等 - 2023 - The effect of different tooth preparation finishing procedures and immediate dentin sealing on the s.pdf,90.0,100.0,True,90.0,The effect of different tooth preparation finishing procedures and immediate dentin sealing on the scanning accuracy of different intraoral scanners.,IHRQELW2,include,False,False
Revilla‐León 等 - 2022 - Implant‐Abutment Discrepancy Before and After Acrylic Resin Veneering of Complete‐Arch Titanium Fram.pdf,1040.0,100.0,True,1040.0,Implant-Abutment Discrepancy Before and After Acrylic Resin Veneering of Complete-Arch Titanium Frameworks Manufactured Using Milling and Electron Beam Melting Technologies,SXDKKLNE,exclude,True,True
Revilla‐León 等 - 2024 - Wear at the implant–framework interface between titanium implant platform and the additively manufac-1.pdf,656.0,99.42857142857143,True,656.0,Wear at the implant-framework interface between titanium implant platform and the additively manufactured titanium and cobalt-chromium frameworks,4CWA53IE,exclude,False,False
Revilla‐León 等 - 2024 - Wear at the implant–framework interface between titanium implant platform and the additively manufac.pdf,656.0,100.0,True,656.0,Wear at the implant-framework interface between titanium implant platform and the additively manufactured titanium and cobalt-chromium frameworks,4CWA53IE,exclude,False,False
Reymus 等 - 2026 - AI-assisted Software Development in Digital Dentistry A Technical Innovation Report with Three Open.pdf,153.0,100.0,True,153.0,AI-assisted Software Development in Digital Dentistry: A Technical Innovation Report with Three Open-Source Applications.,46CXKFWE,include,True,True
Reymus 等 - 2026 - Practitioners' Perceptions of Augmented and Virtual Reality in Endodontic Treatment Planning A Pilo.pdf,1767.0,100.0,True,1767.0,Practitioners' Perceptions of Augmented and Virtual Reality in Endodontic Treatment Planning: A Pilot Study,DVQKTI8D,include,True,True
Reymus 等 - 2026 - Trueness of artificial intelligence-driven CBCT tooth segmentation A comparative validation ex vivo.pdf,2227.0,100.0,True,2227.0,Trueness of artificial intelligence-driven CBCT tooth segmentation: A comparative validation ex vivo pilot study,ZQUSKV8U,include,True,True
Ribeiro 等 - 2024 - Maxillomandibular relationship record methods for computer-engineered complete dentures a scoping r.pdf,324.0,100.0,True,324.0,Maxillomandibular relationship record methods for computer-engineered complete dentures: a scoping review.,KBUGU87N,exclude,False,False
Ricardo 等 - 2022 - Three-Dimensional Volumetric Analysis of Frontal Ethmoidal Cells and Evaluation of Influential Facto.pdf,1555.0,100.0,True,1555.0,Three-Dimensional Volumetric Analysis of Frontal Ethmoidal Cells and Evaluation of Influential Factors: A Helical Computed Tomography Study,P8WWLP4V,exclude,False,False
Rindone 等 - 2021 - Quantitative 3D imaging of the cranial microvascular environment at single-cell resolution.pdf,1477.0,100.0,True,1477.0,Quantitative 3D imaging of the cranial microvascular environment at single-cell resolution,B74HA57S,exclude,False,False
"Ritschl 等 - 2021 - In-House, Open-Source 3D-Software-Based, CADCAM-Planned Mandibular Reconstructions in 20 Consecutiv.pdf",643.0,100.0,True,643.0,"In-House, Open-Source 3D-Software-Based, CAD/CAM-Planned Mandibular Reconstructions in 20 Consecutive Free Fibula Flap Cases: An Explorative Cross-Sectional Study With Three-Dimensional Performance Analysis",3DULHY4P,include,True,True
Ritschl 等 - 2025 - The effect of mandibular advancement on pharyngeal airway space in patients with oral squamous cell.pdf,1480.0,100.0,True,1480.0,The effect of mandibular advancement on pharyngeal airway space in patients with oral squamous cell carcinoma: A monocentric prospective study with computed tomography,4GCSCPFE,include,True,True
Roda-Casanova和Pérez-González - 2024 - Computerized Generation of Endodontic Files by Reproducing the Flute Grinding Manufacturing Process..pdf,2265.0,100.0,True,2265.0,Computerized Generation of Endodontic Files by Reproducing the Flute Grinding Manufacturing Process,2B8FAF4H,include,False,False
"Rodero 等 - 2025 - Cronodent I, 3D interactive manual for self-learning of the dental chronology of equines.pdf",2260.0,100.0,True,2260.0,"Cronodent I, 3D interactive manual for self-learning of the dental chronology of equines",BZ9TQX42,exclude,False,False
Rodrigues Moreira 等 - 2026 - Multi-view deep fusion for forensic dental age estimation in tomographic imaging.pdf,2021.0,100.0,True,2021.0,Multi-view deep fusion for forensic dental age estimation in tomographic imaging,S9X9MBYM,include,False,False
"Rodrigues 等 - 2025 - Torque Loss, Survival, and Strain Distribution of Implant-Supported Prostheses with Zirconia and Cob.pdf",1241.0,100.0,True,1241.0,"Torque Loss, Survival, and Strain Distribution of Implant-Supported Prostheses with Zirconia and Cobalt-Chromium Hybrid Abutments",R2YYAV9G,exclude,False,False
Rodrigues 等 - 2026 - Effect of distal cantilever and anterior implant diameter on framework and cortical bone stress in a.pdf,244.0,100.0,True,244.0,Effect of distal cantilever and anterior implant diameter on framework and cortical bone stress in a PEEK-based All-on-Four mandibular prosthesis.,BG353LUQ,include,False,False
Rodriguez-Arias 等 - 2022 - Microtia Ear Reconstruction with Patient-Specific 3D Models-A Segmentation Protocol.pdf,698.0,100.0,True,698.0,Microtia Ear Reconstruction with Patient-Specific 3D Models-A Segmentation Protocol,TKTV4GKB,include,True,True
Rodriguez-Molinero和Prados-Privado - 2026 - Time-resolved prediction of dental implant biomechanics through integration of finite element analys.pdf,1950.0,100.0,True,1950.0,"Time-resolved prediction of dental implant biomechanics through integration of finite element analysis, osseointegration dynamics, and deep learning",G9RBUHY9,include,False,False
Rodríguez-Arias 等 - 2024 - In-House 3D Printed Positioning and Cutting Guide System for Mandibular Reconstruction. Protocol and.pdf,71.0,100.0,True,71.0,In-House 3D Printed Positioning and Cutting Guide System for Mandibular Reconstruction. Protocol and case report.,KFMHNQAV,include,True,True
Rodríguez-Arias 等 - 2024 - In-house manufactured 3D guides for the localization and treatment of mandibular lesions. Workflow a.pdf,170.0,100.0,True,170.0,In-house manufactured 3D guides for the localization and treatment of mandibular lesions. Workflow and case series.,CD45V2UD,include,True,True
Roh 等 - 2024 - Two-stage deep learning framework for occlusal crown depth image generation.pdf,190.0,100.0,True,190.0,Two-stage deep learning framework for occlusal crown depth image generation.,IDCI2HJY,exclude,False,False
Rokhshad 等 - 2023 - Artificial intelligence applications and ethical challenges in oral and maxillo-facial cosmetic surg.pdf,320.0,100.0,True,320.0,Artificial intelligence applications and ethical challenges in oral and maxillo-facial cosmetic surgery: a narrative review.,ILHEJVS5,exclude,False,False
Rokhshad 等 - 2024 - Fit of removable partial denture frameworks fabricated from 3D printed patterns versus the conventio.pdf,1104.0,100.0,True,1104.0,Fit of removable partial denture frameworks fabricated from 3D printed patterns versus the conventional method: An in vitro comparison,TVXA8RF7,include,True,True
Rokhshad 等 - 2025 - Influence of fabrication method on the manufacturing accuracy and internal discrepancy of removable.pdf,2233.0,100.0,True,2233.0,Influence of fabrication method on the manufacturing accuracy and internal discrepancy of removable partial dentures: A systematic review and meta-analysis,YANBDRZC,exclude,False,False
Rombaut 等 - 2025 - Training of Oral and Maxillofacial Surgery Residents in Virtual Surgical Planning A Feasibility Stu.pdf,326.0,100.0,True,326.0,Training of Oral and Maxillofacial Surgery Residents in Virtual Surgical Planning: A Feasibility Study Comparing Open-Source Freeware and Commercially Available Software for Mandibular Reconstruction with Fibula Free Flap.,G468UMA5,include,True,True
Romeo 等 - 2023 - MRI Radiomics and Machine Learning for the Prediction of Oncotype Dx Recurrence Score in Invasive Br.pdf,1959.0,100.0,True,1959.0,MRI Radiomics and Machine Learning for the Prediction of Oncotype Dx Recurrence Score in Invasive Breast Cancer,S4X9XUFL,exclude,False,False
Romito 等 - 2025 - Early Placement of Patient‐Specific One‐Piece Drill‐Free Fully Digital Designed Dental Implants A F.pdf,2190.0,100.0,True,2190.0,Early Placement of Patient-Specific One-Piece Drill-Free Fully Digital Designed Dental Implants: A Feasibility Study,L5U9ITAK,exclude,True,True
Roomaney 等 - 2022 - Facial imaging to screen for fetal alcohol spectrum disorder A scoping review.pdf,1674.0,100.0,True,1674.0,Facial imaging to screen for fetal alcohol spectrum disorder: A scoping review,HHE9ZNHG,exclude,False,False
Roshdy 等 - 2025 - Two-piece versus single-piece patient-specific titanium subperiosteal implants in atrophied edentulo.pdf,169.0,100.0,True,169.0,Two-piece versus single-piece patient-specific titanium subperiosteal implants in atrophied edentulous mandibles: A finite element analysis.,8DSDLZHX,include,True,True
Rostamzad 等 - 2025 - Facial asymmetry in syndromic craniosynostosis patients undergoing midface surgery compared to a lar.pdf,592.0,100.0,True,592.0,Facial asymmetry in syndromic craniosynostosis patients undergoing midface surgery compared to a large general population.,SW2VBSEU,include,True,True
Rothlauf 等 - 2023 - Influence of planning software and template design on the accuracy of static computer assisted impla.pdf,1504.0,100.0,True,1504.0,Influence of planning software and template design on the accuracy of static computer assisted implant surgery performed using guides fabricated with material extrusion technology: An in vitro study,JTZRXANB,exclude,False,False
Rouf和Jadon - 2025 - Generative AI for Text to Speech and Sign Language Translation.pdf,2529.0,100.0,True,2529.0,Generative AI for Text to Speech and Sign Language Translation,JZFZNDHC,exclude,False,False
Rouhi和Kiani - 2026 - Wheelchair control system using infrared sensors and tongue movements.pdf,333.0,100.0,True,333.0,Wheelchair control system using infrared sensors and tongue movements.,ZYAUY7FB,exclude,False,False
Roy 等 - 2024 - The role of patient specific implants in the oral and maxillofacial region.pdf,1.0,100.0,True,1.0,The role of patient specific implants in the oral and maxillofacial region.,GNTHJANG,exclude,False,False
Rubiu 等 - 2023 - Teeth Segmentation in Panoramic Dental X-ray Using Mask Regional Convolutional Neural Network.pdf,2092.0,100.0,True,2092.0,Teeth Segmentation in Panoramic Dental X-ray Using Mask Regional Convolutional Neural Network,DQC6CF2F,exclude,False,False
Ruggeri 等 - 2023 - Polysaccharide-protein microparticles based-scaffolds to recover soft tissue loss in mild periodonti-1.pdf,1231.0,99.43502824858757,True,1231.0,Polysaccharide-protein microparticles based-scaffolds to recover soft tissue loss in mild periodontitis,9ZT8GFB8,exclude,False,False
Ruggeri 等 - 2023 - Polysaccharide-protein microparticles based-scaffolds to recover soft tissue loss in mild periodonti.pdf,1231.0,100.0,True,1231.0,Polysaccharide-protein microparticles based-scaffolds to recover soft tissue loss in mild periodontitis,9ZT8GFB8,exclude,False,False
Ruggiero 等 - 2025 - Is Additive Manufacturing of Dental Zirconia Comparable to Subtractive Methods When Considering Prin.pdf,795.0,100.0,True,795.0,Is Additive Manufacturing of Dental Zirconia Comparable to Subtractive Methods When Considering Printing Orientation and Layer Thickness? A Systematic Review and Meta-Analysis,TUK7DSEX,exclude,False,False
Ruggiero 等 - 2025 - Jaw motion tracking with open-source tools A dental technique-1.pdf,2193.0,100.0,True,2193.0,Jaw motion tracking with open-source tools: A dental technique,PQUU6GDK,include,True,True
Ruggiero 等 - 2025 - Jaw motion tracking with open-source tools A dental technique.pdf,2193.0,100.0,True,2193.0,Jaw motion tracking with open-source tools: A dental technique,PQUU6GDK,include,True,True
Ruiz-Romero 等 - 2024 - Accuracy of dynamic computer-assisted implant surgery in fully edentulous patients An in vitro stud.pdf,816.0,100.0,True,816.0,Accuracy of dynamic computer-assisted implant surgery in fully edentulous patients: An in vitro study,7RTUS649,exclude,True,True
Rumaksari 等 - 2025 - Towards Reliable 3D Face Reconstruction from Voice Evaluating the Consistency between Regression Me.pdf,2388.0,100.0,True,2388.0,Towards Reliable 3D Face Reconstruction from Voice: Evaluating the Consistency between Regression Metrics and SSIM,TV7FIHW6,exclude,False,False
Rungtanakiat 等 - 2024 - Association of Peri-Implant Mucosa Dimensions With Emergence Profile Angles of the Implant Prosthesi.pdf,164.0,100.0,True,164.0,Association of Peri-Implant Mucosa Dimensions With Emergence Profile Angles of the Implant Prosthesis.,GC7Z6UQ8,unsure,False,False
Rusu 等 - 2025 - A morphometric anthropometric analysis of the upper lip in adult Western Romanian population- a retr.pdf,1501.0,100.0,True,1501.0,A morphometric anthropometric analysis of the upper lip in adult Western Romanian population- a retrospective study,JHV3F4QS,include,True,True
Ryu 等 - 2021 - Diagnosis of obstructive sleep apnea with prediction of flow characteristics according to airway mor.pdf,2013.0,100.0,True,2013.0,Diagnosis of obstructive sleep apnea with prediction of flow characteristics according to airway morphology automatically extracted from medical images: Computational fluid dynamics and artificial intelligence approach,7HJFTLY7,include,False,False
Röders 等 - 2025 - A 3D-printed modular implant for extracellular recordings..pdf,1066.0,100.0,True,1066.0,A 3D-printed modular implant for extracellular recordings,KUF4QW5A,exclude,True,True
RÖding 等 - 2021 - Three-dimensional reconstruction of porous polymer films from FIB-SEM nanotomography data using rand.pdf,1137.0,100.0,True,1137.0,Three-dimensional reconstruction of porous polymer films from FIB-SEM nanotomography data using random forests,WMCPUUSX,exclude,False,False
Röding 等 - 2021 - Three‐dimensional reconstruction of porous polymer films from FIB‐SEM nanotomography data using rand.pdf,1137.0,100.0,True,1137.0,Three-dimensional reconstruction of porous polymer films from FIB-SEM nanotomography data using random forests,WMCPUUSX,exclude,False,False
s00056-021-00282-6.pdf.pdf,,0.0,False,,,,,False,False
s00276-020-02577-6.pdf.pdf,,0.0,False,,,,,False,False
s00345-019-02989-z.pdf.pdf,,0.0,False,,,,,False,False
s00345-021-03766-7.pdf.pdf,,0.0,False,,,,,False,False
s00784-019-03112-7.pdf.pdf,,0.0,False,,,,,False,False
s00784-020-03480-5.pdf.pdf,,0.0,False,,,,,False,False
s00784-021-03937-1.pdf.pdf,,0.0,False,,,,,False,False
s00784-021-04013-4.pdf.pdf,,0.0,False,,,,,False,False
s10006-020-00920-0.pdf.pdf,,0.0,False,,,,,False,False
s10266-021-00595-3.pdf.pdf,,0.0,False,,,,,False,False
s11548-020-02248-2.pdf.pdf,,0.0,False,,,,,False,False
s12650-020-00697-0.pdf.pdf,,0.0,False,,,,,False,False
s12894-021-00874-9.pdf.pdf,,0.0,False,,,,,False,False
s12903-020-01202-7.pdf.pdf,,0.0,False,,,,,False,False
s12903-020-01208-1.pdf.pdf,,0.0,False,,,,,False,False
s12903-020-01311-3.pdf.pdf,,0.0,False,,,,,False,False
s12903-020-01342-w.pdf.pdf,,0.0,False,,,,,False,False
s12903-021-01694-x.pdf.pdf,,0.0,False,,,,,False,False
s12938-021-00851-1.pdf.pdf,,0.0,False,,,,,False,False
s13246-020-00909-9.pdf.pdf,,0.0,False,,,,,False,False
s21041409.pdf.pdf,,0.0,False,,,,,False,False
s40729-020-00223-9.pdf.pdf,,0.0,False,,,,,False,False
s40729-020-00253-3.pdf.pdf,,0.0,False,,,,,False,False
s41205-020-00069-2.pdf.pdf,,0.0,False,,,,,False,False
s41522-021-00214-7.pdf.pdf,,0.0,False,,,,,False,False
s41587-021-00994-5.pdf.pdf,,0.0,False,,,,,False,False
s41598-020-68221-w.pdf.pdf,,0.0,False,,,,,False,False
s41598-020-68477-2.pdf.pdf,,0.0,False,,,,,False,False
s41598-021-81044-7.pdf.pdf,,0.0,False,,,,,False,False
s41598-021-87240-9.pdf.pdf,,0.0,False,,,,,False,False
s41598-021-91579-4.pdf.pdf,,0.0,False,,,,,False,False
s41598-021-94362-7.pdf.pdf,,0.0,False,,,,,False,False
Saadeh 等 - 2024 - Effect of Utilizing Cheek Retractors on Patient Satisfaction and Trueness of Peripheral Borders in M.pdf,469.0,96.42857142857143,True,469.0,Effect of Using Cheek Retractors on Patient Satisfaction and Trueness of Peripheral Borders in Maxillary Digital Scans for Totally Edentulous Patients: An In Vivo Study.,PNUIRE9F,exclude,True,True
Saadellaoui 等 - 2024 - Combination of CADCAM technologies and conventional processing in the fabrication of a maxillary ob.pdf,281.0,100.0,True,281.0,Combination of CAD/CAM technologies and conventional processing in the fabrication of a maxillary obturator prosthesis: a clinical report.,UAI78VW7,exclude,False,False
Saadh 等 - 2025 - A multi-center study of transformer-based CNNs for multiple sclerosis lesion segmentation on 3D FLAI.pdf,439.0,100.0,True,439.0,A multi-center study of transformer-based CNNs for multiple sclerosis lesion segmentation on 3D FLAIR MRI.,V424MXPT,exclude,False,False
Sabah 等 - 2026 - Polymeric Sustained-Release Chlorhexidine Coating on Gutta-Percha Points for Prolonged Intracanal An.pdf,1682.0,100.0,True,1682.0,Polymeric Sustained-Release Chlorhexidine Coating on Gutta-Percha Points for Prolonged Intracanal Antimicrobial Delivery: An In Vitro Study,DKRR8WYW,exclude,False,False
Sabbagh 等 - 2024 - Biomechanical simulation of segmented intrusion of a mandibular canine using Robot Orthodontic Measu.pdf,960.0,100.0,True,960.0,Biomechanical simulation of segmented intrusion of a mandibular canine using Robot Orthodontic Measurement & Simulation System (ROSS),G2CIWA2W,exclude,True,True
Sabelis 等 - 2025 - Clinical validation of the virtual splint registration workflow for craniomaxillofacial surgery.pdf,764.0,100.0,True,764.0,Clinical validation of the virtual splint registration workflow for craniomaxillofacial surgery,FGNMQN65,exclude,False,False
Sabeti 等 - 2023 - The effect of hard tissue defects on the clinical outcome of endodontic microsurgery a systematic r.pdf,1780.0,100.0,True,1780.0,The effect of hard tissue defects on the clinical outcome of endodontic microsurgery: a systematic review and meta-analysis,HVD7DYA7,exclude,False,False
Sabri 等 - 2022 - Finite element analysis of class II mandibular unilateral distal extension partial dentures.pdf,2204.0,100.0,True,2204.0,Finite element analysis of class II mandibular unilateral distal extension partial dentures,NKHLQW6Q,include,True,True
Sadr 等 - 2022 - Comparison of internal fit of metal-ceramic crowns in CADCAM and lost-wax techniques in all fabrica.pdf,452.0,100.0,True,452.0,"Comparison of internal fit of metal-ceramic crowns in CAD/CAM and lost-wax techniques in all fabrication stages through replica weighting, triple scanning, and scanning electron microscope.",FZ2D9GS2,exclude,False,False
"Saeed A Elrefaei 等 - 2025 - Customized 3D-Printed Scaffolds for Alveolar Ridge Augmentation A Scoping Review of Workflows, Tech.pdf",2023.0,100.0,True,2023.0,"Customized 3D-Printed Scaffolds for Alveolar Ridge Augmentation: A Scoping Review of Workflows, Technology, and Materials",4EYDYA54,exclude,True,True
Safrany-Fark 等 - 2023 - A novel approach for determining instantaneous centers of rotation of the mandible with an intraoral.pdf,501.0,100.0,True,501.0,A novel approach for determining instantaneous centers of rotation of the mandible with an intraoral scanner: A preliminary study.,7GANPVVG,include,False,False
Sag 等 - 2024 - Qualitative exploration of 3D printing in Swedish healthcare perceived effects and barriers..pdf,1967.0,100.0,True,1967.0,Qualitative exploration of 3D printing in Swedish healthcare: perceived effects and barriers,6BVQQI7U,exclude,True,True
"Sahin Hazir 等 - 2025 - Biomechanical behavior of titanium, cobalt-chromium, zirconia, and PEEK frameworks in implant-suppor.pdf",2136.0,100.0,True,2136.0,"Biomechanical behavior of titanium, cobalt-chromium, zirconia, and PEEK frameworks in implant-supported prostheses: a dynamic finite element analysis",IG7LMPC6,include,True,True
"Saini 等 - 2025 - Virtual Articulator Software Accuracy, Usability, and Clinical Applicability A Systematic Review.pdf",224.0,100.0,True,224.0,"Virtual Articulator Software: Accuracy, Usability, and Clinical Applicability: A Systematic Review.",U5BR4J6Y,exclude,False,False
"Saip和Yesil - 2026 - Effect of implant number, attachment type, and framework material on stress distribution in mandibul.pdf",1307.0,100.0,True,1307.0,"Effect of implant number, attachment type, and framework material on stress distribution in mandibular overdentures: a finite element analysis",SE8L9A5N,include,False,False
Sakulpaptong 等 - 2022 - 3D engineered human gingiva fabricated with electrospun collagen scaffolds provides a platform for i.pdf,1430.0,100.0,True,1430.0,3D engineered human gingiva fabricated with electrospun collagen scaffolds provides a platform for in vitro analysis of gingival seal to abutment materials,GEREGG8M,exclude,False,False
"Salehivaziri 等 - 2025 - Evaluation of the Effects of Diameter, Length, Splinted or Non- Splinted Forms, and Crown-to-Implant.pdf",146.0,99.37888198757764,True,146.0,"Evaluation of the Effects of Diameter, Length, Splinted or Nonsplinted Form, and Crown-to-Implant Ratio on the Stress Distribution Around Extra-Short Implants in the Posterior Mandible: Finite Element Analysis.",2ZLUSNLH,include,False,False
Salemi 等 - 2021 - Efficacy of Metal Artifact Reduction Algorithm of Cone-Beam Computed Tomography for Detection of Fen.pdf,234.0,100.0,True,234.0,Efficacy of Metal Artifact Reduction Algorithm of Cone-Beam Computed Tomography for Detection of Fenestration and Dehiscence around Dental Implants.,KVLBJQPE,exclude,False,False
Salipante 等 - 2021 - Blood vessel-on-a-chip examines the biomechanics of microvasculature.pdf,1203.0,100.0,True,1203.0,Blood vessel-on-a-chip examines the biomechanics of microvasculature,7XQRAIBP,exclude,False,False
"Salmeri 等 - 2026 - Comparison of Low‐Dose, Standard‐Dose, and High‐Definition CBCT Protocols for STL Reconstruction Acc.pdf",144.0,100.0,True,144.0,"Comparison of Low-Dose, Standard-Dose, and High-Definition CBCT Protocols for STL Reconstruction Accuracy in Digital Bone Scaffold Workflows.",EKQJE262,include,False,False
Sameh 等 - 2025 - Generative Chained Label Propagation A Semi-Supervised Approach for Enhanced 3D Segmentation of the.pdf,2440.0,100.0,True,2440.0,Generative Chained Label Propagation: A Semi-Supervised Approach for Enhanced 3D Segmentation of the Inferior Alveolar Nerve,9TE2J8EB,include,False,False
Sanad 等 - 2025 - Effect of Different Veneering Techniques on Mechanical Properties and Translucency of Zirconia Frame.pdf,539.0,100.0,True,539.0,Effect of Different Veneering Techniques on Mechanical Properties and Translucency of Zirconia Framework-veneer Ceramic Crowns.,K66NDIA5,exclude,True,True
Sandeep 等 - 2025 - Evaluation and Comparison of Interocclusal Registration Accuracy Using Digital Intraoral Scanners an.pdf,632.0,100.0,True,632.0,Evaluation and Comparison of Interocclusal Registration Accuracy Using Digital Intraoral Scanners and Conventional Methods: An In Vivo Study.,WMML49PQ,exclude,False,False
Sangolgi 等 - 2025 - A Unified Deep Learning Framework for Lip Reading and Deep Fake Audio Classification.pdf,2538.0,100.0,True,2538.0,A Unified Deep Learning Framework for Lip Reading and Deep Fake Audio Classification,LX4B4NBH,exclude,False,False
Santamaría-Laorden 等 - 2025 - Complete arch implant capture using a photogrammetry algorithm and smartphone app An in vitro study.pdf,1518.0,100.0,True,1518.0,Complete arch implant capture using a photogrammetry algorithm and smartphone app: An in vitro study,7CLZIHKA,exclude,True,True
Santana 等 - 2023 - In Silico Mechanical Effort Analysis of the All-On-4 Design Performed With Platform-Switching Distal.pdf,1758.0,100.0,True,1758.0,In Silico Mechanical Effort Analysis of the All-On-4 Design Performed With Platform-Switching Distal Short Dental Implants,MAV6QNXN,include,True,True
Santos 等 - 2025 - Remote‐Controlled Magnetic Stimulation of Cell‐Based Bioengineered Tissues for In Situ Bone Regenera.pdf,1964.0,100.0,True,1964.0,Remote-Controlled Magnetic Stimulation of Cell-Based Bioengineered Tissues for In Situ Bone Regeneration,IRH364NW,exclude,False,False
Santos 等 - 2025 - Smartphone‐based scans of palate models of newborns with cleft lip and palate Outlooks for three‐di.pdf,1853.0,100.0,True,1853.0,Smartphone-based scans of palate models of newborns with cleft lip and palate: Outlooks for three-dimensional image capturing and machine learning plate tool,UVUY86IG,include,True,True
Santos-Junior 等 - 2025 - A novel artificial intelligence-powered tool for automated root canal segmentation in single-rooted.pdf,1013.0,100.0,True,1013.0,A novel artificial intelligence-powered tool for automated root canal segmentation in single-rooted teeth on cone-beam computed tomography,MBMSHJXN,exclude,False,False
Sanz 等 - 2024 - A case series on a new reference in mandibular angles harmonization the Frontozygomatic-Infraorbita.pdf,1550.0,100.0,True,1550.0,A case series on a new reference in mandibular angles harmonization: the Frontozygomatic-Infraorbital Line (FZ-IOL),A5TW6D8I,unsure,True,True
Sarkar和Saha - 2023 - Review of Artificial Intelligence methods for detecting cancer in medical image processing.pdf,2478.0,100.0,True,2478.0,Review of Artificial Intelligence methods for detecting cancer in medical image processing,SEHZXS2Z,exclude,False,False
Sartori 等 - 2025 - Flexural properties and fatigue limit of 3D-printed and milled resin-based materials.pdf,2048.0,100.0,True,2048.0,Flexural properties and fatigue limit of 3D-printed and milled resin-based materials,CMS4H94J,exclude,True,True
Sasithornvechakul 等 - 2026 - Comparing the trueness of 3D printing and conventional casting for removable partial denture metal f.pdf,771.0,100.0,True,771.0,Comparing the trueness of 3D printing and conventional casting for removable partial denture metal framework fabrication in different mandibular major connectors designs: An in vitro study,8F9WEIIK,include,False,False
Sasi和Ravichandran - 2021 - Future Innovation in Healthcare by Spatial Computing using ProjectDR.pdf,2487.0,100.0,True,2487.0,Future Innovation in Healthcare by Spatial Computing using ProjectDR,ZJPPRS6G,exclude,False,False
Sasmal 等 - 2023 - Aquila-particle swarm based cooperative search optimizer with superpixel techniques for epithelial l.pdf,2035.0,100.0,True,2035.0,Aquila-particle swarm based cooperative search optimizer with superpixel techniques for epithelial layer segmentation,MLN8KSCM,exclude,False,False
Sathish - 2024 - Sivan classification system for diagnosis of jaw lesions based on visual volumetric analysis of 3-di.pdf,957.0,100.0,True,957.0,Sivan classification system for diagnosis of jaw lesions based on visual volumetric analysis of 3-dimensional cone-beam computed tomographic images,F6V9KWK9,exclude,False,False
Sathya 等 - 2023 - Teeth Gap and Position Recognition System with Intraoral Scanner Images Using Image Processing.pdf,2492.0,100.0,True,2492.0,Teeth Gap and Position Recognition System with Intraoral Scanner Images Using Image Processing,B2QQSRHI,exclude,False,False
Sayeste 等 - 2026 - CBCT-Based 3D Assessment of Maxillary Sinus and Pharyngeal Airway in Unilateral Cleft Lip and Palate.pdf,837.0,100.0,True,837.0,CBCT-Based 3D Assessment of Maxillary Sinus and Pharyngeal Airway in Unilateral Cleft Lip and Palate,6DDWSR52,include,True,True
Sayin 等 - 2025 - Correction to Optimization of CBCT data with image processing methods and production with fused dep.pdf,1691.0,92.40506329113924,True,1691.0,Optimization of CBCT data with image processing methods and production with fused deposition modeling 3D printing,WYNW8VHR,include,True,True
Sayin 等 - 2025 - Optimization of CBCT data with image processing methods and production with fused deposition modelin.pdf,1691.0,100.0,True,1691.0,Optimization of CBCT data with image processing methods and production with fused deposition modeling 3D printing,WYNW8VHR,include,True,True
Saz 等 - 2026 - Stress distribution in titanium and zirconia implants with full-arch prostheses a finite element an.pdf,117.0,100.0,True,117.0,Stress distribution in titanium and zirconia implants with full-arch prostheses: a finite element analysis.,2CNYCSQG,include,False,False
Scataglini 等 - 2025 - Smartphone and tablet-based 3D scanner for anthropometric assessments in adults a systematic review.pdf,1420.0,100.0,True,1420.0,"Smartphone and tablet-based 3D scanner for anthropometric assessments in adults: a systematic review of reliability, validity, and accuracy",MW6S9KL4,exclude,False,False
Schiebl 等 - 2020 - RapidNAM Algorithm for the Semi-Automated Generation of Nasoalveolar Molding Device Designs for the.pdf,2433.0,100.0,True,2433.0,RapidNAM: Algorithm for the Semi-Automated Generation of Nasoalveolar Molding Device Designs for the Presurgical Treatment of Bilateral Cleft Lip and Palate,YK4VFHX3,include,True,True
Schmidt 等 - 2021 - Accuracy of Four Different Intraoral Scanners According to Different Preparation Geometries.pdf,1741.0,100.0,True,1741.0,Accuracy of Four Different Intraoral Scanners According to Different Preparation Geometries,LRXPJYLH,include,True,True
Schmitz 等 - 2024 - Survival Analysis up to 8 Years of 304 Anatomic-Contour Implant Zirconia Crowns Fabricated with a Fu.pdf,1148.0,86.90476190476191,True,1148.0,Survival Analysis up to 8 Years of 304 Anatomical-Contour Implant-Supported Zirconia Crowns Fabricated with a Fully Digital Cast-Free Workflow and Directly Screwed on External Hexagonal Implant Connections Without the Interposition of a Ti-Base: A Multicentric Retrospective Study,PI7Y4QGT,exclude,False,False
Schobben 等 - 2025 - Two experimental methods to integrate intra-oral scans into 3D stereophotogrammetric facial images..pdf,1229.0,100.0,True,1229.0,Two experimental methods to integrate intra-oral scans into 3D stereophotogrammetric facial images,ZJFKXSSM,include,False,False
Schroeder 等 - 2022 - Influence of the preparation design on the survival probability of occlusal veneers.pdf,1912.0,100.0,True,1912.0,Influence of the preparation design on the survival probability of occlusal veneers,W5WVZD2W,include,False,False
Schultze-Mosgau 等 - 2026 - Three-dimensional assessment of condylar head position in CBCT scans before and after orthognathic s.pdf,1799.0,100.0,True,1799.0,Three-dimensional assessment of condylar head position in CBCT scans before and after orthognathic surgery,ZTHT59HZ,include,False,False
Schutte 等 - 2024 - New method for analysing spatial relationships of facial muscles on MRI a pilot study.pdf,711.0,100.0,True,711.0,New method for analysing spatial relationships of facial muscles on MRI: a pilot study,2TTJ5J6D,include,True,True
Sebkhi 等 - 2021 - Inertial Measurements for Tongue Motion Tracking Based on Magnetic Localization with Orientation Com.pdf,561.0,100.0,True,561.0,Inertial Measurements for Tongue Motion Tracking Based on Magnetic Localization with Orientation Compensation.,WHLJAU7A,exclude,False,False
Seehanam 等 - 2024 - Evaluating the effect of pore size for 3d-printed bone scaffolds..pdf,1538.0,100.0,True,1538.0,Evaluating the effect of pore size for 3d-printed bone scaffolds,SZNPBGT5,exclude,False,False
Sekar 等 - 2024 - Intraoral volume changes in relation to the hard tissue shape changes in asymmetric patients before.pdf,1068.0,100.0,True,1068.0,Intraoral volume changes in relation to the hard tissue shape changes in asymmetric patients before and after orthognathic surgery- A retrospective CT study,4LLWL53K,exclude,True,True
"Selamet和Pişkin - 2025 - Comparative Error Analysis of 3D-Modeling, -Printing and - Scanning Methods Used in Orthodontics.pdf",2289.0,100.0,True,2289.0,"Comparative Error Analysis of 3D-Modeling, -Printing and - Scanning Methods Used in Orthodontics",CMTY5QG7,unsure,True,True
"Selig 等 - 2021 - Mammalian molar complexity follows simple, predictable patterns.pdf",315.0,100.0,True,315.0,"Mammalian molar complexity follows simple, predictable patterns.",YAVXYAP6,exclude,False,False
Sennimalai 等 - 2024 - Exploring the potential applications of intraoral scanners in the treatment of cleft lip and palate.pdf,621.0,100.0,True,621.0,Exploring the potential applications of intraoral scanners in the treatment of cleft lip and palate deformity-A scoping review of literature.,K6IJXMXU,exclude,False,False
Seo 等 - 2025 - Explainable Deep Learning Framework for Classifying Mandibular Fractures on Panoramic Radiographs..pdf,1592.0,100.0,True,1592.0,Explainable Deep Learning Framework for Classifying Mandibular Fractures on Panoramic Radiographs,NZXWSQ9R,exclude,False,False
Seo和Kim - 2021 - A New Method to Evaluate Trueness and Precision of Digital and Conventional Impression Techniques fo.pdf,855.0,100.0,True,855.0,A New Method to Evaluate Trueness and Precision of Digital and Conventional Impression Techniques for Complete Dental Arch,4SX8KTJM,exclude,False,False
Sequeira 等 - 2023 - Accuracy of Digital Impressions at Varying Implant Depths An In Vitro Study.pdf,1429.0,100.0,True,1429.0,Accuracy of Digital Impressions at Varying Implant Depths: An In Vitro Study,6EAY9ZAU,exclude,True,True
Serafin 等 - 2025 - Accuracy of facial scan registration A comparison between full-cranium and reduced field-of-view co.pdf,180.0,100.0,True,180.0,Accuracy of facial scan registration: A comparison between full-cranium and reduced field-of-view cone-beam computed tomography.,ZMMF2E7P,include,False,False
Shaafi 等 - 2020 - Improving the Recognition of Sign Language from Acquired Data by Wireless Body Area Network.pdf,2523.0,100.0,True,2523.0,Improving the Recognition of Sign Language from Acquired Data by Wireless Body Area Network,5BJNDFYZ,exclude,False,False
Shabbir和Gashti - 2026 - Advanced surface functionalization strategies for nanofibers in biomedical applications.pdf,1709.0,100.0,True,1709.0,Advanced surface functionalization strategies for nanofibers in biomedical applications,D5QJTGL2,exclude,False,False
Shah 等 - 2025 - Integrating local and global attention mechanisms for enhanced oral cancer detection and explainabil.pdf,94.0,100.0,True,94.0,Integrating local and global attention mechanisms for enhanced oral cancer detection and explainability.,ZF2YLA3S,exclude,False,False
Shaker 等 - 2022 - Computational Design of a Multi-Epitope Vaccine Against Porphyromonas gingivalis..pdf,1319.0,100.0,True,1319.0,Computational Design of a Multi-Epitope Vaccine Against Porphyromonas gingivalis,UZP59EBY,exclude,False,False
Shao - 2024 - 3D Face Reconstruction Algorithm Based on Lightweight Attention Mechanism.pdf,2359.0,100.0,True,2359.0,3D Face Reconstruction Algorithm Based on Lightweight Attention Mechanism,WRIGRGC8,exclude,False,False
Shao 等 - 2022 - Augmented reality calibration using feature triangulation iteration-based registration for surgical.pdf,1975.0,100.0,True,1975.0,Augmented reality calibration using feature triangulation iteration-based registration for surgical navigation,NFJ2DZJ6,exclude,False,False
Shao 等 - 2022 - Augmented reality navigation with real-time tracking for facial repair surgery..pdf,157.0,100.0,True,157.0,Augmented reality navigation with real-time tracking for facial repair surgery.,V89XCKDS,unsure,True,True
Sharaf 等 - 2024 - Outcomes that may affect implant and prosthesis survival and complications in maxillary fixed prosth.pdf,301.0,100.0,True,301.0,Outcomes that may affect implant and prosthesis survival and complications in maxillary fixed prosthesis supported by four or six implants: A systematic review and meta-analysis.,3354J7WB,exclude,False,False
Sharma 等 - 2023 - Mandibular Flexure and Crestal Bone Stress Distribution on an Implant-Supported Fixed Full Arch Mand.pdf,219.0,100.0,True,219.0,Mandibular Flexure and Crestal Bone Stress Distribution on an Implant-Supported Fixed Full Arch Mandibular Prosthesis: Finite Element Analysis in Three Dimensions.,X6AN57YI,include,True,True
Sharma 等 - 2025 - Multi-objective optimization for enhanced digitalization in direct 3D printing an application in de.pdf,1896.0,100.0,True,1896.0,Multi-objective optimization for enhanced digitalization in direct 3D printing: an application in dentistry,EEF8CDJW,exclude,True,True
Sharma 等 - 2026 - Clinical implementation of an EU MDR-compliant point-of-care manufacturing framework for patient-spe.pdf,381.0,100.0,True,381.0,Clinical implementation of an EU MDR-compliant point-of-care manufacturing framework for patient-specific 3D-printed PEEK implants in craniomaxillofacial reconstruction.,W3DKWQAN,unsure,False,False
Sharma和Bharti - 2025 - Optimization of Resin Printing Parameters for Improved Surface Roughness Using Metaheuristic Algorit.pdf,1376.0,100.0,True,1376.0,Optimization of Resin Printing Parameters for Improved Surface Roughness Using Metaheuristic Algorithms: A Multifaceted Approach,QRK3VBMA,exclude,False,False
Sharp 等 - 2022 - Assessment of simulated vs actual orthodontic tooth movement with a customized fixed lingual applian.pdf,2208.0,100.0,True,2208.0,Assessment of simulated vs actual orthodontic tooth movement with a customized fixed lingual appliance using untreated posterior teeth for registration and digital superimposition: A retrospective study,SNIDCHC3,exclude,True,True
Shash 等 - 2021 - Effect of bar material on the biomechanical performance of hybrid dental prosthesis.pdf,2486.0,100.0,True,2486.0,Effect of bar material on the biomechanical performance of hybrid dental prosthesis,8RD3AVC7,include,False,False
Shash 等 - 2022 - Finite-Element Analysis of the Effect of Utilizing Various Material Assemblies in “All on Four” on t.pdf,1412.0,100.0,True,1412.0,Finite-Element Analysis of the Effect of Utilizing Various Material Assemblies in “All on Four” on the Stresses on Mandible Bone and Prosthetic Parts,IDQSDLWM,include,True,True
Shayya 等 - 2024 - Revolutionizing Dental Implant Research A Systematic Review on Three-Dimensional In Vitro Mo.pdf,803.0,100.0,True,803.0,Revolutionizing Dental Implant Research: A Systematic Review on Three-Dimensional In Vitro Models,6Q7XWKSI,exclude,False,False
Shayya 等 - 2026 - Development of 3D in vitro mineralized bone model to reproduce dental implants osseointegration proc.pdf,499.0,100.0,True,499.0,Development of 3D in vitro mineralized bone model to reproduce dental implants osseointegration process.,RBJV9U6L,exclude,False,False
Shen 等 - 2023 - TranSDFNet Transformer-Based Truncated Signed Distance Fields for the Shape Design of Removable Par.pdf,2370.0,100.0,True,2370.0,TranSDFNet: Transformer-Based Truncated Signed Distance Fields for the Shape Design of Removable Partial Denture Clasps,NN3EPFTW,include,False,False
Sherazi 等 - 2025 - Minimally Invasive Micro Needle Sensors for Plant Growth Analysis in Agrivoltaic Fields.pdf,2528.0,100.0,True,2528.0,Minimally Invasive Micro Needle Sensors for Plant Growth Analysis in Agrivoltaic Fields,VX2DKX3L,exclude,False,False
Sherif 等 - 2024 - AdaptVR An Adaptive Learning VR System for Dental Students Training.pdf,2343.0,100.0,True,2343.0,AdaptVR: An Adaptive Learning VR System for Dental Students Training,SUJ9NJWN,exclude,False,False
Shetty 等 - 2021 - Three-dimensional semi-automated volumetric assessment of the pulp space of teeth following regenera.pdf,943.0,100.0,True,943.0,Three-dimensional semi-automated volumetric assessment of the pulp space of teeth following regenerative dental procedures,D4HHNVLC,include,True,True
Shetty 等 - 2022 - A study on the association between the inferior nasal turbinate volume and the maxillary sinus mucos.pdf,1755.0,100.0,True,1755.0,A study on the association between the inferior nasal turbinate volume and the maxillary sinus mucosal lining using cone beam tomography,SILBC2M4,include,True,True
Shi 等 - 2023 - Research on non-cohesive jet formed by Zr-based amorphous alloys..pdf,436.0,100.0,True,436.0,Research on non-cohesive jet formed by Zr-based amorphous alloys.,RXEJVUD3,exclude,False,False
Shi 等 - 2024 - Novel bisphosphonate-based cathepsin K-triggered compound targets the enthesis without impairing sof.pdf,1903.0,100.0,True,1903.0,Novel bisphosphonate-based cathepsin K-triggered compound targets the enthesis without impairing soft tissue-to-bone healing,XNBZP7KT,exclude,False,False
Shi 等 - 2024 - Three-dimensional evaluation of condylar morphology after orthodontic treatment in adult patients wi.pdf,81.0,100.0,True,81.0,Three-dimensional evaluation of condylar morphology after orthodontic treatment in adult patients with Class II malocclusion by cone-beam computed tomography.,ATFDULYF,include,True,True
Shi 等 - 2025 - A portable mixed reality navigation system for oral and maxillofacial surgery Design and preliminar.pdf,1864.0,100.0,True,1864.0,A portable mixed reality navigation system for oral and maxillofacial surgery: Design and preliminary clinical evaluation,VPIYMEQ5,include,True,True
Shih 等 - 2020 - Smart Feeder Robot for Severely Disabled Patients.pdf,2515.0,100.0,True,2515.0,Smart Feeder Robot for Severely Disabled Patients,5UNAWU6T,exclude,False,False
Shihabi 等 - 2025 - Three-dimensional analysis of mandibular and condylar growth using artificial intelligence tools a.pdf,1797.0,100.0,True,1797.0,Three-dimensional analysis of mandibular and condylar growth using artificial intelligence tools: a comparison of twin-block and Frankel II Appliances,Y5JWYY4F,include,False,False
Shim 等 - 2026 - Patient-Specific Panoramic Reconstruction From Spiral MDCT Data via Projection-Domain CT-Style Backp.pdf,2452.0,100.0,True,2452.0,Patient-Specific Panoramic Reconstruction From Spiral MDCT Data via Projection-Domain CT-Style Backprojection,BUFGA2CW,include,False,False
Shin 等 - 2022 - Feature extraction for margin lines using region growing with a dynamic weight function in a one-poi.pdf,965.0,100.0,True,965.0,Feature extraction for margin lines using region growing with a dynamic weight function in a one-point bidirectional path search,GK77S9CY,exclude,False,False
"Shin 等 - 2025 - Low-Cost, High-Fidelity 3D-Printed Temporomandibular Joint (TMJ) Dislocation Reduction Task Trainer.pdf",45.0,100.0,True,45.0,"Low-Cost, High-Fidelity 3D-Printed Temporomandibular Joint (TMJ) Dislocation Reduction Task Trainer.",UNERRYKU,include,False,False
Shin 等 - 2026 - Digital workflow for fabricating a patient-specific detachable 3D-printing model for mesiodens extra.pdf,1629.0,100.0,True,1629.0,Digital workflow for fabricating a patient-specific detachable 3D-printing model for mesiodens extraction to enhance surgical planning and dental education,NRXIPVW4,include,False,False
Shin 等 - 2026 - Feasibility of a hybrid SEMD-VMI-NMAR framework for metal artifact reduction in dental computed tomo.pdf,1252.0,100.0,True,1252.0,Feasibility of a hybrid SEMD-VMI-NMAR framework for metal artifact reduction in dental computed tomography: simulation study,SMP7ULWB,include,False,False
"Shujaat 等 - 2021 - Integration of imaging modalities in digital dental workflows - possibilities, limitations, and pote-1.pdf",817.0,99.41520467836258,True,817.0,"Integration of imaging modalities in digital dental workflows - possibilities, limitations, and potential future developments",U6NMXLSS,exclude,False,False
"Shujaat 等 - 2021 - Integration of imaging modalities in digital dental workflows - possibilities, limitations, and pote.pdf",817.0,100.0,True,817.0,"Integration of imaging modalities in digital dental workflows - possibilities, limitations, and potential future developments",U6NMXLSS,exclude,False,False
Shujaat 等 - 2026 - Comparative analysis of five AI platforms for mandibular canal segmentation on CBCT images.pdf,680.0,100.0,True,680.0,Comparative analysis of five AI platforms for mandibular canal segmentation on CBCT images,4PBV2R5L,include,False,False
Shukla 等 - 2023 - Empowering Rural and Suburban Dental Care with Open-Source Image Processing.pdf,2338.0,100.0,True,2338.0,Empowering Rural and Suburban Dental Care with Open-Source Image Processing,25UHEYRE,exclude,False,False
Silva 等 - 2025 - Marginal gap of three-dimensional printed full-arch frameworks supported by all-on-four and all-on-s.pdf,546.0,100.0,True,546.0,Marginal gap of three-dimensional printed full-arch frameworks supported by all-on-four and all-on-six implant designs.,S3UIDDAH,exclude,False,False
Sim 等 - 2024 - Differential Diagnosis of OKC and SBC on Panoramic Radiographs Leveraging Deep Learning Algorithms..pdf,1168.0,100.0,True,1168.0,Differential Diagnosis of OKC and SBC on Panoramic Radiographs: Leveraging Deep Learning Algorithms,Q7NK8ADB,exclude,False,False
Singh 等 - 2025 - Automatic Detection and Classification of Dental Anomalies and Tooth Types Using Transformer-Based Y.pdf,2462.0,100.0,True,2462.0,Automatic Detection and Classification of Dental Anomalies and Tooth Types Using Transformer-Based Yolo With GA Optimization,ZUIVH67D,exclude,False,False
Sinthia 等 - 2024 - Anatomical Deep Learning Analysis for Automated Detection of Dental Caries A Novel Approach.pdf,2379.0,100.0,True,2379.0,Anatomical Deep Learning Analysis for Automated Detection of Dental Caries: A Novel Approach,EERIYCIP,exclude,False,False
Sittikornpaiboon 等 - 2021 - Comparison of the accuracy of implant placement using different drilling systems for static span st.pdf,1440.0,96.34146341463415,True,1440.0,Comparison of the accuracy of implant placement using different drilling systems for static computer-assisted implant surgery: A simulation-based experimental study,CWYF2FX9,exclude,True,True
Sivasankaran和Dhanaraj - 2022 - A Rapid Advancing Image Segmentation Approach in Dental to Predict Cryst.pdf,2074.0,100.0,True,2074.0,A Rapid Advancing Image Segmentation Approach in Dental to Predict Cryst,SD6KI78W,exclude,False,False
Snosi 等 - 2021 - Subtractive versus additive indirect manufacturing techniques of digitally designed partial dentures.pdf,714.0,100.0,True,714.0,Subtractive versus additive indirect manufacturing techniques of digitally designed partial dentures,TI4JGF9N,include,False,False
So 等 - 2024 - Fractional flow reserve measurement using dynamic CT perfusion imaging in patients with coronary art-1.pdf,574.0,99.42857142857143,True,574.0,Fractional flow reserve measurement using dynamic CT perfusion imaging in patients with coronary artery disease.,SY9W9NT6,exclude,False,False
So 等 - 2024 - Fractional flow reserve measurement using dynamic CT perfusion imaging in patients with coronary art.pdf,574.0,100.0,True,574.0,Fractional flow reserve measurement using dynamic CT perfusion imaging in patients with coronary artery disease.,SY9W9NT6,exclude,False,False
Sohn 等 - 2024 - Utilization of Tenting Pole Abutments for the Reconstruction of Severely Resorbed Alveolar Bone Tec.pdf,788.0,100.0,True,788.0,Utilization of Tenting Pole Abutments for the Reconstruction of Severely Resorbed Alveolar Bone: Technical Considerations and Case Series Reports,XRZSYJ46,exclude,False,False
Sokolowski 等 - 2024 - Evaluation of two printing techniques for maxillary removable partial denture frameworks..pdf,1276.0,100.0,True,1276.0,Evaluation of two printing techniques for maxillary removable partial denture frameworks,I2CX599X,exclude,True,True
Soma Sundari 等 - 2025 - Translation of Sign Language into Nepali Speech Using a Context-Aware Neural Network Framework.pdf,2536.0,100.0,True,2536.0,Translation of Sign Language into Nepali Speech Using a Context-Aware Neural Network Framework,UR3DAMEK,exclude,False,False
Song 等 - 2023 - Does the fixture thread depth affect the accuracy of implant placement during fully guided immediate-1.pdf,322.0,99.42196531791907,True,322.0,Does the fixture thread depth affect the accuracy of implant placement during fully guided immediate implant placement?: A human cadaver study.,EB4NSAMK,exclude,False,False
Song 等 - 2023 - Does the fixture thread depth affect the accuracy of implant placement during fully guided immediate.pdf,322.0,100.0,True,322.0,Does the fixture thread depth affect the accuracy of implant placement during fully guided immediate implant placement?: A human cadaver study.,EB4NSAMK,exclude,False,False
Song 等 - 2024 - An overview of selective laser sintering 3D printing technology for biomedical and sports device app.pdf,2060.0,100.0,True,2060.0,"An overview of selective laser sintering 3D printing technology for biomedical and sports device applications: Processes, materials, and applications",KPAT4YHU,exclude,False,False
Song 等 - 2025 - 3D Condyle-Mamba Hybrid U-Net and Mamba with Shape Priors for TMJ Condyle Segmentation.pdf,2377.0,100.0,True,2377.0,3D Condyle-Mamba: Hybrid U-Net and Mamba with Shape Priors for TMJ Condyle Segmentation,4HHZUW3L,include,False,False
Song 等 - 2025 - Fully digital workflow for duplicating clasp-retained removable partial dentures using three-dimensi.pdf,441.0,100.0,True,441.0,Fully digital workflow for duplicating clasp-retained removable partial dentures using three-dimensional printing: A clinical report.,SHU8ZH2B,unsure,True,True
Song和Liu - 2023 - Research on Denture Feature Matching Point Cloud Data Based on Deep Learning.pdf,2325.0,100.0,True,2325.0,Research on Denture Feature Matching Point Cloud Data Based on Deep Learning,Q6XWVERF,exclude,False,False
"Soto 等 - 2023 - Engineering Materials and Devices for the Prevention, Diagnosis, and Treatment of COVID-19 and Infec.pdf",1413.0,100.0,True,1413.0,"Engineering Materials and Devices for the Prevention, Diagnosis, and Treatment of COVID-19 and Infectious Diseases",T5PIL2ZE,exclude,False,False
Spangler 等 - 2021 - A Web-Based Rendering Application for Communicating Dental Conditions..pdf,859.0,100.0,True,859.0,A Web-Based Rendering Application for Communicating Dental Conditions,7WWWDUCV,exclude,False,False
Sri 等 - 2021 - Radiographic Evaluation of Vertical and Horizontal Fit in Single Implant Crowns Fabricated by CADCA.pdf,380.0,100.0,True,380.0,Radiographic Evaluation of Vertical and Horizontal Fit in Single Implant Crowns Fabricated by CAD/CAM Systems: A Retrospective Study.,AE9VV4ZR,exclude,False,False
Stefania Perrotta 等 - 2025 - A Novel Virtual Planned-Orthodontic-Surgical Approach for Proportional Condylectomy in Condylar Hype.pdf,797.0,100.0,True,797.0,A Novel Virtual Planned-Orthodontic-Surgical Approach for Proportional Condylectomy in Condylar Hyperplasia,TTVQARQ2,include,True,True
Steffen 等 - 2022 - Increased rate of pseudarthrosis in the anterior intersegmental gap after mandibular reconstruction.pdf,2137.0,100.0,True,2137.0,Increased rate of pseudarthrosis in the anterior intersegmental gap after mandibular reconstruction with fibula free flaps: a volumetric analysis,M6X88YQR,unsure,False,False
"Steinvorth 等 - 2025 - Euler-angle norms for tooth rotation, torque and tip..pdf",1611.0,100.0,True,1611.0,"Euler-angle norms for tooth rotation, torque and tip",NYKRJAXL,exclude,True,True
Steybe 等 - 2022 - Automated segmentation of head CT scans for computer-assisted craniomaxillofacial surgery applying a.pdf,1333.0,100.0,True,1333.0,Automated segmentation of head CT scans for computer-assisted craniomaxillofacial surgery applying a hierarchical patch-based stack of convolutional neural networks,YPPZ6Q53,include,False,False
Steybe 等 - 2024 - Virtual tumor mapping and margin control with 3-D planning and navigation..pdf,536.0,100.0,True,536.0,Virtual tumor mapping and margin control with 3-D planning and navigation.,LHESLXK6,exclude,False,False
Strong 等 - 2025 - Augmented Reality Navigation in CraniomaxillofacialHead and Neck Surgery.pdf,3.0,100.0,True,3.0,Augmented Reality Navigation in Craniomaxillofacial/Head and Neck Surgery.,XSN8NLIH,unsure,True,True
Stumpel - 2021 - An open-source multifunctional registration device for implant-supported complete dentures..pdf,1532.0,100.0,True,1532.0,An open-source multifunctional registration device for implant-supported complete dentures,8T69IZN7,include,True,True
Stumpel 等 - 2024 - Virtual Implant Planning and Surgical Guide for Single Implant Placement Fabricated from a Digital D.pdf,1847.0,100.0,True,1847.0,"Virtual Implant Planning and Surgical Guide for Single Implant Placement Fabricated from a Digital Diagnostic Cast, 2D Radiographic Imaging, and an Open-Source Program: A Dental Technique",EW7489ZA,include,True,True
Su 等 - 2021 - Use of intraoral scan for implant-supported dental prosthesis to design and fabricate a CAD-CAM veri.pdf,1809.0,100.0,True,1809.0,Use of intraoral scan for implant-supported dental prosthesis to design and fabricate a CAD -CAM veri fi cation device: A dental technique,2KUMDHYG,include,True,True
Su 等 - 2022 - 3D Human Reconstruction Combined with Facial Features.pdf,2554.0,100.0,True,2554.0,3D Human Reconstruction Combined with Facial Features,CAZ49UPW,exclude,False,False
Su 等 - 2024 - Handheld structured light system for panoramic 3D measurement in mesoscale.pdf,1908.0,100.0,True,1908.0,Handheld structured light system for panoramic 3D measurement in mesoscale,9D8263JD,exclude,False,False
Su 等 - 2025 - 3DFaceSculptor A Common Framework for Image-Guided 3D Face Deformation.pdf,2365.0,100.0,True,2365.0,3DFaceSculptor: A Common Framework for Image-Guided 3D Face Deformation,5KGSFDRI,exclude,False,False
Su 等 - 2025 - Digital Twin-Based Stereo Dataset Generation Method for 3D Reconstruction of Teeth.pdf,2366.0,100.0,True,2366.0,Digital Twin-Based Stereo Dataset Generation Method for 3D Reconstruction of Teeth,SXD7ZNDY,include,True,True
Su 等 - 2025 - Three-dimensional correlation method for non-invasive blood glucose monitoring with optical coherenc.pdf,1099.0,100.0,True,1099.0,Three-dimensional correlation method for non-invasive blood glucose monitoring with optical coherence tomography,29X9ZLAU,exclude,False,False
Suchada Kongkiatkamon 等 - 2021 - Comparison of Fracture Load of the Four Translucent Zirconia Crowns.pdf,820.0,100.0,True,820.0,Comparison of Fracture Load of the Four Translucent Zirconia Crowns,KAMJ6MSW,exclude,True,True
Suenaga 等 - 2025 - Virtual surgical planning and augmented reality for fixation of plate during Le Fort I osteotomy..pdf,12.0,100.0,True,12.0,Virtual surgical planning and augmented reality for fixation of plate during Le Fort I osteotomy.,AHMZVPPN,include,True,True
Suganna 等 - 2022 - Contemporary Evidence of CAD-CAM in Dentistry A Systematic Review..pdf,330.0,100.0,True,330.0,Contemporary Evidence of CAD-CAM in Dentistry: A Systematic Review.,85BGAWNV,exclude,False,False
Sugimoto 等 - 2026 - Use of continuous glucose monitoring to stratify individuals without diabetes..pdf,605.0,100.0,True,605.0,Use of continuous glucose monitoring to stratify individuals without diabetes.,QHVZQG93,exclude,False,False
Suhaym 等 - 2024 - Cutting guides in mandibular tumor ablation Are we as accurate as we think.pdf,395.0,100.0,True,395.0,Cutting guides in mandibular tumor ablation: Are we as accurate as we think?,UN8WM3ED,unsure,True,True
Sukanya 等 - 2023 - Osteomatrix as a personalized 3D tissue-specific invasion test-bed for oral carcinoma.pdf,1237.0,100.0,True,1237.0,Osteomatrix as a personalized 3D tissue-specific invasion test-bed for oral carcinoma,FC9UPLQ5,exclude,False,False
Sukanya. 等 - 2024 - Differential osteo-specific invasion of patient-derived cancer cells in a microfluidic co-culture mo.pdf,1309.0,100.0,True,1309.0,Differential osteo-specific invasion of patient-derived cancer cells in a microfluidic co-culture model,BRZ6NS5I,exclude,False,False
Sukpornsawan 等 - 2026 - Hybrid Photometric-Geometric 3D Reconstruction Framework for Manufacturing-Oriented Assessment of Ta.pdf,931.0,100.0,True,931.0,Hybrid Photometric-Geometric 3D Reconstruction Framework for Manufacturing-Oriented Assessment of Tablet Surface CQAs under PAT/RTRT,TPS8WUC4,exclude,False,False
"Sukumoda 等 - 2021 - Increased Stress Concentration in Prosthesis, Adhesive Cement, and Periodontal Tissue with Zirconia.pdf",2178.0,100.0,True,2178.0,"Increased Stress Concentration in Prosthesis, Adhesive Cement, and Periodontal Tissue with Zirconia RBFDPs by the Reduced Alveolar Bone Height",DEQZTLEK,include,False,False
Sultan 等 - 2025 - Optimization of PETG 3D printing parameters for the design and development of biocompatible bone imp.pdf,2109.0,100.0,True,2109.0,Optimization of PETG 3D printing parameters for the design and development of biocompatible bone implants,5PW99INS,include,False,False
Sumra 等 - 2021 - Analysis of micromovements and peri-implant stresses and strains around ultra-short implants – A thr.pdf,551.0,100.0,True,551.0,Analysis of micromovements and peri-implant stresses and strains around ultra-short implants - A three-dimensional finite-element method study.,EU82CKXQ,include,True,True
Sun - 2024 - Prosthesis repair of oral implants based on artificial intelligenc`e finite element analysis.pdf,1041.0,100.0,True,1041.0,Prosthesis repair of oral implants based on artificial intelligenc`e finite element analysis,CKG49MIJ,include,False,False
Sun 等 - 2022 - Three-Dimensional Tooth Models with Pulp Cavity Enhance Dental Anatomy Education.pdf,653.0,100.0,True,653.0,Three-Dimensional Tooth Models with Pulp Cavity Enhance Dental Anatomy Education,9LU3ERIG,include,True,True
Sun 等 - 2023 - Evaluation of Osteogenic Potential for Rat Adipose-Derived Stem Cells under Xeno-Free Environment..pdf,2246.0,100.0,True,2246.0,Evaluation of Osteogenic Potential for Rat Adipose-Derived Stem Cells under Xeno-Free Environment,FB2S72TH,exclude,False,False
Sun 等 - 2024 - Augmented reality presentation system of skeleton image based on biomedical features.pdf,753.0,100.0,True,753.0,Augmented reality presentation system of skeleton image based on biomedical features,C5PC5D7P,exclude,False,False
Sun 等 - 2024 - Comparative biomechanics of all-on-4 and vertical implant placement in asymmetrical mandibular a fi.pdf,1349.0,100.0,True,1349.0,Comparative biomechanics of all-on-4 and vertical implant placement in asymmetrical mandibular: a finite element study,UQD3PPU3,include,True,True
Sun 等 - 2024 - Quantifying error introduced by iterative closest point image registration.pdf,1493.0,100.0,True,1493.0,Quantifying error introduced by iterative closest point image registration,4ADVE8CK,exclude,True,True
Sun 等 - 2025 - Effect of platform design of dental implant abutment on loosening and fatigue performance.pdf,1023.0,100.0,True,1023.0,Effect of platform design of dental implant abutment on loosening and fatigue performance,WS7EVNAT,include,False,False
Sun 等 - 2025 - Enhancing preclinical dental education through a VR-based digital platform for inlay tooth preparati.pdf,770.0,100.0,True,770.0,Enhancing preclinical dental education through a VR-based digital platform for inlay tooth preparation,9S2FY68J,exclude,False,False
Sun 等 - 2025 - Precision and Efficacy of Digital Technology in Orthognathic Surgery for Facial Asymmetry Correction.pdf,652.0,100.0,True,652.0,Precision and Efficacy of Digital Technology in Orthognathic Surgery for Facial Asymmetry Correction: A Quantitative Analysis,9DHRAUNV,include,True,True
Sun 等 - 2025 - Single-View 3D Face Reconstruction Method With Multi-Scale Feature Fusion Encoder.pdf,2413.0,100.0,True,2413.0,Single-View 3D Face Reconstruction Method With Multi-Scale Feature Fusion Encoder,87S2K99H,exclude,False,False
Sun 等 - 2025 - YOLO_MIC3 Facial Keypoints Detection Algorithm for Aggregating Reduced-Dimensional MRI Images.pdf,2490.0,100.0,True,2490.0,YOLO_MIC3: Facial Keypoints Detection Algorithm for Aggregating Reduced-Dimensional MRI Images,99NNSAFX,exclude,True,True
"Sunil 等 - 2025 - Development of an AI-derived, non-invasive, label-free 3D-printed microfluidic SERS biosensor platfo.pdf",1505.0,100.0,True,1505.0,"Development of an AI-derived, non-invasive, label-free 3D-printed microfluidic SERS biosensor platform utilizing Cu@Ag/carbon nanofibers for the detection of salivary biomarkers in mass screening of oral cancer",XTCVIT7B,exclude,True,True
Suo - 2023 - The Precise 3D Reconstruction of Human Faces Based on 2D Photograph.pdf,2393.0,100.0,True,2393.0,The Precise 3D Reconstruction of Human Faces Based on 2D Photograph,RD6I3HU8,exclude,False,False
Supphaprasitt 等 - 2022 - A Three-Dimensional Printed Polycaprolactone-Biphasic-Calcium-Phosphate Scaffold Combined with Adipo.pdf,1004.0,100.0,True,1004.0,A Three-Dimensional Printed Polycaprolactone-Biphasic-Calcium-Phosphate Scaffold Combined with Adipose-Derived Stem Cells Cultured in Xenogeneic Serum-Free Media for the Treatment of Bone Defects,ZAPEW5KM,exclude,False,False
Suzuki 等 - 2020 - Marginal and internal fit of three-unit zirconia fixed dental prostheses Effects of prosthesis desi.pdf,1344.0,100.0,True,1344.0,"Marginal and internal fit of three-unit zirconia fixed dental prostheses: Effects of prosthesis design, cement space, and zirconia type",D5VQSNCE,exclude,False,False
Suzuki 等 - 2021 - Laboratory efficiency of additive manufacturing for removable denture frameworks A literature-based.pdf,2044.0,100.0,True,2044.0,Laboratory efficiency of additive manufacturing for removable denture frameworks: A literature-based review,R8UHSTK3,exclude,False,False
Suzuki 等 - 2022 - Clinical application of an intraoral scanner and CADCAM system for a Kennedy class I partially eden.pdf,2067.0,100.0,True,2067.0,Clinical application of an intraoral scanner and CAD/CAM system for a Kennedy class I partially edentulous patient,4HJ9WGCQ,exclude,False,False
Suzuki 等 - 2026 - CT-based three-dimensional morphometric analysis of the bony palate and hard palatal mucosa in femal.pdf,442.0,100.0,True,442.0,CT-based three-dimensional morphometric analysis of the bony palate and hard palatal mucosa in female orthognathic surgery candidates.,CD6KF4YY,include,False,False
Swaity 等 - 2024 - Deep learning driven segmentation of maxillary impacted canine on cone beam computed tomography imag.pdf,911.0,100.0,True,911.0,Deep learning driven segmentation of maxillary impacted canine on cone beam computed tomography images,PKJDLVCU,exclude,False,False
Syed 等 - 2021 - Three-Dimensional Finite Element Analysis of Stress Distribution in a Tooth Restored with Full Cover.pdf,650.0,100.0,True,650.0,Three-Dimensional Finite Element Analysis of Stress Distribution in a Tooth Restored with Full Coverage Machined Polymer Crown,HI8MENLK,include,False,False
Tachizawa 等 - 2025 - Enhancing the accuracy of genioplasty using mixed reality and computer-aided designmanufacturing a.pdf,780.0,100.0,True,780.0,Enhancing the accuracy of genioplasty using mixed reality and computer-aided design/manufacturing: a randomized controlled trial,W9MD2UYS,include,True,True
Taha和Sabet - 2021 - In vitro evaluation of material dependent force damping behavior of implant-supported restorations u.pdf,2174.0,100.0,True,2174.0,In vitro evaluation of material dependent force damping behavior of implant-supported restorations using different CAD-CAM materials and luting conditions,8BZTZAFZ,exclude,False,False
Taheri Otaghsara 等 - 2023 - Accuracy of dental implant placement using static versus dynamic computer-assisted implant surgery.pdf,1335.0,100.0,True,1335.0,Accuracy of dental implant placement using static versus dynamic computer-assisted implant surgery: An in vitro study,VY5CRRHN,exclude,True,True
Tahir和Abduo - 2022 - An In Vitro Evaluation of the Effect of 3D Printing Orientation on the Accuracy of Implant Surgical.pdf,740.0,100.0,True,740.0,An In Vitro Evaluation of the Effect of 3D Printing Orientation on the Accuracy of Implant Surgical Templates Fabricated By Desktop Printer,KL5WKS3T,exclude,True,True
"Takaichi 等 - 2022 - A systematic review of digital removable partial dentures. Part II CADCAM framework, artificial te.pdf",1811.0,100.0,True,1811.0,"A systematic review of digital removable partial dentures. Part II: CAD/CAM framework, artificial teeth, and denture base",4C8YNE69,exclude,False,False
Talmazov 等 - 2020 - Accuracy of Implant Placement Position Using Nondental Open-Source Software An In Vitro Study..pdf,48.0,100.0,True,48.0,Accuracy of Implant Placement Position Using Nondental Open-Source Software: An In Vitro Study.,9CLL4MDW,include,True,True
Tamayo-Quintero 等 - 2024 - DentalArch AI-Based Arch Shape Detection in Orthodontics.pdf,1414.0,100.0,True,1414.0,DentalArch: AI-Based Arch Shape Detection in Orthodontics,EZJLMVRU,include,False,False
Tamburrino 等 - 2023 - A Novel Digitized Method for the Design and Additive Manufacturing of Orthodontic Space Maintainers.pdf,1773.0,100.0,True,1773.0,A Novel Digitized Method for the Design and Additive Manufacturing of Orthodontic Space Maintainers,MACLY32F,include,False,False
Tan 等 - 2024 - Study on 3D printed MXene-berberine-integrated scaffold for photo-activated antibacterial activity a.pdf,1507.0,100.0,True,1507.0,Study on 3D printed MXene-berberine-integrated scaffold for photo-activated antibacterial activity and bone regeneration,T6EQ48WZ,exclude,False,False
Tanaka 等 - 2025 - Performance comparison in workflow efficiency between a remotely installed 3D workstation and an on-.pdf,1961.0,100.0,True,1961.0,Performance comparison in workflow efficiency between a remotely installed 3D workstation and an on-premises image processing workstation for dental cone-beam CT image reconstruction,M6RAALB4,exclude,False,False
Tang 等 - 2022 - Graph Refinement with Regression Prior for 3D Face Reconstruction.pdf,2561.0,100.0,True,2561.0,Graph Refinement with Regression Prior for 3D Face Reconstruction,7NUXGGGT,exclude,False,False
Tang 等 - 2025 - Automatic segmentation and landmark detection of 3D CBCT images using semi supervised learning for a.pdf,684.0,100.0,True,684.0,Automatic segmentation and landmark detection of 3D CBCT images using semi supervised learning for assisting orthognathic surgery planning,S3TXFJRP,unsure,True,True
Tang 等 - 2026 - Mixed reality combined with surgical navigation versus conventional navigation for resection of oral.pdf,2029.0,100.0,True,2029.0,Mixed reality combined with surgical navigation versus conventional navigation for resection of oral and maxillofacial tumors: a comparative study,ZC52QN7Q,include,False,False
Tao 等 - 2023 - The accuracy of a novel image‐guided hybrid robotic system for dental implant placement An in vitro.pdf,370.0,100.0,True,370.0,The accuracy of a novel image-guided hybrid robotic system for dental implant placement: An in vitro study.,NV8EMBKE,exclude,False,False
Tarigopula 等 - 2025 - Posterior-Based Analysis of Spatio-Temporal Features for Sign Language Assessment.pdf,2518.0,100.0,True,2518.0,Posterior-Based Analysis of Spatio-Temporal Features for Sign Language Assessment,93QPIGB9,exclude,False,False
Tarjányi 等 - 2026 - Development of Micro-CT-Based Anatomically Accurate Tooth Model for Finite Element Analysis of Compo.pdf,110.0,100.0,True,110.0,Development of Micro-CT-Based Anatomically Accurate Tooth Model for Finite Element Analysis of Composite Restorations.,ZUNK9NNI,include,False,False
Tasaka 等 - 2021 - Influence of reinforcement bar on accuracy of removable partial denture framework fabricated by cast.pdf,1074.0,100.0,True,1074.0,Influence of reinforcement bar on accuracy of removable partial denture framework fabricated by casting with a 3D-printed pattern and selective laser sintering,BN7QDGCL,exclude,True,True
Tavakolizadeh 等 - 2023 - Fracture Resistance of Zirconia Restorations with Four Different Framework Designs.pdf,347.0,100.0,True,347.0,Fracture Resistance of Zirconia Restorations with Four Different Framework Designs.,YSA8JNNX,exclude,False,False
Tawasinchanadech 等 - 2024 - Mastery Learning in Preclinical Endodontics Using Customized 3D-Printed Tooth Models for Deliberate.pdf,662.0,100.0,True,662.0,Mastery Learning in Preclinical Endodontics Using Customized 3D-Printed Tooth Models for Deliberate Practice: An Application of Educational Design Research,JZW3UU8Y,exclude,False,False
Tawfik 等 - 2024 - Effect of saliva on accuracy of digital dental implant transfer using two different materials of int.pdf,292.0,100.0,True,292.0,Effect of saliva on accuracy of digital dental implant transfer using two different materials of intraoral scan bodies with different exposed lengths.,CYV65U6X,exclude,False,False
TBME.2020.2990586.pdf.pdf,,0.0,False,,,,,False,False
Tekin 等 - 2022 - Fracture strength of different veneers on polyetheretherketone (PEEK) frameworks in implant-supporte.pdf,1014.0,100.0,True,1014.0,Fracture strength of different veneers on polyetheretherketone (PEEK) frameworks in implant-supported single crowns,R7TJEP7M,exclude,False,False
Tekin 等 - Evaluation of the use of PEEK material in post-core and crown restorations using finite element anal.pdf,2146.0,97.67441860465115,True,2146.0,Evaluation of the use of PEEK material in post-core and crown restorations using finite element analysis,88HUKGCR,include,True,True
Tel 等 - 2025 - Assessment of ChatGPT performance in orbital MRI reporting with multimetric evaluation of transforme.pdf,537.0,100.0,True,537.0,Assessment of ChatGPT performance in orbital MRI reporting with multimetric evaluation of transformer based language models.,CNFZ2T2N,exclude,False,False
Templier 等 - 2023 - Are multi-detector computed tomography and cone-beam computed tomography exams and software accurate.pdf,263.0,100.0,True,263.0,Are multi-detector computed tomography and cone-beam computed tomography exams and software accurate to measure the upper airway? A systematic review.,MMKYZL3G,exclude,True,True
ter Horst 等 - 2021 - Three-dimensional virtual planning in mandibular advancement surgery Soft tissue prediction based o.pdf,1624.0,100.0,True,1624.0,Three-dimensional virtual planning in mandibular advancement surgery: Soft tissue prediction based on deep learning,JVRN27GF,include,False,False
Thabit 等 - 2026 - SurgNavAR An Augmented Reality Surgical Navigation Framework for Optical See-Through Head Mounted D.pdf,2356.0,100.0,True,2356.0,SurgNavAR: An Augmented Reality Surgical Navigation Framework for Optical See-Through Head Mounted Displays,KWUMDHWD,include,False,False
Thiem 等 - 2022 - Marker‐free registration for intraoperative navigation using the transverse palatal rugae.pdf,1574.0,100.0,True,1574.0,Marker-free registration for intraoperative navigation using the transverse palatal rugae,RXAH2VQD,include,True,True
Thilagalavanian 等 - 2025 - Evaluation of planned and achieved root angulation changes in teeth adjacent to mandibular premolar.pdf,1848.0,100.0,True,1848.0,Evaluation of planned and achieved root angulation changes in teeth adjacent to mandibular premolar extraction sites in patients treated with Invisalign: A retrospective study,PDF7C9KQ,include,True,True
Thomas 等 - 2025 - SlicerMorph photogrammetry an open-source photogrammetry workflow for reconstructing 3D models..pdf,1009.0,100.0,True,1009.0,SlicerMorph photogrammetry: an open-source photogrammetry workflow for reconstructing 3D models,RCGCVGYJ,exclude,True,True
"Thurzo 等 - 2021 - Use of Advanced Artificial Intelligence in Forensic Medicine, Forensic Anthropology and Clinical Ana.pdf",909.0,100.0,True,909.0,"Use of Advanced Artificial Intelligence in Forensic Medicine, Forensic Anthropology and Clinical Anatomy",XIPF9RSI,exclude,False,False
Thurzo 等 - 2022 - Fabrication and In Vitro Characterization of Novel Hydroxyapatite Scaffolds 3D Printed Using Polyvin.pdf,1343.0,100.0,True,1343.0,Fabrication and In Vitro Characterization of Novel Hydroxyapatite Scaffolds 3D Printed Using Polyvinyl Alcohol as a Thermoplastic Binder,E92DLAGP,exclude,False,False
Tian 等 - 2021 - Efficient Computer-Aided Design of Dental Inlay Restoration A Deep Adversarial Framework.pdf,2351.0,100.0,True,2351.0,Efficient Computer-Aided Design of Dental Inlay Restoration: A Deep Adversarial Framework,5TCS8KAX,exclude,False,False
Tian 等 - 2022 - Efficient tooth gingival margin line reconstruction via adversarial learning.pdf,1248.0,100.0,True,1248.0,Efficient tooth gingival margin line reconstruction via adversarial learning,IU4TXBBS,unsure,False,False
tip.2021.3096081.pdf.pdf,,0.0,False,,,,,False,False
Tiribilli 等 - 2024 - Single Bone Modeler deep learning bone segmentation for cone-beam CT.pdf,2369.0,100.0,True,2369.0,Single Bone Modeler: deep learning bone segmentation for cone-beam CT,NPAKCEJN,exclude,False,False
tmi.2021.3068404.pdf.pdf,,0.0,False,,,,,False,False
tmi.2021.3077334.pdf.pdf,,0.0,False,,,,,False,False
Tobar 等 - 2022 - Influence of Digital Technologies and Framework Design on the Load to Fracture of Co‐Cr Posterior Fi.pdf,466.0,100.0,True,466.0,Influence of Digital Technologies and Framework Design on the Load to Fracture of Co-Cr Posterior Fixed Partial Denture Frameworks.,N8MVKDJM,exclude,False,False
Tomaka 等 - 2025 - Transformation trees — Documentation of multimodal image registration.pdf,427.0,100.0,True,427.0,Transformation trees - Documentation of multimodal image registration.,DK5KVWF5,include,False,False
"Tong 等 - 2025 - Evaluation of Surface Characteristics, Accuracy, and Dimensional Stability of Tooth Preparation Dies.pdf",563.0,100.0,True,563.0,"Evaluation of Surface Characteristics, Accuracy, and Dimensional Stability of Tooth Preparation Dies Fabricated by Conventional Gypsum and 3D-Printed Workflows.",5RKTEJM6,exclude,True,True
Tonin 等 - 2021 - Evaluation of misfit and stress distribution in implant-retained prosthesis obtained by different me.pdf,43.0,100.0,True,43.0,Evaluation of misfit and stress distribution in implant-retained prosthesis obtained by different methods.,BV572BCA,exclude,True,True
Tonin 等 - 2023 - Influence of the frameworks of implant-supported prostheses and implant connections on stress distri.pdf,32.0,100.0,True,32.0,Influence of the frameworks of implant-supported prostheses and implant connections on stress distribution.,UNK3IQDN,exclude,False,False
Tonin 等 - 2025 - An in vitro study using confocal laser scanning microscopy to evaluate the marginal misfits of diffe.pdf,2186.0,100.0,True,2186.0,An in vitro study using confocal laser scanning microscopy to evaluate the marginal misfits of different implant-supported frameworks,P8ASA5T4,exclude,False,False
Topsakal 等 - 2023 - Algorithms to Measure Area and Volume on 3D Face Models for Facial Surgeries.pdf,2464.0,100.0,True,2464.0,Algorithms to Measure Area and Volume on 3D Face Models for Facial Surgeries,9AZDUGHA,include,False,False
Toscano 等 - 2023 - Teeth Mold Point Cloud Completion Via Data Augmentation and Hybrid RL-GAN.pdf,2236.0,100.0,True,2236.0,Teeth Mold Point Cloud Completion Via Data Augmentation and Hybrid RL-GAN,DJ3W6TQG,include,False,False
Tosun 等 - 2023 - Comparison of denture base adaptation between additive and conventional fabrication techniques..pdf,1221.0,100.0,True,1221.0,Comparison of denture base adaptation between additive and conventional fabrication techniques,4HEU9QFR,exclude,True,True
Tourbier 等 - 2026 - Biomimetic 3D-printed gyroid scaffolds with versatile bioactive coatings for complex craniomaxillofa.pdf,927.0,100.0,True,927.0,Biomimetic 3D-printed gyroid scaffolds with versatile bioactive coatings for complex craniomaxillofacial bone regeneration,BBL9T48I,exclude,False,False
TPAMI.2021.3086072.pdf.pdf,,0.0,False,,,,,False,False
Triarjo 等 - 2023 - Automatic 3D Digital Dental Landmark Based on Point Transformation Weight.pdf,2402.0,100.0,True,2402.0,Automatic 3D Digital Dental Landmark Based on Point Transformation Weight,CCHDS9W2,exclude,False,False
Tribst 等 - 2022 - Influence of Framework Material and Posterior Implant Angulation in Full-Arch All-on-4 Implant-Suppo.pdf,567.0,100.0,True,567.0,Influence of Framework Material and Posterior Implant Angulation in Full-Arch All-on-4 Implant-Supported Prosthesis Stress Concentration.,G6977KXR,include,True,True
"Tribst 等 - 2026 - Fractured Full-Arch Tooth-Supported Zirconia Bridge Thin Design, Surface Damage, and Excessive Ceme.pdf",535.0,100.0,True,535.0,"Fractured Full-Arch Tooth-Supported Zirconia Bridge: Thin Design, Surface Damage, and Excessive Cement Layer Thickness.",JANGC8LD,exclude,False,False
"Tripathi 等 - 2025 - Transforming surgical planning and procedures through the synergistic use of additive manufacturing,.pdf",1250.0,100.0,True,1250.0,"Transforming surgical planning and procedures through the synergistic use of additive manufacturing, advanced materials and artificial intelligence: challenges and opportunities",Q4WEAUUG,exclude,False,False
Troncoso-Pazos 等 - 2025 - Position of digitally guided implants in completely edentulous maxillae by using a modified double-s.pdf,283.0,100.0,True,283.0,Position of digitally guided implants in completely edentulous maxillae by using a modified double-scan and overlap of three digital surface protocol.,RXN9D6EM,unsure,False,False
Truong 等 - 2024 - Bone-Implant Osseointegration Monitoring Using Electro-mechanical Impedance Technique and Convolutio.pdf,1130.0,100.0,True,1130.0,Bone-Implant Osseointegration Monitoring Using Electro-mechanical Impedance Technique and Convolutional Neural Network: A Numerical Study,BXT93NMY,exclude,False,False
Truong 等 - 2025 - 3D Printing of chewable oral tablets using drug nanosuspension inks an experimental and machine lea.pdf,2091.0,100.0,True,2091.0,3D Printing of chewable oral tablets using drug nanosuspension inks: an experimental and machine learning study,SAQED9KP,exclude,False,False
Tsai 等 - 2026 - Spontaneous dental implant macro‐migration in low‐density bone An 8‐year case report.pdf,282.0,100.0,True,282.0,Spontaneous dental implant macro-migration in low-density bone: An 8-year case report.,BBL5YC5J,include,False,False
Tsai和Yang - 2024 - Metal framework reinforcement in implant overdenture fabricated with a digital workflow and the doub.pdf,2162.0,100.0,True,2162.0,Metal framework reinforcement in implant overdenture fabricated with a digital workflow and the double milling technique: A dental technique,3DSF7TP6,exclude,False,False
Tseng 等 - 2024 - Direct ink writing with dental composites A paradigm shift toward sustainable chair-side production.pdf,1021.0,100.0,True,1021.0,Direct ink writing with dental composites: A paradigm shift toward sustainable chair-side production,68LCNUVN,exclude,False,False
Tsukiboshi 等 - 2025 - Digitally guided corticotomy using a customized surgical template (Suya corticotomy utility template.pdf,122.0,100.0,True,122.0,Digitally guided corticotomy using a customized surgical template (Suya corticotomy utility template): A technique report.,UBY7Q3RD,include,False,False
Tuin 等 - 2020 - Three-dimensional facial volume analysis using algorithm-based personalized aesthetic templates.pdf,685.0,100.0,True,685.0,Three-dimensional facial volume analysis using algorithm-based personalized aesthetic templates,R7BP6AWA,include,False,False
Tuncludemir 等 - 2024 - In vivo comparison of customized zirconia barriers in guided bone regeneration An experimental stud.pdf,1178.0,100.0,True,1178.0,In vivo comparison of customized zirconia barriers in guided bone regeneration: An experimental study,UCGNAILE,unsure,False,False
Turek 等 - 2021 - Procedure Increasing the Accuracy of Modelling and the Manufacturing of Surgical Templates with the.pdf,1781.0,100.0,True,1781.0,"Procedure Increasing the Accuracy of Modelling and the Manufacturing of Surgical Templates with the Use of 3D Printing Techniques, Applied in Planning the Procedures of Reconstruction of the Mandible",6B24QV77,include,False,False
Turkyilmaz和Gavras - 2022 - Fabrication of immediately loaded implant-retained maxillary overdenture with flapless surgery using.pdf,160.0,100.0,True,160.0,Fabrication of immediately loaded implant-retained maxillary overdenture with flapless surgery using a CAD/CAM surgical guide: A technical report.,EY9HHQH3,exclude,False,False
Turp 等 - 2026 - Automated Detection of Middle Mesial Canals in Mandibular Molars on CBCT using nnU-Net A Retrospect.pdf,383.0,100.0,True,383.0,Automated Detection of Middle Mesial Canals in Mandibular Molars on CBCT using nnU-Net: A Retrospective Diagnostic Accuracy Study.,LC73M2WP,include,True,True
Tuzlali 等 - 2025 - Biomechanical Analysis of Prosthetic Designs Retained by Two or Four Implants in the Edentulous Mand.pdf,1612.0,100.0,True,1612.0,Biomechanical Analysis of Prosthetic Designs Retained by Two or Four Implants in the Edentulous Mandible: A Three-Dimensional Finite Element Analysis,5TR3AEI5,include,True,True
"Tüfekçi 等 - 2024 - Does crown, root, and bone visualization in a clear aligner virtual setup impact treatment decisions.pdf",973.0,100.0,True,973.0,"Does crown, root, and bone visualization in a clear aligner virtual setup impact treatment decisions?",AULZ2CKN,exclude,False,False
Türk 等 - 2026 - Rehabilitation of the Severely Atrophic Maxilla with Subperiosteal Implants A Biomechanical and Dec.pdf,327.0,100.0,True,327.0,Rehabilitation of the Severely Atrophic Maxilla with Subperiosteal Implants: A Biomechanical and Decision Analysis of Material and Configuration Choices.,G42JR78G,include,False,False
Türker 等 - 2022 - Fabrication of Customized dental guide by stereolithography method and evaluation of dimensional acc.pdf,1077.0,100.0,True,1077.0,Fabrication of Customized dental guide by stereolithography method and evaluation of dimensional accuracy with artificial neural networks,7PML7Y2A,include,True,True
Ulbrich 等 - 2023 - Advantages of a Training Course for Surgical Planning in Virtual Reality for Oral and Maxillofacial.pdf,1665.0,100.0,True,1665.0,Advantages of a Training Course for Surgical Planning in Virtual Reality for Oral and Maxillofacial Surgery: Crossover Study,VRFC6566,include,True,True
Unagolla 等 - 2024 - In Vitro and In Vivo Evaluation of 3D Printed Poly(Ethylene Glycol) Dimethacrylate-Based Photocurabl.pdf,1357.0,100.0,True,1357.0,In Vitro and In Vivo Evaluation of 3D Printed Poly(Ethylene Glycol) Dimethacrylate-Based Photocurable Hydrogel Platform for Bone Tissue Engineering,4CX3I2NW,exclude,False,False
"Unger 等 - 2023 - Computer-assisted bone augmentation, implant planning and placement An in vitro investigation..pdf",695.0,100.0,True,695.0,"Computer-assisted bone augmentation, implant planning and placement: An in vitro investigation",XFVSNR6Q,unsure,True,True
Unkovskiy 等 - 2021 - Multi-Material 3D Printing of a Customized Sports Mouth Guard Proof-of-Concept Clinical Case.pdf,2070.0,100.0,True,2070.0,Multi-Material 3D Printing of a Customized Sports Mouth Guard: Proof-of-Concept Clinical Case,IHJYACL8,include,False,False
Urundai Meeran 等 - 2026 - Oral Cancer Diagnosis Using an Optimized InceptionV3 Model Powered by the Aquila Metaheuristic Algor.pdf,269.0,100.0,True,269.0,Oral Cancer Diagnosis Using an Optimized InceptionV3 Model Powered by the Aquila Metaheuristic Algorithm.,VBYALYIQ,exclude,False,False
Uçar 等 - 2025 - Finite Element Analysis of Novaloc Attachments at Extreme Angulations and Arch Forms A Specificatio.pdf,1063.0,100.0,True,1063.0,Finite Element Analysis of Novaloc Attachments at Extreme Angulations and Arch Forms: A Specification Study,VCEI47L3,include,True,True
Vag 等 - 2024 - Application of the virtual-fit method for fixed complete denture cases designed on intraoral scans.pdf,404.0,100.0,True,404.0,Application of the virtual-fit method for fixed complete denture cases designed on intraoral scans: Effect of cement spacing.,XK8P9LMU,include,True,True
Valenti 等 - 2024 - Management of Total Frontal Bone Loss After Surgery for Craniosynostosis The Modified Visor Bone Fl.pdf,65.0,100.0,True,65.0,Management of Total Frontal Bone Loss After Surgery for Craniosynostosis: The Modified Visor Bone Flap With Brain Cage.,B5HAN576,exclude,False,False
Valenti 等 - 2024 - Mechanical and biological properties of polymer materials for oral appliances produced with additive.pdf,1644.0,100.0,True,1644.0,Mechanical and biological properties of polymer materials for oral appliances produced with additive 3D printing and subtractive CAD-CAM techniques compared to conventional methods: a systematic review and meta-analysis,HWUQ4VDF,exclude,False,False
"Valenzuela 等 - 2026 - An Alternative Digital Workflow for 3D Virtual Patient Construction Integrating Intraoral, Facial, a.pdf",2116.0,100.0,True,2116.0,"An Alternative Digital Workflow for 3D Virtual Patient Construction Integrating Intraoral, Facial, and CBCT Data for Esthetic and Occlusal Planning",QIK2SRY7,include,False,False
Valeri 等 - 2022 - Performance of Rigid and Soft Transfer Templates Using Viscous and Fluid Resin‐Based Composites in t.pdf,604.0,100.0,True,604.0,Performance of Rigid and Soft Transfer Templates Using Viscous and Fluid Resin-Based Composites in the Attachment Bonding Process of Clear Aligners.,7ECMK5KU,exclude,False,False
Valls-Esteve 等 - 2024 - Point-of-care additive manufacturing state of the art and adoption in Spanish hospitals during pre.pdf,374.0,100.0,True,374.0,Point-of-care additive manufacturing: state of the art and adoption in Spanish hospitals during pre to post COVID-19 era.,Z5PQ77JM,exclude,False,False
Valošek 等 - 2024 - Automatic segmentation of the spinal cord nerve rootlets..pdf,496.0,100.0,True,496.0,Automatic segmentation of the spinal cord nerve rootlets.,GXEXPHPL,exclude,False,False
Valošek 等 - 2024 - Automatic segmentation of the spinal cord nerve rootlets.pdf,496.0,100.0,True,496.0,Automatic segmentation of the spinal cord nerve rootlets.,GXEXPHPL,exclude,False,False
Valsan 等 - 2021 - Biologic and Esthetic Outcome of CADCAM Custom Ceramic Implant Abutment A Clinical Report..pdf,264.0,100.0,True,264.0,Biologic and Esthetic Outcome of CAD/CAM Custom Ceramic Implant Abutment: A Clinical Report.,6HK2FTWY,exclude,False,False
Valsecchi 等 - 2023 - Skeleton-ID AI-driven Human Identification.pdf,2411.0,100.0,True,2411.0,Skeleton-ID: AI-driven Human Identification,M7UAIMFS,exclude,False,False
Van Den Borre 等 - 2024 - Soft Tissue Response and Determination of Underlying Risk Drivers for Recession and Mucositis after.pdf,583.0,100.0,True,583.0,Soft Tissue Response and Determination of Underlying Risk Drivers for Recession and Mucositis after AMSJI Implantation in the Maxilla.,429UEHTD,exclude,False,False
van der Straeten 等 - 2026 - Is a standardised severity index needed in unicoronal craniosynostosis Challenges in developing an.pdf,573.0,100.0,True,573.0,Is a standardised severity index needed in unicoronal craniosynostosis? Challenges in developing an objective metric.,7P53GXNZ,exclude,False,False
Van Der Wel 等 - 2024 - Facial Masculinization Surgery Using Polyetheretherketone Alloplasty Statistical Shape Modeling–bas.pdf,440.0,100.0,True,440.0,Facial Masculinization Surgery Using Polyetheretherketone Alloplasty: Statistical Shape Modeling-based Implant Designs.,GX5AGF6V,include,False,False
van Nistelrooij 等 - 2024 - Detecting Mandible Fractures in CBCT Scans Using a 3-Stage Neural Network..pdf,253.0,100.0,True,253.0,Detecting Mandible Fractures in CBCT Scans Using a 3-Stage Neural Network.,UVGSTG9C,exclude,False,False
van Veldhuizen 等 - 2023 - Development of a Statistical Shape Model and Assessment of Anatomical Shape Variations in the Hemipe.pdf,1256.0,100.0,True,1256.0,Development of a Statistical Shape Model and Assessment of Anatomical Shape Variations in the Hemipelvis,GT3HSR5N,exclude,False,False
Vanslambrouck 等 - 2024 - Virtual reconstruction of orbital defects using Gaussian process morphable models..pdf,15.0,100.0,True,15.0,Virtual reconstruction of orbital defects using Gaussian process morphable models.,8TB2V9T8,include,True,True
Vargas 等 - 2025 - Advanced Simulation System for Orbitozygomatic Fracture Reconstruction Multicenter Validation of a.pdf,176.0,100.0,True,176.0,Advanced Simulation System for Orbitozygomatic Fracture Reconstruction: Multicenter Validation of a Novel Training and Objective Assessment Platform.,SG47UPMT,exclude,True,True
vcip49819.2020.9301774.pdf.pdf,,0.0,False,,,,,False,False
vcip49819.2020.9301845.pdf.pdf,,0.0,False,,,,,False,False
Veerasamy 等 - 2025 - Digital Removable Denture Workflows in Dental Education A Systematic Review and Curriculum Developm.pdf,2272.0,100.0,True,2272.0,Digital Removable Denture Workflows in Dental Education: A Systematic Review and Curriculum Development Exploration,QPRKN26Y,exclude,False,False
Vera-Becerra 等 - 2026 - Refined Surgical Protocol for the Insertion of Bioactive-coated Titanium Microscrews in the Rat Tibi.pdf,1745.0,100.0,True,1745.0,Refined Surgical Protocol for the Insertion of Bioactive-coated Titanium Microscrews in the Rat Tibia,K8X9AYTL,exclude,False,False
Verhelst 等 - 2021 - Layered deep learning for automatic mandibular segmentation in cone-beam computed tomography.pdf,2000.0,100.0,True,2000.0,Layered deep learning for automatic mandibular segmentation in cone-beam computed tomography,A9DPU6MJ,exclude,True,True
Veríssimo 等 - 2026 - Accuracy evaluation of dual-function scan body for recording complete arch implant-supported prosthe.pdf,635.0,100.0,True,635.0,Accuracy evaluation of dual-function scan body for recording complete arch implant-supported prostheses.,LRABR3D6,include,True,True
Vicente Faus-Matoses 等 - 2022 - Accuracy of Endodontic Access Cavities Performed Using an Augmented Reality Appliance An In Vitro S.pdf,2016.0,100.0,True,2016.0,Accuracy of Endodontic Access Cavities Performed Using an Augmented Reality Appliance: An In Vitro Study,VIUWMA2F,unsure,False,False
Vicory 等 - 2021 - Dental microfracture detection using wavelet features and machine learning..pdf,274.0,100.0,True,274.0,Dental microfracture detection using wavelet features and machine learning.,GYAL5HZT,exclude,False,False
Vieira 等 - 2025 - Intraoral Scanning Versus Conventional Methods for Obtaining Full-Arch Implant-Supported Prostheses.pdf,1308.0,100.0,True,1308.0,Intraoral Scanning Versus Conventional Methods for Obtaining Full-Arch Implant-Supported Prostheses: A Systematic Review with Meta-Analysis,NZG7YSMU,exclude,False,False
Villavisanis 等 - 2024 - Craniofacial Soft-Tissue Anthropomorphic Database with Magnetic Resonance Imaging and Unbiased Diffe.pdf,747.0,100.0,True,747.0,Craniofacial Soft-Tissue Anthropomorphic Database with Magnetic Resonance Imaging and Unbiased Diffeomorphic Registration,EYH7C2TZ,include,True,True
Villefort 等 - 2022 - Mechanical Response of PEKK and PEEK As Frameworks for Implant-Supported Full-Arch Fixed Dental Pros.pdf,444.0,100.0,True,444.0,Mechanical Response of PEKK and PEEK As Frameworks for Implant-Supported Full-Arch Fixed Dental Prosthesis: 3D Finite Element Analysis.,S4MRIA3P,include,True,True
Vimala和Preethi - 2024 - Maxillary Sinus Disease Detection and Analysis Approaches in Deep Learning Survey.pdf,2414.0,100.0,True,2414.0,Maxillary Sinus Disease Detection and Analysis Approaches in Deep Learning: Survey,G7XDUFQV,exclude,False,False
Vinayahalingam 等 - 2023 - Intra-oral scan segmentation using deep learning.pdf,2033.0,100.0,True,2033.0,Intra-oral scan segmentation using deep learning,37PRIYQ7,exclude,True,True
Vinodh 等 - 2023 - Comparative evaluation to study the effect of implant support on complete fixed dental prosthesis fa.pdf,92.0,100.0,True,92.0,"Comparative evaluation to study the effect of implant support on complete fixed dental prosthesis fabricated with peek framework when implants placed in all-on-4 and all-on-6 situation, by strain gauge analysis and finite element analysis - An in vitro study.",3IABES8D,include,True,True
Viola 等 - 2021 - The Importance of Interfaces in Multi-Material Biofabricated Tissue Structures.pdf,1828.0,100.0,True,1828.0,The Importance of Interfaces in Multi-Material Biofabricated Tissue Structures,72UG4277,exclude,False,False
Vishal 等 - 2025 - AI-Augmented 3D Craniofacial Reconstruction for Enhanced Surgical Planning A Novel Integration of D.pdf,676.0,100.0,True,676.0,AI-Augmented 3D Craniofacial Reconstruction for Enhanced Surgical Planning: A Novel Integration of Depth-Augmented Vision Transformers and MeshCNN for Structural Fidelity,WJM7WVUX,include,False,False
Visuttiwattanakorn和Phatthanagowit - 2022 - An In Vitro Study of the Reproducibility of the Drilling Access of Digitalized Surgical Guides Gener.pdf,694.0,100.0,True,694.0,An In Vitro Study of the Reproducibility of the Drilling Access of Digitalized Surgical Guides Generated via Three Different Implant Planning Software Programs,YHMC9EU4,exclude,False,False
Vladutu 等 - 2025 - Assessment of Occlusal Contacts Recorded with the Medit Intraoral Scanner vs. Exocad Software.pdf,1451.0,100.0,True,1451.0,Assessment of Occlusal Contacts Recorded with the Medit Intraoral Scanner vs. Exocad Software,NDU69W2E,exclude,False,False
Vollmer 等 - 2023 - Realizing in-house algorithm-driven free fibula flap set up within 24 hours a pilot study evaluatin.pdf,871.0,100.0,True,871.0,Realizing in-house algorithm-driven free fibula flap set up within 24 hours: a pilot study evaluating accuracy with open-source tools,3KLNEKRB,include,True,True
Vukicevic 等 - 2021 - OpenMandible An open-source framework for highly realistic numerical modelling of lower mandible ph.pdf,39.0,100.0,True,39.0,OpenMandible: An open-source framework for highly realistic numerical modelling of lower mandible physiology.,CI6MMSH5,include,True,True
Vurat 等 - 2022 - Development of a multicellular 3D-bioprinted microtissue model of human periodontal ligament-alveola.pdf,1240.0,100.0,True,1240.0,Development of a multicellular 3D-bioprinted microtissue model of human periodontal ligament-alveolar bone biointerface: Towards a pre-clinical model of periodontal diseases and personalized periodontal tissue engineering,UBMKKMB9,exclude,False,False
Vörös 等 - 2026 - Effect of Internal Structural Design on Stress Distribution in 3D-Printed Subperiosteal Implants Und.pdf,2203.0,100.0,True,2203.0,Effect of Internal Structural Design on Stress Distribution in 3D-Printed Subperiosteal Implants Under Mechanical Loading,9SNK3E6R,include,False,False
Wang 等 - 2021 - A method of dental model segmentation based on shortest path.pdf,2361.0,100.0,True,2361.0,A method of dental model segmentation based on shortest path,U67VEFUR,include,False,False
Wang 等 - 2021 - Multiclass CBCT Image Segmentation for Orthodontics with Deep Learning..pdf,1933.0,100.0,True,1933.0,Multiclass CBCT Image Segmentation for Orthodontics with Deep Learning,QMGYIHYL,exclude,False,False
Wang 等 - 2022 - Biomechanical analysis of stress around the tilted implants with different cantilever lengths in all.pdf,2098.0,100.0,True,2098.0,Biomechanical analysis of stress around the tilted implants with different cantilever lengths in all-on-4 concept,SDN96I58,include,True,True
Wang 等 - 2022 - Dynamic navigation for prosthetically driven zygomatic implant placement in extensive maxillary defe.pdf,1301.0,100.0,True,1301.0,Dynamic navigation for prosthetically driven zygomatic implant placement in extensive maxillary defects: Results of a prospective case series,JYJSMM4M,unsure,False,False
Wang 等 - 2022 - Mandibular stability and condylar changes following orthognathic surgery in mandibular hypoplasia pa.pdf,1571.0,100.0,True,1571.0,Mandibular stability and condylar changes following orthognathic surgery in mandibular hypoplasia patients associated with preoperative condylar resorption,ZPAI37L6,unsure,False,False
Wang 等 - 2022 - Polyetheretherketone versus titanium CAD-CAM framework for implant-supported fixed complete dentures.pdf,476.0,100.0,True,476.0,Polyetheretherketone versus titanium CAD-CAM framework for implant-supported fixed complete dentures: a retrospective study with up to 5-year follow-up.,EF2ZZ3Y3,exclude,False,False
Wang 等 - 2022 - Shape-adaptive magnetic field-assisted batch polishing of three-dimensional surfaces.pdf,843.0,100.0,True,843.0,Shape-adaptive magnetic field-assisted batch polishing of three-dimensional surfaces,QLD6QTJK,exclude,False,False
Wang 等 - 2022 - Three-Dimensional Auricular Subunit Models for Cartilage Framework Fabrication Our Preliminary Expe.pdf,27.0,100.0,True,27.0,Three-Dimensional Auricular Subunit Models for Cartilage Framework Fabrication: Our Preliminary Experience.,BSMQHU4Y,exclude,True,True
Wang 等 - 2023 - A Method for Robot to Detect the Facial Landmarks with Masks.pdf,2508.0,100.0,True,2508.0,A Method for Robot to Detect the Facial Landmarks with Masks,NQMTYUTA,exclude,False,False
Wang 等 - 2023 - Accuracy and Efficiency of Endodontic Microsurgery Assisted by Dynamic Navigation Based on Two Diffe.pdf,1455.0,100.0,True,1455.0,Accuracy and Efficiency of Endodontic Microsurgery Assisted by Dynamic Navigation Based on Two Different Registration Methods: An In Vitro Study,JRKEL5DC,include,True,True
Wang 等 - 2023 - Compliance Control and Simulation of a Next-Generation Chewing Robot.pdf,2512.0,100.0,True,2512.0,Compliance Control and Simulation of a Next-Generation Chewing Robot,CTHCY5TE,exclude,True,True
Wang 等 - 2023 - Preoperative Planning Framework for Robot-Assisted Dental Implant Surgery Finite-Parameter Surrogat.pdf,2244.0,100.0,True,2244.0,Preoperative Planning Framework for Robot-Assisted Dental Implant Surgery: Finite-Parameter Surrogate Model and Optimization of Instrument Placement,7RG5Y6L8,exclude,False,False
Wang 等 - 2023 - Root canal treatment planning by automatic tooth and root canal segmentation in dental CBCT with dee.pdf,2107.0,100.0,True,2107.0,Root canal treatment planning by automatic tooth and root canal segmentation in dental CBCT with deep multi-task feature learning,I73XE6IF,exclude,False,False
Wang 等 - 2024 - Convolutional neural network for automated tooth segmentation on intraoral scans..pdf,689.0,100.0,True,689.0,Convolutional neural network for automated tooth segmentation on intraoral scans,HIZDAWBD,exclude,True,True
Wang 等 - 2024 - Dual scalable osteogenic microtissue engineering via GelMA microsphere-inspired mechanical training.pdf,262.0,100.0,True,262.0,Dual scalable osteogenic microtissue engineering via GelMA microsphere-inspired mechanical training and autonomous assembling of dental pulp stem cell.,B7MT2857,exclude,False,False
Wang 等 - 2024 - Effect of implant shape and length on the accuracy of robot-assisted immediate implant surgery An i.pdf,1405.0,100.0,True,1405.0,Effect of implant shape and length on the accuracy of robot-assisted immediate implant surgery: An in vitro study,KG6ATNQX,exclude,False,False
Wang 等 - 2024 - Trans-VNet Transformer-based tooth semantic segmentation in CBCT images.pdf,1171.0,100.0,True,1171.0,Trans-VNet: Transformer-based tooth semantic segmentation in CBCT images,LRPW5FSM,exclude,False,False
Wang 等 - 2024 - Vision-Guided Nucleic Acid Detection and Sampling Robot.pdf,2568.0,100.0,True,2568.0,Vision-Guided Nucleic Acid Detection and Sampling Robot,JEHNTLW4,exclude,False,False
Wang 等 - 2025 - 3D model construction and biomechanical analysis of temporomandibular joint disc perforation based o.pdf,1325.0,100.0,True,1325.0,3D model construction and biomechanical analysis of temporomandibular joint disc perforation based on arthrography,2HHCZJZ3,include,True,True
Wang 等 - 2025 - An In Vitro Analysis of Implant Site Preparation and Placement Protocols on Implant Accuracy in Robo.pdf,235.0,100.0,True,235.0,An In Vitro Analysis of Implant Site Preparation and Placement Protocols on Implant Accuracy in Robot-Assisted Procedures.,JYU5QBGN,exclude,False,False
Wang 等 - 2025 - Demonstration of VirtuEleDent A Compact XR Tooth-Cutting Training System Using a Physical EMR-based.pdf,2354.0,100.0,True,2354.0,Demonstration of VirtuEleDent: A Compact XR Tooth-Cutting Training System Using a Physical EMR-based Dental Handpiece and Teeth Model,X8M3BPXK,exclude,True,True
Wang 等 - 2025 - Effect of Mandibular Advancement on Condylar Remodelling of Class span style=font-variantsmall-ca.pdf,978.0,83.78378378378379,True,978.0,Effect of Mandibular Advancement on Condylar Remodelling of Class II Malocclusion Adolescent Patients With or Without Anterior Disc Displacement: A Retrospective Study,8LJI9ZZH,include,True,True
Wang 等 - 2025 - Efficient Registration of Intraoral Point Clouds Using 3-D Spatial Consistent Grouping Method With G.pdf,2547.0,100.0,True,2547.0,Efficient Registration of Intraoral Point Clouds Using 3-D Spatial Consistent Grouping Method With Global Optimization,CLJ8NKK8,exclude,False,False
Wang 等 - 2025 - Feature Fusion-Enhancement A Novel Solution for 2D-3D Reconstruction in Feature-Uniform Contexts.pdf,2384.0,100.0,True,2384.0,Feature Fusion-Enhancement: A Novel Solution for 2D-3D Reconstruction in Feature-Uniform Contexts,7U3ZWC26,exclude,False,False
Wang 等 - 2025 - High-precision 3D teeth reconstruction based on five-view intra-oral photos.pdf,1914.0,100.0,True,1914.0,High-precision 3D teeth reconstruction based on five-view intra-oral photos,JFWKWNYD,include,False,False
Wang 等 - 2025 - MOPRP Multiobjective optimization on preoperative robot placement for robot-assisted dental implant.pdf,1044.0,100.0,True,1044.0,MOPRP: Multiobjective optimization on preoperative robot placement for robot-assisted dental implant surgery,DNYZB3K8,exclude,False,False
Wang 等 - 2025 - Network toxicology combined with molecular docking technology to explore the molecular mechanism of.pdf,411.0,100.0,True,411.0,Network toxicology combined with molecular docking technology to explore the molecular mechanism of amatoxin causing liver injury.,422HCDHQ,exclude,False,False
Wang 等 - 2025 - Optimized design of a tooth-simulating screw for enhanced accuracy in robot-assisted implant placeme.pdf,1422.0,100.0,True,1422.0,Optimized design of a tooth-simulating screw for enhanced accuracy in robot-assisted implant placement in completely edentulous jaws,6V6YHWRX,exclude,False,False
Wang 等 - 2025 - Recent Strategies and Advances in Hydrogel-Based Delivery Platforms for Bone Regeneration.pdf,1905.0,100.0,True,1905.0,Recent Strategies and Advances in Hydrogel-Based Delivery Platforms for Bone Regeneration,T275RA9C,exclude,False,False
Wang 等 - 2025 - Structure-Aware 3D Tooth Modeling via Prompt-Guided Segmentation and Multi-View Projection.pdf,1831.0,100.0,True,1831.0,Structure-Aware 3D Tooth Modeling via Prompt-Guided Segmentation and Multi-View Projection,LYV7BI9J,exclude,False,False
Wang 等 - 2025 - The impact of mixed reality training method on novice trainees of dental implants an in vitro study.pdf,1070.0,100.0,True,1070.0,The impact of mixed reality training method on novice trainees of dental implants: an in vitro study,S22NI99I,exclude,False,False
"Wang 等 - 2025 - The preparation, properties, and applications of polyphenol hydrogels for the treatment of oral dise.pdf",585.0,100.0,True,585.0,"The preparation, properties, and applications of polyphenol hydrogels for the treatment of oral diseases: A comprehensive overview.",7YN5KX6Y,exclude,False,False
Wang 等 - 2025 - Traditional and Artificial Intelligent Methods in Predicting Maxillofacial Soft Tissue Morphology Af.pdf,465.0,100.0,True,465.0,Traditional and Artificial Intelligent Methods in Predicting Maxillofacial Soft Tissue Morphology After Orthognathic Surgery: A Narrative Review.,CMEY6TXK,exclude,False,False
Wang 等 - 2025 - VirtuEleDent A Compact XR Tooth-Cutting Training System Using a Physical EMR-based Dental Handpiece.pdf,2349.0,100.0,True,2349.0,VirtuEleDent: A Compact XR Tooth-Cutting Training System Using a Physical EMR-based Dental Handpiece and Teeth Model,PA5RZYVZ,exclude,False,False
Wang 等 - 2026 - Comparison of the reproducibility of maxillary position transfer with a mechanical facebow and those.pdf,289.0,100.0,True,289.0,"Comparison of the reproducibility of maxillary position transfer with a mechanical facebow and those with facial scanning and cone beam computed tomography, based on a method of model orientation using anatomical landmarks.",NJJRVPS5,include,False,False
Wang 等 - 2026 - Computer-aided design and 3D fabrication of a segmented silicone obturator-RPD prosthesis for rehabi.pdf,183.0,100.0,True,183.0,Computer-aided design and 3D fabrication of a segmented silicone obturator-RPD prosthesis for rehabilitating maxillary defects.,C465U7B6,unsure,True,True
Wang 等 - 2026 - Development and Evaluation of a Low-Cost Open-Source Nasometer.pdf,1110.0,100.0,True,1110.0,Development and Evaluation of a Low-Cost Open-Source Nasometer,B6P9N33F,exclude,False,False
Wang 等 - 2026 - Early-stage stability and degradation of patient-specific biodegradable 3D-printed implants for crit.pdf,674.0,100.0,True,674.0,Early-stage stability and degradation of patient-specific biodegradable 3D-printed implants for critical mandibular reconstruction,JDYAQ7WP,include,False,False
Wang 等 - 2026 - Efficacy and safety of low-concentration whitestrips for extrinsic tooth discoloration a randomized.pdf,562.0,100.0,True,562.0,Efficacy and safety of low-concentration whitestrips for extrinsic tooth discoloration: a randomized controlled trial.,7LAYD684,exclude,False,False
Wang 等 - 2026 - Ortho-OPD An Automatic Osteotomy Planes Design Model for Orthognathic Surgery Based on Deep Learnin.pdf,2334.0,100.0,True,2334.0,Ortho-OPD: An Automatic Osteotomy Planes Design Model for Orthognathic Surgery Based on Deep Learning,XXD237D5,include,False,False
Wang 等 - 2026 - Spatiotemporally Orchestrated Bone Healing A Composite Scaffold System for Sequential Hemostasis an.pdf,1548.0,100.0,True,1548.0,Spatiotemporally Orchestrated Bone Healing: A Composite Scaffold System for Sequential Hemostasis and Osteogenesis,3ERPLNPN,exclude,False,False
Wang 等 - 2026 - ToothFormer A Region-Adaptive and Axis-Aware Transformer Network for Precise 3D CBCT Tooth Segmenta.pdf,815.0,100.0,True,815.0,ToothFormer: A Region-Adaptive and Axis-Aware Transformer Network for Precise 3D CBCT Tooth Segmentation,I7Y67RM9,include,False,False
Watanabe 等 - 2022 - Digital Technologies for Restorative Dentistry.pdf,1421.0,75.9493670886076,False,1421.0,Advances in neoteric modular tissue engineering strategies for regenerative dentistry,DZH7NH4V,exclude,False,False
Watted 等 - 2023 - Comprehensive Deciphering the Complexity of the Deep Bite Insight from Animal Model to Human Subjec.pdf,2238.0,100.0,True,2238.0,Comprehensive Deciphering the Complexity of the Deep Bite: Insight from Animal Model to Human Subjects,PCEP6D42,exclude,False,False
Wei Chan 等 - 2025 - The geometric relationship between root length and root surface area determined from digital tooth m.pdf,97.0,100.0,True,97.0,The geometric relationship between root length and root surface area determined from digital tooth models.,F5DKTHEG,include,False,False
Wei 等 - 2022 - In vitro study of surface properties and microbial adhesion of various dental polymers fabricated by.pdf,385.0,100.0,True,385.0,In vitro study of surface properties and microbial adhesion of various dental polymers fabricated by different manufacturing techniques after thermocycling.,HMQZ576Q,exclude,False,False
Wei 等 - 2026 - MADCrowner Margin Aware Dental Crown design with template deformation and refinement.pdf,68.0,100.0,True,68.0,MADCrowner: Margin Aware Dental Crown design with template deformation and refinement.,Y3Y6L6FN,exclude,False,False
Welch 等 - 2022 - Three‐dimensional thermophotonic image optimization modalities of truncated correlation photothermal.pdf,745.0,100.0,True,745.0,Three-dimensional thermophotonic image optimization modalities of truncated correlation photothermal coherence tomography,5V3UD9KJ,exclude,False,False
Wen 等 - 2023 - Comparison Study of Extraction Accuracy of 3D Facial Anatomical Landmarks Based on Non-Rigid Registr.pdf,1227.0,100.0,True,1227.0,Comparison Study of Extraction Accuracy of 3D Facial Anatomical Landmarks Based on Non-Rigid Registration of Face Template,ZE3WQLXI,include,True,True
Wen 等 - 2024 - Deep learning based approach automated gingival inflammation grading model using gingival removal s.pdf,1048.0,100.0,True,1048.0,Deep learning based approach: automated gingival inflammation grading model using gingival removal strategy,DEFPLRRS,exclude,False,False
Wen 等 - 2024 - MRCM ‐ UCTransN.pdf,1163.0,100.0,True,1163.0,MRCM-UCTransNet: Automatic and Accurate 3D Tooth Segmentation Network From Cone-Beam CT Images,LSI9SW78,exclude,False,False
Wen 等 - 2025 - Complete Digital Workflow for Evaluation of the Three-Dimensional Monson's Sphere Using Digital Scan.pdf,284.0,100.0,True,284.0,Complete Digital Workflow for Evaluation of the Three-Dimensional Monson's Sphere Using Digital Scanning.,49MIXWYD,include,True,True
Weng 等 - 2025 - InsightLens Augmenting LLM-Powered Data Analysis With Interactive Insight Management and Navigation.pdf,2504.0,100.0,True,2504.0,InsightLens: Augmenting LLM-Powered Data Analysis With Interactive Insight Management and Navigation,N74PHTST,exclude,False,False
Wenjing Wang 等 - 2023 - Early diagnosis of oral cancer using a hybrid arrangement of deep belief networkand combined group t.pdf,1614.0,100.0,True,1614.0,"RETRACTED: Early diagnosis of oral cancer using a hybrid arrangement of deep belief networkand combined group teaching algorithm (Retracted article. See vol. 15, 2025)",PZ65JJ6U,exclude,False,False
Wilkat 等 - 2021 - Advances in the Resection and Reconstruction of Midfacial Tumors Through Computer Assisted Surgery..pdf,861.0,100.0,True,861.0,Advances in the Resection and Reconstruction of Midfacial Tumors Through Computer Assisted Surgery,EXVEHKU3,unsure,False,False
Wilke 等 - 2024 - A novel approach to craniofacial analysis using automated 3D landmarking of the skull.pdf,1142.0,100.0,True,1142.0,A novel approach to craniofacial analysis using automated 3D landmarking of the skull,22IDN6AX,include,False,False
Wilke 等 - 2024 - Automated 3D Landmarking of the Skull A Novel Approach for Craniofacial Analysis..pdf,360.0,100.0,True,360.0,Automated 3D Landmarking of the Skull: A Novel Approach for Craniofacial Analysis.,D7Z7V9WR,include,True,True
Williams 等 - 2025 - Evaluation of Stress in the Maxillary Complex of a Unilateral Cleft Lip and Palate on Simulated Occl.pdf,408.0,100.0,True,408.0,Evaluation of Stress in the Maxillary Complex of a Unilateral Cleft Lip and Palate on Simulated Occlusal Loading Using Finite Element Analysis.,2YGJ6PCB,include,True,True
Winkler 等 - 2022 - Intraoral Scanners for In Vivo 3D Imaging of the Gingiva and the Alveolar Process..pdf,1637.0,100.0,True,1637.0,Intraoral Scanners for In Vivo 3D Imaging of the Gingiva and the Alveolar Process,SXRLMTP9,exclude,False,False
Wintergerst 等 - 2026 - The Evolution of Jaw Kinematic Analysis From Early Observations to Latest Technologies.pdf,1029.0,100.0,True,1029.0,The Evolution of Jaw Kinematic Analysis: From Early Observations to Latest Technologies,FSAV72S8,exclude,False,False
Wolfe 等 - 2023 - 3D-bioprinting of patient-derived cardiac tissue models for studying congenital heart disease.pdf,1136.0,100.0,True,1136.0,3D-bioprinting of patient-derived cardiac tissue models for studying congenital heart disease,JX2LCMGD,exclude,False,False
Wongkhuenkaew 等 - 2021 - Three-Dimensional Tooth Model Reconstruction Using Statistical Randomization-Based Particle Swarm Op.pdf,1604.0,100.0,True,1604.0,Three-Dimensional Tooth Model Reconstruction Using Statistical Randomization-Based Particle Swarm Optimization,2M6V9TT2,exclude,False,False
"Wood 等 - 2024 - Image navigator–based, automated coronary magnetic resonance angiography for the detection of corona.pdf",1625.0,100.0,True,1625.0,"Image navigator-based, automated coronary magnetic resonance angiography for the detection of coronary artery stenosis",Z8IXXBA4,exclude,False,False
Woodford 等 - 2021 - Low-Profile Electromagnetic Field Sensors in the Measurement and Modelling of Three-Dimensional Jaw.pdf,881.0,100.0,True,881.0,Low-Profile Electromagnetic Field Sensors in the Measurement and Modelling of Three-Dimensional Jaw Kinematics and Occlusal Loading,ARSEKXEW,include,False,False
Wu - 2023 - Research and Design of Cloud-Based Digital Three-Dimensional Scanning System for Denture Digitizatio.pdf,2364.0,100.0,True,2364.0,Research and Design of Cloud-Based Digital Three-Dimensional Scanning System for Denture Digitization,MTCKAFRR,exclude,False,False
Wu 等 - 2020 - Biomechanical effect of implant design on four implants supporting mandibular full-arch fixed dentur.pdf,1379.0,100.0,True,1379.0,Biomechanical effect of implant design on four implants supporting mandibular full-arch fixed dentures: In vitro test and finite element analysis,4S9PAY5N,exclude,True,True
Wu 等 - 2020 - Center-Sensitive and Boundary-Aware Tooth Instance Segmentation and Classification from Cone-Beam CT.pdf,2328.0,100.0,True,2328.0,Center-Sensitive and Boundary-Aware Tooth Instance Segmentation and Classification from Cone-Beam CT,QW4BJKGI,exclude,False,False
Wu 等 - 2021 - Multiple Geometric surfaces detection in Geometric Coordination Registration for implant surgery vir.pdf,2314.0,100.0,True,2314.0,Multiple Geometric surfaces detection in Geometric Coordination Registration for implant surgery virtual planning and assessment,IQL4JVC9,include,False,False
Wu 等 - 2021 - Optimum design of reference points distribution in three-dimensional reconstruction of dental model.pdf,657.0,100.0,True,657.0,Optimum design of reference points distribution in three-dimensional reconstruction of dental model in intercuspal position,IHRNZSRA,include,True,True
Wu 等 - 2021 - Upper Airway Segmentation Based on the Attention Mechanism of Weak Feature Regions.pdf,2374.0,100.0,True,2374.0,Upper Airway Segmentation Based on the Attention Mechanism of Weak Feature Regions,QDLVNNQA,include,False,False
Wu 等 - 2022 - A Modified Protocol to Evaluate Masseter Morphology Based on Automatic Segmentation and Registration.pdf,2319.0,100.0,True,2319.0,A Modified Protocol to Evaluate Masseter Morphology Based on Automatic Segmentation and Registration,CT63NU2A,include,False,False
Wu 等 - 2022 - Blood Vessel Segmentation from Low-Contrast and Wide-Field Optical Microscopic Images of Cranial Win.pdf,2497.0,100.0,True,2497.0,Blood Vessel Segmentation from Low-Contrast and Wide-Field Optical Microscopic Images of Cranial Window by Attention-Gate-Based Network,LZXFM3VV,exclude,False,False
Wu 等 - 2022 - Esthetic rehabilitation for a Kennedy Class IV patient using detachable 3D printing diagnostic dentu.pdf,2075.0,100.0,True,2075.0,Esthetic rehabilitation for a Kennedy Class IV patient using detachable 3D printing diagnostic denture and removable partial denture with polyetheretherketone framework,75U924X7,exclude,True,True
Wu 等 - 2022 - Two-Stage Mesh Deep Learning for Automated Tooth Segmentation and Landmark Localization on 3D Intrao.pdf,2321.0,100.0,True,2321.0,Two-Stage Mesh Deep Learning for Automated Tooth Segmentation and Landmark Localization on 3D Intraoral Scans,R2XP7A3B,exclude,False,False
Wu 等 - 2023 - Accuracy of single-implant digital impression with various scanbody exposure levels at anterior and.pdf,1808.0,100.0,True,1808.0,Accuracy of single-implant digital impression with various scanbody exposure levels at anterior and posterior regions,WCEUBWKT,exclude,True,True
Wu 等 - 2023 - Influence of different education approaches on the implantation performance of dental practitioners.pdf,538.0,100.0,True,538.0,Influence of different education approaches on the implantation performance of dental practitioners in aesthetic zone.,ZPHWMMKX,exclude,False,False
Wu 等 - 2024 - Accuracy evaluation of dental CBCT and scanned model registration method based on pulp horn mapping.pdf,2047.0,100.0,True,2047.0,Accuracy evaluation of dental CBCT and scanned model registration method based on pulp horn mapping surface: an in vitro proof-of-concept,2U8ZWJEZ,include,False,False
Wu 等 - 2025 - 3D Facial Tracking and User Authentication Through Lightweight Single-Ear Biosensors.pdf,2404.0,100.0,True,2404.0,3D Facial Tracking and User Authentication Through Lightweight Single-Ear Biosensors,GSFURB8J,exclude,False,False
Wu 等 - 2025 - A 3D Co‐Culture System Inspired by Fracture Healing Cell Interactions for Bone Tissue Engineering.pdf,1258.0,100.0,True,1258.0,A 3D Co-Culture System Inspired by Fracture Healing Cell Interactions for Bone Tissue Engineering,B7TAIWTK,exclude,False,False
Wu 等 - 2025 - A personalized automated system of 3D facial soft tissue landmarks annotation based on deep learning.pdf,1159.0,100.0,True,1159.0,A personalized automated system of 3D facial soft tissue landmarks annotation based on deep learning and computer vision,XC63D9X7,include,False,False
Wu 等 - 2025 - Automatic restoration and reconstruction of defective tooth based on deep learning technology..pdf,1786.0,100.0,True,1786.0,Automatic restoration and reconstruction of defective tooth based on deep learning technology,8BR5A4LH,exclude,True,True
Wu 等 - 2025 - ChatIOS Improving automatic 3-dimensional tooth segmentation via GPT-4V and multimodal pre-training.pdf,928.0,100.0,True,928.0,ChatIOS: Improving automatic 3-dimensional tooth segmentation via GPT-4V and multimodal pre-training,HWDWK85G,exclude,False,False
Wu 等 - 2025 - Enhance stereo-DIC in low quality speckle pattern by cross-scale stereo matching with application in.pdf,1552.0,100.0,True,1552.0,Enhance stereo-DIC in low quality speckle pattern by cross-scale stereo matching with application in dental crack detection,JER44APL,exclude,False,False
Wu 等 - 2025 - The effect of ultrasonic tip working length on fluid dynamics in the root canal during the irrigatio.pdf,992.0,100.0,True,992.0,The effect of ultrasonic tip working length on fluid dynamics in the root canal during the irrigation procedure: a computational fluid dynamics study,E6VT69AR,include,True,True
Wu 等 - 2026 - Extrusion-based 3D printing of cross-scale porous bone scaffolds and their micro-topological structu.pdf,2106.0,100.0,True,2106.0,Extrusion-based 3D printing of cross-scale porous bone scaffolds and their micro-topological structures for bone repair,NZ84ZXUF,exclude,False,False
Wu 等 - 2026 - Stress distribution and axial force under different filing parameters during root canal preparation.pdf,215.0,100.0,True,215.0,Stress distribution and axial force under different filing parameters during root canal preparation: An in vitro FEA and experimental study.,BBZVVUEG,include,True,True
Wu和Sun - 2024 - The impacts of registration‐and‐fixation device positioning on the performance of implant placement.pdf,1617.0,100.0,True,1617.0,The impacts of registration-and-fixation device positioning on the performance of implant placement assisted by dynamic computer-aided surgery: A randomized controlled trial,3RGXD3QU,exclude,False,False
Xavier 等 - 2023 - Evaluation of Strain and Insertion Torque of Mini-implants at 90° and 45° Angulations on a Bone Mode.pdf,345.0,100.0,True,345.0,Evaluation of Strain and Insertion Torque of Mini-implants at 90° and 45° Angulations on a Bone Model using Three-Dimensional Finite Element Analysis.,6GIVN8GS,include,True,True
Xia 等 - 2022 - Automatic Plane of Minimal Hiatal Dimensions Extraction From 3D Female Pelvic Floor Ultrasound.pdf,2465.0,100.0,True,2465.0,Automatic Plane of Minimal Hiatal Dimensions Extraction From 3D Female Pelvic Floor Ultrasound,IMN6HZ24,exclude,False,False
Xiao 等 - 2021 - Estimating Reference Bony Shape Models for Orthognathic Surgical Planning Using 3D Point-Cloud Deep.pdf,2329.0,100.0,True,2329.0,Estimating Reference Bony Shape Models for Orthognathic Surgical Planning Using 3D Point-Cloud Deep Learning,Z4HUPXT9,include,False,False
Xiao 等 - 2021 - Estimating Reference Shape Model for Personalized Surgical Reconstruction of Craniomaxillofacial Def.pdf,2291.0,100.0,True,2291.0,Estimating Reference Shape Model for Personalized Surgical Reconstruction of Craniomaxillofacial Defects,VTPR5HZL,include,False,False
Xiao 等 - 2021 - Unsupervised learning of reference bony shapes for orthognathic surgical planning with a surface def.pdf,1336.0,100.0,True,1336.0,Unsupervised learning of reference bony shapes for orthognathic surgical planning with a surface deformation network,4CJX2G8D,include,False,False
Xiao 等 - 2024 - Treatment effects of 3D-printed PCLFe3O4@ 3 O 4 @ ZIF-8 magnetic nanocomposite on infected bone def.pdf,1494.0,100.0,True,1494.0,Treatment effects of 3D-printed PCL/Fe3O4@ 3 O 4 @ ZIF-8 magnetic nanocomposite on infected bone defect,JQX4HQ9M,exclude,False,False
"Xiao 等 - 2025 - Effect of thermal cycling on the mechanical properties of conventional, milled, and 3D-printed base.pdf",1338.0,100.0,True,1338.0,"Effect of thermal cycling on the mechanical properties of conventional, milled, and 3D-printed base resin materials: a comparative in vitro study",TAVPDM8D,exclude,True,True
Xie 等 - 2024 - Clinical evaluation of autonomous robotic-assisted full-arch implant surgery A 1-year prospective c.pdf,386.0,100.0,True,386.0,Clinical evaluation of autonomous robotic-assisted full-arch implant surgery: A 1-year prospective clinical study.,ECIFX957,exclude,True,True
Xie 等 - 2025 - Morphological comparison between artificial intelligence-driven and manual CAD design in single toot.pdf,2076.0,100.0,True,2076.0,Morphological comparison between artificial intelligence-driven and manual CAD design in single tooth restoration: a preliminary study,345A5AVQ,exclude,False,False
Xie 等 - 2025 - Tooth Motion Monitoring in Orthodontic Treatment by Mobile Device-Based Multi-View Stereo..pdf,2357.0,100.0,True,2357.0,Tooth Motion Monitoring in Orthodontic Treatment by Mobile Device-Based Multi-View Stereo,TH6PYK56,include,False,False
Xin Yue Tang 等 - 2025 - Effects of canine movement on maxillary anterior en-masse retraction with clear aligners a finite e.pdf,1486.0,100.0,True,1486.0,Effects of canine movement on maxillary anterior en-masse retraction with clear aligners: a finite element study,BLV4YE3S,include,True,True
Xing 等 - 2024 - Dental X-ray Segmentation and Auto Implant Design Based on Convolutional Neural Network.pdf,2297.0,100.0,True,2297.0,Dental X-ray Segmentation and Auto Implant Design Based on Convolutional Neural Network,Q5HUNS56,exclude,False,False
Xu 等 - 2022 - Computed Tomography Three-Dimensional Reconstruction Algorithm in the Diagnosis of Periodontitis and.pdf,1880.0,100.0,True,1880.0,Computed Tomography Three-Dimensional Reconstruction Algorithm in the Diagnosis of Periodontitis and Its Correlation with Hypertension,FLISDX7U,exclude,False,False
Xu 等 - 2022 - Estimation of coronary artery movement using a non-rigid registration with global-local structure pr.pdf,850.0,100.0,True,850.0,Estimation of coronary artery movement using a non-rigid registration with global-local structure preservation,SWW7KEJ8,exclude,False,False
Xu 等 - 2023 - FePSe3 ‐Nanosheets‐Integrated Cryogenic‐3D‐Printed Multifunctional Calcium Phosphate Scaf.pdf,543.0,100.0,True,543.0,FePSe(3) -Nanosheets-Integrated Cryogenic-3D-Printed Multifunctional Calcium Phosphate Scaffolds for Synergistic Therapy of Osteosarcoma.,CF4DWYCA,exclude,False,False
Xu 等 - 2025 - Structurally tuned drug release from hybrid manufactured tablets via overprinting and overmolding.pdf,1179.0,100.0,True,1179.0,Structurally tuned drug release from hybrid manufactured tablets via overprinting and overmolding,4EGT3E2C,exclude,False,False
Xu 等 - 2026 - 3D craniofacial generative model for surgical planning in mandibular reconstruction..pdf,60.0,100.0,True,60.0,3D craniofacial generative model for surgical planning in mandibular reconstruction.,E5ATG7MJ,include,False,False
Xu 等 - 2026 - Automatic prediction of depth of invasion in oral tongue squamous cell carcinoma using a multimodal.pdf,1396.0,100.0,True,1396.0,Automatic prediction of depth of invasion in oral tongue squamous cell carcinoma using a multimodal regression network fusing prior text and anatomical knowledge,Y5SI9D7I,include,False,False
Xu 等 - 2026 - pH-responsive polydopamine-coated mesoporous silica nanoplatform integrated into 3D-printed PLAnHA.pdf,1274.0,100.0,True,1274.0,pH-responsive polydopamine-coated mesoporous silica nanoplatform integrated into 3D-printed PLA/nHA scaffolds for synergistic bone regeneration,5Q98LR84,exclude,False,False
Yadav 等 - 2025 - Finite Element Analysis of Platform Switching Effects on Stress Distribution in Posterior Implants P.pdf,119.0,100.0,True,119.0,Finite Element Analysis of Platform Switching Effects on Stress Distribution in Posterior Implants Placed in Different Bone Types Under Axial and Oblique Loading Conditions.,FA6QRXQN,include,True,True
Yamada 等 - 2025 - Toward Quieter Dental Devices Transient CFD Simulation of Airflow and Noise in Air Turbine Handpiec.pdf,877.0,100.0,True,877.0,Toward Quieter Dental Devices: Transient CFD Simulation of Airflow and Noise in Air Turbine Handpieces,FUMHC8Y2,exclude,False,False
Yamada 等 - 2026 - Skin viscoelasticity as a predictor of optimal facial prosthesis design using 4D facial expression m.pdf,1446.0,100.0,True,1446.0,Skin viscoelasticity as a predictor of optimal facial prosthesis design using 4D facial expression modeling,NFEQYJAL,include,False,False
Yamaguchi 等 - 2024 - CAD-CAM resin composites Effective components for further development.pdf,1700.0,100.0,True,1700.0,CAD-CAM resin composites: Effective components for further development,A8D7MDVM,exclude,False,False
Yan 等 - 2023 - Learning Disentangled Features for Nerf-Based Face Reconstruction.pdf,2560.0,100.0,True,2560.0,Learning Disentangled Features for Nerf-Based Face Reconstruction,QNTVYNKA,exclude,False,False
Yang 等 - 2020 - Preparation of Porous Titanium Dental Implant by 3D PrintingComposite Coating and Its Biomechanical.pdf,976.0,100.0,True,976.0,Preparation of Porous Titanium Dental Implant by 3D Printing/Composite Coating and Its Biomechanical Properties and Flexural Strength,3CNP52WQ,exclude,False,False
Yang 等 - 2021 - Digital Duplication and 3D Printing for Implant Overdenture Fabrication.pdf,1771.0,100.0,True,1771.0,Digital Duplication and 3D Printing for Implant Overdenture Fabrication,Y2LB4NXX,exclude,True,True
Yang 等 - 2022 - A Customized Artificial Ear Based on Vibrotactile Feedback A Pilot Study.pdf,2537.0,100.0,True,2537.0,A Customized Artificial Ear Based on Vibrotactile Feedback: A Pilot Study,RVQ8W7LL,exclude,False,False
Yang 等 - 2022 - Development and Application of Digital Maxillofacial Surgery System Based on Mixed Reality Technolog.pdf,651.0,100.0,True,651.0,Development and Application of Digital Maxillofacial Surgery System Based on Mixed Reality Technology,2667PQ7L,include,False,False
Yang 等 - 2022 - From Transparent Cranial Windows to Multifunctional Smart Cranial Platforms.pdf,1759.0,100.0,True,1759.0,From Transparent Cranial Windows to Multifunctional Smart Cranial Platforms,UEURX7WW,exclude,False,False
Yang 等 - 2022 - Oral CT Image Processing Based on Oral CT Image Filtering Algorithm.pdf,974.0,100.0,True,974.0,Oral CT Image Processing Based on Oral CT Image Filtering Algorithm,J5XU7G3J,exclude,False,False
Yang 等 - 2024 - Modeling fracture in multilayered teeth using the finite volume-based phase field method.pdf,834.0,100.0,True,834.0,Modeling fracture in multilayered teeth using the finite volume-based phase field method,WBCEDXET,include,False,False
Yang 等 - 2025 - Clinical-oriented 3D visualization and quantitative analysis of gingival thickness using convolution.pdf,98.0,100.0,True,98.0,Clinical-oriented 3D visualization and quantitative analysis of gingival thickness using convolutional neural networks and CBCT.,L54V6DLZ,include,False,False
Yang 等 - 2025 - MVDC  A Multi-view Dental Completion Model Based on Contrastive Learning.pdf,2383.0,100.0,True,2383.0,MVDC : A Multi-view Dental Completion Model Based on Contrastive Learning,882UEMTA,exclude,False,False
Yang 等 - 2026 - CMVNet Centerline-guided multi-view network for continuous mandibular canal segmentation in CBCT.pdf,2213.0,100.0,True,2213.0,CMVNet: Centerline-guided multi-view network for continuous mandibular canal segmentation in CBCT,DMBNYJGJ,exclude,False,False
Yang和Cheng - 2025 - Force-Driven Model for Automated Clear Aligner Staging Design Based on Stepwise Tooth Displacement a.pdf,866.0,100.0,True,866.0,Force-Driven Model for Automated Clear Aligner Staging Design Based on Stepwise Tooth Displacement and Rotation in 3D Space,7SPMCGS2,exclude,False,False
Yao 等 - 2022 - A robust registration algorithm based on salient object detection.pdf,1265.0,100.0,True,1265.0,A robust registration algorithm based on salient object detection,HIGYUZZD,exclude,False,False
Yap Abdullah 等 - 2024 - Three-dimensional analysis of reconstructed skulls using three different open-source software versus.pdf,1677.0,100.0,True,1677.0,Three-dimensional analysis of reconstructed skulls using three different open-source software versus commercial software,VEG8UPY6,include,True,True
Yaseen - 2025 - Real-Time Face Gesture-Based Robot Control Using GhostNet in a Unity Simulation Environment..pdf,172.0,100.0,True,172.0,Real-Time Face Gesture-Based Robot Control Using GhostNet in a Unity Simulation Environment.,YWCYTVI5,exclude,False,False
Yasemin Nur Korkmaz和Semiha Arslan - 2021 - Transfer accuracy of four different lingual retainer transfer methods using digital orthodontic mode.pdf,1167.0,100.0,True,1167.0,Transfer accuracy of four different lingual retainer transfer methods using digital orthodontic models: An in vivo comparative study,AUHQYKM6,exclude,True,True
Yavalkar 等 - 2025 - SmartDent AIAI-Driven Diagnosis and Treatment Solutions.pdf,2398.0,100.0,True,2398.0,SmartDent AI:AI-Driven Diagnosis and Treatment Solutions,EZ79TJS5,exclude,False,False
Yavas 等 - 2025 - A rare case of LORICRIN gene c.684dup mutation associated with Vohwinkel syndrome in a Turkish patie.pdf,1778.0,100.0,True,1778.0,"A rare case of LORICRIN gene c.684dup mutation associated with Vohwinkel syndrome in a Turkish patient, in silico analysis and literature review",7XXVP386,exclude,False,False
Yemenoglu 等 - 2025 - Evaluation of prostheses retained zygomatic and dental implants in large defects in the maxilla due.pdf,134.0,100.0,True,134.0,Evaluation of prostheses retained zygomatic and dental implants in large defects in the maxilla due to tumors or major trauma by biomechanical 3- dimensional finite element analysis.,4SAG92EI,include,True,True
Yeonju Lee 等 - 2025 - Oral-Anatomical Knowledge-Informed Semi-Supervised Learning for 3D Dental CBCT Segmentation and Lesi.pdf,2322.0,100.0,True,2322.0,Oral-Anatomical Knowledge-Informed Semi-Supervised Learning for 3D Dental CBCT Segmentation and Lesion Detection,HCE22CUF,exclude,False,False
Yeshua 等 - 2023 - Deep learning for detection and 3D segmentation of maxillofacial bone lesions in cone beam CT.pdf,2247.0,100.0,True,2247.0,Deep learning for detection and 3D segmentation of maxillofacial bone lesions in cone beam CT,6QR3JDFT,include,False,False
Yeşim Deniz 等 - 2024 - Comparison of CBCT radiation doses with conventional radiographs in TMJ imaging using Monte Carlo si.pdf,1039.0,100.0,True,1039.0,Comparison of CBCT radiation doses with conventional radiographs in TMJ imaging using Monte Carlo simulations,2YP4TDQT,exclude,False,False
Yi 等 - 2025 - Physics-Driven Computational Multispectral Imaging for Accurate Color Measurement..pdf,1534.0,100.0,True,1534.0,Physics-Driven Computational Multispectral Imaging for Accurate Color Measurement,WQ43MFDP,unsure,False,False
Yi-Cheng Lai 等 - 2023 - The effects of additive manufacturing technologies and finish line designs on the trueness and dimen.pdf,2229.0,100.0,True,2229.0,The effects of additive manufacturing technologies and finish line designs on the trueness and dimensional stability of 3D-printed dies,K82RU7NF,include,False,False
Yibo Wang 等 - 2025 - Orthodontic treatment improves gingival morphological symmetry parameters a retrospective study.pdf,1795.0,100.0,True,1795.0,Orthodontic treatment improves gingival morphological symmetry parameters: a retrospective study,S4H5JVW3,include,True,True
Yilmaz 等 - 2023 - Effect of industrial scanner and framework material interaction on the marginal gaps of CAD-CAM comp.pdf,874.0,100.0,True,874.0,Effect of industrial scanner and framework material interaction on the marginal gaps of CAD-CAM complete arch implant frameworks,YUDAP2TL,include,False,False
Yimarj 等 - 2020 - Comparison of the accuracy of implant position for two-implants supported fixed dental prosthesis us.pdf,257.0,100.0,True,257.0,Comparison of the accuracy of implant position for two-implants supported fixed dental prosthesis using static and dynamic computer-assisted implant surgery: A randomized controlled clinical trial.,D4M6PMD4,exclude,False,False
Yiğit 等 - 2026 - Effect of framework material and gyroid lattice design on the biomechanics of all-on-four full-arch.pdf,109.0,100.0,True,109.0,Effect of framework material and gyroid lattice design on the biomechanics of all-on-four full-arch prostheses.,9D6677BV,include,False,False
"Yolal 等 - 2026 - Biomechanical evaluation of All-on-4, M-4, V-4, and zygomatic implant concepts in the rehabilitation.pdf",423.0,100.0,True,423.0,"Biomechanical evaluation of All-on-4, M-4, V-4, and zygomatic implant concepts in the rehabilitation of the atrophic maxilla: a finite element analysis.",X2XYASLM,include,True,True
Yomtako 等 - 2024 - Differentiation of radicular cysts and radicular granulomas via texture analysis of multi-slice comp.pdf,1266.0,100.0,True,1266.0,Differentiation of radicular cysts and radicular granulomas via texture analysis of multi-slice computed tomography images,J78F7I8I,include,True,True
Yonemitsu 等 - 2025 - Development of automatic landmark identification for mandible using curvature-based registration.pdf,1436.0,100.0,True,1436.0,Development of automatic landmark identification for mandible using curvature-based registration,RSDDM8EI,include,True,True
Yoon 等 - 2021 - Digital image correlation in dental materials and related research A review..pdf,1453.0,100.0,True,1453.0,Digital image correlation in dental materials and related research: A review,5DBUDE5I,exclude,False,False
Yoon 等 - 2024 - Clinical evaluation of a one-piece polyetheretherketone removable partial denture fabricated using a.pdf,996.0,100.0,True,996.0,Clinical evaluation of a one-piece polyetheretherketone removable partial denture fabricated using a novel digital workflow: A self-controlled clinical trial,D9FTATP8,exclude,False,False
Yoon 等 - 2024 - Patient-Specific Implant Customization for Treatment of Internal Orbital Fractures Using Office-Base.pdf,38.0,100.0,True,38.0,Patient-Specific Implant Customization for Treatment of Internal Orbital Fractures Using Office-Based Three-Dimensional Printing.,Z2SBK7IA,exclude,True,True
Yoon 等 - 2025 - Comparison of the accuracy of removable partial denture frameworks fabricated using conventional and.pdf,1514.0,100.0,True,1514.0,Comparison of the accuracy of removable partial denture frameworks fabricated using conventional and digital impressions: a clinical study,37R7W5UU,exclude,False,False
Yotpibulwong 等 - 2023 - Accuracy of implant placement with a combined use of static and dynamic computer-assisted implant su.pdf,227.0,100.0,True,227.0,Accuracy of implant placement with a combined use of static and dynamic computer-assisted implant surgery in single tooth space: A randomized controlled trial.,UYNICMWQ,exclude,False,False
Yousof 等 - 2023 - A Case Report of Zygomatic Fracture Reconstruction Evaluation with Orbital Measurements and Models.pdf,1191.0,100.0,True,1191.0,A Case Report of Zygomatic Fracture Reconstruction: Evaluation with Orbital Measurements and Models Registration,PKILU3V6,include,True,True
Youssef 等 - 2026 - Restoring Mandibular Anatomy After Complex Trauma Clinical Applications of a Statistical Shape Mode.pdf,809.0,100.0,True,809.0,Restoring Mandibular Anatomy After Complex Trauma: Clinical Applications of a Statistical Shape Model,ED4NLMLY,include,True,True
Yu 等 - 2023 - A Benchmark Dual-Modality Dental Imaging Dataset and a Novel Cognitively Inspired Pipeline for High-.pdf,1726.0,100.0,True,1726.0,A Benchmark Dual-Modality Dental Imaging Dataset and a Novel Cognitively Inspired Pipeline for High-Resolution Dental Point Cloud Synthesis,SGT6ZTK7,exclude,False,False
Yu 等 - 2023 - Accuracy assessment of dynamic navigation during implant placement A systematic review and meta-ana.pdf,412.0,100.0,True,412.0,Accuracy assessment of dynamic navigation during implant placement: A systematic review and meta-analysis of clinical studies in the last 10 years.,3KAXK8L7,exclude,False,False
"Yu 等 - 2023 - Biomechanical Analysis of Different Framework Design, Framework Material and Bone Density in the Ede.pdf",1872.0,100.0,True,1872.0,"Biomechanical Analysis of Different Framework Design, Framework Material and Bone Density in the Edentulous Mandible With Fixed Implant-Supported Prostheses: A Three-Dimensional Finite Element Study",EGCD2BWK,include,True,True
Yu 等 - 2024 - 3D superimposition of human dentition contours in personal identification A preliminary study.pdf,2127.0,100.0,True,2127.0,3D superimposition of human dentition contours in personal identification: A preliminary study,T7FYF6BP,unsure,True,True
Yu 等 - 2024 - Deep learning-based automated diagnosis of temporomandibular joint anterior disc displacement and it.pdf,1162.0,100.0,True,1162.0,Deep learning-based automated diagnosis of temporomandibular joint anterior disc displacement and its clinical application,4BUYS2B2,exclude,False,False
Yu 等 - 2024 - Initial implementation of surgical guide design utilizing digital medicine for lateral orbital decom.pdf,1522.0,100.0,True,1522.0,Initial implementation of surgical guide design utilizing digital medicine for lateral orbital decompression surgery,3TBNKUQA,include,True,True
Yuan 等 - 2020 - Tooth segmentation and gingival tissue deformation framework for 3D orthodontic treatment planning a.pdf,2096.0,100.0,True,2096.0,Tooth segmentation and gingival tissue deformation framework for 3D orthodontic treatment planning and evaluating,UCAQGWW6,exclude,False,False
Yuan 等 - 2021 - Example-guided 3D Human Face Reconstruction from Sparse Landmarks.pdf,2396.0,100.0,True,2396.0,Example-guided 3D Human Face Reconstruction from Sparse Landmarks,ER92BPSX,exclude,False,False
Yuan 等 - 2021 - Watertight 2-manifold 3D bone surface model reconstruction from CT images based on visual hyper-sphe.pdf,1973.0,100.0,True,1973.0,Watertight 2-manifold 3D bone surface model reconstruction from CT images based on visual hyper-spherical mapping,4ZXJMZHN,unsure,False,False
Yuan 等 - 2024 - Reduced graphene oxide loaded with tetrahedral framework nucleic acids for combating orthodontically.pdf,1533.0,100.0,True,1533.0,Reduced graphene oxide loaded with tetrahedral framework nucleic acids for combating orthodontically induced root resorption,6LPJ3GYL,exclude,False,False
Yuan 等 - 2025 - Enhanced Osteogenic Differentiation of hMSCs Using BMP@ZIF-8-Loaded GelMA Nanocomposite Hydrogels wi.pdf,620.0,100.0,True,620.0,Enhanced Osteogenic Differentiation of hMSCs Using BMP@ZIF-8-Loaded GelMA Nanocomposite Hydrogels with Controlled BMP-2 Release.,96RWRVSA,exclude,False,False
Zainb 等 - 2026 - Beyond silencing integrative multi-omics and spatial profiling unravel the systems-level role of pi.pdf,1997.0,100.0,True,1997.0,Beyond silencing: integrative multi-omics and spatial profiling unravel the systems-level role of piRNAs in HBV-driven Hepatocarcinogenesis,I7M67463,exclude,False,False
Zainuddin 等 - 2025 - Visualizing physiological sclerotic dentin via micro-computed tomography A pilot study..pdf,64.0,100.0,True,64.0,Visualizing physiological sclerotic dentin via micro-computed tomography: A pilot study.,JFGG5SRB,include,False,False
Zamani 等 - 2022 - Distributed Force Measurement and Mapping Using Pressure-Sensitive Film and Image Processing for Act.pdf,2307.0,100.0,True,2307.0,Distributed Force Measurement and Mapping Using Pressure-Sensitive Film and Image Processing for Active and Passive Aligners on Orthodontic Attachments,9YS9C7RQ,include,False,False
Zan 等 - 2025 - Analysis of Craniomaxillofacial Malformations in Mice Using Three-dimensional Microcomputed Tomograp.pdf,1862.0,100.0,True,1862.0,Analysis of Craniomaxillofacial Malformations in Mice Using Three-dimensional Microcomputed Tomography,CH3DKDRH,exclude,False,False
Zanchi 等 - 2024 - Optimized placement of sensor networks by machine learning for microclimate evaluation.pdf,1988.0,100.0,True,1988.0,Optimized placement of sensor networks by machine learning for microclimate evaluation,YTNVC9S6,exclude,False,False
Zecca 等 - 2025 - An open-source AI tool for predicting cephalometric measurements from clinical data and photographic.pdf,1621.0,100.0,True,1621.0,An open-source AI tool for predicting cephalometric measurements from clinical data and photographic images,GMX68ZMT,include,False,False
Zeng 等 - 2024 - Face Expression Recognition Method Based on Mamba and Different Facial Regions.pdf,2482.0,100.0,True,2482.0,Face Expression Recognition Method Based on Mamba and Different Facial Regions,IMP22A3J,exclude,False,False
Zhang - 2025 - Construction of Immersive English Listening and Speaking Training Platform in Virtual Reality Enviro.pdf,2458.0,100.0,True,2458.0,Construction of Immersive English Listening and Speaking Training Platform in Virtual Reality Environment and Its Effect Evaluation System,JHPJM7BR,exclude,False,False
Zhang 等 - 2020 - An End-to-End Segmentation Network for the Temporomandibular Joints CBCT Image based on 3D U-Net.pdf,2313.0,100.0,True,2313.0,An End-to-End Segmentation Network for the Temporomandibular Joints CBCT Image based on 3D U-Net,NPUVHBWP,exclude,False,False
Zhang 等 - 2021 - Digital fabrication of removable partial dentures made of titanium alloy and zirconium silicate micr.pdf,757.0,100.0,True,757.0,Digital fabrication of removable partial dentures made of titanium alloy and zirconium silicate micro-ceramic using a combination of additive and subtractive manufacturing technologies,N6QYS54F,exclude,True,True
Zhang 等 - 2021 - Root Canal Segmentation in CBCT Images by 3D U-Net with Global and Local Combination Loss..pdf,42.0,100.0,True,42.0,Root Canal Segmentation in CBCT Images by 3D U-Net with Global and Local Combination Loss.,V57RMVGL,exclude,False,False
Zhang 等 - 2021 - US-guided percutaneous microwave ablation (MWA) of submandibular gland A new minimal invasive and e.pdf,393.0,100.0,True,393.0,US-guided percutaneous microwave ablation (MWA) of submandibular gland: A new minimal invasive and effective treatment for refractory sialorrhea and treatment response evaluation with contrast-enhanced imaging techniques.,TRUZ9T77,exclude,False,False
Zhang 等 - 2022 - Effect of the prosthetic index on stress distribution in Morse taper connection implant system and p.pdf,2192.0,100.0,True,2192.0,Effect of the prosthetic index on stress distribution in Morse taper connection implant system and peri-implant bone: a 3D finite element analysis,AGL676NH,include,True,True
Zhang 等 - 2022 - Morphological changes of the root apex in anterior teeth with periapical periodontitis an in-vivo s.pdf,742.0,100.0,True,742.0,Morphological changes of the root apex in anterior teeth with periapical periodontitis: an in-vivo study,HVIZBRYA,include,True,True
Zhang 等 - 2023 - Deep learning-based prediction of mandibular growth trend in children with anterior crossbite using.pdf,1432.0,100.0,True,1432.0,Deep learning-based prediction of mandibular growth trend in children with anterior crossbite using cephalometric radiographs,NPX3F9WI,exclude,False,False
Zhang 等 - 2023 - Improved 3D U-Net Model for Precise Brain Hematoma Segmentation and Volume Measurement.pdf,2385.0,100.0,True,2385.0,Improved 3D U-Net Model for Precise Brain Hematoma Segmentation and Volume Measurement,V42G92V5,exclude,False,False
Zhang 等 - 2023 - Intelligent geometry compensation for additive manufactured oral maxillary stent by genetic algorith.pdf,1590.0,100.0,True,1590.0,Intelligent geometry compensation for additive manufactured oral maxillary stent by genetic algorithm and backpropagation network,QHUP7V97,include,False,False
Zhang 等 - 2023 - Intrinsic antibacterial and osteoinductive sterosomes promote infected bone healing.pdf,1978.0,100.0,True,1978.0,Intrinsic antibacterial and osteoinductive sterosomes promote infected bone healing,SHXEUBB9,exclude,False,False
Zhang 等 - 2023 - Machine learning in 3D auto-filling alveolar cleft of CT images to assess the influence of alveolar.pdf,1228.0,100.0,True,1228.0,Machine learning in 3D auto-filling alveolar cleft of CT images to assess the influence of alveolar bone grafting on the development of maxilla,7IZQ956D,include,True,True
Zhang 等 - 2023 - Mapping the Response of Human Osteocytes in Native Matrix to Mechanical Loading Using RNA Sequencing-1.pdf,622.0,100.0,True,622.0,Mapping the Response of Human Osteocytes in Native Matrix to Mechanical Loading Using RNA Sequencing.,NPSWWC9K,exclude,False,False
Zhang 等 - 2023 - Mapping the Response of Human Osteocytes in Native Matrix to Mechanical Loading Using RNA Sequencing.pdf,622.0,100.0,True,622.0,Mapping the Response of Human Osteocytes in Native Matrix to Mechanical Loading Using RNA Sequencing.,NPSWWC9K,exclude,False,False
Zhang 等 - 2024 - Complex Fusion Structure Slow Dissociation Simulation Prediction Method.pdf,2471.0,100.0,True,2471.0,Complex Fusion Structure Slow Dissociation Simulation Prediction Method,7FH92JB4,exclude,False,False
Zhang 等 - 2024 - Craniomaxillofacial Bone Segmentation and Landmark Detection Using Semantic Segmentation Networks an.pdf,2466.0,100.0,True,2466.0,Craniomaxillofacial Bone Segmentation and Landmark Detection Using Semantic Segmentation Networks and an Unbiased Heatmap,7GZC9JZE,include,False,False
Zhang 等 - 2024 - Evaluation of CBCT reconstructed tooth models at different thresholds and voxels and their accuracy.pdf,96.0,100.0,True,96.0,Evaluation of CBCT reconstructed tooth models at different thresholds and voxels and their accuracy in fusion with IOS data: an in vitro validation study.,QD7MIRSD,include,True,True
Zhang 等 - 2024 - Generating Tooth Organoids Using Defined Bioorthogonally Cross-Linked Hydrogels..pdf,1626.0,100.0,True,1626.0,Generating Tooth Organoids Using Defined Bioorthogonally Cross-Linked Hydrogels,Y3KDF7PV,exclude,False,False
Zhang 等 - 2024 - Generating Tooth Organoids Using Defined Bioorthogonally Cross-Linked Hydrogels.pdf,1626.0,100.0,True,1626.0,Generating Tooth Organoids Using Defined Bioorthogonally Cross-Linked Hydrogels,Y3KDF7PV,exclude,False,False
Zhang 等 - 2024 - Video-based craniomaxillofacial disease screening system.pdf,867.0,100.0,True,867.0,Video-based craniomaxillofacial disease screening system,TYPEDT2Z,unsure,False,False
Zhang 等 - 2025 - 3D Face Geometry Enhancement A Self-Supervised Framework.pdf,2403.0,100.0,True,2403.0,3D Face Geometry Enhancement: A Self-Supervised Framework,7GXKSU8K,exclude,False,False
Zhang 等 - 2025 - 3DCMM 3D Comprehensive Morphable Models With UV-UNet for Accurate Head Creation.pdf,2367.0,100.0,True,2367.0,3DCMM: 3D Comprehensive Morphable Models With UV-UNet for Accurate Head Creation,ANNASBNI,exclude,False,False
Zhang 等 - 2025 - ArchMap Arch-Flattening and Knowledge-Guided Vision Language Model for Tooth Counting and Structure.pdf,2378.0,100.0,True,2378.0,ArchMap: Arch-Flattening and Knowledge-Guided Vision Language Model for Tooth Counting and Structured Dental Understanding,GFZ3RVCT,exclude,False,False
Zhang 等 - 2025 - Continuous Bijection Supervised Pyramid Diffeomorphic Deformation for Learning Tooth Meshes From CBC.pdf,2432.0,100.0,True,2432.0,Continuous Bijection Supervised Pyramid Diffeomorphic Deformation for Learning Tooth Meshes From CBCT Images,HQDWHX32,include,False,False
Zhang 等 - 2025 - Development of multi-physics calculation method in lead cooled fast reactor code system MOSASAUR.pdf,853.0,100.0,True,853.0,Development of multi-physics calculation method in lead cooled fast reactor code system MOSASAUR,56EZEDCR,exclude,False,False
Zhang 等 - 2025 - Flame-made nanoparticles for magnetic hyperthermia and MRI in colorectal cancer theranostics.pdf,1869.0,100.0,True,1869.0,Flame-made nanoparticles for magnetic hyperthermia and MRI in colorectal cancer theranostics,8FPRU8TV,exclude,False,False
Zhang 等 - 2025 - TCFNet Bidirectional face-bone transformation via a Transformer-based coarse-to-fine point movement.pdf,66.0,100.0,True,66.0,TCFNet: Bidirectional face-bone transformation via a Transformer-based coarse-to-fine point movement network.,8PBRU82N,exclude,False,False
Zhang 等 - 2026 - A Smart Projective Imaging and Navigation System for Oral and Maxillofacial Surgery..pdf,2318.0,100.0,True,2318.0,A Smart Projective Imaging and Navigation System for Oral and Maxillofacial Surgery,EW9LCFMA,include,False,False
Zhang 等 - 2026 - Comparison of Three Automated Measurements of Ventricular Volumes of the Brain..pdf,312.0,100.0,True,312.0,Comparison of Three Automated Measurements of Ventricular Volumes of the Brain.,XHU4USIM,exclude,False,False
Zhang 等 - 2026 - Interpretable two-stage deep learning for pediatric obstructive sleep apnea diagnosis using lateral.pdf,1580.0,100.0,True,1580.0,Interpretable two-stage deep learning for pediatric obstructive sleep apnea diagnosis using lateral cephalograms,7XYUKH88,unsure,False,False
Zhang 等 - 2026 - TAPSeg An open-source deep learning tool for instance-level tooth and pulp segmentation in CBCT..pdf,115.0,100.0,True,115.0,TAPSeg: An open-source deep learning tool for instance-level tooth and pulp segmentation in CBCT.,ZMGIR34S,include,True,True
Zhang 等 - Scanning Accuracy of 10 Intraoral Scanners for Single-crown and Three-unit Fixed Denture Preparation.pdf,62.0,97.17514124293785,True,62.0,Scanning Accuracy of 10 Intraoral Scanners for Single-crown and Three-unit Fixed Denture Preparations: An In Vitro Study.,SCPVCH8P,exclude,True,True
Zhang和Zhong - 2023 - 3D Dental Biometrics Transformer-based Dental Arch Extraction and Matching.pdf,2309.0,100.0,True,2309.0,3D Dental Biometrics: Transformer-based Dental Arch Extraction and Matching,GHBMTCSZ,include,False,False
Zhao 等 - 2022 - A Point-Based Neural Network for Real-Scenario Deformation Prediction in Additive Manufacturing.pdf,2386.0,100.0,True,2386.0,A Point-Based Neural Network for Real-Scenario Deformation Prediction in Additive Manufacturing,ARZKEJSM,exclude,False,False
Zhao 等 - 2022 - Cone-Beam Computed Tomography Image Features under Intelligent Three-Dimensional Reconstruction Algo.pdf,646.0,100.0,True,646.0,Cone-Beam Computed Tomography Image Features under Intelligent Three-Dimensional Reconstruction Algorithm in the Evaluation of Intraoperative and Postoperative Curative Effect of Dental Pulp Disease Using Root Canal Therapy,WBXSL778,exclude,False,False
Zhao 等 - 2022 - Evaluation of the stability of the palatal rugae using the three-dimensional superimposition techniq.pdf,1833.0,86.66666666666667,True,1833.0,Evaluation of the stability of the palatal rugae using the three-dimensional orthodontic treatment,IUQMK852,include,False,False
Zhao 等 - 2023 - 3-dimensional analysis of hard- and soft-tissue symmetry in a Chinese population..pdf,18.0,100.0,True,18.0,3-dimensional analysis of hard- and soft-tissue symmetry in a Chinese population.,QV9TASMT,include,True,True
Zhao 等 - 2023 - Cadaveric Study and Micro-Computed Tomography of the Anatomy of Palatine Aponeurosis and its Link to.pdf,368.0,100.0,True,368.0,Cadaveric Study and Micro-Computed Tomography of the Anatomy of Palatine Aponeurosis and its Link to the Soft Palate Muscles and Pharyngeal Muscles.,GCV6RFJL,include,True,True
Zhao 等 - 2023 - Effect of the number and distribution of fiducial markers on the accuracy of robot-guided implant su.pdf,356.0,100.0,True,356.0,Effect of the number and distribution of fiducial markers on the accuracy of robot-guided implant surgery in edentulous mandibular arches: An in vitro study.,E39JLY9S,exclude,True,True
Zhao 等 - 2024 - A Systematic Study of Oral Clinical Therapy Based on Computer 3D Modeling Technology.pdf,2290.0,100.0,True,2290.0,A Systematic Study of Oral Clinical Therapy Based on Computer 3D Modeling Technology,I7X6LX6Z,exclude,False,False
Zhao 等 - 2024 - Enlarge the Error Prediction Dataset in 3-D Printing An Unsupervised Dental Crown Mesh Generator.pdf,2474.0,100.0,True,2474.0,Enlarge the Error Prediction Dataset in 3-D Printing: An Unsupervised Dental Crown Mesh Generator,96FVBXB8,exclude,False,False
Zhao 等 - 2024 - Few sampling meshes-based 3D tooth segmentation via region-aware graph convolutional network.pdf,2198.0,100.0,True,2198.0,Few sampling meshes-based 3D tooth segmentation via region-aware graph convolutional network,R74WTZGY,exclude,False,False
Zhao 等 - 2024 - FM-3DFR Facial Manipulation-Based 3-D Face Reconstruction.pdf,2444.0,100.0,True,2444.0,FM-3DFR: Facial Manipulation-Based 3-D Face Reconstruction,N2EG2QIJ,exclude,False,False
Zhao 等 - 2024 - Suitability and Trueness of the Removable Partial Denture Framework Fabricating by Polyether Ether K.pdf,692.0,100.0,True,692.0,Suitability and Trueness of the Removable Partial Denture Framework Fabricating by Polyether Ether Ketone with CAD-CAM Technology,46W9JXVL,exclude,False,False
Zhao 等 - 2025 - Iteration of Tumor Organoids in Drug Development Simplification and Integration.pdf,1305.0,100.0,True,1305.0,Iteration of Tumor Organoids in Drug Development: Simplification and Integration,R9QBMTFF,exclude,False,False
Zhao 等 - 2025 - Material-discriminating chromatic X-ray stationary intraoral computed tomography technology.pdf,1377.0,100.0,True,1377.0,Material-discriminating chromatic X-ray stationary intraoral computed tomography technology,T5ULN7W4,exclude,False,False
Zhao 等 - 2025 - Oriented tooth detection a CBCT image processing method integrated with RoI transformer..pdf,53.0,100.0,True,53.0,Oriented tooth detection: a CBCT image processing method integrated with RoI?transformer.,VPPTRWXZ,exclude,False,False
Zhao 等 - 2025 - Oriented tooth detection a CBCT image processing method integrated with RoI transformer.pdf,53.0,100.0,True,53.0,Oriented tooth detection: a CBCT image processing method integrated with RoI?transformer.,VPPTRWXZ,exclude,False,False
Zhao 等 - 2025 - Precision-optimized process control in DLP printing of ultra-thin zirconia prostheses A multi-facto.pdf,1524.0,100.0,True,1524.0,Precision-optimized process control in DLP printing of ultra-thin zirconia prostheses: A multi-factor accuracy analysis,BTIMYQVX,exclude,False,False
Zhao 等 - 2026 - LDFSAM Localization Distillation-Enhanced Feature Prompting SAM for Medical Image Segmentation..pdf,340.0,100.0,True,340.0,LDFSAM: Localization Distillation-Enhanced Feature Prompting SAM for Medical Image Segmentation.,82PIARU2,exclude,False,False
Zheng 等 - 2022 - A TMPS-designed personalized mandibular scaffolds with optimized SLA parameters and mechanical prope.pdf,1164.0,100.0,True,1164.0,A TMPS-designed personalized mandibular scaffolds with optimized SLA parameters and mechanical properties,HPU3KI8B,include,False,False
Zheng 等 - 2022 - An innovative additively manufactured implant for mandibular injuries Design and preparation proces.pdf,398.0,100.0,True,398.0,An innovative additively manufactured implant for mandibular injuries: Design and preparation processes based on simulation model.,3UIJFW4V,include,True,True
Zheng 等 - 2024 - Refined Individual Tooth Segmentation from Cone Beam CT Images.pdf,2405.0,100.0,True,2405.0,Refined Individual Tooth Segmentation from Cone Beam CT Images,EEDABI9Y,exclude,False,False
Zheng 等 - 2024 - Three-dimensional evaluation of maxillofacial symmetry improvement following orthognathic surgery in.pdf,510.0,100.0,True,510.0,Three-dimensional evaluation of maxillofacial symmetry improvement following orthognathic surgery in patients with asymmetrical jaw deformities.,TIDGASTP,exclude,False,False
Zheng 等 - 2025 - Simultaneous Reconstruction and Tracking for Motion Correction in Image Guided Surgery.pdf,2381.0,100.0,True,2381.0,Simultaneous Reconstruction and Tracking for Motion Correction in Image Guided Surgery,IIUX7N4E,exclude,False,False
Zheng 等 - 2026 - A finite element analysis of a dental implant with a conformal lattice structure a parametric explo.pdf,128.0,100.0,True,128.0,A finite element analysis of a dental implant with a conformal lattice structure: a parametric exploration under occlusal loading.,DTQPUFEH,include,False,False
Zhivago 等 - 2022 - A comprehensive technique using digital workflow to improve an unpleasant smile A clinical report.pdf,58.0,100.0,True,58.0,A comprehensive technique using digital workflow to improve an unpleasant smile: A clinical report.,YALN4286,include,True,True
Zhong 等 - 2020 - 3D printing of metal-organic framework incorporated porous scaffolds to promote osteogenic different.pdf,1244.0,100.0,True,1244.0,3D printing of metal-organic framework incorporated porous scaffolds to promote osteogenic differentiation and bone regeneration,4FBLMYQK,exclude,False,False
Zhong 等 - 2021 - Microstructural heterogeneity of the collagenous network in the loaded and unloaded periodontal liga.pdf,1509.0,100.0,True,1509.0,Microstructural heterogeneity of the collagenous network in the loaded and unloaded periodontal ligament and its biomechanical implications,JJD2I8Q6,exclude,False,False
Zhong 等 - 2022 - A resource sharing approach for PSS-enabled additive manufacturing platform.pdf,2073.0,100.0,True,2073.0,A resource sharing approach for PSS-enabled additive manufacturing platform,MT46QW8Q,exclude,False,False
Zhong 等 - 2024 - Surgical performance of dental students using computer‐assisted dynamic navigation and freehand appr.pdf,339.0,100.0,True,339.0,Surgical performance of dental students using computer-assisted dynamic navigation and freehand approaches.,XTJBTC8L,exclude,False,False
Zhong和Zhang - 2021 - 3D Dental Biometrics Automatic Pose-invariant Dental Arch Extraction and Matching.pdf,2346.0,100.0,True,2346.0,3D Dental Biometrics: Automatic Pose-invariant Dental Arch Extraction and Matching,VHPL5MDY,exclude,False,False
Zhou 等 - 2024 - Accuracy of implant abutment level digital impressions using stereophotogrammetry in edentulous jaws.pdf,1800.0,100.0,True,1800.0,Accuracy of implant abutment level digital impressions using stereophotogrammetry in edentulous jaws: an in vitro pilot study,CM7FEBXL,include,True,True
Zhou 等 - 2024 - Creating a 3D diagnostic cast with realistic tooth shade and translucency using an open source nonde.pdf,2072.0,100.0,True,2072.0,Creating a 3D diagnostic cast with realistic tooth shade and translucency using an open source nondental CAD software program: A dental technique,JJVILXDI,include,True,True
Zhou 等 - 2024 - Digital Dental Biometrics for Human Identification Based on Automated 3D Point Cloud Feature Extract.pdf,1948.0,100.0,True,1948.0,Digital Dental Biometrics for Human Identification Based on Automated 3D Point Cloud Feature Extraction and Registration,QY8WZNYX,include,False,False
Zhou 等 - 2025 - A deep learning framework for automated dental segmentation and diagnostic report generation from co.pdf,2068.0,100.0,True,2068.0,A deep learning framework for automated dental segmentation and diagnostic report generation from cone-beam computed tomography,4BR99TM2,exclude,False,False
Zhou 等 - 2025 - An open deep learning-based framework and model for tooth instance segmentation in dental CBCT.pdf,1894.0,100.0,True,1894.0,An open deep learning-based framework and model for tooth instance segmentation in dental CBCT,MXANGCGS,include,True,True
Zhu - 2025 - Design and Development of Hybrid Artificial Intelligence-Enabled Virtual Reality for Digital Inherit.pdf,2425.0,100.0,True,2425.0,Design and Development of Hybrid Artificial Intelligence-Enabled Virtual Reality for Digital Inheritance and Protection of Intangible Cultural Heritage,RUNVK5DH,exclude,False,False
Zhu 等 - 2020 - A novel method for 3D face symmetry reference plane based on weighted Procrustes analysis algorithm..pdf,522.0,100.0,True,522.0,A novel method for 3D face symmetry reference plane based on weighted Procrustes analysis algorithm.,R67KEMQQ,include,True,True
Zhu 等 - 2021 - Two-Way MR-Forest Based Growing Path Classification for Malignancy Estimation of Pulmonary Nodules.pdf,1970.0,100.0,True,1970.0,Two-Way MR-Forest Based Growing Path Classification for Malignancy Estimation of Pulmonary Nodules,PNCAU4SQ,exclude,False,False
Zhu 等 - 2021 - “Three‐in‐one” patient‐specific surgical guides for simultaneous dental implants in fibula flap jaw.pdf,1129.0,100.0,True,1129.0,“Three-in-one” patient-specific surgical guides for simultaneous dental implants in fibula flap jaw reconstruction: A prospective case series,4H956ZKF,include,True,True
Zhu 等 - 2022 - A mathematical algorithm of the facial symmetry plane Application to mandibular deformity 3D facial.pdf,899.0,100.0,True,899.0,A mathematical algorithm of the facial symmetry plane: Application to mandibular deformity 3D facial data,VK8QS8J5,include,True,True
Zhu 等 - 2022 - A Review of Three-Dimensional Facial Asymmetry Analysis Methods.pdf,641.0,100.0,True,641.0,A Review of Three-Dimensional Facial Asymmetry Analysis Methods,JYUV2HQ3,exclude,False,False
Zhu 等 - 2023 - FaceScape 3D Facial Dataset and Benchmark for Single-View 3D Face Reconstruction.pdf,2342.0,100.0,True,2342.0,FaceScape: 3D Facial Dataset and Benchmark for Single-View 3D Face Reconstruction,V76TVNA8,exclude,False,False
Zhu 等 - 2024 - Automatic three-dimensional facial symmetry reference plane construction based on facial planar refl.pdf,813.0,100.0,True,813.0,Automatic three-dimensional facial symmetry reference plane construction based on facial planar reflective symmetry net,M7P5EH6Q,include,False,False
Zhu 等 - 2025 - A New Mesoscopic Parameter Inverse Analysis Method of Hydraulic Concrete Based on the SVR-HGWO Intel.pdf,508.0,100.0,True,508.0,A New Mesoscopic Parameter Inverse Analysis Method of Hydraulic Concrete Based on the SVR-HGWO Intelligent Algorithm.,JGJ3BDPX,exclude,False,False
Zhu 等 - 2025 - Biomechanical considerations in RPD design application and perspective of finite element method in.pdf,83.0,100.0,True,83.0,Biomechanical considerations in RPD design: application and perspective of finite element method in distal extension removable partial denture rehabilitation.,REDS4QVI,exclude,False,False
Zhu 等 - 2025 - Clinical efficacy of maxillary digital removable partial dentures based on direct intraoral scanning.pdf,1380.0,100.0,True,1380.0,Clinical efficacy of maxillary digital removable partial dentures based on direct intraoral scanning and selective laser melting technology: a double-blind randomized controlled crossover clinical trial,F998RIHV,exclude,False,False
Zhu 等 - 2025 - Enhanced Landmark Detection in Oral and Maxillofacial CT and CBCT Scans A Multistage Global–Local I.pdf,2548.0,100.0,True,2548.0,Enhanced Landmark Detection in Oral and Maxillofacial CT and CBCT Scans: A Multistage Global–Local Integration Approach,6F9KM9CD,exclude,False,False
Zhu 等 - 2025 - Influence of 3D printing angles on the accuracy of indirect adhesion transfer models an in vitro st.pdf,198.0,100.0,True,198.0,Influence of 3D printing angles on the accuracy of indirect adhesion transfer models: an in vitro study.,LFMJ4JFT,exclude,True,True
Zhu 等 - 2025 - Recent advances in 3D models of the nervous system for neural regeneration research and drug develop.pdf,892.0,100.0,True,892.0,Recent advances in 3D models of the nervous system for neural regeneration research and drug development,TJ6WXLRY,exclude,False,False
Zhu 等 - 2025 - ViSTooth a visualization framework for tooth segmentation on panoramic radiograph.pdf,1783.0,100.0,True,1783.0,ViSTooth: a visualization framework for tooth segmentation on panoramic radiograph,EX7GXGSG,exclude,False,False
Zhuang 等 - 2025 - Learn2Talk 3D Talking Face Learns From 2D Talking Face..pdf,507.0,100.0,True,507.0,Learn2Talk: 3D Talking Face Learns From 2D Talking Face.,DTTVRJ3T,exclude,False,False
Zirk 等 - 2024 - Comparative analysis of volumetric changes between resection volume of oral tongue cancer and post o.pdf,2253.0,100.0,True,2253.0,Comparative analysis of volumetric changes between resection volume of oral tongue cancer and post operative volume of radial forearm flaps,PXTMHV7H,include,True,True
"Zotti 等 - 2023 - Traditional, 2D and 3D Workflows What Is Better for Aesthetic Rehabilitation of Superior Anterior T.pdf",1257.0,100.0,True,1257.0,"Traditional, 2D and 3D Workflows: What Is Better for Aesthetic Rehabilitation of Superior Anterior Teeth?",WJH5GAGS,include,False,False
Zou 等 - 2023 - Current Knowledge and Future Perspectives of Exosomes as Nanocarriers in Diagnosis and Treatment of.pdf,1899.0,100.0,True,1899.0,Current Knowledge and Future Perspectives of Exosomes as Nanocarriers in Diagnosis and Treatment of Diseases,MK2D6HAZ,exclude,False,False
Zou 等 - 2024 - Teeth-SEG An Efficient Instance Segmentation Framework for Orthodontic Treatment Based on Multi-Sca.pdf,2306.0,100.0,True,2306.0,Teeth-SEG: An Efficient Instance Segmentation Framework for Orthodontic Treatment Based on Multi-Scale Aggregation and Anthropic Prior Knowledge,IZYKSX6Q,exclude,False,False
Zou 等 - 2025 - A structure-based framework for selective inhibitor design and optimization.pdf,945.0,100.0,True,945.0,A structure-based framework for selective inhibitor design and optimization,7JHTAFTR,exclude,False,False
Çakmak 等 - 2022 - Effect of Scanner Type and Scan Body Location on the Accuracy of Mandibular Complete‐Arch Digital Im.pdf,415.0,100.0,True,415.0,Effect of Scanner Type and Scan Body Location on the Accuracy of Mandibular Complete-Arch Digital Implant Scans: An In Vitro Study.,749LIY2T,exclude,True,True
Çelik Özen 等 - 2026 - Segmentation of Cemento-Osseous Dysplasias Using an Artificial Intelligence Algorithm.pdf,701.0,100.0,True,701.0,Segmentation of Cemento-Osseous Dysplasias Using an Artificial Intelligence Algorithm,ILAFRFCN,include,True,True
Çıklaçandır 等 - 2024 - Investigation of Different Miniscrew Head Designs by Finite Element Analysis..pdf,587.0,100.0,True,587.0,Investigation of Different Miniscrew Head Designs by Finite Element Analysis.,W8LMAKKZ,include,True,True
Özden 等 - 2026 - Topology design and structural optimization of Co-Cr frameworks for implant-supported prostheses.pdf,1090.0,100.0,True,1090.0,Topology design and structural optimization of Co-Cr frameworks for implant-supported prostheses,ULYRP2VM,include,True,True
Şenol 等 - 2024 - Gender Estimation from Morphometric Measurements of Mandibular Lingula by Using Machine Learning Alg.pdf,1094.0,100.0,True,1094.0,Gender Estimation from Morphometric Measurements of Mandibular Lingula by Using Machine Learning Algorithms and Artificial Neural Networks,HFHUWPGM,exclude,False,False
Şentürk和Akaltan - 2024 - Biomechanical behavior of all-on-4 concept and alternative designs under different occlusal load con.pdf,1139.0,100.0,True,1139.0,Biomechanical behavior of all-on-4 concept and alternative designs under different occlusal load configurations for completely edentulous mandible: a 3-D finite element analysis,XN2B2AFD,include,True,True
Şenyürek 等 - 2023 - The Accuracy of Computer-Assisted Surgical Planning in Predicting Soft Tissue Responses After Le For.pdf,241.0,100.0,True,241.0,The Accuracy of Computer-Assisted Surgical Planning in Predicting Soft Tissue Responses After Le Fort I Osteotomy: Retrospective Analysis.,NR8ARZHM,exclude,True,True
Şen和Eroglu - 2024 - Effect of preparation design and scan pattern on the accuracy of intraoral scans for complete arch l.pdf,1949.0,100.0,True,1949.0,Effect of preparation design and scan pattern on the accuracy of intraoral scans for complete arch laminate veneers under simulated intraoral variables,X6ATHIVM,include,False,False
Şevik 等 - 2026 - Evaluation of Root Angulations Through Panoramic Films Using Artificial Intelligence.pdf,1586.0,100.0,True,1586.0,Evaluation of Root Angulations Through Panoramic Films Using Artificial Intelligence,AAF545N2,include,False,False
Şuayip Akın和Hasan Camcı - 2021 - Three-dimensional assessment of two different canine retraction techniques a randomized split-mouth.pdf,1822.0,100.0,True,1822.0,Three-dimensional assessment of two different canine retraction techniques: a randomized split-mouth clinical trial,2XCE6F7N,include,True,True
